# IncludedObjects
# Cgfs: 56, Materials: 2, Palettes: 15, Placements: 256

[CGFs]
      0: data/objects/buildingsets/human/utilitarian/ugf/int/common/floor/set_a/util_ugf_floor_set_a_floor_walkway_06x04_a.cgf
      1: data/objects/buildingsets/human/utilitarian/ugf/ext/struct/bg/atnn/ugf_ext_struct_bg_atnn_002_mid_a.cgf
      2: objects/buildingsets/human/utilitarian/ugf/ext/common/pipes/set_a/pipe/util_ugf_pipe_set_a_pipe_a_str_08m.cgf
      3: data/objects/buildingsets/human/utilitarian/ugf/ext/common/pipes/set_b/framework/util_ugf_pipe_set_b_framework_a_addon_a.cgf
      4: data/objects/buildingsets/human/utilitarian/ugf/int/common/floor/set_a/util_ugf_floor_set_a_floor_walkway_12x04_a.cgf
      5: data/objects/buildingsets/human/utilitarian/ugf/int/common/floor/set_a/util_ugf_floor_set_a_floor_08x02_a.cgf
      6: data/objects/buildingsets/human/utilitarian/ugf/ext/struct/bg/atnn/ugf_ext_struct_bg_atnn_001_base_a.cgf
      7: objects/buildingsets/human/utilitarian/ugf/ext/struct/bg/greeble/ugf_ext_struct_bg_greeble_a.cgf
      8: data/objects/buildingsets/human/utilitarian/common/decal/graphical/util_decal_rectangle_04x02m_a.cgf
      9: data/objects/buildingsets/human/utilitarian/ugf/int/common/floor/set_a/util_ugf_floor_set_a_floor_04x04_b.cgf
     10: data/objects/buildingsets/human/utilitarian/ugf/int/common/addon/tank/util_ugf_addon_tank_c.cgf
     11: data/objects/buildingsets/human/utilitarian/ugf/ext/struct/m/wing/ugf_surf_tower_silo_a.cgf
     12: data/objects/buildingsets/human/utilitarian/ugf/ext/struct/m/struc/addons/ugf_surf_struct_addon_tank_c.cgf
     13: data/objects/buildingsets/human/utilitarian/ugf/int/common/floor/set_a/util_ugf_floor_set_a_floor_01x04_b.cgf
     14: data/objects/buildingsets/human/utilitarian/ugf/int/common/floor/set_a/util_ugf_floor_set_a_floor_chevron_8x03_a001.cgf
     15: data/objects/buildingsets/human/utilitarian/ugf/ext/struct/bg/greeble/ugf_ext_struct_bg_greeble_a.cgf
     16: data/objects/buildingsets/human/utilitarian/ugf/ext/struct/bg/atnn/ugf_ext_struct_bg_atnn_addon_g.cgf
     17: data/objects/buildingsets/human/utilitarian/ugf/ext/common/trims/set_a/util_ugf_ext_trim_set_a_trim_02m_a.cgf
     18: data/objects/buildingsets/human/utilitarian/ugf/ext/struct/bg/atnn/ugf_ext_struct_bg_atnn_001_mid_a.cgf
     19: data/objects/buildingsets/human/utilitarian/ugf/int/lab/gravity/util_ugf_int_lab_gravity_engine_a.cgf
     20: data/objects/buildingsets/human/utilitarian/ugf/ext/common/pipes/set_a/pipe/util_ugf_pipe_set_a_pipe_a_cnr_a.cgf
     21: data/objects/buildingsets/human/utilitarian/ugf/ext/struct/bg/greeble/ugf_ext_struct_bg_greeble_j.cgf
     22: data/objects/buildingsets/human/utilitarian/ugf/int/common/floor/set_a/util_ugf_floor_set_a_floor_04x04_d.cgf
     23: data/objects/buildingsets/human/utilitarian/ugf/int/common/floor/set_a/util_ugf_floor_set_a_doorway_plate_4m_a.cgf
     24: data/objects/buildingsets/human/utilitarian/ugf/ext/struct/bg/greeble/ugf_ext_struct_bg_greeble_c.cgf
     25: data/objects/buildingsets/human/utilitarian/ugf/int/common/floor/set_a/util_ugf_floor_set_a_floor_04x04_a.cgf
     26: objects/buildingsets/human/utilitarian/ugf/ext/common/pipes/set_a/pipe/util_ugf_pipe_set_a_pipe_a_str_32m.cgf
     27: data/objects/buildingsets/human/utilitarian/ugf/ext/struct/bg/greeble/ugf_ext_struct_bg_greeble_f.cgf
     28: data/objects/buildingsets/human/utilitarian/ugf/int/common/floor/set_a/util_ugf_floor_set_a_floor_chevron_14x02_a.cgf
     29: data/objects/buildingsets/human/utilitarian/ugf/ext/struct/bg/greeble/ugf_ext_struct_bg_greeble_b.cgf
     30: data/objects/buildingsets/human/utilitarian/ugf/ext/struct/bg/atnn/ugf_ext_struct_bg_atnn_addon_d.cgf
     31: data/objects/buildingsets/human/brand/hathor/hathor_3d_logo_square_clean.cgf
     32: data/objects/buildingsets/human/utilitarian/ugf/int/common/floor/set_a/util_ugf_floor_set_a_floor_03x04_a.cgf
     33: data/objects/buildingsets/human/utilitarian/ugf/int/common/floor/set_a/util_ugf_floor_set_a_floor_walkway_14x10_addon01.cgf
     34: data/objects/buildingsets/human/utilitarian/ugf/int/common/floor/set_a/util_ugf_floor_set_a_floor_edge_08x01_a.cgf
     35: data/objects/buildingsets/human/utilitarian/ugf/ext/common/trims/set_a/util_ugf_ext_trim_set_a_trim_cnr_01m_a.cgf
     36: data/objects/buildingsets/human/utilitarian/ugf/int/common/floor/set_a/util_ugf_floor_set_a_floor_stair_04x02_a.cgf
     37: data/objects/buildingsets/human/utilitarian/ugf/ext/struct/bg/atnn/ugf_ext_struct_bg_atnn_addon_f.cgf
     38: data/objects/buildingsets/human/utilitarian/ugf/ext/common/pipes/set_a/pipe/util_ugf_pipe_set_a_pipe_a_str_64m.cgf
     39: data/objects/buildingsets/human/utilitarian/ugf/int/common/addon/greeble/addon_greeble_l.cgf
     40: data/objects/buildingsets/human/utilitarian/ugf/int/common/floor/set_a/util_ugf_floor_set_a_floor_04x03_a.cgf
     41: data/objects/buildingsets/human/utilitarian/ugf/int/common/floor/set_a/util_ugf_floor_set_a_floor_08x04_b.cgf
     42: data/objects/buildingsets/human/utilitarian/ugf/ext/common/pipes/set_a/pipe/util_ugf_pipe_set_a_pipe_a_str_04m.cgf
     43: objects/buildingsets/human/station/hightech/pss/int/skel/lrg/pss_int_lrgcorr_sign_chevron_01a.cgf
     44: data/objects/buildingsets/human/lowtech/bravo/int/theatresofwar/decal_hathor_logo.cgf
     45: data/objects/buildingsets/human/utilitarian/ugf/ext/struct/bg/atnn/ugf_ext_struct_bg_atnn_addon_e.cgf
     46: data/objects/buildingsets/human/station/hightech/pss/int/skel/lrg/pss_int_lrgcorr_sign_num_01a.cgf
     47: objects/buildingsets/human/utilitarian/ugf/ext/common/pipes/set_a/pipe/util_ugf_pipe_set_a_pipe_a_str_64m.cgf
     48: data/objects/buildingsets/human/utilitarian/ugf/int/common/floor/set_a/util_ugf_floor_set_a_floor_04x04_g.cgf
     49: data/objects/buildingsets/human/station/hightech/pss/int/skel/lrg/pss_int_lrgcorr_sign_chevron_01b.cgf
     50: data/objects/buildingsets/human/lowtech/prop/utilitarian/terminal/terminal_1_a.cgf
     51: data/objects/buildingsets/human/utilitarian/ugf/int/common/floor/set_a/util_ugf_floor_set_a_floor_45_06x03_a_mirror.cgf
     52: objects/buildingsets/human/utilitarian/common/decal/graphical/util_decal_rectangle_12x02m_a.cgf
     53: data/objects/buildingsets/human/brand/associatedscience/signs/asd_sign_decal_caution_floor_chevron_a.cgf
     54: data/objects/buildingsets/human/brand/associatedscience/asd_adv_keep_caution_a.cgf
     55: data/objects/buildingsets/human/brand/hathor/hathor_3d_logo_round_worn.cgf

[Materials]
      0: objects/buildingsets/human/utilitarian/ugf/util_ugf_surf_a
      1: materials/dev/solid_colour/solid_colour_grey_light

[Palettes]
      0: Libs/Foundry/Records/TintPalettes/brand/util/util_yellow_a
      1: Libs/Foundry/Records/TintPalettes/generic/gen_darkgrey_yellow_orange_a<312>
      2: Libs/Foundry/Records/TintPalettes/generic/gen_darkgrey_white_orange_a<222>
      3: Libs/Foundry/Records/TintPalettes/default
      4: Libs/Foundry/Records/TintPalettes/generic/gen_darkgrey_white_orange_a
      5: Libs/Foundry/Records/TintPalettes/Brand/DistributionCentres/dc_default|ext_maintenance
      6: Libs/Foundry/Records/TintPalettes/generic/gen_darkgrey_yellow_orange_a<222>
      7: Libs/Foundry/Records/TintPalettes/generic/gen_darkgrey_white_orange_a<111>
      8: Libs/Foundry/Records/TintPalettes/generic/gen_darkgrey_yellow_orange_a<213>
      9: Libs/Foundry/Records/TintPalettes/generic/gen_darkgrey_yellow_orange_a<111>
     10: Libs/Foundry/Records/TintPalettes/generic/gen_darkgrey_yellow_orange_a
     11: Libs/Foundry/Records/TintPalettes/generic/gen_darkgrey_yellow_orange_a<333>
     12: Libs/Foundry/Records/TintPalettes/generic/gen_darkgrey_lightgrey_grey<111>
     13: Libs/Foundry/Records/TintPalettes/generic/gen_darkgrey_grey_yellow<111>
     14: Libs/Foundry/Records/TintPalettes/generic/gen_brown_orange_ocher<333>

[Placements]
  #0 data/objects/buildingsets/human/utilitarian/ugf/int/common/floor/set_a/util_ugf_floor_set_a_floor_walkway_06x04_a.cgf
    [0.42182223013009046, 0.00000154095424490, 0.90667871436503777, 39.33255199999996421]
    [0.90667871436492775, -0.00000248639527289, -0.42182223012581344, -18.30966200000000299]
    [0.00000160435268483, 1.00000014245417912, -0.00000244596686417, -3.07151500000000022]
  #1 data/objects/buildingsets/human/utilitarian/ugf/ext/struct/bg/atnn/ugf_ext_struct_bg_atnn_002_mid_a.cgf
    [0.00000008992130742, -0.99724519847044868, -0.07417288541648619, 0.39631999999994605]
    [0.00000218754668562, -0.07417288541611265, 0.99724519846808113, 30.79768300000000636]
    [-0.99999980139927336, -0.00000025193029156, 0.00000217485113791, -10.07153699999999930]
  #2 objects/buildingsets/human/utilitarian/ugf/ext/common/pipes/set_a/pipe/util_ugf_pipe_set_a_pipe_a_str_08m.cgf
    [0.07417492536809579, 0.00000091762388885, -0.99724544719692887, -1.12811799999997220]
    [-0.99724544719698793, 0.00000092176403985, -0.07417492536725180, 42.64475700000002689]
    [0.00000085116013766, 1.00000020075373763, 0.00000098346782694, 3.14746900000000007]
  #3 data/objects/buildingsets/human/utilitarian/ugf/ext/common/pipes/set_b/framework/util_ugf_pipe_set_b_framework_a_addon_a.cgf
    [0.00000183652440895, 0.49118965105279605, -0.34457569578446712, -34.83192800000000489]
    [-0.00000106125458739, 0.34457569578820163, 0.49118965105246326, -24.59659899999999766]
    [0.59999973618793456, -0.00000089399913596, 0.00000192349908987, -0.10254300000000000]
  #4 data/objects/buildingsets/human/utilitarian/ugf/ext/struct/bg/atnn/ugf_ext_struct_bg_atnn_002_mid_a.cgf
    [0.00000173600384387, 0.42182075891109949, 0.90667800271228483, 30.24745299999995041]
    [-0.00000195886564991, 0.90667800271334587, -0.42182075890784260, -11.41610800000000836]
    [-0.99999887662278741, -0.00000104377910871, 0.00000240028938933, -10.07151600000000080]
  #5 data/objects/buildingsets/human/utilitarian/ugf/ext/common/pipes/set_b/framework/util_ugf_pipe_set_b_framework_a_addon_a.cgf
    [0.00000183652440895, 0.49118965105279605, -0.34457569578446712, -34.11405600000000504]
    [-0.00000106125458739, 0.34457569578820163, 0.49118965105246326, -25.61990900000000693]
    [0.59999973618793456, -0.00000089399913596, 0.00000192349908987, -0.10254099999999999]
  #6 data/objects/buildingsets/human/utilitarian/ugf/int/common/floor/set_a/util_ugf_floor_set_a_floor_walkway_06x04_a.cgf
    [0.57429583417052776, -0.00000062223417102, -0.81864720956938863, -32.37759399999998777]
    [-0.81864720956956272, -0.00000082685043854, -0.57429583417002117, -26.73284799999998995]
    [-0.00000031955247850, 0.99999947944020684, -0.00000098424754242, -3.07284600000000019]
  #7 data/objects/buildingsets/human/utilitarian/ugf/int/common/floor/set_a/util_ugf_floor_set_a_floor_walkway_06x04_a.cgf
    [0.07417881482028826, -0.00000017689481547, -0.99724498338979894, -9.03946600000000444]
    [-0.99724498338195189, 0.00000395783859469, -0.07417881482040650, 41.52965299999999615]
    [0.00000396005642556, 1.00000002672429877, 0.00000011718030576, -3.07284399999999991]
  #8 data/objects/buildingsets/human/utilitarian/ugf/ext/common/pipes/set_b/framework/util_ugf_pipe_set_b_framework_a_addon_a.cgf
    [-0.00000224131737986, 0.04450430363117608, 0.59834688019606608, 0.11843899999996665]
    [-0.00000096085654187, -0.59834688019973981, 0.04450430362785010, 42.73747300000002269]
    [0.59999968506753243, -0.00000079196249059, 0.00000230641373229, -0.10253100000000000]
  #9 data/objects/buildingsets/human/utilitarian/ugf/int/common/floor/set_a/util_ugf_floor_set_a_floor_walkway_06x04_a.cgf
    [-0.57429684601978315, -0.00000251733521550, 0.81864628991197186, -7.65758799999997564]
    [0.81864628991584032, -0.00000183437757283, 0.57429684601685649, -16.72323399999999083]
    [0.00000005600875860, 0.99999930766553125, 0.00000311428654559, -3.07153300000000007]
  #10 data/objects/buildingsets/human/utilitarian/ugf/int/common/floor/set_a/util_ugf_floor_set_a_floor_walkway_12x04_a.cgf
    [0.07417502886503077, -0.00000396208384177, -0.99724506178688954, -7.96226899999999205]
    [-0.99724506179474215, -0.00000010394517350, -0.07417502886520208, 27.08416299999998955]
    [0.00000019022890597, 0.99999982408271182, -0.00000395887937847, -3.07154000000000016]
  #11 data/objects/buildingsets/human/utilitarian/ugf/ext/common/pipes/set_b/framework/util_ugf_pipe_set_b_framework_a_addon_a.cgf
    [-0.00000224131737986, 0.04450430363117608, 0.59834688019606608, -1.12811799999997220]
    [-0.00000096085654187, -0.59834688019973981, 0.04450430362785010, 42.64475800000002437]
    [0.59999968506753243, -0.00000079196249059, 0.00000230641373229, -0.10253200000000000]
  #12 data/objects/buildingsets/human/utilitarian/ugf/int/common/floor/set_a/util_ugf_floor_set_a_floor_walkway_06x04_a.cgf
    [0.81864728999914427, 0.00000134638398004, 0.57429596705995201, -29.10563400000000911]
    [0.57429596705932640, 0.00000085119387321, -0.81864729000024816, -31.84474800000000982]
    [-0.00000159105140731, 0.99999962160170064, -0.00000007639536123, -3.07284600000000019]
  #13 data/objects/buildingsets/human/utilitarian/ugf/ext/common/pipes/set_b/framework/util_ugf_pipe_set_b_framework_a_addon_a.cgf
    [-0.00000154934265159, -0.54400691605478246, -0.25309460154518904, 41.33247300000004998]
    [-0.00000006566504357, 0.25309460154618496, -0.54400691605652129, -15.86574500000000398]
    [0.60000033503886385, -0.00000137705531391, -0.00000071308710008, -0.10250500000000000]
  #14 objects/buildingsets/human/utilitarian/ugf/ext/common/pipes/set_a/pipe/util_ugf_pipe_set_a_pipe_a_str_08m.cgf
    [-0.07417474255984753, -0.00000000000000006, 0.99724448970091217, 0.11843699999997170]
    [0.99724448970091217, -0.00000000666988374, 0.07417474255984770, 42.73747200000002522]
    [0.00000000665151007, 0.99999923233603161, 0.00000000049473754, 3.14746900000000007]
  #15 objects/buildingsets/human/utilitarian/ugf/ext/common/pipes/set_a/pipe/util_ugf_pipe_set_a_pipe_a_str_08m.cgf
    [0.90667977555849999, 0.00000000000000003, -0.42182035969192894, 40.80519400000002861]
    [-0.42182035969189352, -0.00000041012445016, -0.90667977555842394, -16.99909199999999032]
    [-0.00000017299878847, 1.00000031562858616, -0.00000037185142706, 3.14749500000000015]
  #16 data/objects/buildingsets/human/utilitarian/ugf/int/common/floor/set_a/util_ugf_floor_set_a_floor_walkway_06x04_a.cgf
    [-0.42182318362587823, 0.00000120823525454, -0.90667884300411028, 20.39949500000000171]
    [-0.90667884300438906, 0.00000051539705758, 0.42182318362669485, 2.59789299999999912]
    [0.00000097696060322, 1.00000066129742038, 0.00000087807433460, -3.07152199999999986]
  #17 objects/buildingsets/human/utilitarian/ugf/ext/common/pipes/set_a/pipe/util_ugf_pipe_set_a_pipe_a_str_08m.cgf
    [-0.81864902660030581, 0.00000043150879701, -0.57429508337019097, -34.11405799999999999]
    [-0.57429508337030555, -0.00000102190396817, 0.81864902659970162, -25.61990900000000693]
    [-0.00000023362004291, 1.00000053576773595, 0.00000108439348890, 3.14745799999999987]
  #18 objects/buildingsets/human/utilitarian/ugf/ext/common/pipes/set_a/pipe/util_ugf_pipe_set_a_pipe_a_str_08m.cgf
    [0.90667977555849999, 0.00000000000000003, -0.42182035969192894, 41.33247200000005250]
    [-0.42182035969189352, -0.00000041012445016, -0.90667977555842394, -15.86574400000000651]
    [-0.00000017299878847, 1.00000031562858616, -0.00000037185142706, 3.14749500000000015]
  #19 data/objects/buildingsets/human/utilitarian/ugf/ext/struct/bg/atnn/ugf_ext_struct_bg_atnn_002_mid_a.cgf
    [-0.00000178738987927, 0.57429604861868022, -0.81864688584854672, -24.71804100000002791]
    [-0.00000250827055208, -0.81864688584985390, -0.57429604861412076, -18.24481599999998593]
    [-0.99999933758091142, 0.00000102689761156, 0.00000290373294880, -10.07154399999999939]
  #20 data/objects/buildingsets/human/utilitarian/ugf/int/common/floor/set_a/util_ugf_floor_set_a_floor_walkway_06x04_a.cgf
    [-0.90668157653663484, 0.00000137858496643, 0.42181939809705105, 44.21913300000005620]
    [0.42181939809723146, -0.00000017138919737, 0.90668157653758263, -8.41590400000001182]
    [0.00000132223083866, 1.00000154291975307, -0.00000042611779571, -3.07281000000000004]
  #21 data/objects/buildingsets/human/utilitarian/ugf/int/common/floor/set_a/util_ugf_floor_set_a_floor_08x02_a.cgf
    [-0.00000011603485510, -0.63467504486816462, 0.29527565145060936, 22.23913100000004306]
    [-0.00000010520631075, 0.29527565145062584, 0.63467504486815873, -9.59161900000000855]
    [-0.70000008779854972, 0.00000006082794216, -0.00000014433439256, 4.83117899999999967]
  #22 data/objects/buildingsets/human/utilitarian/ugf/int/common/floor/set_a/util_ugf_floor_set_a_floor_walkway_06x04_a.cgf
    [0.07417881482028826, -0.00000017689481547, -0.99724498338979894, -8.22916700000001811]
    [-0.99724498338195189, 0.00000395783859469, -0.07417881482040650, 30.63522899999998117]
    [0.00000396005642556, 1.00000002672429877, 0.00000011718030576, -3.07283499999999998]
  #23 data/objects/buildingsets/human/utilitarian/ugf/int/common/floor/set_a/util_ugf_floor_set_a_floor_08x02_a.cgf
    [-0.00000061006015638, 0.05192069420900546, -0.69807134516839675, 2.76405799999997726]
    [-0.00000005976434867, -0.69807134516866309, -0.05192069420897306, 22.86892699999998513]
    [-0.69999954388010599, 0.00000001435005569, 0.00000061281257151, 4.83117899999999967]
  #24 data/objects/buildingsets/human/utilitarian/ugf/int/common/floor/set_a/util_ugf_floor_set_a_floor_walkway_06x04_a.cgf
    [-0.90668157653663484, 0.00000137858496643, 0.42181939809705105, 34.31410400000004302]
    [0.42181939809723146, -0.00000017138919737, 0.90668157653758263, -3.80771200000000931]
    [0.00000132223083866, 1.00000154291975307, -0.00000042611779571, -3.07280800000000021]
  #25 data/objects/buildingsets/human/utilitarian/ugf/int/common/floor/set_a/util_ugf_floor_set_a_floor_walkway_12x04_a.cgf
    [-0.90668018442994536, -0.00000000000000003, 0.42182012902686811, 31.08417799999995168]
    [0.42182012902683258, 0.00000041012463503, 0.90668018442986908, -2.30808300000001054]
    [-0.00000017299872455, 1.00000058904482403, -0.00000037185166056, -3.07151700000000005]
  #26 data/objects/buildingsets/human/utilitarian/ugf/ext/struct/bg/atnn/ugf_ext_struct_bg_atnn_001_base_a.cgf
    [0.99611778546742469, -0.08803043527965086, 0.00000000000000000, 2.96976700000004712]
    [0.08803043527965086, 0.99611778546742469, 0.00000000000000000, 1.15418099999999413]
    [0.00000000000000000, 0.00000000000000000, 1.00000000003002554, 3.07132700000000014]
  #27 data/objects/buildingsets/human/utilitarian/ugf/ext/common/pipes/set_b/framework/util_ugf_pipe_set_b_framework_a_addon_a.cgf
    [-0.00000154934265159, -0.54400691605478246, -0.25309460154518904, 40.80519700000002103]
    [-0.00000006566504357, 0.25309460154618496, -0.54400691605652129, -16.99909299999998780]
    [0.60000033503886385, -0.00000137705531391, -0.00000071308710008, -0.10250500000000000]
  #28 data/objects/buildingsets/human/utilitarian/ugf/int/common/floor/set_a/util_ugf_floor_set_a_floor_08x02_a.cgf
    [-0.00000061006015638, 0.05192069420900546, -0.69807134516839675, -0.35910599999999704]
    [-0.00000005976434867, -0.69807134516866309, -0.05192069420897306, 22.63663700000000745]
    [-0.69999954388010599, 0.00000001435005569, 0.00000061281257151, 4.83117700000000028]
  #29 data/objects/buildingsets/human/utilitarian/ugf/int/common/floor/set_a/util_ugf_floor_set_a_floor_walkway_06x04_a.cgf
    [0.99724525428360367, 0.00000005005071755, 0.07416958275960153, -7.03150299999998651]
    [0.07416958275961807, -0.00000076831951131, -0.99724525428330768, 15.36389000000002625]
    [0.00000000707309976, 0.99999961209858101, -0.00000076991552592, -3.07153799999999988]
  #30 data/objects/buildingsets/human/utilitarian/ugf/int/common/floor/set_a/util_ugf_floor_set_a_floor_08x02_a.cgf
    [-0.00000011603485510, -0.63467504486816462, 0.29527565145060936, 23.56019000000003416]
    [-0.00000010520631075, 0.29527565145062584, 0.63467504486815873, -6.75209200000000465]
    [-0.70000008779854972, 0.00000006082794216, -0.00000014433439256, 4.83117700000000028]
  #31 data/objects/buildingsets/human/utilitarian/ugf/int/common/floor/set_a/util_ugf_floor_set_a_floor_walkway_12x04_a.cgf
    [0.81864728999914427, 0.00000134638398004, 0.57429596705995201, -17.24862999999999147]
    [0.57429596705932640, 0.00000085119387321, -0.81864729000024816, -23.52345299999998929]
    [-0.00000159105140731, 0.99999962160170064, -0.00000007639536123, -3.07153900000000002]
  #32 data/objects/buildingsets/human/utilitarian/ugf/int/common/floor/set_a/util_ugf_floor_set_a_floor_walkway_06x04_a.cgf
    [0.42182223013009046, 0.00000154095424490, 0.90667871436503777, 41.42807800000002771]
    [0.90667871436492775, -0.00000248639527289, -0.42182223012581344, -13.80545499999999493]
    [0.00000160435268483, 1.00000014245417912, -0.00000244596686417, -3.07280899999999990]
  #33 data/objects/buildingsets/human/utilitarian/ugf/int/common/floor/set_a/util_ugf_floor_set_a_floor_walkway_06x04_a.cgf
    [-0.99724246943806560, 0.00000005005274026, -0.07417235911343947, 1.98094800000001214]
    [-0.07417235911340735, -0.00000182270296713, 0.99724246943640360, 42.09144800000001396]
    [-0.00000008527971310, 0.99999704084765284, 0.00000182139472782, -3.07153900000000002]
  #34 data/objects/buildingsets/human/utilitarian/ugf/int/common/floor/set_a/util_ugf_floor_set_a_floor_walkway_06x04_a.cgf
    [0.81864728999914427, 0.00000134638398004, 0.57429596705995201, -20.16230899999999338]
    [0.57429596705932640, 0.00000085119387321, -0.81864729000024816, -25.57083600000001411]
    [-0.00000159105140731, 0.99999962160170064, -0.00000007639536123, -3.07283499999999998]
  #35 objects/buildingsets/human/utilitarian/ugf/ext/struct/bg/greeble/ugf_ext_struct_bg_greeble_a.cgf
    [1.00000000000000000, 0.00000000000000000, 0.00000000000000000, 112.00000000000000000]
    [0.00000000000000000, 1.00000000000000000, 0.00000000000000000, -1552.00000000000000000]
    [0.00000000000000000, 0.00000000000000000, 1.00000000000000000, 0.00000000000000000]
  #36 data/objects/buildingsets/human/utilitarian/ugf/int/common/floor/set_a/util_ugf_floor_set_a_floor_walkway_06x04_a.cgf
    [-0.99724246943806560, 0.00000005005274026, -0.07417235911343947, -2.97317500000002610]
    [-0.07417235911340735, -0.00000182270296713, 0.99724246943640360, 41.72297300000002451]
    [-0.00000008527971310, 0.99999704084765284, 0.00000182139472782, -3.07283699999999982]
  #37 data/objects/buildingsets/human/utilitarian/common/decal/graphical/util_decal_rectangle_04x02m_a.cgf
    [0.81091799991530988, 0.81091877585612793, -0.80300863029481517, -32.57323000000002367]
    [0.56781305060613485, 0.56781264505962936, 1.14681178212570911, -21.32939099999998689]
    [0.98994972646357693, -0.98994932346306963, -0.00000054961018548, -0.03496800000000000]
  #38 objects/buildingsets/human/utilitarian/ugf/ext/common/pipes/set_a/pipe/util_ugf_pipe_set_a_pipe_a_str_08m.cgf
    [-0.81864902660030581, 0.00000043150879701, -0.57429508337019097, -34.83192900000000236]
    [-0.57429508337030555, -0.00000102190396817, 0.81864902659970162, -24.59659800000000018]
    [-0.00000023362004291, 1.00000053576773595, 0.00000108439348890, 3.14745799999999987]
  #39 data/objects/buildingsets/human/utilitarian/ugf/ext/struct/bg/atnn/ugf_ext_struct_bg_atnn_002_mid_a.cgf
    [0.81864866173704709, -0.57429468617416135, 0.00000000000000000, -4.96817900000002055]
    [0.57429468617416135, 0.81864866173704709, 0.00000000000000000, -4.38991100000001211]
    [0.00000000000000000, 0.00000000000000000, 1.00000000896586827, 0.42846600000000001]
  #40 data/objects/buildingsets/human/utilitarian/common/decal/graphical/util_decal_rectangle_04x02m_a.cgf
    [-0.81091815734685391, 0.81091873049830743, 0.80300858537943987, -27.16156000000000859]
    [-0.56781290138499996, 0.56781273076072125, -1.14681186137382340, -22.42319499999999266]
    [-0.98994973846495060, -0.98994936683345525, 0.00000033128934838, 3.80076999999999998]
  #41 data/objects/buildingsets/human/utilitarian/ugf/int/common/floor/set_a/util_ugf_floor_set_a_floor_walkway_06x04_a.cgf
    [0.57429583417052776, -0.00000062223417102, -0.81864720956938863, -35.23058900000000904]
    [-0.81864720956956272, -0.00000082685043854, -0.57429583417002117, -22.66596599999999739]
    [-0.00000031955247850, 0.99999947944020684, -0.00000098424754242, -3.07154799999999994]
  #42 data/objects/buildingsets/human/utilitarian/ugf/int/common/floor/set_a/util_ugf_floor_set_a_floor_04x04_b.cgf
    [-0.07417045319501858, -0.99724519749134943, -0.00000136075629471, -3.52035899999998492]
    [0.99724519749134943, -0.07417045319301863, -0.00000146572068416, 21.62882200000001376]
    [0.00000136075551913, -0.00000146572140420, 0.99999962002221121, 0.42846299999999998]
  #43 data/objects/buildingsets/human/utilitarian/ugf/int/common/addon/tank/util_ugf_addon_tank_c.cgf
    [0.99611778546742469, -0.08803043527965086, 0.00000000000000000, 2.98135300000001280]
    [0.08803043527965086, 0.99611778546742469, 0.00000000000000000, 1.18444699999997738]
    [0.00000000000000000, 0.00000000000000000, 1.00000000003002554, 11.79179899999999925]
  #44 data/objects/buildingsets/human/utilitarian/ugf/ext/struct/m/wing/ugf_surf_tower_silo_a.cgf
    [0.69728243795254796, -0.06162130364635104, 0.00000000000000000, 3.05372399999998834]
    [0.06162130364635104, 0.69728243795254796, 0.00000000000000000, 1.19084700000001931]
    [0.00000000000000000, 0.00000000000000000, 0.69999998810008890, 37.42846999999999724]
  #45 data/objects/buildingsets/human/utilitarian/ugf/ext/struct/m/struc/addons/ugf_surf_struct_addon_tank_c.cgf
    [-0.71708500509500117, -1.54134992979183205, -0.00000103863348780, 2.98133900000004815]
    [-1.54134992978503216, 0.71708500509500073, -0.00000469478215458, 1.18445000000002665]
    [0.00000469478315521, -0.00000103862896480, -1.69999132661885732, 34.03328900000000345]
  #46 data/objects/buildingsets/human/utilitarian/ugf/int/common/floor/set_a/util_ugf_floor_set_a_floor_01x04_b.cgf
    [-0.42181320174567821, 0.90667864618795679, 0.00000107534507667, 36.13091999999994641]
    [-0.90667864618795679, -0.42181320174367831, -0.00000168629704884, -15.71290700000000129]
    [-0.00000107533878408, -0.00000168630106159, 0.99999627230171417, 0.42187799999999998]
  #47 data/objects/buildingsets/human/utilitarian/ugf/int/common/floor/set_a/util_ugf_floor_set_a_floor_04x04_b.cgf
    [0.90667931948941527, 0.42181808774031371, -0.00000043201758224, 24.15498800000000301]
    [-0.42181808774031371, 0.90667931948741531, -0.00000195278009317, -3.52368699999999535]
    [-0.00000043201701352, 0.00000195278021899, 0.99999894376487763, 0.42848100000000000]
  #48 data/objects/buildingsets/human/utilitarian/ugf/ext/common/pipes/set_b/framework/util_ugf_pipe_set_b_framework_a_addon_a.cgf
    [-0.15601626155490364, -0.22281165687135285, -0.12654586004516713, 11.25786700000003293]
    [0.07258391645675685, 0.10366016480091859, -0.27200387553698857, -2.70761100000001420]
    [0.24574471348154581, -0.17207410844628990, -0.00000042898829707, 21.08342499999999831]
  #49 data/objects/buildingsets/human/utilitarian/ugf/int/common/floor/set_a/util_ugf_floor_set_a_floor_chevron_8x03_a001.cgf
    [0.81864866173704709, -0.57429468617416135, 0.00000000000000000, -20.81166999999999234]
    [0.57429468617416135, 0.81864866173704709, 0.00000000000000000, -22.32780999999999949]
    [0.00000000000000000, 0.00000000000000000, 1.00000000896586827, 0.42846200000000001]
  #50 data/objects/buildingsets/human/utilitarian/ugf/ext/struct/bg/greeble/ugf_ext_struct_bg_greeble_a.cgf
    [0.99649916423455231, -0.08360270203046831, -0.00000199824797797, -0.34196400000001859]
    [0.08360270203046831, 0.99649916423655227, -0.00000008367586336, 29.05980199999999058]
    [0.00000199824797214, -0.00000008367600255, 0.99999999805347484, 0.42846299999999998]
  #51 data/objects/buildingsets/human/utilitarian/ugf/ext/common/pipes/set_b/framework/util_ugf_pipe_set_b_framework_a_addon_a.cgf
    [-0.15601626155490364, -0.22281165687135285, -0.12654586004516713, 15.41827599999999165]
    [0.07258391645675685, 0.10366016480091859, -0.27200387553698857, -4.64316999999999780]
    [0.24574471348154581, -0.17207410844628990, -0.00000042898829707, 14.53021200000000057]
  #52 data/objects/buildingsets/human/utilitarian/ugf/ext/struct/bg/greeble/ugf_ext_struct_bg_greeble_a.cgf
    [0.41322413326671692, -0.91062919589454749, 0.00000000000000000, 22.72673399999996491]
    [0.91062919589454749, 0.41322413326671692, 0.00000000000000000, -9.09492199999999684]
    [0.00000000000000000, 0.00000000000000000, 0.99999985836477978, 0.43406400000000001]
  #53 data/objects/buildingsets/human/utilitarian/ugf/int/common/floor/set_a/util_ugf_floor_set_a_floor_walkway_06x04_a.cgf
    [-0.99724506867097784, 0.07417087498788749, 0.00000000000000000, 0.63503400000001875]
    [-0.07417087498788749, -0.99724506867097784, 0.00000000000000000, 19.96461499999998068]
    [0.00000000000000000, 0.00000000000000000, 0.99999952284241200, 0.42846499999999998]
  #54 objects/buildingsets/human/utilitarian/ugf/ext/common/pipes/set_a/pipe/util_ugf_pipe_set_a_pipe_a_str_08m.cgf
    [0.00000479282794383, 0.07416954698238611, -0.99724419218676352, -0.42348199999997860]
    [0.00000011331229800, -0.99724419219825133, -0.07416954698269591, 33.17092600000000857]
    [-0.99999855027384421, 0.00000024248219779, -0.00000478803109403, 4.64747199999999960]
  #55 data/objects/buildingsets/human/utilitarian/ugf/ext/struct/bg/atnn/ugf_ext_struct_bg_atnn_addon_g.cgf
    [0.51958479644630196, 0.00000073712853293, -0.04591869993004503, 2.96976199999994606]
    [0.04591869992978585, 0.00000021394424556, 0.51958479644680367, 1.15418399999998655]
    [0.00000075310077590, -0.52160989992653006, 0.00000014822225072, 12.57132400000000061]
  #56 data/objects/buildingsets/human/utilitarian/ugf/ext/common/trims/set_a/util_ugf_ext_trim_set_a_trim_02m_a.cgf
    [0.07417151246526463, 0.99724517132676604, 0.00000000000000000, 2.56861500000002252]
    [-0.99724517132676604, 0.07417151246526463, -0.00000000000000000, 21.57944400000002361]
    [-0.00000000000000000, 0.00000000000000000, 0.99999967249791444, 0.83819800000000000]
  #57 data/objects/buildingsets/human/utilitarian/ugf/int/common/floor/set_a/util_ugf_floor_set_a_floor_04x04_b.cgf
    [-0.07417045319501858, -0.99724519749134943, -0.00000136075629471, -3.81704700000000230]
    [0.99724519749134943, -0.07417045319301863, -0.00000146572068416, 25.61780299999998078]
    [0.00000136075551913, -0.00000146572140420, 0.99999962002221121, 0.42846200000000001]
  #58 data/objects/buildingsets/human/utilitarian/ugf/ext/common/pipes/set_b/framework/util_ugf_pipe_set_b_framework_a_addon_a.cgf
    [0.54400815264971236, 0.00000045570427653, -0.25309135206434041, 39.44517599999994673]
    [-0.25309135206175010, -0.00000194214716363, -0.54400815264764146, -16.36636100000001193]
    [-0.00000123241231298, 0.60000008552944106, -0.00000156868157499, 4.64749700000000043]
  #59 data/objects/buildingsets/human/utilitarian/ugf/int/common/addon/tank/util_ugf_addon_tank_c.cgf
    [1.39456594462353722, -0.12324270173911292, 0.00000000000000000, 2.98134100000004310]
    [0.12324270173911292, 1.39456594462353722, 0.00000000000000000, 1.18445100000002412]
    [0.00000000000000000, 0.00000000000000000, 1.40000104908378353, 37.52261899999999883]
  #60 data/objects/buildingsets/human/utilitarian/ugf/ext/common/pipes/set_b/framework/util_ugf_pipe_set_b_framework_a_addon_a.cgf
    [0.01514787414329406, 0.02163408143940940, 0.29883523944980922, 2.19519800000000487]
    [-0.17140441867557543, -0.24479180050734525, 0.02641006570747224, 10.04867200000001048]
    [0.24574592382222712, -0.17207246389953842, 0.00000033922436999, 21.47010799999999975]
  #61 data/objects/buildingsets/human/utilitarian/ugf/ext/struct/bg/atnn/ugf_ext_struct_bg_atnn_001_mid_a.cgf
    [0.99611778546742469, -0.08803043527965086, 0.00000000000000000, 2.96976700000004712]
    [0.08803043527965086, 0.99611778546742469, 0.00000000000000000, 1.15418099999999413]
    [0.00000000000000000, 0.00000000000000000, 1.00000000003002554, 3.07132700000000014]
  #62 data/objects/buildingsets/human/utilitarian/ugf/int/lab/gravity/util_ugf_int_lab_gravity_engine_a.cgf
    [0.20637789094261852, 0.77292090672743141, 0.00000126893696281, 2.98135200000001532]
    [0.77292090672743141, -0.20637789094421877, 0.00000097457389520, 1.18444899999997233]
    [0.00000126893776674, 0.00000097457284845, -0.79999910120282536, 14.56973600000000069]
  #63 data/objects/buildingsets/human/utilitarian/ugf/ext/common/pipes/set_a/pipe/util_ugf_pipe_set_a_pipe_a_cnr_a.cgf
    [-0.81864902660030581, 0.00000043150879701, -0.57429508337019097, -33.60395899999997482]
    [-0.57429508337030555, -0.00000102190396817, 0.81864902659970162, -23.73515399999999431]
    [-0.00000023362004291, 1.00000053576773595, 0.00000108439348890, 4.64746199999999998]
  #64 data/objects/buildingsets/human/utilitarian/ugf/ext/struct/bg/greeble/ugf_ext_struct_bg_greeble_j.cgf
    [0.64575824633176604, 0.05706923758828722, 0.00000129529122918, 2.96976299999994353]
    [0.05706923758828722, -0.64575824633306278, 0.00000005712470664, 1.15418299999998908]
    [0.00000129529122868, 0.00000005712471803, -0.64827510409114364, 12.07132400000000061]
  #65 objects/buildingsets/human/utilitarian/ugf/ext/common/pipes/set_a/pipe/util_ugf_pipe_set_a_pipe_a_str_08m.cgf
    [0.00000225070553900, -0.90667865096645428, -0.42182236639662907, 32.71901900000000296]
    [0.00000139065754322, 0.42182236640012738, -0.90667865096655376, -11.85843900000000417]
    [1.00000014245442359, 0.00000145405599897, 0.00000221027712678, 4.64749500000000015]
  #66 data/objects/buildingsets/human/utilitarian/ugf/int/common/floor/set_a/util_ugf_floor_set_a_floor_04x04_d.cgf
    [-0.99724506867097784, 0.07417087498788749, 0.00000000000000000, -4.70711399999999003]
    [-0.07417087498788749, -0.99724506867097784, 0.00000000000000000, 37.58474999999998545]
    [0.00000000000000000, 0.00000000000000000, 0.99999952284241200, 0.42846099999999998]
  #67 data/objects/buildingsets/human/utilitarian/ugf/ext/common/pipes/set_b/framework/util_ugf_pipe_set_b_framework_a_addon_a.cgf
    [-0.49118954945334270, 0.00000106673599991, -0.34457633583778630, -26.98459100000002309]
    [-0.34457633583900216, -0.00000056688001174, 0.49118954945332122, -20.61844899999999825]
    [0.00000054772687757, 0.60000002059270918, 0.00000107669582955, 4.64747000000000021]
  #68 data/objects/buildingsets/human/utilitarian/ugf/ext/common/pipes/set_b/framework/util_ugf_pipe_set_b_framework_a_addon_a.cgf
    [0.54400815264971236, 0.00000045570427653, -0.25309135206434041, 33.49325499999997646]
    [-0.25309135206175010, -0.00000194214716363, -0.54400815264764146, -12.21864099999999098]
    [-0.00000123241231298, 0.60000008552944106, -0.00000156868157499, 4.64749500000000015]
  #69 data/objects/buildingsets/human/utilitarian/ugf/int/common/floor/set_a/util_ugf_floor_set_a_floor_chevron_8x03_a001.cgf
    [0.90667931948941527, 0.42181808774031371, -0.00000043201758224, 22.88952300000005380]
    [-0.42181808774031371, 0.90667931948741531, -0.00000195278009317, -6.24372299999998859]
    [-0.00000043201701352, 0.00000195278021899, 0.99999894376487763, 0.42848000000000003]
  #70 data/objects/buildingsets/human/utilitarian/ugf/int/common/floor/set_a/util_ugf_floor_set_a_doorway_plate_4m_a.cgf
    [-0.98237436806203637, 0.68915776534141093, 0.00000000000000000, -31.12879900000001498]
    [-0.68915776534141093, -0.98237436806203637, 0.00000000000000000, -28.94033400000000711]
    [0.00000000000000000, 0.00000000000000000, 1.19999909356451284, 0.44538400000000000]
  #71 data/objects/buildingsets/human/utilitarian/ugf/int/lab/gravity/util_ugf_int_lab_gravity_engine_a.cgf
    [-1.20314031082298944, -1.20102094097055678, -0.00000628352782995, 2.98133700000005319]
    [1.20102094097055678, -1.20314031083658968, 0.00000259947736361, 1.18445100000002412]
    [-0.00000628352720092, -0.00000259947888411, 1.69999938475585477, 38.74162100000000208]
  #72 data/objects/buildingsets/human/utilitarian/ugf/int/common/floor/set_a/util_ugf_floor_set_a_floor_01x04_b.cgf
    [-0.57429741001649970, -0.81864661785627568, 0.00000000000000000, -31.41901500000000169]
    [0.81864661785627568, -0.57429741001649970, 0.00000000000000000, -21.19335799999998926]
    [0.00000000000000000, 0.00000000000000000, 0.99999990003958428, 0.42846099999999998]
  #73 data/objects/buildingsets/human/utilitarian/ugf/int/common/floor/set_a/util_ugf_floor_set_a_floor_04x04_b.cgf
    [0.99731018296682139, -0.07329663491542482, 0.00000000000000000, -2.21399999999999864]
    [0.07329663491542482, 0.99731018296682139, 0.00000000000000000, 37.77017999999998210]
    [0.00000000000000000, 0.00000000000000000, 0.99999999886961988, 0.45061600000000002]
  #74 data/objects/buildingsets/human/utilitarian/ugf/ext/struct/bg/greeble/ugf_ext_struct_bg_greeble_c.cgf
    [1.00169230154828903, 0.00000051838214071, -0.45454604452235897, 26.65818200000001070]
    [-0.45454604451631836, -0.00000466571396739, -1.00169230154029831, -7.72177899999999795]
    [-0.00000240003790322, 1.09999980615919291, -0.00000403452908435, 6.42848199999999981]
  #75 data/objects/buildingsets/human/utilitarian/ugf/int/common/floor/set_a/util_ugf_floor_set_a_floor_04x04_d.cgf
    [-0.99724506867097784, 0.07417087498788749, 0.00000000000000000, -5.00380100000000994]
    [-0.07417087498788749, -0.99724506867097784, 0.00000000000000000, 41.57373100000000932]
    [0.00000000000000000, 0.00000000000000000, 0.99999952284241200, 0.42846000000000001]
  #76 data/objects/buildingsets/human/utilitarian/ugf/ext/struct/bg/greeble/ugf_ext_struct_bg_greeble_a.cgf
    [-0.99649698432770406, 0.08360465394917616, -0.00000199824694812, 0.17010500000003503]
    [-0.08360465394917616, -0.99649698432970402, -0.00000008367795642, 22.95624400000002652]
    [-0.00000199824694288, 0.00000008367808166, 0.99999798896605951, 0.42846499999999998]
  #77 data/objects/buildingsets/human/utilitarian/ugf/int/common/floor/set_a/util_ugf_floor_set_a_floor_04x04_d.cgf
    [-0.57429380064045710, -0.81864920688574494, 0.00000000000000000, -27.36085800000000745]
    [0.81864920688574494, -0.57429380064045710, 0.00000000000000000, -26.92217099999999164]
    [0.00000000000000000, 0.00000000000000000, 0.99999994669435854, 0.42846200000000001]
  #78 data/objects/buildingsets/human/utilitarian/ugf/ext/common/pipes/set_b/framework/util_ugf_pipe_set_b_framework_a_addon_a.cgf
    [-0.00000090610734184, 0.68916129339956844, 0.98237271106887525, 3.11940400000003137]
    [-0.00000226181307395, -0.98237271106839108, 0.68916129339714260, 1.15103499999997894]
    [1.19999976323658597, -0.00000133124137414, 0.00000204074136045, 92.40478400000000647]
  #79 data/objects/buildingsets/human/utilitarian/ugf/int/common/floor/set_a/util_ugf_floor_set_a_floor_chevron_8x03_a001.cgf
    [-0.07417045319501858, -0.99724519749134943, -0.00000136075629471, -0.52862299999998186]
    [0.99724519749134943, -0.07417045319301863, -0.00000146572068416, 21.85133700000000090]
    [0.00000136075551913, -0.00000146572140420, 0.99999962002221121, 0.42846400000000001]
  #80 data/objects/buildingsets/human/utilitarian/ugf/int/common/floor/set_a/util_ugf_floor_set_a_floor_walkway_06x04_a.cgf
    [0.42182195228363800, -0.90667845057460617, 0.00000061097008410, 20.67485399999998208]
    [0.90667845057060625, 0.42182195228363800, 0.00000276164918028, -6.33892099999999914]
    [-0.00000276164898423, -0.00000061097097025, 0.99999978607853801, 0.42847900000000000]
  #81 data/objects/buildingsets/human/utilitarian/ugf/ext/common/pipes/set_b/framework/util_ugf_pipe_set_b_framework_a_addon_a.cgf
    [0.54400815264971236, 0.00000045570427653, -0.25309135206434041, 39.97245299999997314]
    [-0.25309135206175010, -0.00000194214716363, -0.54400815264764146, -15.23301000000000727]
    [-0.00000123241231298, 0.60000008552944106, -0.00000156868157499, 4.64749700000000043]
  #82 objects/buildingsets/human/utilitarian/ugf/ext/common/pipes/set_a/pipe/util_ugf_pipe_set_a_pipe_a_str_08m.cgf
    [-0.00000363073414547, 0.07416954698274915, 0.99724419219164473, 0.82307300000002215]
    [-0.00000019950421884, -0.99724419219825178, 0.07416954698251417, 33.26364200000000437]
    [0.99999855027872542, 0.00000007033558518, 0.00000363553094767, 4.64747299999999974]
  #83 data/objects/buildingsets/human/utilitarian/ugf/int/common/floor/set_a/util_ugf_floor_set_a_floor_08x02_a.cgf
    [0.57429389105306183, 0.81864919096661171, 0.00000000000000000, -16.31530600000002096]
    [-0.81864919096661171, 0.57429389105306183, -0.00000000000000000, -13.06591399999999226]
    [-0.00000000000000000, 0.00000000000000000, 0.99999998558557701, 0.42846200000000001]
  #84 data/objects/buildingsets/human/utilitarian/ugf/int/common/floor/set_a/util_ugf_floor_set_a_floor_04x04_a.cgf
    [-0.81864877692124383, 0.57429466293053333, 0.00000000000000000, -26.38344599999999218]
    [-0.57429466293053333, -0.81864877692124383, 0.00000000000000000, -21.35039699999998675]
    [0.00000000000000000, 0.00000000000000000, 1.00000008991256784, 0.42846200000000001]
  #85 objects/buildingsets/human/utilitarian/ugf/ext/common/pipes/set_a/pipe/util_ugf_pipe_set_a_pipe_a_str_32m.cgf
    [0.32473807903284702, -0.24917912145818122, -0.28714958640778621, -10.27675499999998010]
    [0.22780956164860025, -0.17480757592933846, 0.40932267777141107, -8.11177799999998683]
    [-0.30438121355679348, -0.39667621096533484, -0.00000257995293276, 11.82309700000000063]
  #86 data/objects/buildingsets/human/utilitarian/ugf/ext/common/pipes/set_b/framework/util_ugf_pipe_set_b_framework_a_addon_a.cgf
    [-0.15601626155490364, -0.22281165687135285, -0.12654586004516713, 20.86923699999999826]
    [0.07258391645675685, 0.10366016480091859, -0.27200387553698857, -7.17913799999999469]
    [0.24574471348154581, -0.17207410844628990, -0.00000042898829707, 5.94420199999999976]
  #87 data/objects/buildingsets/human/utilitarian/ugf/ext/common/pipes/set_b/framework/util_ugf_pipe_set_b_framework_a_addon_a.cgf
    [0.01514787414329406, 0.02163408143940940, 0.29883523944980922, 1.38729000000000724]
    [-0.17140441867557543, -0.24479180050734525, 0.02641006570747224, 19.19024300000000949]
    [0.24574592382222712, -0.17207246389953842, 0.00000033922436999, 8.36365999999999943]
  #88 data/objects/buildingsets/human/utilitarian/ugf/ext/struct/bg/greeble/ugf_ext_struct_bg_greeble_f.cgf
    [-0.65054248155345262, -0.00000142586178438, -0.46561195706962982, -24.33116599999999607]
    [-0.46561195707124697, 0.00000074463751746, 0.65054248155343164, -16.13065499999999020]
    [-0.00000072608940620, 0.80000000929461279, -0.00000143539577653, 4.67845800000000001]
  #89 data/objects/buildingsets/human/utilitarian/ugf/int/common/floor/set_a/util_ugf_floor_set_a_floor_chevron_14x02_a.cgf
    [-0.00000794139476839, -1.53095623182483931, 1.28692453901418546, 0.64323899999999412]
    [-0.00000297565274752, -1.28692453901386172, -1.53095623184281626, -1.00015400000000909]
    [2.00000043821778428, -0.00000799368242362, 0.00000283219022148, 58.74999400000000094]
  #90 data/objects/buildingsets/human/utilitarian/ugf/ext/struct/bg/greeble/ugf_ext_struct_bg_greeble_f.cgf
    [-0.65054248155345262, -0.00000142586178438, -0.46561195706962982, -22.51236999999997579]
    [-0.46561195707124697, 0.00000074463751746, 0.65054248155343164, -18.67183600000001320]
    [-0.00000072608940620, 0.80000000929461279, -0.00000143539577653, 4.67845900000000015]
  #91 data/objects/buildingsets/human/utilitarian/ugf/ext/common/pipes/set_a/pipe/util_ugf_pipe_set_a_pipe_a_cnr_a.cgf
    [-0.07417676944883625, -0.00000181738290190, 0.99724503013548482, 0.22969499999999243]
    [0.99724503012942300, -0.00000406943401336, 0.07417676944096949, 41.24160399999999527]
    [0.00000392341556054, 0.99999992161961182, 0.00000211423370140, 4.64747199999999960]
  #92 data/objects/buildingsets/human/utilitarian/ugf/ext/struct/bg/greeble/ugf_ext_struct_bg_greeble_a.cgf
    [-0.41321984931765932, 0.91063079152533455, 0.00000168120243547, 28.47556199999996807]
    [-0.91063079152533455, -0.41321984931965927, 0.00000108330805845, -11.29182399999999120]
    [0.00000168120066317, -0.00000108331080890, 0.99999954117139145, 0.43722100000000003]
  #93 data/objects/buildingsets/human/utilitarian/ugf/ext/common/pipes/set_b/framework/util_ugf_pipe_set_b_framework_a_addon_a.cgf
    [0.00001043423371218, 0.79689281975193615, -0.07043950625309929, 1.62516800000003059]
    [0.00000113770109382, 0.07043950624423838, 0.79689281982021842, 0.31167099999998982]
    [0.79999993138254577, -0.00001049388218523, -0.00000021455447081, 51.75528899999999766]
  #94 data/objects/buildingsets/human/utilitarian/ugf/ext/struct/bg/greeble/ugf_ext_struct_bg_greeble_b.cgf
    [-0.70925648317088819, 0.82818824290376258, 0.57990223800899443, 3.88178800000002866]
    [1.01103035134057095, 0.58098925592412587, 0.40681229507070038, 1.81796600000001263]
    [0.00000015390812679, 0.70836632406439781, -1.01165423005257460, 24.49744799999999856]
  #95 data/objects/buildingsets/human/utilitarian/ugf/ext/common/pipes/set_b/framework/util_ugf_pipe_set_b_framework_a_addon_a.cgf
    [0.00001043423371218, 0.79689281975193615, -0.07043950625309929, 1.62516800000003059]
    [0.00000113770109382, 0.07043950624423838, 0.79689281982021842, 0.31167099999998982]
    [0.79999993138254577, -0.00001049388218523, -0.00000021455447081, 50.78406199999999870]
  #96 objects/buildingsets/human/utilitarian/ugf/ext/common/pipes/set_a/pipe/util_ugf_pipe_set_a_pipe_a_str_08m.cgf
    [-0.00000441777489584, 0.81864868000948154, -0.57429466889159753, -27.05477899999999636]
    [0.00000068729869376, 0.57429466889955150, 0.81864868001553315, -19.14078100000000404]
    [1.00000001399905170, 0.00000322189356617, -0.00000309976069614, 4.64746599999999965]
  #97 data/objects/buildingsets/human/utilitarian/ugf/ext/struct/bg/atnn/ugf_ext_struct_bg_atnn_addon_d.cgf
    [-1.63729833456679996, 1.14858987355113640, 0.00000000000000000, 3.09988899999996192]
    [-1.14858987355113640, -1.63729833456679996, 0.00000000000000000, 1.11034100000000535]
    [0.00000000000000000, 0.00000000000000000, 2.00000113349953734, 12.07132400000000061]
  #98 data/objects/buildingsets/human/utilitarian/ugf/int/common/floor/set_a/util_ugf_floor_set_a_floor_chevron_14x02_a.cgf
    [-0.00000794139476839, -1.53095623182483931, 1.28692453901418546, 0.69521099999997205]
    [-0.00000297565274752, -1.28692453901386172, -1.53095623184281626, -1.06190100000000598]
    [2.00000043821778428, -0.00000799368242362, 0.00000283219022148, 45.74999400000000094]
  #99 data/objects/buildingsets/human/utilitarian/ugf/ext/struct/bg/greeble/ugf_ext_struct_bg_greeble_a.cgf
    [-0.58201491889706614, -0.81317806025055805, -0.00000091431398718, -23.72447299999998904]
    [0.81317806025055805, -0.58201491889506618, -0.00000177877189700, -16.77245600000000536]
    [0.00000091431393471, -0.00000177877192396, 0.99999996174422667, 0.43719500000000000]
  #100 data/objects/buildingsets/human/brand/hathor/hathor_3d_logo_square_clean.cgf
    [0.00000360985747711, -0.76547811591324721, -0.64346226950778840, -1.68356499999998732]
    [0.00000121161138203, -0.64346226950816066, 0.76547811592048709, -0.32652600000000120]
    [-1.00000021911034631, -0.00000354289233372, -0.00000139534478129, 49.24485500000000116]
  #101 data/objects/buildingsets/human/utilitarian/ugf/ext/struct/bg/greeble/ugf_ext_struct_bg_greeble_a.cgf
    [-0.41321984931765932, 0.91063079152533455, 0.00000168120243547, 29.09067500000003292]
    [-0.91063079152533455, -0.41321984931965927, 0.00000108330805845, -9.92373699999998848]
    [0.00000168120066317, -0.00000108331080890, 0.99999954117139145, 0.42848399999999998]
  #102 data/objects/buildingsets/human/utilitarian/ugf/int/common/floor/set_a/util_ugf_floor_set_a_floor_04x04_d.cgf
    [-0.07417045319501858, -0.99724519749134943, -0.00000136075629471, -4.11373600000001716]
    [0.99724519749134943, -0.07417045319301863, -0.00000146572068416, 29.60678400000000465]
    [0.00000136075551913, -0.00000146572140420, 0.99999962002221121, 0.42846099999999998]
  #103 data/objects/buildingsets/human/utilitarian/ugf/int/common/floor/set_a/util_ugf_floor_set_a_floor_03x04_a.cgf
    [-0.81864877692124383, 0.57429466293053333, 0.00000000000000000, -22.20461599999998725]
    [-0.57429466293053333, -0.81864877692124383, 0.00000000000000000, -22.08345600000001241]
    [0.00000000000000000, 0.00000000000000000, 1.00000008991256784, 0.42846200000000001]
  #104 data/objects/buildingsets/human/utilitarian/ugf/ext/struct/bg/greeble/ugf_ext_struct_bg_greeble_b.cgf
    [1.23020584710232295, 0.08905859533933545, 0.06235993413839551, 3.06299599999999828]
    [0.10872071922792782, -1.00772560691406321, -0.70561712522766129, 0.03905600000001641]
    [0.00000035016708530, 0.70836734029751225, -1.01165326680340928, 24.49744799999999856]
  #105 data/objects/buildingsets/human/utilitarian/ugf/ext/common/pipes/set_a/pipe/util_ugf_pipe_set_a_pipe_a_cnr_a.cgf
    [-0.07417676944883625, -0.00000181738290190, 0.99724503013548482, -1.01686200000000326]
    [0.99724503012942300, -0.00000406943401336, 0.07417676944096949, 41.14888899999999694]
    [0.00000392341556054, 0.99999992161961182, 0.00000211423370140, 4.64747199999999960]
  #106 data/objects/buildingsets/human/utilitarian/ugf/ext/struct/bg/greeble/ugf_ext_struct_bg_greeble_b.cgf
    [-0.52094871616944161, -1.11974783465016503, 0.00000000000000000, 0.73792300000002342]
    [-1.11974783465016503, 0.52094871616944172, 0.00000000000000000, 2.28184700000002749]
    [-0.00000000000000000, 0.00000000000000000, -1.23499910043785976, 31.30403499999999894]
  #107 data/objects/buildingsets/human/utilitarian/ugf/int/common/floor/set_a/util_ugf_floor_set_a_floor_walkway_14x10_addon01.cgf
    [0.45943667659862630, 0.65491801103198488, 0.00000000000000000, -20.73619200000001683]
    [-0.65491801103198488, 0.45943667659862630, -0.00000000000000000, -17.58822900000001255]
    [-0.00000000000000000, 0.00000000000000000, 0.79999978811127304, 0.48304200000000003]
  #108 data/objects/buildingsets/human/utilitarian/ugf/int/common/floor/set_a/util_ugf_floor_set_a_floor_01x04_b.cgf
    [0.57429583719060817, 0.81864750159118282, 0.00000000000000000, -27.36085900000000493]
    [-0.81864750159118282, 0.57429583719060817, -0.00000000000000000, -26.92217099999999164]
    [-0.00000000000000000, 0.00000000000000000, 0.99999972023793449, 0.42846200000000001]
  #109 data/objects/buildingsets/human/utilitarian/ugf/int/common/floor/set_a/util_ugf_floor_set_a_floor_walkway_14x10_addon01.cgf
    [0.45943667659862630, 0.65491801103198488, 0.00000000000000000, -27.34806200000002718]
    [-0.65491801103198488, 0.45943667659862630, -0.00000000000000000, -22.22656399999999621]
    [-0.00000000000000000, 0.00000000000000000, 0.79999978811127304, 0.46547899999999998]
  #110 data/objects/buildingsets/human/utilitarian/ugf/ext/struct/bg/greeble/ugf_ext_struct_bg_greeble_a.cgf
    [0.58201670841787412, 0.81317712354934069, -0.00000091431189230, -17.86651499999999260]
    [-0.81317712354934069, 0.58201670841587416, -0.00000177877380371, -14.42436000000000718]
    [-0.00000091431314626, 0.00000177877315916, 1.00000024156916689, 0.42846099999999998]
  #111 data/objects/buildingsets/human/utilitarian/ugf/int/common/floor/set_a/util_ugf_floor_set_a_floor_03x04_a.cgf
    [0.99731018296682139, -0.07329663491542482, 0.00000000000000000, -1.12199900000001662]
    [0.07329663491542482, 0.99731018296682139, 0.00000000000000000, 29.82929999999998927]
    [0.00000000000000000, 0.00000000000000000, 0.99999999886961988, 0.42846299999999998]
  #112 data/objects/buildingsets/human/utilitarian/ugf/ext/common/pipes/set_b/framework/util_ugf_pipe_set_b_framework_a_addon_a.cgf
    [-0.15601626155490364, -0.22281165687135285, -0.12654586004516713, 9.17766200000005483]
    [0.07258391645675685, 0.10366016480091859, -0.27200387553698857, -1.73983200000000693]
    [0.24574471348154581, -0.17207410844628990, -0.00000042898829707, 24.36003200000000035]
  #113 data/objects/buildingsets/human/utilitarian/ugf/ext/struct/bg/greeble/ugf_ext_struct_bg_greeble_c.cgf
    [-0.09196429165600560, -0.00000796033629893, 1.09614852864912016, -1.07720399999999472]
    [1.09614852866243240, 0.00000519924257361, 0.09196429169487985, 25.86213900000001331]
    [-0.00000584655579097, 1.09999955807827021, 0.00000749779052207, 6.42846299999999982]
  #114 data/objects/buildingsets/human/utilitarian/ugf/ext/struct/bg/greeble/ugf_ext_struct_bg_greeble_f.cgf
    [0.72850348710193902, -0.00000037700519076, -0.33057893923223708, 28.06921599999998307]
    [-0.33057893922689646, 0.00000380722425083, -0.72850348709451174, -12.15670000000000073]
    [0.00000191654753870, 0.79999985360567494, 0.00000331118331445, 0.21171899999999999]
  #115 data/objects/buildingsets/human/utilitarian/ugf/int/common/floor/set_a/util_ugf_floor_set_a_floor_chevron_8x03_a001.cgf
    [-0.57429380064045710, -0.81864920688574494, 0.00000000000000000, -7.62770699999998669]
    [0.81864920688574494, -0.57429380064045710, 0.00000000000000000, -16.74362800000000107]
    [0.00000000000000000, 0.00000000000000000, 0.99999994669435854, 0.42846200000000001]
  #116 data/objects/buildingsets/human/utilitarian/ugf/int/common/floor/set_a/util_ugf_floor_set_a_floor_edge_08x01_a.cgf
    [0.57429389105306183, 0.81864919096661171, 0.00000000000000000, -17.13395500000001448]
    [-0.81864919096661171, 0.57429389105306183, -0.00000000000000000, -13.64020800000000122]
    [-0.00000000000000000, 0.00000000000000000, 0.99999998558557701, 0.42846200000000001]
  #117 data/objects/buildingsets/human/utilitarian/ugf/ext/common/pipes/set_b/framework/util_ugf_pipe_set_b_framework_a_addon_a.cgf
    [0.14950745871060078, 0.19484273313499495, -0.17228999700836531, -6.55281800000000203]
    [0.10488464116544331, 0.13668597264850460, 0.24559350737242186, -5.49931100000000583]
    [0.23800576835920087, -0.18262877144737288, -0.00000145912153228, 17.75134600000000162]
  #118 data/objects/buildingsets/human/utilitarian/ugf/ext/common/trims/set_a/util_ugf_ext_trim_set_a_trim_cnr_01m_a.cgf
    [0.07417151246526463, 0.99724517132676604, 0.00000000000000000, 2.71695999999997184]
    [-0.99724517132676604, 0.07417151246526463, -0.00000000000000000, 19.58495299999998451]
    [-0.00000000000000000, 0.00000000000000000, 0.99999967249791444, 0.83819800000000000]
  #119 objects/buildingsets/human/utilitarian/ugf/ext/common/pipes/set_a/pipe/util_ugf_pipe_set_a_pipe_a_str_08m.cgf
    [-0.00000055278046583, 0.81864681354557978, -0.57429717996150209, -26.33690799999999399]
    [-0.00000130675379905, 0.57429717996050800, 0.81864681354542068, -20.16408999999998741]
    [0.99999992811917626, 0.00000120299707503, 0.00000075230962503, 4.64746699999999979]
  #120 data/objects/buildingsets/human/utilitarian/ugf/int/common/floor/set_a/util_ugf_floor_set_a_floor_03x04_a.cgf
    [-0.42181320174567821, 0.90667864618795679, 0.00000107534507667, 35.03513299999997344]
    [-0.90667864618795679, -0.42181320174367831, -0.00000168629704884, -8.58554399999999873]
    [-0.00000107533878408, -0.00000168630106159, 0.99999627230171417, 0.42848599999999998]
  #121 objects/buildingsets/human/utilitarian/ugf/ext/common/pipes/set_a/pipe/util_ugf_pipe_set_a_pipe_a_str_08m.cgf
    [0.00000225070553900, -0.90667865096645428, -0.42182236639662907, 32.19174299999997402]
    [0.00000139065754322, 0.42182236640012738, -0.90667865096655376, -12.99178800000001388]
    [1.00000014245442359, 0.00000145405599897, 0.00000221027712678, 4.64749500000000015]
  #122 data/objects/buildingsets/human/utilitarian/ugf/ext/common/pipes/set_b/framework/util_ugf_pipe_set_b_framework_a_addon_a.cgf
    [-0.04450235523683837, -0.00000053986286503, 0.59834778239115294, -1.01686200000000326]
    [0.59834778238877839, -0.00000181506794372, 0.04450235523502415, 41.14888899999999694]
    [0.00000177002655126, 0.60000044025878996, 0.00000067300041708, 4.64747199999999960]
  #123 data/objects/buildingsets/human/utilitarian/ugf/int/common/floor/set_a/util_ugf_floor_set_a_floor_stair_04x02_a.cgf
    [0.81864866173704709, -0.57429468617416135, 0.00000000000000000, -25.63797299999998813]
    [0.57429468617416135, 0.81864866173704709, 0.00000000000000000, -29.37811600000000567]
    [0.00000000000000000, 0.00000000000000000, 1.00000000896586827, 0.42846200000000001]
  #124 data/objects/buildingsets/human/utilitarian/ugf/ext/struct/bg/atnn/ugf_ext_struct_bg_atnn_addon_f.cgf
    [-0.00000207649614875, 1.57932753615302679, 2.25127018626224462, -4.09416199999998298]
    [-0.00000518331842597, -2.25127018626113529, 1.57932753614746768, -4.03231500000001120]
    [2.74999871235925575, -0.00000305075877086, 0.00000467669724071, 89.54158599999999524]
  #125 data/objects/buildingsets/human/utilitarian/ugf/int/common/floor/set_a/util_ugf_floor_set_a_floor_chevron_14x02_a.cgf
    [-0.00000794139415326, 1.53095611333586645, -1.28692443941214374, -3.22300100000001066]
    [-0.00000242322257652, 1.28692443941397894, 1.53095611335300275, -2.61715200000000436]
    [2.00000028342769243, 0.00000763821405917, -0.00000325506293932, 58.74999199999999888]
  #126 data/objects/buildingsets/human/utilitarian/ugf/int/common/floor/set_a/util_ugf_floor_set_a_floor_03x04_a.cgf
    [-0.42181320174567821, 0.90667864618795679, 0.00000107534507667, 31.40841699999998582]
    [-0.90667864618795679, -0.42181320174367831, -0.00000168629704884, -6.89825899999999592]
    [-0.00000107533878408, -0.00000168630106159, 0.99999627230171417, 0.42848399999999998]
  #127 data/objects/buildingsets/human/utilitarian/ugf/ext/common/pipes/set_b/framework/util_ugf_pipe_set_b_framework_a_addon_a.cgf
    [-0.00000022121131643, 0.79689323242465504, -0.07042990741901890, 1.62553500000001350]
    [-0.00000134876418517, 0.07042990741854994, 0.79689323242358578, 0.31171000000000504]
    [0.79999949733824682, 0.00000033909413518, 0.00000132405228037, 86.67847000000000435]
  #128 data/objects/buildingsets/human/utilitarian/ugf/ext/common/pipes/set_b/framework/util_ugf_pipe_set_b_framework_a_addon_a.cgf
    [0.01514787414329406, 0.02163408143940940, 0.29883523944980922, 2.61545999999998457]
    [-0.17140441867557543, -0.24479180050734525, 0.02641006570747224, 5.29335400000002210]
    [0.24574592382222712, -0.17207246389953842, 0.00000033922436999, 28.28789899999999946]
  #129 data/objects/buildingsets/human/utilitarian/ugf/ext/struct/bg/greeble/ugf_ext_struct_bg_greeble_b.cgf
    [1.23020542460547300, 0.10872007606233325, 0.00000000000000000, 3.18387399999994614]
    [0.10872007606233325, -1.23020542460547277, 0.00000000000000000, -1.32873399999999720]
    [0.00000000000000000, 0.00000000000000000, -1.23500017881283353, 31.30403499999999894]
  #130 data/objects/buildingsets/human/utilitarian/ugf/ext/struct/bg/greeble/ugf_ext_struct_bg_greeble_f.cgf
    [0.72850348710193902, -0.00000037700519076, -0.33057893923223708, 28.22308899999995901]
    [-0.33057893922689646, 0.00000380722425083, -0.72850348709451174, -12.13813400000000797]
    [0.00000191654753870, 0.79999985360567494, 0.00000331118331445, 5.55348400000000009]
  #131 data/objects/buildingsets/human/utilitarian/ugf/ext/struct/bg/greeble/ugf_ext_struct_bg_greeble_a.cgf
    [-0.58201491889706614, -0.81317806025055805, -0.00000091431398718, -22.84723000000002457]
    [0.81317806025055805, -0.58201491889506618, -0.00000177877189700, -17.98920200000000591]
    [0.00000091431393471, -0.00000177877192396, 0.99999996174422667, 0.42846000000000001]
  #132 data/objects/buildingsets/human/utilitarian/ugf/ext/common/pipes/set_b/framework/util_ugf_pipe_set_b_framework_a_addon_a.cgf
    [-0.15601626155490364, -0.22281165687135285, -0.12654586004516713, 6.73604399999999259]
    [0.07258391645675685, 0.10366016480091859, -0.27200387553698857, -0.60391000000001327]
    [0.24574471348154581, -0.17207410844628990, -0.00000042898829707, 28.20591999999999899]
  #133 data/objects/buildingsets/human/utilitarian/ugf/ext/common/pipes/set_a/pipe/util_ugf_pipe_set_a_pipe_a_str_64m.cgf
    [1.39456572393907452, 0.00000000000000001, -0.12324398665097050, 1.62558100000001104]
    [0.12324398665096013, 0.00000057388775057, 1.39456572393895706, 0.31172199999997474]
    [0.00000005052011903, -1.40000094236790051, 0.00000057165974830, 16.42846700000000126]
  #134 data/objects/buildingsets/human/utilitarian/ugf/int/common/floor/set_a/util_ugf_floor_set_a_floor_03x04_a.cgf
    [0.99731018296682139, -0.07329663491542482, 0.00000000000000000, -4.11373500000001968]
    [0.07329663491542482, 0.99731018296682139, 0.00000000000000000, 29.60678400000000465]
    [0.00000000000000000, 0.00000000000000000, 0.99999999886961988, 0.42846200000000001]
  #135 data/objects/buildingsets/human/utilitarian/ugf/int/lab/gravity/util_ugf_int_lab_gravity_engine_a.cgf
    [0.29318265219940198, -1.65422084713014206, 0.00000000000000000, 2.98133800000005067]
    [-1.65422084713014206, -0.29318265219940198, -0.00000000000000000, 1.18445100000002412]
    [0.00000000000000000, 0.00000000000000000, -1.68000079721131090, 36.51357900000000001]
  #136 data/objects/buildingsets/human/utilitarian/ugf/ext/common/pipes/set_b/framework/util_ugf_pipe_set_b_framework_a_addon_a.cgf
    [-0.04450235523683837, -0.00000053986286503, 0.59834778239115294, 0.22969499999999243]
    [0.59834778238877839, -0.00000181506794372, 0.04450235523502415, 41.24160399999999527]
    [0.00000177002655126, 0.60000044025878996, 0.00000067300041708, 4.64747199999999960]
  #137 data/objects/buildingsets/human/utilitarian/ugf/ext/common/trims/set_a/util_ugf_ext_trim_set_a_trim_02m_a.cgf
    [0.90667848860300615, 0.42182240306958513, 0.00000000000000000, 20.55556100000001152]
    [-0.42182240306958513, 0.90667848860300615, -0.00000000000000000, -5.45485700000000406]
    [-0.00000000000000000, 0.00000000000000000, 1.00000001071341549, 0.83819800000000000]
  #138 data/objects/buildingsets/human/utilitarian/ugf/ext/struct/bg/greeble/ugf_ext_struct_bg_greeble_f.cgf
    [-0.06688147700603253, -0.00000250666525361, 0.79719949094435982, 2.10555599999997867]
    [0.79719949094433729, 0.00000231235426008, 0.06688147701330148, 29.25766199999998207]
    [-0.00000251382107715, 0.80000010020193613, 0.00000230457295613, 0.21170000000000000]
  #139 data/objects/buildingsets/human/utilitarian/ugf/ext/common/pipes/set_b/framework/util_ugf_pipe_set_b_framework_a_addon_a.cgf
    [-0.15601626155490364, -0.22281165687135285, -0.12654586004516713, 19.57868299999995543]
    [0.07258391645675685, 0.10366016480091859, -0.27200387553698857, -6.57872900000000982]
    [0.24574471348154581, -0.17207410844628990, -0.00000042898829707, 7.97699800000000003]
  #140 data/objects/buildingsets/human/utilitarian/ugf/int/common/floor/set_a/util_ugf_floor_set_a_floor_03x04_a.cgf
    [-0.57429380064045710, -0.81864920688574494, 0.00000000000000000, -25.63797299999998813]
    [0.81864920688574494, -0.57429380064045710, 0.00000000000000000, -29.37811700000000315]
    [0.00000000000000000, 0.00000000000000000, 0.99999994669435854, 0.42846200000000001]
  #141 data/objects/buildingsets/human/utilitarian/ugf/ext/struct/bg/greeble/ugf_ext_struct_bg_greeble_c.cgf
    [-0.89449533656425773, -0.00000099702946006, -0.64021602901972485, -19.72403800000000729]
    [-0.64021602901749508, -0.00000197785240707, 0.89449533656422242, -16.98358099999998672]
    [-0.00000196190216364, 1.09999930497481579, 0.00000102806020647, 6.42846100000000042]
  #142 data/objects/buildingsets/human/utilitarian/ugf/ext/common/pipes/set_b/framework/util_ugf_pipe_set_b_framework_a_addon_a.cgf
    [0.14950745871060078, 0.19484273313499495, -0.17228999700836531, -4.95920100000000730]
    [0.10488464116544331, 0.13668597264850460, 0.24559350737242186, -4.38133500000000708]
    [0.23800576835920087, -0.18262877144737288, -0.00000145912153228, 20.28827300000000022]
  #143 data/objects/buildingsets/human/utilitarian/ugf/int/common/floor/set_a/util_ugf_floor_set_a_floor_04x04_d.cgf
    [0.42182195228363800, -0.90667845057460617, 0.00000061097008410, 38.66184899999996105]
    [0.90667845057060625, 0.42182195228363800, 0.00000276164918028, -10.27283199999999397]
    [-0.00000276164898423, -0.00000061097097025, 0.99999978607853801, 0.42848799999999998]
  #144 data/objects/buildingsets/human/utilitarian/ugf/int/common/floor/set_a/util_ugf_floor_set_a_floor_03x04_a.cgf
    [-0.57429515113961982, -0.81864947296619184, 0.00000000000000000, -23.10885000000001810]
    [0.81864947296619184, -0.57429515113961982, 0.00000000000000000, -19.05322200000000521]
    [0.00000000000000000, 0.00000000000000000, 1.00000094010470919, 0.42845899999999998]
  #145 data/objects/buildingsets/human/utilitarian/ugf/int/common/addon/greeble/addon_greeble_l.cgf
    [-0.49118943547829758, -0.00000025890528853, 0.34457706371437646, -25.65574900000001435]
    [-0.34457706371426677, 0.00000102663478675, -0.49118943547736982, -21.52681899999998905]
    [-0.00000037763854571, -0.60000034530194735, -0.00000098914107323, 2.98749399999999987]
  #146 data/objects/buildingsets/human/utilitarian/ugf/ext/common/pipes/set_b/framework/util_ugf_pipe_set_b_framework_a_addon_a.cgf
    [0.00000588064365892, 0.79689381488587696, -0.07043391733206930, 1.62545899999997800]
    [0.00000233088036878, 0.07043391731660598, 0.79689381490553279, 0.31170200000002524]
    [0.80000043056780545, -0.00000606302372985, -0.00000180408325379, 76.67847000000000435]
  #147 data/objects/buildingsets/human/utilitarian/ugf/int/common/floor/set_a/util_ugf_floor_set_a_floor_04x04_d.cgf
    [0.90667931948941527, 0.42181808774031371, -0.00000043201758224, 31.40841799999998329]
    [-0.42181808774031371, 0.90667931948741531, -0.00000195278009317, -6.89825899999999592]
    [-0.00000043201701352, 0.00000195278021899, 0.99999894376487763, 0.42848500000000000]
  #148 data/objects/buildingsets/human/utilitarian/ugf/ext/struct/bg/greeble/ugf_ext_struct_bg_greeble_a.cgf
    [0.58201670841787412, 0.81317712354934069, -0.00000091431189230, -18.94748700000002373]
    [-0.81317712354934069, 0.58201670841587416, -0.00000177877380371, -12.89227399999998624]
    [-0.00000091431314626, 0.00000177877315916, 1.00000024156916689, 0.43404399999999999]
  #149 data/objects/buildingsets/human/utilitarian/ugf/ext/struct/bg/greeble/ugf_ext_struct_bg_greeble_f.cgf
    [-0.65054248155345262, -0.00000142586178438, -0.46561195706962982, -22.51236999999997579]
    [-0.46561195707124697, 0.00000074463751746, 0.65054248155343164, -18.67183499999998730]
    [-0.00000072608940620, 0.80000000929461279, -0.00000143539577653, 5.55345900000000015]
  #150 data/objects/buildingsets/human/utilitarian/ugf/int/common/floor/set_a/util_ugf_floor_set_a_floor_04x03_a.cgf
    [-0.81864877692124383, 0.57429466293053333, 0.00000000000000000, -14.26248099999997976]
    [-0.57429466293053333, -0.81864877692124383, 0.00000000000000000, -17.73345100000000230]
    [0.00000000000000000, 0.00000000000000000, 1.00000008991256784, 0.42846200000000001]
  #151 data/objects/buildingsets/human/utilitarian/ugf/ext/struct/bg/greeble/ugf_ext_struct_bg_greeble_b.cgf
    [-0.52094686151330438, -0.91724519983004060, -0.64226167266813261, 1.98290199999996730]
    [-1.11974944196845283, 0.42673540915499536, 0.29880181240236298, 1.70263499999998658]
    [0.00000102797105629, 0.70836613362889378, -1.01165303638988613, 24.49744799999999856]
  #152 data/objects/buildingsets/human/utilitarian/ugf/ext/common/pipes/set_b/framework/util_ugf_pipe_set_b_framework_a_addon_a.cgf
    [-0.15601626155490364, -0.22281165687135285, -0.12654586004516713, 13.33807100000001356]
    [0.07258391645675685, 0.10366016480091859, -0.27200387553698857, -3.67539099999999053]
    [0.24574471348154581, -0.17207410844628990, -0.00000042898829707, 17.80681900000000084]
  #153 data/objects/buildingsets/human/utilitarian/ugf/ext/common/pipes/set_b/framework/util_ugf_pipe_set_b_framework_a_addon_a.cgf
    [0.01514787414329406, 0.02163408143940940, 0.29883523944980922, 2.39717499999994743]
    [-0.17140441867557543, -0.24479180050734525, 0.02641006570747224, 7.76327900000001137]
    [0.24574592382222712, -0.17207246389953842, 0.00000033922436999, 24.74671899999999880]
  #154 data/objects/buildingsets/human/utilitarian/ugf/ext/struct/bg/greeble/ugf_ext_struct_bg_greeble_b.cgf
    [0.43180214029800329, -0.71502281501491360, -0.54980792095949327, 15.19822699999997440]
    [0.90194645625307446, 0.34651566086489094, 0.25771874424549951, -4.50846400000000358]
    [0.00624227475947476, -0.60718097392054760, 0.79453871096524353, 8.17364800000000002]
  #155 data/objects/buildingsets/human/utilitarian/ugf/ext/struct/bg/atnn/ugf_ext_struct_bg_atnn_addon_f.cgf
    [0.00000143708752065, 0.42261846372662321, -0.90630766353821290, 29.99776099999996859]
    [-0.00000032624244244, 0.90630766353929859, 0.42261846372661216, -11.27944299999998634]
    [0.99999997343531932, -0.00000031166370281, 0.00000144031955123, 5.42151500000000031]
  #156 data/objects/buildingsets/human/utilitarian/ugf/ext/struct/bg/greeble/ugf_ext_struct_bg_greeble_f.cgf
    [-0.06688147700603253, -0.00000250666525361, 0.79719949094435982, -1.09978899999998703]
    [0.79719949094433729, 0.00000231235426008, 0.06688147701330148, 29.12166400000000976]
    [-0.00000251382107715, 0.80000010020193613, 0.00000230457295613, 5.55346299999999982]
  #157 data/objects/buildingsets/human/utilitarian/ugf/ext/struct/m/struc/addons/ugf_surf_struct_addon_tank_c.cgf
    [-0.54836053505505655, 1.17868216748390164, 0.00000000000000000, 2.98134800000002542]
    [-1.17868216748390164, -0.54836053505505655, -0.00000000000000000, 1.18444899999997233]
    [-0.00000000000000000, 0.00000000000000000, 1.29999651089932411, 20.34626499999999893]
  #158 data/objects/buildingsets/human/utilitarian/ugf/ext/common/pipes/set_b/framework/util_ugf_pipe_set_b_framework_a_addon_a.cgf
    [0.01514787414329406, 0.02163408143940940, 0.29883523944980922, 1.99322099999994862]
    [-0.17140441867557543, -0.24479180050734525, 0.02641006570747224, 12.33406500000000960]
    [0.24574592382222712, -0.17207246389953842, 0.00000033922436999, 18.19349599999999967]
  #159 data/objects/buildingsets/human/utilitarian/ugf/int/common/floor/set_a/util_ugf_floor_set_a_floor_04x04_d.cgf
    [0.42182195228363800, -0.90667845057460617, 0.00000061097008410, 42.28856599999994614]
    [0.90667845057060625, 0.42182195228363800, 0.00000276164918028, -11.96011799999999425]
    [-0.00000276164898423, -0.00000061097097025, 0.99999978607853801, 0.42849100000000001]
  #160 data/objects/buildingsets/human/brand/hathor/hathor_3d_logo_square_clean.cgf
    [-0.00000397069738419, -0.76547811591241965, 0.64346226950709273, 0.11708799999996700]
    [-0.00000148782637376, -0.64346226950693086, -0.76547811592140813, -2.69730799999999249]
    [1.00000021910889214, -0.00000399684121181, 0.00000141609511074, 48.86517200000000116]
  #161 data/objects/buildingsets/human/utilitarian/ugf/ext/common/trims/set_a/util_ugf_ext_trim_set_a_trim_02m_a.cgf
    [-0.07417045319304499, -0.99724519749170648, 0.00000000000000000, -0.02546499999999696]
    [0.99724519749170648, -0.07417045319304499, 0.00000000000000000, 19.38098000000002230]
    [0.00000000000000000, 0.00000000000000000, 0.99999962002349496, 0.83819800000000000]
  #162 data/objects/buildingsets/human/utilitarian/ugf/ext/struct/bg/greeble/ugf_ext_struct_bg_greeble_f.cgf
    [-0.06688147700603253, -0.00000250666525361, 0.79719949094435982, 2.01427200000000539]
    [0.79719949094433729, 0.00000231235426008, 0.06688147701330148, 29.38292200000000776]
    [-0.00000251382107715, 0.80000010020193613, 0.00000230457295613, 4.67846600000000024]
  #163 data/objects/buildingsets/human/utilitarian/ugf/ext/struct/bg/greeble/ugf_ext_struct_bg_greeble_b.cgf
    [-0.99611613849258496, 0.07074545152092812, 0.05238944618606903, 1.90788499999996475]
    [-0.08803165896737339, -0.80050561147411525, -0.59282217179004582, 14.43254600000000210]
    [-0.00000142656312122, -0.59513257467182423, 0.80362562982424346, 8.07839700000000072]
  #164 data/objects/buildingsets/human/utilitarian/ugf/ext/common/pipes/set_a/pipe/util_ugf_pipe_set_a_pipe_a_cnr_a.cgf
    [-0.81864902660030581, 0.00000043150879701, -0.57429508337019097, -32.88608699999997498]
    [-0.57429508337030555, -0.00000102190396817, 0.81864902659970162, -24.75846400000000358]
    [-0.00000023362004291, 1.00000053576773595, 0.00000108439348890, 4.64746300000000012]
  #165 data/objects/buildingsets/human/utilitarian/ugf/int/common/floor/set_a/util_ugf_floor_set_a_floor_edge_08x01_a.cgf
    [-0.81864877692124383, 0.57429466293053333, 0.00000000000000000, -16.55966000000000804]
    [-0.57429466293053333, -0.81864877692124383, 0.00000000000000000, -14.45885699999999474]
    [0.00000000000000000, 0.00000000000000000, 1.00000008991256784, 0.42846200000000001]
  #166 data/objects/buildingsets/human/utilitarian/ugf/ext/common/pipes/set_b/framework/util_ugf_pipe_set_b_framework_a_addon_a.cgf
    [-0.00000075508942153, 0.57430105501230033, 0.81864389336074384, -5.72887600000001385]
    [-0.00000188484415329, -0.81864389336034060, 0.57430105501027884, -5.08583699999999794]
    [0.99999976296073456, -0.00000110936776770, 0.00000170061773240, 21.97993200000000158]
  #167 data/objects/buildingsets/human/utilitarian/ugf/ext/common/pipes/set_a/pipe/util_ugf_pipe_set_a_pipe_a_cnr_a.cgf
    [0.90667977555749613, 0.00000213809161148, -0.42182035969736326, 39.44517599999994673]
    [-0.42182035968784998, -0.00000381842880504, -0.90667977555640233, -16.36636100000001193]
    [-0.00000354925431422, 1.00000031562276193, -0.00000256020079124, 4.64749700000000043]
  #168 data/objects/buildingsets/human/utilitarian/ugf/ext/struct/bg/greeble/ugf_ext_struct_bg_greeble_f.cgf
    [0.72850348710193902, -0.00000037700519076, -0.33057893923223708, 29.51441999999997279]
    [-0.33057893922689646, 0.00000380722425083, -0.72850348709451174, -9.29241999999999280]
    [0.00000191654753870, 0.79999985360567494, 0.00000331118331445, 4.67848299999999995]
  #169 data/objects/buildingsets/human/utilitarian/ugf/int/common/floor/set_a/util_ugf_floor_set_a_floor_03x04_a.cgf
    [-0.42181320174567821, 0.90667864618795679, 0.00000107534507667, 38.66184799999996358]
    [-0.90667864618795679, -0.42181320174367831, -0.00000168629704884, -10.27283199999999397]
    [-0.00000107533878408, -0.00000168630106159, 0.99999627230171417, 0.42848799999999998]
  #170 data/objects/buildingsets/human/utilitarian/ugf/int/common/floor/set_a/util_ugf_floor_set_a_floor_08x02_a.cgf
    [-0.99724506867097784, 0.07417087498788749, 0.00000000000000000, 0.48668899999995574]
    [-0.07417087498788749, -0.99724506867097784, 0.00000000000000000, 21.95910500000002230]
    [0.00000000000000000, 0.00000000000000000, 0.99999952284241200, 0.42846499999999998]
  #171 data/objects/buildingsets/human/utilitarian/ugf/int/common/floor/set_a/util_ugf_floor_set_a_floor_04x04_b.cgf
    [-0.42181320174567821, 0.90667864618795679, 0.00000107534507667, 37.60729600000001938]
    [-0.90667864618795679, -0.42181320174367831, -0.00000168629704884, -12.53952899999998749]
    [-0.00000107533878408, -0.00000168630106159, 0.99999627230171417, 0.45064199999999999]
  #172 data/objects/buildingsets/human/utilitarian/ugf/int/common/floor/set_a/util_ugf_floor_set_a_floor_08x04_b.cgf
    [-0.00135498084755124, -0.82306094217931058, 0.56795115039368516, 0.95572500000002947]
    [0.00249396122819165, -0.56795268682545774, -0.82305721880853322, -0.94243499999998903]
    [0.99999580195718663, 0.00030122143190988, 0.00282224757133615, 90.55336699999999439]
  #173 data/objects/buildingsets/human/utilitarian/ugf/ext/struct/m/wing/ugf_surf_tower_silo_a.cgf
    [0.69728244871824985, 0.06162130459775401, 0.00000006168119807, 3.05371900000000096]
    [0.06162130459775401, -0.69728244871684975, -0.00000139864053479, 1.19084800000001678]
    [-0.00000006168119665, 0.00000139864053486, -0.69999999890635112, 49.42846999999999724]
  #174 data/objects/buildingsets/human/utilitarian/ugf/int/common/floor/set_a/util_ugf_floor_set_a_floor_stair_04x02_a.cgf
    [-0.90667898718137241, -0.42182052518230490, 0.00000043202007862, 24.04942300000004707]
    [0.42182052518230490, -0.90667898717937245, 0.00000195278133954, 0.91451200000000199]
    [-0.00000043201986518, 0.00000195278138676, 0.99999967062869644, 0.42848000000000003]
  #175 data/objects/buildingsets/human/utilitarian/ugf/ext/common/pipes/set_b/framework/util_ugf_pipe_set_b_framework_a_addon_a.cgf
    [0.14950745871060078, 0.19484273313499495, -0.17228999700836531, -3.88091700000001083]
    [0.10488464116544331, 0.13668597264850460, 0.24559350737242186, -3.62488300000001118]
    [0.23800576835920087, -0.18262877144737288, -0.00000145912153228, 22.00482500000000030]
  #176 data/objects/buildingsets/human/utilitarian/ugf/ext/common/pipes/set_a/pipe/util_ugf_pipe_set_a_pipe_a_str_04m.cgf
    [1.37786267554826813, 0.00000238780150909, -1.15822667914429078, 1.62556800000004387]
    [1.15822667914531374, -0.00000000372802433, 1.37786267554947739, 0.31171599999998989]
    [0.00000182541523369, -1.79999849804121892, -0.00000153930801662, 42.74596900000000232]
  #177 data/objects/buildingsets/human/utilitarian/ugf/int/common/floor/set_a/util_ugf_floor_set_a_floor_03x04_a.cgf
    [0.99731018296682139, -0.07329663491542482, 0.00000000000000000, -4.41042299999998022]
    [0.07329663491542482, 0.99731018296682139, 0.00000000000000000, 33.59576600000002600]
    [0.00000000000000000, 0.00000000000000000, 0.99999999886961988, 0.42846099999999998]
  #178 data/objects/buildingsets/human/utilitarian/ugf/ext/common/trims/set_a/util_ugf_ext_trim_set_a_trim_cnr_01m_a.cgf
    [-0.90667873863231330, -0.42182235916305916, 0.00000000000000000, 19.39554999999995744]
    [0.42182235916305916, -0.90667873863231330, 0.00000000000000000, -7.94822300000001292]
    [0.00000000000000000, 0.00000000000000000, 1.00000021888886192, 0.83819800000000000]
  #179 data/objects/buildingsets/human/utilitarian/ugf/ext/struct/bg/greeble/ugf_ext_struct_bg_greeble_c.cgf
    [-0.07524166246560296, -0.00000189861281211, 0.89684851586551928, -0.59986099999997577]
    [0.89684851586564951, 0.00000168323812578, 0.07524166246917716, 20.70972499999999172]
    [-0.00000183607317766, 0.89999920454294791, 0.00000175124426755, 4.82707300000000039]
  #180 data/objects/buildingsets/human/utilitarian/ugf/int/common/floor/set_a/util_ugf_floor_set_a_floor_01x04_b.cgf
    [0.99731018296682139, -0.07329663491542482, 0.00000000000000000, 1.27635999999995420]
    [0.07329663491542482, 0.99731018296682139, 0.00000000000000000, 38.02978300000000900]
    [0.00000000000000000, 0.00000000000000000, 0.99999999886961988, 0.42185499999999998]
  #181 data/objects/buildingsets/human/utilitarian/ugf/ext/struct/bg/greeble/ugf_ext_struct_bg_greeble_a.cgf
    [0.41322413326671692, -0.91062919589454749, 0.00000000000000000, 23.51307299999996303]
    [0.91062919589454749, 0.41322413326671692, 0.00000000000000000, -7.39273199999999520]
    [0.00000000000000000, 0.00000000000000000, 0.99999985836477978, 0.42848100000000000]
  #182 data/objects/buildingsets/human/utilitarian/ugf/ext/struct/bg/greeble/ugf_ext_struct_bg_greeble_a.cgf
    [0.99649916423455231, -0.08360270203046831, -0.00000199824797797, 1.15235299999994822]
    [0.08360270203046831, 0.99649916423655227, -0.00000008367586336, 29.19037600000001476]
    [0.00000199824797214, -0.00000008367600255, 0.99999999805347484, 0.43720100000000001]
  #183 data/objects/buildingsets/human/utilitarian/ugf/int/common/floor/set_a/util_ugf_floor_set_a_floor_03x04_a.cgf
    [0.99731018296682139, -0.07329663491542482, 0.00000000000000000, -4.70711299999999255]
    [0.07329663491542482, 0.99731018296682139, 0.00000000000000000, 37.58474799999999050]
    [0.00000000000000000, 0.00000000000000000, 0.99999999886961988, 0.42846099999999998]
  #184 data/objects/buildingsets/human/utilitarian/ugf/int/common/floor/set_a/util_ugf_floor_set_a_floor_04x04_b.cgf
    [0.90667931948941527, 0.42181808774031371, -0.00000043201758224, 27.78170199999999568]
    [-0.42181808774031371, 0.90667931948741531, -0.00000195278009317, -5.21097299999999564]
    [-0.00000043201701352, 0.00000195278021899, 0.99999894376487763, 0.42848199999999997]
  #185 data/objects/buildingsets/human/utilitarian/ugf/int/common/floor/set_a/util_ugf_floor_set_a_floor_stair_04x02_a.cgf
    [0.07417702289006414, 0.99724489312942421, 0.00000000000000000, -7.34292900000002646]
    [-0.99724489312942421, 0.07417702289006414, -0.00000000000000000, 19.37123400000001539]
    [-0.00000000000000000, 0.00000000000000000, 0.99999980379875564, 0.42846099999999998]
  #186 data/objects/buildingsets/human/utilitarian/ugf/int/common/floor/set_a/util_ugf_floor_set_a_floor_chevron_14x02_a.cgf
    [-0.00000794139415326, 1.53095611333586645, -1.28692443941214374, -3.17102999999997337]
    [-0.00000242322257652, 1.28692443941397894, 1.53095611335300275, -2.67889900000000125]
    [2.00000028342769243, 0.00000763821405917, -0.00000325506293932, 45.74999199999999888]
  #187 data/objects/buildingsets/human/utilitarian/ugf/ext/common/trims/set_a/util_ugf_ext_trim_set_a_trim_cnr_01m_a.cgf
    [-0.99724506867097784, 0.07417087498788749, 0.00000000000000000, 1.04595200000005661]
    [-0.07417087498788749, -0.99724506867097784, 0.00000000000000000, 18.45790599999997994]
    [0.00000000000000000, 0.00000000000000000, 0.99999952284241200, 0.83819800000000000]
  #188 objects/buildingsets/human/station/hightech/pss/int/skel/lrg/pss_int_lrgcorr_sign_chevron_01a.cgf
    [0.58349002778803993, 0.77829740149356497, -0.39533991722000361, 5.28184799999996812]
    [-0.23714194384703582, -0.31631842914784458, -0.97273195572939386, -2.01885500000000206]
    [-0.84012153512905741, 0.62983880005684512, -0.00000160983925204, 23.23555599999999899]
  #189 data/objects/buildingsets/human/lowtech/bravo/int/theatresofwar/decal_hathor_logo.cgf
    [0.57340638616762762, 0.40150387622691802, 0.00000267040814860, -0.54566599999998289]
    [0.40150387622691802, -0.57340638617322759, 0.00000084197697644, -2.27936299999998937]
    [0.00000267040805139, 0.00000084197728475, -0.70000017594451336, 93.15611400000000231]
  #190 data/objects/buildingsets/human/utilitarian/ugf/ext/common/pipes/set_b/framework/util_ugf_pipe_set_b_framework_a_addon_a.cgf
    [0.01514787414329406, 0.02163408143940940, 0.29883523944980922, 1.23808699999995042]
    [-0.17140441867557543, -0.24479180050734525, 0.02641006570747224, 20.87849599999998418]
    [0.24574592382222712, -0.17207246389953842, 0.00000033922436999, 5.94317999999999991]
  #191 data/objects/buildingsets/human/utilitarian/ugf/ext/struct/bg/atnn/ugf_ext_struct_bg_atnn_addon_e.cgf
    [1.26890538665621277, -0.89015673618544544, 0.00000000000000000, -5.70058399999999210]
    [0.89015673618544544, 1.26890538665621277, 0.00000000000000000, -5.06332900000001018]
    [0.00000000000000000, 0.00000000000000000, 1.54999996621337943, 22.07132400000000061]
  #192 data/objects/buildingsets/human/utilitarian/ugf/ext/common/pipes/set_b/framework/util_ugf_pipe_set_b_framework_a_addon_a.cgf
    [-0.49118954945334270, 0.00000106673599991, -0.34457633583778630, -27.70246200000002545]
    [-0.34457633583900216, -0.00000056688001174, 0.49118954945332122, -19.59513999999998646]
    [0.00000054772687757, 0.60000002059270918, 0.00000107669582955, 4.64746900000000007]
  #193 data/objects/buildingsets/human/utilitarian/ugf/int/common/floor/set_a/util_ugf_floor_set_a_floor_08x02_a.cgf
    [0.42182195228363800, -0.90667845057460617, 0.00000061097008410, 22.48821199999997589]
    [0.90667845057060625, 0.42182195228363800, 0.00000276164918028, -7.18256400000001349]
    [-0.00000276164898423, -0.00000061097097025, 0.99999978607853801, 0.42848000000000003]
  #194 data/objects/buildingsets/human/utilitarian/ugf/ext/struct/bg/greeble/ugf_ext_struct_bg_greeble_c.cgf
    [-0.73186043266551348, -0.00000039417086633, -0.52381234264018206, -15.54256600000002209]
    [-0.52381234264028864, 0.00000091027368642, 0.73186043266497725, -13.93554700000001390]
    [0.00000020926071145, 0.89999947955691595, -0.00000096962818169, 4.82707100000000011]
  #195 data/objects/buildingsets/human/utilitarian/ugf/ext/struct/bg/greeble/ugf_ext_struct_bg_greeble_f.cgf
    [-0.06688147700603253, -0.00000250666525361, 0.79719949094435982, 2.01427100000000792]
    [0.79719949094433729, 0.00000231235426008, 0.06688147701330148, 29.38292300000000523]
    [-0.00000251382107715, 0.80000010020193613, 0.00000230457295613, 5.55346500000000010]
  #196 data/objects/buildingsets/human/utilitarian/ugf/ext/common/pipes/set_b/framework/util_ugf_pipe_set_b_framework_a_addon_a.cgf
    [0.14950745871060078, 0.19484273313499495, -0.17228999700836531, -9.06282399999997779]
    [0.10488464116544331, 0.13668597264850460, 0.24559350737242186, -7.26016400000000317]
    [0.23800576835920087, -0.18262877144737288, -0.00000145912153228, 13.75559100000000079]
  #197 data/objects/buildingsets/human/utilitarian/ugf/ext/common/pipes/set_b/framework/util_ugf_pipe_set_b_framework_a_addon_a.cgf
    [-0.49118954945334270, 0.00000106673599991, -0.34457633583778630, -33.60395899999997482]
    [-0.34457633583900216, -0.00000056688001174, 0.49118954945332122, -23.73515399999999431]
    [0.00000054772687757, 0.60000002059270918, 0.00000107669582955, 4.64746199999999998]
  #198 data/objects/buildingsets/human/station/hightech/pss/int/skel/lrg/pss_int_lrgcorr_sign_num_01a.cgf
    [-0.65491923103930172, -0.00000034520704280, -0.45943607354228361, -14.02535199999999804]
    [-0.45943607354213734, 0.00000136884634861, 0.65491923103806482, -8.31911800000000312]
    [0.00000050351804853, 0.80000044053437080, -0.00000131885473155, 5.06290200000000024]
  #199 data/objects/buildingsets/human/utilitarian/ugf/ext/struct/bg/greeble/ugf_ext_struct_bg_greeble_c.cgf
    [0.81956638906318169, -0.00000151463799820, -0.37190129123752197, 21.92777100000000701]
    [-0.37190129123907967, -0.00000075906570105, -0.81956638906352297, -5.62453700000000367]
    [0.00000106561010639, 0.89999979805865649, -0.00000131711203215, 4.82708799999999982]
  #200 objects/buildingsets/human/utilitarian/ugf/ext/common/pipes/set_a/pipe/util_ugf_pipe_set_a_pipe_a_str_64m.cgf
    [0.03605708195753338, -0.02524717523474899, 0.49805867476957633, 1.04618300000004183]
    [-0.40798623923255595, 0.28567406621904562, 0.04401741719598055, 23.04984500000000480]
    [-0.28678753802673568, -0.40957646973720946, 0.00000014628706959, 2.83007799999999987]
  #201 data/objects/buildingsets/human/utilitarian/ugf/ext/struct/bg/greeble/ugf_ext_struct_bg_greeble_f.cgf
    [0.72850348710193902, -0.00000037700519076, -0.33057893923223708, 29.51441999999997279]
    [-0.33057893922689646, 0.00000380722425083, -0.72850348709451174, -9.29241899999999532]
    [0.00000191654753870, 0.79999985360567494, 0.00000331118331445, 5.55348400000000009]
  #202 data/objects/buildingsets/human/utilitarian/ugf/int/common/floor/set_a/util_ugf_floor_set_a_floor_04x04_g.cgf
    [-0.81864527418832311, 0.57429811496395211, 0.00000000000000000, -31.99331300000000056]
    [-0.57429811496395211, -0.81864527418832311, 0.00000000000000000, -20.37471199999998817]
    [0.00000000000000000, 0.00000000000000000, 0.99999920490069572, 0.42846099999999998]
  #203 data/objects/buildingsets/human/utilitarian/ugf/int/common/floor/set_a/util_ugf_floor_set_a_floor_edge_08x01_a.cgf
    [0.57429389105306183, 0.81864919096661171, 0.00000000000000000, -24.50179200000002311]
    [-0.81864919096661171, 0.57429389105306183, -0.00000000000000000, -18.80886200000000485]
    [-0.00000000000000000, 0.00000000000000000, 0.99999998558557701, 0.42846200000000001]
  #204 data/objects/buildingsets/human/utilitarian/ugf/ext/common/pipes/set_b/framework/util_ugf_pipe_set_b_framework_a_addon_a.cgf
    [0.01514787414329406, 0.02163408143940940, 0.29883523944980922, 1.58926699999994980]
    [-0.17140441867557543, -0.24479180050734525, 0.02641006570747224, 16.90485000000001037]
    [0.24574592382222712, -0.17207246389953842, 0.00000033922436999, 11.64027199999999951]
  #205 data/objects/buildingsets/human/utilitarian/ugf/ext/common/pipes/set_b/framework/util_ugf_pipe_set_b_framework_a_addon_a.cgf
    [-0.04450235523683837, -0.00000053986286503, 0.59834778239115294, 0.75810699999999542]
    [0.59834778238877839, -0.00000181506794372, 0.04450235523502415, 34.13715600000000450]
    [0.00000177002655126, 0.60000044025878996, 0.00000067300041708, 4.64747800000000044]
  #206 data/objects/buildingsets/human/utilitarian/ugf/ext/common/trims/set_a/util_ugf_ext_trim_set_a_trim_02m_a.cgf
    [-0.90667873863231330, -0.42182235916305916, 0.00000000000000000, 21.20890799999995124]
    [0.42182235916305916, -0.90667873863231330, 0.00000000000000000, -8.79186699999999632]
    [0.00000000000000000, 0.00000000000000000, 1.00000021888886192, 0.83819800000000000]
  #207 data/objects/buildingsets/human/station/hightech/pss/int/skel/lrg/pss_int_lrgcorr_sign_chevron_01b.cgf
    [0.53438078750399876, -0.70861148222100712, 0.56107569539813462, -8.83497099999999591]
    [0.33716735157441458, -0.44846917382982132, -0.88752046281313401, -8.73519099999998616]
    [0.83860261491021371, 0.63185770719703338, -0.00069776558169750, 7.28443099999999966]
  #208 data/objects/buildingsets/human/utilitarian/ugf/int/common/addon/tank/util_ugf_addon_tank_c.cgf
    [0.99611778546742469, -0.08803043527965086, 0.00000000000000000, 2.98133499999994456]
    [0.08803043527965086, 0.99611778546742469, 0.00000000000000000, 1.18445300000001907]
    [0.00000000000000000, 0.00000000000000000, 1.00000000003002554, 48.31758399999999654]
  #209 data/objects/buildingsets/human/utilitarian/ugf/ext/common/pipes/set_b/framework/util_ugf_pipe_set_b_framework_a_addon_a.cgf
    [0.00000907443559690, 0.79689376554560021, -0.07043551398605591, 1.62536399999999048]
    [0.00000092308255591, 0.07043551398011018, 0.79689376559725766, 0.31169199999999364]
    [0.80000052199675076, -0.00000912046773324, -0.00000012054516973, 66.67847000000000435]
  #210 data/objects/buildingsets/human/utilitarian/ugf/ext/common/pipes/set_b/framework/util_ugf_pipe_set_b_framework_a_addon_a.cgf
    [-0.00000060407154622, 0.45944085085604219, 0.65491512444759059, 1.62554899999997815]
    [-0.00000150787534514, -0.65491512444726785, 0.45944085085442499, 0.31171499999999241]
    [0.79999982228951361, -0.00000088749422738, 0.00000136049420648, 96.67847100000000182]
  #211 data/objects/buildingsets/human/utilitarian/ugf/ext/struct/bg/greeble/ugf_ext_struct_bg_greeble_f.cgf
    [-0.65054248155345262, -0.00000142586178438, -0.46561195706962982, -24.33116699999999355]
    [-0.46561195707124697, 0.00000074463751746, 0.65054248155343164, -16.13065499999999020]
    [-0.00000072608940620, 0.80000000929461279, -0.00000143539577653, 5.55346000000000029]
  #212 data/objects/buildingsets/human/utilitarian/ugf/ext/struct/bg/atnn/ugf_ext_struct_bg_atnn_addon_f.cgf
    [0.00000062954651925, -0.99731053689384119, 0.07329770772027615, 0.40735800000004474]
    [-0.00000139451826138, -0.07329770772109499, -0.99731053689300475, 30.50767500000000609]
    [1.00000043047719944, 0.00000052563815884, -0.00000143691145421, 5.42153599999999969]
  #213 objects/buildingsets/human/station/hightech/pss/int/skel/lrg/pss_int_lrgcorr_sign_chevron_01a.cgf
    [-0.49646801761044923, -0.66221863383760393, -0.64613186836577940, -0.19762500000001637]
    [-0.38758039948908185, -0.51697952111313805, 0.82765573248250923, 1.32018199999998842]
    [-0.84011983922026212, 0.62984050249053736, 0.00000079556208941, 24.94076199999999943]
  #214 data/objects/buildingsets/human/lowtech/prop/utilitarian/terminal/terminal_1_a.cgf
    [-0.81865073881223849, 0.57429410672729342, 0.00000000000000000, -28.50133199999999078]
    [-0.57429410672729342, -0.81865073881223849, 0.00000000000000000, -23.33510100000000875]
    [0.00000000000000000, 0.00000000000000000, 1.00000137658881427, 0.67845699999999998]
  #215 data/objects/buildingsets/human/utilitarian/ugf/ext/common/pipes/set_b/framework/util_ugf_pipe_set_b_framework_a_addon_a.cgf
    [0.00001353065854557, 0.79689257924408519, -0.07044429226447832, 1.62504100000001017]
    [-0.00000008196981016, 0.07044429227593467, 0.79689257935793867, 0.31165900000002011]
    [0.80000011322932141, -0.00001347088194578, 0.00000127309831813, 42.10810200000000236]
  #216 data/objects/buildingsets/human/utilitarian/ugf/ext/struct/bg/greeble/ugf_ext_struct_bg_greeble_f.cgf
    [-0.06688147700603253, -0.00000250666525361, 0.79719949094435982, -1.09978899999998703]
    [0.79719949094433729, 0.00000231235426008, 0.06688147701330148, 29.12166300000001229]
    [-0.00000251382107715, 0.80000010020193613, 0.00000230457295613, 4.67846399999999996]
  #217 data/objects/buildingsets/human/utilitarian/ugf/int/common/floor/set_a/util_ugf_floor_set_a_floor_03x04_a.cgf
    [-0.42181320174567821, 0.90667864618795679, 0.00000107534507667, 30.14295200000003661]
    [-0.90667864618795679, -0.42181320174367831, -0.00000168629704884, -9.61829499999998916]
    [-0.00000107533878408, -0.00000168630106159, 0.99999627230171417, 0.42848399999999998]
  #218 data/objects/buildingsets/human/utilitarian/ugf/int/common/floor/set_a/util_ugf_floor_set_a_floor_04x03_a.cgf
    [-0.81864877692124383, 0.57429466293053333, 0.00000000000000000, -17.53707600000001321]
    [-0.57429466293053333, -0.81864877692124383, 0.00000000000000000, -20.03063000000000216]
    [0.00000000000000000, 0.00000000000000000, 1.00000008991256784, 0.42846200000000001]
  #219 data/objects/buildingsets/human/utilitarian/ugf/ext/common/pipes/set_b/framework/util_ugf_pipe_set_b_framework_a_addon_a.cgf
    [-0.00000022121131643, 0.79689323242465504, -0.07042990741901890, 1.62554599999998572]
    [-0.00000134876418517, 0.07042990741854994, 0.79689323242358578, 0.31170700000001261]
    [0.79999949733824682, 0.00000033909413518, 0.00000132405228037, 105.00336500000000228]
  #220 data/objects/buildingsets/human/utilitarian/ugf/int/common/floor/set_a/util_ugf_floor_set_a_floor_45_06x03_a_mirror.cgf
    [0.00000069743502250, 1.22872894623611129, 0.86036241457188534, -2.93443899999999758]
    [-0.00000057130594836, 0.86036241457213347, -1.22872894623600271, -2.86516499999999041]
    [-1.49999943590860796, 0.00000024361904833, 0.00000086801835034, 100.07138500000000647]
  #221 data/objects/buildingsets/human/station/hightech/pss/int/skel/lrg/pss_int_lrgcorr_sign_chevron_01b.cgf
    [-0.54164218110262929, 0.75310200165361019, 0.49189354534947077, 17.19830400000000736]
    [0.28785044902588230, -0.39887575264251623, 0.92765208464716109, -4.01227099999999837]
    [0.85221124367538359, 0.61337887660071200, -0.00069792124488227, 7.00633299999999970]
  #222 data/objects/buildingsets/human/utilitarian/common/decal/graphical/util_decal_rectangle_04x02m_a.cgf
    [-0.00000249264546650, -0.98298405418616852, 0.68829152919823811, 0.66297499999996035]
    [0.00000000161395265, -0.68829152919972592, -0.98298405418828705, -1.41164200000000051]
    [1.20000119997870214, -0.00000204093118931, 0.00000143104294351, 85.47213700000000358]
  #223 data/objects/buildingsets/human/lowtech/bravo/int/theatresofwar/decal_hathor_logo.cgf
    [-0.53559117087665242, -0.45043428684772968, -0.01585395689779934, -1.50434500000000071]
    [-0.45071320671840143, 0.53525958093260484, 0.01884365537339027, -1.12061700000000997]
    [-0.00000263734845459, 0.02462582567535092, -0.69956691298346529, 93.11131799999999714]
  #224 objects/buildingsets/human/utilitarian/ugf/ext/common/pipes/set_a/pipe/util_ugf_pipe_set_a_pipe_a_str_64m.cgf
    [-0.37135416857726455, 0.26002483038143465, -0.21090913201547642, 22.84627399999999398]
    [0.17276796050856619, -0.12097063194561777, -0.45333964191378112, -8.09891999999999257]
    [-0.28678703981199366, -0.40957622818458461, -0.00000202235836145, 2.83009200000000005]
  #225 objects/buildingsets/human/utilitarian/common/decal/graphical/util_decal_rectangle_12x02m_a.cgf
    [-0.57922726511193434, 0.57922767450583657, 0.57357757075328197, -6.82632699999999204]
    [-0.40558065075342581, 0.40558052887893897, -0.81915134350279528, -8.11283399999999233]
    [-0.70710696808835316, -0.70710670263728037, 0.00000023663525287, 12.55726199999999970]
  #226 data/objects/buildingsets/human/utilitarian/ugf/int/common/floor/set_a/util_ugf_floor_set_a_floor_08x04_b.cgf
    [0.02467971134743360, -0.76663040302661623, 0.64161478972906716, -0.01473600000002762]
    [-0.02940060371992476, -0.64208926540663358, -0.76606643389884466, 0.22105099999998856]
    [0.99926338757343192, 0.00004243627090999, -0.03838595902737860, 90.60874499999999898]
  #227 data/objects/buildingsets/human/utilitarian/ugf/ext/common/pipes/set_b/framework/util_ugf_pipe_set_b_framework_a_addon_a.cgf
    [-0.15601626155490364, -0.22281165687135285, -0.12654586004516713, 17.49847899999997480]
    [0.07258391645675685, 0.10366016480091859, -0.27200387553698857, -5.61095000000000255]
    [0.24574471348154581, -0.17207410844628990, -0.00000042898829707, 11.25360500000000030]
  #228 data/objects/buildingsets/human/utilitarian/ugf/ext/struct/bg/greeble/ugf_ext_struct_bg_greeble_f.cgf
    [-0.65054248155345262, -0.00000142586178438, -0.46561195706962982, -24.27030400000001009]
    [-0.46561195707124697, 0.00000074463751746, 0.65054248155343164, -15.98811100000000351]
    [-0.00000072608940620, 0.80000000929461279, -0.00000143539577653, 0.21169299999999999]
  #229 data/objects/buildingsets/human/utilitarian/ugf/ext/common/pipes/set_b/framework/util_ugf_pipe_set_b_framework_a_addon_a.cgf
    [-0.04450235523683837, -0.00000053986286503, 0.59834778239115294, -0.48845000000000027]
    [0.59834778238877839, -0.00000181506794372, 0.04450235523502415, 34.04444000000000869]
    [0.00000177002655126, 0.60000044025878996, 0.00000067300041708, 4.64747700000000030]
  #230 data/objects/buildingsets/human/utilitarian/ugf/ext/common/pipes/set_b/framework/util_ugf_pipe_set_b_framework_a_addon_a.cgf
    [-0.00000075508942153, 0.57430105501230033, 0.81864389336074384, -5.72887500000001637]
    [-0.00000188484415329, -0.81864389336034060, 0.57430105501027884, -5.08583400000000552]
    [0.99999976296073456, -0.00000110936776770, 0.00000170061773240, 19.52621399999999952]
  #231 data/objects/buildingsets/human/utilitarian/ugf/ext/common/pipes/set_b/framework/util_ugf_pipe_set_b_framework_a_addon_a.cgf
    [0.01514787414329406, 0.02163408143940940, 0.29883523944980922, 1.79124400000000605]
    [-0.17140441867557543, -0.24479180050734525, 0.02641006570747224, 14.61945700000001125]
    [0.24574592382222712, -0.17207246389953842, 0.00000033922436999, 14.91688399999999959]
  #232 data/objects/buildingsets/human/station/hightech/pss/int/skel/lrg/pss_int_lrgcorr_sign_chevron_01b.cgf
    [-0.54164218110262929, 0.75310200165361019, 0.49189354534947077, 18.27571000000000367]
    [0.28785044902588230, -0.39887575264251623, 0.92765208464716109, -4.58484899999999129]
    [0.85221124367538359, 0.61337887660071200, -0.00069792124488227, 5.31116000000000010]
  #233 data/objects/buildingsets/human/utilitarian/ugf/ext/common/pipes/set_a/pipe/util_ugf_pipe_set_a_pipe_a_cnr_a.cgf
    [0.90667977555749613, 0.00000213809161148, -0.42182035969736326, 39.97245299999997314]
    [-0.42182035968784998, -0.00000381842880504, -0.90667977555640233, -15.23301000000000727]
    [-0.00000354925431422, 1.00000031562276193, -0.00000256020079124, 4.64749700000000043]
  #234 data/objects/buildingsets/human/utilitarian/ugf/int/common/floor/set_a/util_ugf_floor_set_a_floor_03x04_a.cgf
    [0.81864866173704709, -0.57429468617416135, 0.00000000000000000, -24.66056099999997286]
    [0.57429468617416135, 0.81864866173704709, 0.00000000000000000, -23.80634200000000078]
    [0.00000000000000000, 0.00000000000000000, 1.00000000896586827, 0.42846200000000001]
  #235 data/objects/buildingsets/human/utilitarian/ugf/ext/struct/bg/greeble/ugf_ext_struct_bg_greeble_b.cgf
    [-0.70925729041447794, 1.01102855743513986, 0.00000000000000000, 5.00588900000002468]
    [1.01102855743513986, 0.70925729041447760, 0.00000000000000000, 2.60654399999998532]
    [0.00000000000000000, 0.00000000000000000, -1.23499985747184082, 31.30403499999999894]
  #236 data/objects/buildingsets/human/utilitarian/ugf/ext/struct/bg/greeble/ugf_ext_struct_bg_greeble_a.cgf
    [-0.99649698432770406, 0.08360465394917616, -0.00000199824694812, 2.03959999999995034]
    [-0.08360465394917616, -0.99649698432970402, -0.00000008367795642, 23.10036900000000060]
    [-0.00000199824694288, 0.00000008367808166, 0.99999798896605951, 0.43404900000000002]
  #237 data/objects/buildingsets/human/utilitarian/ugf/int/common/addon/tank/util_ugf_addon_tank_c.cgf
    [0.89650598317138341, -0.07922738965287664, 0.00000000000000000, 3.01084600000001501]
    [0.07922738965287664, 0.89650598317138341, 0.00000000000000000, 1.18706100000002834]
    [0.00000000000000000, 0.00000000000000000, 0.89999997618516492, 47.57468699999999728]
  #238 data/objects/buildingsets/human/utilitarian/ugf/ext/common/pipes/set_b/framework/util_ugf_pipe_set_b_framework_a_addon_a.cgf
    [-0.49118954945334270, 0.00000106673599991, -0.34457633583778630, -32.88608699999997498]
    [-0.34457633583900216, -0.00000056688001174, 0.49118954945332122, -24.75846400000000358]
    [0.00000054772687757, 0.60000002059270918, 0.00000107669582955, 4.64746300000000012]
  #239 objects/buildingsets/human/station/hightech/pss/int/skel/lrg/pss_int_lrgcorr_sign_chevron_01a.cgf
    [-0.08408845437416150, -0.11504738823063478, 1.04028560724057373, 4.74394199999994726]
    [0.61385317550398144, 0.83986809890391989, 0.14250182348590626, 3.45534600000002001]
    [-0.84771122742019756, 0.61958582071771129, -0.00000095782453762, 25.07593200000000166]
  #240 data/objects/buildingsets/human/brand/associatedscience/signs/asd_sign_decal_caution_floor_chevron_a.cgf
    [-0.31720768625645285, -0.14791664176083191, 0.00000000000000000, 42.11177699999996094]
    [0.14791664176083191, -0.31720768625645285, 0.00000000000000000, -11.98456300000000851]
    [0.00000000000000000, 0.00000000000000000, 0.35000007018567086, 0.68348500000000001]
  #241 data/objects/buildingsets/human/utilitarian/ugf/ext/common/trims/set_a/util_ugf_ext_trim_set_a_trim_cnr_01m_a.cgf
    [0.42182195228580061, -0.90667845057295560, 0.00000000000000000, 19.22706000000005133]
    [0.90667845057295560, 0.42182195228580061, 0.00000000000000000, -5.93971300000001179]
    [0.00000000000000000, 0.00000000000000000, 0.99999978608176698, 0.83819800000000000]
  #242 data/objects/buildingsets/human/utilitarian/ugf/ext/common/pipes/set_b/framework/util_ugf_pipe_set_b_framework_a_addon_a.cgf
    [0.14950745871060078, 0.19484273313499495, -0.17228999700836531, -6.19040699999999333]
    [0.10488464116544331, 0.13668597264850460, 0.24559350737242186, -5.24506800000000339]
    [0.23800576835920087, -0.18262877144737288, -0.00000145912153228, 18.32827800000000096]
  #243 data/objects/buildingsets/human/brand/associatedscience/asd_adv_keep_caution_a.cgf
    [2.31549039399728551, -2.29717655296421652, -2.31548849547777769, -9.07916399999999157]
    [1.62434948000692603, 3.27459657627982059, -1.62434875636050302, -9.68910299999998870]
    [2.82842639200311030, 0.00000035206567725, 2.82842836181020330, 8.32246199999999980]
  #244 objects/buildingsets/human/station/hightech/pss/int/skel/lrg/pss_int_lrgcorr_sign_chevron_01a.cgf
    [0.58349002778803993, 0.77829740149356497, -0.39533991722000361, 4.06564100000002782]
    [-0.23714194384703582, -0.31631842914784458, -0.97273195572939386, -1.52456499999999551]
    [-0.84012153512905741, 0.62983880005684512, -0.00000160983925204, 24.98667199999999866]
  #245 data/objects/buildingsets/human/utilitarian/ugf/ext/common/pipes/set_b/framework/util_ugf_pipe_set_b_framework_a_addon_a.cgf
    [0.54400815264971236, 0.00000045570427653, -0.25309135206434041, 32.96597999999994499]
    [-0.25309135206175010, -0.00000194214716363, -0.54400815264764146, -13.35198900000000322]
    [-0.00000123241231298, 0.60000008552944106, -0.00000156868157499, 4.64749400000000001]
  #246 data/objects/buildingsets/human/utilitarian/ugf/ext/common/pipes/set_b/framework/util_ugf_pipe_set_b_framework_a_addon_a.cgf
    [0.00001043423371218, 0.79689281975193615, -0.07043950625309929, 1.62524900000005346]
    [0.00000113770109382, 0.07043950624423838, 0.79689281982021842, 0.31168000000002394]
    [0.79999993138254577, -0.00001049388218523, -0.00000021455447081, 56.67846999999999724]
  #247 data/objects/buildingsets/human/utilitarian/common/decal/graphical/util_decal_rectangle_04x02m_a.cgf
    [-0.00000249264500364, 0.98298239144613353, -0.68829217221427541, -2.05974700000001576]
    [-0.00000052530261825, 0.68829217221480077, 0.98298239144878596, -1.69536800000000198]
    [1.20000020676011965, 0.00000234315611892, -0.00000099942051122, 85.41585100000000352]
  #248 data/objects/buildingsets/human/brand/hathor/hathor_3d_logo_round_worn.cgf
    [0.16372984669256510, 0.00000018297550015, 0.11485877522727898, -26.14332600000000184]
    [0.11485877522687309, 0.00000035902487497, -0.16372984669255844, -22.10430700000000570]
    [-0.00000035597853581, 0.20000000236138141, 0.00000018883372723, 4.18264899999999962]
  #249 objects/buildingsets/human/utilitarian/common/decal/graphical/util_decal_rectangle_12x02m_a.cgf
    [0.57922692358288941, 0.57922913665373543, -0.57357653498670669, -17.90657499999997526]
    [0.40557942966122623, 0.40558028517568834, 0.81915213590136526, -11.03527299999998945]
    [0.70710802602690270, -0.70710572248247472, -0.00000040203894865, 4.63303300000000018]
  #250 objects/buildingsets/human/utilitarian/common/decal/graphical/util_decal_rectangle_12x02m_a.cgf
    [0.57922692358288941, 0.57922913665373543, -0.57357653498670669, -16.16889099999997370]
    [0.40557942966122623, 0.40558028517568834, 0.81915213590136526, -9.81853399999999965]
    [0.70710802602690270, -0.70710572248247472, -0.00000040203894865, 3.92592700000000017]
  #251 data/objects/buildingsets/human/utilitarian/ugf/ext/struct/bg/greeble/ugf_ext_struct_bg_greeble_f.cgf
    [0.72850348710193902, -0.00000037700519076, -0.33057893923223708, 28.22308999999995649]
    [-0.33057893922689646, 0.00000380722425083, -0.72850348709451174, -12.13813500000000545]
    [0.00000191654753870, 0.79999985360567494, 0.00000331118331445, 4.67848400000000009]
  #252 data/objects/buildingsets/human/station/hightech/pss/int/skel/lrg/pss_int_lrgcorr_sign_num_01a.cgf
    [0.65491885847762632, 0.00000034520720135, 0.45943628462385783, -13.38070399999998017]
    [0.45943628462371167, -0.00000136884577357, -0.65491885847638953, -12.70154700000000503]
    [0.00000050351822614, 0.80000025676042019, -0.00000131885410854, 5.09021100000000004]
  #253 data/objects/buildingsets/human/station/hightech/pss/int/skel/lrg/pss_int_lrgcorr_sign_chevron_01b.cgf
    [0.02111212736373955, -0.00364465063646587, -1.04978122459325807, 0.25222799999994550]
    [-0.60806654319832432, 0.85587595833673058, -0.01520025962371567, 16.03703600000000051]
    [0.85575053726516737, 0.60824557982078764, 0.01509826173624932, 7.17435500000000026]
  #254 objects/buildingsets/human/utilitarian/common/decal/graphical/util_decal_rectangle_12x02m_a.cgf
    [-0.57922726511193434, 0.57922767450583657, 0.57357757075328197, -8.56401099999999360]
    [-0.40558065075342581, 0.40558052887893897, -0.81915134350279528, -9.32957300000001055]
    [-0.70710696808835316, -0.70710670263728037, 0.00000023663525287, 13.26436799999999927]
  #255 data/objects/buildingsets/human/brand/associatedscience/asd_adv_keep_caution_a.cgf
    [-2.31549217206261959, 2.29718308775553393, -2.31548694973892699, -11.35285299999998188]
    [-1.62435554495368417, -3.27459674056127792, -1.62435193300228775, -6.44799499999999171]
    [-2.82842695091450924, -0.00000002986628416, 2.82843330048722308, 8.32246199999999980]
