# IncludedObjects
# Cgfs: 65, Materials: 8, Palettes: 1, Placements: 255

[CGFs]
      0: objects/buildingsets/human/lowtech/bravo/ext/roomsm_b/wall/roomsm_b_wall_door_04x01x04_a.cgf
      1: objects/buildingsets/human/lowtech/bravo/ext/roomslg_b/wall/roomslg_b_wall_straight_02x01x04_a.cgf
      2: objects/buildingsets/human/lowtech/bravo/int/railing/open/railing_open_stair_left_04x0025x02_a.cgf
      3: objects/buildingsets/human/lowtech/bravo/int/railing/cover/railing_cover_straight_02x0025x0125_a.cgf
      4: objects/buildingsets/human/lowtech/bravo/ext/roomsm_b/wall/roomsm_b_wall_straight_pillar_buttress.cgf
      5: objects/buildingsets/human/lowtech/bravo/int/railing/open/railing_open_stair_left_02x0025x01_a.cgf
      6: objects/buildingsets/human/lowtech/bravo/ext/roomsm_b/wall/roomsm_b_wall_garage_door_frame_04x01x04_a.cgf
      7: objects/buildingsets/human/lowtech/bravo/int/railing/cover/railing_cover_straight_08x0025x0125_a.cgf
      8: objects/buildingsets/human/lowtech/bravo/ext/roomslg_b/wall/roomslg_b_wall_straight_24x01x04_a.cgf
      9: objects/buildingsets/human/lowtech/bravo/ext/roomslg_b/wall/roomslg_b_wall_garage_door_frame_16x01x08_a.cgf
     10: objects/buildingsets/human/lowtech/bravo/ext/roomslg_b/wall/roomslg_b_wall_corner_out_04x01x04_a.cgf
     11: objects/buildingsets/human/lowtech/bravo/int/railing/cover/railing_cover_straight_16x0025x0125_a.cgf
     12: objects/buildingsets/human/lowtech/bravo/ext/roomslg_b/wall/roomslg_b_wall_corner_in_02x01x04_a.cgf
     13: objects/buildingsets/human/lowtech/bravo/int/railing/open/railing_open_stair_right_04x0025x02_a.cgf
     14: objects/buildingsets/human/lowtech/bravo/int/railing/cover/railing_cover_straight_04x0025x0125_a.cgf
     15: objects/buildingsets/human/hightech/alpha/ext/landingpad/ext_landingpad_wall_straight_08x02x06_a.cgf
     16: objects/buildingsets/human/lowtech/bravo/ext/concrete/fs_concrete_phase1_garagea.cgf
     17: objects/buildingsets/human/hightech/alpha/ext/landingpad/ext_landingpad_floor_straight_08x08x02_a.cgf
     18: objects/buildingsets/human/hightech/alpha/ext/landingpad/ext_landingpad_floor_cornerout_08x08x02_a.cgf
     19: objects/buildingsets/human/lowtech/bravo/ext/pipe/ext_pipe_straight_16x02x02_a.cgf
     20: objects/buildingsets/human/lowtech/bravo/ext/pipe/ext_pipe_straight_04x02x02_a.cgf
     21: objects/buildingsets/human/lowtech/bravo/int/stair/stair_straight_04x08x04_c_fs.cgf
     22: objects/buildingsets/human/hightech/alpha/ext/landingpad/ext_landingpad_floor_center_40x08x02_a.cgf
     23: objects/buildingsets/human/lowtech/bravo/ext/pipe/ext_pipe_junctiont_04x04x02_a.cgf
     24: objects/buildingsets/human/hightech/alpha/ext/landingpad/ext_landingpad_floor_center_08x04x02_a.cgf
     25: objects/buildingsets/human/lowtech/bravo/ext/pipe/ext_pipe_straight_08x02x02_a.cgf
     26: objects/buildingsets/human/lowtech/bravo/ext/pipe/ext_pipe_corner_02x02x02_a.cgf
     27: objects/buildingsets/human/hightech/alpha/ext/landingpad/ext_landingpad_floor_center_32x32x02_b.cgf
     28: objects/buildingsets/human/lowtech/bravo/ext/pipe/ext_pipe_straight_02x02x02_a.cgf
     29: objects/buildingsets/human/hightech/alpha/ext/landingpad/ext_landingpad_wall_cornerin_02x02x06_a.cgf
     30: objects/buildingsets/human/hightech/alpha/ext/landingpad/ext_landingpad_floor_center_24x08x02_a.cgf
     31: objects/buildingsets/human/hightech/delta/ext/landingpad_b/floor/concreteslab_ramp_08x08x01_a.cgf
     32: objects/buildingsets/human/hightech/alpha/ext/landingpad/ext_landingpad_floor_straight_04x08x02_a_alt_fs.cgf
     33: objects/buildingsets/human/lowtech/bravo/ext/roomslg_b/roof/roomslg_b_roofedge_corner_4x4x025_a.cgf
     34: objects/buildingsets/human/lowtech/bravo/int/theatresofwar/hathor_plinth_02.cgf
     35: objects/buildingsets/human/lowtech/bravo/ext/roomslg_b/roof/roomslg_b_roofedge_straight_8x2x025_a.cgf
     36: objects/buildingsets/human/lowtech/bravo/ext/roomslg_b/wall/roomslg_b_wall_straight_06x01x04_a.cgf
     37: objects/buildingsets/human/lowtech/bravo/int/theatresofwar/decal_hathor_letter_b.cgf
     38: objects/buildingsets/human/lowtech/bravo/int/theatresofwar/decal_hathor_word_hangar.cgf
     39: objects/buildingsets/human/lowtech/bravo/ext/roomslg_b/roof/roomslg_b_roofedge_straight_2x2x025_a.cgf
     40: objects/buildingsets/human/lowtech/bravo/ext/roomslg_b/wall/roomslg_b_wall_straight_18x01x08_b.cgf
     41: objects/buildingsets/human/lowtech/bravo/int/theatresofwar/decal_hathor_letter_y.cgf
     42: objects/buildingsets/human/lowtech/bravo/ext/roomslg_b/wall/roomslg_b_wall_corner_out_04x01x08_b.cgf
     43: objects/buildingsets/human/lowtech/bravo/ext/roomslg_b/roof/roomslg_b_roofedge_straight_12x2x025_a.cgf
     44: objects/buildingsets/human/lowtech/bravo/ext/roomslg_b/wall/roomslg_b_wall_straight_16x01x04_b.cgf
     45: objects/buildingsets/human/lowtech/bravo/ext/roomslg_b/roof/roomslg_b_roofedge_straight_24x2x025_a.cgf
     46: objects/buildingsets/human/lowtech/bravo/ext/roomslg_b/roof/roomslg_b_roof_4x8x025_a.cgf
     47: objects/buildingsets/human/lowtech/bravo/ext/roomslg_b/wall/roomslg_b_wall_corner_out_04x01x08_b_missingpanels_01.cgf
     48: objects/buildingsets/human/lowtech/bravo/ext/roomslg_b/wall/roomslg_b_wall_straight_02x01x08_b.cgf
     49: objects/buildingsets/human/lowtech/bravo/int/theatresofwar/decal_hathor_number_0.cgf
     50: objects/buildingsets/human/lowtech/bravo/int/roomsm/door/roomsm_door_garage_a_ext.cgf
     51: objects/buildingsets/human/lowtech/bravo/ext/roomslg_b/wall/roomslg_b_wall_straight_12x01x04_a.cgf
     52: objects/buildingsets/human/lowtech/bravo/ext/roomslg_b/roof/roomslg_b_roofedge_corner_in_4x4x025_a.cgf
     53: objects/buildingsets/human/lowtech/bravo/ext/roomslg_b/wall/roomslg_b_wall_straight_24x01x08_b.cgf
     54: objects/buildingsets/human/lowtech/bravo/ext/roomslg_b/roof/roomslg_b_roof_4x24x025_a.cgf
     55: objects/buildingsets/human/brand/hathor/hathor_3d_logo_round_clean.cgf
     56: objects/buildingsets/human/lowtech/bravo/int/theatresofwar/decal_hathor_number_3.cgf
     57: objects/buildingsets/human/lowtech/bravo/int/theatresofwar/decal_hathor_letter_a.cgf
     58: objects/buildingsets/human/lowtech/bravo/ext/roomslg_b/roof/roomslg_b_roofedge_straight_4x2x025_a.cgf
     59: objects/buildingsets/human/lowtech/bravo/ext/roomslg_b/roof/roomslg_b_roof_8x34x025_a.cgf
     60: objects/buildingsets/human/lowtech/bravo/int/theatresofwar/hathor_plinth_01.cgf
     61: objects/buildingsets/human/lowtech/bravo/ext/roomslg_b/roof/roomslg_b_roof_12x16x025_a.cgf
     62: objects/buildingsets/human/lowtech/bravo/ext/roomslg_b/wall/roomslg_b_wall_straight_04x01x08_b.cgf
     63: objects/buildingsets/human/lowtech/bravo/ext/roomslg_b/roof/roomslg_b_roofedge_straight_16x2x025_a.cgf
     64: objects/buildingsets/human/lowtech/bravo/ext/roomslg_b/wall/roomslg_b_wall_corner_in_02x01x08_b.cgf

[Materials]
      0: objects/buildingsets/human/lowtech/bravo/ext/lowtech_bravo_ext_fs_karnes_02
      1: objects/buildingsets/human/lowtech/bravo/ext/lowtech_bravo_ext_a_chemline_tow
      2: objects/buildingsets/human/lowtech/bravo/ext/lowtech_bravo_ext_a_chemline
      3: objects/buildingsets/human/lowtech/bravo/ext/lowtech_bravo_ext_fs_karnes_03
      4: objects/buildingsets/human/lowtech/bravo/ext/lowtech_bravo_ext_a_chemline_tow_facades
      5: objects/buildingsets/human/lowtech/bravo/int/lowtechbravo_int_decal_hathor_white
      6: objects/buildingsets/human/lowtech/bravo/int/lowtechbravo_int_decal_hathor_white_02
      7: objects/buildingsets/human/lowtech/bravo/ext/hero/fracking_tower/fracking_tower_fs

[Palettes]
      0: Libs/Foundry/Records/TintPalettes/default

[Placements]
  #0 objects/buildingsets/human/lowtech/bravo/ext/roomsm_b/wall/roomsm_b_wall_door_04x01x04_a.cgf
    [-0.00000064012100026, 1.00000042674731060, 0.00000000000000000, 17.49986000000001241]
    [-1.00000042674731060, -0.00000064012100026, -0.00000000000000000, 6.49913300000000049]
    [-0.00000000000000000, 0.00000000000000000, 1.00000042674751533, 3.50000000000000000]
  #1 objects/buildingsets/human/lowtech/bravo/ext/roomslg_b/wall/roomslg_b_wall_straight_02x01x04_a.cgf
    [-0.00000064012100026, 1.00000042674731060, 0.00000000000000000, 11.99986000000001241]
    [-1.00000042674731060, -0.00000064012100026, -0.00000000000000000, -11.50086699999999951]
    [-0.00000000000000000, 0.00000000000000000, 1.00000042674751533, 3.50000000000000000]
  #2 objects/buildingsets/human/lowtech/bravo/int/railing/open/railing_open_stair_left_04x0025x02_a.cgf
    [-1.00000000000000000, 0.00000000000000000, 0.00000000000000000, 64.96861000000001241]
    [0.00000000000000000, -1.00000000000000000, 0.00000000000000000, 44.49913300000000049]
    [0.00000000000000000, 0.00000000000000000, 1.00000000000000000, 1.28125000000000000]
  #3 objects/buildingsets/human/lowtech/bravo/int/railing/cover/railing_cover_straight_02x0025x0125_a.cgf
    [0.70710739454380356, -0.70710630719099521, 0.00000000000000000, 59.73650199999997312]
    [0.70710630719099521, 0.70710739454380356, 0.00000000000000000, -27.70322800000000285]
    [0.00000000000000000, 0.00000000000000000, 1.00000009854390126, 3.25000000000000000]
  #4 objects/buildingsets/human/lowtech/bravo/ext/roomsm_b/wall/roomsm_b_wall_straight_pillar_buttress.cgf
    [-0.00000064012100026, 1.00000042674731060, 0.00000000000000000, 12.49986000000001241]
    [-1.00000042674731060, -0.00000064012100026, -0.00000000000000000, 30.99913300000000049]
    [-0.00000000000000000, 0.00000000000000000, 1.00000042674751533, 3.50000000000000000]
  #5 objects/buildingsets/human/lowtech/bravo/ext/roomslg_b/wall/roomslg_b_wall_straight_02x01x04_a.cgf
    [-0.00000064012100026, 1.00000042674731060, 0.00000000000000000, 11.99986000000001241]
    [-1.00000042674731060, -0.00000064012100026, -0.00000000000000000, 22.49913300000000049]
    [-0.00000000000000000, 0.00000000000000000, 1.00000042674751533, 3.50000000000000000]
  #6 objects/buildingsets/human/lowtech/bravo/int/railing/open/railing_open_stair_left_02x0025x01_a.cgf
    [-0.00000064012100026, -1.00000042674731060, 0.00000000000000000, 50.99986000000001241]
    [1.00000042674731060, -0.00000064012100026, 0.00000000000000000, 49.06162600000000396]
    [0.00000000000000000, 0.00000000000000000, 1.00000042674751533, 3.25000000000000000]
  #7 objects/buildingsets/human/lowtech/bravo/ext/roomsm_b/wall/roomsm_b_wall_garage_door_frame_04x01x04_a.cgf
    [-0.00000064012100026, 1.00000042674731060, 0.00000000000000000, 11.99986000000001241]
    [-1.00000042674731060, -0.00000064012100026, -0.00000000000000000, -13.50086699999999951]
    [-0.00000000000000000, 0.00000000000000000, 1.00000042674751533, 3.50000000000000000]
  #8 objects/buildingsets/human/lowtech/bravo/ext/roomsm_b/wall/roomsm_b_wall_straight_pillar_buttress.cgf
    [-0.00000064012100026, 1.00000042674731060, 0.00000000000000000, 18.49986000000001241]
    [-1.00000042674731060, -0.00000064012100026, -0.00000000000000000, 2.99913300000000049]
    [-0.00000000000000000, 0.00000000000000000, 1.00000042674751533, 3.50000000000000000]
  #9 objects/buildingsets/human/lowtech/bravo/int/railing/cover/railing_cover_straight_08x0025x0125_a.cgf
    [-0.00000064012100026, -1.00000042674731060, 0.00000000000000000, 61.06233699999995679]
    [1.00000042674731060, -0.00000064012100026, 0.00000000000000000, -9.93806399999999712]
    [0.00000000000000000, 0.00000000000000000, 1.00000042674751533, 3.25000000000000000]
  #10 objects/buildingsets/human/lowtech/bravo/ext/roomslg_b/wall/roomslg_b_wall_straight_24x01x04_a.cgf
    [-1.00000000000000000, 0.00000000000000000, 0.00000000000000000, 8.99986000000001241]
    [0.00000000000000000, -1.00000000000000000, 0.00000000000000000, -24.50086699999999951]
    [0.00000000000000000, 0.00000000000000000, 1.00000000000000000, 3.50000000000000000]
  #11 objects/buildingsets/human/lowtech/bravo/ext/roomsm_b/wall/roomsm_b_wall_straight_pillar_buttress.cgf
    [-0.00000064012100026, 1.00000042674731060, 0.00000000000000000, 12.49986000000001241]
    [-1.00000042674731060, -0.00000064012100026, -0.00000000000000000, -11.00086699999999951]
    [-0.00000000000000000, 0.00000000000000000, 1.00000042674751533, 3.50000000000000000]
  #12 objects/buildingsets/human/lowtech/bravo/ext/roomslg_b/wall/roomslg_b_wall_garage_door_frame_16x01x08_a.cgf
    [-0.00000064012100026, -1.00000042674731060, 0.00000000000000000, -18.00013999999998759]
    [1.00000042674731060, -0.00000064012100026, 0.00000000000000000, -21.50086699999999951]
    [0.00000000000000000, 0.00000000000000000, 1.00000042674751533, 3.50000000000000000]
  #13 objects/buildingsets/human/lowtech/bravo/ext/roomslg_b/wall/roomslg_b_wall_straight_02x01x04_a.cgf
    [-0.00000064012100026, -1.00000042674731060, 0.00000000000000000, -18.00013999999998759]
    [1.00000042674731060, -0.00000064012100026, 0.00000000000000000, -5.50086699999999951]
    [0.00000000000000000, 0.00000000000000000, 1.00000042674751533, 3.50000000000000000]
  #14 objects/buildingsets/human/lowtech/bravo/int/railing/cover/railing_cover_straight_08x0025x0125_a.cgf
    [1.00000000000000000, 0.00000000000000000, 0.00000000000000000, 45.17584199999998873]
    [0.00000000000000000, 1.00000000000000000, 0.00000000000000000, -27.63888099999999781]
    [0.00000000000000000, 0.00000000000000000, 1.00000000000000000, 3.25000000000000000]
  #15 objects/buildingsets/human/lowtech/bravo/ext/roomsm_b/wall/roomsm_b_wall_straight_pillar_buttress.cgf
    [0.00000222586295115, -1.00000042674518408, 0.00000000000000000, -18.50013999999998759]
    [1.00000042674518408, 0.00000222586295115, 0.00000000000000000, 30.99913300000000049]
    [0.00000000000000000, 0.00000000000000000, 1.00000042674766121, 3.50000000000000000]
  #16 objects/buildingsets/human/lowtech/bravo/ext/roomslg_b/wall/roomslg_b_wall_corner_out_04x01x04_a.cgf
    [-1.00000000000000000, 0.00000000000000000, 0.00000000000000000, -15.00013999999998759]
    [0.00000000000000000, -1.00000000000000000, 0.00000000000000000, -21.50086699999999951]
    [0.00000000000000000, 0.00000000000000000, 1.00000000000000000, 3.50000000000000000]
  #17 objects/buildingsets/human/lowtech/bravo/int/railing/cover/railing_cover_straight_16x0025x0125_a.cgf
    [-0.00000064012100026, -1.00000042674731060, 0.00000000000000000, 61.06234700000004523]
    [1.00000042674731060, -0.00000064012100026, 0.00000000000000000, 8.56193600000000288]
    [0.00000000000000000, 0.00000000000000000, 1.00000042674751533, 3.25000000000000000]
  #18 objects/buildingsets/human/lowtech/bravo/ext/roomslg_b/wall/roomslg_b_wall_corner_in_02x01x04_a.cgf
    [-1.00000000000000000, 0.00000000000000000, 0.00000000000000000, 11.99986000000001241]
    [0.00000000000000000, -1.00000000000000000, 0.00000000000000000, -0.50086699999999951]
    [0.00000000000000000, 0.00000000000000000, 1.00000000000000000, 3.50000000000000000]
  #19 objects/buildingsets/human/lowtech/bravo/ext/roomsm_b/wall/roomsm_b_wall_straight_pillar_buttress.cgf
    [-0.00000064012100026, 1.00000042674731060, 0.00000000000000000, 12.49986000000001241]
    [-1.00000042674731060, -0.00000064012100026, -0.00000000000000000, -13.00086699999999951]
    [-0.00000000000000000, 0.00000000000000000, 1.00000042674751533, 3.50000000000000000]
  #20 objects/buildingsets/human/lowtech/bravo/ext/roomsm_b/wall/roomsm_b_wall_straight_pillar_buttress.cgf
    [-0.00000064012100026, 1.00000042674731060, 0.00000000000000000, 18.49986000000001241]
    [-1.00000042674731060, -0.00000064012100026, -0.00000000000000000, 6.99913300000000049]
    [-0.00000000000000000, 0.00000000000000000, 1.00000042674751533, 3.50000000000000000]
  #21 objects/buildingsets/human/lowtech/bravo/int/railing/open/railing_open_stair_right_04x0025x02_a.cgf
    [-1.00000000000000000, 0.00000000000000000, 0.00000000000000000, 64.96861000000001241]
    [0.00000000000000000, -1.00000000000000000, 0.00000000000000000, 36.49913300000000049]
    [0.00000000000000000, 0.00000000000000000, 1.00000000000000000, 1.28125000000000000]
  #22 objects/buildingsets/human/lowtech/bravo/ext/roomsm_b/wall/roomsm_b_wall_straight_pillar_buttress.cgf
    [-0.00000064012100026, 1.00000042674731060, 0.00000000000000000, 12.49986000000001241]
    [-1.00000042674731060, -0.00000064012100026, -0.00000000000000000, 20.99913300000000049]
    [-0.00000000000000000, 0.00000000000000000, 1.00000042674751533, 3.50000000000000000]
  #23 objects/buildingsets/human/lowtech/bravo/ext/roomsm_b/wall/roomsm_b_wall_garage_door_frame_04x01x04_a.cgf
    [-0.00000064012100026, 1.00000042674731060, 0.00000000000000000, 11.99986000000001241]
    [-1.00000042674731060, -0.00000064012100026, -0.00000000000000000, 30.49913300000000049]
    [-0.00000000000000000, 0.00000000000000000, 1.00000042674751533, 3.50000000000000000]
  #24 objects/buildingsets/human/lowtech/bravo/int/railing/open/railing_open_stair_left_04x0025x02_a.cgf
    [-1.00000000000000000, 0.00000000000000000, 0.00000000000000000, 65.09361000000001241]
    [0.00000000000000000, -1.00000000000000000, 0.00000000000000000, 8.24913300000000049]
    [0.00000000000000000, 0.00000000000000000, 1.00000000000000000, 1.28125000000000000]
  #25 objects/buildingsets/human/lowtech/bravo/ext/roomsm_b/wall/roomsm_b_wall_straight_pillar_buttress.cgf
    [0.00000222586295115, -1.00000042674518408, 0.00000000000000000, -18.50013999999998759]
    [1.00000042674518408, 0.00000222586295115, 0.00000000000000000, -22.00086699999999951]
    [0.00000000000000000, 0.00000000000000000, 1.00000042674766121, 3.25000000000000000]
  #26 objects/buildingsets/human/lowtech/bravo/ext/roomsm_b/wall/roomsm_b_wall_straight_pillar_buttress.cgf
    [-0.00000064012100026, 1.00000042674731060, 0.00000000000000000, 12.49986000000001241]
    [-1.00000042674731060, -0.00000064012100026, -0.00000000000000000, 22.99913300000000049]
    [-0.00000000000000000, 0.00000000000000000, 1.00000042674751533, 3.50000000000000000]
  #27 objects/buildingsets/human/lowtech/bravo/ext/roomslg_b/wall/roomslg_b_wall_corner_out_04x01x04_a.cgf
    [1.00000000000000000, 0.00000000000000000, 0.00000000000000000, 14.99986000000001241]
    [0.00000000000000000, 1.00000000000000000, 0.00000000000000000, 6.49913300000000049]
    [0.00000000000000000, 0.00000000000000000, 1.00000000000000000, 3.50000000000000000]
  #28 objects/buildingsets/human/lowtech/bravo/int/railing/open/railing_open_stair_right_04x0025x02_a.cgf
    [-0.00000064012100026, -1.00000042674731060, 0.00000000000000000, 53.28111000000001241]
    [1.00000042674731060, -0.00000064012100026, 0.00000000000000000, -31.43836699999999951]
    [0.00000000000000000, 0.00000000000000000, 1.00000042674751533, 1.34375000000000000]
  #29 objects/buildingsets/human/lowtech/bravo/ext/roomslg_b/wall/roomslg_b_wall_straight_24x01x04_a.cgf
    [1.00000000000000000, 0.00000000000000000, 0.00000000000000000, -15.00013999999998759]
    [0.00000000000000000, 1.00000000000000000, 0.00000000000000000, 33.49913300000000049]
    [0.00000000000000000, 0.00000000000000000, 1.00000000000000000, 3.50000000000000000]
  #30 objects/buildingsets/human/lowtech/bravo/ext/roomslg_b/wall/roomslg_b_wall_straight_02x01x04_a.cgf
    [-0.00000064012100026, -1.00000042674731060, 0.00000000000000000, -18.00013999999998759]
    [1.00000042674731060, -0.00000064012100026, 0.00000000000000000, 12.49913300000000049]
    [0.00000000000000000, 0.00000000000000000, 1.00000042674751533, 3.50000000000000000]
  #31 objects/buildingsets/human/lowtech/bravo/int/railing/cover/railing_cover_straight_02x0025x0125_a.cgf
    [1.00000000000000000, 0.00000000000000000, 0.00000000000000000, 57.42584199999998873]
    [0.00000000000000000, 1.00000000000000000, 0.00000000000000000, -27.63888699999999687]
    [0.00000000000000000, 0.00000000000000000, 1.00000000000000000, 3.25000000000000000]
  #32 objects/buildingsets/human/lowtech/bravo/ext/roomslg_b/wall/roomslg_b_wall_garage_door_frame_16x01x08_a.cgf
    [-0.00000064012100026, -1.00000042674731060, 0.00000000000000000, -18.00013999999998759]
    [1.00000042674731060, -0.00000064012100026, 0.00000000000000000, 14.49913300000000049]
    [0.00000000000000000, 0.00000000000000000, 1.00000042674751533, 3.50000000000000000]
  #33 objects/buildingsets/human/lowtech/bravo/int/railing/cover/railing_cover_straight_08x0025x0125_a.cgf
    [-0.00000064012100026, -1.00000042674731060, 0.00000000000000000, 61.06235600000002250]
    [1.00000042674731060, -0.00000064012100026, 0.00000000000000000, 24.56193600000000288]
    [0.00000000000000000, 0.00000000000000000, 1.00000042674751533, 3.25000000000000000]
  #34 objects/buildingsets/human/lowtech/bravo/ext/roomsm_b/wall/roomsm_b_wall_straight_pillar_buttress.cgf
    [-0.00000064012100026, 1.00000042674731060, 0.00000000000000000, 12.49986000000001241]
    [-1.00000042674731060, -0.00000064012100026, -0.00000000000000000, -3.00086699999999951]
    [-0.00000000000000000, 0.00000000000000000, 1.00000042674751533, 3.50000000000000000]
  #35 objects/buildingsets/human/lowtech/bravo/int/railing/cover/railing_cover_straight_02x0025x0125_a.cgf
    [-0.00000064012100026, 1.00000042674731060, 0.00000000000000000, 12.92584199999998873]
    [-1.00000042674731060, -0.00000064012100026, -0.00000000000000000, -25.38886300000000062]
    [-0.00000000000000000, 0.00000000000000000, 1.00000042674751533, 3.25000000000000000]
  #36 objects/buildingsets/human/lowtech/bravo/ext/roomsm_b/wall/roomsm_b_wall_garage_door_frame_04x01x04_a.cgf
    [-0.00000064012100026, 1.00000042674731060, 0.00000000000000000, 11.99986000000001241]
    [-1.00000042674731060, -0.00000064012100026, -0.00000000000000000, -3.50086699999999951]
    [-0.00000000000000000, 0.00000000000000000, 1.00000042674751533, 3.50000000000000000]
  #37 objects/buildingsets/human/lowtech/bravo/ext/roomslg_b/wall/roomslg_b_wall_corner_out_04x01x04_a.cgf
    [-0.00000064012100026, -1.00000042674731060, 0.00000000000000000, -15.00013999999998759]
    [1.00000042674731060, -0.00000064012100026, 0.00000000000000000, 30.49913300000000049]
    [0.00000000000000000, 0.00000000000000000, 1.00000042674751533, 3.50000000000000000]
  #38 objects/buildingsets/human/lowtech/bravo/int/railing/open/railing_open_stair_left_04x0025x02_a.cgf
    [-0.00000064012100026, -1.00000042674731060, 0.00000000000000000, 57.34361000000001241]
    [1.00000042674731060, -0.00000064012100026, 0.00000000000000000, -31.43836699999999951]
    [0.00000000000000000, 0.00000000000000000, 1.00000042674751533, 1.28125000000000000]
  #39 objects/buildingsets/human/lowtech/bravo/int/railing/cover/railing_cover_straight_04x0025x0125_a.cgf
    [-0.00000064012100026, -1.00000042674731060, 0.00000000000000000, 61.06236000000001241]
    [1.00000042674731060, -0.00000064012100026, 0.00000000000000000, 32.56193600000000288]
    [0.00000000000000000, 0.00000000000000000, 1.00000042674751533, 3.25000000000000000]
  #40 objects/buildingsets/human/lowtech/bravo/ext/roomsm_b/wall/roomsm_b_wall_straight_pillar_buttress.cgf
    [0.00000222586295115, -1.00000042674518408, 0.00000000000000000, -18.50013999999998759]
    [1.00000042674518408, 0.00000222586295115, 0.00000000000000000, 12.99913300000000049]
    [0.00000000000000000, 0.00000000000000000, 1.00000042674766121, 3.50000000000000000]
  #41 objects/buildingsets/human/lowtech/bravo/ext/roomsm_b/wall/roomsm_b_wall_garage_door_frame_04x01x04_a.cgf
    [-0.00000064012100026, 1.00000042674731060, 0.00000000000000000, 11.99986000000001241]
    [-1.00000042674731060, -0.00000064012100026, -0.00000000000000000, 20.49913300000000049]
    [-0.00000000000000000, 0.00000000000000000, 1.00000042674751533, 3.50000000000000000]
  #42 objects/buildingsets/human/lowtech/bravo/int/railing/open/railing_open_stair_right_04x0025x02_a.cgf
    [-1.00000000000000000, 0.00000000000000000, 0.00000000000000000, 64.96861000000001241]
    [0.00000000000000000, -1.00000000000000000, 0.00000000000000000, 0.30045200000000705]
    [0.00000000000000000, 0.00000000000000000, 1.00000000000000000, 1.28125000000000000]
  #43 objects/buildingsets/human/lowtech/bravo/ext/roomsm_b/wall/roomsm_b_wall_straight_pillar_buttress.cgf
    [-0.00000064012100026, 1.00000042674731060, 0.00000000000000000, 12.49986000000001241]
    [-1.00000042674731060, -0.00000064012100026, -0.00000000000000000, -21.00086699999999951]
    [-0.00000000000000000, 0.00000000000000000, 1.00000042674751533, 3.50000000000000000]
  #44 objects/buildingsets/human/lowtech/bravo/int/railing/cover/railing_cover_straight_16x0025x0125_a.cgf
    [1.00000000000000000, 0.00000000000000000, 0.00000000000000000, 13.17584199999998873]
    [0.00000000000000000, 1.00000000000000000, 0.00000000000000000, -27.63886300000000062]
    [0.00000000000000000, 0.00000000000000000, 1.00000000000000000, 3.25000000000000000]
  #45 objects/buildingsets/human/lowtech/bravo/int/railing/cover/railing_cover_straight_16x0025x0125_a.cgf
    [-0.00000064012100026, -1.00000042674731060, 0.00000000000000000, 61.06232899999997699]
    [1.00000042674731060, -0.00000064012100026, 0.00000000000000000, -25.93806399999999712]
    [0.00000000000000000, 0.00000000000000000, 1.00000042674751533, 3.25000000000000000]
  #46 objects/buildingsets/human/lowtech/bravo/ext/roomsm_b/wall/roomsm_b_wall_straight_pillar_buttress.cgf
    [-0.00000064012100026, 1.00000042674731060, 0.00000000000000000, 12.49986000000001241]
    [-1.00000042674731060, -0.00000064012100026, -0.00000000000000000, 12.99913300000000049]
    [-0.00000000000000000, 0.00000000000000000, 1.00000042674751533, 3.50000000000000000]
  #47 objects/buildingsets/human/lowtech/bravo/int/railing/cover/railing_cover_straight_16x0025x0125_a.cgf
    [1.00000000000000000, 0.00000000000000000, 0.00000000000000000, 29.17584199999998873]
    [0.00000000000000000, 1.00000000000000000, 0.00000000000000000, -27.63887199999999922]
    [0.00000000000000000, 0.00000000000000000, 1.00000000000000000, 3.25000000000000000]
  #48 objects/buildingsets/human/lowtech/bravo/ext/roomslg_b/wall/roomslg_b_wall_corner_in_02x01x04_a.cgf
    [-0.00000064012100026, 1.00000042674731060, 0.00000000000000000, 11.99986000000001241]
    [-1.00000042674731060, -0.00000064012100026, -0.00000000000000000, 9.49913300000000049]
    [-0.00000000000000000, 0.00000000000000000, 1.00000042674751533, 3.50000000000000000]
  #49 objects/buildingsets/human/lowtech/bravo/ext/roomslg_b/wall/roomslg_b_wall_garage_door_frame_16x01x08_a.cgf
    [-0.00000064012100026, -1.00000042674731060, 0.00000000000000000, -18.00013999999998759]
    [1.00000042674731060, -0.00000064012100026, 0.00000000000000000, -3.50086699999999951]
    [0.00000000000000000, 0.00000000000000000, 1.00000042674751533, 3.50000000000000000]
  #50 objects/buildingsets/human/lowtech/bravo/int/railing/cover/railing_cover_straight_02x0025x0125_a.cgf
    [-0.00000064012100026, -1.00000042674731060, 0.00000000000000000, 61.06234199999994416]
    [1.00000042674731060, -0.00000064012100026, 0.00000000000000000, -1.93806399999999712]
    [0.00000000000000000, 0.00000000000000000, 1.00000042674751533, 3.25000000000000000]
  #51 objects/buildingsets/human/lowtech/bravo/ext/roomslg_b/wall/roomslg_b_wall_corner_out_04x01x04_a.cgf
    [-0.00000064012100026, 1.00000042674731060, 0.00000000000000000, 14.99986000000001241]
    [-1.00000042674731060, -0.00000064012100026, -0.00000000000000000, 2.49913300000000049]
    [-0.00000000000000000, 0.00000000000000000, 1.00000042674751533, 3.50000000000000000]
  #52 objects/buildingsets/human/lowtech/bravo/ext/roomslg_b/wall/roomslg_b_wall_corner_out_04x01x04_a.cgf
    [1.00000000000000000, 0.00000000000000000, 0.00000000000000000, 8.99986000000001241]
    [0.00000000000000000, 1.00000000000000000, 0.00000000000000000, 30.49913300000000049]
    [0.00000000000000000, 0.00000000000000000, 1.00000000000000000, 3.50000000000000000]
  #53 objects/buildingsets/human/lowtech/bravo/ext/roomslg_b/wall/roomslg_b_wall_corner_out_04x01x04_a.cgf
    [-0.00000064012100026, 1.00000042674731060, 0.00000000000000000, 8.99986000000001241]
    [-1.00000042674731060, -0.00000064012100026, -0.00000000000000000, -21.50086699999999951]
    [-0.00000000000000000, 0.00000000000000000, 1.00000042674751533, 3.50000000000000000]
  #54 objects/buildingsets/human/lowtech/bravo/ext/roomsm_b/wall/roomsm_b_wall_straight_pillar_buttress.cgf
    [0.00000222586295115, -1.00000042674518408, 0.00000000000000000, -18.50013999999998759]
    [1.00000042674518408, 0.00000222586295115, 0.00000000000000000, -5.00086699999999951]
    [0.00000000000000000, 0.00000000000000000, 1.00000042674766121, 3.25000000000000000]
  #55 objects/buildingsets/human/hightech/alpha/ext/landingpad/ext_landingpad_wall_straight_08x02x06_a.cgf
    [-0.00000064012100026, 1.00000042674731060, 0.00000000000000000, 40.74985900000001493]
    [-1.00000042674731060, -0.00000064012100026, -0.00000000000000000, 43.49911899999999321]
    [-0.00000000000000000, 0.00000000000000000, 1.00000042674751533, -2.99998499999999968]
  #56 objects/buildingsets/human/lowtech/bravo/ext/concrete/fs_concrete_phase1_garagea.cgf
    [1.00000000000000000, 0.00000000000000000, 0.00000000000000000, -14.74997600000000375]
    [0.00000000000000000, 1.00000000000000000, 0.00000000000000000, -28.00041399999999925]
    [0.00000000000000000, 0.00000000000000000, 1.00000000000000000, 3.50000000000000000]
  #57 objects/buildingsets/human/hightech/alpha/ext/landingpad/ext_landingpad_floor_straight_08x08x02_a.cgf
    [-0.00000064012100026, 1.00000042674731060, 0.00000000000000000, 28.99985800000001746]
    [-1.00000042674731060, -0.00000064012100026, -0.00000000000000000, 52.49911899999999321]
    [-0.00000000000000000, 0.00000000000000000, 1.00000042674751533, 3.50001499999999988]
  #58 objects/buildingsets/human/hightech/alpha/ext/landingpad/ext_landingpad_floor_cornerout_08x08x02_a.cgf
    [1.00000000000000000, 0.00000000000000000, 0.00000000000000000, -19.00014199999998254]
    [0.00000000000000000, 1.00000000000000000, 0.00000000000000000, 32.49911899999999321]
    [0.00000000000000000, 0.00000000000000000, 1.00000000000000000, 3.50001499999999988]
  #59 objects/buildingsets/human/hightech/alpha/ext/landingpad/ext_landingpad_wall_straight_08x02x06_a.cgf
    [-1.00000000000000000, 0.00000000000000000, 0.00000000000000000, 59.49985800000001746]
    [0.00000000000000000, -1.00000000000000000, 0.00000000000000000, 0.74911899999999321]
    [0.00000000000000000, 0.00000000000000000, 1.00000000000000000, -2.99998499999999968]
  #60 objects/buildingsets/human/lowtech/bravo/ext/pipe/ext_pipe_straight_16x02x02_a.cgf
    [-0.00000064012100026, 1.00000042674731060, 0.00000000000000000, 60.87486000000001241]
    [-1.00000042674731060, -0.00000064012100026, -0.00000000000000000, 45.87413300000000049]
    [-0.00000000000000000, 0.00000000000000000, 1.00000042674751533, 0.75000000000000000]
  #61 objects/buildingsets/human/hightech/alpha/ext/landingpad/ext_landingpad_wall_straight_08x02x06_a.cgf
    [-0.00000064012100026, -1.00000042674731060, 0.00000000000000000, 46.74986000000001241]
    [1.00000042674731060, -0.00000064012100026, 0.00000000000000000, -24.00086699999999951]
    [0.00000000000000000, 0.00000000000000000, 1.00000042674751533, -3.00000000000000000]
  #62 objects/buildingsets/human/lowtech/bravo/int/railing/open/railing_open_stair_left_04x0025x02_a.cgf
    [-1.00000000000000000, 0.00000000000000000, 0.00000000000000000, 68.96861000000001241]
    [0.00000000000000000, -1.00000000000000000, 0.00000000000000000, 8.24913300000000049]
    [0.00000000000000000, 0.00000000000000000, 1.00000000000000000, -0.78125000000000000]
  #63 objects/buildingsets/human/hightech/alpha/ext/landingpad/ext_landingpad_floor_straight_08x08x02_a.cgf
    [-0.00000064012100026, -1.00000042674731060, 0.00000000000000000, 36.99985800000001746]
    [1.00000042674731060, -0.00000064012100026, 0.00000000000000000, -27.50088099999999969]
    [0.00000000000000000, 0.00000000000000000, 1.00000042674751533, 3.50001499999999988]
  #64 objects/buildingsets/human/lowtech/bravo/ext/pipe/ext_pipe_straight_04x02x02_a.cgf
    [-1.00000000000000000, 0.00000000000000000, 0.00000000000000000, 26.87486000000001241]
    [0.00000000000000000, -1.00000000000000000, 0.00000000000000000, -26.75086699999999951]
    [0.00000000000000000, 0.00000000000000000, 1.00000000000000000, 0.75000000000000000]
  #65 objects/buildingsets/human/hightech/alpha/ext/landingpad/ext_landingpad_wall_straight_08x02x06_a.cgf
    [-0.00000064012100026, -1.00000042674731060, 0.00000000000000000, 54.74986000000001241]
    [1.00000042674731060, -0.00000064012100026, 0.00000000000000000, -24.00086699999999951]
    [0.00000000000000000, 0.00000000000000000, 1.00000042674751533, -3.00000000000000000]
  #66 objects/buildingsets/human/hightech/alpha/ext/landingpad/ext_landingpad_floor_straight_08x08x02_a.cgf
    [-0.00000064012100026, -1.00000042674731060, 0.00000000000000000, 12.99985800000001746]
    [1.00000042674731060, -0.00000064012100026, 0.00000000000000000, 32.49911899999999321]
    [0.00000000000000000, 0.00000000000000000, 1.00000042674751533, 3.50001499999999988]
  #67 objects/buildingsets/human/lowtech/bravo/int/railing/open/railing_open_stair_left_04x0025x02_a.cgf
    [-1.00000000000000000, 0.00000000000000000, 0.00000000000000000, 68.96861000000001241]
    [0.00000000000000000, -1.00000000000000000, 0.00000000000000000, 44.49913300000000049]
    [0.00000000000000000, 0.00000000000000000, 1.00000000000000000, -0.71875000000000000]
  #68 objects/buildingsets/human/hightech/alpha/ext/landingpad/ext_landingpad_floor_straight_08x08x02_a.cgf
    [-0.00000064012100026, -1.00000042674731060, 0.00000000000000000, -3.00014199999998254]
    [1.00000042674731060, -0.00000064012100026, 0.00000000000000000, 32.49911899999999321]
    [0.00000000000000000, 0.00000000000000000, 1.00000042674751533, 3.50001499999999988]
  #69 objects/buildingsets/human/lowtech/bravo/int/stair/stair_straight_04x08x04_c_fs.cgf
    [-0.00000064012100026, -1.00000042674731060, 0.00000000000000000, 68.99986000000001241]
    [1.00000042674731060, -0.00000064012100026, 0.00000000000000000, 4.24913300000000049]
    [0.00000000000000000, 0.00000000000000000, 1.00000042674751533, -0.78125000000000000]
  #70 objects/buildingsets/human/lowtech/bravo/int/railing/open/railing_open_stair_right_04x0025x02_a.cgf
    [-1.00000000000000000, 0.00000000000000000, 0.00000000000000000, 68.96861000000001241]
    [0.00000000000000000, -1.00000000000000000, 0.00000000000000000, 36.49913300000000049]
    [0.00000000000000000, 0.00000000000000000, 1.00000000000000000, -0.71875000000000000]
  #71 objects/buildingsets/human/hightech/alpha/ext/landingpad/ext_landingpad_floor_center_40x08x02_a.cgf
    [1.00000000000000000, 0.00000000000000000, 0.00000000000000000, 12.99985800000001746]
    [0.00000000000000000, 1.00000000000000000, 0.00000000000000000, -19.50088099999999969]
    [0.00000000000000000, 0.00000000000000000, 1.00000000000000000, 3.50001499999999988]
  #72 objects/buildingsets/human/lowtech/bravo/ext/pipe/ext_pipe_straight_04x02x02_a.cgf
    [-0.00000064012100026, 1.00000042674731060, 0.00000000000000000, 60.87486000000001241]
    [-1.00000042674731060, -0.00000064012100026, -0.00000000000000000, -10.00086699999999951]
    [-0.00000000000000000, 0.00000000000000000, 1.00000042674751533, 0.75000000000000000]
  #73 objects/buildingsets/human/hightech/alpha/ext/landingpad/ext_landingpad_floor_straight_08x08x02_a.cgf
    [-0.00000064012100026, 1.00000042674731060, 0.00000000000000000, 20.99985800000001746]
    [-1.00000042674731060, -0.00000064012100026, -0.00000000000000000, 52.49911899999999321]
    [-0.00000000000000000, 0.00000000000000000, 1.00000042674751533, 3.50001499999999988]
  #74 objects/buildingsets/human/hightech/alpha/ext/landingpad/ext_landingpad_floor_straight_08x08x02_a.cgf
    [-1.00000000000000000, 0.00000000000000000, 0.00000000000000000, 60.99985800000001746]
    [0.00000000000000000, -1.00000000000000000, 0.00000000000000000, 28.49911899999999321]
    [0.00000000000000000, 0.00000000000000000, 1.00000000000000000, 3.50001499999999988]
  #75 objects/buildingsets/human/lowtech/bravo/ext/pipe/ext_pipe_junctiont_04x04x02_a.cgf
    [-0.00000064012100026, 1.00000042674731060, 0.00000000000000000, 60.87486000000001241]
    [-1.00000042674731060, -0.00000064012100026, -0.00000000000000000, 25.99913300000000049]
    [-0.00000000000000000, 0.00000000000000000, 1.00000042674751533, 0.75000000000000000]
  #76 objects/buildingsets/human/lowtech/bravo/ext/pipe/ext_pipe_junctiont_04x04x02_a.cgf
    [-0.00000064012100026, 1.00000042674731060, 0.00000000000000000, 60.87486000000001241]
    [-1.00000042674731060, -0.00000064012100026, -0.00000000000000000, -13.00086699999999951]
    [-0.00000000000000000, 0.00000000000000000, 1.00000042674751533, 0.75000000000000000]
  #77 objects/buildingsets/human/hightech/alpha/ext/landingpad/ext_landingpad_floor_center_08x04x02_a.cgf
    [-0.00000064012100026, 1.00000042674731060, 0.00000000000000000, 4.99985800000001746]
    [-1.00000042674731060, -0.00000064012100026, -0.00000000000000000, 44.49911899999999321]
    [-0.00000000000000000, 0.00000000000000000, 1.00000042674751533, 3.50001499999999988]
  #78 objects/buildingsets/human/lowtech/bravo/ext/pipe/ext_pipe_straight_16x02x02_a.cgf
    [-0.00000064012100026, 1.00000042674731060, 0.00000000000000000, 60.87486000000001241]
    [-1.00000042674731060, -0.00000064012100026, -0.00000000000000000, 21.99913300000000049]
    [-0.00000000000000000, 0.00000000000000000, 1.00000042674751533, 0.75000000000000000]
  #79 objects/buildingsets/human/lowtech/bravo/ext/pipe/ext_pipe_straight_16x02x02_a.cgf
    [-1.00000000000000000, 0.00000000000000000, 0.00000000000000000, 58.87486000000001241]
    [0.00000000000000000, -1.00000000000000000, 0.00000000000000000, -26.75086699999999951]
    [0.00000000000000000, 0.00000000000000000, 1.00000000000000000, 0.75000000000000000]
  #80 objects/buildingsets/human/lowtech/bravo/ext/pipe/ext_pipe_straight_08x02x02_a.cgf
    [-0.00000064012100026, 1.00000042674731060, 0.00000000000000000, 60.87486000000001241]
    [-1.00000042674731060, -0.00000064012100026, -0.00000000000000000, -16.75086699999999951]
    [-0.00000000000000000, 0.00000000000000000, 1.00000042674751533, 0.75000000000000000]
  #81 objects/buildingsets/human/lowtech/bravo/ext/pipe/ext_pipe_corner_02x02x02_a.cgf
    [0.00000000000000000, -1.00000000000000000, 0.00000000000000000, 74.87486000000001241]
    [0.00000000000000000, 0.00000000000000000, 1.00000000000000000, 23.99913300000000049]
    [-1.00000000000000000, 0.00000000000000000, 0.00000000000000000, 0.75000000000000000]
  #82 objects/buildingsets/human/hightech/alpha/ext/landingpad/ext_landingpad_floor_straight_08x08x02_a.cgf
    [-0.00000064012100026, 1.00000042674731060, 0.00000000000000000, 36.99985800000001746]
    [-1.00000042674731060, -0.00000064012100026, -0.00000000000000000, 52.49911899999999321]
    [-0.00000000000000000, 0.00000000000000000, 1.00000042674751533, 3.50001499999999988]
  #83 objects/buildingsets/human/hightech/alpha/ext/landingpad/ext_landingpad_floor_center_32x32x02_b.cgf
    [-0.00000064012100026, -1.00000042674731060, 0.00000000000000000, 52.99985800000001746]
    [1.00000042674731060, -0.00000064012100026, 0.00000000000000000, -19.50088099999999969]
    [0.00000000000000000, 0.00000000000000000, 1.00000042674751533, 3.50001499999999988]
  #84 objects/buildingsets/human/lowtech/bravo/ext/pipe/ext_pipe_straight_02x02x02_a.cgf
    [1.00000000000000000, 0.00000000000000000, 0.00000000000000000, 70.87486000000001241]
    [0.00000000000000000, 1.00000000000000000, 0.00000000000000000, -15.00086699999999951]
    [0.00000000000000000, 0.00000000000000000, 1.00000000000000000, 0.75000000000000000]
  #85 objects/buildingsets/human/hightech/alpha/ext/landingpad/ext_landingpad_floor_cornerout_08x08x02_a.cgf
    [-1.00000000000000000, 0.00000000000000000, 0.00000000000000000, 60.99985800000001746]
    [0.00000000000000000, -1.00000000000000000, 0.00000000000000000, 52.49911899999999321]
    [0.00000000000000000, 0.00000000000000000, 1.00000000000000000, 3.50001499999999988]
  #86 objects/buildingsets/human/hightech/alpha/ext/landingpad/ext_landingpad_floor_straight_08x08x02_a.cgf
    [-0.00000064012100026, 1.00000042674731060, 0.00000000000000000, -3.00014199999998254]
    [-1.00000042674731060, -0.00000064012100026, -0.00000000000000000, 52.49911899999999321]
    [-0.00000000000000000, 0.00000000000000000, 1.00000042674751533, 3.50001499999999988]
  #87 objects/buildingsets/human/hightech/alpha/ext/landingpad/ext_landingpad_floor_straight_08x08x02_a.cgf
    [-1.00000000000000000, 0.00000000000000000, 0.00000000000000000, 60.99985800000001746]
    [0.00000000000000000, -1.00000000000000000, 0.00000000000000000, 20.49911899999999321]
    [0.00000000000000000, 0.00000000000000000, 1.00000000000000000, 3.50001499999999988]
  #88 objects/buildingsets/human/lowtech/bravo/ext/pipe/ext_pipe_corner_02x02x02_a.cgf
    [-0.00000064012100026, -1.00000042674731060, 0.00000000000000000, 60.87486000000001241]
    [1.00000042674731060, -0.00000064012100026, 0.00000000000000000, -26.75086699999999951]
    [0.00000000000000000, 0.00000000000000000, 1.00000042674751533, 0.75000000000000000]
  #89 objects/buildingsets/human/hightech/alpha/ext/landingpad/ext_landingpad_floor_straight_08x08x02_a.cgf
    [-0.00000064012100026, 1.00000042674731060, 0.00000000000000000, 4.99985800000001746]
    [-1.00000042674731060, -0.00000064012100026, -0.00000000000000000, 52.49911899999999321]
    [-0.00000000000000000, 0.00000000000000000, 1.00000042674751533, 3.50001499999999988]
  #90 objects/buildingsets/human/lowtech/bravo/int/stair/stair_straight_04x08x04_c_fs.cgf
    [-0.00000064012100026, -1.00000042674731060, 0.00000000000000000, 68.99986000000001241]
    [1.00000042674731060, -0.00000064012100026, 0.00000000000000000, 0.24913300000000049]
    [0.00000000000000000, 0.00000000000000000, 1.00000042674751533, -0.78125000000000000]
  #91 objects/buildingsets/human/hightech/alpha/ext/landingpad/ext_landingpad_wall_straight_08x02x06_a.cgf
    [-0.00000064012100026, 1.00000042674731060, 0.00000000000000000, 32.74986000000001241]
    [-1.00000042674731060, -0.00000064012100026, -0.00000000000000000, 43.49911899999999321]
    [-0.00000000000000000, 0.00000000000000000, 1.00000042674751533, -2.99998499999999968]
  #92 objects/buildingsets/human/lowtech/bravo/ext/pipe/ext_pipe_corner_02x02x02_a.cgf
    [1.00000042674751533, -0.00000000000000000, 0.00000000000000000, 20.87486000000001241]
    [0.00000000000000000, -0.00000064012100026, 1.00000042674731060, -26.75086699999999951]
    [-0.00000000000000000, -1.00000042674731060, -0.00000064012100026, 0.75000000000000000]
  #93 objects/buildingsets/human/hightech/alpha/ext/landingpad/ext_landingpad_floor_center_32x32x02_b.cgf
    [1.00000000000000000, 0.00000000000000000, 0.00000000000000000, 20.99985800000001746]
    [0.00000000000000000, 1.00000000000000000, 0.00000000000000000, 12.49911899999999321]
    [0.00000000000000000, 0.00000000000000000, 1.00000000000000000, 3.50001499999999988]
  #94 objects/buildingsets/human/lowtech/bravo/int/railing/open/railing_open_stair_right_04x0025x02_a.cgf
    [-0.00000064012100026, -1.00000042674731060, 0.00000000000000000, 53.28111000000001241]
    [1.00000042674731060, -0.00000064012100026, 0.00000000000000000, -35.43836699999999951]
    [0.00000000000000000, 0.00000000000000000, 1.00000042674751533, -0.71875000000000000]
  #95 objects/buildingsets/human/hightech/alpha/ext/landingpad/ext_landingpad_wall_straight_08x02x06_a.cgf
    [-1.00000000000000000, 0.00000000000000000, 0.00000000000000000, 59.49985800000001746]
    [0.00000000000000000, -1.00000000000000000, 0.00000000000000000, 24.74911899999999321]
    [0.00000000000000000, 0.00000000000000000, 1.00000000000000000, -2.99998499999999968]
  #96 objects/buildingsets/human/lowtech/bravo/int/stair/stair_straight_04x08x04_c_fs.cgf
    [-0.00000064012100026, -1.00000042674731060, 0.00000000000000000, 68.99986000000001241]
    [1.00000042674731060, -0.00000064012100026, 0.00000000000000000, 36.49913300000000049]
    [0.00000000000000000, 0.00000000000000000, 1.00000042674751533, -0.78125000000000000]
  #97 objects/buildingsets/human/hightech/alpha/ext/landingpad/ext_landingpad_wall_cornerin_02x02x06_a.cgf
    [-0.00000064012100026, -1.00000042674731060, 0.00000000000000000, 56.74986000000001241]
    [1.00000042674731060, -0.00000064012100026, 0.00000000000000000, -23.25086699999999951]
    [0.00000000000000000, 0.00000000000000000, 1.00000042674751533, -3.00000000000000000]
  #98 objects/buildingsets/human/hightech/alpha/ext/landingpad/ext_landingpad_floor_straight_08x08x02_a.cgf
    [-1.00000000000000000, 0.00000000000000000, 0.00000000000000000, 60.99985800000001746]
    [0.00000000000000000, -1.00000000000000000, 0.00000000000000000, -11.50088099999999969]
    [0.00000000000000000, 0.00000000000000000, 1.00000000000000000, 3.50001499999999988]
  #99 objects/buildingsets/human/hightech/alpha/ext/landingpad/ext_landingpad_floor_center_24x08x02_a.cgf
    [1.00000000000000000, 0.00000000000000000, 0.00000000000000000, 12.99985800000001746]
    [0.00000000000000000, 1.00000000000000000, 0.00000000000000000, 20.49911899999999321]
    [0.00000000000000000, 0.00000000000000000, 1.00000000000000000, 3.50001499999999988]
  #100 objects/buildingsets/human/hightech/alpha/ext/landingpad/ext_landingpad_floor_straight_08x08x02_a.cgf
    [-1.00000000000000000, 0.00000000000000000, 0.00000000000000000, 60.99985800000001746]
    [0.00000000000000000, -1.00000000000000000, 0.00000000000000000, -3.50088099999999969]
    [0.00000000000000000, 0.00000000000000000, 1.00000000000000000, 3.50001499999999988]
  #101 objects/buildingsets/human/lowtech/bravo/ext/pipe/ext_pipe_corner_02x02x02_a.cgf
    [0.00000000000000000, -1.00000000000000000, 0.00000000000000000, 74.87486000000001241]
    [0.00000000000000000, 0.00000000000000000, 1.00000000000000000, -15.00086699999999951]
    [-1.00000000000000000, 0.00000000000000000, 0.00000000000000000, 0.75000000000000000]
  #102 objects/buildingsets/human/lowtech/bravo/int/stair/stair_straight_04x08x04_c_fs.cgf
    [-0.00000064012100026, -1.00000042674731060, 0.00000000000000000, 68.99986000000001241]
    [1.00000042674731060, -0.00000064012100026, 0.00000000000000000, 40.49913300000000049]
    [0.00000000000000000, 0.00000000000000000, 1.00000042674751533, -0.78125000000000000]
  #103 objects/buildingsets/human/hightech/alpha/ext/landingpad/ext_landingpad_floor_center_08x04x02_a.cgf
    [-0.00000064012100026, 1.00000042674731060, 0.00000000000000000, -11.00014199999998254]
    [-1.00000042674731060, -0.00000064012100026, -0.00000000000000000, 44.49911899999999321]
    [-0.00000000000000000, 0.00000000000000000, 1.00000042674751533, 3.50001499999999988]
  #104 objects/buildingsets/human/hightech/alpha/ext/landingpad/ext_landingpad_floor_straight_08x08x02_a.cgf
    [-0.00000064012100026, 1.00000042674731060, 0.00000000000000000, 44.99985800000001746]
    [-1.00000042674731060, -0.00000064012100026, -0.00000000000000000, 52.49911899999999321]
    [-0.00000000000000000, 0.00000000000000000, 1.00000042674751533, 3.50001499999999988]
  #105 objects/buildingsets/human/hightech/alpha/ext/landingpad/ext_landingpad_wall_straight_08x02x06_a.cgf
    [-1.00000000000000000, 0.00000000000000000, 0.00000000000000000, 59.49985800000001746]
    [0.00000000000000000, -1.00000000000000000, 0.00000000000000000, 40.74911899999999321]
    [0.00000000000000000, 0.00000000000000000, 1.00000000000000000, -2.99998499999999968]
  #106 objects/buildingsets/human/hightech/alpha/ext/landingpad/ext_landingpad_wall_straight_08x02x06_a.cgf
    [-0.00000064012100026, 1.00000042674731060, 0.00000000000000000, 48.74986000000001241]
    [-1.00000042674731060, -0.00000064012100026, -0.00000000000000000, 43.49911899999999321]
    [-0.00000000000000000, 0.00000000000000000, 1.00000042674751533, -2.99998499999999968]
  #107 objects/buildingsets/human/hightech/alpha/ext/landingpad/ext_landingpad_floor_straight_08x08x02_a.cgf
    [-1.00000000000000000, 0.00000000000000000, 0.00000000000000000, 60.99985800000001746]
    [0.00000000000000000, -1.00000000000000000, 0.00000000000000000, 36.49911899999999321]
    [0.00000000000000000, 0.00000000000000000, 1.00000000000000000, 3.50001499999999988]
  #108 objects/buildingsets/human/hightech/alpha/ext/landingpad/ext_landingpad_wall_straight_08x02x06_a.cgf
    [-1.00000000000000000, 0.00000000000000000, 0.00000000000000000, 59.49985800000001746]
    [0.00000000000000000, -1.00000000000000000, 0.00000000000000000, 16.74911899999999321]
    [0.00000000000000000, 0.00000000000000000, 1.00000000000000000, -2.99998499999999968]
  #109 objects/buildingsets/human/hightech/alpha/ext/landingpad/ext_landingpad_floor_straight_08x08x02_a.cgf
    [-0.00000064012100026, -1.00000042674731060, 0.00000000000000000, 44.99985800000001746]
    [1.00000042674731060, -0.00000064012100026, 0.00000000000000000, -27.50088099999999969]
    [0.00000000000000000, 0.00000000000000000, 1.00000042674751533, 3.50001499999999988]
  #110 objects/buildingsets/human/lowtech/bravo/ext/pipe/ext_pipe_straight_08x02x02_a.cgf
    [1.00000000000000000, 0.00000000000000000, 0.00000000000000000, 62.87486000000001241]
    [0.00000000000000000, 1.00000000000000000, 0.00000000000000000, 23.99913300000000049]
    [0.00000000000000000, 0.00000000000000000, 1.00000000000000000, 0.75000000000000000]
  #111 objects/buildingsets/human/lowtech/bravo/ext/pipe/ext_pipe_straight_16x02x02_a.cgf
    [-0.00000064012100026, 1.00000042674731060, 0.00000000000000000, 60.87486000000001241]
    [-1.00000042674731060, -0.00000064012100026, -0.00000000000000000, 5.99913300000000049]
    [-0.00000000000000000, 0.00000000000000000, 1.00000042674751533, 0.75000000000000000]
  #112 objects/buildingsets/human/lowtech/bravo/ext/pipe/ext_pipe_straight_08x02x02_a.cgf
    [1.00000000000000000, 0.00000000000000000, 0.00000000000000000, 62.87486000000001241]
    [0.00000000000000000, 1.00000000000000000, 0.00000000000000000, -15.00086699999999951]
    [0.00000000000000000, 0.00000000000000000, 1.00000000000000000, 0.75000000000000000]
  #113 objects/buildingsets/human/hightech/alpha/ext/landingpad/ext_landingpad_wall_straight_08x02x06_a.cgf
    [-1.00000000000000000, 0.00000000000000000, 0.00000000000000000, 59.49985800000001746]
    [0.00000000000000000, -1.00000000000000000, 0.00000000000000000, -7.25088099999999969]
    [0.00000000000000000, 0.00000000000000000, 1.00000000000000000, -2.99998499999999968]
  #114 objects/buildingsets/human/hightech/alpha/ext/landingpad/ext_landingpad_floor_straight_08x08x02_a.cgf
    [-0.00000064012100026, -1.00000042674731060, 0.00000000000000000, 52.99985800000001746]
    [1.00000042674731060, -0.00000064012100026, 0.00000000000000000, -27.50088099999999969]
    [0.00000000000000000, 0.00000000000000000, 1.00000042674751533, 3.50001499999999988]
  #115 objects/buildingsets/human/hightech/alpha/ext/landingpad/ext_landingpad_wall_cornerin_02x02x06_a.cgf
    [-1.00000000000000000, 0.00000000000000000, 0.00000000000000000, 58.74985800000001746]
    [0.00000000000000000, -1.00000000000000000, 0.00000000000000000, 42.74911899999999321]
    [0.00000000000000000, 0.00000000000000000, 1.00000000000000000, -2.99998499999999968]
  #116 objects/buildingsets/human/hightech/alpha/ext/landingpad/ext_landingpad_floor_center_08x04x02_a.cgf
    [-0.00000064012100026, 1.00000042674731060, 0.00000000000000000, -3.00014199999998254]
    [-1.00000042674731060, -0.00000064012100026, -0.00000000000000000, 44.49911899999999321]
    [-0.00000000000000000, 0.00000000000000000, 1.00000042674751533, 3.50001499999999988]
  #117 objects/buildingsets/human/lowtech/bravo/ext/pipe/ext_pipe_straight_16x02x02_a.cgf
    [-1.00000000000000000, 0.00000000000000000, 0.00000000000000000, 42.87486000000001241]
    [0.00000000000000000, -1.00000000000000000, 0.00000000000000000, -26.75086699999999951]
    [0.00000000000000000, 0.00000000000000000, 1.00000000000000000, 0.75000000000000000]
  #118 objects/buildingsets/human/hightech/alpha/ext/landingpad/ext_landingpad_floor_straight_08x08x02_a.cgf
    [-0.00000064012100026, 1.00000042674731060, 0.00000000000000000, -11.00014199999998254]
    [-1.00000042674731060, -0.00000064012100026, -0.00000000000000000, 52.49911899999999321]
    [-0.00000000000000000, 0.00000000000000000, 1.00000042674751533, 3.50001499999999988]
  #119 objects/buildingsets/human/hightech/alpha/ext/landingpad/ext_landingpad_floor_straight_08x08x02_a.cgf
    [-1.00000000000000000, 0.00000000000000000, 0.00000000000000000, 60.99985800000001746]
    [0.00000000000000000, -1.00000000000000000, 0.00000000000000000, 4.49911899999999321]
    [0.00000000000000000, 0.00000000000000000, 1.00000000000000000, 3.50001499999999988]
  #120 objects/buildingsets/human/lowtech/bravo/int/stair/stair_straight_04x08x04_c_fs.cgf
    [1.00000000000000000, 0.00000000000000000, 0.00000000000000000, 53.31236000000001241]
    [0.00000000000000000, 1.00000000000000000, 0.00000000000000000, -35.50086699999999951]
    [0.00000000000000000, 0.00000000000000000, 1.00000000000000000, -0.78125000000000000]
  #121 objects/buildingsets/human/hightech/alpha/ext/landingpad/ext_landingpad_floor_straight_08x08x02_a.cgf
    [-1.00000000000000000, 0.00000000000000000, 0.00000000000000000, 60.99985800000001746]
    [0.00000000000000000, -1.00000000000000000, 0.00000000000000000, 12.49911899999999321]
    [0.00000000000000000, 0.00000000000000000, 1.00000000000000000, 3.50001499999999988]
  #122 objects/buildingsets/human/hightech/alpha/ext/landingpad/ext_landingpad_floor_cornerout_08x08x02_a.cgf
    [-0.00000064012100026, -1.00000042674731060, 0.00000000000000000, 60.99985800000001746]
    [1.00000042674731060, -0.00000064012100026, 0.00000000000000000, -27.50088099999999969]
    [0.00000000000000000, 0.00000000000000000, 1.00000042674751533, 3.50001499999999988]
  #123 objects/buildingsets/human/hightech/delta/ext/landingpad_b/floor/concreteslab_ramp_08x08x01_a.cgf
    [-0.00000064012100026, 1.00000042674731060, 0.00000000000000000, -22.00013999999998759]
    [-1.00000042674731060, -0.00000064012100026, -0.00000000000000000, -5.75086699999999951]
    [-0.00000000000000000, 0.00000000000000000, 1.00000042674751533, 2.00000000000000000]
  #124 objects/buildingsets/human/hightech/alpha/ext/landingpad/ext_landingpad_wall_straight_08x02x06_a.cgf
    [-0.00000064012100026, -1.00000042674731060, 0.00000000000000000, 38.74985800000001746]
    [1.00000042674731060, -0.00000064012100026, 0.00000000000000000, -24.00088099999999969]
    [0.00000000000000000, 0.00000000000000000, 1.00000042674751533, -2.99998499999999968]
  #125 objects/buildingsets/human/hightech/alpha/ext/landingpad/ext_landingpad_floor_straight_04x08x02_a_alt_fs.cgf
    [1.00000000000000000, 0.00000000000000000, 0.00000000000000000, -19.00014199999998254]
    [0.00000000000000000, 1.00000000000000000, 0.00000000000000000, 40.49911899999999321]
    [0.00000000000000000, 0.00000000000000000, 1.00000000000000000, 3.50001499999999988]
  #126 objects/buildingsets/human/hightech/alpha/ext/landingpad/ext_landingpad_floor_straight_08x08x02_a.cgf
    [-1.00000000000000000, 0.00000000000000000, 0.00000000000000000, 60.99985800000001746]
    [0.00000000000000000, -1.00000000000000000, 0.00000000000000000, 44.49911899999999321]
    [0.00000000000000000, 0.00000000000000000, 1.00000000000000000, 3.50001499999999988]
  #127 objects/buildingsets/human/lowtech/bravo/int/railing/open/railing_open_stair_left_04x0025x02_a.cgf
    [-0.00000064012100026, -1.00000042674731060, 0.00000000000000000, 57.34361000000001241]
    [1.00000042674731060, -0.00000064012100026, 0.00000000000000000, -35.43836699999999951]
    [0.00000000000000000, 0.00000000000000000, 1.00000042674751533, -0.71875000000000000]
  #128 objects/buildingsets/human/hightech/alpha/ext/landingpad/ext_landingpad_floor_straight_08x08x02_a.cgf
    [-0.00000064012100026, -1.00000042674731060, 0.00000000000000000, 20.99985800000001746]
    [1.00000042674731060, -0.00000064012100026, 0.00000000000000000, -27.50088099999999969]
    [0.00000000000000000, 0.00000000000000000, 1.00000042674751533, 3.50001499999999988]
  #129 objects/buildingsets/human/lowtech/bravo/int/railing/open/railing_open_stair_right_04x0025x02_a.cgf
    [-1.00000000000000000, 0.00000000000000000, 0.00000000000000000, 68.96861000000001241]
    [0.00000000000000000, -1.00000000000000000, 0.00000000000000000, 0.24913300000000049]
    [0.00000000000000000, 0.00000000000000000, 1.00000000000000000, -0.71875000000000000]
  #130 objects/buildingsets/human/lowtech/bravo/ext/pipe/ext_pipe_straight_04x02x02_a.cgf
    [-0.00000064012100026, 1.00000042674731060, 0.00000000000000000, 60.87486000000001241]
    [-1.00000042674731060, -0.00000064012100026, -0.00000000000000000, 29.87413300000000049]
    [-0.00000000000000000, 0.00000000000000000, 1.00000042674751533, 0.75000000000000000]
  #131 objects/buildingsets/human/hightech/delta/ext/landingpad_b/floor/concreteslab_ramp_08x08x01_a.cgf
    [-0.00000064012100026, 1.00000042674731060, 0.00000000000000000, -22.00013999999998759]
    [-1.00000042674731060, -0.00000064012100026, -0.00000000000000000, 30.24913300000000049]
    [-0.00000000000000000, 0.00000000000000000, 1.00000042674751533, 2.00000000000000000]
  #132 objects/buildingsets/human/lowtech/bravo/ext/pipe/ext_pipe_straight_02x02x02_a.cgf
    [1.00000000000000000, 0.00000000000000000, 0.00000000000000000, 70.87486000000001241]
    [0.00000000000000000, 1.00000000000000000, 0.00000000000000000, 23.99913300000000049]
    [0.00000000000000000, 0.00000000000000000, 1.00000000000000000, 0.75000000000000000]
  #133 objects/buildingsets/human/hightech/delta/ext/landingpad_b/floor/concreteslab_ramp_08x08x01_a.cgf
    [-0.00000064012100026, 1.00000042674731060, 0.00000000000000000, -22.00013999999998759]
    [-1.00000042674731060, -0.00000064012100026, -0.00000000000000000, 12.24913300000000049]
    [-0.00000000000000000, 0.00000000000000000, 1.00000042674751533, 2.00000000000000000]
  #134 objects/buildingsets/human/hightech/alpha/ext/landingpad/ext_landingpad_floor_straight_08x08x02_a.cgf
    [-0.00000064012100026, -1.00000042674731060, 0.00000000000000000, 28.99985800000001746]
    [1.00000042674731060, -0.00000064012100026, 0.00000000000000000, -27.50088099999999969]
    [0.00000000000000000, 0.00000000000000000, 1.00000042674751533, 3.50001499999999988]
  #135 objects/buildingsets/human/hightech/alpha/ext/landingpad/ext_landingpad_floor_straight_08x08x02_a.cgf
    [-0.00000064012100026, -1.00000042674731060, 0.00000000000000000, 4.99985800000001746]
    [1.00000042674731060, -0.00000064012100026, 0.00000000000000000, 32.49911899999999321]
    [0.00000000000000000, 0.00000000000000000, 1.00000042674751533, 3.50001499999999988]
  #136 objects/buildingsets/human/hightech/alpha/ext/landingpad/ext_landingpad_floor_cornerout_08x08x02_a.cgf
    [-0.00000064012100026, 1.00000042674731060, 0.00000000000000000, -19.00014199999998254]
    [-1.00000042674731060, -0.00000064012100026, -0.00000000000000000, 52.49911899999999321]
    [-0.00000000000000000, 0.00000000000000000, 1.00000042674751533, 3.50001499999999988]
  #137 objects/buildingsets/human/hightech/alpha/ext/landingpad/ext_landingpad_wall_straight_08x02x06_a.cgf
    [-1.00000000000000000, 0.00000000000000000, 0.00000000000000000, 59.49985800000001746]
    [0.00000000000000000, -1.00000000000000000, 0.00000000000000000, 32.74911899999999321]
    [0.00000000000000000, 0.00000000000000000, 1.00000000000000000, -2.99998499999999968]
  #138 objects/buildingsets/human/hightech/alpha/ext/landingpad/ext_landingpad_wall_straight_08x02x06_a.cgf
    [-1.00000000000000000, 0.00000000000000000, 0.00000000000000000, 59.49985800000001746]
    [0.00000000000000000, -1.00000000000000000, 0.00000000000000000, 8.74911899999999321]
    [0.00000000000000000, 0.00000000000000000, 1.00000000000000000, -2.99998499999999968]
  #139 objects/buildingsets/human/lowtech/bravo/ext/pipe/ext_pipe_corner_02x02x02_a.cgf
    [-1.00000000000000000, 0.00000000000000000, 0.00000000000000000, 60.87486000000001241]
    [0.00000000000000000, -1.00000000000000000, 0.00000000000000000, 47.93663300000000049]
    [0.00000000000000000, 0.00000000000000000, 1.00000000000000000, 0.75000000000000000]
  #140 objects/buildingsets/human/hightech/alpha/ext/landingpad/ext_landingpad_floor_straight_08x08x02_a.cgf
    [-0.00000064012100026, 1.00000042674731060, 0.00000000000000000, 12.99985800000001746]
    [-1.00000042674731060, -0.00000064012100026, -0.00000000000000000, 52.49911899999999321]
    [-0.00000000000000000, 0.00000000000000000, 1.00000042674751533, 3.50001499999999988]
  #141 objects/buildingsets/human/lowtech/bravo/ext/roomslg_b/roof/roomslg_b_roofedge_corner_4x4x025_a.cgf
    [-1.00000000000000000, 0.00000000000000000, 0.00000000000000000, 2.99986000000001241]
    [0.00000000000000000, -1.00000000000000000, 0.00000000000000000, 26.49913300000000049]
    [0.00000000000000000, 0.00000000000000000, 1.00000000000000000, 19.50000000000000000]
  #142 objects/buildingsets/human/lowtech/bravo/int/theatresofwar/hathor_plinth_02.cgf
    [-0.00000064012127343, -1.00000085349446177, 0.00000000000000000, 12.87486000000001241]
    [-1.00000085349446177, 0.00000064012127299, 0.00000000000000000, -11.50086699999999951]
    [-0.00000000000000000, 0.00000000000000000, -1.00000085349466694, 8.50000000000000000]
  #143 objects/buildingsets/human/lowtech/bravo/ext/roomslg_b/roof/roomslg_b_roofedge_straight_8x2x025_a.cgf
    [-0.00000064012100026, -1.00000042674731060, 0.00000000000000000, 4.99986000000001241]
    [1.00000042674731060, -0.00000064012100026, 0.00000000000000000, 24.49913300000000049]
    [0.00000000000000000, 0.00000000000000000, 1.00000042674751533, 19.50000000000000000]
  #144 objects/buildingsets/human/lowtech/bravo/ext/roomslg_b/wall/roomslg_b_wall_straight_02x01x04_a.cgf
    [-0.00000064012100026, 1.00000042674731060, 0.00000000000000000, 5.99986000000001241]
    [-1.00000042674731060, -0.00000064012100026, -0.00000000000000000, 18.49913300000000049]
    [-0.00000000000000000, 0.00000000000000000, 1.00000042674751533, 15.50000000000000000]
  #145 objects/buildingsets/human/lowtech/bravo/ext/roomslg_b/wall/roomslg_b_wall_straight_06x01x04_a.cgf
    [-0.00000064012100026, 1.00000042674731060, 0.00000000000000000, 5.99986000000001241]
    [-1.00000042674731060, -0.00000064012100026, -0.00000000000000000, -7.50086699999999951]
    [-0.00000000000000000, 0.00000000000000000, 1.00000042674751533, 15.50000000000000000]
  #146 objects/buildingsets/human/lowtech/bravo/ext/roomslg_b/wall/roomslg_b_wall_straight_06x01x04_a.cgf
    [-0.00000064012100026, -1.00000042674731060, 0.00000000000000000, -12.00013999999998759]
    [1.00000042674731060, -0.00000064012100026, 0.00000000000000000, -13.50086699999999951]
    [0.00000000000000000, 0.00000000000000000, 1.00000042674751533, 15.50000000000000000]
  #147 objects/buildingsets/human/lowtech/bravo/int/theatresofwar/decal_hathor_letter_b.cgf
    [-0.00000032006063672, -0.50000042674723100, 0.00000000000000000, -19.37513999999998759]
    [-0.50000042674723100, 0.00000032006063649, 0.00000000000000000, 16.99913300000000049]
    [-0.00000000000000000, 0.00000000000000000, -0.50000042674733358, 11.87500000000000000]
  #148 objects/buildingsets/human/lowtech/bravo/int/theatresofwar/decal_hathor_word_hangar.cgf
    [-0.00000064012127343, 1.00000085349446177, 0.00000000000000000, 13.04458799999997609]
    [1.00000085349446177, 0.00000064012127299, 0.00000000000000000, -14.95077700000000220]
    [0.00000000000000000, 0.00000000000000000, -1.00000085349466694, 7.76887699999999981]
  #149 objects/buildingsets/human/lowtech/bravo/ext/roomslg_b/roof/roomslg_b_roofedge_corner_4x4x025_a.cgf
    [-1.00000000000000000, 0.00000000000000000, 0.00000000000000000, 8.99986000000001241]
    [0.00000000000000000, -1.00000000000000000, 0.00000000000000000, 32.49913300000000049]
    [0.00000000000000000, 0.00000000000000000, 1.00000000000000000, 15.50000000000000000]
  #150 objects/buildingsets/human/lowtech/bravo/ext/roomslg_b/roof/roomslg_b_roofedge_corner_4x4x025_a.cgf
    [1.00000000000000000, 0.00000000000000000, 0.00000000000000000, -9.00013999999998759]
    [0.00000000000000000, 1.00000000000000000, 0.00000000000000000, 14.49913300000000049]
    [0.00000000000000000, 0.00000000000000000, 1.00000000000000000, 19.50000000000000000]
  #151 objects/buildingsets/human/lowtech/bravo/ext/roomslg_b/roof/roomslg_b_roofedge_straight_2x2x025_a.cgf
    [-0.00000064012100026, -1.00000042674731060, 0.00000000000000000, 10.99986000000001241]
    [1.00000042674731060, -0.00000064012100026, 0.00000000000000000, -19.50086699999999951]
    [0.00000000000000000, 0.00000000000000000, 1.00000042674751533, 15.50000000000000000]
  #152 objects/buildingsets/human/lowtech/bravo/ext/roomslg_b/wall/roomslg_b_wall_straight_18x01x08_b.cgf
    [-0.00000064012100026, 1.00000042674731060, 0.00000000000000000, 11.99986000000001241]
    [-1.00000042674731060, -0.00000064012100026, -0.00000000000000000, -3.50086699999999951]
    [-0.00000000000000000, 0.00000000000000000, 1.00000042674751533, 7.50000000000000000]
  #153 objects/buildingsets/human/lowtech/bravo/int/theatresofwar/decal_hathor_letter_y.cgf
    [-0.00000032006063672, -0.50000042674723100, 0.00000000000000000, -19.37513999999998759]
    [-0.50000042674723100, 0.00000032006063649, 0.00000000000000000, 15.99913300000000049]
    [-0.00000000000000000, 0.00000000000000000, -0.50000042674733358, 11.87500000000000000]
  #154 objects/buildingsets/human/lowtech/bravo/ext/roomslg_b/wall/roomslg_b_wall_corner_out_04x01x08_b.cgf
    [1.00000000000000000, 0.00000000000000000, 0.00000000000000000, 8.99986000000001241]
    [0.00000000000000000, 1.00000000000000000, 0.00000000000000000, 30.49913300000000049]
    [0.00000000000000000, 0.00000000000000000, 1.00000000000000000, 7.50000000000000000]
  #155 objects/buildingsets/human/lowtech/bravo/ext/roomslg_b/wall/roomslg_b_wall_corner_out_04x01x04_a.cgf
    [-0.00000064012100026, -1.00000042674731060, 0.00000000000000000, -9.00013999999998759]
    [1.00000042674731060, -0.00000064012100026, 0.00000000000000000, 24.49913399999999797]
    [0.00000000000000000, 0.00000000000000000, 1.00000042674751533, 15.50000000000000000]
  #156 objects/buildingsets/human/lowtech/bravo/ext/roomslg_b/roof/roomslg_b_roofedge_corner_4x4x025_a.cgf
    [-0.00000064012100026, 1.00000042674731060, 0.00000000000000000, -11.00013999999998759]
    [-1.00000042674731060, -0.00000064012100026, -0.00000000000000000, -7.50086699999999951]
    [-0.00000000000000000, 0.00000000000000000, 1.00000042674751533, 19.50000000000000000]
  #157 objects/buildingsets/human/lowtech/bravo/ext/roomslg_b/roof/roomslg_b_roofedge_straight_12x2x025_a.cgf
    [-1.00000000000000000, 0.00000000000000000, 0.00000000000000000, -9.00013999999998759]
    [0.00000000000000000, -1.00000000000000000, 0.00000000000000000, -5.50086699999999951]
    [0.00000000000000000, 0.00000000000000000, 1.00000000000000000, 19.50000000000000000]
  #158 objects/buildingsets/human/lowtech/bravo/ext/roomslg_b/roof/roomslg_b_roofedge_straight_8x2x025_a.cgf
    [-0.00000064012100026, 1.00000042674731060, 0.00000000000000000, -11.00013999999998759]
    [-1.00000042674731060, -0.00000064012100026, -0.00000000000000000, 16.49913300000000049]
    [-0.00000000000000000, 0.00000000000000000, 1.00000042674751533, 19.50000000000000000]
  #159 objects/buildingsets/human/lowtech/bravo/ext/roomslg_b/wall/roomslg_b_wall_straight_16x01x04_b.cgf
    [-0.00000064012100026, -1.00000042674731060, 0.00000000000000000, -18.00013999999998759]
    [1.00000042674731060, -0.00000064012100026, 0.00000000000000000, -21.50086699999999951]
    [0.00000000000000000, 0.00000000000000000, 1.00000042674751533, 11.50000000000000000]
  #160 objects/buildingsets/human/lowtech/bravo/ext/roomslg_b/roof/roomslg_b_roofedge_straight_24x2x025_a.cgf
    [-1.00000000000000000, 0.00000000000000000, 0.00000000000000000, -15.00013999999998759]
    [0.00000000000000000, -1.00000000000000000, 0.00000000000000000, 32.49913300000000049]
    [0.00000000000000000, 0.00000000000000000, 1.00000000000000000, 15.50000000000000000]
  #161 objects/buildingsets/human/lowtech/bravo/ext/roomslg_b/wall/roomslg_b_wall_corner_out_04x01x08_b.cgf
    [-0.00000064012100026, 1.00000042674731060, 0.00000000000000000, 14.99986000000001241]
    [-1.00000042674731060, -0.00000064012100026, -0.00000000000000000, 2.49913300000000049]
    [-0.00000000000000000, 0.00000000000000000, 1.00000042674751533, 7.50000000000000000]
  #162 objects/buildingsets/human/lowtech/bravo/ext/roomslg_b/roof/roomslg_b_roof_4x8x025_a.cgf
    [-1.00000000000000000, 0.00000000000000000, 0.00000000000000000, 6.99986000000001241]
    [0.00000000000000000, -1.00000000000000000, 0.00000000000000000, -11.50086699999999951]
    [0.00000000000000000, 0.00000000000000000, 1.00000000000000000, 15.50000000000000000]
  #163 objects/buildingsets/human/lowtech/bravo/ext/roomslg_b/wall/roomslg_b_wall_straight_18x01x08_b.cgf
    [-0.00000064012100026, 1.00000042674731060, 0.00000000000000000, 11.99986000000001241]
    [-1.00000042674731060, -0.00000064012100026, -0.00000000000000000, 30.49913300000000049]
    [-0.00000000000000000, 0.00000000000000000, 1.00000042674751533, 7.50000000000000000]
  #164 objects/buildingsets/human/lowtech/bravo/ext/roomslg_b/roof/roomslg_b_roofedge_corner_4x4x025_a.cgf
    [-1.00000000000000000, 0.00000000000000000, 0.00000000000000000, 14.99986000000001241]
    [0.00000000000000000, -1.00000000000000000, 0.00000000000000000, 8.49913300000000049]
    [0.00000000000000000, 0.00000000000000000, 1.00000000000000000, 15.50000000000000000]
  #165 objects/buildingsets/human/lowtech/bravo/ext/roomslg_b/wall/roomslg_b_wall_corner_out_04x01x08_b.cgf
    [-1.00000000000000000, 0.00000000000000000, 0.00000000000000000, -15.00013999999998759]
    [0.00000000000000000, -1.00000000000000000, 0.00000000000000000, -21.50086699999999951]
    [0.00000000000000000, 0.00000000000000000, 1.00000000000000000, 7.50000000000000000]
  #166 objects/buildingsets/human/lowtech/bravo/ext/roomslg_b/wall/roomslg_b_wall_straight_02x01x04_a.cgf
    [-0.00000064012100026, 1.00000042674731060, 0.00000000000000000, 5.99986000000001241]
    [-1.00000042674731060, -0.00000064012100026, -0.00000000000000000, -13.50086699999999951]
    [-0.00000000000000000, 0.00000000000000000, 1.00000042674751533, 15.50000000000000000]
  #167 objects/buildingsets/human/lowtech/bravo/int/theatresofwar/hathor_plinth_02.cgf
    [-0.00000064012127343, -1.00000085349446177, 0.00000000000000000, 12.87486000000001241]
    [-1.00000085349446177, 0.00000064012127299, 0.00000000000000000, 12.49913300000000049]
    [-0.00000000000000000, 0.00000000000000000, -1.00000085349466694, 8.50000000000000000]
  #168 objects/buildingsets/human/lowtech/bravo/ext/roomslg_b/roof/roomslg_b_roofedge_straight_12x2x025_a.cgf
    [1.00000000000000000, 0.00000000000000000, 0.00000000000000000, 2.99986000000001241]
    [0.00000000000000000, 1.00000000000000000, 0.00000000000000000, -17.50086699999999951]
    [0.00000000000000000, 0.00000000000000000, 1.00000000000000000, 19.50000000000000000]
  #169 objects/buildingsets/human/lowtech/bravo/ext/roomslg_b/wall/roomslg_b_wall_corner_out_04x01x04_a.cgf
    [-1.00000000000000000, 0.00000000000000000, 0.00000000000000000, -9.00013999999998759]
    [0.00000000000000000, -1.00000000000000000, 0.00000000000000000, -15.50086699999999951]
    [0.00000000000000000, 0.00000000000000000, 1.00000000000000000, 15.50000000000000000]
  #170 objects/buildingsets/human/lowtech/bravo/ext/roomslg_b/wall/roomslg_b_wall_corner_out_04x01x08_b_missingpanels_01.cgf
    [-0.00000064012100026, 1.00000042674731060, 0.00000000000000000, 8.99986000000001241]
    [-1.00000042674731060, -0.00000064012100026, -0.00000000000000000, -21.50086699999999951]
    [-0.00000000000000000, 0.00000000000000000, 1.00000042674751533, 7.50000000000000000]
  #171 objects/buildingsets/human/lowtech/bravo/ext/roomslg_b/roof/roomslg_b_roofedge_corner_4x4x025_a.cgf
    [-0.00000064012100026, -1.00000042674731060, 0.00000000000000000, 4.99986000000001241]
    [1.00000042674731060, -0.00000064012100026, 0.00000000000000000, -15.50086699999999951]
    [0.00000000000000000, 0.00000000000000000, 1.00000042674751533, 19.50000000000000000]
  #172 objects/buildingsets/human/lowtech/bravo/ext/roomslg_b/wall/roomslg_b_wall_straight_02x01x08_b.cgf
    [-0.00000064012100026, -1.00000042674731060, 0.00000000000000000, -18.00013999999998759]
    [1.00000042674731060, -0.00000064012100026, 0.00000000000000000, -5.50086699999999951]
    [0.00000000000000000, 0.00000000000000000, 1.00000042674751533, 7.50000000000000000]
  #173 objects/buildingsets/human/lowtech/bravo/int/theatresofwar/decal_hathor_number_0.cgf
    [-0.00000032006063672, -0.50000042674723100, 0.00000000000000000, -19.37513999999998759]
    [-0.50000042674723100, 0.00000032006063649, 0.00000000000000000, 15.37413300000000049]
    [-0.00000000000000000, 0.00000000000000000, -0.50000042674733358, 11.87500000000000000]
  #174 objects/buildingsets/human/lowtech/bravo/int/roomsm/door/roomsm_door_garage_a_ext.cgf
    [-0.00000064012100026, 1.00000042674731060, 0.00000000000000000, 11.99986000000001241]
    [-1.00000042674731060, -0.00000064012100026, -0.00000000000000000, 16.49913300000000049]
    [-0.00000000000000000, 0.00000000000000000, 1.00000042674751533, 5.50000000000000000]
  #175 objects/buildingsets/human/lowtech/bravo/int/theatresofwar/hathor_plinth_02.cgf
    [-0.00000064012127343, 1.00000085349446177, 0.00000000000000000, -19.12513999999998759]
    [1.00000085349446177, 0.00000064012127299, 0.00000000000000000, 30.37413300000000049]
    [0.00000000000000000, 0.00000000000000000, -1.00000085349466694, 12.50000000000000000]
  #176 objects/buildingsets/human/lowtech/bravo/ext/roomslg_b/roof/roomslg_b_roof_4x8x025_a.cgf
    [-1.00000000000000000, 0.00000000000000000, 0.00000000000000000, 6.99986000000001241]
    [0.00000000000000000, -1.00000000000000000, 0.00000000000000000, 20.49913300000000049]
    [0.00000000000000000, 0.00000000000000000, 1.00000000000000000, 15.50000000000000000]
  #177 objects/buildingsets/human/lowtech/bravo/ext/roomslg_b/wall/roomslg_b_wall_corner_out_04x01x04_a.cgf
    [-0.00000064012100026, 1.00000042674731060, 0.00000000000000000, 2.99986000000001241]
    [-1.00000042674731060, -0.00000064012100026, -0.00000000000000000, -15.50086699999999951]
    [-0.00000000000000000, 0.00000000000000000, 1.00000042674751533, 15.50000000000000000]
  #178 objects/buildingsets/human/lowtech/bravo/ext/roomslg_b/roof/roomslg_b_roofedge_corner_4x4x025_a.cgf
    [-1.00000000000000000, 0.00000000000000000, 0.00000000000000000, 2.99986000000001241]
    [0.00000000000000000, -1.00000000000000000, 0.00000000000000000, -5.50086699999999951]
    [0.00000000000000000, 0.00000000000000000, 1.00000000000000000, 19.50000000000000000]
  #179 objects/buildingsets/human/lowtech/bravo/ext/roomslg_b/roof/roomslg_b_roofedge_corner_4x4x025_a.cgf
    [-0.00000064012100026, -1.00000042674731060, 0.00000000000000000, 4.99986000000001241]
    [1.00000042674731060, -0.00000064012100026, 0.00000000000000000, 16.49913300000000049]
    [0.00000000000000000, 0.00000000000000000, 1.00000042674751533, 19.50000000000000000]
  #180 objects/buildingsets/human/lowtech/bravo/ext/roomslg_b/wall/roomslg_b_wall_straight_12x01x04_a.cgf
    [1.00000000000000000, 0.00000000000000000, 0.00000000000000000, -9.00013999999998759]
    [0.00000000000000000, 1.00000000000000000, 0.00000000000000000, 27.49913300000000049]
    [0.00000000000000000, 0.00000000000000000, 1.00000000000000000, 15.50000000000000000]
  #181 objects/buildingsets/human/lowtech/bravo/ext/roomslg_b/roof/roomslg_b_roofedge_corner_in_4x4x025_a.cgf
    [-0.00000064012100026, -1.00000042674731060, 0.00000000000000000, 10.99986000000001241]
    [1.00000042674731060, -0.00000064012100026, 0.00000000000000000, 12.49913300000000049]
    [0.00000000000000000, 0.00000000000000000, 1.00000042674751533, 15.50000000000000000]
  #182 objects/buildingsets/human/lowtech/bravo/ext/roomslg_b/wall/roomslg_b_wall_straight_24x01x08_b.cgf
    [-1.00000000000000000, 0.00000000000000000, 0.00000000000000000, 8.99986000000001241]
    [0.00000000000000000, -1.00000000000000000, 0.00000000000000000, -24.50086699999999951]
    [0.00000000000000000, 0.00000000000000000, 1.00000000000000000, 7.50000000000000000]
  #183 objects/buildingsets/human/lowtech/bravo/ext/roomslg_b/roof/roomslg_b_roof_4x24x025_a.cgf
    [-0.00000064012100026, -1.00000042674731060, 0.00000000000000000, 10.99986000000001241]
    [1.00000042674731060, -0.00000064012100026, 0.00000000000000000, 32.49913300000000049]
    [0.00000000000000000, 0.00000000000000000, 1.00000042674751533, 15.50000000000000000]
  #184 objects/buildingsets/human/lowtech/bravo/ext/roomslg_b/wall/roomslg_b_wall_straight_12x01x04_a.cgf
    [-1.00000000000000000, 0.00000000000000000, 0.00000000000000000, 2.99986000000001241]
    [0.00000000000000000, -1.00000000000000000, 0.00000000000000000, 13.49913300000000049]
    [0.00000000000000000, 0.00000000000000000, 1.00000000000000000, 15.50000000000000000]
  #185 objects/buildingsets/human/lowtech/bravo/int/roomsm/door/roomsm_door_garage_a_ext.cgf
    [-0.00000064012100026, 1.00000042674731060, 0.00000000000000000, 11.99986000000001241]
    [-1.00000042674731060, -0.00000064012100026, -0.00000000000000000, 26.49913300000000049]
    [-0.00000000000000000, 0.00000000000000000, 1.00000042674751533, 5.50000000000000000]
  #186 objects/buildingsets/human/lowtech/bravo/ext/roomslg_b/wall/roomslg_b_wall_corner_out_04x01x04_a.cgf
    [1.00000000000000000, 0.00000000000000000, 0.00000000000000000, 2.99986000000001241]
    [0.00000000000000000, 1.00000000000000000, 0.00000000000000000, 24.49913200000000302]
    [0.00000000000000000, 0.00000000000000000, 1.00000000000000000, 15.50000000000000000]
  #187 objects/buildingsets/human/lowtech/bravo/ext/roomslg_b/roof/roomslg_b_roofedge_straight_8x2x025_a.cgf
    [-0.00000064012100026, 1.00000042674731060, 0.00000000000000000, -11.00013999999998759]
    [-1.00000042674731060, -0.00000064012100026, -0.00000000000000000, -15.50086699999999951]
    [-0.00000000000000000, 0.00000000000000000, 1.00000042674751533, 19.50000000000000000]
  #188 objects/buildingsets/human/brand/hathor/hathor_3d_logo_round_clean.cgf
    [0.00000000000000000, 0.00000000000000000, 0.79045099020004272, 18.88980300000002899]
    [0.79045099020004272, 0.00000000000000000, 0.00000000000000000, 4.52842300000000364]
    [0.00000000000000000, 0.79045099020004272, 0.00000000000000000, 12.02265399999999929]
  #189 objects/buildingsets/human/lowtech/bravo/int/theatresofwar/hathor_plinth_02.cgf
    [-0.00000064012127343, -1.00000085349446177, 0.00000000000000000, 12.87486000000001241]
    [-1.00000085349446177, 0.00000064012127299, 0.00000000000000000, 22.49913300000000049]
    [-0.00000000000000000, 0.00000000000000000, -1.00000085349466694, 8.50000000000000000]
  #190 objects/buildingsets/human/lowtech/bravo/ext/roomslg_b/wall/roomslg_b_wall_straight_12x01x04_a.cgf
    [-1.00000000000000000, 0.00000000000000000, 0.00000000000000000, 2.99986000000001241]
    [0.00000000000000000, -1.00000000000000000, 0.00000000000000000, -18.50086699999999951]
    [0.00000000000000000, 0.00000000000000000, 1.00000000000000000, 15.50000000000000000]
  #191 objects/buildingsets/human/lowtech/bravo/ext/roomslg_b/wall/roomslg_b_wall_corner_out_04x01x08_b_missingpanels_01.cgf
    [-0.00000064012100026, -1.00000042674731060, 0.00000000000000000, -15.00013999999998759]
    [1.00000042674731060, -0.00000064012100026, 0.00000000000000000, 30.49913300000000049]
    [0.00000000000000000, 0.00000000000000000, 1.00000042674751533, 7.50000000000000000]
  #192 objects/buildingsets/human/lowtech/bravo/int/theatresofwar/hathor_plinth_02.cgf
    [-0.00000064012127343, -1.00000085349446177, 0.00000000000000000, 12.87486000000001241]
    [-1.00000085349446177, 0.00000064012127299, 0.00000000000000000, -21.50086699999999951]
    [-0.00000000000000000, 0.00000000000000000, -1.00000085349466694, 8.50000000000000000]
  #193 objects/buildingsets/human/lowtech/bravo/ext/roomslg_b/roof/roomslg_b_roofedge_straight_12x2x025_a.cgf
    [1.00000000000000000, 0.00000000000000000, 0.00000000000000000, 2.99986000000001241]
    [0.00000000000000000, 1.00000000000000000, 0.00000000000000000, 14.49913300000000049]
    [0.00000000000000000, 0.00000000000000000, 1.00000000000000000, 19.50000000000000000]
  #194 objects/buildingsets/human/lowtech/bravo/ext/roomslg_b/roof/roomslg_b_roofedge_corner_4x4x025_a.cgf
    [-0.00000064012100026, 1.00000042674731060, 0.00000000000000000, -11.00013999999998759]
    [-1.00000042674731060, -0.00000064012100026, -0.00000000000000000, 24.49913300000000049]
    [-0.00000000000000000, 0.00000000000000000, 1.00000042674751533, 19.50000000000000000]
  #195 objects/buildingsets/human/lowtech/bravo/ext/roomslg_b/roof/roomslg_b_roofedge_corner_4x4x025_a.cgf
    [-0.00000064012100026, 1.00000042674731060, 0.00000000000000000, -17.00013999999998759]
    [-1.00000042674731060, -0.00000064012100026, -0.00000000000000000, 30.49913300000000049]
    [-0.00000000000000000, 0.00000000000000000, 1.00000042674751533, 15.50000000000000000]
  #196 objects/buildingsets/human/lowtech/bravo/int/theatresofwar/hathor_plinth_02.cgf
    [-0.00000064012127343, 1.00000085349446177, 0.00000000000000000, -19.12513999999998759]
    [1.00000085349446177, 0.00000064012127299, 0.00000000000000000, 22.62413300000000049]
    [0.00000000000000000, 0.00000000000000000, -1.00000085349466694, 12.50000000000000000]
  #197 objects/buildingsets/human/lowtech/bravo/ext/roomslg_b/wall/roomslg_b_wall_corner_out_04x01x04_a.cgf
    [-1.00000000000000000, 0.00000000000000000, 0.00000000000000000, -9.00013999999998759]
    [0.00000000000000000, -1.00000000000000000, 0.00000000000000000, 16.49913300000000049]
    [0.00000000000000000, 0.00000000000000000, 1.00000000000000000, 15.50000000000000000]
  #198 objects/buildingsets/human/lowtech/bravo/int/theatresofwar/decal_hathor_number_3.cgf
    [-0.00000032006063672, -0.50000042674723100, 0.00000000000000000, -19.37513999999998759]
    [-0.50000042674723100, 0.00000032006063649, 0.00000000000000000, 14.99913300000000049]
    [-0.00000000000000000, 0.00000000000000000, -0.50000042674733358, 11.87500000000000000]
  #199 objects/buildingsets/human/lowtech/bravo/int/roomsm/door/roomsm_door_garage_a_ext.cgf
    [-0.00000064012100026, -1.00000042674731060, 0.00000000000000000, 11.99986000000001241]
    [1.00000042674731060, -0.00000064012100026, 0.00000000000000000, 16.49913300000000049]
    [0.00000000000000000, 0.00000000000000000, 1.00000042674751533, 5.50000000000000000]
  #200 objects/buildingsets/human/lowtech/bravo/int/theatresofwar/decal_hathor_letter_a.cgf
    [-0.00000032006063672, -0.50000042674723100, 0.00000000000000000, -19.37513999999998759]
    [-0.50000042674723100, 0.00000032006063649, 0.00000000000000000, 16.49913300000000049]
    [-0.00000000000000000, 0.00000000000000000, -0.50000042674733358, 11.87500000000000000]
  #201 objects/buildingsets/human/lowtech/bravo/ext/roomslg_b/roof/roomslg_b_roofedge_straight_24x2x025_a.cgf
    [-0.00000064012100026, 1.00000042674731060, 0.00000000000000000, -17.00013999999998759]
    [-1.00000042674731060, -0.00000064012100026, -0.00000000000000000, -21.50086699999999951]
    [-0.00000000000000000, 0.00000000000000000, 1.00000042674751533, 15.50000000000000000]
  #202 objects/buildingsets/human/lowtech/bravo/ext/roomslg_b/roof/roomslg_b_roofedge_straight_4x2x025_a.cgf
    [-0.00000064012100026, 1.00000042674731060, 0.00000000000000000, -17.00013999999998759]
    [-1.00000042674731060, -0.00000064012100026, -0.00000000000000000, 26.49913300000000049]
    [-0.00000000000000000, 0.00000000000000000, 1.00000042674751533, 15.50000000000000000]
  #203 objects/buildingsets/human/lowtech/bravo/ext/roomslg_b/wall/roomslg_b_wall_corner_out_04x01x04_a.cgf
    [-0.00000064012100026, -1.00000042674731060, 0.00000000000000000, -9.00013999999998759]
    [1.00000042674731060, -0.00000064012100026, 0.00000000000000000, -7.50086600000000203]
    [0.00000000000000000, 0.00000000000000000, 1.00000042674751533, 15.50000000000000000]
  #204 objects/buildingsets/human/lowtech/bravo/ext/roomslg_b/roof/roomslg_b_roof_4x24x025_a.cgf
    [-0.00000064012100026, -1.00000042674731060, 0.00000000000000000, 10.99986000000001241]
    [1.00000042674731060, -0.00000064012100026, 0.00000000000000000, 12.49913300000000049]
    [0.00000000000000000, 0.00000000000000000, 1.00000042674751533, 15.50000000000000000]
  #205 objects/buildingsets/human/lowtech/bravo/ext/roomslg_b/roof/roomslg_b_roofedge_straight_12x2x025_a.cgf
    [-1.00000000000000000, 0.00000000000000000, 0.00000000000000000, -9.00013999999998759]
    [0.00000000000000000, -1.00000000000000000, 0.00000000000000000, 26.49913300000000049]
    [0.00000000000000000, 0.00000000000000000, 1.00000000000000000, 19.50000000000000000]
  #206 objects/buildingsets/human/lowtech/bravo/ext/roomslg_b/roof/roomslg_b_roofedge_corner_4x4x025_a.cgf
    [-0.00000064012100026, -1.00000042674731060, 0.00000000000000000, 10.99986000000001241]
    [1.00000042674731060, -0.00000064012100026, 0.00000000000000000, -21.50086699999999951]
    [0.00000000000000000, 0.00000000000000000, 1.00000042674751533, 15.50000000000000000]
  #207 objects/buildingsets/human/lowtech/bravo/ext/roomslg_b/roof/roomslg_b_roof_8x34x025_a.cgf
    [-0.00000064012100026, -1.00000042674731060, 0.00000000000000000, 16.99986000000001241]
    [1.00000042674731060, -0.00000064012100026, 0.00000000000000000, 8.49913300000000049]
    [0.00000000000000000, 0.00000000000000000, 1.00000042674751533, 15.50000000000000000]
  #208 objects/buildingsets/human/lowtech/bravo/int/roomsm/door/roomsm_door_garage_a_ext.cgf
    [-0.00000064012100026, 1.00000042674731060, 0.00000000000000000, 11.99986000000001241]
    [-1.00000042674731060, -0.00000064012100026, -0.00000000000000000, -17.50086699999999951]
    [-0.00000000000000000, 0.00000000000000000, 1.00000042674751533, 5.50000000000000000]
  #209 objects/buildingsets/human/lowtech/bravo/int/theatresofwar/hathor_plinth_02.cgf
    [-0.00000064012127343, 1.00000085349446177, 0.00000000000000000, -19.12513999999998759]
    [1.00000085349446177, 0.00000064012127299, 0.00000000000000000, -13.37586699999999951]
    [0.00000000000000000, 0.00000000000000000, -1.00000085349466694, 12.50000000000000000]
  #210 objects/buildingsets/human/lowtech/bravo/int/theatresofwar/hathor_plinth_01.cgf
    [-0.00000064012127343, -1.00000085349446177, 0.00000000000000000, 18.87486000000001241]
    [-1.00000085349446177, 0.00000064012127299, 0.00000000000000000, 2.49913300000000049]
    [-0.00000000000000000, 0.00000000000000000, -1.00000085349466694, 8.50000000000000000]
  #211 objects/buildingsets/human/lowtech/bravo/int/roomsm/door/roomsm_door_garage_a_ext.cgf
    [-0.00000064012100026, -1.00000042674731060, 0.00000000000000000, 11.99986000000001241]
    [1.00000042674731060, -0.00000064012100026, 0.00000000000000000, -7.50086699999999951]
    [0.00000000000000000, 0.00000000000000000, 1.00000042674751533, 5.50000000000000000]
  #212 objects/buildingsets/human/lowtech/bravo/int/roomsm/door/roomsm_door_garage_a_ext.cgf
    [-0.00000064012100026, -1.00000042674731060, 0.00000000000000000, 11.99986000000001241]
    [1.00000042674731060, -0.00000064012100026, 0.00000000000000000, -17.50086699999999951]
    [0.00000000000000000, 0.00000000000000000, 1.00000042674751533, 5.50000000000000000]
  #213 objects/buildingsets/human/lowtech/bravo/ext/roomslg_b/roof/roomslg_b_roof_12x16x025_a.cgf
    [-0.00000064012100026, -1.00000042674731060, 0.00000000000000000, 4.99986000000001241]
    [1.00000042674731060, -0.00000064012100026, 0.00000000000000000, 26.49913300000000049]
    [0.00000000000000000, 0.00000000000000000, 1.00000042674751533, 19.50000000000000000]
  #214 objects/buildingsets/human/lowtech/bravo/ext/roomslg_b/roof/roomslg_b_roof_4x8x025_a.cgf
    [-1.00000000000000000, 0.00000000000000000, 0.00000000000000000, 6.99986000000001241]
    [0.00000000000000000, -1.00000000000000000, 0.00000000000000000, -3.50086699999999951]
    [0.00000000000000000, 0.00000000000000000, 1.00000000000000000, 15.50000000000000000]
  #215 objects/buildingsets/human/lowtech/bravo/ext/roomslg_b/wall/roomslg_b_wall_straight_12x01x04_a.cgf
    [1.00000000000000000, 0.00000000000000000, 0.00000000000000000, -9.00013999999998759]
    [0.00000000000000000, 1.00000000000000000, 0.00000000000000000, -4.50086699999999951]
    [0.00000000000000000, 0.00000000000000000, 1.00000000000000000, 15.50000000000000000]
  #216 objects/buildingsets/human/lowtech/bravo/ext/roomslg_b/wall/roomslg_b_wall_straight_06x01x04_a.cgf
    [-0.00000064012100026, 1.00000042674731060, 0.00000000000000000, 5.99986000000001241]
    [-1.00000042674731060, -0.00000064012100026, -0.00000000000000000, 24.49913300000000049]
    [-0.00000000000000000, 0.00000000000000000, 1.00000042674751533, 15.50000000000000000]
  #217 objects/buildingsets/human/lowtech/bravo/ext/roomslg_b/wall/roomslg_b_wall_corner_out_04x01x08_b.cgf
    [1.00000000000000000, 0.00000000000000000, 0.00000000000000000, 14.99986000000001241]
    [0.00000000000000000, 1.00000000000000000, 0.00000000000000000, 6.49913300000000049]
    [0.00000000000000000, 0.00000000000000000, 1.00000000000000000, 7.50000000000000000]
  #218 objects/buildingsets/human/lowtech/bravo/ext/roomslg_b/roof/roomslg_b_roofedge_corner_in_4x4x025_a.cgf
    [1.00000000000000000, 0.00000000000000000, 0.00000000000000000, 14.99986000000001241]
    [0.00000000000000000, 1.00000000000000000, 0.00000000000000000, 0.49913300000000049]
    [0.00000000000000000, 0.00000000000000000, 1.00000000000000000, 15.50000000000000000]
  #219 objects/buildingsets/human/lowtech/bravo/int/roomsm/door/roomsm_door_garage_a_ext.cgf
    [-0.00000064012100026, 1.00000042674731060, 0.00000000000000000, 11.99986000000001241]
    [-1.00000042674731060, -0.00000064012100026, -0.00000000000000000, -7.50086699999999951]
    [-0.00000000000000000, 0.00000000000000000, 1.00000042674751533, 5.50000000000000000]
  #220 objects/buildingsets/human/lowtech/bravo/ext/roomslg_b/wall/roomslg_b_wall_straight_04x01x08_b.cgf
    [-0.00000064012100026, 1.00000042674731060, 0.00000000000000000, 17.99986000000001241]
    [-1.00000042674731060, -0.00000064012100026, -0.00000000000000000, 6.49913300000000049]
    [-0.00000000000000000, 0.00000000000000000, 1.00000042674751533, 7.50000000000000000]
  #221 objects/buildingsets/human/lowtech/bravo/ext/roomslg_b/roof/roomslg_b_roofedge_straight_16x2x025_a.cgf
    [-0.00000064012100026, -1.00000042674731060, 0.00000000000000000, 10.99986000000001241]
    [1.00000042674731060, -0.00000064012100026, 0.00000000000000000, 28.49913300000000049]
    [0.00000000000000000, 0.00000000000000000, 1.00000042674751533, 15.50000000000000000]
  #222 objects/buildingsets/human/lowtech/bravo/ext/roomslg_b/roof/roomslg_b_roofedge_corner_4x4x025_a.cgf
    [-0.00000064012100026, -1.00000042674731060, 0.00000000000000000, 16.99986000000001241]
    [1.00000042674731060, -0.00000064012100026, 0.00000000000000000, 2.49913300000000049]
    [0.00000000000000000, 0.00000000000000000, 1.00000042674751533, 15.50000000000000000]
  #223 objects/buildingsets/human/lowtech/bravo/ext/roomslg_b/roof/roomslg_b_roofedge_corner_4x4x025_a.cgf
    [1.00000000000000000, 0.00000000000000000, 0.00000000000000000, -15.00013999999998759]
    [0.00000000000000000, 1.00000000000000000, 0.00000000000000000, -23.50086699999999951]
    [0.00000000000000000, 0.00000000000000000, 1.00000000000000000, 15.50000000000000000]
  #224 objects/buildingsets/human/lowtech/bravo/ext/roomslg_b/wall/roomslg_b_wall_straight_16x01x04_b.cgf
    [-0.00000064012100026, -1.00000042674731060, 0.00000000000000000, -18.00013999999998759]
    [1.00000042674731060, -0.00000064012100026, 0.00000000000000000, -3.50086699999999951]
    [0.00000000000000000, 0.00000000000000000, 1.00000042674751533, 11.50000000000000000]
  #225 objects/buildingsets/human/lowtech/bravo/ext/roomslg_b/wall/roomslg_b_wall_corner_out_04x01x04_a.cgf
    [1.00000000000000000, 0.00000000000000000, 0.00000000000000000, 2.99986000000001241]
    [0.00000000000000000, 1.00000000000000000, 0.00000000000000000, -7.50086799999999698]
    [0.00000000000000000, 0.00000000000000000, 1.00000000000000000, 15.50000000000000000]
  #226 objects/buildingsets/human/lowtech/bravo/ext/roomslg_b/roof/roomslg_b_roofedge_straight_4x2x025_a.cgf
    [-0.00000064012100026, -1.00000042674731060, 0.00000000000000000, 16.99986000000001241]
    [1.00000042674731060, -0.00000064012100026, 0.00000000000000000, 6.49913300000000049]
    [0.00000000000000000, 0.00000000000000000, 1.00000042674751533, 15.50000000000000000]
  #227 objects/buildingsets/human/lowtech/bravo/ext/roomslg_b/roof/roomslg_b_roofedge_straight_16x2x025_a.cgf
    [-0.00000064012100026, -1.00000042674731060, 0.00000000000000000, 10.99986000000001241]
    [1.00000042674731060, -0.00000064012100026, 0.00000000000000000, -3.50086699999999951]
    [0.00000000000000000, 0.00000000000000000, 1.00000042674751533, 15.50000000000000000]
  #228 objects/buildingsets/human/lowtech/bravo/ext/roomslg_b/roof/roomslg_b_roofedge_straight_24x2x025_a.cgf
    [1.00000000000000000, 0.00000000000000000, 0.00000000000000000, 8.99986000000001241]
    [0.00000000000000000, 1.00000000000000000, 0.00000000000000000, -23.50086699999999951]
    [0.00000000000000000, 0.00000000000000000, 1.00000000000000000, 15.50000000000000000]
  #229 objects/buildingsets/human/lowtech/bravo/ext/roomslg_b/roof/roomslg_b_roofedge_straight_2x2x025_a.cgf
    [-0.00000064012100026, -1.00000042674731060, 0.00000000000000000, 10.99986000000001241]
    [1.00000042674731060, -0.00000064012100026, 0.00000000000000000, 30.49913300000000049]
    [0.00000000000000000, 0.00000000000000000, 1.00000042674751533, 15.50000000000000000]
  #230 objects/buildingsets/human/lowtech/bravo/int/theatresofwar/hathor_plinth_02.cgf
    [-0.00000064012127343, 1.00000085349446177, 0.00000000000000000, -19.12513999999998759]
    [1.00000085349446177, 0.00000064012127299, 0.00000000000000000, 12.37413300000000049]
    [0.00000000000000000, 0.00000000000000000, -1.00000085349466694, 12.50000000000000000]
  #231 objects/buildingsets/human/lowtech/bravo/ext/roomslg_b/roof/roomslg_b_roofedge_corner_4x4x025_a.cgf
    [1.00000000000000000, 0.00000000000000000, 0.00000000000000000, -9.00013999999998759]
    [0.00000000000000000, 1.00000000000000000, 0.00000000000000000, -17.50086699999999951]
    [0.00000000000000000, 0.00000000000000000, 1.00000000000000000, 19.50000000000000000]
  #232 objects/buildingsets/human/lowtech/bravo/ext/roomslg_b/wall/roomslg_b_wall_straight_02x01x04_a.cgf
    [-0.00000064012100026, -1.00000042674731060, 0.00000000000000000, -12.00013999999998759]
    [1.00000042674731060, -0.00000064012100026, 0.00000000000000000, 16.49913300000000049]
    [0.00000000000000000, 0.00000000000000000, 1.00000042674751533, 15.50000000000000000]
  #233 objects/buildingsets/human/lowtech/bravo/int/theatresofwar/decal_hathor_word_hangar.cgf
    [-0.00000064012127343, 1.00000085349446177, 0.00000000000000000, 13.04458799999997609]
    [1.00000085349446177, 0.00000064012127299, 0.00000000000000000, 29.04922299999999780]
    [0.00000000000000000, 0.00000000000000000, -1.00000085349466694, 7.76887699999999981]
  #234 objects/buildingsets/human/lowtech/bravo/ext/roomslg_b/wall/roomslg_b_wall_straight_24x01x08_b.cgf
    [1.00000000000000000, 0.00000000000000000, 0.00000000000000000, -15.00013999999998759]
    [0.00000000000000000, 1.00000000000000000, 0.00000000000000000, 33.49913300000000049]
    [0.00000000000000000, 0.00000000000000000, 1.00000000000000000, 7.50000000000000000]
  #235 objects/buildingsets/human/lowtech/bravo/ext/roomslg_b/wall/roomslg_b_wall_straight_06x01x04_a.cgf
    [-0.00000064012100026, -1.00000042674731060, 0.00000000000000000, -12.00013999999998759]
    [1.00000042674731060, -0.00000064012100026, 0.00000000000000000, 18.49913300000000049]
    [0.00000000000000000, 0.00000000000000000, 1.00000042674751533, 15.50000000000000000]
  #236 objects/buildingsets/human/lowtech/bravo/int/theatresofwar/decal_hathor_word_hangar.cgf
    [-0.00000064012127343, 1.00000085349446177, 0.00000000000000000, 13.04458799999997609]
    [1.00000085349446177, 0.00000064012127299, 0.00000000000000000, -4.95077700000000220]
    [0.00000000000000000, 0.00000000000000000, -1.00000085349466694, 7.76887699999999981]
  #237 objects/buildingsets/human/lowtech/bravo/ext/roomslg_b/roof/roomslg_b_roof_4x24x025_a.cgf
    [1.00000000000000000, 0.00000000000000000, 0.00000000000000000, -13.00013999999998759]
    [0.00000000000000000, 1.00000000000000000, 0.00000000000000000, -23.50086699999999951]
    [0.00000000000000000, 0.00000000000000000, 1.00000000000000000, 15.50000000000000000]
  #238 objects/buildingsets/human/lowtech/bravo/int/theatresofwar/decal_hathor_word_hangar.cgf
    [-0.00000064012127343, 1.00000085349446177, 0.00000000000000000, 13.04458799999997609]
    [1.00000085349446177, 0.00000064012127299, 0.00000000000000000, 19.04922299999999780]
    [0.00000000000000000, 0.00000000000000000, -1.00000085349466694, 7.76887699999999981]
  #239 objects/buildingsets/human/lowtech/bravo/ext/roomslg_b/roof/roomslg_b_roof_12x16x025_a.cgf
    [-0.00000064012100026, -1.00000042674731060, 0.00000000000000000, 4.99986000000001241]
    [1.00000042674731060, -0.00000064012100026, 0.00000000000000000, -5.50086699999999951]
    [0.00000000000000000, 0.00000000000000000, 1.00000042674751533, 19.50000000000000000]
  #240 objects/buildingsets/human/lowtech/bravo/ext/roomslg_b/wall/roomslg_b_wall_corner_out_04x01x04_a.cgf
    [-0.00000064012100026, 1.00000042674731060, 0.00000000000000000, 2.99986000000001241]
    [-1.00000042674731060, -0.00000064012100026, -0.00000000000000000, 16.49913300000000049]
    [-0.00000000000000000, 0.00000000000000000, 1.00000042674751533, 15.50000000000000000]
  #241 objects/buildingsets/human/lowtech/bravo/ext/roomslg_b/roof/roomslg_b_roof_4x24x025_a.cgf
    [1.00000000000000000, 0.00000000000000000, 0.00000000000000000, -13.00013999999998759]
    [0.00000000000000000, 1.00000000000000000, 0.00000000000000000, 8.49913300000000049]
    [0.00000000000000000, 0.00000000000000000, 1.00000000000000000, 15.50000000000000000]
  #242 objects/buildingsets/human/lowtech/bravo/ext/roomslg_b/roof/roomslg_b_roofedge_straight_8x2x025_a.cgf
    [-0.00000064012100026, -1.00000042674731060, 0.00000000000000000, 4.99986000000001241]
    [1.00000042674731060, -0.00000064012100026, 0.00000000000000000, -7.50086699999999951]
    [0.00000000000000000, 0.00000000000000000, 1.00000042674751533, 19.50000000000000000]
  #243 objects/buildingsets/human/lowtech/bravo/ext/roomslg_b/wall/roomslg_b_wall_corner_in_02x01x08_b.cgf
    [-1.00000000000000000, 0.00000000000000000, 0.00000000000000000, 11.99986000000001241]
    [0.00000000000000000, -1.00000000000000000, 0.00000000000000000, -0.50086699999999951]
    [0.00000000000000000, 0.00000000000000000, 1.00000000000000000, 7.50000000000000000]
  #244 objects/buildingsets/human/lowtech/bravo/ext/roomslg_b/wall/roomslg_b_wall_straight_02x01x04_a.cgf
    [-0.00000064012100026, -1.00000042674731060, 0.00000000000000000, -12.00013999999998759]
    [1.00000042674731060, -0.00000064012100026, 0.00000000000000000, -15.50086699999999951]
    [0.00000000000000000, 0.00000000000000000, 1.00000042674751533, 15.50000000000000000]
  #245 objects/buildingsets/human/lowtech/bravo/ext/roomslg_b/roof/roomslg_b_roof_4x24x025_a.cgf
    [-0.00000064012100026, -1.00000042674731060, 0.00000000000000000, 10.99986000000001241]
    [1.00000042674731060, -0.00000064012100026, 0.00000000000000000, 0.49913300000000049]
    [0.00000000000000000, 0.00000000000000000, 1.00000042674751533, 15.50000000000000000]
  #246 objects/buildingsets/human/lowtech/bravo/int/theatresofwar/hathor_plinth_02.cgf
    [-0.00000064012127343, 1.00000085349446177, 0.00000000000000000, -19.12513999999998759]
    [1.00000085349446177, 0.00000064012127299, 0.00000000000000000, 4.62413300000000049]
    [0.00000000000000000, 0.00000000000000000, -1.00000085349466694, 12.50000000000000000]
  #247 objects/buildingsets/human/lowtech/bravo/int/theatresofwar/hathor_plinth_02.cgf
    [-0.00000064012127343, 1.00000085349446177, 0.00000000000000000, -19.12513999999998759]
    [1.00000085349446177, 0.00000064012127299, 0.00000000000000000, -5.62586699999999951]
    [0.00000000000000000, 0.00000000000000000, -1.00000085349466694, 12.50000000000000000]
  #248 objects/buildingsets/human/lowtech/bravo/ext/roomslg_b/roof/roomslg_b_roof_4x8x025_a.cgf
    [-1.00000000000000000, 0.00000000000000000, 0.00000000000000000, 6.99986000000001241]
    [0.00000000000000000, -1.00000000000000000, 0.00000000000000000, 28.49913300000000049]
    [0.00000000000000000, 0.00000000000000000, 1.00000000000000000, 15.50000000000000000]
  #249 objects/buildingsets/human/lowtech/bravo/ext/roomslg_b/roof/roomslg_b_roofedge_straight_24x2x025_a.cgf
    [-0.00000064012100026, 1.00000042674731060, 0.00000000000000000, -17.00013999999998759]
    [-1.00000042674731060, -0.00000064012100026, -0.00000000000000000, 2.49913300000000049]
    [-0.00000000000000000, 0.00000000000000000, 1.00000042674751533, 15.50000000000000000]
  #250 objects/buildingsets/human/lowtech/bravo/ext/roomslg_b/wall/roomslg_b_wall_straight_16x01x04_b.cgf
    [-0.00000064012100026, -1.00000042674731060, 0.00000000000000000, -18.00013999999998759]
    [1.00000042674731060, -0.00000064012100026, 0.00000000000000000, 14.49913300000000049]
    [0.00000000000000000, 0.00000000000000000, 1.00000042674751533, 11.50000000000000000]
  #251 objects/buildingsets/human/lowtech/bravo/ext/roomslg_b/wall/roomslg_b_wall_corner_in_02x01x08_b.cgf
    [-0.00000064012100026, 1.00000042674731060, 0.00000000000000000, 11.99986000000001241]
    [-1.00000042674731060, -0.00000064012100026, -0.00000000000000000, 9.49913300000000049]
    [-0.00000000000000000, 0.00000000000000000, 1.00000042674751533, 7.50000000000000000]
  #252 objects/buildingsets/human/lowtech/bravo/ext/roomslg_b/roof/roomslg_b_roof_4x24x025_a.cgf
    [-0.00000064012100026, -1.00000042674731060, 0.00000000000000000, 10.99986000000001241]
    [1.00000042674731060, -0.00000064012100026, 0.00000000000000000, -19.50086699999999951]
    [0.00000000000000000, 0.00000000000000000, 1.00000042674751533, 15.50000000000000000]
  #253 objects/buildingsets/human/lowtech/bravo/ext/roomslg_b/wall/roomslg_b_wall_straight_02x01x08_b.cgf
    [-0.00000064012100026, -1.00000042674731060, 0.00000000000000000, -18.00013999999998759]
    [1.00000042674731060, -0.00000064012100026, 0.00000000000000000, 12.49913300000000049]
    [0.00000000000000000, 0.00000000000000000, 1.00000042674751533, 7.50000000000000000]
  #254 objects/buildingsets/human/lowtech/bravo/int/roomsm/door/roomsm_door_garage_a_ext.cgf
    [-0.00000064012100026, -1.00000042674731060, 0.00000000000000000, 11.99986000000001241]
    [1.00000042674731060, -0.00000064012100026, 0.00000000000000000, 26.49913300000000049]
    [0.00000000000000000, 0.00000000000000000, 1.00000042674751533, 5.50000000000000000]
