# IncludedObjects
# Cgfs: 78, Materials: 9, Palettes: 1, Placements: 287

[CGFs]
      0: objects/buildingsets/hangar/asteroid/structures/uee_asteroid_hangar_scaffolds_stairs_01_reg.cgf
      1: objects/buildingsets/hangar/asteroid/structures/uee_asteroid_hangar_scaffolds_structure_01_reg.cgf
      2: objects/buildingsets/hangar/asteroid/uee_asteroid_hangar_beamcurvesidewall_a.cgf
      3: objects/buildingsets/hangar/asteroid/structures/uee_asteroid_hangar_beam_ceilling_01_reg.cgf
      4: objects/buildingsets/hangar/asteroid/uee_hangar_asteroid_prop_cableshanging_base_06.cgf
      5: objects/buildingsets/hangar/asteroid/structures/uee_asteroid_hangar_beam_connector_01_reg.cgf
      6: objects/buildingsets/hangar/asteroid/uee_hangar_asteroid_prop_lamp_01.cgf
      7: objects/buildingsets/hangar/deluxe/lightfloor_clean_deluxe_prop_uee_01.cgf
      8: objects/buildingsets/hangar/asteroid/uee_asteroid_hangar_control_desk_a.cgf
      9: objects/buildingsets/hangar/asteroid/structures/hangar_asteroid_pirate_controlroom_centermachine_01.cgf
     10: objects/buildingsets/human/shop/alpha/shippart/dumpersdepot/prop/prop_dumper_transport_pallet_a.cgf
     11: objects/buildingsets/hangar/asteroid/uee_asteroid_hangar_control_desk_monitors_a.cgf
     12: objects/buildingsets/human/sort/fan/fanceilingbroken_grunge_discount_prop_uee_01.cgf
     13: objects/buildingsets/hangar/asteroid/hangar_asteroid_pirate_controlroom_screen.cgf
     14: objects/buildingsets/hangar/asteroid/uee_asteroid_hangar_chain_03_reg.cgf
     15: objects/buildingsets/hangar/asteroid/uee_asteroid_hangar_control_desk_screen_a.cgf
     16: objects/buildingsets/hangar/asteroid/hangar_asteroid_pirate_controlroom_screen_02.cgf
     17: objects/buildingsets/hangar/asteroid/hangar_asteroid_controlroom_fan.cgf
     18: objects/buildingsets/hangar/asteroid/uee_asteroid_hangar_chain_02_reg.cgf
     19: objects/buildingsets/hangar/asteroid/uee_asteroid_hangar_chainholder_01_reg.cgf
     20: objects/buildingsets/hangar/asteroid/uee_hangar_asteroid_prop_cableswall_3m_01.cgf
     21: objects/buildingsets/human/shop/alpha/shippart/dumpersdepot/prop/prop_dumper_cable_step_a.cgf
     22: objects/buildingsets/hangar/asteroid/uee_asteroid_hangar_controlroom_chair_base_001.cgf
     23: objects/buildingsets/hangar/asteroid/structures/uee_asteroid_hangar_scaffolds_structure_02_reg.cgf
     24: objects/buildingsets/hangar/asteroid/hangar_asteroid_pirate_openpanel_01.cgf
     25: objects/buildingsets/hangar/asteroid/uee_hangar_asteroid_prop_cableshanging_base_01.cgf
     26: objects/buildingsets/human/lowtech/prop/storage/crate/crate_metal_3_015x0075x0075_a.cgf
     27: objects/buildingsets/human/shop/alpha/shippart/dumpersdepot/prop/prop_dumper_cable_straight_b.cgf
     28: objects/buildingsets/hangar/asteroid/hangar_asteroid_pirate_ceilingcablesuspend_4m_01.cgf
     29: objects/buildingsets/hangar/asteroid/structures/uee_asteroid_hangar_beam_support_01_reg.cgf
     30: objects/buildingsets/hangar/asteroid/hangar_asteroid_pirate_ceilingcablesuspend_junction_01.cgf
     31: objects/buildingsets/hangar/asteroid/uee_asteroid_hangar_control_desk_lamp_a.cgf
     32: objects/buildingsets/hangar/asteroid/uee_asteroid_hangar_controlroom_pipecorner_01_reg.cgf
     33: objects/buildingsets/hangar/asteroid/uee_asteroid_hangar_table_a.cgf
     34: objects/buildingsets/hangar/asteroid/uee_asteroid_hangar_control_console_a.cgf
     35: objects/buildingsets/human/shop/alpha/shippart/dumpersdepot/prop/prop_dumper_dolly_a.cgf
     36: objects/buildingsets/hangar/asteroid/uee_hangar_asteroid_prop_cables_floor_messy_05.cgf
     37: objects/buildingsets/human/lowtech/prop/storage/crate/crate_metal_4_0125x0125x0125_a.cgf
     38: objects/buildingsets/hangar/asteroid/uee_hangar_asteroid_prop_cableshanging_base_07.cgf
     39: objects/buildingsets/hangar/asteroid/hangar_asteroid_pirate_controlroomcable_centermachine_02.cgf
     40: objects/buildingsets/hangar/asteroid/hangar_asteroid_pirate_brokenpanel_01.cgf
     41: objects/buildingsets/hangar/asteroid/structures/uee_asteroid_hangar_scaffolds_sheet_03_reg.cgf
     42: objects/buildingsets/hangar/asteroid/hangar_asteroid_pirate_ceilingcable_junction_01.cgf
     43: objects/buildingsets/hangar/asteroid/cave/hangar_asteroid_rocks_kit_lighttransformer_02.cgf
     44: objects/buildingsets/hangar/asteroid/uee_asteroid_hangar_floorstraightline_reg.cgf
     45: objects/buildingsets/hangar/asteroid/uee_hangar_asteroid_prop_cableswall_2m_02.cgf
     46: objects/buildingsets/hangar/asteroid/uee_asteroid_hangar_elevator_door_frame_a.cgf
     47: objects/buildingsets/hangar/asteroid/structures/uee_asteroid_hangar_scaffolds_plateform_01_reg.cgf
     48: objects/buildingsets/hangar/asteroid/uee_hangar_asteroid_prop_cables_floor_messy_04.cgf
     49: objects/buildingsets/hangar/asteroid/structures/uee_asteroid_hangar_scaffolds_sheet_02_reg.cgf
     50: objects/buildingsets/hangar/asteroid/uee_asteroid_hangar_table_b.cgf
     51: objects/buildingsets/human/shop/alpha/shippart/dumpersdepot/prop/prop_dumper_int_tool_chest_a.cgf
     52: objects/buildingsets/hangar/asteroid/uee_asteroid_hangar_controlroom_couch_01.cgf
     53: objects/buildingsets/hangar/asteroid/structures/hangar_asteroid_rockfacelight_03.cgf
     54: objects/buildingsets/hangar/asteroid/uee_asteroid_hangar_control_desk_extention_a.cgf
     55: objects/buildingsets/hangar/asteroid/uee_asteroid_hangar_dolly_table_a.cgf
     56: objects/buildingsets/hangar/asteroid/uee_asteroid_hangar_chaingear_01_reg.cgf
     57: objects/buildingsets/hangar/asteroid/uee_asteroid_hangar_controlroom_roofwell_corner_ext_02_dmg.cgf
     58: objects/buildingsets/hangar/asteroid/hangar_asteroid_pirate_controlroomcable_panel_01.cgf
     59: objects/buildingsets/hangar/asteroid/uee_asteroid_hangar_controlroom_ceilling_ext_01_dmg.cgf
     60: objects/buildingsets/hangar/asteroid/uee_asteroid_hangar_controlroom_roofwell_corner_ext_01_dmg.cgf
     61: objects/buildingsets/hangar/asteroid/uee_asteroid_hangar_chain_01_reg.cgf
     62: objects/buildingsets/hangar/asteroid/uee_asteroid_hangar_beamstructure_a.cgf
     63: objects/buildingsets/hangar/asteroid/hangar_asteroid_pirate_closepanel_02.cgf
     64: objects/buildingsets/hangar/asteroid/hangar_asteroid_pirate_controlroomcable_centermachine_01.cgf
     65: objects/buildingsets/hangar/asteroid/uee_asteroid_hangar_floorsquaresign_reg.cgf
     66: objects/buildingsets/human/shop/alpha/shippart/dumpersdepot/int/deco/dumper_int_deco_decal_line_white_a.cgf
     67: objects/buildingsets/hangar/asteroid/structures/uee_asteroid_hangar_scaffolds_sheet_01_reg.cgf
     68: objects/buildingsets/hangar/asteroid/structures/uee_asteroid_hangar_scaffolds_structure_04_reg.cgf
     69: objects/buildingsets/hangar/asteroid/structures/uee_asteroid_hangar_scaffolds_structure_damaged_03_reg.cgf
     70: objects/buildingsets/hangar/asteroid/structures/uee_asteroid_hangar_scaffolds_plateform_02_reg.cgf
     71: objects/buildingsets/hangar/asteroid/structures/uee_asteroid_hangar_scaffolds_structure_damaged_01_reg.cgf
     72: objects/buildingsets/hangar/asteroid/structures/uee_asteroid_hangar_scaffolds_structure_damaged_02_reg.cgf
     73: objects/buildingsets/human/shop/alpha/shippart/dumpersdepot/prop/prop_dumper_cable_roll_a.cgf
     74: objects/buildingsets/human/shop/alpha/shippart/dumpersdepot/prop/prop_dumper_int_cable_reel_a.cgf
     75: objects/buildingsets/human/shop/alpha/shippart/dumpersdepot/prop/prop_dumper_int_bent_cable_a.cgf
     76: objects/buildingsets/hangar/asteroid/structures/uee_asteroid_hangar_scaffolds_structure_07_reg.cgf
     77: objects/buildingsets/hangar/asteroid/structures/uee_asteroid_hangar_scaffolds_sheet_04_reg.cgf

[Materials]
      0: materials/decals/scratches/metal_scratches_01
      1: objects/buildingsets/hangar/asteroid/hangar_asteroid_pirate_controlroom_kit
      2: objects/buildingsets/hangar/asteroid/structures/hangar_asteroid_beam_01
      3: objects/buildingsets/hangar/asteroid/hangar_asteroid_rubber
      4: objects/buildingsets/hangar/asteroid/structures/hangar_asteroid_pirate_controlroom_centermachine_01
      5: objects/buildingsets/hangar/asteroid/hangar_asteroid_metalbare_01
      6: objects/buildingsets/hangar/asteroid/structures/hangar_asteroid_scaffold_sheeting
      7: objects/buildingsets/hangar/asteroid/structures/hangar_asteroid_beams_01
      8: objects/buildingsets/hangar/asteroid/hangar_asteroid_pirate_landingpad_kit

[Palettes]
      0: Libs/Foundry/Records/TintPalettes/default

[Placements]
  #0 objects/buildingsets/hangar/asteroid/structures/uee_asteroid_hangar_scaffolds_stairs_01_reg.cgf
    [-0.96592590334847361, 0.25881891379141331, 0.00000000000000000, 58.52021789550781250]
    [-0.25881891379141331, -0.96592590334847361, 0.00000000000000000, 15.90505218505859375]
    [0.00000000000000000, 0.00000000000000000, 1.00000004044786506, 2.87500000000000000]
  #1 objects/buildingsets/hangar/asteroid/structures/uee_asteroid_hangar_scaffolds_structure_01_reg.cgf
    [0.96592582170811148, -0.25881906661464998, 0.00000000000000000, 64.12631225585937500]
    [0.25881906661464998, 0.96592582170811148, 0.00000000000000000, 14.30135345458984375]
    [0.00000000000000000, 0.00000000000000000, 1.00000000114288445, 8.87500000000000000]
  #2 objects/buildingsets/hangar/asteroid/structures/uee_asteroid_hangar_scaffolds_structure_01_reg.cgf
    [0.96592582170811148, -0.25881906661464998, 0.00000000000000000, 64.12631225585937500]
    [0.25881906661464998, 0.96592582170811148, 0.00000000000000000, 14.30135345458984375]
    [0.00000000000000000, 0.00000000000000000, 1.00000000114288445, -0.12500000000000000]
  #3 objects/buildingsets/hangar/asteroid/uee_asteroid_hangar_beamcurvesidewall_a.cgf
    [-0.99999999999999845, -0.00000008742277657, 0.00000000000000000, 63.12500000000000000]
    [0.00000008742277657, -0.99999999999999845, 0.00000000000000000, 8.75000000000000000]
    [0.00000000000000000, 0.00000000000000000, 1.00000000000000244, 23.00000000000000000]
  #4 objects/buildingsets/hangar/asteroid/structures/uee_asteroid_hangar_beam_ceilling_01_reg.cgf
    [0.00000020281592842, -0.99999997718096034, 0.00000000000000000, 62.87500000000000000]
    [0.99999997718096034, 0.00000020281592842, 0.00000000000000000, 47.87500000000000000]
    [0.00000000000000000, 0.00000000000000000, 0.99999997718098099, 50.37500000000000000]
  #5 objects/buildingsets/hangar/asteroid/structures/uee_asteroid_hangar_beam_ceilling_01_reg.cgf
    [-0.00000013435885786, 0.99999997718096412, 0.00000000000000000, 63.12500000000000000]
    [-0.99999997718096412, -0.00000013435885786, -0.00000000000000000, 31.75000762939453125]
    [-0.00000000000000000, 0.00000000000000000, 0.99999997718097322, 50.37500000000000000]
  #6 objects/buildingsets/hangar/asteroid/uee_asteroid_hangar_beamcurvesidewall_a.cgf
    [1.00000000000000000, 0.00000000000000000, 0.00000000000000000, 62.75000000000000000]
    [0.00000000000000000, 1.00000000000000000, 0.00000000000000000, 87.25000000000000000]
    [0.00000000000000000, 0.00000000000000000, 1.00000000000000000, 23.87500000000000000]
  #7 objects/buildingsets/hangar/asteroid/uee_hangar_asteroid_prop_cableshanging_base_06.cgf
    [-2.38102895005848358, -4.38906748930300417, -0.81878412654925314, 62.24617004394531250]
    [4.46427876957626690, -2.32638469577089424, -0.51163370428049815, 87.45071411132812500]
    [0.06734938051841519, -0.96314098354736899, 4.96703565915500622, 41.26097869873046875]
  #8 objects/buildingsets/hangar/asteroid/structures/uee_asteroid_hangar_scaffolds_structure_01_reg.cgf
    [0.96592582170811148, -0.25881906661464998, 0.00000000000000000, 64.12631225585937500]
    [0.25881906661464998, 0.96592582170811148, 0.00000000000000000, 14.30135345458984375]
    [0.00000000000000000, 0.00000000000000000, 1.00000000114288445, 2.87500000000000000]
  #9 objects/buildingsets/hangar/asteroid/structures/uee_asteroid_hangar_scaffolds_structure_01_reg.cgf
    [0.96592582170811148, -0.25881906661464998, 0.00000000000000000, 64.12631225585937500]
    [0.25881906661464998, 0.96592582170811148, 0.00000000000000000, 14.30135345458984375]
    [0.00000000000000000, 0.00000000000000000, 1.00000000114288445, 5.87500000000000000]
  #10 objects/buildingsets/hangar/asteroid/structures/uee_asteroid_hangar_beam_connector_01_reg.cgf
    [0.00000003422854103, -1.00000003337676890, 0.00000000000000000, 62.62500000000000000]
    [1.00000003337676890, 0.00000003422854103, 0.00000000000000000, 75.75000000000000000]
    [0.00000000000000000, 0.00000000000000000, 1.00000003337676935, 50.50000000000000000]
  #11 objects/buildingsets/hangar/asteroid/structures/uee_asteroid_hangar_beam_connector_01_reg.cgf
    [-0.00000013435885786, 0.99999997718096412, 0.00000000000000000, 63.12500000000000000]
    [-0.99999997718096412, -0.00000013435885786, -0.00000000000000000, 19.62500000000000000]
    [-0.00000000000000000, 0.00000000000000000, 0.99999997718097322, 50.49210357666015625]
  #12 objects/buildingsets/hangar/asteroid/structures/uee_asteroid_hangar_scaffolds_stairs_01_reg.cgf
    [0.96592582170811148, -0.25881906661464998, 0.00000000000000000, 64.12631225585937500]
    [0.25881906661464998, 0.96592582170811148, 0.00000000000000000, 14.30135345458984375]
    [0.00000000000000000, 0.00000000000000000, 1.00000000114288445, -0.12500000000000000]
  #13 objects/buildingsets/hangar/asteroid/structures/uee_asteroid_hangar_beam_ceilling_01_reg.cgf
    [0.00000020281592842, -0.99999997718096034, 0.00000000000000000, 62.87500000000000000]
    [0.99999997718096034, 0.00000020281592842, 0.00000000000000000, 79.87500000000000000]
    [0.00000000000000000, 0.00000000000000000, 0.99999997718098099, 50.37500000000000000]
  #14 objects/buildingsets/hangar/asteroid/structures/uee_asteroid_hangar_beam_ceilling_01_reg.cgf
    [0.00000020281592842, -0.99999997718096034, 0.00000000000000000, 62.87500000000000000]
    [0.99999997718096034, 0.00000020281592842, 0.00000000000000000, 63.87500000000000000]
    [0.00000000000000000, 0.00000000000000000, 0.99999997718098099, 50.37500000000000000]
  #15 objects/buildingsets/hangar/asteroid/structures/uee_asteroid_hangar_beam_ceilling_01_reg.cgf
    [0.00000020281592842, -0.99999997718096034, 0.00000000000000000, 62.87500000000000000]
    [0.99999997718096034, 0.00000020281592842, 0.00000000000000000, 31.87500000000000000]
    [0.00000000000000000, 0.00000000000000000, 0.99999997718098099, 50.37500000000000000]
  #16 objects/buildingsets/hangar/asteroid/uee_hangar_asteroid_prop_lamp_01.cgf
    [-2.44514513742367035, -0.00000022030538997, -0.60964319643978926, 62.75000000000000000]
    [0.00000021376137686, -2.51999991468887607, 0.00000005329670357, 48.00000000000000000]
    [-0.60964319643979159, 0.00000000000000258, 2.44514513742368012, 41.37500000000000000]
  #17 objects/buildingsets/hangar/asteroid/structures/uee_asteroid_hangar_beam_ceilling_01_reg.cgf
    [-0.00000013435885786, 0.99999997718096412, 0.00000000000000000, 7.36109924316406250]
    [-0.99999997718096412, -0.00000013435885786, -0.00000000000000000, 47.82916259765625000]
    [-0.00000000000000000, 0.00000000000000000, 0.99999997718097322, 50.37500000000000000]
  #18 objects/buildingsets/hangar/deluxe/lightfloor_clean_deluxe_prop_uee_01.cgf
    [-0.70710667200456601, -0.70710690865306802, 0.00000000000000000, 51.02093003223950518]
    [0.70710690865306802, -0.70710667200456601, 0.00000000000000000, 39.87100807517528267]
    [0.00000000000000000, 0.00000000000000000, 1.00000001292913576, 14.10355377197265625]
  #19 objects/buildingsets/hangar/deluxe/lightfloor_clean_deluxe_prop_uee_01.cgf
    [0.73135390064201489, -0.68199813520236086, 0.00000000000000000, 26.93325864539980330]
    [0.68199813520236086, 0.73135390064201489, 0.00000000000000000, 39.88612809186064112]
    [0.00000000000000000, 0.00000000000000000, 0.99999999220189395, 14.12254333496093750]
  #20 objects/buildingsets/hangar/asteroid/uee_asteroid_hangar_control_desk_a.cgf
    [1.00000000000000000, 0.00000000000000000, 0.00000000000000000, 36.50000000000000000]
    [0.00000000000000000, 1.00000000000000000, 0.00000000000000000, 21.62500000000000000]
    [0.00000000000000000, 0.00000000000000000, 1.00000000000000000, 30.12500000000000000]
  #21 objects/buildingsets/hangar/asteroid/structures/hangar_asteroid_pirate_controlroom_centermachine_01.cgf
    [0.99619470400600407, 0.08715567572684960, 0.00000000000000000, 36.87500000000000000]
    [-0.08715567572684960, 0.99619470400600407, -0.00000000000000000, 16.25000000000000000]
    [-0.00000000000000000, 0.00000000000000000, 1.00000000005050693, 30.24000167846679688]
  #22 objects/buildingsets/human/shop/alpha/shippart/dumpersdepot/prop/prop_dumper_transport_pallet_a.cgf
    [0.25881890155778786, -0.00000000000000000, -0.96592583683428923, 46.50000000000000000]
    [0.00000000000000000, 0.99999997303380050, -0.00000000000000000, 12.00000000000000000]
    [0.96592583683428923, 0.00000000000000000, 0.25881890155778786, 31.12500000000000000]
  #23 objects/buildingsets/hangar/asteroid/uee_asteroid_hangar_control_desk_monitors_a.cgf
    [1.00000000000000000, 0.00000000000000000, 0.00000000000000000, 37.62500000000000000]
    [0.00000000000000000, 1.00000000000000000, 0.00000000000000000, 22.00000000000000000]
    [0.00000000000000000, 0.00000000000000000, 1.00000000000000000, 31.12500000000000000]
  #24 objects/buildingsets/human/sort/fan/fanceilingbroken_grunge_discount_prop_uee_01.cgf
    [-0.00000025877256465, 0.02060803729685087, -0.59014029197798090, 29.09878540039062500]
    [0.00000007549691123, 0.59014029197803397, 0.02060803729681962, 16.29437255859375000]
    [0.59050000458685792, -0.00000006641993948, -0.00000026124971860, 32.32164764404296875]
  #25 objects/buildingsets/hangar/asteroid/hangar_asteroid_pirate_controlroom_screen.cgf
    [0.70710673985526284, 0.70710684347045527, 0.00000000000000000, 28.12500000000000000]
    [-0.70710684347045527, 0.70710673985526284, -0.00000000000000000, 22.37500000000000000]
    [-0.00000000000000000, 0.00000000000000000, 1.00000001481574441, 35.50000000000000000]
  #26 objects/buildingsets/hangar/asteroid/uee_asteroid_hangar_chain_03_reg.cgf
    [0.99999997718097322, 0.00000000000000000, 0.00000000000000000, 32.55227661132812500]
    [0.00000000000000000, -0.00000013435885786, -0.99999997718096412, 15.88873291015625000]
    [0.00000000000000000, 0.99999997718096412, -0.00000013435885786, 37.79058074951171875]
  #27 objects/buildingsets/hangar/asteroid/hangar_asteroid_pirate_controlroom_screen.cgf
    [0.80813572091791752, 0.29413730328673399, 0.00000000000000000, 40.50000000000000000]
    [-0.29413730328673399, 0.80813572091791752, -0.00000000000000000, 12.00000000000000000]
    [-0.00000000000000000, 0.00000000000000000, 0.86000005616762276, 34.87500000000000000]
  #28 objects/buildingsets/hangar/asteroid/uee_asteroid_hangar_control_desk_screen_a.cgf
    [1.00000000000000000, 0.00000000000000000, 0.00000000000000000, 36.50000000000000000]
    [0.00000000000000000, 1.00000000000000000, 0.00000000000000000, 22.37500000000000000]
    [0.00000000000000000, 0.00000000000000000, 1.00000000000000000, 31.37500000000000000]
  #29 objects/buildingsets/hangar/asteroid/hangar_asteroid_pirate_controlroom_screen_02.cgf
    [-0.57357656642539179, 0.81915199134433314, 0.00000000000000000, 42.93905639648437500]
    [-0.81915199134433314, -0.57357656642539179, 0.00000000000000000, 21.50000000000000000]
    [0.00000000000000000, 0.00000000000000000, 1.00000003123786385, 35.37500000000000000]
  #30 objects/buildingsets/hangar/asteroid/hangar_asteroid_controlroom_fan.cgf
    [0.99999999999998401, 0.00000017881393433, 0.00000000000000000, 26.96510314941406250]
    [-0.00000017881393433, 0.99999999999998401, -0.00000000000000000, 14.08789062500000000]
    [-0.00000000000000000, 0.00000000000000000, 1.00000000000000000, 32.76235961914062500]
  #31 objects/buildingsets/hangar/asteroid/uee_asteroid_hangar_chain_02_reg.cgf
    [0.99999997718097322, 0.00000000000000000, 0.00000000000000000, 43.67448425292968750]
    [0.00000000000000000, -0.00000013435885786, -0.99999997718096412, 16.13401031494140625]
    [0.00000000000000000, 0.99999997718096412, -0.00000013435885786, 35.71475219726562500]
  #32 objects/buildingsets/hangar/asteroid/uee_asteroid_hangar_chainholder_01_reg.cgf
    [0.00000000000000000, -0.00000011920928955, -1.00000000000000000, 29.68321228027343750]
    [-1.00000000000000000, -0.00000011920928955, 0.00000000000001421, 15.99305725097656250]
    [-0.00000011920928955, 0.99999999999999289, -0.00000011920928955, 35.07170104980468750]
  #33 objects/buildingsets/hangar/asteroid/uee_hangar_asteroid_prop_cableswall_3m_01.cgf
    [-0.99999999999999845, 0.00000008742277657, 0.00000000000000000, 42.00000000000000000]
    [-0.00000008742277657, -0.99999999999999845, 0.00000000000000000, 8.37500000000000000]
    [0.00000000000000000, 0.00000000000000000, 1.00000000000000244, 29.87500000000000000]
  #34 objects/buildingsets/human/shop/alpha/shippart/dumpersdepot/prop/prop_dumper_cable_step_a.cgf
    [-0.06975664334567083, 0.99756405279826832, 0.00000000000000000, 28.04338073730468750]
    [-0.99756405279826832, -0.06975664334567083, -0.00000000000000000, 23.10664367675781250]
    [-0.00000000000000000, 0.00000000000000000, 1.00000001436308050, 30.12500000000000000]
  #35 objects/buildingsets/hangar/asteroid/uee_asteroid_hangar_controlroom_chair_base_001.cgf
    [0.50000000224352892, -0.86602539212672036, 0.00000000000000000, 37.50000000000000000]
    [0.86602539212672036, 0.50000000224352892, 0.00000000000000000, 20.50000000000000000]
    [0.00000000000000000, 0.00000000000000000, 0.99999999102588422, 30.12500000000000000]
  #36 objects/buildingsets/hangar/asteroid/structures/uee_asteroid_hangar_scaffolds_structure_02_reg.cgf
    [0.96592587646660477, -0.25881885986317649, 0.00000000000000000, 59.29666137695312500]
    [0.25881885986317649, 0.96592587646660477, 0.00000000000000000, 13.00726318359375000]
    [0.00000000000000000, 0.00000000000000000, 1.00000000052432658, 5.87500000000000000]
  #37 objects/buildingsets/hangar/asteroid/hangar_asteroid_pirate_openpanel_01.cgf
    [-0.99999999999999845, -0.00000008742277657, 0.00000000000000000, 25.00000000000000000]
    [0.00000008742277657, -0.99999999999999845, 0.00000000000000000, 8.12500000000000000]
    [0.00000000000000000, 0.00000000000000000, 1.00000000000000244, 24.37500000000000000]
  #38 objects/buildingsets/hangar/asteroid/structures/uee_asteroid_hangar_scaffolds_structure_01_reg.cgf
    [0.96592582170811148, -0.25881906661464998, 0.00000000000000000, 59.29669189453125000]
    [0.25881906661464998, 0.96592582170811148, 0.00000000000000000, 13.00727081298828125]
    [0.00000000000000000, 0.00000000000000000, 1.00000000114288445, 14.62500000000000000]
  #39 objects/buildingsets/hangar/asteroid/uee_hangar_asteroid_prop_cableshanging_base_01.cgf
    [1.00000000000000000, 0.00000000000000000, 0.00000000000000000, 28.00000000000000000]
    [0.00000000000000000, 1.00000000000000000, 0.00000000000000000, 10.00000000000000000]
    [0.00000000000000000, 0.00000000000000000, 1.00000000000000000, 20.87500000000000000]
  #40 objects/buildingsets/human/lowtech/prop/storage/crate/crate_metal_3_015x0075x0075_a.cgf
    [0.96592582953075612, -0.25881903707872522, 0.00000000000000000, 40.39633178710937500]
    [0.25881903707872522, 0.96592582953075612, 0.00000000000000000, -17.29418945312500000]
    [0.00000000000000000, 0.00000000000000000, 1.00000000105451892, 11.36751937866210938]
  #41 objects/buildingsets/human/shop/alpha/shippart/dumpersdepot/prop/prop_dumper_cable_step_a.cgf
    [-0.99939086603073379, -0.03489957709680155, 0.00000000000000000, 34.12500000000000000]
    [0.03489957709680155, -0.99939086603073379, 0.00000000000000000, 16.62500000000000000]
    [0.00000000000000000, 0.00000000000000000, 1.00000004179359681, 30.12500000000000000]
  #42 objects/buildingsets/human/shop/alpha/shippart/dumpersdepot/prop/prop_dumper_cable_straight_b.cgf
    [-0.99984766713082818, 0.01745244161651546, 0.00000000000000000, 39.46395874023437500]
    [-0.01745244161651546, -0.99984766713082818, 0.00000000000000000, 21.55214691162109375]
    [0.00000000000000000, 0.00000000000000000, 0.99999997259266804, 30.11043930053710938]
  #43 objects/buildingsets/hangar/asteroid/hangar_asteroid_pirate_ceilingcablesuspend_4m_01.cgf
    [1.00000000000000000, 0.00000000000000000, 0.00000000000000000, 31.87500000000000000]
    [0.00000000000000000, 1.00000000000000000, 0.00000000000000000, 20.00000000000000000]
    [0.00000000000000000, 0.00000000000000000, 1.00000000000000000, 28.00000000000000000]
  #44 objects/buildingsets/hangar/asteroid/structures/uee_asteroid_hangar_beam_support_01_reg.cgf
    [-0.34866813824790899, 0.00000001327411343, -0.03050455232796337, 46.48609924316406250]
    [-0.03050455232795697, 0.00000012138937966, 0.34866813824788867, 9.82916259765625000]
    [0.00000002380339759, 0.34999999763139666, -0.00000011977053830, 27.62500000000000000]
  #45 objects/buildingsets/human/shop/alpha/shippart/dumpersdepot/prop/prop_dumper_cable_step_a.cgf
    [-0.05233621481452537, 0.99862953135806687, 0.00000000000000000, 41.92143249511718750]
    [-0.99862953135806687, -0.05233621481452537, -0.00000000000000000, 23.44444274902343750]
    [-0.00000000000000000, 0.00000000000000000, 1.00000001014077200, 30.12500000000000000]
  #46 objects/buildingsets/hangar/asteroid/hangar_asteroid_pirate_ceilingcablesuspend_junction_01.cgf
    [1.00000000000000000, 0.00000000000000000, 0.00000000000000000, 43.25000000000000000]
    [0.00000000000000000, 0.99999999999999867, -0.00000005215406418, 10.00000000000000000]
    [0.00000000000000000, 0.00000005215406418, 0.99999999999999867, 21.50000000000000000]
  #47 objects/buildingsets/hangar/asteroid/uee_asteroid_hangar_controlroom_chair_base_001.cgf
    [0.90630775581729439, 0.42261833111173486, 0.00000000000000000, 33.25000000000000000]
    [-0.42261833111173486, 0.90630775581729439, -0.00000000000000000, 20.00000000000000000]
    [-0.00000000000000000, 0.00000000000000000, 1.00000000102312425, 30.12500000000000000]
  #48 objects/buildingsets/hangar/asteroid/uee_asteroid_hangar_control_desk_lamp_a.cgf
    [0.99999999999999822, 0.00000005960464478, 0.00000000000000000, 35.49998474121093750]
    [-0.00000005960464478, 0.99999999999999822, -0.00000000000000000, 21.37500000000000000]
    [-0.00000000000000000, 0.00000000000000000, 1.00000000000000000, 31.12499618530273438]
  #49 objects/buildingsets/hangar/asteroid/hangar_asteroid_pirate_ceilingcablesuspend_junction_01.cgf
    [1.00000000000000000, 0.00000000000000000, 0.00000000000000000, 39.87500000000000000]
    [0.00000000000000000, 1.00000000000000000, 0.00000000000000000, 20.00000000000000000]
    [0.00000000000000000, 0.00000000000000000, 1.00000000000000000, 28.00000000000000000]
  #50 objects/buildingsets/hangar/asteroid/uee_asteroid_hangar_controlroom_pipecorner_01_reg.cgf
    [0.99999999999999467, 0.00000010331603306, 0.00000000000000000, 33.50000000000000000]
    [-0.00000010331603306, 0.99999999999999467, -0.00000000000000000, 16.99997711181640625]
    [-0.00000000000000000, 0.00000000000000000, 1.00000000000000000, 28.00000000000000000]
  #51 objects/buildingsets/human/sort/fan/fanceilingbroken_grunge_discount_prop_uee_01.cgf
    [0.00000015467697098, 0.16276384071240865, 0.56762502426117944, 46.50000000000000000]
    [0.00000001890678498, -0.56762502426120010, 0.16276384071240940, 14.87500762939453125]
    [0.59049998815491822, -0.00000002446037914, -0.00000015389646440, 30.87500000000000000]
  #52 objects/buildingsets/hangar/asteroid/uee_asteroid_hangar_table_a.cgf
    [0.05233585784449878, 0.99862954347220445, 0.00000000000000000, 31.25000000000000000]
    [-0.99862954347220445, 0.05233585784449878, -0.00000000000000000, 19.15000152587890625]
    [-0.00000000000000000, 0.00000000000000000, 1.00000000355591157, 30.12500000000000000]
  #53 objects/buildingsets/hangar/asteroid/hangar_asteroid_pirate_ceilingcablesuspend_4m_01.cgf
    [1.00000000000000000, 0.00000000000000000, 0.00000000000000000, 39.25000000000000000]
    [0.00000000000000000, 1.00000000000000000, 0.00000000000000000, 10.00000000000000000]
    [0.00000000000000000, 0.00000000000000000, 1.00000000000000000, 21.50000000000000000]
  #54 objects/buildingsets/hangar/asteroid/uee_asteroid_hangar_control_console_a.cgf
    [1.00000000000000000, 0.00000000000000000, 0.00000000000000000, 36.50000000000000000]
    [0.00000000000000000, 1.00000000000000000, 0.00000000000000000, 22.00000000000000000]
    [0.00000000000000000, 0.00000000000000000, 1.00000000000000000, 31.07538223266601562]
  #55 objects/buildingsets/hangar/asteroid/structures/uee_asteroid_hangar_scaffolds_structure_01_reg.cgf
    [0.96592582170811148, -0.25881906661464998, 0.00000000000000000, 59.29669189453125000]
    [0.25881906661464998, 0.96592582170811148, 0.00000000000000000, 13.00727081298828125]
    [0.00000000000000000, 0.00000000000000000, 1.00000000114288445, 11.75000000000000000]
  #56 objects/buildingsets/human/shop/alpha/shippart/dumpersdepot/prop/prop_dumper_cable_step_a.cgf
    [0.99939083226164815, -0.03489934689307293, 0.00000000000000000, 39.37500000000000000]
    [0.03489934689307293, 0.99939083226164815, 0.00000000000000000, 17.00000000000000000]
    [0.00000000000000000, 0.00000000000000000, 1.00000000001109646, 30.12500000000000000]
  #57 objects/buildingsets/hangar/asteroid/structures/uee_asteroid_hangar_beam_support_01_reg.cgf
    [-0.34866813824790899, 0.00000001327411343, -0.03050455232796337, 41.11109924316406250]
    [-0.03050455232795697, 0.00000012138937966, 0.34866813824788867, 9.82916259765625000]
    [0.00000002380339759, 0.34999999763139666, -0.00000011977053830, 27.50000000000000000]
  #58 objects/buildingsets/human/shop/alpha/shippart/dumpersdepot/prop/prop_dumper_dolly_a.cgf
    [0.00000003422854103, -1.00000003337676890, 0.00000000000000000, 22.24998474121093750]
    [1.00000003337676890, 0.00000003422854103, 0.00000000000000000, 21.00000000000000000]
    [0.00000000000000000, 0.00000000000000000, 1.00000003337676935, 14.00000000000000000]
  #59 objects/buildingsets/human/shop/alpha/shippart/dumpersdepot/prop/prop_dumper_cable_step_a.cgf
    [-0.05233621481452537, 0.99862953135806687, 0.00000000000000000, 44.04779052734375000]
    [-0.99862953135806687, -0.05233621481452537, -0.00000000000000000, 23.39597320556640625]
    [-0.00000000000000000, 0.00000000000000000, 1.00000001014077200, 30.12500000000000000]
  #60 objects/buildingsets/hangar/asteroid/uee_hangar_asteroid_prop_cables_floor_messy_05.cgf
    [0.32882382055738624, 0.95497376389518240, 0.00000000000000000, 26.62500000000000000]
    [-0.95497376389518240, 0.32882382055738624, -0.00000000000000000, 9.97921752929687500]
    [-0.00000000000000000, 0.00000000000000000, 1.00999999737331070, 30.13407135009765625]
  #61 objects/buildingsets/human/lowtech/prop/storage/crate/crate_metal_4_0125x0125x0125_a.cgf
    [0.86602525354737914, -0.50000024860999426, 0.00000000000000000, 40.84751892089843750]
    [0.50000024860999426, 0.86602525354737914, 0.00000000000000000, 1.57762145996093750]
    [0.00000000000000000, 0.00000000000000000, 0.99999999419592922, 11.17476272583007812]
  #62 objects/buildingsets/human/lowtech/prop/storage/crate/crate_metal_3_015x0075x0075_a.cgf
    [-0.99619472397430009, 0.08715590473835233, 0.00000000000000000, 27.87500000000000000]
    [-0.08715590473835233, -0.99619472397430009, 0.00000000000000000, 14.50000000000000000]
    [0.00000000000000000, 0.00000000000000000, 1.00000003990249575, 30.12500000000000000]
  #63 objects/buildingsets/hangar/asteroid/hangar_asteroid_pirate_ceilingcablesuspend_junction_01.cgf
    [1.00000000000000000, -0.00000000000000000, 0.00000000000000000, 26.00000000000000000]
    [0.00000000000000000, 0.99999999999998468, 0.00000017484555315, 10.00000000000000000]
    [-0.00000000000000000, -0.00000017484555315, 0.99999999999998468, 21.50000000000000000]
  #64 objects/buildingsets/hangar/asteroid/uee_hangar_asteroid_prop_cableshanging_base_07.cgf
    [1.00000000000000000, 0.00000000000000000, 0.00000000000000000, 37.25000000000000000]
    [0.00000000000000000, 1.00000000000000000, 0.00000000000000000, 9.87500000000000000]
    [0.00000000000000000, 0.00000000000000000, 1.00000000000000000, 20.75000000000000000]
  #65 objects/buildingsets/human/shop/alpha/shippart/dumpersdepot/prop/prop_dumper_cable_step_a.cgf
    [-0.05233621481452537, 0.99862953135806687, 0.00000000000000000, 39.66705322265625000]
    [-0.99862953135806687, -0.05233621481452537, -0.00000000000000000, 23.42035675048828125]
    [-0.00000000000000000, 0.00000000000000000, 1.00000001014077200, 30.12500000000000000]
  #66 objects/buildingsets/hangar/asteroid/uee_asteroid_hangar_controlroom_chair_base_001.cgf
    [0.99999999999999822, 0.00000005960464478, 0.00000000000000000, 35.75000000000000000]
    [-0.00000005960464478, 0.99999999999999822, -0.00000000000000000, 20.50000000000000000]
    [-0.00000000000000000, 0.00000000000000000, 1.00000000000000000, 30.12500000000000000]
  #67 objects/buildingsets/hangar/asteroid/hangar_asteroid_pirate_controlroomcable_centermachine_02.cgf
    [0.99999999999998923, 0.00000014702742135, 0.00000000000000000, 36.99998474121093750]
    [-0.00000014702742135, 0.99999999999998923, -0.00000000000000000, 16.24999237060546875]
    [-0.00000000000000000, 0.00000000000000000, 1.00000000000000000, 28.50000000000000000]
  #68 objects/buildingsets/hangar/asteroid/hangar_asteroid_pirate_brokenpanel_01.cgf
    [0.00000020281592842, -0.99999997718096034, 0.00000000000000000, 23.12500000000000000]
    [0.99999997718096034, 0.00000020281592842, 0.00000000000000000, 19.12500000000000000]
    [0.00000000000000000, 0.00000000000000000, 0.99999997718098099, 17.25000000000000000]
  #69 objects/buildingsets/human/shop/alpha/shippart/dumpersdepot/prop/prop_dumper_transport_pallet_a.cgf
    [0.08715571704740882, -0.99619470111588093, 0.00000000000000000, 40.89633178710937500]
    [0.99619470111588093, 0.08715571704740882, 0.00000000000000000, -17.29418945312500000]
    [0.00000000000000000, 0.00000000000000000, 1.00000000077270346, 11.24251937866210938]
  #70 objects/buildingsets/hangar/asteroid/uee_hangar_asteroid_prop_lamp_01.cgf
    [-0.99452183066069855, -0.00000008742285343, 0.10452844718295518, 42.38723754882812500]
    [0.00000008694394254, -0.99999993396559139, -0.00000000913817030, -8.47877502441406250]
    [0.10452844718295556, 0.00000000000000545, 0.99452183066070221, 16.09909057617187500]
  #71 objects/buildingsets/hangar/asteroid/hangar_asteroid_pirate_ceilingcablesuspend_junction_01.cgf
    [1.00000000000000000, -0.00000000000000000, 0.00000000000000000, 34.62500000000000000]
    [0.00000000000000000, 0.99999999999998468, 0.00000017484555315, 10.00000000000000000]
    [-0.00000000000000000, -0.00000017484555315, 0.99999999999998468, 21.50000000000000000]
  #72 objects/buildingsets/human/shop/alpha/shippart/dumpersdepot/prop/prop_dumper_cable_straight_b.cgf
    [0.00000003422854103, 1.00000003337676890, 0.00000000000000000, 41.10441589355468750]
    [-1.00000003337676890, 0.00000003422854103, -0.00000000000000000, 12.69380950927734375]
    [-0.00000000000000000, 0.00000000000000000, 1.00000003337676935, 30.11043930053710938]
  #73 objects/buildingsets/hangar/asteroid/uee_hangar_asteroid_prop_cableshanging_base_06.cgf
    [1.00000000000000000, 0.00000000000000000, 0.00000000000000000, 43.25000000000000000]
    [0.00000000000000000, 1.00000000000000000, 0.00000000000000000, 10.00000000000000000]
    [0.00000000000000000, 0.00000000000000000, 1.00000000000000000, 20.75000000000000000]
  #74 objects/buildingsets/hangar/asteroid/structures/uee_asteroid_hangar_scaffolds_sheet_03_reg.cgf
    [-0.97437012382051180, 0.22495105062116139, 0.00000000000000000, 58.44837951660156250]
    [-0.22495105062116139, -0.97437012382051180, 0.00000000000000000, 15.82803344726562500]
    [0.00000000000000000, 0.00000000000000000, 1.00000005668477976, 11.99999618530273438]
  #75 objects/buildingsets/human/lowtech/prop/storage/crate/crate_metal_3_015x0075x0075_a.cgf
    [-0.99619472397430009, 0.08715590473835233, 0.00000000000000000, 27.67739868164062500]
    [-0.08715590473835233, -0.99619472397430009, 0.00000000000000000, -2.38769531250000000]
    [0.00000000000000000, 0.00000000000000000, 1.00000003990249575, 11.20833206176757812]
  #76 objects/buildingsets/hangar/asteroid/uee_asteroid_hangar_table_a.cgf
    [-0.03489946082806570, 0.99939084299513536, 0.00000000000000000, 44.00000000000000000]
    [-0.99939084299513536, -0.03489946082806570, -0.00000000000000000, 20.40000152587890625]
    [-0.00000000000000000, 0.00000000000000000, 1.00000001471430844, 30.12500000000000000]
  #77 objects/buildingsets/hangar/asteroid/hangar_asteroid_pirate_ceilingcablesuspend_junction_01.cgf
    [1.00000000000000000, 0.00000000000000000, 0.00000000000000000, 31.25000000000000000]
    [0.00000000000000000, 1.00000000000000000, 0.00000000000000000, 20.00000000000000000]
    [0.00000000000000000, 0.00000000000000000, 1.00000000000000000, 28.00000000000000000]
  #78 objects/buildingsets/hangar/asteroid/structures/uee_asteroid_hangar_scaffolds_structure_02_reg.cgf
    [0.96592587646660477, -0.25881885986317649, 0.00000000000000000, 59.29666137695312500]
    [0.25881885986317649, 0.96592587646660477, 0.00000000000000000, 13.00726318359375000]
    [0.00000000000000000, 0.00000000000000000, 1.00000000052432658, 2.87500000000000000]
  #79 objects/buildingsets/hangar/asteroid/hangar_asteroid_pirate_ceilingcable_junction_01.cgf
    [1.00000000000000000, 0.00000000000000000, 0.00000000000000000, 34.62500000000000000]
    [0.00000000000000000, 1.00000000000000000, 0.00000000000000000, 7.25000000000000000]
    [0.00000000000000000, 0.00000000000000000, 1.00000000000000000, 21.31630706787109375]
  #80 objects/buildingsets/hangar/asteroid/uee_asteroid_hangar_controlroom_pipecorner_01_reg.cgf
    [-1.00000000000000000, -0.00000001589326004, 0.00000000000000000, 41.50000000000000000]
    [0.00000001589326004, -1.00000000000000000, 0.00000000000000000, 15.25000000000000000]
    [0.00000000000000000, 0.00000000000000000, 1.00000000000000000, 28.00000000000000000]
  #81 objects/buildingsets/hangar/asteroid/hangar_asteroid_pirate_ceilingcablesuspend_4m_01.cgf
    [1.00000000000000000, 0.00000000000000000, 0.00000000000000000, 30.62500000000000000]
    [0.00000000000000000, 1.00000000000000000, 0.00000000000000000, 10.00000000000000000]
    [0.00000000000000000, 0.00000000000000000, 1.00000000000000000, 21.50000000000000000]
  #82 objects/buildingsets/hangar/asteroid/cave/hangar_asteroid_rocks_kit_lighttransformer_02.cgf
    [-0.34459146065554291, 0.15706482239665173, -0.92552007523029467, 57.13374328613281250]
    [-0.91352235564332274, 0.17093307622061582, 0.36913253993536577, 8.86100006103515625]
    [0.21617972575765862, 0.97268317959383266, 0.08458014632334301, 27.08887481689453125]
  #83 objects/buildingsets/hangar/asteroid/uee_hangar_asteroid_prop_cableshanging_base_06.cgf
    [1.00000000000000000, 0.00000000000000000, 0.00000000000000000, 39.87500000000000000]
    [0.00000000000000000, 1.00000000000000000, 0.00000000000000000, 20.12500000000000000]
    [0.00000000000000000, 0.00000000000000000, 1.00000000000000000, 27.37500000000000000]
  #84 objects/buildingsets/hangar/asteroid/uee_hangar_asteroid_prop_cables_floor_messy_05.cgf
    [0.32882382055738624, 0.95497376389518240, 0.00000000000000000, 26.62500000000000000]
    [-0.95497376389518240, 0.32882382055738624, -0.00000000000000000, 9.75000000000000000]
    [-0.00000000000000000, 0.00000000000000000, 1.00999999737331070, 22.00000000000000000]
  #85 objects/buildingsets/hangar/asteroid/hangar_asteroid_pirate_ceilingcablesuspend_4m_01.cgf
    [1.00000000000000000, 0.00000000000000000, 0.00000000000000000, 26.62500000000000000]
    [0.00000000000000000, 1.00000000000000000, 0.00000000000000000, 10.00000000000000000]
    [0.00000000000000000, 0.00000000000000000, 1.00000000000000000, 21.50000000000000000]
  #86 objects/buildingsets/hangar/asteroid/uee_asteroid_hangar_floorstraightline_reg.cgf
    [0.00000000573590674, 0.28488043880368785, 0.00000000000000000, 28.12500000000000000]
    [-0.28488043880368785, 0.00000000573590674, -0.00000000000000000, 35.50000000000000000]
    [-0.00000000000000000, 0.00000000000000000, 0.28488043880368791, 14.00000000000000000]
  #87 objects/buildingsets/hangar/asteroid/structures/uee_asteroid_hangar_scaffolds_structure_01_reg.cgf
    [0.64278764354961904, -0.76604442562829522, 0.00000000000000000, 12.55783081054687500]
    [0.76604442562829522, 0.64278764354961904, 0.00000000000000000, 17.70256805419921875]
    [0.00000000000000000, 0.00000000000000000, 1.00000000836812841, 13.00000000000000000]
  #88 objects/buildingsets/hangar/asteroid/structures/uee_asteroid_hangar_scaffolds_structure_01_reg.cgf
    [0.64278764354961904, -0.76604442562829522, 0.00000000000000000, 12.55783081054687500]
    [0.76604442562829522, 0.64278764354961904, 0.00000000000000000, 17.70256805419921875]
    [0.00000000000000000, 0.00000000000000000, 1.00000000836812841, 7.00000000000000000]
  #89 objects/buildingsets/hangar/asteroid/uee_hangar_asteroid_prop_cableswall_2m_02.cgf
    [-0.99999999999999845, 0.00000008742277657, 0.00000000000000000, 25.00000000000000000]
    [-0.00000008742277657, -0.99999999999999845, 0.00000000000000000, 8.12500000000000000]
    [0.00000000000000000, 0.00000000000000000, 1.00000000000000244, 22.00000000000000000]
  #90 objects/buildingsets/hangar/asteroid/uee_asteroid_hangar_elevator_door_frame_a.cgf
    [1.00000000000000000, 0.00000000000000000, 0.00000000000000000, 35.00000000000000000]
    [0.00000000000000000, 1.00000000000000000, 0.00000000000000000, 8.00000000000000000]
    [0.00000000000000000, 0.00000000000000000, 1.00000000000000000, 22.00000000000000000]
  #91 objects/buildingsets/hangar/asteroid/structures/uee_asteroid_hangar_scaffolds_plateform_01_reg.cgf
    [0.98480775220269978, -0.17364818485209726, 0.00000000000000000, 59.21580505371093750]
    [0.17364818485209726, 0.98480775220269978, 0.00000000000000000, 13.23753356933593750]
    [0.00000000000000000, 0.00000000000000000, 1.00000000045048121, -0.12500000000000000]
  #92 objects/buildingsets/human/shop/alpha/shippart/dumpersdepot/prop/prop_dumper_cable_step_a.cgf
    [0.99756403999492771, 0.06975662128673157, 0.00000000000000000, 39.25000000000000000]
    [-0.06975662128673157, 0.99756403999492771, -0.00000000000000000, 12.87500000000000000]
    [-0.00000000000000000, 0.00000000000000000, 1.00000000005217116, 30.12500000000000000]
  #93 objects/buildingsets/hangar/asteroid/uee_hangar_asteroid_prop_cables_floor_messy_04.cgf
    [1.00000000000000000, 0.00000000000000000, 0.00000000000000000, 25.25000000000000000]
    [0.00000000000000000, 1.00000000000000000, 0.00000000000000000, 16.62500000000000000]
    [0.00000000000000000, 0.00000000000000000, 1.00000000000000000, 14.00000000000000000]
  #94 objects/buildingsets/hangar/asteroid/uee_hangar_asteroid_prop_cableswall_3m_01.cgf
    [0.00000003422854103, -1.00000003337676890, 0.00000000000000000, 23.12500000000000000]
    [1.00000003337676890, 0.00000003422854103, 0.00000000000000000, 19.00000000000000000]
    [0.00000000000000000, 0.00000000000000000, 1.00000003337676935, 14.00000000000000000]
  #95 objects/buildingsets/hangar/asteroid/structures/uee_asteroid_hangar_scaffolds_stairs_01_reg.cgf
    [0.96592587646660477, -0.25881885986317649, 0.00000000000000000, 59.29666137695312500]
    [0.25881885986317649, 0.96592587646660477, 0.00000000000000000, 13.00726318359375000]
    [0.00000000000000000, 0.00000000000000000, 1.00000000052432658, 2.87500000000000000]
  #96 objects/buildingsets/hangar/asteroid/structures/uee_asteroid_hangar_scaffolds_structure_01_reg.cgf
    [0.64278764354961904, -0.76604442562829522, 0.00000000000000000, 12.55783081054687500]
    [0.76604442562829522, 0.64278764354961904, 0.00000000000000000, 17.70256805419921875]
    [0.00000000000000000, 0.00000000000000000, 1.00000000836812841, 16.00000000000000000]
  #97 objects/buildingsets/hangar/asteroid/uee_hangar_asteroid_prop_cableshanging_base_01.cgf
    [-0.99452182516846366, -0.10452861029383513, 0.00000000000000000, 33.50000000000000000]
    [0.10452861029383513, -0.99452182516846366, 0.00000000000000000, 20.00000000000000000]
    [0.00000000000000000, 0.00000000000000000, 0.99999994555318494, 27.25000000000000000]
  #98 objects/buildingsets/hangar/asteroid/structures/uee_asteroid_hangar_scaffolds_sheet_02_reg.cgf
    [-0.97437012382051180, 0.22495105062116139, 0.00000000000000000, 53.72639465332031250]
    [-0.22495105062116139, -0.97437012382051180, 0.00000000000000000, 14.60958862304687500]
    [0.00000000000000000, 0.00000000000000000, 1.00000005668477976, 12.00000000000000000]
  #99 objects/buildingsets/hangar/asteroid/hangar_asteroid_pirate_ceilingcablesuspend_4m_01.cgf
    [1.00000000000000000, 0.00000000000000000, 0.00000000000000000, 35.25000000000000000]
    [0.00000000000000000, 1.00000000000000000, 0.00000000000000000, 10.00000000000000000]
    [0.00000000000000000, 0.00000000000000000, 1.00000000000000000, 21.50000000000000000]
  #100 objects/buildingsets/hangar/asteroid/structures/uee_asteroid_hangar_scaffolds_structure_01_reg.cgf
    [0.64278764354961904, -0.76604442562829522, 0.00000000000000000, 12.55783081054687500]
    [0.76604442562829522, 0.64278764354961904, 0.00000000000000000, 17.70256805419921875]
    [0.00000000000000000, 0.00000000000000000, 1.00000000836812841, 10.00000000000000000]
  #101 objects/buildingsets/human/shop/alpha/shippart/dumpersdepot/prop/prop_dumper_cable_step_a.cgf
    [-0.00000013435885786, 0.99999997718096412, 0.00000000000000000, 32.29129028320312500]
    [-0.99999997718096412, -0.00000013435885786, -0.00000000000000000, 23.37248992919921875]
    [-0.00000000000000000, 0.00000000000000000, 0.99999997718097322, 30.12500000000000000]
  #102 objects/buildingsets/hangar/asteroid/hangar_asteroid_pirate_controlroomcable_centermachine_02.cgf
    [-0.99999999999999933, -0.00000005960464478, 0.00000000000000000, 37.50000000000000000]
    [0.00000005960464478, -0.99999999999999933, 0.00000000000000000, 16.00000000000000000]
    [0.00000000000000000, 0.00000000000000000, 1.00000000000000111, 28.50000000000000000]
  #103 objects/buildingsets/hangar/asteroid/structures/uee_asteroid_hangar_beam_support_01_reg.cgf
    [-0.34866813824790899, 0.00000001327411343, -0.03050455232796337, 27.48609924316406250]
    [-0.03050455232795697, 0.00000012138937966, 0.34866813824788867, 9.82916259765625000]
    [0.00000002380339759, 0.34999999763139666, -0.00000011977053830, 27.62500000000000000]
  #104 objects/buildingsets/human/shop/alpha/shippart/dumpersdepot/prop/prop_dumper_cable_straight_b.cgf
    [-0.99984766713082818, 0.01745244161651546, 0.00000000000000000, 31.25292968750000000]
    [-0.01745244161651546, -0.99984766713082818, 0.00000000000000000, 21.38419342041015625]
    [0.00000000000000000, 0.00000000000000000, 0.99999997259266804, 30.11043930053710938]
  #105 objects/buildingsets/hangar/asteroid/structures/uee_asteroid_hangar_scaffolds_structure_02_reg.cgf
    [0.96592587646660477, -0.25881885986317649, 0.00000000000000000, 59.29666137695312500]
    [0.25881885986317649, 0.96592587646660477, 0.00000000000000000, 13.00726318359375000]
    [0.00000000000000000, 0.00000000000000000, 1.00000000052432658, -0.12500000000000000]
  #106 objects/buildingsets/hangar/asteroid/uee_asteroid_hangar_table_b.cgf
    [-0.08715607067715182, 0.99619468102554565, 0.00000000000000000, 43.75000000000000000]
    [-0.99619468102554565, -0.08715607067715182, -0.00000000000000000, 17.62500000000000000]
    [-0.00000000000000000, 0.00000000000000000, 1.00000001157973450, 30.12500000000000000]
  #107 objects/buildingsets/hangar/asteroid/uee_asteroid_hangar_floorstraightline_reg.cgf
    [0.00000000573590674, 0.28488043880368785, 0.00000000000000000, 47.37500000000000000]
    [-0.28488043880368785, 0.00000000573590674, -0.00000000000000000, 35.50000000000000000]
    [-0.00000000000000000, 0.00000000000000000, 0.28488043880368791, 14.00000000000000000]
  #108 objects/buildingsets/human/shop/alpha/shippart/dumpersdepot/prop/prop_dumper_cable_step_a.cgf
    [-0.05233621481452537, 0.99862953135806687, 0.00000000000000000, 34.96981811523437500]
    [-0.99862953135806687, -0.05233621481452537, -0.00000000000000000, 23.26914978027343750]
    [-0.00000000000000000, 0.00000000000000000, 1.00000001014077200, 30.12500000000000000]
  #109 objects/buildingsets/hangar/asteroid/hangar_asteroid_pirate_ceilingcablesuspend_4m_01.cgf
    [1.00000000000000000, 0.00000000000000000, 0.00000000000000000, 35.87500000000000000]
    [0.00000000000000000, 1.00000000000000000, 0.00000000000000000, 20.00000000000000000]
    [0.00000000000000000, 0.00000000000000000, 1.00000000000000000, 28.00000000000000000]
  #110 objects/buildingsets/hangar/asteroid/uee_hangar_asteroid_prop_lamp_01.cgf
    [-0.99452183066069855, -0.00000008742285343, 0.10452844718295518, 42.38723754882812500]
    [0.00000008694394254, -0.99999993396559139, -0.00000000913817030, -14.51258850097656250]
    [0.10452844718295556, 0.00000000000000545, 0.99452183066070221, 16.09909057617187500]
  #111 objects/buildingsets/hangar/asteroid/structures/uee_asteroid_hangar_beam_support_01_reg.cgf
    [-0.34866813824790899, 0.00000001327411343, -0.03050455232796337, 30.98609924316406250]
    [-0.03050455232795697, 0.00000012138937966, 0.34866813824788867, 9.82916259765625000]
    [0.00000002380339759, 0.34999999763139666, -0.00000011977053830, 27.50000000000000000]
  #112 objects/buildingsets/hangar/asteroid/uee_hangar_asteroid_prop_cables_floor_messy_05.cgf
    [1.00999999046325684, 0.00000000000000000, 0.00000000000000000, 44.37500000000000000]
    [0.00000000000000000, 1.00999999046325684, 0.00000000000000000, 16.37500000000000000]
    [0.00000000000000000, 0.00000000000000000, 1.00999999046325684, 14.00000000000000000]
  #113 objects/buildingsets/human/shop/alpha/shippart/dumpersdepot/prop/prop_dumper_int_tool_chest_a.cgf
    [0.62932025061962560, -0.77714608764433801, 0.00000000000000000, 27.87500000000000000]
    [0.77714608764433801, 0.62932025061962560, 0.00000000000000000, 9.37500000000000000]
    [0.00000000000000000, 0.00000000000000000, 1.00000000969042468, 30.12500000000000000]
  #114 objects/buildingsets/hangar/asteroid/uee_asteroid_hangar_controlroom_couch_01.cgf
    [-0.34202017984892802, 0.93969264287343179, 0.00000000000000000, 44.75000000000000000]
    [-0.93969264287343179, -0.34202017984892802, -0.00000000000000000, 10.87500000000000000]
    [-0.00000000000000000, 0.00000000000000000, 1.00000003324717324, 30.37500000000000000]
  #115 objects/buildingsets/hangar/asteroid/uee_asteroid_hangar_controlroom_pipecorner_01_reg.cgf
    [0.00000003422854103, -1.00000003337676890, 0.00000000000000000, 37.50000000000000000]
    [1.00000003337676890, 0.00000003422854103, 0.00000000000000000, 11.25000000000000000]
    [0.00000000000000000, 0.00000000000000000, 1.00000003337676935, 28.00000000000000000]
  #116 objects/buildingsets/hangar/asteroid/structures/uee_asteroid_hangar_scaffolds_structure_02_reg.cgf
    [0.96592587646660477, -0.25881885986317649, 0.00000000000000000, 59.29666137695312500]
    [0.25881885986317649, 0.96592587646660477, 0.00000000000000000, 13.00726318359375000]
    [0.00000000000000000, 0.00000000000000000, 1.00000000052432658, 8.87500000000000000]
  #117 objects/buildingsets/hangar/asteroid/uee_asteroid_hangar_table_b.cgf
    [-0.08715607067715182, 0.99619468102554565, 0.00000000000000000, 42.00000000000000000]
    [-0.99619468102554565, -0.08715607067715182, -0.00000000000000000, 11.62500000000000000]
    [-0.00000000000000000, 0.00000000000000000, 1.00000001157973450, 30.12500000000000000]
  #118 objects/buildingsets/human/shop/alpha/shippart/dumpersdepot/prop/prop_dumper_dolly_a.cgf
    [0.00000003422854103, -1.00000003337676890, 0.00000000000000000, 39.99998474121093750]
    [1.00000003337676890, 0.00000003422854103, 0.00000000000000000, 9.12500000000000000]
    [0.00000000000000000, 0.00000000000000000, 1.00000003337676935, 30.12500000000000000]
  #119 objects/buildingsets/human/lowtech/prop/storage/crate/crate_metal_4_0125x0125x0125_a.cgf
    [0.99619467994154787, -0.08715595113462729, 0.00000000000000000, 41.54086303710937500]
    [0.08715595113462729, 0.99619467994154787, 0.00000000000000000, -17.30269622802734375]
    [0.00000000000000000, 0.00000000000000000, 1.00000000008101231, 11.42140197753906250]
  #120 objects/buildingsets/hangar/asteroid/uee_asteroid_hangar_floorstraightline_reg.cgf
    [0.00000000573590674, 0.28488043880368785, 0.00000000000000000, 39.50000000000000000]
    [-0.28488043880368785, 0.00000000573590674, -0.00000000000000000, 35.50000000000000000]
    [-0.00000000000000000, 0.00000000000000000, 0.28488043880368791, 14.00000000000000000]
  #121 objects/buildingsets/hangar/asteroid/uee_asteroid_hangar_controlroom_pipecorner_01_reg.cgf
    [-0.00000013435885786, 0.99999997718096412, 0.00000000000000000, 37.49996948242187500]
    [-0.99999997718096412, -0.00000013435885786, -0.00000000000000000, 20.99997711181640625]
    [-0.00000000000000000, 0.00000000000000000, 0.99999997718097322, 28.00000000000000000]
  #122 objects/buildingsets/hangar/asteroid/uee_asteroid_hangar_floorstraightline_reg.cgf
    [0.00000000573590674, 0.28488043880368785, 0.00000000000000000, 36.12500000000000000]
    [-0.28488043880368785, 0.00000000573590674, -0.00000000000000000, 35.50000000000000000]
    [-0.00000000000000000, 0.00000000000000000, 0.28488043880368791, 14.00000000000000000]
  #123 objects/buildingsets/hangar/asteroid/structures/hangar_asteroid_rockfacelight_03.cgf
    [-0.51235476799551793, 0.71913576750116948, -0.46940005923675565, 39.78413391113281250]
    [0.28841523374010419, -0.37075283707943957, -0.88281315279219463, -19.17807006835937500]
    [-0.80889388714318200, -0.58769563355257060, -0.01745272598601021, 11.46552276611328125]
  #124 objects/buildingsets/hangar/asteroid/uee_asteroid_hangar_table_b.cgf
    [-0.08715571958041585, -0.99619470104238594, 0.00000000000000000, 28.87500000000000000]
    [0.99619470104238594, -0.08715571958041585, 0.00000000000000000, 11.12500000000000000]
    [0.00000000000000000, 0.00000000000000000, 1.00000000092025454, 30.12500000000000000]
  #125 objects/buildingsets/hangar/asteroid/uee_asteroid_hangar_control_desk_extention_a.cgf
    [1.00000000000000000, 0.00000000000000000, 0.00000000000000000, 34.50000000000000000]
    [0.00000000000000000, 1.00000000000000000, 0.00000000000000000, 21.37500000000000000]
    [0.00000000000000000, 0.00000000000000000, 1.00000000000000000, 30.12500000000000000]
  #126 objects/buildingsets/human/shop/alpha/shippart/dumpersdepot/prop/prop_dumper_cable_step_a.cgf
    [-0.00000013435885786, 0.99999997718096412, 0.00000000000000000, 37.37500000000000000]
    [-0.99999997718096412, -0.00000013435885786, -0.00000000000000000, 12.00000000000000000]
    [-0.00000000000000000, 0.00000000000000000, 0.99999997718097322, 30.12500000000000000]
  #127 objects/buildingsets/hangar/asteroid/uee_asteroid_hangar_dolly_table_a.cgf
    [0.90630775581729439, 0.42261833111173486, 0.00000000000000000, 38.62500000000000000]
    [-0.42261833111173486, 0.90630775581729439, -0.00000000000000000, 21.75000000000000000]
    [-0.00000000000000000, 0.00000000000000000, 1.00000000102312425, 30.12500000000000000]
  #128 objects/buildingsets/human/shop/alpha/shippart/dumpersdepot/prop/prop_dumper_dolly_a.cgf
    [-0.99619473000619641, 0.08715569684837607, 0.00000000000000000, 41.70782470703125000]
    [-0.08715569684837607, -0.99619473000619641, 0.00000000000000000, 0.15420532226562500]
    [0.00000000000000000, 0.00000000000000000, 1.00000002779262198, 11.24565124511718750]
  #129 objects/buildingsets/hangar/deluxe/lightfloor_clean_deluxe_prop_uee_01.cgf
    [0.03489974936390820, -0.99939083571460885, 0.00000000000000000, 38.98629237451939389]
    [0.99939083571460885, 0.03489974936390820, 0.00000000000000000, 34.90522192978968974]
    [0.00000000000000000, 0.00000000000000000, 1.00000001750800371, 13.97070312500000000]
  #130 objects/buildingsets/hangar/asteroid/uee_asteroid_hangar_chaingear_01_reg.cgf
    [0.00000003422854103, -1.00000003337676890, 0.00000000000000000, 29.85713195800781250]
    [1.00000003337676890, 0.00000003422854103, 0.00000000000000000, 16.12500000000000000]
    [0.00000000000000000, 0.00000000000000000, 1.00000003337676935, 35.26013946533203125]
  #131 objects/buildingsets/hangar/asteroid/uee_asteroid_hangar_controlroom_roofwell_corner_ext_02_dmg.cgf
    [0.99999999999999467, -0.00000010331603306, 0.00000000000000000, 31.00000000000000000]
    [0.00000010331603306, 0.99999999999999467, 0.00000000000000000, 12.12500000000000000]
    [0.00000000000000000, 0.00000000000000000, 1.00000000000000000, 35.37500000000000000]
  #132 objects/buildingsets/hangar/asteroid/hangar_asteroid_pirate_controlroomcable_panel_01.cgf
    [-0.00000010813396895, 1.00000001079787593, 0.00000000668080698, 37.87498474121093750]
    [-0.70710674528392137, -0.00000007173821381, -0.70710683235967853, 19.75000000000000000]
    [-0.70710683235967386, -0.00000008118631105, 0.70710674528392492, 35.62499237060546875]
  #133 objects/buildingsets/hangar/asteroid/hangar_asteroid_pirate_controlroomcable_panel_01.cgf
    [-0.70710689487751455, 0.00000008742274549, -0.70710668153783496, 42.52163696289062500]
    [-0.00000006181721450, -1.00000000992938487, -0.00000006181721783, 17.37500000000000000]
    [-0.70710668153783762, -0.00000000000001554, 0.70710689487751699, 35.75564575195312500]
  #134 objects/buildingsets/hangar/asteroid/uee_asteroid_hangar_controlroom_ceilling_ext_01_dmg.cgf
    [0.00000003422853337, -1.00000003337676757, -0.00000008742278266, 31.00000000000000000]
    [1.00000003337676757, 0.00000003422854103, -0.00000008742278404, 12.12500000000000000]
    [0.00000008742278704, -0.00000008742277967, 1.00000003337676402, 35.62500000000000000]
  #135 objects/buildingsets/hangar/asteroid/uee_asteroid_hangar_controlroom_roofwell_corner_ext_01_dmg.cgf
    [0.00000003422854103, 1.00000003337676890, 0.00000000000000000, 31.00000000000000000]
    [-1.00000003337676890, 0.00000003422854103, -0.00000000000000000, 20.12500000000000000]
    [-0.00000000000000000, 0.00000000000000000, 1.00000003337676935, 35.37500000000000000]
  #136 objects/buildingsets/hangar/asteroid/structures/uee_asteroid_hangar_beam_ceilling_01_reg.cgf
    [-0.00000013435885786, 0.99999997718096412, 0.00000000000000000, 7.36109924316406250]
    [-0.99999997718096412, -0.00000013435885786, -0.00000000000000000, 15.82916259765625000]
    [-0.00000000000000000, 0.00000000000000000, 0.99999997718097322, 50.37500000000000000]
  #137 objects/buildingsets/hangar/asteroid/uee_asteroid_hangar_controlroom_roofwell_corner_ext_02_dmg.cgf
    [-0.00000013435885830, -0.99999997718096401, -0.00000002980232171, 43.00000000000000000]
    [0.99999997718096445, -0.00000013435885830, 0.00000000000000102, 12.12500000000000000]
    [-0.00000000000000502, -0.00000002980232171, 0.99999997718097300, 35.37500000000000000]
  #138 objects/buildingsets/hangar/asteroid/hangar_asteroid_pirate_controlroomcable_panel_01.cgf
    [-0.00000010813396895, 1.00000001079787593, 0.00000000668080698, 36.37498474121093750]
    [-0.70710674528392137, -0.00000007173821381, -0.70710683235967853, 19.75000000000000000]
    [-0.70710683235967386, -0.00000008118631105, 0.70710674528392492, 35.62499237060546875]
  #139 objects/buildingsets/hangar/asteroid/hangar_asteroid_pirate_controlroomcable_panel_01.cgf
    [0.70710673985526284, 0.00000000000000000, 0.70710684347045527, 31.37500000000000000]
    [0.00000000000000000, 1.00000001481574441, 0.00000000000000000, 17.25000000000000000]
    [-0.70710684347045527, 0.00000000000000000, 0.70710673985526284, 35.62500000000000000]
  #140 objects/buildingsets/hangar/asteroid/uee_asteroid_hangar_chain_01_reg.cgf
    [0.99999997718097322, 0.00000000000000000, 0.00000000000000000, 42.77975463867187500]
    [0.00000000000000000, -0.00000013435885786, -0.99999997718096412, 15.75190734863281250]
    [0.00000000000000000, 0.99999997718096412, -0.00000013435885786, 35.17800140380859375]
  #141 objects/buildingsets/hangar/asteroid/uee_asteroid_hangar_beamstructure_a.cgf
    [0.00000003422854103, 1.00000003337676890, 0.00000000000000000, 34.50000000000000000]
    [-1.00000003337676890, 0.00000003422854103, -0.00000000000000000, 10.50000000000000000]
    [-0.00000000000000000, 0.00000000000000000, 1.00000003337676935, 37.50000000000000000]
  #142 objects/buildingsets/hangar/asteroid/uee_asteroid_hangar_controlroom_ceilling_ext_01_dmg.cgf
    [1.00000000000000000, 0.00000000000000000, 0.00000000000000000, 33.00000000000000000]
    [0.00000000000000000, 1.00000000000000000, 0.00000000000000000, 14.12500000000000000]
    [0.00000000000000000, 0.00000000000000000, 1.00000000000000000, 37.37500000000000000]
  #143 objects/buildingsets/hangar/asteroid/uee_asteroid_hangar_controlroom_roofwell_corner_ext_02_dmg.cgf
    [-0.99999999999999845, -0.00000008742277657, 0.00000000000000000, 43.00000000000000000]
    [0.00000008742277657, -0.99999999999999845, 0.00000000000000000, 20.12500000000000000]
    [0.00000000000000000, 0.00000000000000000, 1.00000000000000244, 35.37500000000000000]
  #144 objects/buildingsets/hangar/asteroid/hangar_asteroid_pirate_closepanel_02.cgf
    [-0.99999999999999845, -0.00000008742277657, 0.00000000000000000, 30.00000000000000000]
    [0.00000008742277657, -0.99999999999999845, 0.00000000000000000, 8.37500000000000000]
    [0.00000000000000000, 0.00000000000000000, 1.00000000000000244, 33.37500000000000000]
  #145 objects/buildingsets/hangar/asteroid/hangar_asteroid_pirate_controlroomcable_panel_01.cgf
    [0.70710673985526284, 0.00000000000000000, 0.70710684347045527, 31.37500000000000000]
    [0.00000000000000000, 1.00000001481574441, 0.00000000000000000, 14.62500000000000000]
    [-0.70710684347045527, 0.00000000000000000, 0.70710673985526284, 35.62500000000000000]
  #146 objects/buildingsets/hangar/asteroid/structures/uee_asteroid_hangar_beam_connector_01_reg.cgf
    [-0.00000013435885786, 0.99999997718096412, 0.00000000000000000, 7.36109924316406250]
    [-0.99999997718096412, -0.00000013435885786, -0.00000000000000000, 19.82916259765625000]
    [-0.00000000000000000, 0.00000000000000000, 0.99999997718097322, 49.62500000000000000]
  #147 objects/buildingsets/hangar/asteroid/uee_asteroid_hangar_beamstructure_a.cgf
    [0.00000003422854103, 1.00000003337676890, 0.00000000000000000, 30.00000000000000000]
    [-1.00000003337676890, 0.00000003422854103, -0.00000000000000000, 14.50000000000000000]
    [-0.00000000000000000, 0.00000000000000000, 1.00000003337676935, 35.50000000000000000]
  #148 objects/buildingsets/hangar/asteroid/structures/uee_asteroid_hangar_beam_support_01_reg.cgf
    [0.00000020281592188, 0.99999995436193512, -0.00000000000000737, 6.73609924316406250]
    [0.99999995436193134, -0.00000020281592182, -0.00000008742278879, 31.32916259765625000]
    [-0.00000008742278879, 0.00000000000001036, -0.99999995436195188, 46.25000000000000000]
  #149 objects/buildingsets/hangar/asteroid/uee_asteroid_hangar_beamstructure_a.cgf
    [0.00000003422854103, 1.00000003337676890, 0.00000000000000000, 40.50000000000000000]
    [-1.00000003337676890, 0.00000003422854103, -0.00000000000000000, 9.50000000000000000]
    [-0.00000000000000000, 0.00000000000000000, 1.00000003337676935, 37.50000000000000000]
  #150 objects/buildingsets/hangar/asteroid/uee_asteroid_hangar_controlroom_ceilling_ext_01_dmg.cgf
    [1.00000000000000000, 0.00000000000000000, 0.00000000000000000, 37.00000000000000000]
    [0.00000000000000000, 1.00000000000000000, 0.00000000000000000, 14.12500000000000000]
    [0.00000000000000000, 0.00000000000000000, 1.00000000000000000, 37.37500000000000000]
  #151 objects/buildingsets/hangar/asteroid/hangar_asteroid_pirate_controlroomcable_centermachine_01.cgf
    [1.00000000000000000, 0.00000000000000000, 0.00000000000000000, 36.87500000000000000]
    [0.00000000000000000, 1.00000000000000000, 0.00000000000000000, 16.25000000000000000]
    [0.00000000000000000, 0.00000000000000000, 1.00000000000000000, 30.24000167846679688]
  #152 objects/buildingsets/hangar/asteroid/structures/uee_asteroid_hangar_beam_ceilling_01_reg.cgf
    [-0.00000013435885786, 0.99999997718096412, 0.00000000000000000, 7.36109924316406250]
    [-0.99999997718096412, -0.00000013435885786, -0.00000000000000000, 31.82916259765625000]
    [-0.00000000000000000, 0.00000000000000000, 0.99999997718097322, 50.37500000000000000]
  #153 objects/buildingsets/hangar/asteroid/hangar_asteroid_pirate_brokenpanel_01.cgf
    [-0.99999999999999845, -0.00000008742277657, 0.00000000000000000, 41.87500000000000000]
    [0.00000008742277657, -0.99999999999999845, 0.00000000000000000, 8.37500000000000000]
    [0.00000000000000000, 0.00000000000000000, 1.00000000000000244, 33.12500000000000000]
  #154 objects/buildingsets/hangar/asteroid/structures/uee_asteroid_hangar_beam_support_01_reg.cgf
    [0.00000003422853986, -0.99999995436194555, -0.00000000000001507, 9.73609924316406250]
    [-0.99999995436194178, -0.00000003422853946, -0.00000008742284406, 31.82916259765625000]
    [0.00000008742284406, 0.00000000000001807, -0.99999995436194211, 46.25000000000000000]
  #155 objects/buildingsets/hangar/asteroid/uee_asteroid_hangar_beamstructure_a.cgf
    [0.00000003422854103, 1.00000003337676890, 0.00000000000000000, 45.00000000000000000]
    [-1.00000003337676890, 0.00000003422854103, -0.00000000000000000, 14.50000000000000000]
    [-0.00000000000000000, 0.00000000000000000, 1.00000003337676935, 35.50000000000000000]
  #156 objects/buildingsets/hangar/asteroid/structures/uee_asteroid_hangar_beam_support_01_reg.cgf
    [0.00000020281592188, 0.99999995436193512, -0.00000000000000737, 61.00000000000000000]
    [0.99999995436193134, -0.00000020281592182, -0.00000008742278879, 31.75000762939453125]
    [-0.00000008742278879, 0.00000000000001036, -0.99999995436195188, 46.25000000000000000]
  #157 objects/buildingsets/hangar/deluxe/lightfloor_clean_deluxe_prop_uee_01.cgf
    [-0.00000022614302908, -1.20507139820744791, 0.00000006742865163, 30.86236534872466564]
    [0.85211405423020903, -0.00000011222798737, 0.85211426074268537, 24.25542491059040628]
    [-0.85211426074266261, 0.00000020758653978, 0.85211405423021369, 35.52143603440893571]
  #158 objects/buildingsets/hangar/deluxe/lightfloor_clean_deluxe_prop_uee_01.cgf
    [-0.00000022614302908, -1.20507139820744791, 0.00000006742865163, 42.61802635946685314]
    [0.85211405423020903, -0.00000011222798737, 0.85211426074268537, 24.25542491059040628]
    [-0.85211426074266261, 0.00000020758653978, 0.85211405423021369, 35.52143603440893571]
  #159 objects/buildingsets/hangar/deluxe/lightfloor_clean_deluxe_prop_uee_01.cgf
    [0.00000037140328969, 0.99999995436191136, 0.00000008742282097, 15.00000012216227674]
    [0.99999995436191513, -0.00000037140328952, -0.00000000000003280, 15.87499983569115614]
    [-0.00000000000000033, 0.00000008742282097, -0.99999995436198019, 38.74915699561596227]
  #160 objects/buildingsets/hangar/asteroid/structures/uee_asteroid_hangar_scaffolds_sheet_03_reg.cgf
    [1.00000000000000000, 0.00000000000000000, 0.00000000000000000, 36.99998474121093750]
    [0.00000000000000000, 1.00000000000000000, 0.00000000000000000, 77.62500000000000000]
    [0.00000000000000000, 0.00000000000000000, 1.00000000000000000, 16.99999618530273438]
  #161 objects/buildingsets/hangar/asteroid/uee_asteroid_hangar_floorsquaresign_reg.cgf
    [-1.21679985523223699, -0.00000010637603052, 0.00000000000000000, 8.99629211425781250]
    [0.00000010637603052, -1.21679985523223699, 0.00000000000000000, 44.66600036621093750]
    [0.00000000000000000, 0.00000000000000000, 1.21679985523224188, 14.00000000000000000]
  #162 objects/buildingsets/hangar/asteroid/uee_asteroid_hangar_floorstraightline_reg.cgf
    [-0.28488042929529706, -0.00000004233856462, 0.00000000000000000, 55.87500000000000000]
    [0.00000004233856462, -0.28488042929529706, 0.00000000000000000, 54.75000000000000000]
    [0.00000000000000000, 0.00000000000000000, 0.28488042929530022, 14.00000000000000000]
  #163 objects/buildingsets/hangar/asteroid/structures/uee_asteroid_hangar_scaffolds_structure_01_reg.cgf
    [-0.57357636191720729, -0.81915210486609347, 0.00000000000000000, -1.87451171875000000]
    [0.81915210486609347, -0.57357636191720729, 0.00000000000000000, 66.50701904296875000]
    [0.00000000000000000, 0.00000000000000000, 1.00000000692836544, 8.00000000000000000]
  #164 objects/buildingsets/hangar/asteroid/uee_asteroid_hangar_beamcurvesidewall_a.cgf
    [1.00000000000000000, 0.00000000000000000, 0.00000000000000000, 46.00000000000000000]
    [0.00000000000000000, 1.00000000000000000, 0.00000000000000000, 82.92668151855468750]
    [0.00000000000000000, 0.00000000000000000, 1.00000000000000000, 29.00969314575195312]
  #165 objects/buildingsets/hangar/asteroid/uee_asteroid_hangar_floorsquaresign_reg.cgf
    [-1.21679985523223699, -0.00000010637603052, 0.00000000000000000, 62.20266723632812500]
    [0.00000010637603052, -1.21679985523223699, 0.00000000000000000, 67.97274780273437500]
    [0.00000000000000000, 0.00000000000000000, 1.21679985523224188, 14.00000000000000000]
  #166 objects/buildingsets/human/lowtech/prop/storage/crate/crate_metal_4_0125x0125x0125_a.cgf
    [-0.81915219578654264, -0.57357626661625638, 0.00000000000000000, 39.50000000000000000]
    [0.57357626661625638, -0.81915219578654264, 0.00000000000000000, 79.62500000000000000]
    [0.00000000000000000, 0.00000000000000000, 1.00000002674367816, 14.03293783101253211]
  #167 objects/buildingsets/hangar/asteroid/structures/uee_asteroid_hangar_beam_support_01_reg.cgf
    [0.00000020281592188, 0.99999995436193512, 0.00000000000001239, 60.50000000000000000]
    [0.99999995436193134, -0.00000020281592182, 0.00000008742285411, 63.87500000000000000]
    [0.00000008742285411, -0.00000000000000534, -0.99999995436195188, 46.25000000000000000]
  #168 objects/buildingsets/human/shop/alpha/shippart/dumpersdepot/int/deco/dumper_int_deco_decal_line_white_a.cgf
    [1.00000000000000000, 0.00000000000000000, 0.00000000000000000, 62.62500000000000000]
    [0.00000000000000000, 1.00000000000000000, 0.00000000000000000, 47.00000000000000000]
    [0.00000000000000000, 0.00000000000000000, 1.00000000000000000, 14.00000000000000000]
  #169 objects/buildingsets/hangar/asteroid/structures/uee_asteroid_hangar_beam_ceilling_01_reg.cgf
    [-0.00000013435885786, 0.99999997718096412, 0.00000000000000000, 7.36109924316406250]
    [-0.99999997718096412, -0.00000013435885786, -0.00000000000000000, 63.82916259765625000]
    [-0.00000000000000000, 0.00000000000000000, 0.99999997718097322, 50.37500000000000000]
  #170 objects/buildingsets/hangar/asteroid/structures/uee_asteroid_hangar_scaffolds_sheet_01_reg.cgf
    [0.99756405092026512, -0.06975646492015875, 0.00000000000000000, 37.27890014648437500]
    [0.06975646492015875, 0.99756405092026512, 0.00000000000000000, 77.59756469726562500]
    [0.00000000000000000, 0.00000000000000000, 1.00000000004330336, 13.98448944091796875]
  #171 objects/buildingsets/hangar/asteroid/structures/uee_asteroid_hangar_scaffolds_structure_01_reg.cgf
    [-0.99756408828740373, 0.06975638934349151, 0.00000000000000000, 37.37004089355468750]
    [-0.06975638934349151, -0.99756408828740373, 0.00000000000000000, 80.42269897460937500]
    [0.00000000000000000, 0.00000000000000000, 1.00000003204745935, 17.00000000000000000]
  #172 objects/buildingsets/human/lowtech/prop/storage/crate/crate_metal_4_0125x0125x0125_a.cgf
    [-0.50000014845403240, 0.86602533737098131, 0.00000000000000000, 24.62500000000000000]
    [-0.86602533737098131, -0.50000014845403240, 0.00000000000000000, 62.00000000000000000]
    [0.00000000000000000, 0.00000000000000000, 1.00000001671128813, 14.12500000000000000]
  #173 objects/buildingsets/hangar/asteroid/uee_asteroid_hangar_floorstraightline_reg.cgf
    [-0.28488042929529706, -0.00000004233856462, 0.00000000000000000, 55.87500000000000000]
    [0.00000004233856462, -0.28488042929529706, 0.00000000000000000, 67.50000000000000000]
    [0.00000000000000000, 0.00000000000000000, 0.28488042929530022, 14.00000000000000000]
  #174 objects/buildingsets/human/lowtech/prop/storage/crate/crate_metal_4_0125x0125x0125_a.cgf
    [0.96592589211188029, 0.25881880079132691, 0.00000000000000000, 52.49758911132812500]
    [-0.25881880079132691, 0.96592589211188029, -0.00000000000000000, 54.11648559570312500]
    [-0.00000000000000000, 0.00000000000000000, 1.00000000034759617, 15.30274200439453125]
  #175 objects/buildingsets/hangar/asteroid/uee_asteroid_hangar_floorstraightline_reg.cgf
    [0.00000000573590674, 0.28488043880368785, 0.00000000000000000, 36.12500000000000000]
    [-0.28488043880368785, 0.00000000573590674, -0.00000000000000000, 68.75000000000000000]
    [-0.00000000000000000, 0.00000000000000000, 0.28488043880368791, 14.00000000000000000]
  #176 objects/buildingsets/hangar/asteroid/structures/uee_asteroid_hangar_scaffolds_structure_01_reg.cgf
    [-0.57357636191720729, -0.81915210486609347, 0.00000000000000000, -1.87451171875000000]
    [0.81915210486609347, -0.57357636191720729, 0.00000000000000000, 66.50701904296875000]
    [0.00000000000000000, 0.00000000000000000, 1.00000000692836544, 11.00000000000000000]
  #177 objects/buildingsets/human/lowtech/prop/storage/crate/crate_metal_3_015x0075x0075_a.cgf
    [0.42261821029607238, -0.90630780269150524, 0.00000000000000000, 52.62500000000000000]
    [0.90630780269150524, 0.42261821029607238, 0.00000000000000000, 59.37500000000000000]
    [0.00000000000000000, 0.00000000000000000, 0.99999999244667970, 15.00000000000000000]
  #178 objects/buildingsets/human/lowtech/prop/storage/crate/crate_metal_3_015x0075x0075_a.cgf
    [-0.08715536848373169, 0.99619472105914630, 0.00000000000000000, 31.06588745117187500]
    [-0.99619472105914630, -0.08715536848373169, -0.00000000000000000, 78.57061767578125000]
    [-0.00000000000000000, 0.00000000000000000, 0.99999999026082254, 16.49438975183875300]
  #179 objects/buildingsets/hangar/asteroid/uee_asteroid_hangar_floorstraightline_reg.cgf
    [-0.28488042929529706, -0.00000004233856462, 0.00000000000000000, 22.37500000000000000]
    [0.00000004233856462, -0.28488042929529706, 0.00000000000000000, 59.75000000000000000]
    [0.00000000000000000, 0.00000000000000000, 0.28488042929530022, 14.00000000000000000]
  #180 objects/buildingsets/human/lowtech/prop/storage/crate/crate_metal_4_0125x0125x0125_a.cgf
    [0.08715603880386094, 0.99619468195034666, 0.00000000000000000, 31.12498474121093750]
    [-0.99619468195034666, 0.08715603880386094, -0.00000000000000000, 78.75001525878906250]
    [-0.00000000000000000, 0.00000000000000000, 1.00000000972306635, 14.00000000000000000]
  #181 objects/buildingsets/hangar/asteroid/structures/uee_asteroid_hangar_scaffolds_structure_01_reg.cgf
    [-0.57357636191720729, -0.81915210486609347, 0.00000000000000000, -1.87451171875000000]
    [0.81915210486609347, -0.57357636191720729, 0.00000000000000000, 66.50701904296875000]
    [0.00000000000000000, 0.00000000000000000, 1.00000000692836544, 5.00000000000000000]
  #182 objects/buildingsets/hangar/asteroid/structures/uee_asteroid_hangar_scaffolds_sheet_02_reg.cgf
    [0.99619469880288503, -0.08715573527447723, 0.00000000000000000, 42.56413269042968750]
    [0.08715573527447723, 0.99619469880288503, 0.00000000000000000, 77.78276062011718750]
    [0.00000000000000000, 0.00000000000000000, 1.00000000005710277, 17.00000000000000000]
  #183 objects/buildingsets/hangar/asteroid/uee_asteroid_hangar_floorstraightline_reg.cgf
    [-0.28488042929529706, -0.00000004233856462, 0.00000000000000000, 55.87500000000000000]
    [0.00000004233856462, -0.28488042929529706, 0.00000000000000000, 52.12500000000000000]
    [0.00000000000000000, 0.00000000000000000, 0.28488042929530022, 14.00000000000000000]
  #184 objects/buildingsets/hangar/asteroid/uee_asteroid_hangar_floorstraightline_reg.cgf
    [0.00000000573590674, 0.28488043880368785, 0.00000000000000000, 47.37500000000000000]
    [-0.28488043880368785, 0.00000000573590674, -0.00000000000000000, 68.75000000000000000]
    [-0.00000000000000000, 0.00000000000000000, 0.28488043880368791, 14.00000000000000000]
  #185 objects/buildingsets/hangar/asteroid/structures/uee_asteroid_hangar_scaffolds_structure_04_reg.cgf
    [-0.50000014845403240, -0.86602533737098131, 0.00000000000000000, 2.07258605957031250]
    [0.86602533737098131, -0.50000014845403240, 0.00000000000000000, 56.06039428710937500]
    [0.00000000000000000, 0.00000000000000000, 1.00000001671128813, 5.00000000000000000]
  #186 objects/buildingsets/hangar/asteroid/structures/uee_asteroid_hangar_beam_support_01_reg.cgf
    [0.00000003422853986, -0.99999995436194555, -0.00000000000001507, 9.73609924316406250]
    [-0.99999995436194178, -0.00000003422853946, -0.00000008742284406, 47.82916259765625000]
    [0.00000008742284406, 0.00000000000001807, -0.99999995436194211, 46.25000000000000000]
  #187 objects/buildingsets/hangar/asteroid/uee_asteroid_hangar_floorstraightline_reg.cgf
    [-0.28488042929529706, -0.00000004233856462, 0.00000000000000000, 22.37500000000000000]
    [0.00000004233856462, -0.28488042929529706, 0.00000000000000000, 43.87500000000000000]
    [0.00000000000000000, 0.00000000000000000, 0.28488042929530022, 14.00000000000000000]
  #188 objects/buildingsets/hangar/asteroid/uee_asteroid_hangar_floorstraightline_reg.cgf
    [0.00000000573590674, 0.28488043880368785, 0.00000000000000000, 28.12500000000000000]
    [-0.28488043880368785, 0.00000000573590674, -0.00000000000000000, 68.75000000000000000]
    [-0.00000000000000000, 0.00000000000000000, 0.28488043880368791, 14.00000000000000000]
  #189 objects/buildingsets/human/shop/alpha/shippart/dumpersdepot/prop/prop_dumper_transport_pallet_a.cgf
    [0.08715571704740882, -0.99619470111588093, 0.00000000000000000, 52.62500000000000000]
    [0.99619470111588093, 0.08715571704740882, 0.00000000000000000, 59.50000000000000000]
    [0.00000000000000000, 0.00000000000000000, 1.00000000077270346, 14.12500000000000000]
  #190 objects/buildingsets/human/shop/alpha/shippart/dumpersdepot/int/deco/dumper_int_deco_decal_line_white_a.cgf
    [1.00000000000000000, 0.00000000000000000, 0.00000000000000000, 62.62500000000000000]
    [0.00000000000000000, 1.00000000000000000, 0.00000000000000000, 57.00000000000000000]
    [0.00000000000000000, 0.00000000000000000, 1.00000000000000000, 14.00000000000000000]
  #191 objects/buildingsets/human/lowtech/prop/storage/crate/crate_metal_4_0125x0125x0125_a.cgf
    [0.00000003422854103, -1.00000003337676890, 0.00000000000000000, 31.10231018066406250]
    [1.00000003337676890, 0.00000003422854103, 0.00000000000000000, 78.59112548828125000]
    [0.00000000000000000, 0.00000000000000000, 1.00000003337676935, 15.25238726893439889]
  #192 objects/buildingsets/hangar/asteroid/structures/uee_asteroid_hangar_beam_support_01_reg.cgf
    [0.00000020281592188, 0.99999995436193512, -0.00000000000000737, 5.23609924316406250]
    [0.99999995436193134, -0.00000020281592182, -0.00000008742278879, 63.95416259765625000]
    [-0.00000008742278879, 0.00000000000001036, -0.99999995436195188, 46.25000000000000000]
  #193 objects/buildingsets/hangar/asteroid/uee_hangar_asteroid_prop_lamp_01.cgf
    [2.44514517896443273, 0.00000000000000646, 0.60964330068380934, 7.48609924316406250]
    [-0.00000000000000738, 2.51999998021461424, 0.00000000000000286, 47.70416259765625000]
    [-0.60964330068380934, -0.00000000000000456, 2.44514517896443273, 41.37500000000000000]
  #194 objects/buildingsets/hangar/asteroid/structures/uee_asteroid_hangar_scaffolds_structure_damaged_03_reg.cgf
    [0.57357618691195311, 0.81915221319808740, 0.00000000000000000, -1.46736145019531250]
    [-0.81915221319808740, 0.57357618691195311, -0.00000000000000000, 60.68922424316406250]
    [-0.00000000000000000, 0.00000000000000000, 0.99999999528989036, 13.99037551879882812]
  #195 objects/buildingsets/hangar/asteroid/structures/uee_asteroid_hangar_scaffolds_structure_02_reg.cgf
    [-0.57357615740902312, -0.81915221838782393, 0.00000000000000000, 0.99337768554687500]
    [0.81915221838782393, -0.57357615740902312, 0.00000000000000000, 62.41125488281250000]
    [0.00000000000000000, 0.00000000000000000, 0.99999998261889678, 8.00000000000000000]
  #196 objects/buildingsets/hangar/asteroid/structures/uee_asteroid_hangar_scaffolds_plateform_02_reg.cgf
    [-0.50000014845403240, -0.86602533737098131, 0.00000000000000000, 2.07258605957031250]
    [0.86602533737098131, -0.50000014845403240, 0.00000000000000000, 56.06039428710937500]
    [0.00000000000000000, 0.00000000000000000, 1.00000001671128813, 5.00000000000000000]
  #197 objects/buildingsets/hangar/asteroid/uee_asteroid_hangar_beamcurvesidewall_a.cgf
    [1.00000000000000000, 0.00000000000000000, 0.00000000000000000, 7.00000000000000000]
    [0.00000000000000000, 1.00000000000000000, 0.00000000000000000, 87.62500000000000000]
    [0.00000000000000000, 0.00000000000000000, 1.00000000000000000, 23.00000000000000000]
  #198 objects/buildingsets/hangar/asteroid/uee_asteroid_hangar_beamcurvesidewall_a.cgf
    [1.00000000000000000, 0.00000000000000000, 0.00000000000000000, 24.00000000000000000]
    [0.00000000000000000, 1.00000000000000000, 0.00000000000000000, 82.92668151855468750]
    [0.00000000000000000, 0.00000000000000000, 1.00000000000000000, 28.87500000000000000]
  #199 objects/buildingsets/hangar/asteroid/structures/uee_asteroid_hangar_scaffolds_structure_02_reg.cgf
    [-0.57357615740902312, -0.81915221838782393, 0.00000000000000000, 0.99337768554687500]
    [0.81915221838782393, -0.57357615740902312, 0.00000000000000000, 62.41125488281250000]
    [0.00000000000000000, 0.00000000000000000, 0.99999998261889678, 5.00000000000000000]
  #200 objects/buildingsets/hangar/asteroid/uee_asteroid_hangar_floorstraightline_reg.cgf
    [-0.28488042929529706, -0.00000004233856462, 0.00000000000000000, 22.37500000000000000]
    [0.00000004233856462, -0.28488042929529706, 0.00000000000000000, 54.37500000000000000]
    [0.00000000000000000, 0.00000000000000000, 0.28488042929530022, 14.00000000000000000]
  #201 objects/buildingsets/human/lowtech/prop/storage/crate/crate_metal_4_0125x0125x0125_a.cgf
    [0.42261807698410270, -0.90630789205925277, 0.00000000000000000, 52.52189636230468750]
    [0.90630789205925277, 0.42261807698410270, 0.00000000000000000, 53.74148559570312500]
    [0.00000000000000000, 0.00000000000000000, 1.00000001710131348, 14.12500000000000000]
  #202 objects/buildingsets/human/lowtech/prop/storage/crate/crate_metal_4_0125x0125x0125_a.cgf
    [0.00000003422854103, 1.00000003337676890, 0.00000000000000000, 41.25000000000000000]
    [-1.00000003337676890, 0.00000003422854103, -0.00000000000000000, 78.00000000000000000]
    [-0.00000000000000000, 0.00000000000000000, 1.00000003337676935, 14.03634185949340463]
  #203 objects/buildingsets/hangar/asteroid/uee_asteroid_hangar_floorsquaresign_reg.cgf
    [-1.21679985523223699, -0.00000010637603052, 0.00000000000000000, 62.19999694824218750]
    [0.00000010637603052, -1.21679985523223699, 0.00000000000000000, 52.66600036621093750]
    [0.00000000000000000, 0.00000000000000000, 1.21679985523224188, 14.00000000000000000]
  #204 objects/buildingsets/hangar/asteroid/structures/uee_asteroid_hangar_scaffolds_structure_damaged_01_reg.cgf
    [0.99619469880288503, -0.08715573527447723, 0.00000000000000000, 42.55732727050781250]
    [0.08715573527447723, 0.99619469880288503, 0.00000000000000000, 77.86042785644531250]
    [0.00000000000000000, 0.00000000000000000, 1.00000000005710277, 13.99999618530273438]
  #205 objects/buildingsets/hangar/asteroid/uee_asteroid_hangar_floorstraightline_reg.cgf
    [0.00000000573590674, 0.28488043880368785, 0.00000000000000000, 39.50000000000000000]
    [-0.28488043880368785, 0.00000000573590674, -0.00000000000000000, 68.75000000000000000]
    [-0.00000000000000000, 0.00000000000000000, 0.28488043880368791, 14.00000000000000000]
  #206 objects/buildingsets/hangar/asteroid/uee_asteroid_hangar_floorsquaresign_reg.cgf
    [-1.21679985523223699, -0.00000010637603052, 0.00000000000000000, 62.19999694824218750]
    [0.00000010637603052, -1.21679985523223699, 0.00000000000000000, 60.66600036621093750]
    [0.00000000000000000, 0.00000000000000000, 1.21679985523224188, 14.00000000000000000]
  #207 objects/buildingsets/hangar/asteroid/structures/uee_asteroid_hangar_scaffolds_plateform_02_reg.cgf
    [0.98480775220269978, -0.17364818485209726, 0.00000000000000000, 31.62022399902343750]
    [0.17364818485209726, 0.98480775220269978, 0.00000000000000000, 79.51310729980468750]
    [0.00000000000000000, 0.00000000000000000, 1.00000000045048121, 14.00000000000000000]
  #208 objects/buildingsets/human/lowtech/prop/storage/crate/crate_metal_3_015x0075x0075_a.cgf
    [1.00000000000000000, 0.00000000000000000, 0.00000000000000000, 24.87500000000000000]
    [0.00000000000000000, 1.00000000000000000, 0.00000000000000000, 64.12500000000000000]
    [0.00000000000000000, 0.00000000000000000, 1.00000000000000000, 14.12500000000000000]
  #209 objects/buildingsets/hangar/asteroid/uee_hangar_asteroid_prop_cables_floor_messy_05.cgf
    [0.34544044954671721, 0.94908948398845605, 0.00000000000000000, 32.12500000000000000]
    [-0.94908948398845605, 0.34544044954671721, -0.00000000000000000, 78.45872981025604531]
    [-0.00000000000000000, 0.00000000000000000, 1.00999997663391650, 14.01893997192382812]
  #210 objects/buildingsets/hangar/asteroid/structures/uee_asteroid_hangar_scaffolds_structure_damaged_02_reg.cgf
    [0.99619469880288503, -0.08715573527447723, 0.00000000000000000, 37.25311279296875000]
    [0.08715573527447723, 0.99619469880288503, 0.00000000000000000, 77.49914550781250000]
    [0.00000000000000000, 0.00000000000000000, 1.00000000005710277, 13.99999618530273438]
  #211 objects/buildingsets/hangar/asteroid/structures/uee_asteroid_hangar_scaffolds_sheet_03_reg.cgf
    [0.99452189489401688, -0.10452846609041656, 0.00000000000000000, 37.12498474121093750]
    [0.10452846609041656, 0.99452189489401688, 0.00000000000000000, 77.62500000000000000]
    [0.00000000000000000, 0.00000000000000000, 0.99999999982340060, 22.99525833129882812]
  #212 objects/buildingsets/human/shop/alpha/shippart/dumpersdepot/prop/prop_dumper_transport_pallet_a.cgf
    [0.98861685419888934, -0.04255354817051031, 0.14431190181036499, 53.00000000000000000]
    [0.15045421370187989, 0.27636642153442292, -0.94920237278450759, 58.62500000000000000]
    [0.00050896500216041, 0.96010979083565773, 0.27962286095430194, 15.37500000000000000]
  #213 objects/buildingsets/human/lowtech/prop/storage/crate/crate_metal_3_015x0075x0075_a.cgf
    [0.96592582953075612, -0.25881903707872522, 0.00000000000000000, 52.12500000000000000]
    [0.25881903707872522, 0.96592582953075612, 0.00000000000000000, 59.50000000000000000]
    [0.00000000000000000, 0.00000000000000000, 1.00000000105451892, 14.25000000000000000]
  #214 objects/buildingsets/human/shop/alpha/shippart/dumpersdepot/prop/prop_dumper_cable_roll_a.cgf
    [1.00000000000000000, 0.00000000000000000, 0.00000000000000000, 38.25000000000000000]
    [0.00000000000000000, 1.00000000000000000, 0.00000000000000000, 78.00000000000000000]
    [0.00000000000000000, 0.00000000000000000, 1.00000000000000000, 14.00000000000000000]
  #215 objects/buildingsets/hangar/asteroid/uee_asteroid_hangar_table_b.cgf
    [0.17364780545049491, 0.98480781615840096, 0.00000000000000000, 30.26228332519531250]
    [-0.98480781615840096, 0.17364780545049491, -0.00000000000000000, 78.27275085449218750]
    [-0.00000000000000000, 0.00000000000000000, 0.99999999755222591, 14.05815559183247387]
  #216 objects/buildingsets/hangar/asteroid/uee_asteroid_hangar_floorstraightline_reg.cgf
    [-0.28488042929529706, -0.00000004233856462, 0.00000000000000000, 22.37500000000000000]
    [0.00000004233856462, -0.28488042929529706, 0.00000000000000000, 67.87500000000000000]
    [0.00000000000000000, 0.00000000000000000, 0.28488042929530022, 14.00000000000000000]
  #217 objects/buildingsets/human/shop/alpha/shippart/dumpersdepot/prop/prop_dumper_int_cable_reel_a.cgf
    [-0.57357636191720729, -0.81915210486609347, 0.00000000000000000, 28.64181518554687500]
    [0.81915210486609347, -0.57357636191720729, 0.00000000000000000, 76.97669982910156250]
    [0.00000000000000000, 0.00000000000000000, 1.00000000692836544, 14.03368452051654458]
  #218 objects/buildingsets/hangar/asteroid/uee_asteroid_hangar_floorstraightline_reg.cgf
    [-0.28488042929529706, -0.00000004233856462, 0.00000000000000000, 55.87500000000000000]
    [0.00000004233856462, -0.28488042929529706, 0.00000000000000000, 57.37500000000000000]
    [0.00000000000000000, 0.00000000000000000, 0.28488042929530022, 14.00000000000000000]
  #219 objects/buildingsets/hangar/asteroid/uee_asteroid_hangar_floorsquaresign_reg.cgf
    [-1.21679985523223699, -0.00000010637603052, 0.00000000000000000, 8.99896240234375000]
    [0.00000010637603052, -1.21679985523223699, 0.00000000000000000, 67.97274780273437500]
    [0.00000000000000000, 0.00000000000000000, 1.21679985523224188, 14.00000000000000000]
  #220 objects/buildingsets/hangar/asteroid/structures/uee_asteroid_hangar_scaffolds_plateform_01_reg.cgf
    [1.00000000000000000, 0.00000000000000000, 0.00000000000000000, 37.00000000000000000]
    [0.00000000000000000, 1.00000000000000000, 0.00000000000000000, 78.00000000000000000]
    [0.00000000000000000, 0.00000000000000000, 1.00000000000000000, 14.00000000000000000]
  #221 objects/buildingsets/hangar/asteroid/uee_asteroid_hangar_floorsquaresign_reg.cgf
    [-1.21679985523223699, -0.00000010637603052, 0.00000000000000000, 8.99629211425781250]
    [0.00000010637603052, -1.21679985523223699, 0.00000000000000000, 60.66600036621093750]
    [0.00000000000000000, 0.00000000000000000, 1.21679985523224188, 14.00000000000000000]
  #222 objects/buildingsets/hangar/asteroid/structures/uee_asteroid_hangar_scaffolds_structure_damaged_03_reg.cgf
    [0.99756405092026512, -0.06975646492015875, 0.00000000000000000, 42.56459045410156250]
    [0.06975646492015875, 0.99756405092026512, 0.00000000000000000, 77.78128051757812500]
    [0.00000000000000000, 0.00000000000000000, 1.00000000004330336, 19.99999618530273438]
  #223 objects/buildingsets/hangar/asteroid/uee_asteroid_hangar_floorstraightline_reg.cgf
    [-0.28488042929529706, -0.00000004233856462, 0.00000000000000000, 55.87500000000000000]
    [0.00000004233856462, -0.28488042929529706, 0.00000000000000000, 60.00000000000000000]
    [0.00000000000000000, 0.00000000000000000, 0.28488042929530022, 14.00000000000000000]
  #224 objects/buildingsets/hangar/asteroid/uee_asteroid_hangar_floorstraightline_reg.cgf
    [-0.28488042929529706, -0.00000004233856462, 0.00000000000000000, 22.37500000000000000]
    [0.00000004233856462, -0.28488042929529706, 0.00000000000000000, 57.12500000000000000]
    [0.00000000000000000, 0.00000000000000000, 0.28488042929530022, 14.00000000000000000]
  #225 objects/buildingsets/human/shop/alpha/shippart/dumpersdepot/prop/prop_dumper_transport_pallet_a.cgf
    [1.36713139321740629, 0.00000000000000000, 0.00000000000000000, 28.59394836425781250]
    [0.00000000000000000, 0.11915325491673544, -1.36192905401247444, 78.73731994628906250]
    [0.00000000000000000, 1.36192905401247444, 0.11915325491673544, 15.64680480957031250]
  #226 objects/buildingsets/hangar/asteroid/uee_asteroid_hangar_floorstraightline_reg.cgf
    [-0.28488042929529706, -0.00000004233856462, 0.00000000000000000, 22.37500000000000000]
    [0.00000004233856462, -0.28488042929529706, 0.00000000000000000, 51.87500000000000000]
    [0.00000000000000000, 0.00000000000000000, 0.28488042929530022, 14.00000000000000000]
  #227 objects/buildingsets/hangar/asteroid/structures/uee_asteroid_hangar_scaffolds_sheet_02_reg.cgf
    [0.99999999960961494, -0.00000000000000000, 0.00000000000000000, 41.55679321289062500]
    [0.00000000000000000, 0.97029572423059396, 0.24192190218964660, 80.68354797363281250]
    [-0.00000000000000000, -0.24192190218964660, 0.97029572423059396, 22.83863067626953125]
  #228 objects/buildingsets/hangar/asteroid/uee_asteroid_hangar_floorsquaresign_reg.cgf
    [-1.21679985523223699, -0.00000010637603052, 0.00000000000000000, 62.19999694824218750]
    [0.00000010637603052, -1.21679985523223699, 0.00000000000000000, 44.66600036621093750]
    [0.00000000000000000, 0.00000000000000000, 1.21679985523224188, 14.00000000000000000]
  #229 objects/buildingsets/human/lowtech/prop/storage/crate/crate_metal_4_0125x0125x0125_a.cgf
    [-0.50000014845403240, 0.86602533737098131, 0.00000000000000000, 53.25000000000000000]
    [-0.86602533737098131, -0.50000014845403240, 0.00000000000000000, 55.00000000000000000]
    [0.00000000000000000, 0.00000000000000000, 1.00000001671128813, 14.12500000000000000]
  #230 objects/buildingsets/hangar/asteroid/uee_asteroid_hangar_floorstraightline_reg.cgf
    [-0.28488042929529706, -0.00000004233856462, 0.00000000000000000, 55.87500000000000000]
    [0.00000004233856462, -0.28488042929529706, 0.00000000000000000, 43.50000000000000000]
    [0.00000000000000000, 0.00000000000000000, 0.28488042929530022, 14.00000000000000000]
  #231 objects/buildingsets/human/lowtech/prop/storage/crate/crate_metal_3_015x0075x0075_a.cgf
    [1.00000000000000000, 0.00000000000000000, 0.00000000000000000, 53.37500000000000000]
    [0.00000000000000000, 1.00000000000000000, 0.00000000000000000, 59.37500000000000000]
    [0.00000000000000000, 0.00000000000000000, 1.00000000000000000, 14.25000000000000000]
  #232 objects/buildingsets/human/shop/alpha/shippart/dumpersdepot/prop/prop_dumper_int_bent_cable_a.cgf
    [0.17364811054994458, 0.98480777880011150, 0.00000000000000000, 29.59481811523437500]
    [-0.98480777880011150, 0.17364811054994458, -0.00000000000000000, 76.76329040527343750]
    [-0.00000000000000000, 0.00000000000000000, 1.00000001374138758, 14.97917609964497387]
  #233 objects/buildingsets/hangar/asteroid/structures/uee_asteroid_hangar_scaffolds_structure_04_reg.cgf
    [0.98480775220269978, -0.17364818485209726, 0.00000000000000000, 31.62022399902343750]
    [0.17364818485209726, 0.98480775220269978, 0.00000000000000000, 79.51310729980468750]
    [0.00000000000000000, 0.00000000000000000, 1.00000000045048121, 14.00000000000000000]
  #234 objects/buildingsets/human/shop/alpha/shippart/dumpersdepot/prop/prop_dumper_dolly_a.cgf
    [-0.00000013732669701, 0.99999997978236976, 0.00000002200506996, 37.12500000000000000]
    [-0.96592581032601965, -0.00000013834273469, 0.25881902656250433, 76.37500000000000000]
    [0.25881902656250488, 0.00000001428749729, 0.96592581032602942, 14.05530166625976562]
  #235 objects/buildingsets/human/lowtech/prop/storage/crate/crate_metal_4_0125x0125x0125_a.cgf
    [-0.50000014845403240, -0.86602533737098131, 0.00000000000000000, 35.50000000000000000]
    [0.86602533737098131, -0.50000014845403240, 0.00000000000000000, 79.50000000000000000]
    [0.00000000000000000, 0.00000000000000000, 1.00000001671128813, 16.93565821042284369]
  #236 objects/buildingsets/hangar/asteroid/structures/uee_asteroid_hangar_scaffolds_structure_07_reg.cgf
    [0.99604297492371974, -0.08715572033896511, -0.01738599346070688, 37.25715637207031250]
    [0.08714244609981221, 0.99619470017838863, -0.00152107710035433, 77.50939941406250000]
    [0.01745240511107178, 0.00000000016208394, 0.99984769530521633, 16.99808502197265625]
  #237 objects/buildingsets/hangar/asteroid/structures/uee_asteroid_hangar_scaffolds_structure_damaged_03_reg.cgf
    [-0.75975066202222841, 0.59564422683984852, 0.26074286037822991, 47.49998474121093750]
    [-0.64747521945626973, -0.72982601383523105, -0.21938500944346390, 83.37500000000000000]
    [0.05962150950720166, -0.33550245485065017, 0.94015069592185407, 11.49999618530273438]
  #238 objects/buildingsets/hangar/deluxe/lightfloor_clean_deluxe_prop_uee_01.cgf
    [-0.70710690302721158, 0.70710663462001788, 0.00000000000000000, 51.03569965680307519]
    [-0.70710663462001788, -0.70710690302721158, 0.00000000000000000, 63.96293132553577721]
    [0.00000000000000000, 0.00000000000000000, 0.99999998251619115, 14.10355377197265625]
  #239 objects/buildingsets/hangar/deluxe/lightfloor_clean_deluxe_prop_uee_01.cgf
    [-0.00000013435885786, 0.99999997718096412, 0.00000000000000000, 38.98710625574335609]
    [-0.99999997718096412, -0.00000013435885786, -0.00000000000000000, 68.95639032651564548]
    [-0.00000000000000000, 0.00000000000000000, 0.99999997718097322, 13.95171356201171875]
  #240 objects/buildingsets/hangar/deluxe/lightfloor_clean_deluxe_prop_uee_01.cgf
    [0.68199814685819982, 0.73135390111384146, 0.00000000000000000, 26.94445482023604654]
    [-0.73135390111384146, 0.68199814685819982, -0.00000000000000000, 63.97209109197328303]
    [-0.00000000000000000, 0.00000000000000000, 1.00000000049622662, 14.12254333496093750]
  #241 objects/buildingsets/hangar/asteroid/structures/uee_asteroid_hangar_beam_connector_01_reg.cgf
    [0.00000003422854103, -1.00000003337676890, 0.00000000000000000, 45.98609924316406250]
    [1.00000003337676890, 0.00000003422854103, 0.00000000000000000, 74.95416259765625000]
    [0.00000000000000000, 0.00000000000000000, 1.00000003337676935, 48.87500000000000000]
  #242 objects/buildingsets/hangar/asteroid/structures/uee_asteroid_hangar_beam_ceilling_01_reg.cgf
    [0.00000003422854103, -1.00000003337676890, 0.00000000000000000, 7.11109924316406250]
    [1.00000003337676890, 0.00000003422854103, 0.00000000000000000, 63.95419311523437500]
    [0.00000000000000000, 0.00000000000000000, 1.00000003337676935, 50.37500000000000000]
  #243 objects/buildingsets/hangar/asteroid/structures/uee_asteroid_hangar_beam_connector_01_reg.cgf
    [0.00000003422854103, -1.00000003337676890, 0.00000000000000000, 7.11109924316406250]
    [1.00000003337676890, 0.00000003422854103, 0.00000000000000000, 75.95416259765625000]
    [0.00000000000000000, 0.00000000000000000, 1.00000003337676935, 49.62500000000000000]
  #244 objects/buildingsets/hangar/asteroid/structures/uee_asteroid_hangar_beam_support_01_reg.cgf
    [0.00000020281592188, 0.99999995436193512, -0.00000000000000737, 5.23609924316406250]
    [0.99999995436193134, -0.00000020281592182, -0.00000008742278879, 47.82916259765625000]
    [-0.00000008742278879, 0.00000000000001036, -0.99999995436195188, 46.25000000000000000]
  #245 objects/buildingsets/hangar/asteroid/structures/uee_asteroid_hangar_beam_connector_01_reg.cgf
    [0.00000003422854103, -1.00000003337676890, 0.00000000000000000, 23.98609924316406250]
    [1.00000003337676890, 0.00000003422854103, 0.00000000000000000, 74.95416259765625000]
    [0.00000000000000000, 0.00000000000000000, 1.00000003337676935, 48.87500000000000000]
  #246 objects/buildingsets/hangar/asteroid/structures/uee_asteroid_hangar_beam_support_01_reg.cgf
    [-0.00000013435885693, 0.99999995436194655, -0.00000000000000737, 4.73609924316406250]
    [0.99999995436194278, 0.00000013435885732, 0.00000008742278879, 63.95419311523437500]
    [0.00000008742278879, 0.00000000000000438, -0.99999995436195155, 46.25000000000000000]
  #247 objects/buildingsets/hangar/asteroid/structures/uee_asteroid_hangar_beam_support_01_reg.cgf
    [0.00000020281592188, 0.99999995436193512, 0.00000000000001239, 60.50000000000000000]
    [0.99999995436193134, -0.00000020281592182, 0.00000008742285411, 47.87500000000000000]
    [0.00000008742285411, -0.00000000000000534, -0.99999995436195188, 44.12500000000000000]
  #248 objects/buildingsets/hangar/asteroid/structures/uee_asteroid_hangar_beam_support_01_reg.cgf
    [-0.00000013435885693, -0.99999995436194655, 0.00000000000000737, 9.23609924316406250]
    [-0.99999995436194278, 0.00000013435885732, 0.00000008742278879, 63.95419311523437500]
    [-0.00000008742278879, 0.00000000000000438, -0.99999995436195155, 46.25000000000000000]
  #249 objects/buildingsets/hangar/deluxe/lightfloor_clean_deluxe_prop_uee_01.cgf
    [-0.00000047153369247, -0.99999995436191647, -0.00000008742278078, 34.62498458149977409]
    [-0.99999995436192024, 0.00000047153369264, 0.00000000000002414, 81.02439908654199030]
    [0.00000000000001708, 0.00000008742278078, -0.99999995436202760, 42.42552570899485431]
  #250 objects/buildingsets/hangar/asteroid/structures/uee_asteroid_hangar_scaffolds_structure_01_reg.cgf
    [0.93969262101409068, 0.34202013734329589, 0.00000000000000000, 73.75131225585937500]
    [-0.34202013734329589, 0.93969262101409068, -0.00000000000000000, 14.17633056640625000]
    [-0.00000000000000000, 0.00000000000000000, 0.99999999816832918, 2.37500000000000000]
  #251 objects/buildingsets/hangar/asteroid/structures/uee_asteroid_hangar_scaffolds_structure_01_reg.cgf
    [0.93969262101409068, 0.34202013734329589, 0.00000000000000000, 73.75131225585937500]
    [-0.34202013734329589, 0.93969262101409068, -0.00000000000000000, 14.17633056640625000]
    [-0.00000000000000000, 0.00000000000000000, 0.99999999816832918, 5.37500000000000000]
  #252 objects/buildingsets/hangar/asteroid/structures/uee_asteroid_hangar_scaffolds_structure_01_reg.cgf
    [0.93969262101409068, 0.34202013734329589, 0.00000000000000000, 73.75131225585937500]
    [-0.34202013734329589, 0.93969262101409068, -0.00000000000000000, 14.17633056640625000]
    [-0.00000000000000000, 0.00000000000000000, 0.99999999816832918, 8.37500000000000000]
  #253 objects/buildingsets/hangar/asteroid/structures/uee_asteroid_hangar_beam_support_01_reg.cgf
    [-0.00000030294626748, -0.99999995436193811, 0.00000000000002981, 65.00000000000000000]
    [-0.99999995436193434, 0.00000030294626766, 0.00000008742282396, 31.75000000000000000]
    [-0.00000008742282396, -0.00000000000000333, -0.99999995436198019, 46.25000000000000000]
  #254 objects/buildingsets/hangar/asteroid/structures/uee_asteroid_hangar_scaffolds_stairs_01_reg.cgf
    [0.93969262101409068, 0.34202013734329589, 0.00000000000000000, 73.75131225585937500]
    [-0.34202013734329589, 0.93969262101409068, -0.00000000000000000, 14.17633056640625000]
    [-0.00000000000000000, 0.00000000000000000, 0.99999999816832918, 2.37500000000000000]
  #255 objects/buildingsets/hangar/asteroid/structures/uee_asteroid_hangar_scaffolds_structure_04_reg.cgf
    [-0.42261916789684412, -0.90630740082151240, 0.00000000000000000, 71.97387695312500000]
    [0.90630740082151240, -0.42261916789684412, 0.00000000000000000, 48.81202697753906250]
    [0.00000000000000000, 0.00000000000000000, 1.00000003292883277, 4.00000000000000000]
  #256 objects/buildingsets/hangar/asteroid/structures/uee_asteroid_hangar_scaffolds_structure_04_reg.cgf
    [-0.90630778703737214, 0.42261827220180614, 0.00000000000000000, 69.25494384765625000]
    [-0.42261827220180614, -0.90630778703737214, 0.00000000000000000, 47.54415893554687500]
    [0.00000000000000000, 0.00000000000000000, 1.00000000442170922, 13.00000000000000000]
  #257 objects/buildingsets/hangar/asteroid/structures/uee_asteroid_hangar_scaffolds_plateform_02_reg.cgf
    [0.42261821029607238, 0.90630780269150524, 0.00000000000000000, 70.52282714843750000]
    [-0.90630780269150524, 0.42261821029607238, -0.00000000000000000, 44.82522583007812500]
    [-0.00000000000000000, 0.00000000000000000, 0.99999999244667970, 7.25000000000000000]
  #258 objects/buildingsets/hangar/asteroid/structures/uee_asteroid_hangar_scaffolds_stairs_01_reg.cgf
    [0.98480772876740585, 0.17364831844194162, 0.00000000000000000, 83.85421752929687500]
    [-0.17364831844194162, 0.98480772876740585, -0.00000000000000000, 83.90219116210937500]
    [-0.00000000000000000, 0.00000000000000000, 1.00000000056886518, 16.59412765502929688]
  #259 objects/buildingsets/hangar/asteroid/structures/uee_asteroid_hangar_scaffolds_sheet_04_reg.cgf
    [0.98480775220269978, 0.17364818485209726, 0.00000000000000000, 74.04260253906250000]
    [-0.17364818485209726, 0.98480775220269978, -0.00000000000000000, 85.61373901367187500]
    [-0.00000000000000000, 0.00000000000000000, 1.00000000045048121, 13.62500000000000000]
  #260 objects/buildingsets/hangar/asteroid/structures/uee_asteroid_hangar_scaffolds_sheet_04_reg.cgf
    [-0.43837193382099238, -0.89879368282800587, 0.00000000000000000, 72.02749633789062500]
    [0.89879368282800587, -0.43837193382099238, 0.00000000000000000, 48.74334716796875000]
    [0.00000000000000000, 0.00000000000000000, 1.00000001832674279, 13.00000000000000000]
  #261 objects/buildingsets/hangar/asteroid/structures/uee_asteroid_hangar_scaffolds_plateform_02_reg.cgf
    [0.42261821029607238, 0.90630780269150524, 0.00000000000000000, 70.52282714843750000]
    [-0.90630780269150524, 0.42261821029607238, -0.00000000000000000, 44.82522583007812500]
    [-0.00000000000000000, 0.00000000000000000, 0.99999999244667970, 10.00000000000000000]
  #262 objects/buildingsets/hangar/asteroid/structures/uee_asteroid_hangar_scaffolds_sheet_03_reg.cgf
    [0.98768837728754721, 0.15643422966105816, 0.00000000000000000, 83.69155883789062500]
    [-0.15643422966105816, 0.98768837728754721, -0.00000000000000000, 83.91047668457031250]
    [-0.00000000000000000, 0.00000000000000000, 0.99999999941927842, 16.62499618530273438]
  #263 objects/buildingsets/hangar/asteroid/structures/uee_asteroid_hangar_beam_support_01_reg.cgf
    [-0.00000030294626748, -0.99999995436193811, 0.00000000000002981, 65.00000000000000000]
    [-0.99999995436193434, 0.00000030294626766, 0.00000008742282396, 47.87500000000000000]
    [-0.00000008742282396, -0.00000000000000333, -0.99999995436198019, 46.25000000000000000]
  #264 objects/buildingsets/hangar/asteroid/structures/uee_asteroid_hangar_scaffolds_structure_01_reg.cgf
    [0.98480774699485840, 0.17364821453872942, 0.00000000000000000, 83.85421752929687500]
    [-0.17364821453872942, 0.98480774699485840, -0.00000000000000000, 83.90219116210937500]
    [-0.00000000000000000, 0.00000000000000000, 1.00000000047678883, 13.59412765502929688]
  #265 objects/buildingsets/hangar/asteroid/structures/uee_asteroid_hangar_scaffolds_sheet_04_reg.cgf
    [-0.43837193382099238, -0.89879368282800587, 0.00000000000000000, 73.30545043945312500]
    [0.89879368282800587, -0.43837193382099238, 0.00000000000000000, 46.02882385253906250]
    [0.00000000000000000, 0.00000000000000000, 1.00000001832674279, 13.00000000000000000]
  #266 objects/buildingsets/hangar/asteroid/structures/uee_asteroid_hangar_scaffolds_structure_01_reg.cgf
    [0.98480774699485840, 0.17364821453872942, 0.00000000000000000, 83.85421752929687500]
    [-0.17364821453872942, 0.98480774699485840, -0.00000000000000000, 83.90219116210937500]
    [-0.00000000000000000, 0.00000000000000000, 1.00000000047678883, 4.59412765502929688]
  #267 objects/buildingsets/hangar/asteroid/structures/uee_asteroid_hangar_scaffolds_sheet_02_reg.cgf
    [0.98768837494454842, 0.15643424451553314, 0.00000000000000000, 83.97763061523437500]
    [-0.15643424451553314, 0.98768837494454842, -0.00000000000000000, 84.11830139160156250]
    [-0.00000000000000000, 0.00000000000000000, 0.99999999942887419, 16.62500000000000000]
  #268 objects/buildingsets/hangar/asteroid/structures/uee_asteroid_hangar_scaffolds_structure_02_reg.cgf
    [0.98480772876740585, 0.17364831844194162, 0.00000000000000000, 78.93017578125000000]
    [-0.17364831844194162, 0.98480772876740585, -0.00000000000000000, 84.77046203613281250]
    [-0.00000000000000000, 0.00000000000000000, 1.00000000056886518, 1.59412765502929688]
  #269 objects/buildingsets/hangar/asteroid/structures/uee_asteroid_hangar_scaffolds_sheet_04_reg.cgf
    [0.92718394642224145, -0.37460635585893337, 0.00000000000000000, 73.12149047851562500]
    [0.37460635585893337, 0.92718394642224145, 0.00000000000000000, 45.92938232421875000]
    [0.00000000000000000, 0.00000000000000000, 0.99999999617651592, 13.00000000000000000]
  #270 objects/buildingsets/hangar/asteroid/structures/uee_asteroid_hangar_scaffolds_structure_02_reg.cgf
    [0.98480772876740585, 0.17364831844194162, 0.00000000000000000, 78.93017578125000000]
    [-0.17364831844194162, 0.98480772876740585, -0.00000000000000000, 84.77046203613281250]
    [-0.00000000000000000, 0.00000000000000000, 1.00000000056886518, 7.59412765502929688]
  #271 objects/buildingsets/hangar/asteroid/structures/uee_asteroid_hangar_beam_support_01_reg.cgf
    [-0.00000030294626748, -0.99999995436193811, 0.00000000000002981, 65.00000000000000000]
    [-0.99999995436193434, 0.00000030294626766, 0.00000008742282396, 63.87500000000000000]
    [-0.00000008742282396, -0.00000000000000333, -0.99999995436198019, 46.25000000000000000]
  #272 objects/buildingsets/hangar/asteroid/structures/uee_asteroid_hangar_scaffolds_structure_02_reg.cgf
    [0.98480772876740585, 0.17364831844194162, 0.00000000000000000, 78.93017578125000000]
    [-0.17364831844194162, 0.98480772876740585, -0.00000000000000000, 84.77046203613281250]
    [-0.00000000000000000, 0.00000000000000000, 1.00000000056886518, 4.59412765502929688]
  #273 objects/buildingsets/hangar/asteroid/structures/uee_asteroid_hangar_scaffolds_plateform_02_reg.cgf
    [-0.42261916789684412, -0.90630740082151240, 0.00000000000000000, 71.97387695312500000]
    [0.90630740082151240, -0.42261916789684412, 0.00000000000000000, 48.81202697753906250]
    [0.00000000000000000, 0.00000000000000000, 1.00000003292883277, 4.00000000000000000]
  #274 objects/buildingsets/hangar/asteroid/structures/uee_asteroid_hangar_scaffolds_plateform_01_reg.cgf
    [0.99246145773716810, -0.08682411914632231, 0.08649755785359060, 77.25000000000000000]
    [0.08583168067905755, 0.99619469563903418, 0.01513443908491659, 85.37500000000000000]
    [-0.08748244264981589, -0.00759611671000250, 0.99613709975730969, 13.25000000000000000]
  #275 objects/buildingsets/hangar/asteroid/structures/uee_asteroid_hangar_scaffolds_stairs_01_reg.cgf
    [-0.98480781240091975, -0.17364817978129804, 0.00000000000000000, 79.45111083984375000]
    [0.17364817978129804, -0.98480781240091975, 0.00000000000000000, 87.72491455078125000]
    [0.00000000000000000, 0.00000000000000000, 1.00000005885361998, 13.59412765502929688]
  #276 objects/buildingsets/hangar/asteroid/structures/uee_asteroid_hangar_scaffolds_structure_04_reg.cgf
    [0.42261821029607238, 0.90630780269150524, 0.00000000000000000, 70.52282714843750000]
    [-0.90630780269150524, 0.42261821029607238, -0.00000000000000000, 44.82522583007812500]
    [-0.00000000000000000, 0.00000000000000000, 0.99999999244667970, 10.00000000000000000]
  #277 objects/buildingsets/hangar/asteroid/structures/uee_asteroid_hangar_scaffolds_plateform_02_reg.cgf
    [-0.90630778703737214, 0.42261827220180614, 0.00000000000000000, 69.25494384765625000]
    [-0.42261827220180614, -0.90630778703737214, 0.00000000000000000, 47.54415893554687500]
    [0.00000000000000000, 0.00000000000000000, 1.00000000442170922, 13.00000000000000000]
  #278 objects/buildingsets/hangar/asteroid/structures/uee_asteroid_hangar_scaffolds_sheet_04_reg.cgf
    [0.92718394642224145, -0.37460635585893337, 0.00000000000000000, 70.57174682617187500]
    [0.37460635585893337, 0.92718394642224145, 0.00000000000000000, 44.89921569824218750]
    [0.00000000000000000, 0.00000000000000000, 0.99999999617651592, 13.00000000000000000]
  #279 objects/buildingsets/hangar/asteroid/structures/uee_asteroid_hangar_scaffolds_structure_01_reg.cgf
    [0.98480774699485840, 0.17364821453872942, 0.00000000000000000, 83.85421752929687500]
    [-0.17364821453872942, 0.98480774699485840, -0.00000000000000000, 83.90219116210937500]
    [-0.00000000000000000, 0.00000000000000000, 1.00000000047678883, 1.59412765502929688]
  #280 objects/buildingsets/hangar/asteroid/structures/uee_asteroid_hangar_scaffolds_structure_damaged_03_reg.cgf
    [-0.94983106156866326, -0.27478257859467664, 0.14938371513086865, 72.37500000000000000]
    [0.28536899008922917, -0.95687518315648723, 0.05435465684545007, 88.25000000000000000]
    [0.12800585666637918, 0.09425722108249079, 0.98728419530498235, 7.74999618530273438]
  #281 objects/buildingsets/hangar/asteroid/structures/uee_asteroid_hangar_scaffolds_sheet_03_reg.cgf
    [0.98768837728754721, 0.15643422966105816, 0.00000000000000000, 79.10394287109375000]
    [-0.15643422966105816, 0.98768837728754721, -0.00000000000000000, 84.51051330566406250]
    [-0.00000000000000000, 0.00000000000000000, 0.99999999941927842, 16.62499618530273438]
  #282 objects/buildingsets/hangar/asteroid/structures/uee_asteroid_hangar_scaffolds_structure_01_reg.cgf
    [0.98480774699485840, 0.17364821453872942, 0.00000000000000000, 83.85421752929687500]
    [-0.17364821453872942, 0.98480774699485840, -0.00000000000000000, 83.90219116210937500]
    [-0.00000000000000000, 0.00000000000000000, 1.00000000047678883, 10.59412765502929688]
  #283 objects/buildingsets/hangar/asteroid/structures/uee_asteroid_hangar_scaffolds_structure_01_reg.cgf
    [0.98480774699485840, 0.17364821453872942, 0.00000000000000000, 83.85421752929687500]
    [-0.17364821453872942, 0.98480774699485840, -0.00000000000000000, 83.90219116210937500]
    [-0.00000000000000000, 0.00000000000000000, 1.00000000047678883, 16.59412765502929688]
  #284 objects/buildingsets/hangar/asteroid/structures/uee_asteroid_hangar_scaffolds_structure_01_reg.cgf
    [0.98480774699485840, 0.17364821453872942, 0.00000000000000000, 83.85421752929687500]
    [-0.17364821453872942, 0.98480774699485840, -0.00000000000000000, 83.90219116210937500]
    [-0.00000000000000000, 0.00000000000000000, 1.00000000047678883, 7.71912765502929688]
  #285 objects/buildingsets/hangar/asteroid/structures/uee_asteroid_hangar_scaffolds_structure_04_reg.cgf
    [-0.42261916789684412, -0.90630740082151240, 0.00000000000000000, 71.97387695312500000]
    [0.90630740082151240, -0.42261916789684412, 0.00000000000000000, 48.81202697753906250]
    [0.00000000000000000, 0.00000000000000000, 1.00000003292883277, 7.00000000000000000]
  #286 objects/buildingsets/hangar/asteroid/uee_hangar_asteroid_prop_cableshanging_base_01.cgf
    [-3.25250579107864901, -3.87618447160375590, 0.00000054791749727, 77.06396484375000000]
    [3.87618447160379409, -3.25250579107861659, 0.00000045975757572, 69.83163452148437500]
    [-0.00000000000006775, 0.00000071525562720, 5.05999999791522015, 40.21183776855468750]
