# IncludedObjects
# Cgfs: 13, Materials: 0, Palettes: 1, Placements: 982

[CGFs]
      0: data/objects/space/3d/asteroid/angular_smooth_01/angular_smooth_01_00900_cluster_01.cgf
      1: data/objects/space/3d/asteroid/angular_smooth_01/angular_smooth_01_03400_01.cgf
      2: data/objects/space/3d/asteroid/angular_smooth_01/angular_smooth_01_00800_cluster_01.cgf
      3: data/objects/space/3d/asteroid/angular_smooth_01/angular_smooth_01_03400_01_lp.cgf
      4: data/objects/space/3d/asteroid/angular_smooth_01/angular_smooth_01_03500_cluster_01.cgf
      5: data/objects/space/3d/asteroid/angular_smooth_01/angular_smooth_01_01400_01.cgf
      6: data/objects/space/3d/asteroid/angular_smooth_01/angular_smooth_01_03900_column_01.cgf
      7: data/objects/space/3d/asteroid/angular_smooth_01/angular_smooth_01_01300_cluster_01.cgf
      8: data/objects/space/3d/asteroid/angular_smooth_01/angular_smooth_01_02200_column_01.cgf
      9: data/objects/space/3d/asteroid/angular_smooth_01/angular_smooth_01_05100_01.cgf
     10: data/objects/space/3d/asteroid/angular_smooth_01/angular_smooth_01_01700_column_01.cgf
     11: data/objects/space/3d/asteroid/angular_smooth_01/angular_smooth_01_00400_01.cgf
     12: data/objects/space/3d/asteroid/angular_smooth_01/angular_smooth_01_01000_01.cgf

[Palettes]
      0: Libs/Foundry/Records/TintPalettes/default

[Placements]
  #0 data/objects/space/3d/asteroid/angular_smooth_01/angular_smooth_01_00900_cluster_01.cgf
    [-0.20432152824420843, 0.079363786650624421, 0.97568108895920458, 9453.0681465538273]
    [-0.45480794363998983, 0.87490402165052383, -0.16640965173299865, -29180.782577883674]
    [-0.86683443193386644, -0.47774870712165013, -0.14266648290918515, -7876.9619895540873]
  #1 data/objects/space/3d/asteroid/angular_smooth_01/angular_smooth_01_03400_01.cgf
    [-0.77090527049374447, 0.87505011589267345, 0.44998782594145886, 8204.2517941924361]
    [-0.49223210612277085, -0.83793339462641359, 0.78617546690680418, 531.7267359276691]
    [0.85200311180255861, 0.30765501091386283, 0.86135693915628408, 24105.72006970505]
  #2 data/objects/space/3d/asteroid/angular_smooth_01/angular_smooth_01_00800_cluster_01.cgf
    [1.2070226090707399, 0.037874582757445464, -0.32273738848021044, 4050.6431040576399]
    [-0.31270886645897894, -0.20218708985934766, -1.1932439106411403, -5394.4940985110616]
    [-0.088357630004529675, 1.2329571693392964, -0.18576068621973046, 17642.789129681485]
  #3 data/objects/space/3d/asteroid/angular_smooth_01/angular_smooth_01_03400_01_lp.cgf
    [-0.68422254080567824, -0.87678300088143191, 0.33433685924869389, 6172.2727148372778]
    [0.93638434992787078, -0.66484195195069351, 0.17279924643949932, -1728.3254014163376]
    [0.06094190099667849, 0.37138497509356894, 1.0986579706219621, 23181.812323528164]
  #4 data/objects/space/3d/asteroid/angular_smooth_01/angular_smooth_01_03500_cluster_01.cgf
    [0.37421707657142189, 0.7701146674585253, 0.51660977498204319, 13822.198145245484]
    [0.55363516560298365, 0.26137881841849731, -0.79067686049948427, -31901.937302828053]
    [-0.74394244673194276, 0.5818979234254138, -0.32855003226768309, -9627.466379387246]
  #5 data/objects/space/3d/asteroid/angular_smooth_01/angular_smooth_01_01400_01.cgf
    [-0.023650320952574119, -1.0044572706571522, -0.44777763046514296, 15421.566219790617]
    [-0.95970931204511534, -0.1998582810110747, 0.49901228089831889, -11406.999477744384]
    [-0.53702630409960794, 0.40139856942624513, -0.87205532494781091, 22817.117594317755]
  #6 data/objects/space/3d/asteroid/angular_smooth_01/angular_smooth_01_03400_01_lp.cgf
    [0.35331766317796359, 0.75165748514870634, 0.21218937169287957, 6029.9444055596223]
    [-0.7620937234818892, 0.28080662440365528, 0.27423980723732982, -2419.5614998307765]
    [0.17095748322026266, -0.30167091385146894, 0.78397377138527202, 21506.429834856986]
  #7 data/objects/space/3d/asteroid/angular_smooth_01/angular_smooth_01_03900_column_01.cgf
    [-0.48849202668871755, 0.30610507596260272, -1.0524634483352431, 21606.103518575892]
    [0.054538591442829021, -1.1440399477240157, -0.35805338680886178, -32775.304671743725]
    [-1.0947169358584043, -0.19358814073127886, 0.45179923623577001, -4233.7541190425154]
  #8 data/objects/space/3d/asteroid/angular_smooth_01/angular_smooth_01_01300_cluster_01.cgf
    [0.26205708742025779, -0.58651823495168132, 0.76636978954648804, 26660.582283066375]
    [-0.14486101040690652, 0.7612177846788154, 0.6321099455633642, -27934.819731651947]
    [-0.95411822219484621, -0.27666596408917649, 0.11451887930775877, -7565.5414063126573]
  #9 data/objects/space/3d/asteroid/angular_smooth_01/angular_smooth_01_01400_01.cgf
    [0.63957333403386052, -0.27200498324657357, -0.85261962430383309, 20483.5460210741]
    [-0.24568924871997155, -1.0610647713857053, 0.15420547413689228, -31446.36437110461]
    [-0.86057174466885344, 0.10077610966592734, -0.67768830022686199, -1675.9995385414541]
  #10 data/objects/space/3d/asteroid/angular_smooth_01/angular_smooth_01_03500_cluster_01.cgf
    [0.55728426836062772, -0.26151381374847288, 0.78806428831890651, 21897.391027030561]
    [-0.83014899964450395, -0.19486202065234906, 0.52238107198060724, -30821.650770231216]
    [0.016953928573784152, -0.94532527269353572, -0.32568887942314284, -5582.1637330059475]
  #11 data/objects/space/3d/asteroid/angular_smooth_01/angular_smooth_01_00800_cluster_01.cgf
    [0.37466325856533644, -0.52621168619884173, 0.76336495368116142, 28624.046546473051]
    [-0.016314993958794589, -0.82695044428596209, -0.56203570365862021, -25723.908301230076]
    [0.92701597190824847, 0.19812009621108023, -0.31841351074347302, -8331.9812560612427]
  #12 data/objects/space/3d/asteroid/angular_smooth_01/angular_smooth_01_03400_01.cgf
    [0.52044006878016036, -0.58349736292101584, 0.35145347737604254, 7504.4860810659957]
    [0.60556668287827276, 0.59885543773261196, 0.09750764981927007, -2975.8725491888099]
    [-0.31189375095262439, 0.18907558448856426, 0.77577013087279945, 21319.679915297169]
  #13 data/objects/space/3d/asteroid/angular_smooth_01/angular_smooth_01_02200_column_01.cgf
    [-1.5493581019037341, 0.40252415041163736, -0.27942365158657945, 5153.041331630202]
    [-0.48953072159230898, -1.3122164530139984, 0.82405184892821171, -142.56725176775512]
    [-0.021516071851102894, 0.8698713039525332, 1.3723974533193166, 25127.135422752333]
  #14 data/objects/space/3d/asteroid/angular_smooth_01/angular_smooth_01_02200_column_01.cgf
    [-0.83779807782780413, 0.92013640879364866, 0.11807754464894321, 6924.8325962355693]
    [-0.49586876472143782, -0.57864769118528936, 0.99084809845380839, -4658.9394011590348]
    [0.78403283446015903, 0.6172639429354515, 0.7528457184510694, 20617.675582491534]
  #15 data/objects/space/3d/asteroid/angular_smooth_01/angular_smooth_01_01300_cluster_01.cgf
    [-0.15695519244409661, 0.26965600838631032, 0.95007881505307201, 20514.241141974671]
    [-0.64483930029067438, 0.70065466437822421, -0.30539215476551118, -17187.833326537795]
    [-0.7480283380140893, -0.66058135648294736, 0.063913434438146788, 17735.784206627548]
  #16 data/objects/space/3d/asteroid/angular_smooth_01/angular_smooth_01_00900_cluster_01.cgf
    [-0.38699536302334514, -0.74249011553192212, 0.54675781451896976, 689.99746830594336]
    [-0.91914604554518997, 0.26334595785046694, -0.29295143598248063, -29727.90526461682]
    [0.07352704508415063, -0.61592079460183102, -0.78437009046749118, 3860.2965208362548]
  #17 data/objects/space/3d/asteroid/angular_smooth_01/angular_smooth_01_03500_cluster_01.cgf
    [-0.56083296557201689, 0.63499576838796501, 0.53127117037251359, 3573.4751695219475]
    [-0.17310320462888479, 0.53757084890636708, -0.82526066219419669, -33209.662413612401]
    [-0.80963199225747795, -0.55479748931242601, -0.19156743088980802, 840.16654516239714]
  #18 data/objects/space/3d/asteroid/angular_smooth_01/angular_smooth_01_03900_column_01.cgf
    [-0.41451216026458726, -0.82163842664987785, -0.77012415928406996, 14443.593134633857]
    [-0.001760256186128227, -0.82016417649569195, 0.87597310515745852, -13885.521820056521]
    [-1.126134017938736, 0.30371413420082072, 0.28210131902510038, 21245.873148479604]
  #19 data/objects/space/3d/asteroid/angular_smooth_01/angular_smooth_01_03500_cluster_01.cgf
    [-0.39000286597653555, -0.47364280256510227, 0.78965754935029442, 15968.303586900407]
    [-0.80711689872249071, -0.23695436051186713, -0.54075292691630372, -13796.351070724362]
    [0.44323680066554216, -0.84824165881559743, -0.2898724062809131, 19405.462374360697]
  #20 data/objects/space/3d/asteroid/angular_smooth_01/angular_smooth_01_02200_column_01.cgf
    [-0.62671632530061583, -0.66379234454213454, -0.85387565327668957, 6550.7984155292343]
    [-0.35452672212169906, 1.0584352682155114, -0.56260363190166662, -3393.4060098094587]
    [1.0217801677626557, -0.039896950441838566, -0.71893725904428218, 18184.043875089177]
  #21 data/objects/space/3d/asteroid/angular_smooth_01/angular_smooth_01_03900_column_01.cgf
    [-0.58564496085213602, -0.68760660536652807, 0.42920453933179553, 8172.67224758254]
    [-0.607975723712187, 0.022432553117844832, -0.79363826800089243, -27196.161829105396]
    [0.53608292241344668, -0.72573641035511904, -0.4311857644678494, -5989.6964599433468]
  #22 data/objects/space/3d/asteroid/angular_smooth_01/angular_smooth_01_01400_01.cgf
    [0.41894852545303291, -0.89502396730394385, -0.15301930583978737, 1574.8661042223534]
    [-0.83586878658188668, -0.44597600618208377, 0.32004601312226033, -25530.490274054995]
    [-0.35469167121079376, -0.0061787416873223359, -0.93496327121032252, 3778.5509748449276]
  #23 data/objects/space/3d/asteroid/angular_smooth_01/angular_smooth_01_01400_01.cgf
    [0.59050923569325608, -0.45597050601497507, 0.66587474840000305, 9686.9929630447205]
    [-0.66259056933372629, 0.19711800429327989, 0.7225771032663546, -26717.868540533884]
    [-0.46072987784853736, -0.86789102448362454, -0.18572180709273123, -4371.6389995940244]
  #24 data/objects/space/3d/asteroid/angular_smooth_01/angular_smooth_01_01400_01.cgf
    [-0.39885630084303347, -0.76954295081724311, 0.4987146132754372, 5468.2144796668426]
    [0.58863351487839977, -0.63186779278340355, -0.50423471218679272, -25628.043490887689]
    [0.70315233328837046, 0.092442991403820576, 0.70500358644520444, -4758.6794940513319]
  #25 data/objects/space/3d/asteroid/angular_smooth_01/angular_smooth_01_05100_01.cgf
    [0.63951883510963192, 0.97997138008433882, 0.43951276741548778, 7187.2573368470557]
    [-1.0724100046601404, 0.61062883538143742, 0.19891939641762349, -3688.4676536204793]
    [-0.058755088379320274, -0.47884051476656664, 1.1531519067205465, 20074.619794187311]
  #26 data/objects/space/3d/asteroid/angular_smooth_01/angular_smooth_01_01300_cluster_01.cgf
    [0.78823773656041607, -0.36097650372465551, 0.49837471325901139, 19802.720482716013]
    [0.56303231345160798, 0.74989746114180533, -0.34734497574827644, -11964.195884991997]
    [-0.24834654228840863, 0.55439145188843253, 0.79433886559930666, 18788.925697287585]
  #27 data/objects/space/3d/asteroid/angular_smooth_01/angular_smooth_01_03500_cluster_01.cgf
    [-0.64507927481914484, 0.14899271092486269, 0.74945022296741837, 17680.156963605841]
    [0.57801640573100388, 0.7366455459877318, 0.35107279828846644, -32055.457829529012]
    [-0.49977144708402887, 0.65966373788737465, -0.56131451879658267, -2544.5851470718644]
  #28 data/objects/space/3d/asteroid/angular_smooth_01/angular_smooth_01_01300_cluster_01.cgf
    [-0.10115965140012295, -0.66801663304364978, 0.73723966371630067, 22285.574640439831]
    [0.98523683062616807, -0.17014662978732301, -0.018982381320888815, -26631.655854806162]
    [0.13811926497488178, 0.72443475979547944, 0.67536594990697996, -4726.0280104234025]
  #29 data/objects/space/3d/asteroid/angular_smooth_01/angular_smooth_01_03500_cluster_01.cgf
    [0.35423583345938214, 0.44628985942925242, -0.82179251226048877, 15532.432265714469]
    [-0.80659025856514799, -0.29886986954548755, -0.50998975814139791, -33126.202472875622]
    [-0.47321213702164822, 0.84350622996628311, 0.25410255985905283, -2532.5560518113207]
  #30 data/objects/space/3d/asteroid/angular_smooth_01/angular_smooth_01_03400_01.cgf
    [-0.37881649115129928, 0.90798700168289437, 0.61704533087283253, 8371.9403441763316]
    [-0.97737641196254332, -0.57619237694054959, 0.24784060127441349, -3027.1111683467107]
    [0.49992067862440004, -0.43846233484273822, 0.95211205514540787, 22841.201266394222]
  #31 data/objects/space/3d/asteroid/angular_smooth_01/angular_smooth_01_02200_column_01.cgf
    [0.24371601724544914, -0.28250643946585602, -0.92778940104373586, 18273.02065042418]
    [0.95450516834165156, 0.23935073102319135, 0.17785294278839697, -28414.708967557726]
    [0.17182242181346663, -0.92892513008839528, 0.3279873719263694, -3986.3575513616734]
  #32 data/objects/space/3d/asteroid/angular_smooth_01/angular_smooth_01_01700_column_01.cgf
    [-0.5899940087697072, 1.8249287572286377, 0.83473091436372382, 7897.7252760998608]
    [-1.9905077647707969, -0.64273591738164637, -0.0017255820601222347, -3401.3094630484029]
    [0.25498922867784735, -0.7948327939171993, 1.9179298531778379, 25020.813020448171]
  #33 data/objects/space/3d/asteroid/angular_smooth_01/angular_smooth_01_03400_01.cgf
    [0.69946164917943832, -0.89532923711401236, 0.24047489939972025, 7802.2137121851993]
    [0.63515068709464095, 0.6822479742857368, 0.69268356773601825, -699.30952410971054]
    [-0.67529713812193137, -0.28567897629530559, 0.90058343116697426, 22152.795288490786]
  #34 data/objects/space/3d/asteroid/angular_smooth_01/angular_smooth_01_03400_01.cgf
    [0.58584003009392682, -0.97808462203664392, 0.51248247660109381, 9630.2839512041555]
    [1.0311403177399836, 0.69211927058789313, 0.14218620875519761, -2310.8150460914239]
    [-0.39501577413926248, 0.35611479183618105, 1.131212248326918, 24683.620154979748]
  #35 data/objects/space/3d/asteroid/angular_smooth_01/angular_smooth_01_03500_cluster_01.cgf
    [-0.56802660813801575, 0.1435416847768386, -0.81039535861742606, 11253.90285046719]
    [-0.82103874601574323, -0.16693701933105032, 0.54591802425618763, -8436.4971258314727]
    [-0.056923018877567275, 0.97546240132478201, 0.21267805155580366, 21447.547175700736]
  #36 data/objects/space/3d/asteroid/angular_smooth_01/angular_smooth_01_03500_cluster_01.cgf
    [0.045854485180774042, 0.8104900289163004, 0.58395491390634857, 13274.626601483631]
    [0.58264822993402288, 0.45313735064101207, -0.67467595471315345, -9724.9360847072312]
    [-0.81142989136638688, 0.37117720396140913, -0.45145218674388321, 21573.846655541238]
  #37 data/objects/space/3d/asteroid/angular_smooth_01/angular_smooth_01_03900_column_01.cgf
    [0.34721646932617961, -0.83761028091797429, 0.42172335471786271, 16.022000532773745]
    [0.0033766015308109255, -0.44858194515464822, -0.89373580225292981, -26900.394598182989]
    [0.93777938193163435, 0.31174364944148919, -0.15292669826468347, 4691.4680641809446]
  #38 data/objects/space/3d/asteroid/angular_smooth_01/angular_smooth_01_02200_column_01.cgf
    [-0.83779764599839956, 0.9201359345242891, 0.11807757387376254, 5276.4779253547658]
    [-0.49586875022156213, -0.57864767426484542, 0.9908473135235577, -735.78481842930137]
    [0.78403229143225139, 0.61726337827564226, 0.75284569131163581, 19624.21603031037]
  #39 data/objects/space/3d/asteroid/angular_smooth_01/angular_smooth_01_03400_01.cgf
    [0.82309373033561906, 0.10927646065603765, -0.18186656583593172, 10747.174369033424]
    [0.18359019968306811, -0.0015969294049912079, 0.82993503958868819, -29932.513580681392]
    [0.10635521239129281, -0.84294494867887759, -0.025148833655620425, -7868.7807417841559]
  #40 data/objects/space/3d/asteroid/angular_smooth_01/angular_smooth_01_01300_cluster_01.cgf
    [0.75675485656176411, -0.46832561007040546, -0.45606310570971348, 12.222562176934161]
    [0.49088664788959518, 0.8678459724724833, -0.076642112146191502, -25546.622738829283]
    [0.43168591865049682, -0.16587596987718051, 0.8866412897127024, 3880.7567134586379]
  #41 data/objects/space/3d/asteroid/angular_smooth_01/angular_smooth_01_00900_cluster_01.cgf
    [0.083288842692976803, -0.92921393000263552, 0.36003433820136538, 21037.83589310871]
    [-0.20286786092328538, 0.3379137513583288, 0.91905343226578806, -30811.378276099989]
    [-0.97565766711457169, -0.14958627157654569, -0.16036317429058586, -6479.7052379444794]
  #42 data/objects/space/3d/asteroid/angular_smooth_01/angular_smooth_01_03400_01.cgf
    [-0.6318508414833599, 0.49028825151006578, 0.30859405469357232, 7300.3028692510115]
    [-0.22379469259301532, -0.6277596395128382, 0.53914943810613059, -2014.6662472630471]
    [0.53434894566024449, 0.31683372843521729, 0.59070799794980844, 21109.702156666412]
  #43 data/objects/space/3d/asteroid/angular_smooth_01/angular_smooth_01_02200_column_01.cgf
    [1.2070220602340695, -0.29282419723557879, -0.14088367096444671, 4242.8358048394111]
    [-0.3127093199628212, -1.1940599185037055, -0.19730754003354969, -6021.0335786801334]
    [-0.08835779784189704, 0.22576840713226409, -1.2262617987298909, 18733.596768907959]
  #44 data/objects/space/3d/asteroid/angular_smooth_01/angular_smooth_01_01700_column_01.cgf
    [-0.37025661913807811, 1.1938977927350705, -0.003460488887003461, 7276.1004275938094]
    [-0.3099278472455852, -0.09961419627185196, -1.2068618893226351, -2641.4136720209822]
    [-1.1529738262348923, -0.35662157940877587, 0.32552462827539291, 20178.899679877879]
  #45 data/objects/space/3d/asteroid/angular_smooth_01/angular_smooth_01_03500_cluster_01.cgf
    [-0.37407340201048489, 0.29310175196981675, 0.29698657981799048, 5359.1267668236615]
    [0.36952719584200822, 0.047448098944300313, 0.41861546212625178, 1394.3235382383061]
    [0.19380226297158062, 0.47526899392897209, -0.22494586452810914, 27500.162665043292]
  #46 data/objects/space/3d/asteroid/angular_smooth_01/angular_smooth_01_01700_column_01.cgf
    [-0.096136302893161829, 1.5765316246668111, 0.18207767391732202, 24784.705366939688]
    [-1.5743637712029124, -0.071757258862778922, -0.20994295266078211, -8056.2019634975877]
    [-0.19995739255516795, -0.19299057975354267, 1.5654450194550473, 3480.1006930745343]
  #47 data/objects/space/3d/asteroid/angular_smooth_01/angular_smooth_01_03500_cluster_01.cgf
    [-0.61178727711822634, -0.63105545038079125, -0.47695526482876155, 11685.033353300945]
    [0.22363275929881418, -0.71634515675919386, 0.6609379576805644, -27554.454346449445]
    [-0.75875272327127508, 0.29769046588571418, 0.57937524109689165, -9081.2784812550108]
  #48 data/objects/space/3d/asteroid/angular_smooth_01/angular_smooth_01_03400_01_lp.cgf
    [0.87692664606477733, 1.2075876406729074, 0.38127810957219932, 7060.3154673601866]
    [-1.2504455035722883, 0.75246272179732143, 0.49277494277260253, -1540.8241876189959]
    [0.20006736200778863, -0.59006202362356475, 1.4087019231405331, 25333.701564793406]
  #49 data/objects/space/3d/asteroid/angular_smooth_01/angular_smooth_01_00900_cluster_01.cgf
    [0.02499042540553191, -0.10215173310581056, 0.9944553656479711, 2395.7998021507028]
    [0.29647855898209274, -0.94925498049205104, -0.10495912670867485, -30469.441796631836]
    [0.95471300132891368, 0.29745752241122625, 0.0065635096573818377, 4046.5183805637621]
  #50 data/objects/space/3d/asteroid/angular_smooth_01/angular_smooth_01_05100_01.cgf
    [-0.67345143819811726, -1.0207709714674957, 0.25881647322834911, 6723.3283375524643]
    [1.0503050623823091, -0.6733334803926676, 0.077314181962682041, -4764.1407300448682]
    [0.07627987243794411, 0.25912319581189647, 1.220464146572626, 24360.793501160031]
  #51 data/objects/space/3d/asteroid/angular_smooth_01/angular_smooth_01_01400_01.cgf
    [-0.32269906484814176, -0.69338910199939063, 0.47442523494160693, 17294.813656777471]
    [-0.26702485756505034, -0.39722014620304008, -0.76217866518788457, -36898.430934123549]
    [0.79659618111266706, -0.41404123641697771, -0.063299411986217885, 1459.37433533785]
  #52 data/objects/space/3d/asteroid/angular_smooth_01/angular_smooth_01_02200_column_01.cgf
    [-0.72033457959193137, 0.46351178126314946, 0.84040509326231039, 26890.366984101653]
    [0.62513330807711975, -0.57071453809683337, 0.85058748041828713, -27889.725303053732]
    [0.72823913605595747, 0.94839208312914292, 0.10112376615461031, -8720.0707891285183]
  #53 data/objects/space/3d/asteroid/angular_smooth_01/angular_smooth_01_02200_column_01.cgf
    [0.27099130243857594, -0.053296962750549758, 1.1677867808117448, 20460.741980520834]
    [1.1388818985261808, -0.25832949473366401, -0.27607374202284962, -17801.461451534364]
    [0.26365612620702322, 1.1706528621186825, -0.0077550758403783834, 16731.608794992506]
  #54 data/objects/space/3d/asteroid/angular_smooth_01/angular_smooth_01_03900_column_01.cgf
    [-0.60633261653526838, -0.25719430839921587, 0.45410408896778759, 20219.719505455996]
    [-0.51570620662840472, 0.18851732080633948, -0.58181354914238703, -13441.329756519463]
    [0.080040891643936699, -0.73369679381047359, -0.30867644578392262, 17954.560983533662]
  #55 data/objects/space/3d/asteroid/angular_smooth_01/angular_smooth_01_01700_column_01.cgf
    [1.0138582822577584, 0.72467089902832449, 0.097174525752806717, 5949.6427114988783]
    [-0.73091715705329996, 1.0087906166923788, 0.10296124540324494, -3731.4916906666772]
    [-0.01873258868722685, -0.14033173779065555, 1.2419563238480593, 22548.232362378149]
  #56 data/objects/space/3d/asteroid/angular_smooth_01/angular_smooth_01_03400_01.cgf
    [0.41712562352691657, -0.4546368743144395, -0.58464756520453509, 1835.847688727441]
    [0.1403175344732196, -0.61033313091409325, 0.57472228738467324, -30345.979054654883]
    [-0.7271990460014035, -0.37854990504675945, -0.22446105602632205, 3122.1289632557759]
  #57 data/objects/space/3d/asteroid/angular_smooth_01/angular_smooth_01_01700_column_01.cgf
    [-0.13631738594524803, 0.48076618958156336, -0.016781981281625242, 32286.374693045276]
    [-0.38343372484731519, -0.11912087832835776, -0.29797481210238597, -20201.034985092974]
    [-0.29051048619667053, -0.068368713260987451, 0.40116027982374958, 9490.5421289254082]
  #58 data/objects/space/3d/asteroid/angular_smooth_01/angular_smooth_01_00800_cluster_01.cgf
    [-0.27938700618000301, -0.38258324214021833, -0.40767356339986566, 7442.0131602302572]
    [0.5182792383561633, -0.0063332235110362452, -0.34924388620676655, -4133.5982173692009]
    [0.20965281431600333, -0.49418086142355688, 0.32008708867422492, 25856.23326431006]
  #59 data/objects/space/3d/asteroid/angular_smooth_01/angular_smooth_01_03500_cluster_01.cgf
    [-0.92944285641713109, 0.2373216080247986, -0.28251894633862196, 270.16866430716186]
    [-0.33768655835930766, -0.23858317648183489, 0.91052093892665675, -29624.541746040333]
    [0.14868183809466168, 0.94167884455633744, 0.30188936509329267, 878.67505238186391]
  #60 data/objects/space/3d/asteroid/angular_smooth_01/angular_smooth_01_00800_cluster_01.cgf
    [-0.07854771602013802, 0.11136625015555265, -0.48106964752230108, 28812.943767975667]
    [0.2737150743953175, 0.41525215880357963, 0.051438252212266805, -22746.252856557545]
    [0.41098723275754678, -0.25527121668566133, -0.12619941194409987, 9953.4103512887232]
  #61 data/objects/space/3d/asteroid/angular_smooth_01/angular_smooth_01_01300_cluster_01.cgf
    [-0.9124640459803498, 0.37359389675900534, -0.1668309624197539, 26162.296963302826]
    [-0.35229464444022135, -0.51002965799063282, 0.78469983840510993, -8389.9371432538919]
    [0.20807078895466727, 0.77478574664141142, 0.59700016625575769, 3687.7422183767176]
  #62 data/objects/space/3d/asteroid/angular_smooth_01/angular_smooth_01_00800_cluster_01.cgf
    [-0.03037950418086581, 0.054660805665289643, 0.49607349663800526, 24389.770994694165]
    [-0.45854524945252217, 0.19313028796482776, -0.04936170673769065, -7778.1951552834526]
    [-0.19701008082623539, -0.45794379590901224, 0.038394529013858827, 4238.5853164422342]
  #63 data/objects/space/3d/asteroid/angular_smooth_01/angular_smooth_01_02200_column_01.cgf
    [0.21440189646921778, 0.3593777208205709, -0.54330658296177792, 29254.976985640798]
    [-0.59319603321633152, -0.12863525876462886, -0.31917706512272248, -21127.566830469314]
    [-0.2691706809594992, 0.56973957779125506, 0.27064094393020199, 8598.8169730946356]
  #64 data/objects/space/3d/asteroid/angular_smooth_01/angular_smooth_01_00800_cluster_01.cgf
    [0.044883601069747266, -0.41569787645783063, -0.2741917629021296, 28676.765591952972]
    [0.26691740362751748, -0.21233382633433234, 0.36560884947561406, -23649.182098955069]
    [-0.42040569331976507, -0.17919265242355079, 0.2028532260568113, 11670.137480117904]
  #65 data/objects/space/3d/asteroid/angular_smooth_01/angular_smooth_01_03400_01.cgf
    [0.25238568294691582, -0.96581533417793408, 0.059174274118228225, 25720.687049198394]
    [0.96398855663785665, 0.25626407221411734, 0.071092723753800394, -6773.1237050744185]
    [-0.083826708881569525, 0.039100549436523038, 0.99571261783663312, 3634.7615358389166]
  #66 data/objects/space/3d/asteroid/angular_smooth_01/angular_smooth_01_01300_cluster_01.cgf
    [0.31263757378213425, -0.074803635951690858, -0.94692279523137068, 28963.292623593872]
    [-0.86498706602897313, -0.43434970384627186, -0.25127341083371696, -21343.393074242518]
    [-0.39249934991407853, 0.89763320317255868, -0.20049815335798679, 8842.117957631177]
  #67 data/objects/space/3d/asteroid/angular_smooth_01/angular_smooth_01_01300_cluster_01.cgf
    [-0.89560510213914934, -0.20716270062874612, 0.3936670468978164, 28744.420396712794]
    [0.18781507368350189, 0.62611585699702843, 0.75677147081325424, -23704.765888176462]
    [-0.40325627886283899, 0.75170551175829481, -0.52184463633596501, 11387.861569672486]
  #68 data/objects/space/3d/asteroid/angular_smooth_01/angular_smooth_01_01300_cluster_01.cgf
    [-0.87792767539102334, -0.45599521494626677, 0.14598403906033255, 31685.646001482415]
    [0.22926791239319722, -0.66804581283791342, -0.70792018987195415, -19707.844168153937]
    [0.42033224960871846, -0.58803327697298413, 0.69104098579102724, 7886.7958373836118]
  #69 data/objects/space/3d/asteroid/angular_smooth_01/angular_smooth_01_00900_cluster_01.cgf
    [-0.31671902006121816, -0.37614737659465081, -0.090562226239401564, 27176.198309301166]
    [-0.33245033197558255, 0.32445419683636945, -0.18494743667757158, -4282.392285976046]
    [0.19790185069826802, -0.056937936784198062, -0.45562290576086273, 18002.927130391956]
  #70 data/objects/space/3d/asteroid/angular_smooth_01/angular_smooth_01_00800_cluster_01.cgf
    [0.47235422110567632, -0.01987406312760481, 0.16274622482570725, 26993.349537420934]
    [0.16234471714352863, 0.12608814527536499, -0.45579139385597861, -7845.4887882050107]
    [-0.022923893556883988, 0.48343212916849881, 0.1255694782515808, 4165.8533905709264]
  #71 data/objects/space/3d/asteroid/angular_smooth_01/angular_smooth_01_00900_cluster_01.cgf
    [-0.18753497825190688, -0.45591613725307623, 0.083493878083715597, 31939.534615019293]
    [-0.35107701497500388, 0.19853026082244557, 0.29551782526131992, -20416.376104247494]
    [-0.3026147409520315, 0.052214282367693758, -0.39458599471918537, 10428.882880513427]
  #72 data/objects/space/3d/asteroid/angular_smooth_01/angular_smooth_01_02200_column_01.cgf
    [-0.27486352942766218, 0.58796248414370977, 1.0093327458209593, 4885.4616197933174]
    [0.99851179136792478, 0.65634155192706611, -0.11041921965644803, -34805.556742140951]
    [-0.60615730387923006, 0.81456633788162325, -0.63957598336736698, 1930.3300138738323]
  #73 data/objects/space/3d/asteroid/angular_smooth_01/angular_smooth_01_03400_01.cgf
    [-0.039042681661829948, -0.8236731377542591, -0.42801916973179949, 30421.840014963513]
    [0.7191557136236274, 0.24402230560489369, -0.53519188375474791, -20773.748522645004]
    [0.58690110502395276, -0.35380482616340575, 0.62732082415008183, 9910.5033383246337]
  #74 data/objects/space/3d/asteroid/angular_smooth_01/angular_smooth_01_00900_cluster_01.cgf
    [-0.18753497825190688, -0.45591613725307623, 0.083493878083715597, 28607.319439398703]
    [-0.35107701497500388, 0.19853026082244557, 0.29551782526131992, -23957.371155320907]
    [-0.3026147409520315, 0.052214282367693758, -0.39458599471918537, 11063.490537483298]
  #75 data/objects/space/3d/asteroid/angular_smooth_01/angular_smooth_01_01700_column_01.cgf
    [-0.010252230200285735, -1.4109594001280963, -0.73276241134153097, 30405.806953043229]
    [1.5157506807972265, 0.21248373758075054, -0.430351976218805, -20804.532565046029]
    [0.4798406547465906, -0.7013533495769797, 1.3437666142595166, 11785.22878676146]
  #76 data/objects/space/3d/asteroid/angular_smooth_01/angular_smooth_01_03400_01.cgf
    [-0.18696931240153392, 0.60276730023538949, -0.26835990699549533, 31153.009470858335]
    [-0.52590661638912739, -0.30458600834913147, -0.31773035116537945, -20275.747061292161]
    [-0.39845663346696863, 0.11917183803431125, 0.54528283116313792, 8823.1837170160488]
  #77 data/objects/space/3d/asteroid/angular_smooth_01/angular_smooth_01_00800_cluster_01.cgf
    [-0.22149815381418198, -0.023639883725095148, 0.44763761049110146, 26504.711015868597]
    [0.35941482402368924, 0.2890161169499979, 0.19310715933640507, -4302.5466197969108]
    [-0.26787918676287553, 0.40732118360382297, -0.11104008852054884, 17629.908953255519]
  #78 data/objects/space/3d/asteroid/angular_smooth_01/angular_smooth_01_03900_column_01.cgf
    [0.11043209823829818, 0.32892436326893648, -1.1487446308445004, 35873.958667845196]
    [-0.87753335530144383, -0.76067779978584038, -0.30216751515280221, -20088.182158226176]
    [-0.81101212936634437, 0.86785872129532338, 0.17053233669767578, 24975.007259974682]
  #79 data/objects/space/3d/asteroid/angular_smooth_01/angular_smooth_01_00800_cluster_01.cgf
    [0.047142351192359253, 0.1278654172269145, -0.48107003928560721, 30541.987776588277]
    [0.49724286588041389, 0.010198795773683381, 0.051437980059599438, -21381.433418989207]
    [0.02296693170411139, -0.48326676746799596, -0.12619865453302148, 12461.395426774965]
  #80 data/objects/space/3d/asteroid/angular_smooth_01/angular_smooth_01_01300_cluster_01.cgf
    [0.69057028937871112, -0.35460594506051313, 0.63037000602885218, 42047.504999880359]
    [-0.6437270146990649, 0.096004081213951528, 0.75920866188589176, -17404.040210705389]
    [-0.32973815569282361, -0.93007359142364465, -0.16197193757651307, 21132.949177144121]
  #81 data/objects/space/3d/asteroid/angular_smooth_01/angular_smooth_01_03500_cluster_01.cgf
    [0.45404138525523302, 0.22826967654749625, 0.8612420931344984, 36842.459498038254]
    [-0.32617622007760189, -0.85693515788003483, 0.39908617664270024, -19631.328823247713]
    [0.82912849527300547, -0.46211866192602757, -0.31462811121751461, 22836.527950298132]
  #82 data/objects/space/3d/asteroid/angular_smooth_01/angular_smooth_01_00800_cluster_01.cgf
    [-0.14768760040963491, -0.34250354931337673, 0.33298581729657101, 28560.593334145251]
    [-0.25966058171615791, -0.23498817355150312, -0.35687085019855175, -23809.583074678721]
    [0.40095463348831939, -0.27833745728225284, -0.10845969244645473, 11199.724969067298]
  #83 data/objects/space/3d/asteroid/angular_smooth_01/angular_smooth_01_01300_cluster_01.cgf
    [0.74110632846963664, -0.67054489570024411, 0.033626368096623956, 29013.900762739795]
    [0.19829781709610217, 0.17076445004735466, -0.96515141724690612, -20522.556782360363]
    [0.64143523875442143, 0.72194793810159152, 0.25952223225320209, 11597.219143733464]
  #84 data/objects/space/3d/asteroid/angular_smooth_01/angular_smooth_01_01700_column_01.cgf
    [0.26482988966321475, -1.5661596203093355, -0.069693735219392428, 26652.83248962654]
    [1.1366422260917417, 0.14314170443130189, 1.1024531490240548, -5336.4415099064408]
    [-1.0797025622279142, -0.23345778984725085, 1.1434980896151323, 16540.204573885097]
  #85 data/objects/space/3d/asteroid/angular_smooth_01/angular_smooth_01_02200_column_01.cgf
    [0.15578031680134394, 0.21432286607059672, -0.96425986361392257, 32970.72255539964]
    [0.81970620046604747, -0.57276033187378694, 0.0051214987580029498, -18292.684695519634]
    [-0.5511924531549498, -0.79120805981189113, -0.2649067161736634, 20670.032089866025]
  #86 data/objects/space/3d/asteroid/angular_smooth_01/angular_smooth_01_03500_cluster_01.cgf
    [-0.98297840047479601, 0.10080263928079106, 0.15359566131774927, 22551.266465379689]
    [0.12895439929495925, -0.21691191481885777, 0.96763594351062188, -2873.497149214023]
    [0.1308570294790701, 0.97097239105200195, 0.20022084984404209, 14553.127238544628]
  #87 data/objects/space/3d/asteroid/angular_smooth_01/angular_smooth_01_00800_cluster_01.cgf
    [0.49635204039572517, 0.059761143451889862, -0.0079286958053742564, 26913.055416911433]
    [0.041679538820813634, -0.38769690001162721, -0.31297529655535067, -4296.0647521013989]
    [-0.043555419037541218, 0.31003116930971319, -0.38985023536964447, 18294.198731621658]
  #88 data/objects/space/3d/asteroid/angular_smooth_01/angular_smooth_01_00900_cluster_01.cgf
    [-0.30715179349227417, -0.92935022281405943, -0.20485187451254877, 23027.37477657061]
    [0.73156892501747561, -0.36825443328937302, 0.57375424328963798, -7525.8927522401791]
    [-0.60865674652025492, 0.026366400959333829, 0.79299440678809185, 11780.635176775409]
  #89 data/objects/space/3d/asteroid/angular_smooth_01/angular_smooth_01_03400_01.cgf
    [-0.10293929308814788, 0.91448174341719424, -0.3913160852878792, 29617.411050676903]
    [-0.83656188794130881, -0.29242266123162713, -0.46330856947843674, -21998.873458216924]
    [-0.53811647929835305, 0.27966723773930219, 0.79512170549714156, 11079.350849659715]
  #90 data/objects/space/3d/asteroid/angular_smooth_01/angular_smooth_01_02200_column_01.cgf
    [-0.84215975319591796, -0.74659753870717238, -0.65065731412820405, 29470.946843955018]
    [0.87188498825362259, -0.96400886089575699, -0.022346330964865851, -20118.364794560581]
    [-0.46965880433578239, -0.45086018503079534, 1.1252295659993237, 11933.18751959473]
  #91 data/objects/space/3d/asteroid/angular_smooth_01/angular_smooth_01_03500_cluster_01.cgf
    [-0.16013591828203375, -0.12731687763812868, 0.3989150145643699, 29101.325358443668]
    [0.2949955347801817, -0.33741482993172645, 0.010731053179563065, -20921.899355658657]
    [0.29718750080743345, 0.26632298757536077, 0.20429866410040431, 13232.076301836463]
  #92 data/objects/space/3d/asteroid/angular_smooth_01/angular_smooth_01_03500_cluster_01.cgf
    [0.51713403506559652, -0.03145715478251989, -0.8553257956186755, 29736.238543315245]
    [-0.71405927603221442, 0.53511955586811089, -0.4514042431134459, -21334.639531055946]
    [0.47190159943581617, 0.84419007800462897, 0.25426634088965472, 24149.552080787173]
  #93 data/objects/space/3d/asteroid/angular_smooth_01/angular_smooth_01_01300_cluster_01.cgf
    [-0.12762522545710209, -0.94134130626179946, 0.31239183955501243, 36882.064345430997]
    [0.69376817616312492, 0.14036109972177185, 0.70638855730850991, -16207.571829334631]
    [-0.70880027796166023, 0.30688046741106806, 0.63515892432622656, 20245.006322175857]
  #94 data/objects/space/3d/asteroid/angular_smooth_01/angular_smooth_01_00400_01.cgf
    [-0.88695637631771784, -0.45436929813518145, -0.082817281357104838, 31745.629325438735]
    [0.43513111118881614, -0.76197993079881099, -0.47963452315833338, -19924.09456177038]
    [0.15482595794899953, -0.46145086481864817, 0.87355240070255236, 8128.4617256360725]
  #95 data/objects/space/3d/asteroid/angular_smooth_01/angular_smooth_01_01300_cluster_01.cgf
    [0.9569758255980102, -0.2690840771139491, 0.10858567999479515, 25336.254389663263]
    [0.28968503458861616, 0.90753528314444798, -0.30407583234862573, -4774.629828575411]
    [-0.016723372614098328, 0.32244889599260784, 0.94643904162748338, 16483.20083096415]
  #96 data/objects/space/3d/asteroid/angular_smooth_01/angular_smooth_01_02200_column_01.cgf
    [-0.92857925276545816, -0.90642359854209553, -0.078281675541237522, 25910.736025361886]
    [0.42346274186984173, -0.52960234679654528, 1.1091401398838967, -4498.793801084912]
    [-0.80523975744347187, 0.76675211356708506, 0.67355127403842796, 16202.092305595534]
  #97 data/objects/space/3d/asteroid/angular_smooth_01/angular_smooth_01_03500_cluster_01.cgf
    [0.0015260810990472399, -0.0076497643465969359, 0.44824659575808068, 26130.784480480172]
    [0.44042960993060348, 0.083711481312091385, -7.0849836528251114E-05, -3766.0698723348542]
    [-0.08369759972450283, 0.44036317674024972, 0.0078001793812705915, 17574.715044005097]
  #98 data/objects/space/3d/asteroid/angular_smooth_01/angular_smooth_01_00800_cluster_01.cgf
    [0.18246813699385195, -0.010550263768163103, 0.46539647048629063, 33190.608971999303]
    [-0.3409363121483715, -0.34338723657414627, 0.12588661819796859, -3988.7921132158772]
    [0.31696626613149664, -0.36328184859290058, -0.13250844668270692, 15930.201100846154]
  #99 data/objects/space/3d/asteroid/angular_smooth_01/angular_smooth_01_02200_column_01.cgf
    [0.99199313556948154, 0.81559855869053377, 0.20185338441244424, 25633.332972392582]
    [-0.70411316089814924, 0.97737715967789218, -0.48882995319824551, -8841.6631765603761]
    [-0.45844351275468059, 0.26368363156575697, 1.1875591213961725, 3652.0252180474972]
  #100 data/objects/space/3d/asteroid/angular_smooth_01/angular_smooth_01_03500_cluster_01.cgf
    [-0.3018870777073111, -0.17138501994953639, 0.93781193244453398, 31645.545308896661]
    [-0.19378451267442984, 0.97420291052217467, 0.11565511299882644, -19884.426389920704]
    [-0.93344073638661607, -0.14681865498680535, -0.32731105631645219, 24045.748532392867]
  #101 data/objects/space/3d/asteroid/angular_smooth_01/angular_smooth_01_03500_cluster_01.cgf
    [-0.29424025061993431, 0.35839323196835687, 0.8859894411679331, 26439.575640501265]
    [0.37534405166383955, -0.80921154647133442, 0.45198876048494524, -12963.9452740999]
    [0.87894245628616896, 0.46554407740129156, 0.10358182369937767, 23067.312233793313]
  #102 data/objects/space/3d/asteroid/angular_smooth_01/angular_smooth_01_03400_01.cgf
    [0.28181189143555663, 0.82975273015731477, 0.30863202534556339, 32195.082671828357]
    [-0.80921336609429007, 0.1100717604188384, 0.4429663622890056, -6250.8211576343947]
    [0.35905020318441644, -0.40318218807592227, 0.75610074542910555, 15319.214620420638]
  #103 data/objects/space/3d/asteroid/angular_smooth_01/angular_smooth_01_03900_column_01.cgf
    [0.19824969868901721, -0.091064710650297309, 0.76967712162612056, 38557.821120099739]
    [-0.60615152331552347, -0.51330120830082682, 0.095398094582439599, -16613.23781446708]
    [0.48298652554989863, -0.60681766960254813, -0.1962012438955176, 19963.490566649602]
  #104 data/objects/space/3d/asteroid/angular_smooth_01/angular_smooth_01_03400_01.cgf
    [-0.36553621909786449, 0.93072432498303781, -0.011621876943415365, 25585.899486372607]
    [-0.7917139498250082, -0.30432653076344801, 0.52969231534651307, -6160.0262077753923]
    [0.48946078371132429, 0.2028229724896419, 0.8481099855857992, 17394.395508757363]
  #105 data/objects/space/3d/asteroid/angular_smooth_01/angular_smooth_01_01700_column_01.cgf
    [0.22932811477505563, 0.73344328311368401, -0.63989829014204058, 30154.300160503353]
    [-0.88585813029680527, -0.11513614933488786, -0.44944331745054411, -20887.976060738838]
    [-0.40331655589416993, 0.66992900599192051, 0.62332265975970269, 8491.2734152596495]
  #106 data/objects/space/3d/asteroid/angular_smooth_01/angular_smooth_01_00900_cluster_01.cgf
    [0.10447894428076228, -0.68911429450434758, 0.71708080862854806, 21859.03043141399]
    [0.99409447929481087, 0.093618331491126638, -0.054872771353523475, -14430.646264625295]
    [-0.029318308770730678, 0.71857939290673545, 0.69482612188390802, 20532.431855305033]
  #107 data/objects/space/3d/asteroid/angular_smooth_01/angular_smooth_01_03400_01.cgf
    [-0.21228831698153605, -0.64535643016966271, -0.51083069248679669, 23241.124896479265]
    [0.11847795778526822, 0.49809385612361395, -0.67850182894791433, -6473.0369777195447]
    [0.81449118587428759, -0.24065917062373055, -0.034445893841197034, 12822.593684879361]
  #108 data/objects/space/3d/asteroid/angular_smooth_01/angular_smooth_01_03900_column_01.cgf
    [0.90859651009322295, -0.40600825143334635, 0.098023106747655686, 23424.166847374428]
    [-0.05649318035293302, 0.11307003388750357, 0.99197910051185045, -10522.346526805613]
    [-0.41383541446091426, -0.906846908274338, 0.079798386783492867, 11719.786302249318]
  #109 data/objects/space/3d/asteroid/angular_smooth_01/angular_smooth_01_01300_cluster_01.cgf
    [0.87925840136008682, 0.42942754551198242, -0.20613912274642887, 33098.495612734019]
    [0.19589783887348231, -0.72045017636889286, -0.66526105494620569, -3481.5624773942832]
    [-0.4341951076368919, 0.54455506393659914, -0.71758698565303036, 17578.025421148537]
  #110 data/objects/space/3d/asteroid/angular_smooth_01/angular_smooth_01_01400_01.cgf
    [0.81545540442271014, -0.55441872775539203, -0.16628943796192219, 20587.029386757546]
    [0.50610017281923325, 0.82236116754624533, -0.25997027647429943, -18528.19326604122]
    [0.28088239164451317, 0.12783506518899235, 0.95119035825537546, 20540.454770319764]
  #111 data/objects/space/3d/asteroid/angular_smooth_01/angular_smooth_01_01300_cluster_01.cgf
    [0.881997818216394, -0.35953598618261989, 0.30465259408748635, 22977.620136055659]
    [-0.30326913679060091, -0.92786191837649035, -0.21702435549957369, -11655.27449856858]
    [0.36070369989068246, 0.099023304577319157, -0.92740859701578271, 12723.295360767603]
  #112 data/objects/space/3d/asteroid/angular_smooth_01/angular_smooth_01_01300_cluster_01.cgf
    [-0.36414429442387752, -0.5530175849309984, 0.74937619029978475, 26572.886693781773]
    [0.78220389236028443, 0.25513752692250935, 0.56838024607201409, -3947.3523981231097]
    [-0.50551972721898186, 0.79313970024551705, 0.33966661931884679, 19054.852984390272]
  #113 data/objects/space/3d/asteroid/angular_smooth_01/angular_smooth_01_03900_column_01.cgf
    [0.17587987279930908, -0.54501970344931561, 0.81976774528277652, 19790.23263082049]
    [-0.11624385967053666, 0.81542404084186815, 0.56707174300603624, -16524.077380833041]
    [-0.97752391195452804, -0.19502953488902003, 0.080061508154525229, 19841.403757854638]
  #114 data/objects/space/3d/asteroid/angular_smooth_01/angular_smooth_01_03400_01.cgf
    [-0.17479510844024179, -0.93578516740665074, 0.30619102332452608, 32713.402598774148]
    [0.94452747307678087, -0.071544913833986798, 0.32054536363068492, -5214.2872959270426]
    [-0.27805516522086882, 0.34523556885646034, 0.89638043225396291, 16792.707650547276]
  #115 data/objects/space/3d/asteroid/angular_smooth_01/angular_smooth_01_03400_01.cgf
    [0.15399127938610738, -0.64318983080333858, -0.18136645106561419, 25261.598478829561]
    [0.62417615513378943, 0.071944183917808643, 0.27482435101485031, -5621.7147439236969]
    [-0.23872803644181165, -0.22678434271242476, 0.60156300473438684, 17866.541889424578]
  #116 data/objects/space/3d/asteroid/angular_smooth_01/angular_smooth_01_01700_column_01.cgf
    [0.32241744835968367, 1.534729844509096, -0.26170615223900234, 24159.899351598597]
    [-1.4989028087214964, 0.37825007959225287, 0.3715589644305346, -5464.7073265869858]
    [0.42092300454295384, 0.17137677326571291, 1.5235788927997764, 20760.190416096411]
  #117 data/objects/space/3d/asteroid/angular_smooth_01/angular_smooth_01_00900_cluster_01.cgf
    [0.5435467556420972, -0.72760413346676245, 0.4185062588611575, 36531.706853051037]
    [-0.75953304456266424, -0.21410994184311755, 0.61421887494136573, -20536.866091724471]
    [-0.35730213819854262, -0.65172655084701647, -0.6690187024835188, 22044.093911221971]
  #118 data/objects/space/3d/asteroid/angular_smooth_01/angular_smooth_01_01400_01.cgf
    [-0.67822471248910599, -0.41369208180335804, 0.42293105480240811, 29215.225151070754]
    [0.24965456896087326, -0.78342215219102662, -0.36595478402030035, -20450.648471830187]
    [0.53636220211722074, -0.15845873028516863, 0.70512906281785181, 29825.660556770639]
  #119 data/objects/space/3d/asteroid/angular_smooth_01/angular_smooth_01_01300_cluster_01.cgf
    [0.35769681865916503, -0.80582557738091121, -0.47190945523198108, 19232.54912240868]
    [-0.7697345504063865, -0.54054600007447307, 0.33958673839194281, -17751.46836074091]
    [-0.52873633978505974, 0.2417758669092529, -0.8136232066186958, 20661.442034571068]
  #120 data/objects/space/3d/asteroid/angular_smooth_01/angular_smooth_01_02200_column_01.cgf
    [-0.96616239316481722, -0.075430271288502312, 0.70770273268883765, 42813.263061495425]
    [0.63819525984838288, 0.43634158524851402, 0.91777747027138323, -18071.720504748595]
    [-0.31502332292857366, 1.1153111443915675, -0.31119770380721573, 20536.637298376874]
  #121 data/objects/space/3d/asteroid/angular_smooth_01/angular_smooth_01_00900_cluster_01.cgf
    [0.72467433727603192, 0.047517662353048926, 0.68745081274632769, 24276.083798154643]
    [-0.43210090149661512, 0.80845217525148139, 0.39961648432528568, -6343.6772146454487]
    [-0.53678241318703546, -0.58664009016021945, 0.60639713785394234, 12513.710084259337]
  #122 data/objects/space/3d/asteroid/angular_smooth_01/angular_smooth_01_00900_cluster_01.cgf
    [0.17029815571692841, 0.40309794026387785, 0.24188631941982294, 26028.905308251651]
    [0.44332299258636881, -0.052113835639015255, -0.22527155876251392, -3790.966861666956]
    [-0.15640225449690889, 0.29119512615778026, -0.37515614895437249, 18518.154692972264]
  #123 data/objects/space/3d/asteroid/angular_smooth_01/angular_smooth_01_03500_cluster_01.cgf
    [0.8187353246492346, 0.072510209950030227, 0.56957420765396682, 23903.480568323743]
    [-0.55448750977680861, 0.35736528851276517, 0.75155418465193236, 3097.7065256964252]
    [-0.14905069631892037, -0.93114572458843392, 0.33279358453500013, 11084.918643620675]
  #124 data/objects/space/3d/asteroid/angular_smooth_01/angular_smooth_01_00900_cluster_01.cgf
    [-0.24741294348134157, 0.33587717117405796, 0.9088302595423412, 23668.928584545254]
    [-0.21509980027453246, 0.8955454908887176, -0.38952461930990923, -14598.390607403649]
    [-0.94473170302342602, -0.29186277428063001, -0.14932250222072779, 20096.03399938306]
  #125 data/objects/space/3d/asteroid/angular_smooth_01/angular_smooth_01_00900_cluster_01.cgf
    [0.50953593369774797, 0.43148380036978023, 0.74444176986012889, 19774.87767138765]
    [-0.049558309405344274, -0.84902531952268934, 0.52602154632823217, -438.80750771127038]
    [0.85902025160232032, -0.30492035558668756, -0.41122557132216314, 11161.886713847716]
  #126 data/objects/space/3d/asteroid/angular_smooth_01/angular_smooth_01_03500_cluster_01.cgf
    [0.083767149217614217, -0.15837514698318106, -0.41095685620272426, 24408.227397693714]
    [-0.28137794245902487, 0.30257155011696046, -0.17395996863463217, -5225.277734476681]
    [0.338813633638755, 0.29043575883126427, -0.042866674499289617, 22681.076966727382]
  #127 data/objects/space/3d/asteroid/angular_smooth_01/angular_smooth_01_03400_01.cgf
    [0.38646744412636397, -0.045564728241749682, -0.7556895316883554, 23245.805810274127]
    [-0.36699788761671953, 0.73082383698206133, -0.23175195342511745, -14489.081835901354]
    [0.66215962067161427, 0.43164832094165229, 0.31260880012077547, 21092.177486385681]
  #128 data/objects/space/3d/asteroid/angular_smooth_01/angular_smooth_01_02200_column_01.cgf
    [-0.24972452055810088, -0.61525021079622977, 0.17147760783422408, 26546.507828371308]
    [0.53642487016162177, -0.10209847511864431, 0.41487828105585539, -4192.6433343750514]
    [-0.34667816566008364, 0.28520660499884787, 0.51843145155451087, 18694.309366668553]
  #129 data/objects/space/3d/asteroid/angular_smooth_01/angular_smooth_01_03400_01.cgf
    [0.78569677077341282, 0.34117482028599644, 0.033546688101093666, 4165.4951380745797]
    [-0.33513276343343107, 0.78205671405455079, -0.10449105588122508, -19468.767035959911]
    [-0.072191891187348423, 0.082656469126859061, 0.85017721261027546, 4894.8807988091467]
  #130 data/objects/space/3d/asteroid/angular_smooth_01/angular_smooth_01_03500_cluster_01.cgf
    [-0.64014369938657489, -0.063762333936885199, -0.76560529872451422, 29190.787749824973]
    [-0.69981975241769989, -0.36276275505996947, 0.61535076354530571, -13476.638725879526]
    [-0.31696911961602914, 0.92969812995438605, 0.18759805142276301, 9698.9561556301942]
  #131 data/objects/space/3d/asteroid/angular_smooth_01/angular_smooth_01_03500_cluster_01.cgf
    [-0.57503969715354708, 0.81116838955356585, 0.10646425132202443, 20626.438962728094]
    [0.0088164482064325041, 0.13626855820844533, -0.99063242255023287, -7245.2543981566187]
    [-0.81807766334346776, -0.56871448913826184, -0.085511478209804606, 13578.894923468442]
  #132 data/objects/space/3d/asteroid/angular_smooth_01/angular_smooth_01_01300_cluster_01.cgf
    [-0.11320272642708891, 0.80184138355854739, -0.58670992873997385, 14946.085526875788]
    [-0.23270530414244836, 0.55268407365083783, 0.8002384384021819, -4658.3070524752384]
    [0.9659329098302436, 0.2271204801098011, 0.12402783301037337, 9862.362310117318]
  #133 data/objects/space/3d/asteroid/angular_smooth_01/angular_smooth_01_03400_01_lp.cgf
    [0.65162941306259436, -0.96080061999420641, 0.030507047284949351, 4532.3131758151349]
    [0.9608925120637547, 0.65208822524339216, 0.012487195134562304, -17391.28119740502]
    [-0.027460727869165494, 0.018235087092482158, 1.1608629519918463, 6427.2583792355272]
  #134 data/objects/space/3d/asteroid/angular_smooth_01/angular_smooth_01_02200_column_01.cgf
    [-0.64513441959196882, 0.081403922249699043, 1.0085507367560247, 28208.243776059116]
    [-0.77403807237853395, -0.81005312457914114, -0.42974248612292876, -12142.296232346667]
    [0.65166421543405217, -0.88158206839349729, 0.48800247286339188, 21781.487582138056]
  #135 data/objects/space/3d/asteroid/angular_smooth_01/angular_smooth_01_03400_01.cgf
    [-0.0012562043034911367, 0.91192693315011342, -0.17760870234201145, 25103.0069140839]
    [-0.76943032387387189, 0.098521871785478679, 0.51129989055804714, -5138.4978402943043]
    [0.52070390747096684, 0.14778318570375659, 0.75510577495417963, 19172.765390587618]
  #136 data/objects/space/3d/asteroid/angular_smooth_01/angular_smooth_01_01400_01.cgf
    [-0.87745027857082381, -0.24127877953494375, -0.41456592828688504, 36864.510262223041]
    [0.46056277391538536, -0.18230265840900328, -0.86870421993600966, -17011.093901283097]
    [0.13402346672730239, -0.95317870360042845, 0.27108563053628909, 10167.823522934228]
  #137 data/objects/space/3d/asteroid/angular_smooth_01/angular_smooth_01_03500_cluster_01.cgf
    [-0.65711530946967078, 0.19847328692462474, -0.72719196631466421, 21834.803318778264]
    [0.75354644764638667, 0.14842652252626695, -0.64041990138107352, -14491.931230156832]
    [-0.019171664892844793, -0.96880248411261216, -0.24709213965066032, 23544.515033892818]
  #138 data/objects/space/3d/asteroid/angular_smooth_01/angular_smooth_01_03900_column_01.cgf
    [0.62850497365253399, -0.025542103449572993, -0.77738589578950157, 36670.982999604559]
    [0.77737341736233312, 0.053933215300909672, 0.62672283362963621, -16383.202279512227]
    [0.025919104912833699, -0.99821768225458918, 0.053753053511781862, 7997.9521215285895]
  #139 data/objects/space/3d/asteroid/angular_smooth_01/angular_smooth_01_03400_01_lp.cgf
    [-0.63810583750493866, 0.55126536868587062, 0.15417422377423406, 4198.8619885982043]
    [-0.54572871258364164, -0.65555127400891733, 0.085293359962672774, -17892.684159999018]
    [0.1727523379018574, -0.034659461616593973, 0.83892646240092239, 4711.9247697829487]
  #140 data/objects/space/3d/asteroid/angular_smooth_01/angular_smooth_01_02200_column_01.cgf
    [-0.91798955282921124, -1.2818246990277047, 0.39347968616533441, 5290.5532028111811]
    [1.2322728684647359, -0.618520093065143, 0.85996634450784737, -15461.2261656719]
    [-0.52858717361276109, 0.78419638930757152, 1.3214527098821403, 8170.1533148223862]
  #141 data/objects/space/3d/asteroid/angular_smooth_01/angular_smooth_01_02200_column_01.cgf
    [-0.87867296970400721, -0.39041080719514393, 0.79875307193274547, 2573.1093810985913]
    [0.77157110569201492, -0.89280848959635772, 0.41238851311729402, -19690.450186266178]
    [0.44170702638509507, 0.78292123391509016, 0.8685749825502288, 3857.250112216238]
  #142 data/objects/space/3d/asteroid/angular_smooth_01/angular_smooth_01_01400_01.cgf
    [-0.77915574797192055, -0.58871730838709302, -0.21523656539920782, 14885.392194998121]
    [-0.3947219542005061, 0.19406996890780703, 0.89807012750526938, -3960.9539562750851]
    [-0.48693883306994989, 0.78469567722184752, -0.38359066056787133, 9779.1052480940198]
  #143 data/objects/space/3d/asteroid/angular_smooth_01/angular_smooth_01_03400_01.cgf
    [0.044648462607721484, -0.9633584520927142, -0.26446645026052101, 24693.871283508099]
    [0.91368557027029296, -0.067667970321219309, 0.40074333458906131, -3971.6242555757412]
    [-0.4039562961654648, -0.25953233771389705, 0.87718742137250427, 20581.750183125099]
  #144 data/objects/space/3d/asteroid/angular_smooth_01/angular_smooth_01_05100_01.cgf
    [-0.79206831999916649, 0.9640994453421835, 0.075058501207223183, 3668.9453709652475]
    [-0.96701680049148064, -0.78969512578362255, -0.061268740314218084, -19718.392881171894]
    [0.00016333952563618256, -0.096889681924161461, 1.2462367774687588, 3534.8361885138902]
  #145 data/objects/space/3d/asteroid/angular_smooth_01/angular_smooth_01_03400_01.cgf
    [-1.1282885637487492, -0.16979690971643346, 0.21636932815435023, 4059.5213677324718]
    [0.12120979093858285, -1.127067466948553, -0.25240616341172917, -19919.730377776115]
    [0.24689038720825199, -0.22264252558384445, 1.1127251243264156, 6584.7107699328735]
  #146 data/objects/space/3d/asteroid/angular_smooth_01/angular_smooth_01_03400_01.cgf
    [-0.86940879604105303, -0.58002994186384238, 0.68570024794442885, 7052.6199942371495]
    [0.72792287786811383, -1.0140894754602994, 0.065130927830294061, -18236.639899595157]
    [0.52606829154191259, 0.44461108895894563, 1.0431032309086623, 8166.1601530252137]
  #147 data/objects/space/3d/asteroid/angular_smooth_01/angular_smooth_01_01300_cluster_01.cgf
    [0.5832796627535729, 0.53989549590628638, 0.60687634999957374, 37062.516466562993]
    [0.36512828369546235, -0.8416677182896074, 0.39784168221215011, -17699.481950130259]
    [0.72558072406473573, -0.010465235778168026, -0.68805836044366386, 8775.1737416876531]
  #148 data/objects/space/3d/asteroid/angular_smooth_01/angular_smooth_01_01700_column_01.cgf
    [-0.30119788385571533, -0.9533145310818919, 0.021571315502666551, 25985.241989227012]
    [0.82975056132297753, -0.25087666322457541, 0.4985669342195394, -4676.1399117327173]
    [-0.46988075381803696, 0.16806661399867456, 0.86657935153912913, 18120.76072922783]
  #149 data/objects/space/3d/asteroid/angular_smooth_01/angular_smooth_01_00900_cluster_01.cgf
    [-0.94801251617476368, 0.3134188258964351, -0.055128624503403841, 19859.83059707627]
    [0.02681107956128859, 0.25128190246857052, 0.9675416414782767, 1425.9902983727661]
    [0.31709886735637427, 0.91576432642652117, -0.24662170069932732, 11259.981398369899]
  #150 data/objects/space/3d/asteroid/angular_smooth_01/angular_smooth_01_03500_cluster_01.cgf
    [-0.73595081802410156, -0.41277834990064133, -0.5366458404548784, -2633.5966181829003]
    [0.61915217616534757, -0.089659584975282938, -0.78013465013825534, -526.86473426395457]
    [0.2739074788572477, -0.90640693038498288, 0.32155792689763174, 21600.58079120233]
  #151 data/objects/space/3d/asteroid/angular_smooth_01/angular_smooth_01_02200_column_01.cgf
    [-0.8786722490563329, -0.3904104869979263, 0.79875302623211453, 5933.2516998482206]
    [0.77157077732138923, -0.89280810962867796, 0.41238802298268451, -17062.388884734508]
    [0.44170723432674985, 0.78292081180534601, 0.86857434231049335, 2909.6957955145817]
  #152 data/objects/space/3d/asteroid/angular_smooth_01/angular_smooth_01_01700_column_01.cgf
    [1.523606663184174, 0.50775409629773138, 1.3401611093403523, 7633.4074859264256]
    [-0.71585855673927579, 1.9641575775948477, 0.069676556420381092, -20010.886511491171]
    [-1.2415283114124505, -0.50940560800242041, 1.6044739523880516, 7260.9756846647597]
  #153 data/objects/space/3d/asteroid/angular_smooth_01/angular_smooth_01_02200_column_01.cgf
    [1.2150992617458327, 0.457328262897855, -0.066143797364241017, 25068.246631525075]
    [-0.45751678492555931, 1.2167990924574523, 0.0082896306491098207, -5839.0254634712874]
    [0.064826950308578074, 0.01553017771146189, 1.2982860385770687, 21393.802107789459]
  #154 data/objects/space/3d/asteroid/angular_smooth_01/angular_smooth_01_03900_column_01.cgf
    [-0.22822236591987785, -0.79917290681736464, 0.86558501805313293, -2480.4216854604433]
    [-0.31141015258438315, 0.89124038237546821, 0.7407526607887589, 1782.1182294253802]
    [-1.1361947347775951, -0.083746358770628318, -0.3768929275422353, 22204.687410301965]
  #155 data/objects/space/3d/asteroid/angular_smooth_01/angular_smooth_01_03900_column_01.cgf
    [0.39332342148340255, 1.1300359616289655, 0.091187120109294362, 36960.410432075012]
    [0.2980594004634462, -0.0099485736590663749, -1.1623516245153438, -4437.4659721119206]
    [-1.0938267501043748, 0.4036327918336009, -0.28394240516106739, 3231.4245391005984]
  #156 data/objects/space/3d/asteroid/angular_smooth_01/angular_smooth_01_03400_01.cgf
    [-0.51104132823686554, -0.50254697403771942, 0.4702436684796264, 5041.950650440649]
    [0.62078029022709269, -0.58947639145274766, 0.044667921500314366, -18998.444840391261]
    [0.29717738831413731, 0.36716471893568892, 0.71534710250997013, 4752.3366545956196]
  #157 data/objects/space/3d/asteroid/angular_smooth_01/angular_smooth_01_01400_01.cgf
    [0.61159485550798398, 0.90737536081821868, 0.1123332410871645, 34631.72827807119]
    [0.90927988452676889, -0.58948079103000495, -0.18899618609537244, -6374.5684246226065]
    [-0.095702111095445935, 0.19793792295469456, -1.0778027437083408, 3858.4681668609915]
  #158 data/objects/space/3d/asteroid/angular_smooth_01/angular_smooth_01_05100_01.cgf
    [0.75759494145891448, -0.98851636431923107, -0.10667966984418782, 1627.4118869102476]
    [0.99424814775644177, 0.75375120401290407, 0.076321641367926782, -18671.236077553363]
    [0.0039717965532631103, -0.13110976215102688, 1.2430968204085926, 7339.9831704979588]
  #159 data/objects/space/3d/asteroid/angular_smooth_01/angular_smooth_01_03500_cluster_01.cgf
    [0.94447933876982748, -0.067670369717315521, 0.32152442172136009, 36315.910057018569]
    [0.29493790276885501, -0.25665981258490733, -0.92039981974042862, -10082.053254490551]
    [0.1448063058407425, 0.96412909702499172, -0.22245150510292191, 469.21421743992005]
  #160 data/objects/space/3d/asteroid/angular_smooth_01/angular_smooth_01_03500_cluster_01.cgf
    [0.17539553840682057, -0.65441509223904071, -0.7355116436157485, 22183.785284552032]
    [-0.74303174667960004, 0.40212500412714386, -0.53497606509039031, -1184.7116887309007]
    [0.64586400601894101, 0.64034088877964257, -0.41572023961271531, 9513.3199627641425]
  #161 data/objects/space/3d/asteroid/angular_smooth_01/angular_smooth_01_03500_cluster_01.cgf
    [0.76695796476266798, 0.56518931733753397, -0.3038673544600079, 35772.417063998357]
    [0.15004563130411702, 0.30245640179856259, 0.94127853836656727, -2822.4667608628515]
    [0.62390755891040528, -0.76751548116665669, 0.1471672428085154, 1927.4898144253164]
  #162 data/objects/space/3d/asteroid/angular_smooth_01/angular_smooth_01_03400_01.cgf
    [0.94361578685738801, 0.42451026077773518, 0.52732044229115427, 6197.2114540058792]
    [-0.57219412041081175, 0.98356742391737773, 0.23211112585578036, -18754.323456525741]
    [-0.36175917255961443, -0.44841133423806279, 1.008337314575847, 6046.898888344921]
  #163 data/objects/space/3d/asteroid/angular_smooth_01/angular_smooth_01_03500_cluster_01.cgf
    [-0.33825808737433632, -0.93968181083042024, -0.05077869950015574, 35437.583741769449]
    [-0.0084439128959008774, -0.050926544029731388, 0.9986661619634476, -8142.0787956424447]
    [-0.94101492138194665, 0.33823586017786317, 0.0092917290575317418, 1575.7303503838732]
  #164 data/objects/space/3d/asteroid/angular_smooth_01/angular_smooth_01_02200_column_01.cgf
    [0.3070478711327711, 0.9835100351012972, -0.61516660064635842, 28708.041605051039]
    [-1.1092341362908142, 0.43519930558476488, 0.14213207297660735, -11198.118678069888]
    [0.33959029223893089, 0.53226864094787829, 1.0204748199458396, 9877.6852847777809]
  #165 data/objects/space/3d/asteroid/angular_smooth_01/angular_smooth_01_02200_column_01.cgf
    [-0.73356335554068119, 0.79249742529605538, -0.62954301687841763, 4148.9345908178748]
    [0.68436175497863982, 0.96120929893823537, 0.41257417242307198, -19478.613754325113]
    [0.74567121945520509, -0.10254896550989621, -0.99797290441293929, 1590.9929066882032]
  #166 data/objects/space/3d/asteroid/angular_smooth_01/angular_smooth_01_01700_column_01.cgf
    [-0.15743767253818383, 0.34242137382846455, -1.1918253440651005, 4647.5288480515337]
    [-0.040145856872220942, -1.2021703313187335, -0.34009039006962699, -19411.144840515637]
    [-1.2393903171263134, -0.0045569712686022966, 0.16241165158664658, 3785.952368116863]
  #167 data/objects/space/3d/asteroid/angular_smooth_01/angular_smooth_01_03500_cluster_01.cgf
    [-0.76607358727457631, -0.083040929466271104, 0.63736531560645426, 11831.972081607237]
    [0.62880260738579874, 0.10864465640704522, 0.76993681702039141, 5333.0916033606309]
    [-0.13318266572477958, 0.99060568607900101, -0.031013462929326351, 34582.105824095583]
  #168 data/objects/space/3d/asteroid/angular_smooth_01/angular_smooth_01_03400_01_lp.cgf
    [-0.94045696228910769, 1.1880329942653727, 0.2770332171313058, 4522.0148528926538]
    [-1.1841405141783861, -0.97311418160124064, 0.15326163584935087, -17631.060671420964]
    [0.29322524028230462, -0.11939636040820091, 1.50744570859384, 8750.3583156533568]
  #169 data/objects/space/3d/asteroid/angular_smooth_01/angular_smooth_01_03500_cluster_01.cgf
    [-0.8498595712718976, 0.019592982863657137, 0.52664333898968108, 2719.2801444631114]
    [0.47663382737139642, 0.45493364493588639, 0.75223264730586625, 4189.6151676655145]
    [-0.22484947428221772, 0.89030886555734257, -0.39596871112141835, 19545.049736295474]
  #170 data/objects/space/3d/asteroid/angular_smooth_01/angular_smooth_01_00900_cluster_01.cgf
    [0.5528146345155337, -0.36691931608984923, -0.74817484250061339, 39709.300025984427]
    [-0.21279240224173041, -0.93023263110061272, 0.29897499090898638, -12426.188771309269]
    [-0.80567659331697972, -0.0060718301188503734, -0.59232403249012044, 5324.7307989075234]
  #171 data/objects/space/3d/asteroid/angular_smooth_01/angular_smooth_01_00800_cluster_01.cgf
    [-0.1525194518568023, 0.90255869828967361, -0.40264309181822233, 15911.822324257115]
    [-0.21196954493618464, 0.36805427585637263, 0.90531807034068135, -28355.12629627973]
    [0.96529921540775854, 0.22342715279812803, 0.13517980088635506, 7561.0947969129802]
  #172 data/objects/space/3d/asteroid/angular_smooth_01/angular_smooth_01_02200_column_01.cgf
    [0.31056553410713755, -0.21001201505289607, 0.9270612777745626, 1865.5009776002407]
    [-0.86292004513310661, -0.47130719195126108, 0.18231055019753689, -1252.6720180669386]
    [0.39864351860159453, -0.85659972830912878, -0.32759557495256381, 20759.566895307231]
  #173 data/objects/space/3d/asteroid/angular_smooth_01/angular_smooth_01_01400_01.cgf
    [-0.55226317282656212, 0.79421628200343408, 0.52366489171285313, 26809.651322233065]
    [0.82070503907785886, 0.70397176775623094, -0.20215346276240473, -29865.44867965833]
    [-0.48109007497993839, 0.28921148157578797, -0.94599582036761076, 12280.454424869269]
  #174 data/objects/space/3d/asteroid/angular_smooth_01/angular_smooth_01_03500_cluster_01.cgf
    [-0.99318569682214652, 0.017608277683781967, -0.11520252662347538, 16508.90381890905]
    [0.0098438555734255955, -0.9723114750836096, -0.23348018306421489, -23304.998045801003]
    [-0.11612395140913552, -0.23302327337255518, 0.96551275700084993, 5103.5826138743059]
  #175 data/objects/space/3d/asteroid/angular_smooth_01/angular_smooth_01_01300_cluster_01.cgf
    [-0.6459679334419588, 0.097853045858874887, -0.75706561034778863, 36005.583131585146]
    [0.22707632961351856, 0.97148605712332747, -0.06818584409265252, -7769.4678555110859]
    [0.72880717441884546, -0.21595775101050615, -0.64976955937047898, 3685.6546617723634]
  #176 data/objects/space/3d/asteroid/angular_smooth_01/angular_smooth_01_01400_01.cgf
    [-0.10756567197776555, 0.50672905220786857, 0.73597224840521247, 38116.755894959773]
    [-0.7930745861575581, -0.39565133669385394, 0.15650104512597143, -12284.392090906704]
    [0.41165784769044123, -0.62982977381433669, 0.49381386069448441, 5486.9544548907152]
  #177 data/objects/space/3d/asteroid/angular_smooth_01/angular_smooth_01_03900_column_01.cgf
    [0.16182775141385367, -1.0697555567609616, -0.51907239203057787, 9687.6135436827226]
    [-0.086110699552047018, 0.51193826923784924, -1.0818990139700553, 4875.7192796454592]
    [1.1859165429371319, 0.18314905892678071, -0.0077263134314825253, 33626.938050249293]
  #178 data/objects/space/3d/asteroid/angular_smooth_01/angular_smooth_01_03400_01.cgf
    [0.46416166159157179, 0.70730904920229276, -0.082265352593705154, 20601.804049974038]
    [0.26672955203741411, -0.26375129662430596, -0.76275181219790267, 761.58334166311408]
    [-0.66023406863834166, 0.39070307121625342, -0.36598061719675212, 10822.578971565606]
  #179 data/objects/space/3d/asteroid/angular_smooth_01/angular_smooth_01_00900_cluster_01.cgf
    [0.59909076312852816, -0.28012675317499947, -0.75007804359239105, 36107.659377304633]
    [0.57521196549845199, -0.50108582193783957, 0.64656167964855871, -2931.3007083242692]
    [-0.55697330642604725, -0.81880389166038448, -0.13906377932561667, 735.73396539877763]
  #180 data/objects/space/3d/asteroid/angular_smooth_01/angular_smooth_01_03500_cluster_01.cgf
    [0.42920952910857929, 0.55923568422944525, -0.7092491297864234, 1595.452333518223]
    [-0.53825416133882253, -0.47221394727428251, -0.69806600282284514, 2688.4148203513182]
    [-0.72530085924381438, 0.68137297861013524, 0.098332223081345815, 21042.633281632923]
  #181 data/objects/space/3d/asteroid/angular_smooth_01/angular_smooth_01_03900_column_01.cgf
    [-0.70654614750025457, -0.85909344463454151, -0.45029714774668678, 13093.105788709743]
    [0.30776792903758105, 0.32974539999829522, -1.1120087227473432, -13110.42668201702]
    [0.91983040270408645, -0.77022266325798094, 0.026184073314055364, 23910.597484919515]
  #182 data/objects/space/3d/asteroid/angular_smooth_01/angular_smooth_01_03500_cluster_01.cgf
    [0.15955663374442997, -0.3970841553709285, -0.90380655352190375, 29334.334695006317]
    [-0.53184828110505111, -0.80588405571220212, 0.26017057220618639, -30186.334435584951]
    [-0.8316727232038984, 0.43917592637785624, -0.33977259921365544, 10696.972187298123]
  #183 data/objects/space/3d/asteroid/angular_smooth_01/angular_smooth_01_01400_01.cgf
    [-0.057673258025849355, -1.085961470655098, 0.16541211276561893, 10524.373904522601]
    [0.92365823240932077, -0.13759805176622197, -0.58131053090488105, 2768.9734237635121]
    [0.59458300724075386, 0.10841654804983472, 0.91908464631816433, 31522.236201987787]
  #184 data/objects/space/3d/asteroid/angular_smooth_01/angular_smooth_01_03900_column_01.cgf
    [0.2005095211527429, 0.30311354321682471, 1.1436428784940116, 26131.509733915002]
    [0.20250679822459647, 1.1340400720389026, -0.33607295839929147, -27266.739184947779]
    [-1.1656705582128895, 0.24915099159540077, 0.13833602129275027, 10745.805912372254]
  #185 data/objects/space/3d/asteroid/angular_smooth_01/angular_smooth_01_03500_cluster_01.cgf
    [-0.41345424995821689, -0.73397434797981098, 0.5388383748265142, 14015.975313640896]
    [0.40143826341868899, 0.38422830000663083, 0.83139971651665923, -11986.816342090193]
    [-0.81725911334255252, 0.56005341215655946, 0.13578391538366835, 25809.460583280113]
  #186 data/objects/space/3d/asteroid/angular_smooth_01/angular_smooth_01_03900_column_01.cgf
    [-0.52768904302962527, 0.038316200504298292, -0.60006202378317086, -2295.5521896867617]
    [0.56954261352245117, -0.22411689693966463, -0.51516125400646484, -4848.6896037732913]
    [-0.19277908338265307, -0.7670083278729195, 0.12055181344589541, 22830.728240417222]
  #187 data/objects/space/3d/asteroid/angular_smooth_01/angular_smooth_01_01300_cluster_01.cgf
    [0.78795776900586811, -0.01816247664021366, 0.61547108021576313, 17820.446902200973]
    [-0.13957688001968174, -0.97881950864348855, 0.14980866443320487, -12111.900408386984]
    [0.59971061413287985, -0.20394721331163834, -0.77379886621469718, 27796.982073343337]
  #188 data/objects/space/3d/asteroid/angular_smooth_01/angular_smooth_01_02200_column_01.cgf
    [0.9147786105429645, -0.40033694570471001, -0.054029713798774609, 15280.231367368608]
    [0.1069412242013726, 0.36896860463597725, -0.92327381081430104, -15745.997340860169]
    [0.38955417419874377, 0.83880944503091659, 0.38033543966810512, 28206.638535092952]
  #189 data/objects/space/3d/asteroid/angular_smooth_01/angular_smooth_01_02200_column_01.cgf
    [-0.047138110725605531, -0.69385239014401656, -0.71857234294220707, 34287.075360632007]
    [0.6941068815676843, 0.49456657268768461, -0.52308593459692543, -8592.8370683223129]
    [0.71832651928660018, -0.52342346021571229, 0.45829493322336129, 4863.8681193959155]
  #190 data/objects/space/3d/asteroid/angular_smooth_01/angular_smooth_01_00900_cluster_01.cgf
    [-0.39028074577253069, -0.80647396376140956, -0.44416111632999677, 18475.267291969238]
    [0.63632910513789298, 0.11237937390562204, -0.76318710568267589, -20565.861933624557]
    [0.66540560670838711, -0.58049033936909933, 0.46932372246190845, 838.75238046503512]
  #191 data/objects/space/3d/asteroid/angular_smooth_01/angular_smooth_01_00800_cluster_01.cgf
    [0.33275790960847179, -0.54877867417367965, -0.76688426869168058, 26355.579920121389]
    [-0.73704154397032473, -0.65864323171004557, 0.15151302579640621, 10983.638160488728]
    [-0.58825103251625099, 0.51480909208785419, -0.62364225534262763, 29112.930709849181]
  #192 data/objects/space/3d/asteroid/angular_smooth_01/angular_smooth_01_03500_cluster_01.cgf
    [-0.035329537374107975, 0.16380520047607383, -0.985859500069729, 24652.465174566085]
    [0.89815573377406344, 0.43780216496086499, 0.040556331640873265, -28171.571563513629]
    [0.43825492064495569, -0.88402284724116964, -0.16258998701614663, 9098.5309232762338]
  #193 data/objects/space/3d/asteroid/angular_smooth_01/angular_smooth_01_00900_cluster_01.cgf
    [-0.68284314545392388, 0.73002249248580198, 0.028114387775992226, -2502.014397353716]
    [-0.1779453090452878, -0.12887459652659294, -0.97556384977483401, -637.98088746118401]
    [-0.70856102441778335, -0.67116057576673493, 0.21790542866366633, 20369.786359154092]
  #194 data/objects/space/3d/asteroid/angular_smooth_01/angular_smooth_01_01300_cluster_01.cgf
    [0.079986490673148836, -0.42242805917215775, 0.90285612463521736, 20606.324849738245]
    [0.9431344646979728, -0.26109532475050978, -0.20571606293573455, -18466.250281071028]
    [0.32263296246066897, 0.86797249488388439, 0.37752378112694102, -4980.2167077383365]
  #195 data/objects/space/3d/asteroid/angular_smooth_01/angular_smooth_01_02200_column_01.cgf
    [-0.902557761475973, 0.13489776684279392, -0.77922621405194747, 34643.017457742782]
    [-0.77453753252541835, -0.38946854740097009, 0.82970312417167535, 3658.648771840597]
    [-0.15963242425754498, 1.1269952333757358, 0.38000085005096185, 2230.5936288910225]
  #196 data/objects/space/3d/asteroid/angular_smooth_01/angular_smooth_01_00900_cluster_01.cgf
    [-0.12651805995111165, 0.58034946697448997, -0.80447900343640155, 25220.034333230848]
    [0.60090350611865218, -0.60042067749132599, -0.5276445552230794, -28169.531870887531]
    [-0.78924454202858529, -0.55017115201060451, -0.27277013519593074, 7992.9185129370153]
  #197 data/objects/space/3d/asteroid/angular_smooth_01/angular_smooth_01_01400_01.cgf
    [-0.3082582579328017, -0.582105301601892, -0.75241500812492579, 20017.567174513115]
    [-0.24005043980845764, 0.81293319110296625, -0.53057845163495132, -22666.248585953283]
    [0.92051654681077166, 0.01706238079948505, -0.39032837764817069, -2569.7103461840302]
  #198 data/objects/space/3d/asteroid/angular_smooth_01/angular_smooth_01_01400_01.cgf
    [0.45258888333426173, 0.68110393912324174, 0.57555070133777164, 20979.864456431202]
    [-0.041466909471357692, 0.66081672900638522, -0.74939951234408131, -18891.658477173169]
    [-0.89075343452522893, 0.31530391338113178, 0.32732192732141163, -4560.2017857061755]
  #199 data/objects/space/3d/asteroid/angular_smooth_01/angular_smooth_01_02200_column_01.cgf
    [-0.049230944142581633, -1.1025366874604055, 0.47115671079424915, 23787.139863438206]
    [-0.65390782748852716, 0.4199401135297019, 0.9143600676876068, 4973.6356647773137]
    [-1.0049777840688092, -0.21923191609865259, -0.61802629367661133, 12471.998253384623]
  #200 data/objects/space/3d/asteroid/angular_smooth_01/angular_smooth_01_03500_cluster_01.cgf
    [-0.060905471731781319, 0.96039522377837772, 0.27192312512157224, 12993.407091905228]
    [-0.17356159374238325, -0.27846864117050196, 0.94463868086233438, -17207.092297593314]
    [0.98294330711888289, 0.010338198460427153, 0.18364701185115909, 25322.020144823517]
  #201 data/objects/space/3d/asteroid/angular_smooth_01/angular_smooth_01_03500_cluster_01.cgf
    [0.57777310964309436, 0.64640338596640901, 0.49833842646643961, 9775.6130090765473]
    [-0.50928831372379868, -0.19160028848987978, 0.83899644448799715, 548.89055327913911]
    [0.63781183603493519, -0.73854741416532843, 0.2185041641525135, 33391.728819077514]
  #202 data/objects/space/3d/asteroid/angular_smooth_01/angular_smooth_01_03500_cluster_01.cgf
    [-0.81834311134651971, -0.54605379445396074, 0.17927779178961997, 24250.118276208712]
    [-0.30234643937772843, 0.67430438365750323, 0.6737217153474554, 4957.7125276189226]
    [-0.48877592377503654, 0.49713134350746746, -0.71690950934909015, 35281.52932693161]
  #203 data/objects/space/3d/asteroid/angular_smooth_01/angular_smooth_01_03900_column_01.cgf
    [0.94258432104010526, -0.2941609039359212, -0.15812682294147606, 19593.84782691771]
    [0.27985828824293135, 0.95409650923366252, -0.10667296460901185, -20521.409618266884]
    [0.18224727169343163, 0.056295163845049109, 0.98163981087594387, -1969.573889485478]
  #204 data/objects/space/3d/asteroid/angular_smooth_01/angular_smooth_01_03500_cluster_01.cgf
    [0.39737451989836897, 0.9150344044005142, -0.069333691553884969, 25238.820829688048]
    [0.58330090238879051, -0.19353823166407175, 0.78886287860585691, 972.73681110651387]
    [0.70841737647626601, -0.35391612386735438, -0.61064705768450567, 38698.644792877763]
  #205 data/objects/space/3d/asteroid/angular_smooth_01/angular_smooth_01_01300_cluster_01.cgf
    [0.55464408418854994, 0.81469774492176017, -0.16922645390527846, -719.74682684759591]
    [-0.81753225583371869, 0.57142646822576582, 0.071504338957655428, -4111.340228778211]
    [0.15495489328636289, 0.098688622635735024, 0.98297996175719948, 22989.242622590798]
  #206 data/objects/space/3d/asteroid/angular_smooth_01/angular_smooth_01_03400_01.cgf
    [1.2186662040854468, 0.27377680088965889, 0.048920064243230699, 4717.7347666638079]
    [-0.26611804234587649, 1.2118003262615651, -0.15236595151585702, -20384.366284891319]
    [-0.080796639341844195, 0.13813203443791838, 1.2397119304516173, 8785.1367751182297]
  #207 data/objects/space/3d/asteroid/angular_smooth_01/angular_smooth_01_01400_01.cgf
    [-0.70808353808879043, -0.84158895042418569, -0.018619240838355002, 25677.964599969062]
    [0.74497574368366337, -0.63781861191911826, 0.49819624058232365, 1032.9583403749048]
    [-0.3919563482435916, 0.3080850391228136, 0.98053799735556446, 35734.198266369276]
  #208 data/objects/space/3d/asteroid/angular_smooth_01/angular_smooth_01_03900_column_01.cgf
    [0.37513726176931583, -0.87197879524856903, -0.31452120228863156, 28120.835672043642]
    [-0.75775614008852277, -0.48390068929717434, 0.43777200261765808, 9287.5148317852982]
    [-0.5339253114531799, 0.074105834821462685, -0.8422770673923462, 25192.816898248144]
  #209 data/objects/space/3d/asteroid/angular_smooth_01/angular_smooth_01_01300_cluster_01.cgf
    [0.080544519969531853, -0.73360317031180133, 0.67478702206617636, 492.08839653358552]
    [-0.33094195526543835, -0.65826478686820789, -0.67613863145957542, 3532.9032903935718]
    [0.94020665754160271, -0.16885619685227166, -0.29579990236073506, 22769.675083577382]
  #210 data/objects/space/3d/asteroid/angular_smooth_01/angular_smooth_01_03500_cluster_01.cgf
    [-0.69294068393487529, -0.37092265924438195, -0.61826291126156763, 8510.630316469731]
    [0.60492734746404442, 0.16747432475694604, -0.77846945532371781, -1299.0306658734853]
    [0.39229523432316649, -0.91343755639943269, 0.10833151767168604, 34254.489867611119]
  #211 data/objects/space/3d/asteroid/angular_smooth_01/angular_smooth_01_03900_column_01.cgf
    [0.25159723223166996, 0.21895569913622928, -0.72715634220400793, 21066.799993392782]
    [0.75855284386133881, -0.036153037220529302, 0.25157434771452869, -30729.913335797861]
    [0.035993433590346027, -0.76860293466384855, -0.21898199246257974, 8147.948946789641]
  #212 data/objects/space/3d/asteroid/angular_smooth_01/angular_smooth_01_03900_column_01.cgf
    [0.80314698897934744, 0.45672482458470393, -0.76574028074064493, 37679.761608538967]
    [-0.85701579695652252, 0.11118779950834821, -0.83256352661808941, -8800.6371231956109]
    [-0.24592614075707142, 1.1041016876609893, 0.40060033130761441, 34369.052827104708]
  #213 data/objects/space/3d/asteroid/angular_smooth_01/angular_smooth_01_03500_cluster_01.cgf
    [-0.62855075465733279, 0.75328812308552873, -0.19360007304002563, 25968.015758153808]
    [0.59896543759404242, 0.62760388012042478, 0.49734677044160031, 15140.89677371586]
    [0.49614956336834481, 0.19664793189655955, -0.84567442759807476, 19863.834991784213]
  #214 data/objects/space/3d/asteroid/angular_smooth_01/angular_smooth_01_00900_cluster_01.cgf
    [-0.62247813463810975, -0.17589965980613709, 0.76262025629983088, 13232.975698343284]
    [0.6714476339420461, -0.62066170050857083, 0.40490307746016496, -12092.720811025703]
    [0.40210498692799435, 0.76409929782926089, 0.50445338365972292, 26768.745789389504]
  #215 data/objects/space/3d/asteroid/angular_smooth_01/angular_smooth_01_02200_column_01.cgf
    [-0.84097190797272647, -0.53707121343993025, 0.065734374698580053, 28349.746651083267]
    [0.33383652130029284, -0.61062994157303596, -0.71811175858829257, -30629.697636569563]
    [0.42581647850802051, -0.58196720910272248, 0.69281652728724419, 14039.537672486578]
  #216 data/objects/space/3d/asteroid/angular_smooth_01/angular_smooth_01_02200_column_01.cgf
    [0.87376084628416717, -0.1533154301353333, 0.46155871512563074, 27698.497350600621]
    [0.34733115135045811, 0.86100722681696551, -0.37152080937109461, 4042.6013146292516]
    [-0.34044550214031416, 0.48493403610862973, 0.80556559374209447, 38239.113391461258]
  #217 data/objects/space/3d/asteroid/angular_smooth_01/angular_smooth_01_01400_01.cgf
    [0.58523183145826141, -0.1000750297549886, 0.80466580141048849, 28655.185475103008]
    [-0.49580291166210261, -0.82939711445802144, 0.25744564359904282, 6539.7989290698297]
    [0.64162413945192776, -0.54962148342316675, -0.53500752211938807, 27051.043092425884]
  #218 data/objects/space/3d/asteroid/angular_smooth_01/angular_smooth_01_03400_01.cgf
    [-0.34342442267449425, -0.7082821374484275, -0.32077287038365976, 18282.673815933507]
    [-0.77713285582552127, 0.32393582464168502, 0.11674442428731223, -21642.089902276257]
    [0.024966878041813738, 0.34044257955959817, -0.77844374216487011, 1860.768529417493]
  #219 data/objects/space/3d/asteroid/angular_smooth_01/angular_smooth_01_03500_cluster_01.cgf
    [0.68236976592268217, -0.55550235622067379, -0.47517189349930694, 33843.642420319928]
    [0.07974298479743544, 0.702710433672736, -0.70699278381528352, -13797.488652133055]
    [0.72664451591822599, 0.44453894342854583, 0.5238058503350379, 34840.54104009577]
  #220 data/objects/space/3d/asteroid/angular_smooth_01/angular_smooth_01_03500_cluster_01.cgf
    [-0.44565464628265011, 0.21838621179467224, 0.86815823192783415, 26421.061785283648]
    [-0.839519108323869, 0.2347425372433613, -0.49000298456953267, 6969.0782401779288]
    [-0.31080366781166896, -0.9472078550275681, 0.078725322281283747, 3311.2677368577342]
  #221 data/objects/space/3d/asteroid/angular_smooth_01/angular_smooth_01_01300_cluster_01.cgf
    [0.94109833980703528, -0.33537971037730163, -0.043077881111934925, 15875.521174427997]
    [-0.28018964213575781, -0.84478722947208074, 0.45588336284858716, 4809.4742013362411]
    [-0.18928554729216046, -0.41696082064090612, -0.88899718492140567, 33234.807730117071]
  #222 data/objects/space/3d/asteroid/angular_smooth_01/angular_smooth_01_03500_cluster_01.cgf
    [-0.72442106108967008, 0.37421292242326409, -0.57895500818568402, 11348.123836135896]
    [0.55142472817382371, -0.18945904092967053, -0.81243222950013694, -18914.527158524197]
    [-0.41370881301982187, -0.90778854755035254, -0.069101791064201556, 25692.322149332544]
  #223 data/objects/space/3d/asteroid/angular_smooth_01/angular_smooth_01_00900_cluster_01.cgf
    [0.15622516344978751, -0.81361510208116128, 0.56001949036229637, 22374.914078461174]
    [-0.71309167879349489, -0.48522251482318512, -0.50602078451308341, 10228.538187175236]
    [0.68344101541805324, -0.32029243261310886, -0.65598689138595978, 4912.1536033548118]
  #224 data/objects/space/3d/asteroid/angular_smooth_01/angular_smooth_01_01400_01.cgf
    [0.54103908702801073, 0.71907874322412535, -0.014247362922200931, 32827.652203044665]
    [-0.2467454899557375, 0.20232639474285702, 0.84153503383756323, -28074.934549965888]
    [0.67556930769057855, -0.50198636538525421, 0.31877314735231776, 15490.01008015898]
  #225 data/objects/space/3d/asteroid/angular_smooth_01/angular_smooth_01_03900_column_01.cgf
    [-0.35401962626266803, -1.1446510601666597, 0.066685110606509085, 23180.769162102202]
    [0.87843686873096727, -0.31561949234138786, -0.7541457770250507, 2819.9753860342162]
    [0.73690000757999308, -0.17366961683013543, 0.93103173539632877, 35361.478906330158]
  #226 data/objects/space/3d/asteroid/angular_smooth_01/angular_smooth_01_01300_cluster_01.cgf
    [0.87181095228222705, -0.13293190527598456, 0.47146010332330107, 19304.310723759991]
    [-0.47937431154032345, -0.033620005321742912, 0.87696626027605606, -21434.751600355521]
    [-0.10072631186121098, -0.99055472377200193, -0.093034436081353339, -3223.3423501978214]
  #227 data/objects/space/3d/asteroid/angular_smooth_01/angular_smooth_01_01300_cluster_01.cgf
    [0.94513207204296579, 0.28685257665638314, 0.15634466340722417, 28248.125166502068]
    [0.32669206054866667, -0.82900303335605519, -0.45390412685442694, 6267.7104479108566]
    [-0.00059336733201877838, 0.4800752629188545, -0.87722863494254233, 34421.552149328425]
  #228 data/objects/space/3d/asteroid/angular_smooth_01/angular_smooth_01_00900_cluster_01.cgf
    [-0.62585456641590209, 0.39054923581173434, 0.67511310450113271, 24008.516373128205]
    [0.76084405176420922, 0.11535023410418972, 0.63860081440055627, 5576.2581109753673]
    [0.1715305755756345, 0.91332686682529085, -0.36933946951783075, 36332.028780133151]
  #229 data/objects/space/3d/asteroid/angular_smooth_01/angular_smooth_01_03500_cluster_01.cgf
    [0.3166093560265601, 0.78952002228671014, 0.52575221496278279, 38744.253440779925]
    [0.44908323528331784, -0.61297584513356884, 0.65006430645259061, -8869.5087942115733]
    [0.83551271978189989, 0.03029008327179598, -0.5486344387581521, 32228.5109261]
  #230 data/objects/space/3d/asteroid/angular_smooth_01/angular_smooth_01_01300_cluster_01.cgf
    [-0.69459910107506084, -0.3489348870162356, 0.62910243790750564, 28235.306649679856]
    [-0.64546181145833714, 0.68842441595082715, -0.33082354427121274, 6361.7506916190705]
    [-0.31765465950796634, -0.6358534517624419, -0.70340546567904116, 27588.553645451939]
  #231 data/objects/space/3d/asteroid/angular_smooth_01/angular_smooth_01_01300_cluster_01.cgf
    [-0.64991962711976925, -0.75956344358180239, -0.025827202151841817, 28594.505228386915]
    [-0.35965865841546341, 0.33732305800778345, -0.86997585878885397, -29061.79576133607]
    [0.66951424079225297, -0.55612563384793634, -0.49241664438353605, 12458.027981391508]
  #232 data/objects/space/3d/asteroid/angular_smooth_01/angular_smooth_01_02200_column_01.cgf
    [-0.19865417667721216, 0.70481821195383942, -0.68100425076552917, 35553.819668804375]
    [0.37170886080502263, -0.58875512924829576, -0.7177735742953224, -11407.774848394676]
    [-0.90684509386198875, -0.39572423384958766, -0.14502858289463369, 30025.251185936198]
  #233 data/objects/space/3d/asteroid/angular_smooth_01/angular_smooth_01_01300_cluster_01.cgf
    [0.99164630658614961, -0.081138776977654162, 0.10026462823426294, 41973.970515206638]
    [-0.12878180894242108, -0.57948999286905556, 0.80473939136870642, -4969.3168581569771]
    [-0.0071932252781491037, -0.81092955378721321, -0.58509863311659271, 29176.801348267247]
  #234 data/objects/space/3d/asteroid/angular_smooth_01/angular_smooth_01_01400_01.cgf
    [-0.40754137517868394, -0.39978731573968329, -0.69575950456934754, 4398.6297303501387]
    [-0.53514621456189349, -0.44606746998188102, 0.56977495537404732, -498.86340681130423]
    [-0.59793788562441907, 0.67171055738694507, -0.03572632835006441, 30289.350538304723]
  #235 data/objects/space/3d/asteroid/angular_smooth_01/angular_smooth_01_01300_cluster_01.cgf
    [-0.30480989254399643, -0.89339180127016993, -0.33006469204695027, 37517.315212366244]
    [0.043436132340359361, -0.35923538191124016, 0.93223598133513697, -7828.6512683438887]
    [-0.95142257379153961, 0.26981792362965096, 0.14830393209067513, 28247.189949550524]
  #236 data/objects/space/3d/asteroid/angular_smooth_01/angular_smooth_01_03500_cluster_01.cgf
    [-0.88502414802566276, 0.13266826098242368, 0.44624157335831288, 25982.818777984638]
    [-0.38212549093118575, -0.75452908686392373, -0.53354111192189024, 13391.874251026509]
    [0.26591825519509421, -0.642716999509229, 0.718472332069791, 24414.339276772418]
  #237 data/objects/space/3d/asteroid/angular_smooth_01/angular_smooth_01_03500_cluster_01.cgf
    [-0.44318665387126671, 0.82315852059979544, 0.35495762976376305, 15856.758407785797]
    [0.89195219188392039, 0.44445363620082112, 0.082954998610695899, -22004.531025479093]
    [-0.08947712756354359, 0.35336991151622765, -0.93119430217927845, 450.64099185033115]
  #238 data/objects/space/3d/asteroid/angular_smooth_01/angular_smooth_01_03500_cluster_01.cgf
    [0.61011030347029005, 0.42540004929858982, -0.66843032677211267, 39891.107375436884]
    [0.66007296929231096, 0.19374661558511311, 0.72578565034827724, 3811.8440110551628]
    [0.43825560909308153, -0.88402258630568775, -0.16258835780085942, 13808.592252361155]
  #239 data/objects/space/3d/asteroid/angular_smooth_01/angular_smooth_01_03900_column_01.cgf
    [0.37018965464851494, 0.384334689054463, 0.59602448512512951, 39125.621642983853]
    [-0.045320477080749363, -0.65814351079159106, 0.45253938397463866, -7169.1412876016302]
    [0.70774599570498442, -0.24317213343716299, -0.28277489204530176, 28072.911512311024]
  #240 data/objects/space/3d/asteroid/angular_smooth_01/angular_smooth_01_00800_cluster_01.cgf
    [-0.42125968958356952, -0.40186796171826666, 0.22730440727628798, 4232.2650369125549]
    [-0.44720835810587911, 0.27867995691274072, -0.33610570412627788, -18955.526375056907]
    [0.11475990877942795, -0.38918440519936442, -0.47538462362324935, 18252.449136069466]
  #241 data/objects/space/3d/asteroid/angular_smooth_01/angular_smooth_01_03900_column_01.cgf
    [0.2849752284242138, 1.0162208761061762, 0.57103817756562325, 41576.763160411858]
    [0.001413429201797533, 0.58755351531932043, -1.0463169782339892, 3405.813812742967]
    [-1.165670395733444, 0.24915125464024915, 0.13833485066580672, 15455.865314140827]
  #242 data/objects/space/3d/asteroid/angular_smooth_01/angular_smooth_01_00900_cluster_01.cgf
    [-0.053144090381480311, 0.26391701053990158, 0.96307959184295699, 11886.159246286708]
    [0.44041352204391193, -0.85938185266335909, 0.25980289438911075, 4840.9959251417713]
    [0.89622007245854074, 0.43796053004781632, -0.070561596225099985, 35722.02887434516]
  #243 data/objects/space/3d/asteroid/angular_smooth_01/angular_smooth_01_03400_01_lp.cgf
    [0.58534833517037033, 0.58041116990204478, 0.2352364105487047, 4137.6563146200479]
    [-0.5920221188212943, 0.61784016444963219, -0.051276802755437258, -20274.538990891517]
    [-0.20426234557853382, -0.1274455708426715, 0.82272746953834264, 11601.526944908745]
  #244 data/objects/space/3d/asteroid/angular_smooth_01/angular_smooth_01_00900_cluster_01.cgf
    [0.36990173935466042, -0.41196078203471304, -0.28997382043530895, 4341.8239021148338]
    [-0.48340030396003386, -0.39153580415207989, -0.060395856219075776, -18894.363758142936]
    [-0.14184727210576872, 0.26002274397143821, -0.55035563344424865, 18539.812042160429]
  #245 data/objects/space/3d/asteroid/angular_smooth_01/angular_smooth_01_03500_cluster_01.cgf
    [0.73384614218748812, 0.0006535901212108853, 0.67931471371961594, 43419.931894776666]
    [0.67482234520619999, 0.11411731226261704, -0.72910294836314438, -2616.7512863510119]
    [-0.077998140147149994, 0.99346659718451491, 0.083303530967635112, 14967.979319447168]
  #246 data/objects/space/3d/asteroid/angular_smooth_01/angular_smooth_01_03400_01.cgf
    [0.30504600020236644, -0.79051932463438801, -0.067275716250647793, 26924.014182826173]
    [0.7866670516242722, 0.31073096342969314, -0.084268055108315032, 11948.259277903042]
    [0.10296491881325968, -0.032021127440403127, 0.8431327058939968, 22170.453819662252]
  #247 data/objects/space/3d/asteroid/angular_smooth_01/angular_smooth_01_03900_column_01.cgf
    [-0.65540755004496376, -0.40728920767074667, 0.2110976216957926, 17654.423248155748]
    [0.22196600100356026, 0.040618459090263091, 0.76752002997071456, -10377.567470335298]
    [-0.40146954924274403, 0.68736555290667167, 0.079728031047806111, 27925.578311870813]
  #248 data/objects/space/3d/asteroid/angular_smooth_01/angular_smooth_01_01300_cluster_01.cgf
    [0.56548518628168276, -0.19868903954805339, 0.80046823829765124, 24494.350847306359]
    [-0.22654178629518668, 0.89579934849610765, 0.38239060809601211, -44.184417965321245]
    [-0.79303565747200744, -0.39757568293511614, 0.46154983824124507, 36875.215678744193]
  #249 data/objects/space/3d/asteroid/angular_smooth_01/angular_smooth_01_03500_cluster_01.cgf
    [-0.26324987299455821, -0.85062641328906063, -0.45511952315356963, 41777.036151915061]
    [-0.4888957668595964, -0.28906597778629561, 0.82305611024122483, -923.38918245122068]
    [-0.83167301536560112, 0.43917551898260049, -0.33977114358233451, 15407.026327293077]
  #250 data/objects/space/3d/asteroid/angular_smooth_01/angular_smooth_01_03400_01.cgf
    [-0.21816628144531608, -0.981824307680077, -0.58061531909111253, 2925.8763548368943]
    [-1.1135355687825246, 0.31145849311218449, -0.10826721756321396, -17629.42568896394]
    [0.247248168791836, 0.53638072503701917, -0.99992685088073274, 10434.170014558156]
  #251 data/objects/space/3d/asteroid/angular_smooth_01/angular_smooth_01_03900_column_01.cgf
    [0.40439787060253407, -0.64614663561590391, -0.24280852338697895, 28449.273711134287]
    [0.13219351713839267, -0.20370391081086289, 0.76225237437604765, -538.19055434756137]
    [-0.67748529709042271, -0.42543898916012513, 0.0037987134260674118, 14976.440042211203]
  #252 data/objects/space/3d/asteroid/angular_smooth_01/angular_smooth_01_03400_01_lp.cgf
    [1.4898723096389963, -0.10838135706831348, -0.37573008311573991, 3134.1744598272726]
    [-0.092524543330675862, -1.5356721550629209, 0.076087804495992659, -15344.041399710151]
    [-0.37994581561004193, -0.051025744008306749, -1.4918701899280598, 7962.2560878493996]
  #253 data/objects/space/3d/asteroid/angular_smooth_01/angular_smooth_01_03400_01.cgf
    [0.04633708262493471, 1.1111967863231391, -0.5706075850414164, 1858.1412844269744]
    [1.1846595423845794, -0.22017714825946796, -0.33256913760802709, -17653.720021915597]
    [-0.39614780408179556, -0.5284526135022094, -1.061274324513561, 8348.4200195103676]
  #254 data/objects/space/3d/asteroid/angular_smooth_01/angular_smooth_01_03500_cluster_01.cgf
    [0.5010221199231879, -0.86489595042926615, -0.030535322195169873, 30220.488682052764]
    [-0.079606767836981757, -0.081191316365074387, 0.99351462409180813, -1608.1762017661322]
    [-0.86176573004793788, -0.49534184226733219, -0.10953018504951907, 20060.978377840351]
  #255 data/objects/space/3d/asteroid/angular_smooth_01/angular_smooth_01_03500_cluster_01.cgf
    [-0.18959310630315501, 0.45489940153197927, -0.87012730967658991, 18390.685148148201]
    [-0.13644850813308707, -0.88980839052138327, -0.43545766648763057, -2113.6268887192905]
    [-0.97233574715086357, 0.036167791755161514, 0.23077181840289787, -7191.8597740231808]
  #256 data/objects/space/3d/asteroid/angular_smooth_01/angular_smooth_01_03500_cluster_01.cgf
    [-0.51713342633690962, 0.56272140110836577, 0.64491627590474288, 19479.263045874039]
    [0.71405947818043414, -0.13178817134090701, 0.68756839539238734, -370.33433323247027]
    [0.47190193876788711, 0.81607344121495218, -0.33366458840855689, -8430.9244225689235]
  #257 data/objects/space/3d/asteroid/angular_smooth_01/angular_smooth_01_02200_column_01.cgf
    [-0.34156062751839283, -0.77800122942135086, -0.84737873473052683, 30037.458692550579]
    [-0.94269410921888908, -0.3173013592578946, 0.67130317977982046, 343.29073364649867]
    [-0.65929086866014419, 0.85675797618543315, -0.52086621705519909, 21331.772061748859]
  #258 data/objects/space/3d/asteroid/angular_smooth_01/angular_smooth_01_01400_01.cgf
    [-0.53777270579054048, -0.0058197246894758844, 0.72164245769831303, 8362.5109163165507]
    [0.71664785215006666, 0.10164018066357772, 0.53487037562850104, 321.70490364680336]
    [-0.084956235539358632, 0.89422401752626635, -0.056098427462514151, 11686.814606426466]
  #259 data/objects/space/3d/asteroid/angular_smooth_01/angular_smooth_01_03500_cluster_01.cgf
    [-0.65668532511242628, -0.35843962082687492, 0.66353859261440828, 847.90334371130393]
    [0.61114250627224098, 0.26260381137815947, 0.74668742935862009, 5720.3687353467703]
    [-0.44189055510896297, 0.89585619289950025, 0.046609664602337522, 15193.732395631505]
  #260 data/objects/space/3d/asteroid/angular_smooth_01/angular_smooth_01_03900_column_01.cgf
    [-0.19218541232684153, -1.0449912872051863, -0.55772553023240179, -953.29082211571176]
    [0.097182041536368308, 0.54920351286908231, -1.0625116198772075, 5150.1819749251008]
    [1.1805169241525466, -0.21533346520341778, -0.0033287643207323995, 13727.312695671548]
  #261 data/objects/space/3d/asteroid/angular_smooth_01/angular_smooth_01_01400_01.cgf
    [-0.17196552350550209, -1.0772748802153969, -0.14108547777627922, 328.67231230387165]
    [1.0056379425248487, -0.10375623837810913, -0.43350362444735607, 2730.0656377240584]
    [0.41124032892804652, -0.19675338958073216, 1.0010833713575629, 12289.291600560235]
  #262 data/objects/space/3d/asteroid/angular_smooth_01/angular_smooth_01_03500_cluster_01.cgf
    [-0.73963583666835198, -0.081381311955324789, -0.66806722499539517, -2623.4506936586936]
    [0.66828797633424042, 0.028519525386298969, -0.74335437261883175, -834.54517203839441]
    [0.07954819756414111, -0.99627387031321935, 0.03329212411556226, 14867.569176714536]
  #263 data/objects/space/3d/asteroid/angular_smooth_01/angular_smooth_01_03900_column_01.cgf
    [-1.0685187777118337, 0.54611223544249032, -0.0054144972106330283, 5255.8179737789578]
    [0.33274972200976627, 0.6415576281882629, -0.95795704549771077, -886.61018790833623]
    [-0.43306525256878009, -0.85449722341051859, -0.72269582190855519, 839.37031652311998]
  #264 data/objects/space/3d/asteroid/angular_smooth_01/angular_smooth_01_03500_cluster_01.cgf
    [0.67405301442758647, -0.73090331346162674, -0.10692211839775646, 3478.2692162853805]
    [0.60735833245881754, 0.46599607090025735, 0.64339954708496017, -318.95910603297853]
    [-0.42043768744570625, -0.49862557853273276, 0.75802647889039421, 2335.3311022735102]
  #265 data/objects/space/3d/asteroid/angular_smooth_01/angular_smooth_01_03900_column_01.cgf
    [0.91355276799718577, -0.28039590885660426, -0.29461749124306957, 27097.742609332123]
    [-0.05527870437866518, 0.63205261299345428, -0.77295132512698628, -1736.6457818644622]
    [0.4029461461437463, 0.72241789877454365, 0.56191349387897505, 24164.909676816536]
  #266 data/objects/space/3d/asteroid/angular_smooth_01/angular_smooth_01_03500_cluster_01.cgf
    [0.33834071739382476, 0.81933736726868356, 0.46282956146226945, -1056.7466133248427]
    [-0.41193209997894065, -0.31325251483556443, 0.85567761006633614, 838.64825008401522]
    [0.84607143278394314, -0.48016508198651747, 0.23152535515685729, 14156.792654883106]
  #267 data/objects/space/3d/asteroid/angular_smooth_01/angular_smooth_01_03500_cluster_01.cgf
    [0.20358911613954458, 0.97853192688846713, 0.032013822702254259, 3745.23972169021]
    [0.76791514109373926, -0.13931439848136673, -0.62521674597639043, -6279.325667476026]
    [-0.60733512401560497, 0.15187136474749705, -0.77979310121418177, -2083.5315791693756]
  #268 data/objects/space/3d/asteroid/angular_smooth_01/angular_smooth_01_03500_cluster_01.cgf
    [-0.95308739242739937, 0.20976322437836017, -0.21822737289669875, 4266.2343275013027]
    [-0.29672149797428571, -0.50493290647312317, 0.81055443172408903, -4994.6546540523177]
    [0.059834348186447769, 0.83728222472835201, 0.5434866153992246, -124.57146813871168]
  #269 data/objects/space/3d/asteroid/angular_smooth_01/angular_smooth_01_01300_cluster_01.cgf
    [0.56570558481560584, -0.40950832767970646, -0.71573709165185873, 6299.2506974434982]
    [-0.070008520007789288, 0.84098840552102849, -0.53650421471072796, -4134.7124889401512]
    [0.82162975964336282, 0.35361121989697381, 0.44708288574739879, 76.913881947323716]
  #270 data/objects/space/3d/asteroid/angular_smooth_01/angular_smooth_01_03400_01.cgf
    [0.41712562352691657, -0.4546368743144395, -0.58464756520453509, 10308.735487727441]
    [0.1403175344732196, -0.61033313091409325, 0.57472228738467324, -2280.6843056548851]
    [-0.7271990460014035, -0.37854990504675945, -0.22446105602632205, 17271.166554255775]
  #271 data/objects/space/3d/asteroid/angular_smooth_01/angular_smooth_01_03900_column_01.cgf
    [0.16612935974240431, 0.35198835824137903, -0.92114274499386228, 19140.469908979998]
    [0.44002225536440748, 0.80950634927153042, 0.38868832042371632, -14553.213858755831]
    [0.8824852269450798, -0.46989614949723524, -0.020399952746830933, -6534.0926318983147]
  #272 data/objects/space/3d/asteroid/angular_smooth_01/angular_smooth_01_03500_cluster_01.cgf
    [-0.093435260619547905, -0.26474481967032742, -0.95978082602033721, 11148.263431895093]
    [-0.1648908079527692, -0.94657082191882103, 0.27715321035522572, -13697.451026954554]
    [-0.98187579407542069, 0.18415499182821743, 0.044789122106925719, -8173.3124594041246]
  #273 data/objects/space/3d/asteroid/angular_smooth_01/angular_smooth_01_01300_cluster_01.cgf
    [-0.95221855948315581, -0.034242635067192356, -0.30349041268830629, 9477.1339953686038]
    [0.29308872248251616, -0.38191832859300062, -0.87649105227180457, -7722.9340081176033]
    [-0.085895223404040363, -0.92356104611586121, 0.37370600526080161, -3739.058836141784]
  #274 data/objects/space/3d/asteroid/angular_smooth_01/angular_smooth_01_03900_column_01.cgf
    [-0.74556617556432758, -0.22093318240581777, 0.91395908257081637, 15142.359460538562]
    [0.43313589624747001, 0.95458754128518641, 0.58408691070102903, -2467.7037343327397]
    [-0.83458131484208997, 0.69278622444619131, -0.51334479054657622, -4344.4884611658208]
  #275 data/objects/space/3d/asteroid/angular_smooth_01/angular_smooth_01_01400_01.cgf
    [-1.0359574000785223, 0.29953586379628466, -0.2169554269783982, 17813.882128726651]
    [0.21685671617435906, 1.0146368139321307, 0.36535520556952022, -3932.1240405273425]
    [0.29960733576739895, 0.30131300650069276, -1.0146157116075485, -4879.9821920725262]
  #276 data/objects/space/3d/asteroid/angular_smooth_01/angular_smooth_01_03400_01.cgf
    [-0.46304368906561139, -0.2758467830287194, 0.65726562911864395, 15069.704995156133]
    [-0.69058072788726388, 0.3677889813584812, -0.33215739698747992, -13718.123115361919]
    [-0.1766007168692045, -0.71493973899588781, -0.42446715929184164, -7148.9956925753249]
  #277 data/objects/space/3d/asteroid/angular_smooth_01/angular_smooth_01_03500_cluster_01.cgf
    [0.41702083373394278, 0.075337501650983865, 0.90576902991796349, 15617.921583422396]
    [0.66531758606238856, 0.65365108436161845, -0.36068326835423098, -15022.434638133876]
    [-0.61922999312828586, 0.75303663339811167, 0.22246279431058699, -9599.1195490902792]
  #278 data/objects/space/3d/asteroid/angular_smooth_01/angular_smooth_01_03500_cluster_01.cgf
    [-0.17612783706738028, -0.69854443571946334, -0.69355179906001696, 13660.5690650098]
    [0.52517096885357151, 0.52923498681895498, -0.66641220265252099, -3939.1227051890378]
    [0.8325706457276828, -0.48160714456511161, 0.27364232096017654, -5510.2644702490225]
  #279 data/objects/space/3d/asteroid/angular_smooth_01/angular_smooth_01_00900_cluster_01.cgf
    [-0.88400678623182793, 0.27018844961786787, -0.38148275206335031, 13264.14385734405]
    [0.41676945891661249, 0.085888836725506124, -0.90494486703497756, -3383.1780424274339]
    [-0.21174065869144915, -0.95896829767813074, -0.18853271344220041, -6548.6721647564473]
  #280 data/objects/space/3d/asteroid/angular_smooth_01/angular_smooth_01_03900_column_01.cgf
    [-0.20500393111994902, -0.35816792874196568, -0.68533810424934916, 12235.105927246948]
    [0.69083821996102246, 0.23373323218075473, -0.3288016485747261, -8146.5877465529466]
    [0.34744083835451395, -0.6760796588310154, 0.2493999856625595, -6265.9141498689696]
  #281 data/objects/space/3d/asteroid/angular_smooth_01/angular_smooth_01_02200_column_01.cgf
    [0.59055477809168266, 0.40026628310818885, -0.96489924380587455, 9707.7543789860738]
    [-0.97571669927115345, -0.18455245684116234, -0.67373281607370616, -12379.842181759419]
    [-0.37312272894290294, 1.116120910698279, 0.23463191570107184, -6890.5550499743003]
  #282 data/objects/space/3d/asteroid/angular_smooth_01/angular_smooth_01_01300_cluster_01.cgf
    [0.028888818379997669, 0.80349994041601291, 0.5946031416624632, 19714.890658137534]
    [-0.3600924431434554, -0.54654671905849905, 0.75605537523925304, -16002.637570111407]
    [0.93246902506967222, -0.23595368992379395, 0.27354522048056568, -6777.3408193224623]
  #283 data/objects/space/3d/asteroid/angular_smooth_01/angular_smooth_01_02200_column_01.cgf
    [-0.37020723355436719, -0.38867588457177571, 0.84372853808650217, 20225.258747049542]
    [-0.43909511515383609, -0.72717494806263216, -0.5276478558312957, -3559.7949617653157]
    [0.81862217724495945, -0.56581608024840735, 0.098539734423562619, -4568.5664043949273]
  #284 data/objects/space/3d/asteroid/angular_smooth_01/angular_smooth_01_02200_column_01.cgf
    [0.92604719936751723, 0.66914184239495722, -0.36699958403724847, 8347.6242773893537]
    [-0.48724594889622957, 0.074234923663255792, -1.0941131005415194, -7531.4237929514766]
    [-0.58739329687309505, 0.99334852204482904, 0.32898441288845759, -4013.4703979773622]
  #285 data/objects/space/3d/asteroid/angular_smooth_01/angular_smooth_01_01400_01.cgf
    [0.55783719080527439, -0.45191768254757564, 0.54275994114134585, 9322.6753708927972]
    [-0.67402313564933314, -0.13403806599379589, 0.58114274186858128, -6581.2499782788491]
    [-0.2109757287376185, -0.76668408227764884, -0.42152702975984774, -3523.0399644544786]
  #286 data/objects/space/3d/asteroid/angular_smooth_01/angular_smooth_01_01400_01.cgf
    [0.87404261934764871, -0.013563599031674577, -0.21416262003913425, 22492.486431010722]
    [0.13805195964276334, 0.72319760670303479, 0.51761663185664042, 1227.5785522306214]
    [0.16429015636827263, -0.53553837389782633, 0.70441996996122846, -3779.226081165114]
  #287 data/objects/space/3d/asteroid/angular_smooth_01/angular_smooth_01_00900_cluster_01.cgf
    [-0.2481215316777157, 0.94353519663018537, -0.21949521309346745, 22057.917414372929]
    [0.72491064428046526, 0.030541227968690795, -0.68816633275397154, 2751.6074138170752]
    [-0.64260514599541596, -0.32986311774311311, -0.69155625962462952, -3512.5703065319385]
  #288 data/objects/space/3d/asteroid/angular_smooth_01/angular_smooth_01_00900_cluster_01.cgf
    [-0.8600889946449658, -0.49032067978569149, -0.14082423668319166, -5837.3932308979638]
    [-0.42817805132311676, 0.54378153595993406, 0.72177843614677728, -14780.992426081159]
    [-0.27732542441695568, 0.68109190679074016, -0.67764543593859117, 20205.885697157682]
  #289 data/objects/space/3d/asteroid/angular_smooth_01/angular_smooth_01_03500_cluster_01.cgf
    [-0.75203979857803804, 0.57763544725585314, -0.31744943155913674, -7551.1298650959307]
    [0.61088948982417035, 0.79168853477634626, -0.0066336486967416269, -12645.721182212699]
    [0.24748915682521044, -0.19891521848817212, -0.94825237319857725, 15508.869699971587]
  #290 data/objects/space/3d/asteroid/angular_smooth_01/angular_smooth_01_01300_cluster_01.cgf
    [-0.51744030350574666, -0.51310664204480605, 0.68481461578273684, -3126.6129800490535]
    [-0.85068990036369296, 0.22183837422904445, -0.47655889555321224, -16119.403462493459]
    [0.092607653675946866, -0.8291581642854341, -0.55128442103121167, 26008.516458607817]
  #291 data/objects/space/3d/asteroid/angular_smooth_01/angular_smooth_01_03900_column_01.cgf
    [0.54510485386807295, -0.7255859485156444, -0.4199818568678963, -3978.1091453016497]
    [-0.81905704216441233, -0.56780689402162754, -0.082097035722876188, -14741.806050064974]
    [-0.17890022488090293, 0.38874077855333328, -0.90381101294429778, 22589.460412552537]
  #292 data/objects/space/3d/asteroid/angular_smooth_01/angular_smooth_01_03400_01.cgf
    [0.10322951808066677, -0.84289787700658114, -0.03697021506652004, -5819.1560753922558]
    [0.7891132585694598, 0.083276460132942529, 0.30473801470287282, -14114.2567275576]
    [-0.29856974564438904, -0.071331349299995017, 0.79263352620256988, 18866.106749930041]
  #293 data/objects/space/3d/asteroid/angular_smooth_01/angular_smooth_01_03500_cluster_01.cgf
    [-0.76153501675845992, 0.30832052911745772, 0.57009080748983887, -7066.2519593124798]
    [-0.39404688424722895, -0.91861517851212793, -0.029561225129815235, -12032.597977528532]
    [0.51457956670930538, -0.24715433304082615, 0.8210500985892405, 20320.872679809465]
  #294 data/objects/space/3d/asteroid/angular_smooth_01/angular_smooth_01_02200_column_01.cgf
    [0.3195615752380867, 1.1101411888739714, 0.32475662635638181, -7478.5112416085431]
    [0.84706219276913275, -0.45403864911842906, 0.71856417434589748, -13976.078950918531]
    [0.78763314250864402, 0.03788630145234801, -0.90454330297104124, 13590.14234807822]
  #295 data/objects/space/3d/asteroid/angular_smooth_01/angular_smooth_01_00900_cluster_01.cgf
    [-0.46989512116396603, 0.47479580608184513, 0.74415725228258267, 21273.333623972787]
    [0.28969751631552121, -0.71338510405546041, 0.63809054282583522, -4936.2873410643715]
    [0.83383237082658934, 0.51541549678899035, 0.1976687671910724, 38819.865353961883]
  #296 data/objects/space/3d/asteroid/angular_smooth_01/angular_smooth_01_03400_01.cgf
    [0.26423121207946754, -0.70026356566316128, 0.41792129530357031, 5665.9110077643545]
    [0.81536933488159735, 0.21924065311899313, -0.14816135682147993, -20163.174072716945]
    [0.014146313945336086, 0.44318154127304976, 0.73364528702710763, 11188.415163637977]
  #297 data/objects/space/3d/asteroid/angular_smooth_01/angular_smooth_01_01400_01.cgf
    [0.077711655853155218, -0.78444230647774937, -0.43430533456629705, 11173.88933043858]
    [-0.7578088377455422, -0.29047161211078099, 0.38905265102917397, -20145.107704253889]
    [-0.47926675375997552, 0.3320940644545553, -0.68558505553632243, 20059.670915448667]
  #298 data/objects/space/3d/asteroid/angular_smooth_01/angular_smooth_01_01700_column_01.cgf
    [0.156183711434074, -2.022109979384815, 0.51176510281093179, 6982.1406206311958]
    [1.838787294066212, 0.37575394015321628, 0.92352363507386959, -17283.416389607024]
    [-0.98473020485988871, 0.38092761600038788, 1.8056650342477496, 13997.909544085685]
  #299 data/objects/space/3d/asteroid/angular_smooth_01/angular_smooth_01_00800_cluster_01.cgf
    [-0.57538393524797893, -0.056690779720068599, 0.23736681000080359, 4162.9395076197143]
    [0.21099829573027842, 0.18988856411139607, 0.55681735996222992, -18689.138835501257]
    [-0.12262367713514757, 0.59274953281391973, -0.15567576912099143, 17876.648686231689]
  #300 data/objects/space/3d/asteroid/angular_smooth_01/angular_smooth_01_03400_01_lp.cgf
    [-0.91473370321542802, -0.5737919673176799, 0.4274502880220265, 4315.6687271946803]
    [0.52336776669493812, -1.0096526479694767, -0.23532196990420248, -20400.183213491229]
    [0.4878905115629526, 0.0072819624105151283, 1.0538493915341556, 13406.378747388768]
  #301 data/objects/space/3d/asteroid/angular_smooth_01/angular_smooth_01_02200_column_01.cgf
    [-0.52586251859317079, 1.131759592728151, -0.071320841783945696, 5515.4263358507751]
    [-1.0403544299537302, -0.45019623748221399, 0.52676734380428392, -21441.290258923782]
    [0.45125280972046006, 0.28096512006080315, 1.1313387334015939, 9772.3329673160824]
  #302 data/objects/space/3d/asteroid/angular_smooth_01/angular_smooth_01_01300_cluster_01.cgf
    [-0.0053075006973075803, -0.51081954620958492, 1.1408488503921519, 3506.3813013453155]
    [1.2257823621407582, -0.22556085379582946, -0.0952931251142108, -21093.04896590974]
    [0.24480667657456598, 1.1183409901455115, 0.50188046252009577, 15842.900839377186]
  #303 data/objects/space/3d/asteroid/angular_smooth_01/angular_smooth_01_03500_cluster_01.cgf
    [0.12589840501936184, -0.64912973767188131, 0.75018674582611256, 34527.895788035472]
    [-0.7330732558863714, 0.44862268298903785, 0.51121548112457338, -11727.633363691919]
    [-0.66839596905374332, -0.61430306063644924, -0.41937877458802741, 33837.124573860841]
  #304 data/objects/space/3d/asteroid/angular_smooth_01/angular_smooth_01_01400_01.cgf
    [0.20809712870336555, 0.65153180495376239, 0.58498056286354561, 45740.170664492201]
    [-0.55704899459825497, -0.36539797835316834, 0.60512899600129366, -1900.5556174416542]
    [0.67556818265185592, -0.50198704297835517, 0.31877422423928636, 20200.059174681424]
  #305 data/objects/space/3d/asteroid/angular_smooth_01/angular_smooth_01_02200_column_01.cgf
    [-1.3187072346935729, 0.89944600463461677, -0.30433600465515337, 3172.3608437222233]
    [-0.91236439381513867, -1.3445402551173791, -0.02037167354523341, -20289.197869679632]
    [-0.26308692837343867, 0.15433948597661029, 1.5961130539542969, 15859.592612108467]
  #306 data/objects/space/3d/asteroid/angular_smooth_01/angular_smooth_01_03400_01.cgf
    [0.0079203884754558886, 0.96240700611752827, 0.64992040367274784, 6725.7149701412873]
    [-1.1610989678397081, 0.018734064034380615, -0.013591571438721561, -20596.010520804753]
    [-0.021747722083381712, -0.64969862129183065, 0.96234362218675951, 12514.911382686261]
  #307 data/objects/space/3d/asteroid/angular_smooth_01/angular_smooth_01_03400_01.cgf
    [0.37015783534701424, -1.0898204744981665, 0.15479530061725927, 5393.4948971679542]
    [1.0615842823496566, 0.39661806051705262, 0.25381095393469505, -18544.134713385112]
    [-0.29104821455690305, 0.060601338546821537, 1.1226332835645647, 12996.715974195842]
  #308 data/objects/space/3d/asteroid/angular_smooth_01/angular_smooth_01_02200_column_01.cgf
    [-0.082784128964112524, 0.66253977575390199, 0.74443867108579698, 26218.400285402051]
    [0.11682063455040331, 0.74830419515532254, -0.6529891823978029, -1316.7366401422569]
    [-0.98969734202293347, 0.032908639128338392, -0.13934595127174126, 36221.251148564777]
  #309 data/objects/space/3d/asteroid/angular_smooth_01/angular_smooth_01_02200_column_01.cgf
    [-1.0299267320801822, -0.60594959322138875, 0.10990392359014532, 43109.052418399224]
    [-0.33751901956559521, 0.73453413710174897, 0.8868728027528564, -5186.7293173864427]
    [-0.51510648741513088, 0.73026539511746091, -0.80086241934293734, 28948.565948282339]
  #310 data/objects/space/3d/asteroid/angular_smooth_01/angular_smooth_01_03500_cluster_01.cgf
    [-0.43384397202598107, 0.33304845705318925, 0.12205984184223559, 3262.7987096899546]
    [0.096214447214168608, -0.075115434805920436, 0.54693776922107995, -20002.160180703348]
    [0.3414127412434011, 0.4443836951416526, 0.00097129205645362759, 18678.311778421714]
  #311 data/objects/space/3d/asteroid/angular_smooth_01/angular_smooth_01_03400_01.cgf
    [-0.45374241241755819, 1.1202801343408337, 0.31872596377590601, 5697.1690880576489]
    [-1.0454091573876585, -0.54252932673250309, 0.41866170053553353, -18258.686667429181]
    [0.51354991289418239, -0.11458772380391589, 1.1338571941518552, 15302.641181886267]
  #312 data/objects/space/3d/asteroid/angular_smooth_01/angular_smooth_01_01400_01.cgf
    [0.17430818359088621, -0.41388420880690829, -0.77994775337625721, 22823.665097662932]
    [-0.87262174402965254, 0.040551222547821481, -0.21653837849136556, -4833.967851357118]
    [0.13472166916661443, 0.7981587807030015, -0.39343946396720914, 38409.223287697932]
  #313 data/objects/space/3d/asteroid/angular_smooth_01/angular_smooth_01_00900_cluster_01.cgf
    [0.626529480163736, 0.04626810515786052, -0.77802340776148404, 47256.9002283671]
    [-0.25848673005216949, -0.9294040499511953, -0.26342564874208041, -1450.4031175851451]
    [-0.73528618303802507, 0.36615259725058658, -0.57033924523388224, 19918.076566212469]
  #314 data/objects/space/3d/asteroid/angular_smooth_01/angular_smooth_01_03400_01_lp.cgf
    [0.16374839034627736, 1.1445514561168431, 0.10900030528343287, 27039.082972718512]
    [-1.1316650920250699, 0.17989021395911589, -0.1888551508582631, -18243.276457950371]
    [-0.20301039811536004, -0.079587139756507774, 1.140677563132757, 16954.675299357292]
  #315 data/objects/space/3d/asteroid/angular_smooth_01/angular_smooth_01_05100_01.cgf
    [0.91336396581259105, 0.67123478525009572, 0.52697916740149564, 5393.3739082290576]
    [-0.65223681299312031, 1.0468495414398042, -0.2029534212908678, -20305.39073268947]
    [-0.55031838019594892, -0.12667602183266186, 1.1151680500090457, 9751.7194953100334]
  #316 data/objects/space/3d/asteroid/angular_smooth_01/angular_smooth_01_00800_cluster_01.cgf
    [0.61791305382891593, -0.058544373645975943, 0.073358328531272582, 26642.326563200935]
    [-0.087802913643256597, -0.18798983680143805, 0.5895556799470274, -21771.599754451767]
    [-0.033159258228383018, -0.59317603434094279, -0.19408267830997786, 20556.336316096978]
  #317 data/objects/space/3d/asteroid/angular_smooth_01/angular_smooth_01_03400_01.cgf
    [1.1821913920134008, -0.20778352874107997, -0.34892609476191905, 24806.666965262848]
    [-0.0064771717483585386, 1.0642112484864792, -0.65567702919461246, -19583.886921675999]
    [0.40605598218477357, 0.62191665482702363, 1.0054044537166151, 18773.869377626495]
  #318 data/objects/space/3d/asteroid/angular_smooth_01/angular_smooth_01_00900_cluster_01.cgf
    [0.16288613069065885, 0.58932498201175521, 0.1295711854341767, 26574.185166631625]
    [0.57378304997914886, -0.19280891688584711, 0.1556349935434824, -21895.300216540956]
    [0.18672342668931224, 0.078391997266931857, -0.59128129919628791, 20836.294524441342]
  #319 data/objects/space/3d/asteroid/angular_smooth_01/angular_smooth_01_01400_01.cgf
    [-0.19730387331103275, 0.72075166453497752, -0.80720938902292472, 33684.52398995174]
    [0.87622518511642655, -0.37511169664998306, -0.54910783830163601, -5245.3247064814086]
    [-0.63505856786944348, -0.7414897377487234, -0.50684550138003714, 13862.770468557304]
  #320 data/objects/space/3d/asteroid/angular_smooth_01/angular_smooth_01_03900_column_01.cgf
    [-0.89990421817480759, 0.76121694533870576, 0.22521621315709983, 33278.681060940784]
    [-0.072282563294854774, 0.26046002615565628, -1.16916080512774, -3416.8605264927683]
    [-0.79053703998177061, -0.89034292232410661, -0.14947190877437755, 11400.998335251603]
  #321 data/objects/space/3d/asteroid/angular_smooth_01/angular_smooth_01_03400_01.cgf
    [-1.1147280891854474, 0.30101629348389075, -0.12433905655497482, 24862.403621533071]
    [-0.1787326201002738, -0.93605241209940904, -0.66373959883509215, -18339.114660914252]
    [-0.27226028068716202, -0.61796828042133189, 0.94481705461959609, 16789.319928777426]
  #322 data/objects/space/3d/asteroid/angular_smooth_01/angular_smooth_01_02200_column_01.cgf
    [1.0765460897494898, 0.052635709947765126, 0.63306975017481293, 25407.21997458893]
    [-0.097437060455851349, -1.2172791122691271, 0.26690240161158263, -15814.870023000789]
    [0.62773708333810263, -0.27921381551528301, -1.0442629502814851, 12557.706444209658]
  #323 data/objects/space/3d/asteroid/angular_smooth_01/angular_smooth_01_05100_01.cgf
    [-0.067695425110761667, -1.2476506776744327, 0.035860319399699921, 25804.498993731067]
    [1.2352100773916801, -0.072126097204101527, -0.17763653172135152, -15582.434779134874]
    [0.17937179465835612, 0.025815870902987991, 1.23679430249351, 14521.010530648164]
  #324 data/objects/space/3d/asteroid/angular_smooth_01/angular_smooth_01_03400_01.cgf
    [0.93543162318919193, -0.65532781027891929, -0.21024477886641632, 25705.955900191246]
    [0.64508933066961671, 0.9585117228016854, -0.11749366083278237, -16120.617345826977]
    [0.23982735753407594, -0.022146465964115129, 1.1360819073691124, 17553.417128473087]
  #325 data/objects/space/3d/asteroid/angular_smooth_01/angular_smooth_01_02200_column_01.cgf
    [-0.33345361882516483, -0.94678506263812512, -0.74491807576133151, 4423.9390891147486]
    [-0.95877267065819638, 0.67655939526311826, -0.43071865645499391, -19428.518113834467]
    [0.72942433495846104, 0.45646647213652713, -0.90668335692450075, 8216.2384806324171]
  #326 data/objects/space/3d/asteroid/angular_smooth_01/angular_smooth_01_01300_cluster_01.cgf
    [-0.62507153682807171, 0.38881989888863211, 0.6768350421666125, 28894.131642534245]
    [-0.062586819154701434, -0.88927975283821725, 0.45306227550873129, -2113.2999198201801]
    [0.778054932600869, 0.24083525831839236, 0.58019816824531956, 15587.264162860909]
  #327 data/objects/space/3d/asteroid/angular_smooth_01/angular_smooth_01_03400_01_lp.cgf
    [1.2287431672624043, 0.82714030555685691, 0.42269048609697929, 5417.712646298799]
    [-0.83668326104507096, 1.2900038858609355, -0.092136845823528352, -20908.986605065751]
    [-0.40347174969330535, -0.15609930363275842, 1.4783374641171843, 15401.626204321874]
  #328 data/objects/space/3d/asteroid/angular_smooth_01/angular_smooth_01_01700_column_01.cgf
    [-0.42861992006309452, 1.1024500235123833, 0.4042047944950577, 5181.2122956467247]
    [0.13366249800576427, 0.47330375895945215, -1.149178182220604, -19452.334679098705]
    [-1.166581290293182, -0.35082774052594273, -0.28017957763815743, 10336.843549744717]
  #329 data/objects/space/3d/asteroid/angular_smooth_01/angular_smooth_01_02200_column_01.cgf
    [1.4445360341497104, 0.6086231589678669, 0.4283817520662862, 27962.554535058021]
    [-0.19256660026214181, 1.2090936815899695, -1.0684699353257783, -20388.842515489203]
    [-0.71892362570643542, 0.89904824597991795, 1.1469431114462152, 18326.350227430354]
  #330 data/objects/space/3d/asteroid/angular_smooth_01/angular_smooth_01_01700_column_01.cgf
    [1.4459336918087438, -1.5065427302532335, 0.12183221332070872, 27145.358251996979]
    [1.5068823232864266, 1.4499764129649066, 0.045960776771911939, -16317.774629925778]
    [-0.11755743297806311, 0.055997599553091519, 2.0876500775237821, 19286.871289232822]
  #331 data/objects/space/3d/asteroid/angular_smooth_01/angular_smooth_01_03400_01.cgf
    [-0.44974809090133389, 0.69627493074479985, 0.21857650604470819, 5156.1644415535493]
    [-0.63442041463369114, -0.49992514536086052, 0.28711217316533344, -19338.707656390827]
    [0.36067326720233012, -0.011130287508836358, 0.77758518792049403, 11453.199414787236]
  #332 data/objects/space/3d/asteroid/angular_smooth_01/angular_smooth_01_05100_01.cgf
    [-0.93618094652327044, -0.72376636276525386, 0.40276788445471762, 5913.9269103315928]
    [0.61476778320549075, -1.0145108260590636, -0.39411018483838117, -23265.410304030665]
    [0.55508583962408953, -0.09707995256638409, 1.1157731286916293, 13024.464676205895]
  #333 data/objects/space/3d/asteroid/angular_smooth_01/angular_smooth_01_02200_column_01.cgf
    [-0.52586224981945373, 1.1317590142742344, -0.07132085974464647, 2646.0182585826428]
    [-1.0403540417598065, -0.45019606949769053, 0.52676674535675205, -18286.37699251284]
    [0.45125225674752822, 0.28096489074032654, 1.1313383084481927, 10725.307784096549]
  #334 data/objects/space/3d/asteroid/angular_smooth_01/angular_smooth_01_03400_01.cgf
    [-1.0813905967824922, 0.62693240909803927, -0.0067828787102345569, 25144.324246668257]
    [-0.62475461032635171, -1.0786435947467785, -0.093303527363006983, -16534.28547836874]
    [-0.05264912057230909, -0.077328039965717521, 1.246492807908929, 19790.483482284286]
  #335 data/objects/space/3d/asteroid/angular_smooth_01/angular_smooth_01_00800_cluster_01.cgf
    [0.38423193290975727, -0.099742745219520243, -0.48274438132825365, 28696.877036308855]
    [-0.47253064818809243, -0.24882893538388598, -0.32469043508264261, -20632.085718459555]
    [-0.14037642056579772, 0.5645887679429058, -0.22838326308496976, 18307.735365365534]
  #336 data/objects/space/3d/asteroid/angular_smooth_01/angular_smooth_01_03400_01.cgf
    [-0.29512551084949645, -0.80475691455645715, 0.0107089330221909, 4898.5317043617952]
    [-0.8048110750030123, 0.29516744700100234, 0.0016588280456976195, -16777.739355558453]
    [-0.0052446473092459377, -0.0094829653358315651, -0.85716393237823518, 11595.516123215544]
  #337 data/objects/space/3d/asteroid/angular_smooth_01/angular_smooth_01_03400_01.cgf
    [0.18693594885205111, -1.0752561046352771, 0.60940353110798096, 7973.5994137618909]
    [1.2278170566111748, 0.091016004573353959, -0.21604343466464571, -20404.242353044981]
    [0.14146953656875069, 0.63089919924786386, 1.0697878172174842, 14488.997388237272]
  #338 data/objects/space/3d/asteroid/angular_smooth_01/angular_smooth_01_03400_01_lp.cgf
    [-1.1425203370785533, 0.18908895942299161, -0.087084775746997523, 3067.7796390871367]
    [0.17979155861576421, 1.1411432335961933, 0.11898835761873053, -15453.48130055462]
    [0.10494469111436193, 0.10357895163892575, -1.1519327784054751, 10294.212418327965]
  #339 data/objects/space/3d/asteroid/angular_smooth_01/angular_smooth_01_01700_column_01.cgf
    [-0.47044693024549078, -1.7455040908015271, -1.0522022477244688, 2786.1060655834772]
    [-1.7313769188361952, 0.91199589133716441, -0.7388043546190779, -19385.362244132775]
    [1.0752897591080153, 0.70477895717590977, -1.6499312018318091, 9015.4536071557959]
  #340 data/objects/space/3d/asteroid/angular_smooth_01/angular_smooth_01_01700_column_01.cgf
    [1.1707592427511722, 0.36242504088005845, 0.2459012111960707, 4607.2825736240275]
    [-0.26185711410933749, 1.1418026358871571, -0.43613542952089296, -21856.08418620349]
    [-0.35107003249342711, 0.35697528042727605, 1.1453449270245344, 11903.392355260819]
  #341 data/objects/space/3d/asteroid/angular_smooth_01/angular_smooth_01_03500_cluster_01.cgf
    [0.35885957947739217, 0.89300912941523669, 0.27157635981847295, 32795.268819481083]
    [0.42977897984328506, 0.10019033074798685, -0.89735787082043039, -9710.649733469234]
    [-0.82855841852948231, 0.43874344965999468, -0.34784242794442566, 11153.691665286588]
  #342 data/objects/space/3d/asteroid/angular_smooth_01/angular_smooth_01_03500_cluster_01.cgf
    [0.75645648191776094, -0.56048191370185019, -0.33709503757673664, 31129.531053939729]
    [0.44756645581859655, 0.0677704018222023, 0.89167869170681824, -2518.6069547605639]
    [-0.4769248447834627, -0.82538878477425071, 0.30211834664300191, 11943.31084939458]
  #343 data/objects/space/3d/asteroid/angular_smooth_01/angular_smooth_01_02200_column_01.cgf
    [0.025287201575025262, 0.87625055443710786, -0.89109272883152268, 6206.5453423352328]
    [1.2114500287516967, -0.23612990199342546, -0.19781866775745216, -15895.260123672431]
    [-0.3070018132931171, -0.85960942486950498, -0.85400366006329387, 12678.038176274173]
  #344 data/objects/space/3d/asteroid/angular_smooth_01/angular_smooth_01_03500_cluster_01.cgf
    [0.21770884540087235, -0.059723199564058818, -0.51291054200162556, 28102.89597338155]
    [-0.51567903572034968, 0.0037631195555172438, -0.21932213084431701, -22054.16205699911]
    [0.026818217336354103, 0.55718955876200071, -0.05349583959391211, 20616.061860497633]
  #345 data/objects/space/3d/asteroid/angular_smooth_01/angular_smooth_01_03400_01_lp.cgf
    [0.82574475718883489, 0.096269809224982572, -0.20910095205885135, 3744.4214592246026]
    [0.10971857454525258, -0.84912556372346848, 0.042345008868101601, -15749.556205979457]
    [-0.20236827498372967, -0.06755286232327401, -0.8302585021648512, 11955.376908119895]
  #346 data/objects/space/3d/asteroid/angular_smooth_01/angular_smooth_01_02200_column_01.cgf
    [1.2093401076699575, -0.2296895075582443, -0.21734560922505486, 25859.064026237542]
    [-0.020093517089968191, 0.80159690461434197, -0.95892571810052307, -18949.745178292083]
    [0.31558300699295294, 0.93122769094421809, 0.77183044321076699, 13411.719164151651]
  #347 data/objects/space/3d/asteroid/angular_smooth_01/angular_smooth_01_01300_cluster_01.cgf
    [0.28808379803706807, -1.2007991313666955, -0.19388125981946852, 5033.4842171095297]
    [1.21470716653328, 0.29436982974054449, -0.018266756769338453, -15018.533229537175]
    [0.063205983679435487, -0.18419723379890743, 1.234737686385089, 5431.8891388750853]
  #348 data/objects/space/3d/asteroid/angular_smooth_01/angular_smooth_01_03500_cluster_01.cgf
    [-0.92283391258165337, -0.036389701670947405, -0.38347559324863195, 32693.066113141325]
    [-0.38255211345916962, -0.029909215264678223, 0.92344977694838759, -7612.8697439255029]
    [-0.045073512099828503, 0.99889008387830314, 0.013680279691439742, 12314.820723116314]
  #349 data/objects/space/3d/asteroid/angular_smooth_01/angular_smooth_01_03400_01_lp.cgf
    [-0.073455753034342264, -1.5374425235741291, 0.059294041773521294, 27131.892046539688]
    [1.4523788146494256, -0.08887967697302164, -0.50530904020843515, -18381.841813432315]
    [0.50778053865952388, 0.031810911097510226, 1.4538872153064206, 19284.179785239954]
  #350 data/objects/space/3d/asteroid/angular_smooth_01/angular_smooth_01_00800_cluster_01.cgf
    [0.47976876076487257, 0.059357376475350047, -0.3961360401046361, 27420.609577260962]
    [-0.35377157010423943, -0.22710034700561826, -0.46248917046087545, -21621.389340610618]
    [-0.18786361169156618, 0.57924714799951416, -0.14073069727074158, 20474.206666069294]
  #351 data/objects/space/3d/asteroid/angular_smooth_01/angular_smooth_01_01300_cluster_01.cgf
    [-0.95585786491667069, 0.63945577354618799, -0.48983355014591984, 28424.80908093202]
    [-0.80244063611747718, -0.8221814448876551, 0.49255613718944952, -19733.968570294808]
    [-0.070211243241290536, 0.69109972974532374, 1.039209505326822, 18666.184787531223]
  #352 data/objects/space/3d/asteroid/angular_smooth_01/angular_smooth_01_05100_01.cgf
    [0.11170666557969279, 1.2172863360818829, 0.26121735889126457, 28408.467708884014]
    [-1.2319960763493747, 0.14588415535869867, -0.15297840634462384, -15472.491428909421]
    [-0.17946086051707338, -0.24378412773669264, 1.2127910002712121, 18119.740032016121]
  #353 data/objects/space/3d/asteroid/angular_smooth_01/angular_smooth_01_01700_column_01.cgf
    [1.5120112187299353, 1.4270143934510227, 0.22954433314772174, 5190.5935510082309]
    [1.4219254235078409, -1.5281940569880947, 0.13412538808936855, -15362.171346389214]
    [0.25920796665741275, 0.059088498302847223, -2.0747429684063161, 8139.3779111411022]
  #354 data/objects/space/3d/asteroid/angular_smooth_01/angular_smooth_01_01700_column_01.cgf
    [-0.49982832604810878, -1.0779487445906855, 0.38819514968786129, 27831.080198368007]
    [1.0757438724157939, -0.58728694647752011, -0.24569592829929557, -16436.14607405497]
    [0.39426398664560708, 0.23583441703522862, 1.1625125213527105, 16199.238348893809]
  #355 data/objects/space/3d/asteroid/angular_smooth_01/angular_smooth_01_02200_column_01.cgf
    [1.218153799919645, 0.11266058993345296, -0.25671984956279803, 3110.8683521905514]
    [0.18093478137730876, -1.1902622987097693, 0.33620594150081629, -22624.484867190746]
    [-0.21414970131112668, -0.36480052314703609, -1.1762468506577914, 7445.0407309031407]
  #356 data/objects/space/3d/asteroid/angular_smooth_01/angular_smooth_01_01300_cluster_01.cgf
    [0.80050420449827797, 0.091277360715764477, -0.59232914292293881, 31112.76055762756]
    [0.17056729412056601, 0.91276101833754086, 0.37116906273864436, -12460.174555232796]
    [0.5745364812711613, -0.39815589707884469, 0.71510283516734363, 24890.410281858174]
  #357 data/objects/space/3d/asteroid/angular_smooth_01/angular_smooth_01_01400_01.cgf
    [-0.36732190927193825, 0.25268944958709988, -0.89510979334743124, 30607.462644292962]
    [-0.88983017833905143, 0.18461896522449994, 0.41727326358972677, -11993.768634846518]
    [0.27069494601156591, 0.94976984836174816, 0.15703619473545596, 25045.512308862209]
  #358 data/objects/space/3d/asteroid/angular_smooth_01/angular_smooth_01_02200_column_01.cgf
    [0.025287178909008421, 0.87624976901568941, -0.89109260995560879, 2037.8912018353567]
    [1.2114494357245116, -0.23612978640347279, -0.19781841999808031, -16644.604866259]
    [-0.30700156660888611, -0.85960933272488671, -0.85400291090059433, 13753.205876200806]
  #359 data/objects/space/3d/asteroid/angular_smooth_01/angular_smooth_01_02200_column_01.cgf
    [-0.86559894487499278, 0.84844506812388376, -0.30557927093490084, 28627.052564057132]
    [0.79004116177417549, 0.91770020371506578, 0.31009765658802796, -14486.255649491353]
    [0.43482489251577838, 0.021600006831799606, -1.1717337625805, 11924.779757894394]
  #360 data/objects/space/3d/asteroid/angular_smooth_01/angular_smooth_01_05100_01.cgf
    [1.2450136612157341, -0.087950675080121471, -0.068607771323720979, 5487.9075006467665]
    [-0.085484905100539105, -1.2462148007593228, 0.046285694498602252, -16743.8176415612]
    [-0.071656671238684494, -0.041409096442895421, -1.2472577810323087, 12940.910716603179]
  #361 data/objects/space/3d/asteroid/angular_smooth_01/angular_smooth_01_05100_01.cgf
    [-1.2411715924244489, 0.14197358807925897, -0.04282286471314619, 5949.4190567731612]
    [0.12943997194903747, 1.2133654012132997, 0.27108470280726454, -14119.455810456078]
    [0.072357384669236871, 0.26473594905522646, -1.2194984647212306, 9385.1652641269739]
  #362 data/objects/space/3d/asteroid/angular_smooth_01/angular_smooth_01_03400_01.cgf
    [-0.48514574226496787, 0.67583203255009716, 0.17431258556604495, 30366.261959259966]
    [0.15682625842799877, 0.31241435497936432, -0.77479223048223977, -5131.2578689035799]
    [-0.68010244697029998, -0.41005919027303128, -0.30300549012019234, 22059.482832774149]
  #363 data/objects/space/3d/asteroid/angular_smooth_01/angular_smooth_01_01400_01.cgf
    [0.0570637495941358, 0.99186093542208775, -0.11381832255894624, 28104.491514654503]
    [0.95720334402124863, -0.086753635185068775, -0.27610607067025666, -9412.3369472880695]
    [-0.2837331210152429, -0.093191678008557308, -0.954363570382458, 22554.136114984274]
  #364 data/objects/space/3d/asteroid/angular_smooth_01/angular_smooth_01_01400_01.cgf
    [0.60766976442249054, -0.2038712011503305, 0.63180290260591099, 38554.012504958431]
    [-0.59949776500096996, -0.53646932516135837, 0.40348978910596522, -9754.3420394851782]
    [0.28520309282785572, -0.69328068882340588, -0.49801807129760589, 11479.424329390331]
  #365 data/objects/space/3d/asteroid/angular_smooth_01/angular_smooth_01_01400_01.cgf
    [0.73603964789930409, -0.73673667364297812, 0.35420963694992486, 5778.5634036131532]
    [0.78711846688104581, 0.76738838117136909, -0.039488580836320258, -25251.292363818789]
    [-0.2206579078427727, 0.27988194409628253, 1.0406613001134351, 21113.504122313861]
  #366 data/objects/space/3d/asteroid/angular_smooth_01/angular_smooth_01_03400_01.cgf
    [-0.64280843964935586, -1.0719369781310284, 0.015612963063460846, 4989.3852567972926]
    [-1.0720030708000534, 0.64288328096247593, 0.0024172378698053272, -17356.476201627811]
    [-0.010102766727846216, -0.012146676869948306, -1.2498982887140062, 7603.7462681686566]
  #367 data/objects/space/3d/asteroid/angular_smooth_01/angular_smooth_01_01700_column_01.cgf
    [0.65296106431825518, 1.9773108578579868, 0.19779429616285535, 26513.503215934903]
    [-1.7742417712126324, 0.67386289884699591, -0.87932581820111411, -19688.014356357722]
    [-0.89495639529638926, 0.10672173474841648, 1.8875652268368519, 18247.172143895092]
  #368 data/objects/space/3d/asteroid/angular_smooth_01/angular_smooth_01_00800_cluster_01.cgf
    [-0.29115774474439332, -0.040572198692042573, 0.95581214408499449, 15761.177117659005]
    [0.55712420684296482, 0.80500987474034125, 0.20388111764417918, -15153.231661599562]
    [-0.77771175652465108, 0.59186889483696958, -0.21178155136722412, 4278.8651831611996]
  #369 data/objects/space/3d/asteroid/angular_smooth_01/angular_smooth_01_03400_01.cgf
    [0.67723242137579209, 0.94318589226082883, -0.021100181500012409, 5214.7028384657351]
    [0.9269184539723323, -0.67005606443503252, -0.20133466611859296, -16815.20192041558]
    [-0.17569013832520752, 0.10056759287011011, -1.1435504939185195, 9872.5062884033687]
  #370 data/objects/space/3d/asteroid/angular_smooth_01/angular_smooth_01_01700_column_01.cgf
    [-1.9648032609955477, -0.63192677537927811, 0.33977258005378186, 4388.9562372269875]
    [0.62452508876955526, -1.9939383895494935, -0.096988773549031293, -19473.900608160868]
    [0.3531929629749655, 0.010342110805514223, 2.0616441210028094, 15187.016372895649]
  #371 data/objects/space/3d/asteroid/angular_smooth_01/angular_smooth_01_03900_column_01.cgf
    [0.29667311260885065, 0.87997480743917089, -0.76001994281780438, 12387.95248975396]
    [-0.68302573756984364, 0.76666440019901949, 0.62104947487141227, -6667.1045500269356]
    [0.94098980707845903, 0.27905366274836813, 0.69041157814348142, 9968.8578765136554]
  #372 data/objects/space/3d/asteroid/angular_smooth_01/angular_smooth_01_01300_cluster_01.cgf
    [0.79606037915297301, -0.59515670110652663, 0.1098878484126692, 15157.565962937018]
    [-0.48417187942393325, -0.73520246690719904, -0.47439844981471974, -12823.346448427952]
    [0.36313142149346628, 0.32444537157973063, -0.87342414492763432, 6159.8291521047731]
  #373 data/objects/space/3d/asteroid/angular_smooth_01/angular_smooth_01_02200_column_01.cgf
    [-0.47740865697311574, -0.85784298385803881, -0.19022512182059126, 29401.950868358432]
    [0.24548231069807691, 0.077655650434510143, -0.96628528021952309, -6263.710052057213]
    [0.8436934378436608, -0.50801006159339612, 0.1735118668518531, 14056.527903741833]
  #374 data/objects/space/3d/asteroid/angular_smooth_01/angular_smooth_01_03500_cluster_01.cgf
    [-0.29299186250870118, 0.5550564258812658, 0.77850291508406677, 9607.7330409585793]
    [0.8386853830583465, 0.54016426239202631, -0.069484200229588511, -23540.32795827368]
    [-0.45908741319137625, 0.63256113532621161, -0.62378186357640852, 21353.021774915327]
  #375 data/objects/space/3d/asteroid/angular_smooth_01/angular_smooth_01_03400_01.cgf
    [-0.11171722699026218, 0.75448006824601432, -0.39131632746228651, 3961.7019139023032]
    [0.82632728220117879, 0.0040655140456488008, -0.22807032821266715, -17107.774568263634]
    [-0.19887650491974995, -0.40693080313550839, -0.7278082423110297, 11747.58822815766]
  #376 data/objects/space/3d/asteroid/angular_smooth_01/angular_smooth_01_03500_cluster_01.cgf
    [0.50777287553306061, -0.072139141606939655, 0.85846503336761637, 5273.6450405146898]
    [-0.42252630789991863, -0.88925725304388925, 0.17519309185884313, -25090.231422601977]
    [0.75075814241279604, -0.45168245986623368, -0.48202150309279551, 24063.67901051887]
  #377 data/objects/space/3d/asteroid/angular_smooth_01/angular_smooth_01_03500_cluster_01.cgf
    [0.90533956876496979, -0.055587605181108404, -0.42103460514100816, 7673.739783155017]
    [0.32657626932451422, 0.72489863165280333, 0.60652268670638576, -4990.841421369194]
    [0.27149228513918733, -0.68660894789223326, 0.67443305607879245, 13825.411834309434]
  #378 data/objects/space/3d/asteroid/angular_smooth_01/angular_smooth_01_01700_column_01.cgf
    [0.19837064392856804, 0.63403731629288973, 1.0588392326631408, 4579.3654934192546]
    [-0.054966929527873222, -1.0668266342626991, 0.6491181098515072, -17213.823742949597]
    [1.2329324700634812, -0.14957394635104598, -0.14142103905477238, 12678.736375005028]
  #379 data/objects/space/3d/asteroid/angular_smooth_01/angular_smooth_01_03500_cluster_01.cgf
    [0.76200992132565681, 0.47980629490745719, 0.43488644446902114, 12385.417497520413]
    [0.63265374974861333, -0.40831527694725656, -0.65804808939390325, -9050.4660558354026]
    [-0.13816487666823171, 0.77657193768067978, -0.61469172182207632, 9770.3827945102203]
  #380 data/objects/space/3d/asteroid/angular_smooth_01/angular_smooth_01_00900_cluster_01.cgf
    [0.49727280248580158, -0.030178528084780987, 0.04252217040167855, 2855.6663084765141]
    [0.0086127542210465563, -0.3546068366049534, -0.35239030991625164, -20230.602286121921]
    [0.051426637045028985, 0.3512013190476086, -0.35215345110700658, 6929.0652396387686]
  #381 data/objects/space/3d/asteroid/angular_smooth_01/angular_smooth_01_01300_cluster_01.cgf
    [-0.66172667335012103, 0.68349327555656891, -0.30813701671478622, 3764.8587565800617]
    [0.31351934453105584, 0.62559416574878168, 0.71437471218531834, -15992.757126721868]
    [0.68104118774546485, 0.37611507690332152, -0.62826269867326123, 39379.706578464706]
  #382 data/objects/space/3d/asteroid/angular_smooth_01/angular_smooth_01_01300_cluster_01.cgf
    [0.39470558721087817, -0.86336655015041952, -0.31433426893609978, 11325.508785557124]
    [-0.91830927465742662, -0.38195618545708793, -0.10400904571687609, -27350.935921466353]
    [-0.03026398229546403, 0.3297089710550008, -0.94359759373537311, 20369.0575972511]
  #383 data/objects/space/3d/asteroid/angular_smooth_01/angular_smooth_01_03900_column_01.cgf
    [0.59121770936049201, 0.0081430209633184033, 0.53888257037055776, 11556.937630699336]
    [0.44277533230401567, -0.46338322827194584, -0.47877458387052407, -12693.158251016843]
    [0.30726330490746312, 0.65208035414887022, -0.34695761483426574, 7250.4368474552157]
  #384 data/objects/space/3d/asteroid/angular_smooth_01/angular_smooth_01_03900_column_01.cgf
    [0.73792933028889918, -0.37476784823138448, -0.86891288916944542, 7404.3828588659117]
    [0.340404911186588, 1.1332476009178536, -0.19968629644364236, -22621.478415178608]
    [0.88294113363962501, -0.12368985600826403, 0.80319114759889321, 21208.906573354147]
  #385 data/objects/space/3d/asteroid/angular_smooth_01/angular_smooth_01_03900_column_01.cgf
    [-0.74312671940029484, -0.50806960838670656, 0.43546176118964447, 6704.6672828978226]
    [0.54494977800472821, -0.081859248438106588, 0.83446257939406643, -13622.313390755906]
    [-0.38831869885083536, 0.85741666066748423, 0.33770438499354327, 39606.162737898441]
  #386 data/objects/space/3d/asteroid/angular_smooth_01/angular_smooth_01_02200_column_01.cgf
    [0.24657186452134838, 0.78478499064474128, -0.5686073735784567, 3432.0979134203535]
    [0.18036388686448099, -0.61363281562575511, -0.7687152574945656, -25982.978797568496]
    [-0.95219257251051592, 0.086987339587624654, -0.29285153031846123, 21208.780858939488]
  #387 data/objects/space/3d/asteroid/angular_smooth_01/angular_smooth_01_00800_cluster_01.cgf
    [0.20423972269014939, -0.21306627198987585, -0.40359417627019439, 3897.4882915578969]
    [-0.15079273836699994, 0.38582785081836812, -0.27999603442207921, -19550.365433718816]
    [0.43075172133685313, 0.236091069243724, 0.093345172837821511, 7132.2757905042017]
  #388 data/objects/space/3d/asteroid/angular_smooth_01/angular_smooth_01_03500_cluster_01.cgf
    [0.57777310964309436, 0.64640338596640901, 0.49833842646643961, 12537.750810612773]
    [-0.50928831372379868, -0.19160028848987978, 0.83899644448799715, -8369.6881576701835]
    [0.63781183603493519, -0.73854741416532843, 0.2185041641525135, 41989.408698554078]
  #389 data/objects/space/3d/asteroid/angular_smooth_01/angular_smooth_01_03400_01.cgf
    [-0.26960411640444393, -0.58736863396516825, 0.22937419378751875, 3923.8935958958095]
    [0.59427808830599727, -0.32008760531968072, -0.12115399788733516, -20275.667937145641]
    [0.21082691170994081, 0.15113843084605402, 0.63483068651747165, 7993.8974156515251]
  #390 data/objects/space/3d/asteroid/angular_smooth_01/angular_smooth_01_03500_cluster_01.cgf
    [-0.41143551425781433, -0.65599133591416459, 0.63276916733384503, 8525.1706928763015]
    [-0.72344313869374588, -0.18724313230502015, -0.66450783953009629, -5970.6416770115029]
    [0.55439289046646278, -0.73117440527247957, -0.3975338304975895, 11806.895036499465]
  #391 data/objects/space/3d/asteroid/angular_smooth_01/angular_smooth_01_00900_cluster_01.cgf
    [0.0049175519407498496, -0.27908659429171906, 0.4148322799456971, 5536.0714110022836]
    [-0.23679969302059672, 0.36407187445679051, 0.24774362863705676, -22293.937629612559]
    [-0.44034197277076248, -0.19890116397737384, -0.12859472734208297, 12237.522809098797]
  #392 data/objects/space/3d/asteroid/angular_smooth_01/angular_smooth_01_01300_cluster_01.cgf
    [0.30024752112316488, -0.51098720166190748, -0.8054459256812917, 34560.526189071381]
    [0.40028121760453483, 0.83395492130543925, -0.37986019726069553, -6448.3350343884467]
    [0.86580945149142996, -0.20835283143657202, 0.45493156050106881, 12578.840105797202]
  #393 data/objects/space/3d/asteroid/angular_smooth_01/angular_smooth_01_01300_cluster_01.cgf
    [0.94775967125921712, -0.20110291643603193, -0.24760256667468339, 3485.9906674362283]
    [0.11605132663371709, 0.94041976174713904, -0.31959438322717221, -20117.431282353202]
    [0.29712203487712419, 0.27416436166052777, 0.91463118669445143, 6868.6257454538554]
  #394 data/objects/space/3d/asteroid/angular_smooth_01/angular_smooth_01_00900_cluster_01.cgf
    [-0.14392757327304906, 0.47667301364473474, -0.045458884092186728, 3793.8610546101927]
    [0.45948356263967666, 0.15084534678470465, 0.12696202363573839, -21841.235442137637]
    [0.13475358156283138, -0.005228560469001972, -0.4814695762348235, 8859.1975717853747]
  #395 data/objects/space/3d/asteroid/angular_smooth_01/angular_smooth_01_03500_cluster_01.cgf
    [0.041736112057328752, -0.68641425332668826, -0.72601148899586254, 4028.9380030670204]
    [0.99607916507724081, -0.028139677444870184, 0.083866368861492804, -24781.697561369845]
    [-0.077996834698924766, -0.72666549646790723, 0.68254879854387329, 26092.191398654257]
  #396 data/objects/space/3d/asteroid/angular_smooth_01/angular_smooth_01_01300_cluster_01.cgf
    [0.65507294469836563, 0.75050797927552637, -0.087238181839356818, 4873.5253471743536]
    [0.73897686919779992, -0.66046779999602212, -0.13299910586801156, -19457.388993074252]
    [-0.15743542840634156, 0.022657193445767415, -0.98726593563757237, 12744.223874314257]
  #397 data/objects/space/3d/asteroid/angular_smooth_01/angular_smooth_01_01400_01.cgf
    [0.61101090235226674, -0.23557530074093025, 0.75575723181521104, 7869.3243833582774]
    [0.71963183100003025, -0.23249444963964963, -0.65427471084537692, -13967.475318612356]
    [0.32984048200867394, 0.94363639561066004, 0.027470854750244331, 37691.880376443929]
  #398 data/objects/space/3d/asteroid/angular_smooth_01/angular_smooth_01_03500_cluster_01.cgf
    [-0.40816023976750671, -0.74568472811936726, -0.52664971160104335, 10754.993538937715]
    [-0.27463876048942099, 0.65046429348920831, -0.70814558385928306, -12905.409592823458]
    [0.87061999960760794, -0.14439841741555057, -0.47028749413323601, 41865.328460246448]
  #399 data/objects/space/3d/asteroid/angular_smooth_01/angular_smooth_01_01300_cluster_01.cgf
    [-0.63689512730590481, -0.76574511396521516, 0.089443902452675597, 10045.678992308951]
    [-0.68734167360273424, 0.61653646687311769, 0.38398620180701015, -11857.84314938932]
    [-0.34918077692873706, 0.18308030993960347, -0.91899705090355499, 7515.622405812217]
  #400 data/objects/space/3d/asteroid/angular_smooth_01/angular_smooth_01_01400_01.cgf
    [-0.48454557246197921, -0.82758692157424707, 0.28339756464878058, 3958.4092884408901]
    [-0.62975348846576051, 0.55487287618173364, 0.54362242342008082, -15451.133500839333]
    [-0.60714482306514328, 0.084939288431074456, -0.79003745816772797, 38972.154100512511]
  #401 data/objects/space/3d/asteroid/angular_smooth_01/angular_smooth_01_03500_cluster_01.cgf
    [0.38247173198738166, 0.01309333810892937, -0.23351553784923793, 6699.9556679003208]
    [-0.23376238961290197, 0.0070678473748972985, -0.38247974903938653, -22045.293249239257]
    [-0.0074891336160759648, 0.4480671576002101, 0.012857015479112792, 11630.804324093706]
  #402 data/objects/space/3d/asteroid/angular_smooth_01/angular_smooth_01_00900_cluster_01.cgf
    [0.72279129608470127, -0.67794322838126919, -0.13403293548789916, 12351.176034305834]
    [-0.44095408166899142, -0.30310317653344182, -0.8448000169472758, -9556.0877055794444]
    [0.53210088006220924, 0.66971676839291039, -0.51802240296120694, 10905.14851221444]
  #403 data/objects/space/3d/asteroid/angular_smooth_01/angular_smooth_01_01300_cluster_01.cgf
    [-0.19071753686952753, 0.68356560298892077, -0.70453126640017727, 9546.4498056301036]
    [0.0048232806630794682, -0.71704357640861571, -0.69701123612852223, -4664.2617272368534]
    [-0.98163281062151209, -0.1363304578447479, 0.1334557948152717, 10335.971314073879]
  #404 data/objects/space/3d/asteroid/angular_smooth_01/angular_smooth_01_02200_column_01.cgf
    [0.55307358693821329, -0.2607997842220342, -0.7912606798764088, 7954.1665493455894]
    [-0.032097726134401337, -0.95570677719078323, 0.29256567732057248, -4191.4307451292289]
    [-0.83251410014830218, -0.13641265380742637, -0.53694715240227842, 8832.4872618159607]
  #405 data/objects/space/3d/asteroid/angular_smooth_01/angular_smooth_01_01300_cluster_01.cgf
    [-0.070350858497388702, 0.92457584479141519, 0.37444547645851201, 4466.2258823783141]
    [-0.50378618937082398, 0.29105396525190308, -0.81331802858026514, -24248.350773508952]
    [-0.86095840957111591, -0.24585818563290837, 0.44531283436410152, 22178.853828381925]
  #406 data/objects/space/3d/asteroid/angular_smooth_01/angular_smooth_01_03400_01.cgf
    [-0.54680101884716914, -0.76755264340204099, 0.33446825199138069, 4987.9113384622069]
    [0.76364124872905126, -0.62099820497473635, -0.17666549989633792, -20378.103814453891]
    [0.34330469735085989, 0.15881308264946944, 0.92569850153931876, 11039.363848506822]
  #407 data/objects/space/3d/asteroid/angular_smooth_01/angular_smooth_01_00900_cluster_01.cgf
    [-0.14392757327304906, 0.47667301364473474, -0.045458884092186728, 4295.3932152338157]
    [0.45948356263967666, 0.15084534678470465, 0.12696202363573839, -18726.897500342933]
    [0.13475358156283138, -0.005228560469001972, -0.4814695762348235, 9346.0458479877652]
  #408 data/objects/space/3d/asteroid/angular_smooth_01/angular_smooth_01_01700_column_01.cgf
    [0.97243897171240301, 0.96524705180114856, 0.80653973394396483, 5248.9364949872861]
    [-0.91099460300550661, 1.2434092759470825, -0.38970241586353827, -21793.44926566484]
    [-0.86735059043967333, -0.2237795089462605, 1.3135720200225061, 10350.210323511001]
  #409 data/objects/space/3d/asteroid/angular_smooth_01/angular_smooth_01_03900_column_01.cgf
    [-0.18579106396217931, 0.42683431891483181, 0.65060947885030496, 12676.168264546517]
    [0.77713505549862816, 0.068035463670288343, 0.17728742318581264, -26428.109762625871]
    [0.039259843205213606, 0.67318807854954843, -0.43043585449149285, 19755.799560804415]
  #410 data/objects/space/3d/asteroid/angular_smooth_01/angular_smooth_01_01400_01.cgf
    [-0.20959072597877254, 0.44491946668345739, -0.98392911207040346, 5971.1384397774618]
    [1.0770007969338342, 0.013403000926687614, -0.22335564644731648, -3679.3799711536476]
    [-0.078352490818292014, -1.0059150707500712, -0.43817103903647325, 1960.5545362796011]
  #411 data/objects/space/3d/asteroid/angular_smooth_01/angular_smooth_01_03400_01.cgf
    [0.79388739767436745, 0.28927808308070596, -0.09252535093926248, 9354.8233681743368]
    [-0.10519034537785128, 0.018968030173744242, -0.84325272319398836, -10637.646346903304]
    [-0.28491707768501673, 0.79903589067321679, 0.053514991945715761, 40915.767621962594]
  #412 data/objects/space/3d/asteroid/angular_smooth_01/angular_smooth_01_00900_cluster_01.cgf
    [-0.10081725785125904, 0.61002848531088516, -0.78593926719199425, 30031.303728433963]
    [-0.31608815599675222, 0.7293957971061249, 0.60668727767122532, -4809.3707326256517]
    [0.94335760040588768, 0.30959073364501188, 0.11928713041739966, 23043.085757224806]
  #413 data/objects/space/3d/asteroid/angular_smooth_01/angular_smooth_01_03500_cluster_01.cgf
    [0.97637846484408541, 0.00011349511239323178, -0.21606822849286811, 31132.08007829183]
    [-0.20922077659138019, 0.25025299184125932, -0.94530445126079776, -6378.5699251663154]
    [0.053964422425210705, 0.96818067841175048, 0.24436532879881989, 19638.195945353502]
  #414 data/objects/space/3d/asteroid/angular_smooth_01/angular_smooth_01_00400_01.cgf
    [0.97150388145256839, -0.20812338713472189, 0.11341405073454723, 3408.9683917756965]
    [0.23649586149586396, 0.88296077510113891, -0.40552171332985248, -20246.110627758368]
    [-0.015741622272717377, 0.42078831758286805, 0.90702110006760939, 7162.3492504177575]
  #415 data/objects/space/3d/asteroid/angular_smooth_01/angular_smooth_01_03500_cluster_01.cgf
    [0.50097015688881341, -0.50779411509058769, 0.70083872243898337, 21645.902593137314]
    [-0.8320608056747979, -0.059782424381880216, 0.55145421720989019, -20029.053749252362]
    [-0.23812726397946465, -0.85940216121332469, -0.45246459279733975, 10330.402811742932]
  #416 data/objects/space/3d/asteroid/angular_smooth_01/angular_smooth_01_01700_column_01.cgf
    [-0.78420633779736992, -0.39871444820368834, 0.47543926425331923, 4262.1197065279403]
    [0.4925675089245859, -0.86599010112547403, 0.086218787663659147, -19228.565054073602]
    [0.37734990970177418, 0.30179996518885072, 0.87551077212204731, 8515.0314495674957]
  #417 data/objects/space/3d/asteroid/angular_smooth_01/angular_smooth_01_03400_01.cgf
    [0.6120438318572784, 0.64592021509425901, 0.26711245425229779, 4604.9419470257308]
    [-0.6729656132728965, 0.64049228869083386, -0.0068228350743589411, -20454.954581945225]
    [-0.18888957312761834, -0.18898768070645211, 0.88981123015137442, 9205.8803952278013]
  #418 data/objects/space/3d/asteroid/angular_smooth_01/angular_smooth_01_03500_cluster_01.cgf
    [-0.96714681703988892, 0.030682334370472349, -0.25236297538427471, 23009.01671519404]
    [0.2067605438363527, -0.48264432660774703, -0.85106167473542382, -8430.8683757574636]
    [-0.14791401049164066, -0.87527966447790106, 0.46044369596004492, 26565.856308485469]
  #419 data/objects/space/3d/asteroid/angular_smooth_01/angular_smooth_01_01400_01.cgf
    [0.77885270005237783, 0.62676513449906746, -0.023519164730906275, 14145.63629821207]
    [0.37596747081895354, -0.49655543087385612, -0.78235565970205068, -22340.311388111462]
    [-0.50203201672729281, 0.60049761328268203, -0.62238708528911657, 13493.046013807512]
  #420 data/objects/space/3d/asteroid/angular_smooth_01/angular_smooth_01_01300_cluster_01.cgf
    [-0.56960574769463579, 0.018926842043577894, 0.82169931110440575, 6264.4642964601835]
    [0.81107965254838421, 0.17475764619100592, 0.55821882209912432, -3353.6926027575878]
    [-0.13303300508215821, 0.98442888558493602, -0.11489421138932047, 4345.9496560214602]
  #421 data/objects/space/3d/asteroid/angular_smooth_01/angular_smooth_01_00800_cluster_01.cgf
    [-0.2160582707451606, -0.40136081585856609, -0.20549285945986193, 5746.8222812600725]
    [-0.44990307851523897, 0.1766858708854106, 0.12793873191886862, -22373.822485222787]
    [-0.03008387837621767, 0.24018866475303041, -0.43749669911787314, 12258.577073979202]
  #422 data/objects/space/3d/asteroid/angular_smooth_01/angular_smooth_01_00900_cluster_01.cgf
    [0.059036170448663085, 0.4957282476796761, -0.027708946800525647, 5514.0828004395235]
    [0.4589607354816293, -0.065131405612325305, -0.18738328097972054, -3168.3006305101835]
    [-0.18939198654251066, -0.0033098575499128989, -0.46273023564284299, 4241.1759773646909]
  #423 data/objects/space/3d/asteroid/angular_smooth_01/angular_smooth_01_00900_cluster_01.cgf
    [-0.46615191038693432, -0.71594844416044545, -0.51973077868585094, 25600.332450360391]
    [-0.016359559015574753, 0.59433764795608746, -0.80404911890841213, -3696.1040817179946]
    [0.88455334595375268, -0.36630649201565552, -0.28876425096565733, 25913.678375919717]
  #424 data/objects/space/3d/asteroid/angular_smooth_01/angular_smooth_01_02200_column_01.cgf
    [0.29872882783731169, -0.65194190028262478, 0.9621500242014791, 12254.895264357201]
    [-1.0907081782702248, 0.18583677569697785, 0.46456451182702224, -6050.9345339342653]
    [-0.40139329873513591, -0.99016982101582574, -0.54630300042750524, 41992.8002888923]
  #425 data/objects/space/3d/asteroid/angular_smooth_01/angular_smooth_01_00900_cluster_01.cgf
    [-0.12163193859415827, -0.1273163345768917, 0.46797029995828665, 5463.3930943817368]
    [-0.43809776201344969, 0.23579333152081838, -0.049717551311755197, -4374.5250291457251]
    [-0.20802884802822547, -0.42212798407536922, -0.16891400956649841, 8841.8518889792595]
  #426 data/objects/space/3d/asteroid/angular_smooth_01/angular_smooth_01_02200_column_01.cgf
    [-0.20720914342646435, -0.93432205169349991, -0.29000894704424307, 1767.3914656779971]
    [-0.18068489299092083, 0.32789275947965646, -0.92727440517446957, -4585.8323122533757]
    [0.96146547264648108, -0.13973960342743175, -0.23676043357920609, 2920.7296898154364]
  #427 data/objects/space/3d/asteroid/angular_smooth_01/angular_smooth_01_03900_column_01.cgf
    [-0.3254737198304436, 0.53387571777976528, 0.78041211695348345, 15555.246644319486]
    [0.81319428210317157, -0.26309678280854476, 0.51912873071468912, -22446.275153134888]
    [0.48247426239892283, 0.80358963250148829, -0.34851368019301854, 15265.561686273817]
  #428 data/objects/space/3d/asteroid/angular_smooth_01/angular_smooth_01_01400_01.cgf
    [-0.93599646420790694, 0.053749399829657277, -0.34788044771864102, 13378.515926381515]
    [-0.22469029688117709, 0.66952489738973642, 0.70799001911000525, -23184.594291714136]
    [0.27096877010906445, 0.74084181758988799, -0.61459621853080615, 17716.116525228281]
  #429 data/objects/space/3d/asteroid/angular_smooth_01/angular_smooth_01_03400_01.cgf
    [0.002623978126889805, -0.65284211306661599, 0.20998229816838282, 4463.0129565073476]
    [0.64545034333316498, 0.07329969460433268, 0.21982557735755218, -4959.1750715344006]
    [-0.23170939650445599, 0.19679076598305514, 0.61472467446322121, 4010.8718850251162]
  #430 data/objects/space/3d/asteroid/angular_smooth_01/angular_smooth_01_03500_cluster_01.cgf
    [-0.40898401312845745, 0.77482207505306855, 0.4820626997057052, 23033.167062047993]
    [0.71456140437015647, -0.056641508592041381, 0.69727710153189582, -4072.2212133116677]
    [0.56756999024053922, 0.62963807774516689, -0.53049204957612661, 24382.277079495176]
  #431 data/objects/space/3d/asteroid/angular_smooth_01/angular_smooth_01_03400_01.cgf
    [-0.040297879073692221, 0.77530435080494031, -0.34609168842518889, 18772.032324362397]
    [-0.18431911039797177, -0.34620673387868284, -0.75410050735366907, -20893.940843692653]
    [-0.82879596929290644, 0.039297242548184806, 0.18453503798424498, 13054.410478496926]
  #432 data/objects/space/3d/asteroid/angular_smooth_01/angular_smooth_01_01400_01.cgf
    [0.73603964789930409, -0.73673667364297812, 0.35420963694992486, 24020.605825398452]
    [0.78711846688104581, 0.76738838117136909, -0.039488580836320258, -27815.026441521521]
    [-0.2206579078427727, 0.27988194409628253, 1.0406613001134351, 25156.61768531386]
  #433 data/objects/space/3d/asteroid/angular_smooth_01/angular_smooth_01_03400_01.cgf
    [-0.17479510844024179, -0.93578516740665074, 0.30619102332452608, 5625.4676670537465]
    [0.94452747307678087, -0.071544913833986798, 0.32054536363068492, -3552.2362632596455]
    [-0.27805516522086882, 0.34523556885646034, 0.89638043225396291, 6672.9641375472756]
  #434 data/objects/space/3d/asteroid/angular_smooth_01/angular_smooth_01_02200_column_01.cgf
    [-0.39062706493396604, -0.33670326399475109, 0.45204332762492261, 6026.7099248416607]
    [0.55622740991707209, -0.14124604439398719, 0.37544957756515646, -3569.2780738424813]
    [-0.091232266725527048, 0.5805017044352152, 0.35354802580383571, 4049.551699388559]
  #435 data/objects/space/3d/asteroid/angular_smooth_01/angular_smooth_01_00800_cluster_01.cgf
    [0.37299568606417827, 0.24334483960282119, 0.22728277675809921, 5642.2320946274731]
    [0.023056699907434322, 0.32159379366969409, -0.3821593566265184, -3932.8040289028158]
    [-0.33217850647140496, 0.29556839192730539, 0.22868475884198164, 3465.6711105533027]
  #436 data/objects/space/3d/asteroid/angular_smooth_01/angular_smooth_01_03400_01.cgf
    [0.28181189143555663, 0.82975273015731477, 0.30863202534556339, 5107.1477401079574]
    [-0.80921336609429007, 0.1100717604188384, 0.4429663622890056, -4588.7701249669981]
    [0.35905020318441644, -0.40318218807592227, 0.75610074542910555, 5199.471107420638]
  #437 data/objects/space/3d/asteroid/angular_smooth_01/angular_smooth_01_00800_cluster_01.cgf
    [0.62060820260573524, -0.71509492187904544, -0.32168170478635461, 13738.416903018348]
    [0.33322595607267225, -0.130833856246274, 0.93372232054940074, -20540.571399529388]
    [-0.70978893249395403, -0.68667034477652111, 0.1570920639197336, 38333.556717938991]
  #438 data/objects/space/3d/asteroid/angular_smooth_01/angular_smooth_01_02200_column_01.cgf
    [0.95107986980153958, -0.084000244260281964, 0.88226055245443269, 6387.5406721697354]
    [0.49947478608988849, 1.1198453419216152, -0.4318147640269171, -21618.551805962295]
    [-0.73209607396396259, 0.6548916027369529, 0.85155444297230842, 10151.046690922103]
  #439 data/objects/space/3d/asteroid/angular_smooth_01/angular_smooth_01_02200_column_01.cgf
    [0.45687304102901799, 0.7710388255224141, -0.44358267799452139, 26798.135968264531]
    [-0.81494239994889328, 0.16292009101063532, -0.55617026800207703, -29860.171064259819]
    [-0.3565604401014128, 0.61559370674250746, 0.702786225727699, 27898.475684340538]
  #440 data/objects/space/3d/asteroid/angular_smooth_01/angular_smooth_01_03400_01.cgf
    [-0.35871448812811341, -0.74213209693448767, -0.20752009286324472, 25247.02236833427]
    [-0.49923320517679604, 0.04943741022513358, 0.68616533835111415, -5144.2937744452538]
    [-0.58701860710820108, 0.41145669930773526, -0.45674200785442892, 25780.276911959128]
  #441 data/objects/space/3d/asteroid/angular_smooth_01/angular_smooth_01_03500_cluster_01.cgf
    [0.25788499789085295, 0.048301629529318345, -0.36352227833750073, 6582.2694118418076]
    [-0.30584852322324674, 0.27352641299522501, -0.18062709828861445, -4980.5032021901379]
    [0.20233184402123641, 0.35190399312712856, 0.19029338116757497, 8435.0718149535296]
  #442 data/objects/space/3d/asteroid/angular_smooth_01/angular_smooth_01_01300_cluster_01.cgf
    [0.93629196946217341, 0.20635047590753455, -0.28421235220922225, 4039.8650308552346]
    [-0.072407815769840761, 0.90523234958153243, 0.41870196276284555, -5377.8015242152242]
    [0.34367759349571475, -0.37144812087120932, 0.86250323904618587, 2948.4525350005842]
  #443 data/objects/space/3d/asteroid/angular_smooth_01/angular_smooth_01_00900_cluster_01.cgf
    [-0.53033660438946539, 0.83728521205161577, -0.13302566074681238, 18519.841893183155]
    [0.49024671250669249, 0.43089123917075872, 0.75762138801320944, -19891.743762813243]
    [0.69166502991970435, 0.33657908487956062, -0.63899395357124122, 13393.945898249809]
  #444 data/objects/space/3d/asteroid/angular_smooth_01/angular_smooth_01_01300_cluster_01.cgf
    [0.39470558721087817, -0.86336655015041952, -0.31433426893609978, 29567.551207342425]
    [-0.91830927465742662, -0.38195618545708793, -0.10400904571687609, -29914.669999169084]
    [-0.03026398229546403, 0.3297089710550008, -0.94359759373537311, 24412.171160251099]
  #445 data/objects/space/3d/asteroid/angular_smooth_01/angular_smooth_01_01400_01.cgf
    [-0.4162180534398241, -0.85333853798428871, -0.55549373498371246, 9988.7906726030196]
    [0.69576999507359061, 0.19979296726495341, -0.82824169311337825, -25599.969123971212]
    [0.74341379054374146, -0.66475072609727648, 0.46415495926154265, 28152.273468225467]
  #446 data/objects/space/3d/asteroid/angular_smooth_01/angular_smooth_01_03500_cluster_01.cgf
    [-0.29299186250870118, 0.5550564258812658, 0.77850291508406677, 27849.775462743877]
    [0.8386853830583465, 0.54016426239202631, -0.069484200229588511, -26104.062035976411]
    [-0.45908741319137625, 0.63256113532621161, -0.62378186357640852, 25396.135337915326]
  #447 data/objects/space/3d/asteroid/angular_smooth_01/angular_smooth_01_00800_cluster_01.cgf
    [-0.28480364062360825, -0.090211077682996396, 0.40093507308389015, 6760.0261616103135]
    [0.40553983101142477, 0.017260359977284662, 0.29195823419566869, -3009.9106070242524]
    [-0.066516289950184243, 0.49149173595768658, 0.06333673290071154, 4320.0890096659496]
  #448 data/objects/space/3d/asteroid/angular_smooth_01/angular_smooth_01_03500_cluster_01.cgf
    [-0.42106836684370003, -0.75024256441217974, 0.5097403268935663, 8884.4516074411476]
    [0.85526499698601033, -0.14127337063908332, 0.49855921970467665, -24526.055241420596]
    [-0.30202796434741452, 0.6458913261271223, 0.70114276681689314, 32060.525163230221]
  #449 data/objects/space/3d/asteroid/angular_smooth_01/angular_smooth_01_02200_column_01.cgf
    [-0.2196255075017168, 1.1722854217512031, -0.1323356354330226, 23832.212243389658]
    [0.48721907282760862, -0.032462389833773066, -1.0961591865785418, -9940.8394149060914]
    [-1.0744223590045319, -0.25435069726094472, -0.47002501132945301, 28146.672093897545]
  #450 data/objects/space/3d/asteroid/angular_smooth_01/angular_smooth_01_02200_column_01.cgf
    [0.90799288097601372, -0.4181960253581124, -0.025668917244680116, 10257.493816869566]
    [-0.18436894697231224, -0.34378743629364772, -0.92076933641380598, -28850.089819953319]
    [0.37623782416200252, 0.84078544460657567, -0.38925931799832869, 31115.311257113342]
  #451 data/objects/space/3d/asteroid/angular_smooth_01/angular_smooth_01_01700_column_01.cgf
    [-0.49645233767425456, -0.68355330879696474, 0.53505934480469852, 5223.9905320887692]
    [0.85719214785660058, -0.28879047926724877, 0.42640383763508088, -4018.8435427373997]
    [-0.13694980862746639, 0.67033833631208817, 0.72930776548696241, 3872.6821225097137]
  #452 data/objects/space/3d/asteroid/angular_smooth_01/angular_smooth_01_01300_cluster_01.cgf
    [0.7880678305215566, 0.016033088570884108, 0.61537890514711002, 12677.269253829818]
    [-0.50947442191897996, -0.54410684012944466, 0.66662037342613722, -25954.747655610459]
    [0.34551999976773989, -0.83886223477240862, -0.42062482471351109, 33479.325663915231]
  #453 data/objects/space/3d/asteroid/angular_smooth_01/angular_smooth_01_02200_column_01.cgf
    [0.24657186452134838, 0.78478499064474128, -0.5686073735784567, 21674.140335205651]
    [0.18036388686448099, -0.61363281562575511, -0.7687152574945656, -28546.712875271227]
    [-0.95219257251051592, 0.086987339587624654, -0.29285153031846123, 25251.894421939487]
  #454 data/objects/space/3d/asteroid/angular_smooth_01/angular_smooth_01_00800_cluster_01.cgf
    [0.34539326573753398, 0.07059939812139121, 0.35456906828869883, 7307.3914102368108]
    [0.29730394851774167, 0.22354715342110867, -0.33412129476005675, -3991.9798380529742]
    [-0.2057033334634582, 0.4416360519718403, 0.11244440146047606, 6844.6034709176547]
  #455 data/objects/space/3d/asteroid/angular_smooth_01/angular_smooth_01_03500_cluster_01.cgf
    [0.50777287553306061, -0.072139141606939655, 0.85846503336761637, 23515.687462299989]
    [-0.42252630789991863, -0.88925725304388925, 0.17519309185884313, -27653.965500304708]
    [0.75075814241279604, -0.45168245986623368, -0.48202150309279551, 28106.792573518869]
  #456 data/objects/space/3d/asteroid/angular_smooth_01/angular_smooth_01_03500_cluster_01.cgf
    [0.49316041729649435, -0.074111152271631356, -0.86677605184175588, 19036.174383098725]
    [-0.46545828134462647, 0.81927211740409356, -0.33487635045996167, -23620.15635797743]
    [0.73494338235344192, 0.56859574293046511, 0.36953685875931014, 12345.274000184152]
  #457 data/objects/space/3d/asteroid/angular_smooth_01/angular_smooth_01_02200_column_01.cgf
    [-0.45147014692048287, -0.91057911356375687, 0.63798329949551424, 33419.045617662981]
    [-1.0642310549920455, 0.15458976806824912, -0.53246274165735341, -25718.776260631246]
    [0.32185287645795296, -0.76612661329847442, -0.86571533679708745, 21902.260575649336]
  #458 data/objects/space/3d/asteroid/angular_smooth_01/angular_smooth_01_01300_cluster_01.cgf
    [-0.52666512109715991, 0.21869995789208874, 0.82145654821481562, 11751.288635589768]
    [0.31235016806481408, -0.84895238411571938, 0.42627913857167071, -21398.295756800493]
    [0.790606036339771, 0.48108924316546708, 0.37880327002400843, 36178.020733497033]
  #459 data/objects/space/3d/asteroid/angular_smooth_01/angular_smooth_01_00400_01.cgf
    [0.98204066125439404, 0.18827543407477262, 0.012185476874721313, 3940.6271189383087]
    [-0.18614698649642553, 0.9563627920010116, 0.22520989048886242, -5262.6912813532872]
    [0.030747753430258783, -0.22343356122047062, 0.97423406051061778, 3241.1401303316798]
  #460 data/objects/space/3d/asteroid/angular_smooth_01/angular_smooth_01_03500_cluster_01.cgf
    [-0.3810459096148397, 0.5175082815824259, 0.76615235317352615, 38138.89529034945]
    [-0.13436827357182213, 0.78887496829083392, -0.59968465586122111, -11012.780726681234]
    [-0.91474008157347897, -0.33145391521547585, -0.23106085835814935, 19781.243374294343]
  #461 data/objects/space/3d/asteroid/angular_smooth_01/angular_smooth_01_00900_cluster_01.cgf
    [0.67966742561847959, 0.016742241638822226, 0.73332822392359764, 28296.08864104683]
    [0.65481086808102651, -0.46438709691161834, -0.59629334003479706, -25920.685181149282]
    [0.33056514290076544, 0.88547316033394763, -0.32659204633929784, 26541.428490937698]
  #462 data/objects/space/3d/asteroid/angular_smooth_01/angular_smooth_01_03900_column_01.cgf
    [-0.72272695577330304, -0.86436652495365662, -0.41295855572011503, 8012.7535072160681]
    [-0.45013479230440417, 0.76306533359155304, -0.80938771687747524, -23984.913935305522]
    [0.84560210912696676, -0.3325662610888252, -0.78380818178280975, 29900.175178238052]
  #463 data/objects/space/3d/asteroid/angular_smooth_01/angular_smooth_01_03500_cluster_01.cgf
    [-0.73963560722419475, 0.38654632588479165, -0.55092469689584034, 6451.0502955776219]
    [0.66828766767584247, 0.51859393546438248, -0.5333374527544974, -29366.777789224576]
    [0.079546696582497509, -0.76265272780161308, -0.64189567300167971, 26984.160566127681]
  #464 data/objects/space/3d/asteroid/angular_smooth_01/angular_smooth_01_01300_cluster_01.cgf
    [-0.40884299897985388, 0.62843163897764509, 0.6617510813490497, 29357.319855168033]
    [-0.81637796393689632, -0.57594132720999736, 0.042567874734839729, -5631.4744270204901]
    [0.40788213804114237, -0.52283714394930292, 0.74850978532249635, 25765.462580703235]
  #465 data/objects/space/3d/asteroid/angular_smooth_01/angular_smooth_01_02200_column_01.cgf
    [0.605089428107905, 0.24187499881504118, 1.0076531032332172, 11250.216306935648]
    [-0.92721593291450177, 0.64743082591573131, 0.40137943011423072, -21192.495456640398]
    [-0.46275145084245722, -0.98098487150289837, 0.51335298201228274, 37224.12831726914]
  #466 data/objects/space/3d/asteroid/angular_smooth_01/angular_smooth_01_03500_cluster_01.cgf
    [0.041736112057328752, -0.68641425332668826, -0.72601148899586254, 22270.980424852321]
    [0.99607916507724081, -0.028139677444870184, 0.083866368861492804, -27345.431639072576]
    [-0.077996834698924766, -0.72666549646790723, 0.68254879854387329, 30135.304961654256]
  #467 data/objects/space/3d/asteroid/angular_smooth_01/angular_smooth_01_03500_cluster_01.cgf
    [-0.56083296557201689, 0.63499576838796501, 0.53127117037251359, 12046.362968521948]
    [-0.17310320462888479, 0.53757084890636708, -0.82526066219419669, -5144.367664612404]
    [-0.80963199225747795, -0.55479748931242601, -0.19156743088980802, 14989.204136162398]
  #468 data/objects/space/3d/asteroid/angular_smooth_01/angular_smooth_01_03500_cluster_01.cgf
    [-0.80371494898453755, 0.17597993853004354, -0.56839553537300036, 33965.13176480784]
    [-0.58950848210473306, -0.36516058489958414, 0.72051206747741758, -8494.2555918470935]
    [-0.080759971047365348, 0.91416024366025195, 0.39722665898158582, 19837.176755299206]
  #469 data/objects/space/3d/asteroid/angular_smooth_01/angular_smooth_01_03500_cluster_01.cgf
    [-0.06177440903286948, 0.96908609501357279, 0.23886162455076315, 8040.6949206294921]
    [-0.82152349829755178, -0.18527835750793176, 0.53923082703714253, -27871.65019780325]
    [0.5668173224034686, -0.16291986844321038, 0.80757293932675522, 27982.636784312352]
  #470 data/objects/space/3d/asteroid/angular_smooth_01/angular_smooth_01_03900_column_01.cgf
    [-0.65971028789709374, -0.41310990079837656, 0.18471620609505462, 12452.366470636372]
    [0.42909413646578953, -0.46734573023308312, 0.48730249473263137, -24829.020136269479]
    [-0.14372922104594327, 0.50092485382971697, 0.60697094882890801, 34796.186709227804]
  #471 data/objects/space/3d/asteroid/angular_smooth_01/angular_smooth_01_00800_cluster_01.cgf
    [-0.3886890195753035, -0.17320938465147326, 0.26252512939395284, 3351.7105302306741]
    [0.12775102030629101, 0.29442206687715133, 0.38339980670254931, -5683.5647791352403]
    [-0.28740322076371255, 0.36512223163963675, -0.18462186514657608, 4277.0462240177185]
  #472 data/objects/space/3d/asteroid/angular_smooth_01/angular_smooth_01_03900_column_01.cgf
    [-0.18579106396217931, 0.42683431891483181, 0.65060947885030496, 30918.210686331819]
    [0.77713505549862816, 0.068035463670288343, 0.17728742318581264, -28991.843840328602]
    [0.039259843205213606, 0.67318807854954843, -0.43043585449149285, 23798.913123804414]
  #473 data/objects/space/3d/asteroid/angular_smooth_01/angular_smooth_01_01400_01.cgf
    [0.68302690564376256, -0.72042372772426932, -0.12025975696416802, 33660.61244032831]
    [-0.60371601389273211, -0.64953279112225615, 0.4622041088879546, -4921.0658803212809]
    [-0.41109576886983795, -0.24309528221523696, -0.8785803679963019, 23580.479388304338]
  #474 data/objects/space/3d/asteroid/angular_smooth_01/angular_smooth_01_03400_01.cgf
    [0.4467430401787541, -0.20830228254929012, -0.69248142426075943, 35378.101138370737]
    [0.39532115982355293, -0.61122243524292108, 0.4388940909389008, -9250.6400592316058]
    [-0.6055093264824376, -0.55273592388235349, -0.22436836185682688, 22168.76224962909]
  #475 data/objects/space/3d/asteroid/angular_smooth_01/angular_smooth_01_02200_column_01.cgf
    [-0.47263307801700444, 0.26695460205142307, 1.0702115479467544, 39707.559607984091]
    [0.9997128488638779, 0.59562416220303771, 0.29292596431052154, -12411.680270817938]
    [-0.46603834255508569, 1.0069591060188821, -0.45699142817454746, 20800.562502829325]
  #476 data/objects/space/3d/asteroid/angular_smooth_01/angular_smooth_01_02200_column_01.cgf
    [-0.27486352942766218, 0.58796248414370977, 1.0093327458209593, 13358.349418793317]
    [0.99851179136792478, 0.65634155192706611, -0.11041921965644803, -6740.2619931409481]
    [-0.60615730387923006, 0.81456633788162325, -0.63957598336736698, 16079.367604873833]
  #477 data/objects/space/3d/asteroid/angular_smooth_01/angular_smooth_01_01300_cluster_01.cgf
    [0.65435527978008301, 0.32486442781329516, 0.68284823367185488, -1494.7678546285451]
    [0.15745459085767297, 0.82468768961032779, -0.54322896212032468, 1997.0585843108297]
    [-0.73961250564405323, 0.46298245864181792, 0.48848748535474829, 12318.457247769749]
  #478 data/objects/space/3d/asteroid/angular_smooth_01/angular_smooth_01_03900_column_01.cgf
    [0.36209929220918163, -0.45484661876359161, 0.813631985190017, 20387.390972255576]
    [0.73043440446853136, -0.40381232864306776, -0.55081715237261375, 12432.020928473801]
    [0.57909242327423172, 0.79375594988541742, 0.18601561405211928, 4333.9503916250615]
  #479 data/objects/space/3d/asteroid/angular_smooth_01/angular_smooth_01_03400_01.cgf
    [0.22791870447335527, -0.095592135010330023, -0.81327367653201266, 23617.13965382794]
    [-0.223007723161087, -0.81952546781371161, 0.033829396680517751, 9747.9029990720446]
    [-0.78792098882199968, 0.20430128828136815, -0.24482721263143545, 4229.7017725967271]
  #480 data/objects/space/3d/asteroid/angular_smooth_01/angular_smooth_01_01300_cluster_01.cgf
    [0.2239741354303055, -0.49148724535902655, -0.84159036429731626, 36107.496350528483]
    [0.65253920145170441, -0.56577498477737487, 0.50407313372106943, 8260.5617194306906]
    [-0.72389684637900242, -0.66207055607390009, 0.19399588024743625, 12887.358663813158]
  #481 data/objects/space/3d/asteroid/angular_smooth_01/angular_smooth_01_03900_column_01.cgf
    [0.71428369783376866, 0.12926055846288462, -0.33628758068865711, 35546.638755300817]
    [0.35847186959386335, -0.18038744175658197, 0.69206727957406389, 4538.2698882068207]
    [0.03599371624946604, -0.76860321933558695, -0.21898030392748571, 12858.013113416677]
  #482 data/objects/space/3d/asteroid/angular_smooth_01/angular_smooth_01_02200_column_01.cgf
    [0.12807045245531751, 0.96977571505927429, 0.20768535454587661, 9467.5130923325614]
    [0.88003969483401923, -0.014563810038834833, -0.47467695937056181, 1196.9236548630488]
    [-0.45730545538843026, 0.24356342648704246, -0.85530623904748548, 29953.143847208768]
  #483 data/objects/space/3d/asteroid/angular_smooth_01/angular_smooth_01_00800_cluster_01.cgf
    [-0.2577317457210731, 0.89845892340909317, 0.35544462272276134, 33580.747934800718]
    [-0.042039182719933038, -0.37795169145334329, 0.92486766386990837, 9862.6151399517785]
    [0.96529892986172583, 0.22342571808660422, 0.13518096808973185, 12271.166354481738]
  #484 data/objects/space/3d/asteroid/angular_smooth_01/angular_smooth_01_01300_cluster_01.cgf
    [0.93681460011192574, 0.2223328199632123, -0.27008643432988061, 28926.040751718439]
    [-0.24020859660343852, -0.15244897157270307, -0.95867580599956859, 9799.6746932871429]
    [-0.25431947420445333, 0.96297849823260429, -0.089410160534132657, 26449.51831431103]
  #485 data/objects/space/3d/asteroid/angular_smooth_01/angular_smooth_01_01400_01.cgf
    [0.76627404975186586, -0.52831699315955749, -0.36565377127090459, 20930.223247790953]
    [-0.64250383921804577, -0.62722627527336949, -0.44019707089630078, 13331.124124820322]
    [0.0032159440079927402, 0.57224627510754089, -0.82007396212695227, 2324.7257505406833]
  #486 data/objects/space/3d/asteroid/angular_smooth_01/angular_smooth_01_02200_column_01.cgf
    [-0.79918413767775298, 0.21686555738664343, 0.86848842283097472, 28448.917765915801]
    [0.18609561705398542, 1.1790653180148603, -0.12317261731245126, 7063.5042606183033]
    [-0.87559764269060825, 0.052653607299819723, -0.81887389886401529, 4466.9145133842394]
  #487 data/objects/space/3d/asteroid/angular_smooth_01/angular_smooth_01_00900_cluster_01.cgf
    [0.33544103095538874, -0.014192359746684025, -0.94195330423436663, 40293.881207968145]
    [0.51436609484811624, -0.83492925820445707, 0.1957518580920454, 3411.9559491837249]
    [-0.78924329005948424, -0.55017256056678276, -0.27276971675225437, 12702.979809737026]
  #488 data/objects/space/3d/asteroid/angular_smooth_01/angular_smooth_01_00900_cluster_01.cgf
    [-0.06347195218485932, 0.43043347327311121, 0.90038647409596195, 24225.246607804329]
    [0.82357248838070085, -0.48696152468661258, 0.29085098628056866, 10460.485004096377]
    [0.56364628450060139, 0.75999537164643638, -0.32358517797904707, 4782.6163411796188]
  #489 data/objects/space/3d/asteroid/angular_smooth_01/angular_smooth_01_01300_cluster_01.cgf
    [-0.44259058856517436, -0.88685194184357119, -0.1326880670069403, 29270.353534154798]
    [0.56409676592672375, -0.39037799753568581, 0.72759794988390236, 2854.0760069041489]
    [-0.69707053341018665, 0.24717922900707867, 0.67304830373675428, 13566.034029208458]
  #490 data/objects/space/3d/asteroid/angular_smooth_01/angular_smooth_01_03500_cluster_01.cgf
    [-0.6027267051653854, 0.39527403330824173, -0.69316538662192617, 21745.486702793125]
    [-0.46678326786498742, 0.52988840553129324, 0.70804728250505844, 8229.2664920169082]
    [0.64717323450508424, 0.75031727423387329, -0.13487063529356033, 2747.9648874701052]
  #491 data/objects/space/3d/asteroid/angular_smooth_01/angular_smooth_01_02200_column_01.cgf
    [-0.49883798120770101, 0.23240219083110472, -1.0663734185296265, 36197.696090340745]
    [-1.0669907677857378, 0.14275764763407769, 0.53023893958009205, 8927.0015796865737]
    [0.22955118712318015, 1.168593964251023, 0.14729825780181996, 11920.15116406921]
  #492 data/objects/space/3d/asteroid/angular_smooth_01/angular_smooth_01_02200_column_01.cgf
    [-0.17711969996125823, 1.1555416881698719, -0.27084113704089974, 28555.253184820787]
    [-0.87503180264878111, 0.057867808612980472, 0.81912976005392912, 3472.9313564994427]
    [0.80184216586888835, 0.31839853384446504, 0.8340709906277981, 12863.596192405872]
  #493 data/objects/space/3d/asteroid/angular_smooth_01/angular_smooth_01_00900_cluster_01.cgf
    [0.11971936216698646, -0.88863870801142919, -0.44270670592243, 9392.0564993695516]
    [-0.10339655355212175, 0.4323289455513466, -0.89576868781766705, 1038.0811005459927]
    [0.98740930396591586, 0.15301514952716194, -0.040124019979398427, 12691.534116080296]
  #494 data/objects/space/3d/asteroid/angular_smooth_01/angular_smooth_01_00800_cluster_01.cgf
    [0.18169177220248481, -0.905009181670685, -0.38463068682660956, 7129.3519407994072]
    [-0.1208739138784664, -0.40872914349815381, 0.90461277265026441, 11971.71753137855]
    [-0.97589542528933582, -0.11786921816171902, -0.18365524918260237, 15703.735994751756]
  #495 data/objects/space/3d/asteroid/angular_smooth_01/angular_smooth_01_01300_cluster_01.cgf
    [-0.18008594791487095, 0.55408809280890003, 0.81274413809204593, 4596.6349380683623]
    [0.70886163898172461, -0.49974131059720645, 0.49776640755952378, 10286.191915577861]
    [0.68196907948654817, 0.66576467698577002, -0.30277576972784287, 15429.764286320709]
  #496 data/objects/space/3d/asteroid/angular_smooth_01/angular_smooth_01_01300_cluster_01.cgf
    [0.93747158764143967, -0.25022934199005364, 0.24193355737969141, 5069.9099610112044]
    [-0.31944411013562524, -0.89456744649508102, 0.31257653716339223, 4936.6499474332286]
    [0.13821009470666817, -0.37031595630302483, -0.91856606166496202, 15184.617138377977]
  #497 data/objects/space/3d/asteroid/angular_smooth_01/angular_smooth_01_03900_column_01.cgf
    [-0.72237792986599669, -0.064408179332863136, 0.33766806184937692, 5237.2920147998466]
    [0.34364894340937974, -0.11570350264807501, 0.71310315542995273, 6588.661942129962]
    [-0.0085753863881348428, 0.78896279571698691, 0.13214453011116836, 15727.580302457931]
  #498 data/objects/space/3d/asteroid/angular_smooth_01/angular_smooth_01_01300_cluster_01.cgf
    [-0.50840230078662818, -0.847012457959883, 0.15522692681659297, 2949.0177630351322]
    [0.83755629884719374, -0.44451071871494674, 0.31766030504646847, 3649.400441142152]
    [-0.20006236280109463, 0.29151075314914632, 0.93541163878912925, 6685.9019990088391]
  #499 data/objects/space/3d/asteroid/angular_smooth_01/angular_smooth_01_01400_01.cgf
    [0.57069772067432956, 0.64367012354829956, 0.50989411081924652, 28860.829464933871]
    [0.57295217571750823, 0.13268852351900565, -0.80877603862047498, 1094.3998613672975]
    [-0.58824232807356414, 0.7537119133709983, -0.29306728866410542, 23758.46746041418]
  #500 data/objects/space/3d/asteroid/angular_smooth_01/angular_smooth_01_01300_cluster_01.cgf
    [0.052970239645604759, -0.54359972854157979, 0.83766828070761923, 28557.458865126289]
    [0.38608644515962515, -0.76246438127227911, -0.51921092420839421, 1730.6683331025324]
    [0.92093760387886314, 0.35091603280963363, 0.16948901835003127, 23765.24671804942]
  #501 data/objects/space/3d/asteroid/angular_smooth_01/angular_smooth_01_02200_column_01.cgf
    [-0.10640475329574847, 1.1927434780362429, 0.077737641862064374, 2187.4546959583563]
    [-1.1490199685293798, -0.12357162034260723, 0.32324183431425252, 4542.6386222573519]
    [0.3292920546885561, -0.045772995664542571, 1.1530280536357647, 6586.3282307172449]
  #502 data/objects/space/3d/asteroid/angular_smooth_01/angular_smooth_01_02200_column_01.cgf
    [0.50183070195747204, -0.32676881690248988, 1.0398988713085628, 4568.7552552623274]
    [-1.0753765443629439, 0.038673401130614793, 0.53110378604827235, 11031.701452688038]
    [-0.17813705421020501, -1.1540052356991033, -0.27665986621151395, 16341.469811177161]
  #503 data/objects/space/3d/asteroid/angular_smooth_01/angular_smooth_01_00800_cluster_01.cgf
    [0.16777285568006961, 0.38874650214897744, -0.26594840005062198, 15436.623089640741]
    [0.017239437212838261, -0.28719492446118722, -0.4089278697935782, 4255.9333795664916]
    [-0.47069650118429301, 0.12804435933013261, -0.10977053950034477, 10693.174838963378]
  #504 data/objects/space/3d/asteroid/angular_smooth_01/angular_smooth_01_01300_cluster_01.cgf
    [0.67039634838198225, -0.43824966845044216, 0.59875324877249847, 16294.679928107225]
    [0.64167547516696588, -0.062776100868315018, -0.76440253431386507, 4186.2932636845217]
    [0.3725866468109027, 0.89665817232615941, 0.23912925658597073, 7135.7405172365152]
  #505 data/objects/space/3d/asteroid/angular_smooth_01/angular_smooth_01_03500_cluster_01.cgf
    [-0.33809751119790149, 0.016707154414707555, -0.29393355970434765, 12613.181350593866]
    [-0.29386629317272273, -0.046290685754977433, 0.33538897977807597, 3492.8432664475795]
    [-0.017851281915581101, 0.44560524796171153, 0.045861621539947835, 9466.8629610369462]
  #506 data/objects/space/3d/asteroid/angular_smooth_01/angular_smooth_01_01300_cluster_01.cgf
    [0.50245199515925598, -0.85459410511847622, -0.13117870002225498, 15663.882616302019]
    [-0.83270604235393852, -0.51914384963578408, 0.19258051224065742, 4381.1909821661047]
    [-0.23267914145883098, 0.012470852592509152, -0.97247202440373159, 10551.718008951613]
  #507 data/objects/space/3d/asteroid/angular_smooth_01/angular_smooth_01_00800_cluster_01.cgf
    [-0.12321626156984068, 0.45421296789773385, 0.1688427299536106, 15926.252568828997]
    [-0.11218079241522072, -0.19622012351996571, 0.44599626424310512, 4274.7284282009796]
    [0.47141569498453156, 0.072026229244940052, 0.15026310126877332, 10550.26930379849]
  #508 data/objects/space/3d/asteroid/angular_smooth_01/angular_smooth_01_00900_cluster_01.cgf
    [0.48544878542552616, 0.00023962384396632402, 0.11974589840164399, 12374.494268409971]
    [-0.009500337891989747, -0.49834550656538296, 0.039511524151211445, 4631.3742873735591]
    [0.11936867756468389, -0.040636923373050082, -0.48383821691754914, 9902.3169021105023]
  #509 data/objects/space/3d/asteroid/angular_smooth_01/angular_smooth_01_03500_cluster_01.cgf
    [0.1761285063519783, 0.69854429084897773, 0.69355165522494944, 18210.284342204282]
    [-0.52517085993892443, -0.52923468392152495, 0.66641240437002813, 8595.8117123469838]
    [0.8325704730615775, -0.48160751504677518, 0.2736418906696092, 15563.485768750978]
  #510 data/objects/space/3d/asteroid/angular_smooth_01/angular_smooth_01_03400_01.cgf
    [-0.83142465653095032, 0.41034884792473214, -0.059228326752098728, 14683.967355333796]
    [-0.3686340574308844, -0.79240318954438993, -0.31522570972644059, 5184.7131933084484]
    [-0.18974483757154428, -0.25859647982395245, 0.87194374153853837, 7090.3165250829607]
  #511 data/objects/space/3d/asteroid/angular_smooth_01/angular_smooth_01_03400_01.cgf
    [0.90302386560369474, -0.35611831178469222, -0.24026592538572886, 14698.94044174557]
    [0.26856862587011948, 0.90451157066585686, -0.3312548572768404, 4667.4540825302811]
    [0.33528921856820221, 0.23460314423060244, 0.91243770930881574, 8892.1098969249342]
  #512 data/objects/space/3d/asteroid/angular_smooth_01/angular_smooth_01_01300_cluster_01.cgf
    [0.9522188829311532, 0.034242624189445348, 0.30349031627948975, 22393.719520765728]
    [-0.29308862937796937, 0.38191844118647034, 0.87649135193023875, 12379.620971056011]
    [-0.085895196117987918, -0.92356130135891612, 0.3737061256034418, 17334.691402858218]
  #513 data/objects/space/3d/asteroid/angular_smooth_01/angular_smooth_01_01700_column_01.cgf
    [-1.1877754125727544, 0.88790632427060223, -0.57328806705304924, 13249.945429525869]
    [-0.59271307226414949, -1.2736337038797529, -0.74457751881605039, 4889.6694624428728]
    [-0.87505889085955024, -0.34253003792272119, 1.2824945964275418, 8261.7810793252829]
  #514 data/objects/space/3d/asteroid/angular_smooth_01/angular_smooth_01_02200_column_01.cgf
    [0.45974893554037194, -0.48963356147293657, 0.13853579714658723, 16272.396817670007]
    [0.44005157299770586, 0.28881559168719323, -0.43959349681590904, 4422.5538588924373]
    [0.25551478374833236, 0.38359719083945593, 0.50780672091686463, 6768.9429561573679]
  #515 data/objects/space/3d/asteroid/angular_smooth_01/angular_smooth_01_02200_column_01.cgf
    [0.037172651193373568, 0.7090818411184846, -0.70414521719293433, 15318.669493654541]
    [0.98439084084663031, -0.14728038327888093, -0.096345791059592067, 9824.7996442492131]
    [-0.17202388426299534, -0.68957289795470844, -0.70348870065255875, 12156.995843909688]
  #516 data/objects/space/3d/asteroid/angular_smooth_01/angular_smooth_01_01300_cluster_01.cgf
    [-0.089947562078854862, -0.96210976733585418, -0.25740051838077549, 17968.516616747136]
    [0.87449311057180856, -0.19997966657589419, 0.44189447576124924, 12692.114144598216]
    [-0.47662567160003633, -0.18534757549753805, 0.85934570495154716, 14297.968917418684]
  #517 data/objects/space/3d/asteroid/angular_smooth_01/angular_smooth_01_00800_cluster_01.cgf
    [-0.16230404719787747, -0.12890257622325085, -0.45501814474792035, 12769.703111558094]
    [-0.41309765248786001, -0.19555691198793804, 0.20275061929967653, 4130.1162444474685]
    [-0.23023404551857587, 0.44174835592268152, -0.043019347593837937, 9474.5386850514242]
  #518 data/objects/space/3d/asteroid/angular_smooth_01/angular_smooth_01_01300_cluster_01.cgf
    [-0.52518166403099409, 0.35418656412666977, 0.77377768362313482, 6172.1714221920674]
    [-0.58173527304311812, -0.8130596089292681, -0.022670477291797948, 3478.5920362281759]
    [0.62109910479607711, -0.46204085991969757, 0.63304814343111515, 20735.849857036668]
  #519 data/objects/space/3d/asteroid/angular_smooth_01/angular_smooth_01_00800_cluster_01.cgf
    [-0.2733937116570001, -0.18475821353411367, -0.37566013793240205, 13770.682937933567]
    [-0.37937268823150183, -0.08036822284400004, 0.31562251259091179, 4151.2488107571171]
    [-0.177009887078977, 0.45760857680104661, -0.096240057084915537, 8306.6003184884466]
  #520 data/objects/space/3d/asteroid/angular_smooth_01/angular_smooth_01_03500_cluster_01.cgf
    [0.51713383418282244, -0.56272131934839664, -0.6449161822023628, 12391.589687748377]
    [-0.71405937443194534, 0.13178799103885511, -0.6875686896420603, 5027.0258210095681]
    [0.47190187020346763, 0.81607365472795457, -0.33366447627778317, 12642.825816431077]
  #521 data/objects/space/3d/asteroid/angular_smooth_01/angular_smooth_01_01300_cluster_01.cgf
    [-0.84575591988811316, -0.43519161670975742, 0.30871234703512823, 13695.497270493086]
    [0.52263346368838481, -0.79221657263695577, 0.31503221607419013, 3530.868898610257]
    [0.10746775841838185, 0.4277841643598802, 0.897468396165361, 8175.7314287259351]
  #522 data/objects/space/3d/asteroid/angular_smooth_01/angular_smooth_01_03900_column_01.cgf
    [0.20500501734835827, 0.35816778867183691, 0.68533783623150391, 19635.746518901316]
    [-0.69083794979249868, -0.2337327771481347, 0.32880250571379666, 12803.275429842894]
    [0.347440702478927, -0.67607987382786405, 0.24939954734602676, 14807.836089131031]
  #523 data/objects/space/3d/asteroid/angular_smooth_01/angular_smooth_01_03500_cluster_01.cgf
    [0.18959266654688911, -0.45489936854728746, 0.8701272465837806, 13480.167549886964]
    [0.13644849823921434, 0.88980822769075818, 0.43545765032049571, 6770.3176866252306]
    [-0.97233567664693621, 0.036167974641430477, 0.23077142260347927, 13881.890464976819]
  #524 data/objects/space/3d/asteroid/angular_smooth_01/angular_smooth_01_01400_01.cgf
    [-0.12268818557645249, -0.012688610656363387, 0.99236435784293586, 6859.9726141356687]
    [0.94230703892814127, -0.31529158324604872, 0.11246809484530115, 3344.1340789830538]
    [0.31145700175769003, 0.94891023133448427, 0.050639109019602196, 20811.799457378766]
  #525 data/objects/space/3d/asteroid/angular_smooth_01/angular_smooth_01_02200_column_01.cgf
    [0.37020709498704873, 0.38867588480984666, -0.84372853860330121, 11645.593678677142]
    [0.43909511542278679, 0.72717493483131868, 0.52764777762257875, 8216.48601062526]
    [0.81862217774638191, -0.56581600736059046, 0.098539633556353978, 16505.183834605075]
  #526 data/objects/space/3d/asteroid/angular_smooth_01/angular_smooth_01_01400_01.cgf
    [-0.8740432964130519, 0.013563592896904553, 0.21416252317410484, 9378.3669538342292]
    [-0.13805189720233271, -0.72319811895237274, -0.51761703585928509, 3429.114194979571]
    [0.16429008206038642, -0.53553874843996374, 0.70442051307803022, 17294.524157834887]
  #527 data/objects/space/3d/asteroid/angular_smooth_01/angular_smooth_01_02200_column_01.cgf
    [-0.92604761810827518, -0.6691416560747131, 0.36699948184747683, 23523.229455352157]
    [0.48724581322425964, -0.074235088483681919, 1.0941133559681946, 12188.110458740248]
    [-0.58739313331546195, 0.9933488623430069, 0.32898436313969937, 17060.279841022639]
  #528 data/objects/space/3d/asteroid/angular_smooth_01/angular_smooth_01_02200_column_01.cgf
    [0.16728542958835077, 1.1130141018850881, -0.6505458870530586, 13067.982802721519]
    [-1.0024027409645129, -0.30021406157296227, -0.77139809388536618, 3767.7835398797743]
    [-0.81067816491105238, 0.6008875796254034, 0.81959123146703594, 7988.0246962934334]
  #529 data/objects/space/3d/asteroid/angular_smooth_01/angular_smooth_01_02200_column_01.cgf
    [-0.67016393892982673, -0.040598024091228778, 0.74110153210059182, 26713.455150947124]
    [-0.74178119293044009, 0.070678672006948787, -0.66690671958072534, -32292.745385617265]
    [-0.025304984818205856, -0.99667231889278396, -0.077481171778234187, 8604.308046448783]
  #530 data/objects/space/3d/asteroid/angular_smooth_01/angular_smooth_01_01300_cluster_01.cgf
    [-0.40214914752129849, 0.76882084750626511, -0.49718346602849856, 22299.736340007017]
    [-0.89694177491820093, -0.43981380009777998, 0.045388379070061519, -31754.664308691386]
    [-0.18377254109074762, 0.46419732548536763, 0.86645792018871381, 8842.015422604065]
  #531 data/objects/space/3d/asteroid/angular_smooth_01/angular_smooth_01_01300_cluster_01.cgf
    [0.74875959799361536, 0.45014396745382246, 0.48654690245273319, 32420.257799597537]
    [0.6445203486273241, -0.66582185727597332, -0.37586325956105832, -26290.347938947078]
    [0.15476110598832626, 0.59502107378435176, -0.78866807792300342, 21650.271362726857]
  #532 data/objects/space/3d/asteroid/angular_smooth_01/angular_smooth_01_00900_cluster_01.cgf
    [-0.64735190823558542, -0.16022856193672175, 0.74515680830855535, 8098.9030547007642]
    [0.17509213878075494, -0.98276812332838448, -0.059210749293880746, -25296.691162444877]
    [0.74180496356258219, 0.092141075717901533, 0.6642527924853765, 32638.063717752178]
  #533 data/objects/space/3d/asteroid/angular_smooth_01/angular_smooth_01_00900_cluster_01.cgf
    [0.17029815571692841, 0.40309794026387785, 0.24188631941982294, 23225.88987609954]
    [0.44332299258636881, -0.052113835639015255, -0.22527155876251392, -5060.7132461076799]
    [-0.15640225449690889, 0.29119512615778026, -0.37515614895437249, 22337.811584279109]
  #534 data/objects/space/3d/asteroid/angular_smooth_01/angular_smooth_01_00800_cluster_01.cgf
    [0.13399399097162301, -0.17831746072110241, -0.44748979916155596, 23229.330729543108]
    [-0.48170383676223499, -0.051892894298254444, -0.12356038174943924, -4727.0360543702427]
    [-0.0023771411850362113, 0.46422907867937707, -0.18569959202017139, 21504.205276177083]
  #535 data/objects/space/3d/asteroid/angular_smooth_01/angular_smooth_01_00800_cluster_01.cgf
    [0.40826405578164709, -0.19379859526790741, 0.21391934717374153, 25949.315756892756]
    [0.28846702338022323, 0.26070474982853725, -0.31435446824457153, -4351.4326376829213]
    [0.010303351163950853, 0.38009743455508804, 0.32468246498042774, 21735.566537720086]
  #536 data/objects/space/3d/asteroid/angular_smooth_01/angular_smooth_01_00900_cluster_01.cgf
    [0.010702594806413937, 0.1484394174183333, 0.47733640304045294, 23278.079137181634]
    [-0.45669469499476889, 0.19703884649917258, -0.051034266729255331, -4617.7151887299478]
    [-0.20325909050944557, -0.43490260998695279, 0.13980096494120386, 22309.342202947952]
  #537 data/objects/space/3d/asteroid/angular_smooth_01/angular_smooth_01_00800_cluster_01.cgf
    [0.35042421149434233, -0.10650809689289846, -0.34037875696819592, 23982.880584009719]
    [-0.29450667085951449, 0.18273537033592524, -0.36037814327152345, -5069.6211192248347]
    [0.20116533925655991, 0.45305916901088977, 0.0653352627403299, 22206.183798182679]
  #538 data/objects/space/3d/asteroid/angular_smooth_01/angular_smooth_01_00800_cluster_01.cgf
    [-0.42937960793197388, -0.22336395829194369, 0.12546000762694604, 23347.827502616907]
    [-0.25347531794062378, 0.40593564548093175, -0.14479307306737182, -4723.0640264990243]
    [-0.037174380593336248, -0.18794497319574263, -0.46183684517734991, 22497.165368712202]
  #539 data/objects/space/3d/asteroid/angular_smooth_01/angular_smooth_01_01300_cluster_01.cgf
    [-0.82995908238911364, 0.22340422417922243, -0.51112712142410521, 25446.637098458814]
    [-0.53937164077114363, -0.087718070891881814, 0.83748207935898145, -5255.6005669451179]
    [0.14226248545648498, 0.97076699198854022, 0.19330104131601819, 21354.183267693625]
  #540 data/objects/space/3d/asteroid/angular_smooth_01/angular_smooth_01_00800_cluster_01.cgf
    [0.13399282013752964, 0.14717615434387812, 0.4586762432472708, 23501.134626856598]
    [-0.48170433394774098, 0.04328760341356927, 0.12683024253687955, -5100.438477704135]
    [-0.00237722166525898, -0.47588250163096713, 0.15339160939861649, 21252.017342328498]
  #541 data/objects/space/3d/asteroid/angular_smooth_01/angular_smooth_01_00800_cluster_01.cgf
    [0.46303962078336974, 0.048715016764834501, 0.18226167481419084, 23352.955034883431]
    [-0.050068635544349843, -0.43398892420585777, 0.2431972589916428, -5137.7953002477343]
    [0.18189448232202926, -0.24347201520487524, -0.39703140491975797, 22135.726522660902]
  #542 data/objects/space/3d/asteroid/angular_smooth_01/angular_smooth_01_00800_cluster_01.cgf
    [0.25067119545841371, -0.22754522033926033, -0.36794845334095877, 24942.25046611279]
    [-0.34148896187079619, 0.15701253747865304, -0.32974428250193655, -5081.2197982148955]
    [0.26560907464853695, 0.41661634104181328, -0.076691483810628819, 21003.706766522802]
  #543 data/objects/space/3d/asteroid/angular_smooth_01/angular_smooth_01_00900_cluster_01.cgf
    [0.90443649399044224, -0.17374096867759498, 0.38962602383877137, 26190.938853828873]
    [0.3503151853677734, -0.21875027008508083, -0.91072900719676741, -5440.7900231130916]
    [0.24346177020259754, 0.96018859056533168, -0.13698164588419293, 26232.377789060291]
  #544 data/objects/space/3d/asteroid/angular_smooth_01/angular_smooth_01_00800_cluster_01.cgf
    [0.27459565802596819, 0.3374709832309315, 0.24639296219878529, 24526.45967728466]
    [-0.1816349664906787, 0.36192676855266209, -0.29328601211720939, -2255.6680229773738]
    [-0.37630425893400898, 0.071563129003937756, 0.32136078638494492, 21574.123837975811]
  #545 data/objects/space/3d/asteroid/angular_smooth_01/angular_smooth_01_01300_cluster_01.cgf
    [0.9724714954103828, 0.013074749404861965, 0.2326374418255108, 24595.345869689831]
    [0.18279662193137619, -0.66193505848906109, -0.72692455671161971, -2170.9374351285087]
    [0.14448710468964135, 0.74944177029833847, -0.64610560073978729, 21299.494225165112]
  #546 data/objects/space/3d/asteroid/angular_smooth_01/angular_smooth_01_00800_cluster_01.cgf
    [-0.18173385677216827, 0.32185768679728366, -0.33671754312717317, 24795.426853803659]
    [0.21076967917737294, 0.37913998162933871, 0.24865093156261636, -1979.8273493384786]
    [0.41538803153144088, -0.051563290013257657, -0.2734817717523938, 21239.341192361771]
  #547 data/objects/space/3d/asteroid/angular_smooth_01/angular_smooth_01_00900_cluster_01.cgf
    [0.17029815571692841, 0.40309794026387785, 0.24188631941982294, 24773.287295706177]
    [0.44332299258636881, -0.052113835639015255, -0.22527155876251392, -1830.8129857431913]
    [-0.15640225449690889, 0.29119512615778026, -0.37515614895437249, 21098.313655148431]
  #548 data/objects/space/3d/asteroid/angular_smooth_01/angular_smooth_01_01400_01.cgf
    [-0.43741826195114258, -0.56283814219009587, -0.70134019643080669, 27558.445874145564]
    [-0.80011278871422853, 0.59958374414945015, 0.017844898700364001, -2782.7540894775975]
    [0.41046847719348867, 0.5689570640827718, -0.71260302397809872, 22206.989177751591]
  #549 data/objects/space/3d/asteroid/angular_smooth_01/angular_smooth_01_01300_cluster_01.cgf
    [0.86781020643759554, 0.0049094016285880599, 0.49687191792628654, 26966.827798536164]
    [-0.34829469765445714, 0.71919489851777962, 0.60120700343321887, -1395.7461575494904]
    [-0.3543961182545422, -0.69479130331849237, 0.62583447943083381, 22629.783252344812]
  #550 data/objects/space/3d/asteroid/angular_smooth_01/angular_smooth_01_01300_cluster_01.cgf
    [0.018524727482950341, -0.16079555576793172, 0.9868099653420338, 23382.080518751052]
    [0.28046777044236326, 0.94818690332878308, 0.14923709351312262, -13716.836519319946]
    [-0.9596806490683002, 0.27400487145749181, 0.062663116765694929, 9693.4110038728377]
  #551 data/objects/space/3d/asteroid/angular_smooth_01/angular_smooth_01_01400_01.cgf
    [0.22774983277883509, 0.63458973578173306, 0.73852804251607729, 23902.245877403842]
    [-0.97346105552061768, 0.13094797897322441, 0.18768055003238573, -13394.550011492418]
    [0.022391420831281098, -0.76167334383989327, 0.64757249032819353, 10043.376050839925]
  #552 data/objects/space/3d/asteroid/angular_smooth_01/angular_smooth_01_00800_cluster_01.cgf
    [-0.86559908549862896, 0.56515624512625817, 0.70273411911966976, 28058.591745616744]
    [0.79004052540165948, 0.0055691359582568508, 0.96866070083591227, -14958.560016203195]
    [0.43482501285365283, 1.114928698938026, -0.36105374236719001, 10888.85860826615]
  #553 data/objects/space/3d/asteroid/angular_smooth_01/angular_smooth_01_02200_column_01.cgf
    [-0.71668786580658761, -0.96182230634729593, 0.035450362988538424, 22558.387262664924]
    [-0.9054576721336044, 0.6887600549870061, 0.38178051920749279, -17879.150402808027]
    [-0.32635146881490307, 0.20126552582277299, -1.1370959858935787, 10374.313784023168]
  #554 data/objects/space/3d/asteroid/angular_smooth_01/angular_smooth_01_00900_cluster_01.cgf
    [-0.27173133131698107, -0.96222355538367621, -0.016975951816119949, 29385.991458058834]
    [-0.90071187959579757, 0.24806877241602315, 0.35662342043334389, -21906.276699447932]
    [-0.33894020627578458, 0.11219618314082407, -0.93409411889430294, 30484.904880791524]
  #555 data/objects/space/3d/asteroid/angular_smooth_01/angular_smooth_01_01400_01.cgf
    [1.065711246880354, -0.045750129873165304, 0.26863664590400055, 34726.37943805434]
    [0.24603286269604674, -0.30468112042776369, -1.0279282216972705, -8761.9506958465572]
    [0.1171603703457406, 1.055971365191648, -0.28495106097184097, 33450.163840566849]
  #556 data/objects/space/3d/asteroid/angular_smooth_01/angular_smooth_01_02200_column_01.cgf
    [0.27946271284632007, 0.19237832813671907, -0.94068647693233121, 32478.234409385259]
    [0.96014733231518212, -0.060270000407758768, 0.27291849367595633, -8937.8332570624698]
    [-0.0041915710753215908, -0.97946821429060926, -0.20155476877948314, 34432.637499697928]
  #557 data/objects/space/3d/asteroid/angular_smooth_01/angular_smooth_01_01300_cluster_01.cgf
    [-0.40580061950630397, 0.88219565666447952, -0.23886336519901269, 34421.096665980571]
    [0.85785963510188745, 0.27749804974624481, -0.43251671125339908, -9871.2742632643603]
    [-0.31528039954098908, -0.38042697382405388, -0.86940934772747658, 35043.680284879796]
  #558 data/objects/space/3d/asteroid/angular_smooth_01/angular_smooth_01_00800_cluster_01.cgf
    [-0.69933964995598219, -0.26549329935224947, 0.66365108630617564, 43113.653274449847]
    [0.69231699666288216, -0.48255445554715315, 0.53650142210449292, -3254.3756088479913]
    [0.17781066471951842, 0.83465556236540661, 0.52127618599103065, 26920.514890078462]
  #559 data/objects/space/3d/asteroid/angular_smooth_01/angular_smooth_01_00900_cluster_01.cgf
    [0.8173478843166837, 0.44050859698577666, -0.3713408122687214, 31069.817590608556]
    [0.57353059116405802, -0.56077483825915875, 0.59715461033651196, -6313.0347982176581]
    [0.054813172447663594, -0.70105858787177533, -0.71099350163639741, 22649.64374671688]
  #560 data/objects/space/3d/asteroid/angular_smooth_01/angular_smooth_01_01300_cluster_01.cgf
    [-0.86441251127229357, -0.073775764346305547, 0.49734202766745739, 29443.811793501234]
    [-0.057828683648516017, -0.96802311215907444, -0.2441066226194456, -10220.893397116672]
    [0.49944749397383037, -0.23976934010484113, 0.83250454043343314, 22483.320534014434]
  #561 data/objects/space/3d/asteroid/angular_smooth_01/angular_smooth_01_03900_column_01.cgf
    [-0.22060064522098238, 0.97008596480108233, 0.10133115388864374, 30218.211973538771]
    [0.10220258273124198, -0.080328318091390891, 0.99151470988585766, -9134.0425551771841]
    [0.9699945432503807, 0.22908515607285868, -0.081424835621105487, 23325.355592190976]
  #562 data/objects/space/3d/asteroid/angular_smooth_01/angular_smooth_01_00900_cluster_01.cgf
    [-0.11179049149170059, -0.70353804267005526, 0.70180909251332679, 34019.662099568508]
    [-0.98150789213764622, 0.18860116422809861, 0.032722352141432376, -9121.516598710954]
    [-0.15538351743317674, -0.68517349421452434, -0.71161235173533977, 22783.454589801844]
  #563 data/objects/space/3d/asteroid/angular_smooth_01/angular_smooth_01_03900_column_01.cgf
    [0.21108525762799948, -0.70502671147926055, 0.67703707890224296, 32460.959886538461]
    [-0.1080238310462131, -0.7052271628701392, -0.70070275921524283, -6808.8977071565168]
    [0.97147965600615727, 0.074771926192221116, -0.22502287242697064, 23950.564100931366]
  #564 data/objects/space/3d/asteroid/angular_smooth_01/angular_smooth_01_00900_cluster_01.cgf
    [-0.18139087273382576, 0.13922524159470229, 0.97350506252810542, 35829.370569637285]
    [0.081485114549537649, -0.98439491029121695, 0.15596557336697242, -9420.4898869783628]
    [0.98002854589639499, 0.10761698783991548, 0.1672155989510358, 23143.846491019158]
  #565 data/objects/space/3d/asteroid/angular_smooth_01/angular_smooth_01_01400_01.cgf
    [-0.42701673420189301, -0.040173613097758597, 0.903350027033337, 30039.502574771297]
    [0.78960300433658714, -0.50341083607885628, 0.35086052425419906, -5597.1752075809682]
    [0.44066119192991626, 0.86311186572075782, 0.24668624403855036, 25939.724305184758]
  #566 data/objects/space/3d/asteroid/angular_smooth_01/angular_smooth_01_01300_cluster_01.cgf
    [0.52287219923517902, -0.67385063922257238, -0.52204411630258973, 32168.948736407638]
    [0.56516057570509159, 0.73252299479097482, -0.37947814937227264, -5360.8225590815528]
    [0.63812088746217244, -0.096620174920386714, 0.76384969389448409, 23395.793115293549]
  #567 data/objects/space/3d/asteroid/angular_smooth_01/angular_smooth_01_00900_cluster_01.cgf
    [0.95083370432708925, -0.26863509385281759, 0.15410655916582844, 39231.221841849256]
    [-0.30684627971623141, -0.88454795402852826, 0.3513099146905353, -9998.7704989135382]
    [0.041940503711226096, -0.38132464106880221, -0.92348843564703931, 32049.213160101644]
  #568 data/objects/space/3d/asteroid/angular_smooth_01/angular_smooth_01_00800_cluster_01.cgf
    [0.15631889635063312, 0.078249855268450921, -0.46844620935236275, 28389.877629585008]
    [-0.4324939263034166, -0.18032945181097587, -0.17444420535695371, -21513.791070893327]
    [-0.19624957227160039, 0.45973768305679563, 0.011307361460326203, 8760.8977287922753]
  #569 data/objects/space/3d/asteroid/angular_smooth_01/angular_smooth_01_00800_cluster_01.cgf
    [-0.41506949599506182, -0.13484771448203256, -0.24399587260184138, 28132.411118128104]
    [-0.11848015979081915, -0.31079970783366323, 0.37331832502545065, -21176.393249893568]
    [-0.25234964569759899, 0.36772301255542639, 0.22605313713110575, 11491.670440722592]
  #570 data/objects/space/3d/asteroid/angular_smooth_01/angular_smooth_01_01400_01.cgf
    [0.18981700239255483, 1.0593785844656221, 0.22734260041015161, 40218.716884875867]
    [0.97083531109115528, -0.063812925768916964, -0.5132298187228419, 1088.7285883635225]
    [-0.48108880877045485, 0.28921110432235436, -0.9459961061206329, 16990.510676283182]
  #571 data/objects/space/3d/asteroid/angular_smooth_01/angular_smooth_01_02200_column_01.cgf
    [-0.99839557139290125, 0.021269953730678633, 0.052463661029495443, 38434.33681662751]
    [-0.050641052397603442, 0.078685299040965329, -0.99561170702446933, -559.60441949657798]
    [-0.025304751972429828, -0.99667184991872282, -0.077481976900987543, 13314.364854826707]
  #572 data/objects/space/3d/asteroid/angular_smooth_01/angular_smooth_01_01300_cluster_01.cgf
    [-0.71387911352769795, -0.29856917215694395, -0.63342849322919359, 42049.067337819637]
    [0.20524480853247357, 0.77561622206227798, -0.59690253808514537, 394.91574764544885]
    [0.66951458174378686, -0.55612455514887793, -0.49241679431258856, 17168.082687718663]
  #573 data/objects/space/3d/asteroid/angular_smooth_01/angular_smooth_01_02200_column_01.cgf
    [-0.35859846920540162, -0.81154736166410124, -0.46129995088726033, 40767.323356321511]
    [0.83071425572989444, -0.052013119653728422, -0.55426355440352015, -540.69000735021837]
    [0.42581755510979075, -0.58196661604333721, 0.69281591682090926, 18749.590843904352]
  #574 data/objects/space/3d/asteroid/angular_smooth_01/angular_smooth_01_02200_column_01.cgf
    [0.27344918466931406, -0.40055912049290976, 1.097623940274884, 13767.643252106247]
    [1.1191233986725544, -0.23422591728357958, -0.36428205842064804, -34236.919282174626]
    [0.33584035168247184, 1.1066575760069328, 0.32018845625534609, -9588.4375306402362]
  #575 data/objects/space/3d/asteroid/angular_smooth_01/angular_smooth_01_00800_cluster_01.cgf
    [-0.62059968022279077, -0.76370168202961353, 0.17779427925863631, 16575.259306096439]
    [-0.32386312040267484, 0.45614556604083994, 0.82887811515862408, -24682.941974611698]
    [-0.71411745820628247, 0.45682161880870931, -0.53041992085382494, 15973.038015955364]
  #576 data/objects/space/3d/asteroid/angular_smooth_01/angular_smooth_01_01300_cluster_01.cgf
    [0.74875959799361536, 0.45014396745382246, 0.48654690245273319, 14178.215377812239]
    [0.6445203486273241, -0.66582185727597332, -0.37586325956105832, -23726.613861244346]
    [0.15476110598832626, 0.59502107378435176, -0.78866807792300342, 17607.157799726858]
  #577 data/objects/space/3d/asteroid/angular_smooth_01/angular_smooth_01_02200_column_01.cgf
    [-0.45147014692048287, -0.91057911356375687, 0.63798329949551424, 15177.003195877685]
    [-1.0642310549920455, 0.15458976806824912, -0.53246274165735341, -23155.042182928515]
    [0.32185287645795296, -0.76612661329847442, -0.86571533679708745, 17859.147012649337]
  #578 data/objects/space/3d/asteroid/angular_smooth_01/angular_smooth_01_00900_cluster_01.cgf
    [0.93266467094369154, 0.083523412344146911, 0.35094160969348548, 18266.462484023741]
    [0.080375119966323322, -0.99648607791772625, 0.023556291238572721, -21489.192850938569]
    [0.35167600702104235, 0.0062368547287018914, -0.93610076913716866, 14331.106099640236]
  #579 data/objects/space/3d/asteroid/angular_smooth_01/angular_smooth_01_01300_cluster_01.cgf
    [0.50673287127805389, 0.80013119256959275, -0.32094439994117957, 13430.921537637043]
    [0.19404964969104235, 0.2568660939181025, 0.9467618387219584, -23772.75521394414]
    [0.83997617027581584, -0.54203627229417128, -0.025102766707195242, 18101.132845580203]
  #580 data/objects/space/3d/asteroid/angular_smooth_01/angular_smooth_01_01300_cluster_01.cgf
    [-0.74678349448220305, -0.66306367552779455, -0.051595407746923422, 14495.468437626147]
    [0.63717053399484669, -0.7355354807976151, 0.23022245466633628, -23401.019348532802]
    [-0.19060229409354312, 0.13905117841803077, 0.97176985279585926, 14590.8044430756]
  #581 data/objects/space/3d/asteroid/angular_smooth_01/angular_smooth_01_00900_cluster_01.cgf
    [0.13432693163581219, -0.73979230396467366, 0.65929038895433012, 17362.18382067253]
    [0.40908816522158176, -0.56457936181603796, -0.71686624402508958, -24101.657244505433]
    [0.90255378955968713, 0.36600230291849173, 0.22680204087576669, 27692.394849997312]
  #582 data/objects/space/3d/asteroid/angular_smooth_01/angular_smooth_01_01400_01.cgf
    [-0.8670201632642226, -0.10244060977255512, -0.21859197586560081, 17638.48281341021]
    [-0.24127346296213087, 0.34078785914940912, 0.79727739531278774, -25598.154224491765]
    [-0.007977876513307303, 0.8266619928821628, -0.35576227590983978, 27175.893076854871]
  #583 data/objects/space/3d/asteroid/angular_smooth_01/angular_smooth_01_01300_cluster_01.cgf
    [0.089946580007165808, 0.96210976101380985, 0.25740051668939107, 13902.335454540433]
    [-0.87449310482544362, 0.199978821831064, -0.44189465477285, -8035.4259430369202]
    [-0.47662566846821341, -0.18534800799040299, 0.85934550302903145, -6775.7813215813167]
  #584 data/objects/space/3d/asteroid/angular_smooth_01/angular_smooth_01_02200_column_01.cgf
    [-0.037172141501736429, -0.70908186789141892, 0.70414524377947552, 16552.182455579241]
    [-0.98439087801444181, 0.14728002929005635, 0.096346147134910701, -5168.1100523290061]
    [-0.17202389075822191, -0.68957297323300182, -0.70348865194007715, -8916.7543950903128]
  #585 data/objects/space/3d/asteroid/angular_smooth_01/angular_smooth_01_00900_cluster_01.cgf
    [-0.089080335262693947, 0.016180652497930274, 0.61840753876196575, 26646.81876851475]
    [-0.25044130075688931, 0.57035363873523237, -0.050998875478607715, -21453.578874697567]
    [-0.56565789341976691, -0.25506845534018202, -0.074807983168176662, 21170.610869719287]
  #586 data/objects/space/3d/asteroid/angular_smooth_01/angular_smooth_01_00800_cluster_01.cgf
    [-0.53646511071162573, -0.3183604937863232, -0.038426037668832597, 26797.660568459232]
    [-0.30117125417605456, 0.47449416690553398, 0.27345189817640769, -21687.619271840635]
    [-0.11011739205420913, 0.25323242476899865, -0.56068911029056723, 21220.969492814209]
  #587 data/objects/space/3d/asteroid/angular_smooth_01/angular_smooth_01_03900_column_01.cgf
    [0.73792933028889918, -0.37476784823138448, -0.86891288916944542, 25646.425280651212]
    [0.340404911186588, 1.1332476009178536, -0.19968629644364236, -25185.212492881339]
    [0.88294113363962501, -0.12368985600826403, 0.80319114759889321, 25252.020136354146]
  #588 data/objects/space/3d/asteroid/angular_smooth_01/angular_smooth_01_01300_cluster_01.cgf
    [-0.070350858497388702, 0.92457584479141519, 0.37444547645851201, 22708.268304163616]
    [-0.50378618937082398, 0.29105396525190308, -0.81331802858026514, -26812.084851211683]
    [-0.86095840957111591, -0.24585818563290837, 0.44531283436410152, 26221.967391381924]
  #589 data/objects/space/3d/asteroid/angular_smooth_01/angular_smooth_01_00900_cluster_01.cgf
    [-0.47041242688350637, -0.61346667307252878, -0.63432607581525668, 30276.792157076794]
    [0.39982645823304369, -0.78898066255856003, 0.46652663182477139, -3009.5967238554572]
    [-0.78667002785582218, -0.034160443999876937, 0.61642689115201743, 11184.177822118769]
  #590 data/objects/space/3d/asteroid/angular_smooth_01/angular_smooth_01_00900_cluster_01.cgf
    [-0.18753497825190688, -0.45591613725307623, 0.083493878083715597, 29629.1096081633]
    [-0.35107701497500388, 0.19853026082244557, 0.29551782526131992, -21692.430997071511]
    [-0.3026147409520315, 0.052214282367693758, -0.39458599471918537, 8634.0767493438652]
  #591 data/objects/space/3d/asteroid/angular_smooth_01/angular_smooth_01_00800_cluster_01.cgf
    [-0.36167955859179302, -0.32757209526855213, -0.10901744147036027, 29731.630924459321]
    [0.17675677384124935, -0.31132546339752915, 0.34904710568643044, -20735.216508999303]
    [-0.2965557671747529, 0.2139470997424629, 0.34100102450536629, 8109.1707387726092]
  #592 data/objects/space/3d/asteroid/angular_smooth_01/angular_smooth_01_00800_cluster_01.cgf
    [-0.2324115767396544, -0.095709265236796917, 0.43223282844502031, 29542.747008415106]
    [0.41160505900235994, -0.22645172843754757, 0.17117684578141162, -20872.426126149276]
    [0.16299311900020111, 0.43538485696661738, 0.1840486129344816, 11522.62685954715]
  #593 data/objects/space/3d/asteroid/angular_smooth_01/angular_smooth_01_00900_cluster_01.cgf
    [-0.18753497825190688, -0.45591613725307623, 0.083493878083715597, 30159.569060492267]
    [-0.35107701497500388, 0.19853026082244557, 0.29551782526131992, -21511.315489581324]
    [-0.3026147409520315, 0.052214282367693758, -0.39458599471918537, 13506.94737798011]
  #594 data/objects/space/3d/asteroid/angular_smooth_01/angular_smooth_01_00800_cluster_01.cgf
    [0.047141475329297279, -0.09453757144681732, 0.4887131579749594, 30501.845229984247]
    [0.4972428509609218, -0.013705553306580522, -0.050615480497151123, -21826.637495044266]
    [0.022966287492197743, 0.49079020699545428, 0.092724021943223267, 12739.044525481862]
  #595 data/objects/space/3d/asteroid/angular_smooth_01/angular_smooth_01_00800_cluster_01.cgf
    [-0.29038406114976084, -0.2180584269338493, 0.34369749600943311, 29641.274300111345]
    [0.40402032851773367, -0.20570260960098766, 0.21084202578616421, -21226.275104161075]
    [0.049447148193215211, 0.40017159836290989, 0.29566538635606215, 13016.471384678589]
  #596 data/objects/space/3d/asteroid/angular_smooth_01/angular_smooth_01_00900_cluster_01.cgf
    [0.24402206505171983, 0.056702419079404855, -0.43271061839567215, 29995.548872818334]
    [0.42725398315622093, -0.13205942389721884, 0.2236397868694335, -21904.473360540684]
    [-0.088925122878549701, -0.47890036131162556, -0.11290340247555261, 13371.643389606737]
  #597 data/objects/space/3d/asteroid/angular_smooth_01/angular_smooth_01_00800_cluster_01.cgf
    [-0.44452056060195028, 0.22886736100742372, -0.0045988161551548095, 30193.227964242447]
    [0.21780872321737774, 0.41978040493616042, -0.16230748154183322, -21394.491416401605]
    [-0.070432791616881554, -0.146301365473923, -0.4729007075147193, 13287.52749027059]
  #598 data/objects/space/3d/asteroid/angular_smooth_01/angular_smooth_01_00800_cluster_01.cgf
    [0.43512370742705325, 0.14903654372444156, 0.196101562407276, 29872.708624195377]
    [0.077982847911813855, -0.46096136119343339, 0.17729538580353896, -21779.490401309267]
    [0.23363730347584705, -0.12370564671968469, -0.42439471992847094, 13514.928307269651]
  #599 data/objects/space/3d/asteroid/angular_smooth_01/angular_smooth_01_00900_cluster_01.cgf
    [0.62580190137578928, 0.6899041536807613, -0.36387511874213391, 33581.836904680305]
    [0.26024532671564798, -0.62447151128711098, -0.73641602683848495, -26684.139428217659]
    [-0.73528580377172748, 0.36615359263012426, -0.57033954487387639, 15208.027288818983]
  #600 data/objects/space/3d/asteroid/angular_smooth_01/angular_smooth_01_00800_cluster_01.cgf
    [-0.62059968022279077, -0.76370168202961353, 0.17779427925863631, 34817.301727881742]
    [-0.32386312040267484, 0.45614556604083994, 0.82887811515862408, -27246.676052314429]
    [-0.71411745820628247, 0.45682161880870931, -0.53041992085382494, 20016.151578955363]
  #601 data/objects/space/3d/asteroid/angular_smooth_01/angular_smooth_01_00900_cluster_01.cgf
    [-0.40519164691461307, 0.20786888352128646, -0.89028710875499639, 39051.237914035635]
    [-0.42489879724139434, -0.90506361874565877, -0.017937045657606142, -9767.7737313385878]
    [-0.80949467005937326, 0.3710138174889453, 0.4550472567314735, 9951.2864678961232]
  #602 data/objects/space/3d/asteroid/angular_smooth_01/angular_smooth_01_00800_cluster_01.cgf
    [0.13434336377013922, -0.033045107191625386, -0.60949506339586013, 26408.409349406596]
    [-0.40910001906877003, -0.46804154426922523, -0.064796898369570075, -21750.497350815927]
    [-0.45300484082530695, 0.41287950364613446, -0.12223534865195719, 20154.052572996508]
  #603 data/objects/space/3d/asteroid/angular_smooth_01/angular_smooth_01_02200_column_01.cgf
    [0.45687304102901799, 0.7710388255224141, -0.44358267799452139, 8556.093546479231]
    [-0.81494239994889328, 0.16292009101063532, -0.55617026800207703, -27296.436986557088]
    [-0.3565604401014128, 0.61559370674250746, 0.702786225727699, 23855.362121340539]
  #604 data/objects/space/3d/asteroid/angular_smooth_01/angular_smooth_01_00900_cluster_01.cgf
    [0.67966742561847959, 0.016742241638822226, 0.73332822392359764, 10054.04621926153]
    [0.65481086808102651, -0.46438709691161834, -0.59629334003479706, -23356.951103446554]
    [0.33056514290076544, 0.88547316033394763, -0.32659204633929784, 22498.314927937699]
  #605 data/objects/space/3d/asteroid/angular_smooth_01/angular_smooth_01_02200_column_01.cgf
    [0.45299889356447787, 0.5164303358146104, 0.72669784884320487, 10269.012993610344]
    [0.87903014318649553, -0.39465021768164193, -0.26749816053000319, -26257.922656087856]
    [0.14864744408317834, 0.75996642476349896, -0.63273456001177697, 25798.784904636417]
  #606 data/objects/space/3d/asteroid/angular_smooth_01/angular_smooth_01_00900_cluster_01.cgf
    [-0.85164215791706366, 0.15207863322496709, 0.50157395500442592, 4830.537041241002]
    [-0.45973288154414255, -0.676313487864871, -0.57553840177972615, -25752.958417937778]
    [0.25169429999401127, -0.72074327163870766, 0.64589304370154499, 21994.128583780472]
  #607 data/objects/space/3d/asteroid/angular_smooth_01/angular_smooth_01_01300_cluster_01.cgf
    [0.90852979446095949, 0.01223312589922868, 0.41763979063305062, 8418.0539252634208]
    [0.37311095673047984, 0.4261157360637714, -0.82414357059862708, -25914.258057027415]
    [-0.18804482991284488, 0.90458540869401716, 0.38257471405398102, 27013.375395739895]
  #608 data/objects/space/3d/asteroid/angular_smooth_01/angular_smooth_01_01400_01.cgf
    [0.10633096406998124, -0.77651839502180364, -0.44239384357666262, 6356.6611923846713]
    [-0.19123502309784399, -0.45496456186196427, 0.75261930479648231, -26234.430219315524]
    [-0.87299616069175112, 0.0050827359104467741, -0.21874934005603153, 22141.574598742125]
  #609 data/objects/space/3d/asteroid/angular_smooth_01/angular_smooth_01_00800_cluster_01.cgf
    [0.50265070084167207, -0.068840389859497697, 0.36500513430637316, 29626.867062113914]
    [0.35036248350095939, -0.11607720444562093, -0.50437851576546611, -19683.877297073901]
    [0.12334454791785941, 0.61025614108727089, -0.054763483881661641, 19578.91144515379]
  #610 data/objects/space/3d/asteroid/angular_smooth_01/angular_smooth_01_00800_cluster_01.cgf
    [0.35513907055662169, -0.927003373544112, -0.12056778425921476, 23243.441929478573]
    [0.046185777035900752, 0.14621740142507531, -0.98817151857319308, -18123.303301287531]
    [0.93366949139560673, 0.34537055687695234, 0.094742091378304569, 16732.244896735217]
  #611 data/objects/space/3d/asteroid/angular_smooth_01/angular_smooth_01_03400_01_lp.cgf
    [0.12032774014083428, -0.84810328348667496, 0.032998780708326667, 26765.536554261547]
    [0.80321369331609349, 0.10301707885201848, -0.28121541275476569, -17420.125159784424]
    [0.27425510361456557, 0.070392940274102589, 0.80912040892406523, 15357.000108740354]
  #612 data/objects/space/3d/asteroid/angular_smooth_01/angular_smooth_01_03400_01.cgf
    [-0.80908319998058453, 0.28321419447348462, -0.004650449500714901, 25751.760086954873]
    [-0.2821006670096024, -0.80695273114724608, -0.063984642605735539, -16286.116283543013]
    [-0.025517059089183246, -0.058860350537365443, 0.85482856173194399, 15809.673359046345]
  #613 data/objects/space/3d/asteroid/angular_smooth_01/angular_smooth_01_01700_column_01.cgf
    [-1.7299503280262374, 0.89150542181134085, -0.76663258916483901, 23093.947162013774]
    [-0.34847250959787562, -1.6912788883255645, -1.1804144243804755, -18574.961528216616]
    [-1.1229756693460282, -0.84854545317968322, 1.5472982392776173, 18179.479642704413]
  #614 data/objects/space/3d/asteroid/angular_smooth_01/angular_smooth_01_01000_01.cgf
    [1.0281724879709779, 0.64406315514428925, 0.043276660000571558, 27823.836000515577]
    [0.64321603184332654, -1.0153413154796711, -0.17083334450682502, -14730.245291728887]
    [-0.054436692542316055, 0.16761129854889253, -1.2011544368812277, 16374.840532311013]
  #615 data/objects/space/3d/asteroid/angular_smooth_01/angular_smooth_01_02200_column_01.cgf
    [1.2093407506666585, -0.22968962968236356, -0.21734555896451779, 26661.531275106143]
    [-0.020093518288198352, 0.80159695241571516, -0.95892650688614112, -14902.491950441226]
    [0.31558306118678459, 0.93122847309477874, 0.7718305070400896, 14850.807436009025]
  #616 data/objects/space/3d/asteroid/angular_smooth_01/angular_smooth_01_00800_cluster_01.cgf
    [0.13434053776098553, -0.0088766536462778923, 0.61032725567916646, 25220.567061298734]
    [-0.40910183600699207, 0.46248876220075197, 0.096774824745146718, -20093.621323292642]
    [-0.45300534409709414, -0.42029856524712261, 0.09359918996130738, 19196.854993751189]
  #617 data/objects/space/3d/asteroid/angular_smooth_01/angular_smooth_01_03400_01.cgf
    [0.82306968304146877, 0.012095755206231237, -0.2392874890168519, 25409.133014007853]
    [-0.14124925666759133, 0.71603553365277728, -0.44965572927898773, -17200.984580661556]
    [0.19352895696730246, 0.47116379326997981, 0.68949237527515461, 15574.466499133505]
  #618 data/objects/space/3d/asteroid/angular_smooth_01/angular_smooth_01_00800_cluster_01.cgf
    [0.083529011564505248, 0.105590762120263, 0.6103267737370458, 28173.331858379737]
    [-0.6129529108234496, -0.074488391974389695, 0.096775431450767793, -15976.621153002403]
    [0.08908933100247951, -0.61149599015388811, 0.09360032417464681, 19805.265692052573]
  #619 data/objects/space/3d/asteroid/angular_smooth_01/angular_smooth_01_01700_column_01.cgf
    [-0.042736732095569371, -1.0584810687288664, 0.66354221368341426, 25319.211191846574]
    [0.30577712216080538, 0.63487226606123348, 1.0324410045212404, -16503.047391312379]
    [-1.2112682583805889, 0.19761554441988893, 0.23722178085239895, 14700.058513352296]
  #620 data/objects/space/3d/asteroid/angular_smooth_01/angular_smooth_01_03500_cluster_01.cgf
    [0.041736284896860563, -0.080231827484479171, 0.99590175530995761, 31693.427099501096]
    [0.99607916330253066, 0.081155601017912471, -0.035205662980521704, -30222.020572168953]
    [-0.077998415403678273, 0.99346665375837762, 0.083304411123259647, 10257.927540577331]
  #621 data/objects/space/3d/asteroid/angular_smooth_01/angular_smooth_01_01300_cluster_01.cgf
    [-0.56960574769463579, 0.018926842043577894, 0.82169931110440575, 33352.399228180584]
    [0.81107965254838421, 0.17475764619100592, 0.55821882209912432, -5015.7436354249839]
    [-0.13303300508215821, 0.98442888558493602, -0.11489421138932047, 14465.693169021459]
  #622 data/objects/space/3d/asteroid/angular_smooth_01/angular_smooth_01_00900_cluster_01.cgf
    [0.46286644904629942, -0.14092999931987629, -0.12606861988713913, 30510.245075363669]
    [-0.13874680874351103, -0.026649587333159353, -0.47962384619589415, -6859.9031471304561]
    [0.12846744603999832, 0.47898689550753981, -0.063777586355146243, 13064.320572564829]
  #623 data/objects/space/3d/asteroid/angular_smooth_01/angular_smooth_01_00900_cluster_01.cgf
    [0.059036170448663085, 0.4957282476796761, -0.027708946800525647, 32602.017732159926]
    [0.4589607354816293, -0.065131405612325305, -0.18738328097972054, -4830.3516631775801]
    [-0.18939198654251066, -0.0033098575499128989, -0.46273023564284299, 14360.919490364689]
  #624 data/objects/space/3d/asteroid/angular_smooth_01/angular_smooth_01_00800_cluster_01.cgf
    [0.1600194223618823, -0.025717669781358348, -0.47300355568923635, 31747.730795043262]
    [0.083303140904221973, 0.49300980712156978, 0.0013764316611778943, -6622.839396623318]
    [0.4663200070221466, -0.079245878818040502, 0.1620670216543007, 13021.367856696115]
  #625 data/objects/space/3d/asteroid/angular_smooth_01/angular_smooth_01_00900_cluster_01.cgf
    [0.059036170448663085, 0.4957282476796761, -0.027708946800525647, 30880.418111086743]
    [0.4589607354816293, -0.065131405612325305, -0.18738328097972054, -7157.7543138714254]
    [-0.18939198654251066, -0.0033098575499128989, -0.46273023564284299, 15705.160536601365]
  #626 data/objects/space/3d/asteroid/angular_smooth_01/angular_smooth_01_00800_cluster_01.cgf
    [0.09483749509772138, 0.12392398773848508, -0.4750248040717292, 32040.189819018917]
    [-0.47620191145205115, -0.094369287216855516, -0.11969146526130719, -6080.9143047028128]
    [-0.11932082278381152, 0.4751180406909189, 0.10012621213758081, 18329.656061873051]
  #627 data/objects/space/3d/asteroid/angular_smooth_01/angular_smooth_01_00800_cluster_01.cgf
    [-0.28480364062360825, -0.090211077682996396, 0.40093507308389015, 33847.961093330712]
    [0.40553983101142477, 0.017260359977284662, 0.29195823419566869, -4671.961639691649]
    [-0.066516289950184243, 0.49149173595768658, 0.06333673290071154, 14439.832522665949]
  #628 data/objects/space/3d/asteroid/angular_smooth_01/angular_smooth_01_00900_cluster_01.cgf
    [-0.12163193859415827, -0.1273163345768917, 0.46797029995828665, 32551.328026102139]
    [-0.43809776201344969, 0.23579333152081838, -0.049717551311755197, -6036.5760618131217]
    [-0.20802884802822547, -0.42212798407536922, -0.16891400956649841, 18961.595401979259]
  #629 data/objects/space/3d/asteroid/angular_smooth_01/angular_smooth_01_01700_column_01.cgf
    [0.46758927493029323, 1.3570113189000463, 0.6839085137928177, 32344.000546820946]
    [-1.5193074867073368, 0.40322844769900662, 0.23866689064942703, -6730.5031641384612]
    [0.030254515302326427, -0.72372467433022314, 1.415329489892871, 17125.738141663202]
  #630 data/objects/space/3d/asteroid/angular_smooth_01/angular_smooth_01_00400_01.cgf
    [0.98204066125439404, 0.18827543407477262, 0.012185476874721313, 31028.562050658711]
    [-0.18614698649642553, 0.9563627920010116, 0.22520989048886242, -6924.7423140206838]
    [0.030747753430258783, -0.22343356122047062, 0.97423406051061778, 13360.883643331679]
  #631 data/objects/space/3d/asteroid/angular_smooth_01/angular_smooth_01_01300_cluster_01.cgf
    [-0.60591277447806979, 0.74430670397636878, -0.28084706299724044, 33741.002910004237]
    [-0.57086102384232251, -0.16092320379435504, 0.80512064101742509, -6536.8901360200971]
    [0.55406248188813245, 0.64815822570607595, 0.52240167808647786, 16874.429369626436]
  #632 data/objects/space/3d/asteroid/angular_smooth_01/angular_smooth_01_00900_cluster_01.cgf
    [0.059036170448663085, 0.4957282476796761, -0.027708946800525647, 32513.82450164593]
    [0.4589607354816293, -0.065131405612325305, -0.18738328097972054, -6481.6392108085438]
    [-0.18939198654251066, -0.0033098575499128989, -0.46273023564284299, 18978.766927221459]
  #633 data/objects/space/3d/asteroid/angular_smooth_01/angular_smooth_01_00800_cluster_01.cgf
    [0.3941363637422225, 0.18195841575846902, -0.24808791462416963, 33052.194850193024]
    [-0.30065014970385751, 0.1421952722450873, -0.37334962663170873, -6459.8216193772223]
    [-0.065314362363489517, 0.44347670869805139, 0.22150032637275532, 18430.930444971451]
  #634 data/objects/space/3d/asteroid/angular_smooth_01/angular_smooth_01_01700_column_01.cgf
    [0.00191310812240113, -0.49867253385769311, -0.036357744110109842, 30537.021731723362]
    [0.47059175984978413, -0.01048865875223306, 0.1686215441827604, -7198.7593626097623]
    [-0.16893660687462445, -0.034864503109085475, 0.46930238742644537, 14742.066320456879]
  #635 data/objects/space/3d/asteroid/angular_smooth_01/angular_smooth_01_00800_cluster_01.cgf
    [0.48087791265136837, -0.11354708178397313, -0.076569837230016077, 32497.437348215983]
    [-0.052574848717655935, -0.41118608494666564, 0.27957348847766933, -6538.5608709307762]
    [-0.12645855066939138, -0.26083042459728822, -0.40740050466097821, 18735.010410472336]
  #636 data/objects/space/3d/asteroid/angular_smooth_01/angular_smooth_01_01300_cluster_01.cgf
    [0.93629196946217341, 0.20635047590753455, -0.28421235220922225, 31127.799962575635]
    [-0.072407815769840761, 0.90523234958153243, 0.41870196276284555, -7039.8525568826208]
    [0.34367759349571475, -0.37144812087120932, 0.86250323904618587, 13068.196048000584]
  #637 data/objects/space/3d/asteroid/angular_smooth_01/angular_smooth_01_00800_cluster_01.cgf
    [0.37299568606417827, 0.24334483960282119, 0.22728277675809921, 32730.167026347874]
    [0.023056699907434322, 0.32159379366969409, -0.3821593566265184, -5594.8550615702125]
    [-0.33217850647140496, 0.29556839192730539, 0.22868475884198164, 13585.414623553303]
  #638 data/objects/space/3d/asteroid/angular_smooth_01/angular_smooth_01_02200_column_01.cgf
    [-0.39062706493396604, -0.33670326399475109, 0.45204332762492261, 33114.644856562059]
    [0.55622740991707209, -0.14124604439398719, 0.37544957756515646, -5231.3291065098783]
    [-0.091232266725527048, 0.5805017044352152, 0.35354802580383571, 14169.295212388559]
  #639 data/objects/space/3d/asteroid/angular_smooth_01/angular_smooth_01_00800_cluster_01.cgf
    [0.094836540796159913, -0.1562426325050584, 0.46539681431092034, 32104.472537065696]
    [-0.47620231737636987, 0.085929333764626345, 0.12588656392637079, -6425.1527933832731]
    [-0.1193201906981341, -0.46712344603937661, -0.13250774583058977, 17936.878146975669]
  #640 data/objects/space/3d/asteroid/angular_smooth_01/angular_smooth_01_00800_cluster_01.cgf
    [0.34933915546369976, 0.061700211908052506, -0.35235677457758702, 33131.667672741358]
    [-0.35535591406422751, 0.11636275966960724, -0.33193665176048376, -6347.7605359995932]
    [0.041041285065119559, 0.48234101037842997, 0.12515119219419746, 16898.738038664003]
  #641 data/objects/space/3d/asteroid/angular_smooth_01/angular_smooth_01_00800_cluster_01.cgf
    [0.0027124504288729497, 0.24334448770825526, -0.43677928883351452, 30981.580533995802]
    [-0.33944972549743907, 0.32159396866458179, 0.17706283465908434, -7198.222717272738]
    [0.36710566695655505, 0.29556864491993023, 0.16695103973264755, 12643.860091108469]
  #642 data/objects/space/3d/asteroid/angular_smooth_01/angular_smooth_01_00800_cluster_01.cgf
    [-0.3886890195753035, -0.17320938465147326, 0.26252512939395284, 30439.645461951077]
    [0.12775102030629101, 0.29442206687715133, 0.38339980670254931, -7345.6158118026378]
    [-0.28740322076371255, 0.36512223163963675, -0.18462186514657608, 14396.789737017718]
  #643 data/objects/space/3d/asteroid/angular_smooth_01/angular_smooth_01_00800_cluster_01.cgf
    [-0.37727417958921988, -0.28024435095655126, -0.17066662912476988, 32714.566486772492]
    [-0.26079920813010549, 0.41393016955187367, -0.10317649392209563, -6155.0638932328384]
    [0.19911747180641975, 0.01116779370724727, -0.45850552224561197, 19064.332058317799]
  #644 data/objects/space/3d/asteroid/angular_smooth_01/angular_smooth_01_01700_column_01.cgf
    [-0.49645233767425456, -0.68355330879696474, 0.53505934480469852, 32311.92546380917]
    [0.85719214785660058, -0.28879047926724877, 0.42640383763508088, -5680.8945754047963]
    [-0.13694980862746639, 0.67033833631208817, 0.72930776548696241, 13992.425635509713]
  #645 data/objects/space/3d/asteroid/angular_smooth_01/angular_smooth_01_02200_column_01.cgf
    [1.0132259186643522, 0.41274416704083516, 0.70214832022284612, 33441.183247572088]
    [-0.4291454487827282, 1.223067509286629, -0.099683623467900731, -7131.3592207759148]
    [-0.69224576185562037, -0.15409378174471075, 1.0895171797139149, 17079.00430901676]
  #646 data/objects/space/3d/asteroid/angular_smooth_01/angular_smooth_01_03400_01.cgf
    [0.002623978126889805, -0.65284211306661599, 0.20998229816838282, 31550.947888227747]
    [0.64545034333316498, 0.07329969460433268, 0.21982557735755218, -6621.2261042017972]
    [-0.23170939650445599, 0.19679076598305514, 0.61472467446322121, 14130.615398025115]
  #647 data/objects/space/3d/asteroid/angular_smooth_01/angular_smooth_01_03500_cluster_01.cgf
    [0.25788499789085295, 0.048301629529318345, -0.36352227833750073, 33670.204343562211]
    [-0.30584852322324674, 0.27352641299522501, -0.18062709828861445, -6642.5542348575345]
    [0.20233184402123641, 0.35190399312712856, 0.19029338116757497, 18554.815327953529]
  #648 data/objects/space/3d/asteroid/angular_smooth_01/angular_smooth_01_00800_cluster_01.cgf
    [0.34539326573753398, 0.07059939812139121, 0.35456906828869883, 34395.32634195721]
    [0.29730394851774167, 0.22354715342110867, -0.33412129476005675, -5654.0308707203703]
    [-0.2057033334634582, 0.4416360519718403, 0.11244440146047606, 16964.346983917654]
  #649 data/objects/space/3d/asteroid/angular_smooth_01/angular_smooth_01_02200_column_01.cgf
    [0.33602764391579876, -0.88469262623024181, 0.32311658091046513, 35243.697136524563]
    [0.89568840395768856, 0.19407714918702618, -0.40009534916092138, -6979.3366036531388]
    [0.29125186828784472, 0.42385488377310071, 0.857624237041821, 14645.409454271401]
  #650 data/objects/space/3d/asteroid/angular_smooth_01/angular_smooth_01_00900_cluster_01.cgf
    [0.39310155008723946, -0.91887970016435705, 0.033643440673092828, 32201.0757252488]
    [-0.89727305874177843, -0.39133973139454586, -0.2043401229413124, -11523.024178220823]
    [0.20092994433542141, 0.050139050782389581, -0.97832195427244617, 40560.239291186415]
  #651 data/objects/space/3d/asteroid/angular_smooth_01/angular_smooth_01_01400_01.cgf
    [-0.81275380260626806, 0.16764661278984, 0.34832004132281708, 31415.211554395904]
    [-0.021820811231809695, -0.82956297665343859, 0.34835341476876081, -10997.90268957244]
    [0.38594829985921858, 0.30613863298179794, 0.75320915345592976, 39260.514497739176]
  #652 data/objects/space/3d/asteroid/angular_smooth_01/angular_smooth_01_01300_cluster_01.cgf
    [-0.76089186213128535, 0.64191083410438121, -0.094806050995404345, 5140.0508793282697]
    [-0.38346119990239463, -0.56269922316500554, -0.73233955548123686, -25112.425821462966]
    [-0.52344552191736382, -0.52087829424200194, 0.67430313678325848, -5109.9119307951551]
  #653 data/objects/space/3d/asteroid/angular_smooth_01/angular_smooth_01_01300_cluster_01.cgf
    [0.023130388533894191, -0.18865629538256395, -0.98177106491841604, 8738.399617898398]
    [-0.27572570625808845, 0.94274200448217949, -0.18765256317365789, -25892.024435080162]
    [0.9609583532115179, 0.27503990941260165, -0.0302113918176318, -5304.7572017299935]
  #654 data/objects/space/3d/asteroid/angular_smooth_01/angular_smooth_01_00800_cluster_01.cgf
    [-0.5895659668603751, 0.20011843201346405, -0.054668322571283415, 2595.157130340659]
    [-0.025904398569455939, 0.092396248809886783, 0.61758880895374912, -20750.06788548944]
    [0.20582753571628873, 0.5848415067166729, -0.078863674569638775, 16090.193062133712]
  #655 data/objects/space/3d/asteroid/angular_smooth_01/angular_smooth_01_00800_cluster_01.cgf
    [0.0036609887160093902, 0.29083688641726946, -0.55319543032481433, 3347.2397609881973]
    [-0.62472178540118384, -0.014472944774117905, -0.011743346467229649, -22295.760599900565]
    [-0.018274831827005008, 0.55301819214217585, 0.29062276434068451, 16742.164993748091]
  #656 data/objects/space/3d/asteroid/angular_smooth_01/angular_smooth_01_01700_column_01.cgf
    [0.073683831120130133, 1.7938731165821249, 1.0732286588258606, 6714.2962921315966]
    [-1.9639058856842351, 0.42731068755460327, -0.57940406278019208, -22036.894488315731]
    [-0.71615234740664013, -0.98724598626447047, 1.699323688235532, 14258.277496091063]
  #657 data/objects/space/3d/asteroid/angular_smooth_01/angular_smooth_01_01300_cluster_01.cgf
    [-0.53029456926121588, -0.87999116776524466, -0.71197053724601689, 7714.2488832885356]
    [-1.1319200675786985, 0.41683321361779518, 0.32788086872651656, -22668.608744211495]
    [0.0065925612515514839, 0.78381403924616044, -0.97369960534855016, 16722.883338337349]
  #658 data/objects/space/3d/asteroid/angular_smooth_01/angular_smooth_01_00900_cluster_01.cgf
    [0.36990173935466042, -0.41196078203471304, -0.28997382043530895, 7987.6985432887614]
    [-0.48340030396003386, -0.39153580415207989, -0.060395856219075776, -23082.552717524377]
    [-0.14184727210576872, 0.26002274397143821, -0.55035563344424865, 16505.287571115194]
  #659 data/objects/space/3d/asteroid/angular_smooth_01/angular_smooth_01_00800_cluster_01.cgf
    [-0.26854676749252959, 0.10948295276542487, -0.5536428080896012, 7601.1514185903925]
    [-0.12512460721570143, -0.60941744392670638, -0.059820179983164412, -22554.607983080572]
    [-0.55031873361234196, 0.08513579927307599, 0.28377002897364756, 17055.58632774209]
  #660 data/objects/space/3d/asteroid/angular_smooth_01/angular_smooth_01_00800_cluster_01.cgf
    [0.22264331983172439, 0.17156493622356389, 0.5582289670798164, 7783.9405723655691]
    [0.00702146042947585, -0.59816392750908409, 0.18103803416528383, -23006.533474686428]
    [0.58395616797995353, -0.058219785121534251, -0.21501117504133738, 16644.002582472396]
  #661 data/objects/space/3d/asteroid/angular_smooth_01/angular_smooth_01_00800_cluster_01.cgf
    [-0.38643953550299187, -0.4324801387835765, -0.23291601867149736, 6626.7400176860738]
    [0.24423179593162425, 0.08796089652164063, -0.56854038320503997, -23169.568164368993]
    [0.42619217737079168, -0.44254747433090008, 0.11461421250044, 14647.159283316247]
  #662 data/objects/space/3d/asteroid/angular_smooth_01/angular_smooth_01_00900_cluster_01.cgf
    [0.13432693163581219, -0.73979230396467366, 0.65929038895433012, -879.85860111276997]
    [0.40908816522158176, -0.56457936181603796, -0.71686624402508958, -21537.923166802706]
    [0.90255378955968713, 0.36600230291849173, 0.22680204087576669, 23649.281286997313]
  #663 data/objects/space/3d/asteroid/angular_smooth_01/angular_smooth_01_01400_01.cgf
    [-0.8670201632642226, -0.10244060977255512, -0.21859197586560081, -603.55960837508974]
    [-0.24127346296213087, 0.34078785914940912, 0.79727739531278774, -23034.420146789038]
    [-0.007977876513307303, 0.8266619928821628, -0.35576227590983978, 23132.779513854872]
  #664 data/objects/space/3d/asteroid/angular_smooth_01/angular_smooth_01_01400_01.cgf
    [-0.38168381732784973, -0.86812124523202761, -0.55739960276171352, 14987.760394070991]
    [1.031173849576978, -0.30272406697644633, -0.23462732409912929, -15553.669640732667]
    [0.031769569256105294, -0.60393293737145637, 0.91884005769189647, 23814.290233152809]
  #665 data/objects/space/3d/asteroid/angular_smooth_01/angular_smooth_01_02200_column_01.cgf
    [0.47344572153874886, 0.53048502729868952, 0.70316764796529296, 15188.172103747509]
    [0.70879353847138871, 0.24450540575250518, -0.66169387405014612, -17696.604646000174]
    [-0.52294438055527626, 0.8116727782463764, -0.26024302579693998, 22623.459055516847]
  #666 data/objects/space/3d/asteroid/angular_smooth_01/angular_smooth_01_01300_cluster_01.cgf
    [0.90960827956891255, 0.046083481415839754, 0.41291325837068804, 13379.463689036329]
    [0.098585788130443081, 0.94151055206519185, -0.32225299251770606, -16530.625877796938]
    [-0.40361106101840427, 0.33382998898917587, 0.85185909535151683, 23246.773111226259]
  #667 data/objects/space/3d/asteroid/angular_smooth_01/angular_smooth_01_01300_cluster_01.cgf
    [-0.21259977897780916, -0.15369294332240541, -0.96497692220199216, 7228.9732979110577]
    [0.26872571355877839, -0.95866986308426494, 0.093483858057254954, -14872.218909021611]
    [-0.93946179916048689, -0.23943938693924083, 0.24511416754493903, 38798.201393789852]
  #668 data/objects/space/3d/asteroid/angular_smooth_01/angular_smooth_01_01400_01.cgf
    [1.0342194579359594, 0.29608543571170742, -0.22961601363825321, 9515.0154057715172]
    [-0.36978216260146335, 0.91527716765755651, -0.48531314088906508, -6086.774763948808]
    [0.060425583832504445, 0.5334801845028857, 0.96007688634521937, 8980.0352618428005]
  #669 data/objects/space/3d/asteroid/angular_smooth_01/angular_smooth_01_02200_column_01.cgf
    [-0.41981263501077726, 0.2401525109955007, -0.8752619843600753, 7928.8882023492051]
    [-0.66291760452687687, -0.73981098446856497, 0.11497554168636376, -9760.6796049375134]
    [-0.61991694557555699, 0.62849494591466792, 0.46978346274221222, 10824.407883899539]
  #670 data/objects/space/3d/asteroid/angular_smooth_01/angular_smooth_01_00800_cluster_01.cgf
    [0.09483749509772138, 0.12392398773848508, -0.4750248040717292, 4952.2548872985153]
    [-0.47620191145205115, -0.094369287216855516, -0.11969146526130719, -4418.8632720354162]
    [-0.11932082278381152, 0.4751180406909189, 0.10012621213758081, 8209.9125488730515]
  #671 data/objects/space/3d/asteroid/angular_smooth_01/angular_smooth_01_00900_cluster_01.cgf
    [0.059036170448663085, 0.4957282476796761, -0.027708946800525647, 5425.8895699255272]
    [0.4589607354816293, -0.065131405612325305, -0.18738328097972054, -4819.5881781411481]
    [-0.18939198654251066, -0.0033098575499128989, -0.46273023564284299, 8859.0234142214613]
  #672 data/objects/space/3d/asteroid/angular_smooth_01/angular_smooth_01_01700_column_01.cgf
    [0.46758927493029323, 1.3570113189000463, 0.6839085137928177, 5256.0656151005442]
    [-1.5193074867073368, 0.40322844769900662, 0.23866689064942703, -5068.4521314710646]
    [0.030254515302326427, -0.72372467433022314, 1.415329489892871, 7005.9946286632039]
  #673 data/objects/space/3d/asteroid/angular_smooth_01/angular_smooth_01_00800_cluster_01.cgf
    [0.3941363637422225, 0.18195841575846902, -0.24808791462416963, 5964.2599184726205]
    [-0.30065014970385751, 0.1421952722450873, -0.37334962663170873, -4797.7705867098248]
    [-0.065314362363489517, 0.44347670869805139, 0.22150032637275532, 8311.1869319714533]
  #674 data/objects/space/3d/asteroid/angular_smooth_01/angular_smooth_01_00800_cluster_01.cgf
    [0.48087791265136837, -0.11354708178397313, -0.076569837230016077, 5409.5024164955812]
    [-0.052574848717655935, -0.41118608494666564, 0.27957348847766933, -4876.5098382633796]
    [-0.12645855066939138, -0.26083042459728822, -0.40740050466097821, 8615.2668974723347]
  #675 data/objects/space/3d/asteroid/angular_smooth_01/angular_smooth_01_00800_cluster_01.cgf
    [0.34933915546369976, 0.061700211908052506, -0.35235677457758702, 6043.7327410209555]
    [-0.35535591406422751, 0.11636275966960724, -0.33193665176048376, -4685.7095033321966]
    [0.041041285065119559, 0.48234101037842997, 0.12515119219419746, 6778.9945256640058]
  #676 data/objects/space/3d/asteroid/angular_smooth_01/angular_smooth_01_02200_column_01.cgf
    [1.0132259186643522, 0.41274416704083516, 0.70214832022284612, 6353.2483158516852]
    [-0.4291454487827282, 1.223067509286629, -0.099683623467900731, -5469.3081881085182]
    [-0.69224576185562037, -0.15409378174471075, 1.0895171797139149, 6959.2607960167616]
  #677 data/objects/space/3d/asteroid/angular_smooth_01/angular_smooth_01_00800_cluster_01.cgf
    [-0.37727417958921988, -0.28024435095655126, -0.17066662912476988, 5626.6315550520894]
    [-0.26079920813010549, 0.41393016955187367, -0.10317649392209563, -4493.0128605654418]
    [0.19911747180641975, 0.01116779370724727, -0.45850552224561197, 8944.588545317798]
  #678 data/objects/space/3d/asteroid/angular_smooth_01/angular_smooth_01_00800_cluster_01.cgf
    [0.094836540796159913, -0.1562426325050584, 0.46539681431092034, 5016.5376053452956]
    [-0.47620231737636987, 0.085929333764626345, 0.12588656392637079, -4763.1017607158765]
    [-0.1193201906981341, -0.46712344603937661, -0.13250774583058977, 7817.1346339756683]
  #679 data/objects/space/3d/asteroid/angular_smooth_01/angular_smooth_01_01300_cluster_01.cgf
    [-0.60591277447806979, 0.74430670397636878, -0.28084706299724044, 6653.0679782838342]
    [-0.57086102384232251, -0.16092320379435504, 0.80512064101742509, -4874.8391033527005]
    [0.55406248188813245, 0.64815822570607595, 0.52240167808647786, 6754.6858566264345]
  #680 data/objects/space/3d/asteroid/angular_smooth_01/angular_smooth_01_01300_cluster_01.cgf
    [-0.41300017759120439, 0.29219511671559995, 0.86258507102495785, 2314.8729796994776]
    [-0.41664766435758954, -0.90282719894055719, 0.1063386586169601, -1670.5810418820697]
    [0.80983684453903415, -0.31547614854160672, 0.49461017236441329, 6241.6462963631802]
  #681 data/objects/space/3d/asteroid/angular_smooth_01/angular_smooth_01_02200_column_01.cgf
    [0.30613076192759658, 0.85581228953153621, 0.41697505258656364, -321.99887675040668]
    [0.79628089332122243, 0.0098614145186323998, -0.60484576895800157, 948.06462046741126]
    [-0.52174668980678141, 0.51719144461372324, -0.67844846089086575, 10723.585556564187]
  #682 data/objects/space/3d/asteroid/angular_smooth_01/angular_smooth_01_03900_column_01.cgf
    [0.23813395385896211, -0.75554476345466115, -0.1115499146224681, 1984.35982318998]
    [0.43354789925123804, 0.037536443936313724, 0.67128703804557144, 12.405661019420222]
    [-0.62875073923684432, -0.2602732771711268, 0.42062974468796877, 6573.7413194887558]
  #683 data/objects/space/3d/asteroid/angular_smooth_01/angular_smooth_01_02200_column_01.cgf
    [0.58372016812982053, 0.70384719709819243, 0.40480842616694251, 14736.08536341746]
    [-0.74760990782859937, 0.27139046427509111, 0.60615725274660215, -10050.851129596116]
    [0.31678094083333325, -0.65646501237904009, 0.68461923467514363, 24751.367732989362]
  #684 data/objects/space/3d/asteroid/angular_smooth_01/angular_smooth_01_01300_cluster_01.cgf
    [0.81641038149646017, 0.39607342333741702, 0.42023683067663742, 13516.973105335772]
    [-0.071575571514861547, -0.6527024958335933, 0.7542250665693101, -11167.441860447469]
    [0.57301840118244585, -0.64583616870297578, -0.50452414872623907, 23239.288367314261]
  #685 data/objects/space/3d/asteroid/angular_smooth_01/angular_smooth_01_00800_cluster_01.cgf
    [0.6061802214957448, -0.7367765489787752, -0.29951990613952673, 19121.217697067015]
    [-0.2901949250634292, -0.55553005089120222, 0.77921729078337532, -4892.443605111861]
    [-0.74049899579022738, -0.38542573560062005, -0.55055840544116674, 27359.791193162924]
  #686 data/objects/space/3d/asteroid/angular_smooth_01/angular_smooth_01_01300_cluster_01.cgf
    [-0.49789545577232297, 0.21644229534431969, 0.83979915454795473, 17057.510949655112]
    [0.798615808028873, -0.2631103391924427, 0.54129059907644261, -6959.4570853156729]
    [0.3381163680743175, 0.94017841618930309, -0.041852591844623289, 26465.692959246124]
  #687 data/objects/space/3d/asteroid/angular_smooth_01/angular_smooth_01_02200_column_01.cgf
    [0.57413835393811896, 0.22579157588845397, 1.0292719989870676, 16590.508876663298]
    [-1.0011087094482123, -0.24895491905458844, 0.61304186908339031, -6055.2929637242687]
    [0.32888301188714558, -1.1519796637268083, 0.069255699806641841, 27059.142071950311]
  #688 data/objects/space/3d/asteroid/angular_smooth_01/angular_smooth_01_01000_01.cgf
    [-0.58253100223547338, -0.85865327576510742, -0.63023722924325576, 6732.2956507050549]
    [-1.0292547987956135, 0.63863983950828629, 0.081243438017248981, -5253.4122514113087]
    [0.27407840531965788, 0.57330662745385397, -1.034421248972947, 22437.793220723357]
  #689 data/objects/space/3d/asteroid/angular_smooth_01/angular_smooth_01_00900_cluster_01.cgf
    [-0.75169521888940438, -0.20915118580984629, 0.62546834521317274, 8394.7578610126948]
    [0.14723128733563198, 0.87122968534774659, 0.46827593883192192, -10737.330264133856]
    [-0.64286687379181551, 0.4440891670979607, -0.62410541236071371, 26655.003671058221]
  #690 data/objects/space/3d/asteroid/angular_smooth_01/angular_smooth_01_01400_01.cgf
    [-0.24535957564297384, -0.77196279929596345, -0.39226608625958964, 9794.7047978533992]
    [0.45468413634179755, 0.23212004246012058, -0.74120387838529389, -9964.515754649603]
    [0.73692712128499482, -0.40024278841401734, 0.32671806733506292, 26814.763417993156]
  #691 data/objects/space/3d/asteroid/angular_smooth_01/angular_smooth_01_02200_column_01.cgf
    [0.99813667741504541, 0.055672810981052319, -0.024954501933224568, 2431.9595922518283]
    [-0.03377017977996883, 0.16350956740142294, -0.98596308864796844, 1429.0082429682498]
    [-0.050811061855622272, 0.98496912405216086, 0.16508505840153001, 15936.003249459849]
  #692 data/objects/space/3d/asteroid/angular_smooth_01/angular_smooth_01_00900_cluster_01.cgf
    [-0.27897141762529626, 0.10950979790823284, -0.54845855212546679, 7013.2388969861095]
    [0.23879582197917595, -0.53090430032008917, -0.22746738314813197, 1514.9534166005117]
    [-0.50574275540313485, -0.31108272075617988, 0.19513082097277798, 27305.880496412545]
  #693 data/objects/space/3d/asteroid/angular_smooth_01/angular_smooth_01_00900_cluster_01.cgf
    [0.18682035733174046, -0.51635624268639069, -0.29849343359916319, 8771.1161258715947]
    [-0.57840092664767828, -0.080537667061051921, -0.22268811691254289, -3592.5011747883577]
    [0.14551449177361001, 0.34280294631134722, -0.50193188567843716, 27659.876631870557]
  #694 data/objects/space/3d/asteroid/angular_smooth_01/angular_smooth_01_00800_cluster_01.cgf
    [-0.54494446893348381, -0.28981612083789848, 0.098321987929155183, 6617.5843855126222]
    [-0.19233003037975244, 0.16812480847233252, -0.5704106236908022, 1775.387409419872]
    [0.23805410440064212, -0.52760376828419175, -0.23577442291180362, 26801.775197889147]
  #695 data/objects/space/3d/asteroid/angular_smooth_01/angular_smooth_01_00900_cluster_01.cgf
    [0.18682035733174046, -0.51635624268639069, -0.29849343359916319, 6743.8266988463374]
    [-0.57840092664767828, -0.080537667061051921, -0.22268811691254289, 1928.7288402252464]
    [0.14551449177361001, 0.34280294631134722, -0.50193188567843716, 27044.408494510528]
  #696 data/objects/space/3d/asteroid/angular_smooth_01/angular_smooth_01_00800_cluster_01.cgf
    [0.25747388031583046, 0.56022950347637901, -0.10234379988232842, 6818.5384307933655]
    [0.49993032876469079, -0.27613603890258992, -0.25385567432115913, 1661.6435503350374]
    [-0.27276549694008667, 0.022714322319453847, -0.56187827171481763, 27449.539286087525]
  #697 data/objects/space/3d/asteroid/angular_smooth_01/angular_smooth_01_01700_column_01.cgf
    [0.74987149759447724, -1.7785845087304777, 0.80595395140380599, 9728.613259347032]
    [1.018455571367832, 1.0928505157956467, 1.4641235906367467, 346.41800940218423]
    [-1.666035076350215, -0.13246427749843151, 1.2577806760089691, 22710.506972847121]
  #698 data/objects/space/3d/asteroid/angular_smooth_01/angular_smooth_01_00800_cluster_01.cgf
    [-0.20444530480035977, 0.27443600863879952, -0.52298385226703337, 4658.6720842421573]
    [-0.52878320250169542, 0.16147216865569533, 0.29144498404716329, -1446.9467489179901]
    [0.26308849712922183, 0.53780733644736101, 0.17936785321304366, 26827.139037884375]
  #699 data/objects/space/3d/asteroid/angular_smooth_01/angular_smooth_01_00800_cluster_01.cgf
    [-0.47355878895185755, 0.013007056911266331, -0.40767434642606032, 7848.9639677132291]
    [0.28883403546222902, -0.43038223632722966, -0.34924420320104793, 827.86632987586813]
    [-0.28799731981741122, -0.45302034168615218, 0.32008685798312336, 24735.109459362342]
  #700 data/objects/space/3d/asteroid/angular_smooth_01/angular_smooth_01_00800_cluster_01.cgf
    [-0.29980974068950883, -0.098630776579329019, -0.53945390283317374, 8587.0843353441724]
    [-0.28282955840164642, -0.49892445207898073, 0.24840743949188351, -2780.0918876185242]
    [-0.46983612490411419, 0.36327783446274642, 0.19469888213864575, 27852.484812175077]
  #701 data/objects/space/3d/asteroid/angular_smooth_01/angular_smooth_01_00800_cluster_01.cgf
    [-0.47355861307359237, 0.015011082585866741, 0.40760358482634046, 6637.4066417021058]
    [0.28883212015859216, 0.45334292013819888, 0.31887298114630408, 1840.6689787287685]
    [-0.28799656478572111, 0.42997516107333322, -0.35043275319446515, 26340.971426804594]
  #702 data/objects/space/3d/asteroid/angular_smooth_01/angular_smooth_01_00800_cluster_01.cgf
    [0.21755166980234877, -0.037631444064601553, 0.58470463641386172, 8605.4871652910952]
    [0.21416425529246638, -0.57544291982715279, -0.11671968229852259, -3403.5018558454958]
    [0.54537079971453983, 0.24098482711253325, -0.18740696459926309, 27718.053307868635]
  #703 data/objects/space/3d/asteroid/angular_smooth_01/angular_smooth_01_00800_cluster_01.cgf
    [-0.61123766299783566, 0.11273617410983615, 0.065601368167953283, 6020.5700455210535]
    [0.10009752480005076, 0.20389161956578006, 0.58226553918743351, 1296.9973479265402]
    [0.083626969258331185, 0.57995105624820276, -0.21745750733130892, 27024.820758273712]
  #704 data/objects/space/3d/asteroid/angular_smooth_01/angular_smooth_01_01300_cluster_01.cgf
    [-0.87642445269817237, -0.68422270939838414, -0.57115600168125347, 8652.8411832711481]
    [-0.7797019897994717, 0.9766605837350778, 0.026431550867744361, -3064.8901111418445]
    [0.43179242862251094, 0.3747974169095406, -1.1115673216060658, 27626.553920983792]
  #705 data/objects/space/3d/asteroid/angular_smooth_01/angular_smooth_01_01300_cluster_01.cgf
    [0.404797160503093, -0.54667530490150584, 1.048707478896135, 5200.5918060854092]
    [1.1352223385119189, 0.49034219658607681, -0.18258362145570445, -917.72360667496469]
    [-0.33152904461807275, 1.0115397410340314, 0.65526929679074797, 25520.705997496192]
  #706 data/objects/space/3d/asteroid/angular_smooth_01/angular_smooth_01_00800_cluster_01.cgf
    [-0.56275436809606283, 0.22470627921018613, 0.153097512641548, 4457.5317599033451]
    [0.25062922004966148, 0.2922213968706921, 0.49235748026505494, -245.39500862973318]
    [0.10543602017723101, 0.50471574415622245, -0.3532272672865604, 25450.300792179649]
  #707 data/objects/space/3d/asteroid/angular_smooth_01/angular_smooth_01_01700_column_01.cgf
    [-1.6420679328853127, -1.2588764044089313, 0.30671528622458, 6565.4113547308989]
    [1.2694749642862788, -1.463984698450123, 0.78766317823412457, -143.24065759731866]
    [-0.25937884152670576, 0.80449373255356826, 1.9133069841094295, 24350.998772053747]
  #708 data/objects/space/3d/asteroid/angular_smooth_01/angular_smooth_01_00800_cluster_01.cgf
    [0.729497089106379, 0.54469759123304828, 0.4136836338973896, 27827.959125289679]
    [0.027193932614300375, -0.62743556296755909, 0.77819067214717086, 5133.7807192903374]
    [0.6834399058283056, -0.55643936443498665, -0.47252592171530589, 14998.923832640678]
  #709 data/objects/space/3d/asteroid/angular_smooth_01/angular_smooth_01_02200_column_01.cgf
    [0.3947953298609933, 0.97440273581578973, 0.57851117674583297, 25987.870972111567]
    [0.29644756058288818, -0.68008778663145453, 0.94318538578816968, 14839.64325975985]
    [1.0937342990916941, -0.16738917699369868, -0.46446245497453043, 17547.48208219136]
  #710 data/objects/space/3d/asteroid/angular_smooth_01/angular_smooth_01_00800_cluster_01.cgf
    [-0.64697966045670696, -0.48424693070913188, 0.5889973417294263, 24154.667433095645]
    [0.37882013893212146, -0.87450676220395973, -0.30286773467838457, 14859.171204422155]
    [0.66174637196209363, 0.027174849926970394, 0.74923221115797911, 17620.390610865274]
  #711 data/objects/space/3d/asteroid/angular_smooth_01/angular_smooth_01_00800_cluster_01.cgf
    [0.12073351325762488, 0.44256881498002826, 0.19888699425510167, 26313.282205636111]
    [-0.075044115148911156, 0.21951793935063896, -0.4429221475439567, -5595.8864400785142]
    [-0.47936580317975569, 0.077100531843866837, 0.11943076836144444, 5124.8277980929333]
  #712 data/objects/space/3d/asteroid/angular_smooth_01/angular_smooth_01_00900_cluster_01.cgf
    [0.26804528230600139, 0.41504726012887772, 0.076723916966114011, 24365.406596763132]
    [0.419054085723503, -0.25082854982417302, -0.10713436784317497, -8108.8060101830197]
    [-0.050442648756290405, 0.12173689413743639, -0.48232222500506383, 5309.283413399291]
  #713 data/objects/space/3d/asteroid/angular_smooth_01/angular_smooth_01_00800_cluster_01.cgf
    [-0.030378233046972899, -0.088587898192559522, -0.49115041056597902, 24308.025868812205]
    [-0.45854493265568935, -0.18928635951907238, 0.062502779011552892, -7483.8815230532582]
    [-0.19701037089730672, 0.45422707640804777, -0.069742780021049278, 4667.0755624068461]
  #714 data/objects/space/3d/asteroid/angular_smooth_01/angular_smooth_01_01300_cluster_01.cgf
    [0.98797749294108406, -0.049144164523627, -0.14656066085375405, 26349.065253957415]
    [-0.11032823240827466, -0.88826287723333996, -0.44588277028561879, -5427.566228504902]
    [-0.1082721448493571, 0.45669312978978222, -0.88300805807608385, 4884.5484590525521]
  #715 data/objects/space/3d/asteroid/angular_smooth_01/angular_smooth_01_00800_cluster_01.cgf
    [-0.017584088092832201, 0.40891172464761288, -0.28719548509953979, 26583.374797227447]
    [0.064973881165206887, 0.28680458811958848, 0.40437701266242176, -5277.9800166397254]
    [0.49544771669892146, -0.023099243476133222, -0.063223653315489639, 4830.723900857739]
  #716 data/objects/space/3d/asteroid/angular_smooth_01/angular_smooth_01_00900_cluster_01.cgf
    [-0.17685752010684974, 0.11320164104755839, 0.45376916280502866, 24549.638634092938]
    [-0.32973082224122369, 0.31385724820836791, -0.20681116913305028, -7714.0953619628435]
    [-0.33166044309317838, -0.37239584218703664, -0.036363914476110606, 5409.5041049119482]
  #717 data/objects/space/3d/asteroid/angular_smooth_01/angular_smooth_01_00800_cluster_01.cgf
    [0.27072195061142373, 0.050673931147941165, -0.41730256037000829, 25037.163023894766]
    [-0.41986809266352498, 0.0083957316705871483, -0.27136680929143492, -8233.4816723303156]
    [-0.020495339773820846, 0.49735431346670161, 0.047098584435484057, 4957.6566581245952]
  #718 data/objects/space/3d/asteroid/angular_smooth_01/angular_smooth_01_00800_cluster_01.cgf
    [-0.48611310159348664, -0.11478489665064237, -0.022755631539692026, 24618.232247401287]
    [-0.115857952134842, 0.48576443558025878, 0.024681711027024256, -7897.5074453767229]
    [0.016441599465670583, 0.029269086644482398, -0.49887105867219489, 5523.063815488913]
  #719 data/objects/space/3d/asteroid/angular_smooth_01/angular_smooth_01_00900_cluster_01.cgf
    [0.26804528230600139, 0.41504726012887772, 0.076723916966114011, 26582.215786394605]
    [0.419054085723503, -0.25082854982417302, -0.10713436784317497, -5084.6373392104779]
    [-0.050442648756290405, 0.12173689413743639, -0.48232222500506383, 4758.6019191914966]
  #720 data/objects/space/3d/asteroid/angular_smooth_01/angular_smooth_01_03500_cluster_01.cgf
    [0.055595610200463351, 0.0083259174493562974, -0.44477591410632905, 25476.56689766335]
    [-0.40296324519448362, 0.19083101835193714, -0.046796922988045532, -8653.9127146699848]
    [0.1884557181218563, 0.4055860057712114, 0.031148688155142251, 5204.3051749445312]
  #721 data/objects/space/3d/asteroid/angular_smooth_01/angular_smooth_01_00800_cluster_01.cgf
    [0.44928313592269586, -0.14246503897121404, 0.16687560398018328, 24417.892955972784]
    [-0.21933299710319692, -0.3021154714319666, 0.33259339900322982, -8126.3153840267851]
    [0.0060655514629333121, -0.37206053989871479, -0.33396594810411356, 5064.611303130232]
  #722 data/objects/space/3d/asteroid/angular_smooth_01/angular_smooth_01_00800_cluster_01.cgf
    [0.09963172030868396, 0.24154527369761217, -0.42629690128494457, 33231.122112431302]
    [0.17122753372428601, 0.39042846842851925, 0.26124009975064549, -3280.9717296574495]
    [0.45907983944570979, -0.19804327501173666, -0.0049202865358594682, 17428.533440727635]
  #723 data/objects/space/3d/asteroid/angular_smooth_01/angular_smooth_01_00800_cluster_01.cgf
    [-0.00064542028333060286, 0.32544909469201178, 0.37958200276804882, 33200.132800425519]
    [-0.142953329093823, 0.36361745780940741, -0.31200435366483631, -3590.2582682924567]
    [-0.47912832911678915, -0.10892776399508559, 0.092578685977820679, 17833.371229471672]
  #724 data/objects/space/3d/asteroid/angular_smooth_01/angular_smooth_01_00900_cluster_01.cgf
    [0.059036170448663085, 0.4957282476796761, -0.027708946800525647, 33134.96358563524]
    [0.4589607354816293, -0.065131405612325305, -0.18738328097972054, -3121.5546053577204]
    [-0.18939198654251066, -0.0033098575499128989, -0.46273023564284299, 17339.515848260344]
  #725 data/objects/space/3d/asteroid/angular_smooth_01/angular_smooth_01_01300_cluster_01.cgf
    [-0.91859565219233696, 0.23264367837479563, -0.31946718849901673, 35693.848012639908]
    [-0.34987140431316577, -0.85463398199016272, 0.38365491670700386, 2941.843766711329]
    [-0.18377259332978621, 0.46419609388896127, 0.86645828416661941, 13552.077247425457]
  #726 data/objects/space/3d/asteroid/angular_smooth_01/angular_smooth_01_00800_cluster_01.cgf
    [-0.12666864655097418, -0.57924445553847048, 0.80524909151334101, 44197.211559650881]
    [0.74849039156043118, -0.58852508755563837, -0.30560683849272102, -15791.67011678101]
    [0.65093192608508021, 0.56401176115374096, 0.50810780899096486, 19680.451811007879]
  #727 data/objects/space/3d/asteroid/angular_smooth_01/angular_smooth_01_00800_cluster_01.cgf
    [0.17008315883538896, 0.44616556186764239, 0.40327791430265192, 27487.434435908919]
    [0.20414802106778365, 0.35137995721619819, -0.47484816188044865, -17033.267408813001]
    [-0.56570342959458342, 0.26094727963798353, -0.05011200130559941, 22159.247971117744]
  #728 data/objects/space/3d/asteroid/angular_smooth_01/angular_smooth_01_00900_cluster_01.cgf
    [0.16288613069065885, 0.58932498201175521, 0.1295711854341767, 27615.617584525895]
    [0.57378304997914886, -0.19280891688584711, 0.1556349935434824, -16197.795017440358]
    [0.18672342668931224, 0.078391997266931857, -0.59128129919628791, 22030.679858193187]
  #729 data/objects/space/3d/asteroid/angular_smooth_01/angular_smooth_01_01300_cluster_01.cgf
    [1.2192570515803269, 0.27527263178286226, -0.011801762351871853, 27466.211904930649]
    [0.27385645509569856, -1.216643375067793, -0.085344016414120025, -16715.25046633475]
    [-0.030281106414578044, 0.080659390814787638, -1.2470281386156941, 21972.449611576747]
  #730 data/objects/space/3d/asteroid/angular_smooth_01/angular_smooth_01_00800_cluster_01.cgf
    [-0.043217268381942869, 0.3804563341631893, -0.49397394793153082, 27689.563974230339]
    [-0.18794370642221797, 0.4641792511676322, 0.37395160345703476, -16444.636202945618]
    [0.59450352955742347, 0.17440073482332535, 0.082310101222158108, 22018.864114763885]
  #731 data/objects/space/3d/asteroid/angular_smooth_01/angular_smooth_01_01300_cluster_01.cgf
    [0.069221215882817516, -0.93075826305681097, 0.35901375185653911, 39841.632456575506]
    [0.48525229908543116, 0.34584809926054838, 0.80306456369902479, -17630.124547586864]
    [-0.87162608066931058, 0.1186235347149545, 0.47559418363529449, 6353.2825120557145]
  #732 data/objects/space/3d/asteroid/angular_smooth_01/angular_smooth_01_01400_01.cgf
    [0.89643213499595686, 0.44231967146729351, 0.027583851329639683, 39738.898904760259]
    [-0.40569301853146295, 0.79396464491922392, 0.4528039869608485, -17166.180086916029]
    [0.17838367452191412, -0.41709900997949606, 0.89118225622635883, 6873.9730461404924]
  #733 data/objects/space/3d/asteroid/angular_smooth_01/angular_smooth_01_00900_cluster_01.cgf
    [-0.40408815559789613, 0.13954782717005504, 0.25930587929139437, 32225.189292866842]
    [0.21957681793241812, -0.15058421870740268, 0.42321482334676208, -20043.579292998704]
    [0.19621201831090884, 0.45590697472825947, 0.060415617699085059, 7787.0643035152434]
  #734 data/objects/space/3d/asteroid/angular_smooth_01/angular_smooth_01_00800_cluster_01.cgf
    [-0.18023120114190144, -0.11689414003789514, 0.45150082344930392, 30972.175226908472]
    [-0.16423345632974423, -0.43712989881170711, -0.17873260139802047, -19904.92658376291]
    [0.4365141525455784, -0.2127292434182913, 0.11917291234902297, 7774.8765005828736]
  #735 data/objects/space/3d/asteroid/angular_smooth_01/angular_smooth_01_00800_cluster_01.cgf
    [0.092831876139692182, -0.32757208440435281, 0.3661684721295837, 31874.018119063705]
    [0.20815497727045637, -0.31132621419074152, -0.33128246480237611, -19482.790447600211]
    [0.44503294922989906, 0.21394647827666938, 0.078569435680104022, 7512.1105409915745]
  #736 data/objects/space/3d/asteroid/angular_smooth_01/angular_smooth_01_00800_cluster_01.cgf
    [0.33724714963662805, 0.078693424755605104, -0.3606553880739431, 32424.149803484303]
    [-0.14378204952002252, -0.42192382125020239, -0.22651184358000295, -19995.393803334809]
    [-0.33998777372481265, 0.25649217911356254, -0.26195549193667322, 9192.2224215796468]
  #737 data/objects/space/3d/asteroid/angular_smooth_01/angular_smooth_01_00900_cluster_01.cgf
    [-0.56545057503191876, -0.17929559107916379, -0.80505798332352763, 34026.551331971903]
    [0.39319292692377683, -0.91663051937434747, -0.07202382568238766, -14949.095152546213]
    [-0.72502730135525617, -0.35726908663972984, 0.58880712488762155, 7697.5785048068865]
  #738 data/objects/space/3d/asteroid/angular_smooth_01/angular_smooth_01_03400_01.cgf
    [-0.4466744607806965, -0.65733153599476346, 0.30149198936651295, 32970.694241297548]
    [-0.3502891573297508, -0.11336025124573737, -0.76612479497393571, -14508.983685381318]
    [0.63267659520692376, -0.52684432900374545, -0.2113187655015665, 8662.6408901920495]
  #739 data/objects/space/3d/asteroid/angular_smooth_01/angular_smooth_01_00900_cluster_01.cgf
    [0.87641140631459669, -0.45508463319108522, -0.15748306268843887, 33481.206259390921]
    [0.46030175399220535, 0.69555766645187522, 0.55165362269312213, -13562.494551742948]
    [-0.14151054261819024, -0.5559652873984865, 0.81907097192767619, 8826.4062485365721]
  #740 data/objects/space/3d/asteroid/angular_smooth_01/angular_smooth_01_03500_cluster_01.cgf
    [-0.053083495518430258, 0.46953566646909844, 0.88131663728877319, 32048.722423076993]
    [-0.16147018163665391, 0.86691076672062539, -0.4715863841663685, -17152.515047203095]
    [-0.98544920604300945, -0.16733975977723667, 0.029797346390675473, 8254.4660909134218]
  #741 data/objects/space/3d/asteroid/angular_smooth_01/angular_smooth_01_01300_cluster_01.cgf
    [-0.18858282707624441, -0.27144534768522466, 0.94379635587316535, 27162.187858704579]
    [0.97769831944539942, 0.038541247606776047, 0.20644173316953793, -6568.8895713023339]
    [-0.092412847013068303, 0.96168062071586347, 0.25812374988361431, 1700.0551318745022]
  #742 data/objects/space/3d/asteroid/angular_smooth_01/angular_smooth_01_00900_cluster_01.cgf
    [0.31597295986151691, -0.30032526576712515, -0.24487830287277448, 24556.597781999571]
    [-0.32074711374355258, -0.02539641013906695, -0.38272166285281167, -6995.2872495720812]
    [0.21744410201503561, 0.39894776216134648, -0.20870626584968849, -843.89508888248201]
  #743 data/objects/space/3d/asteroid/angular_smooth_01/angular_smooth_01_01700_column_01.cgf
    [0.21452894680766288, -0.42893573529754653, -0.14139035250317067, 23881.318569684547]
    [0.44940718318010281, 0.18719925491542203, 0.11397099841564605, -7510.0367614790066]
    [-0.044836151734323586, -0.17598391903377639, 0.465853137323119, 642.50977528413341]
  #744 data/objects/space/3d/asteroid/angular_smooth_01/angular_smooth_01_00800_cluster_01.cgf
    [-0.062246849069933288, 0.0059946063895887844, 0.49607333633185741, 26842.009964653826]
    [-0.41919558791738093, -0.26802587137054446, -0.049361441338184028, -5736.379221771841]
    [0.26532951097793012, -0.42204923588915016, 0.038393406125507783, 3258.9007412430851]
  #745 data/objects/space/3d/asteroid/angular_smooth_01/angular_smooth_01_03400_01.cgf
    [0.29424207873295122, -0.61812362818830746, 0.040581811040505435, 25174.232454290253]
    [0.61639424036263935, 0.29661972543810211, 0.048754311992707092, -7302.7029905692107]
    [-0.061496695519101183, 0.015557080877866275, 0.68284569097555492, 498.13173990228984]
  #746 data/objects/space/3d/asteroid/angular_smooth_01/angular_smooth_01_00900_cluster_01.cgf
    [0.26804528230600139, 0.41504726012887772, 0.076723916966114011, 26600.756522859137]
    [0.419054085723503, -0.25082854982417302, -0.10713436784317497, -6097.0721485352897]
    [-0.050442648756290405, 0.12173689413743639, -0.48232222500506383, 1434.3448057183582]
  #747 data/objects/space/3d/asteroid/angular_smooth_01/angular_smooth_01_02200_column_01.cgf
    [-0.12932666067705068, -0.54517311287054715, 0.39542666622625317, 26987.016846788643]
    [0.67049200859766067, -0.066333602206635617, 0.12783456553927164, -6639.9055816668388]
    [-0.063375371923528184, 0.41071582236745818, 0.54552491419936533, 1306.1924664278204]
  #748 data/objects/space/3d/asteroid/angular_smooth_01/angular_smooth_01_00900_cluster_01.cgf
    [0.26804528230600139, 0.41504726012887772, 0.076723916966114011, 23858.507617556952]
    [0.419054085723503, -0.25082854982417302, -0.10713436784317497, -7716.8237894026788]
    [-0.050442648756290405, 0.12173689413743639, -0.48232222500506383, 1644.4436837970552]
  #749 data/objects/space/3d/asteroid/angular_smooth_01/angular_smooth_01_03400_01.cgf
    [-0.14266588660901575, 0.90563161797701197, 0.15045917671576814, 25443.887476779051]
    [-0.890929658263374, -0.17331334428318379, 0.19841112685449419, -7350.47089298418]
    [0.22147445758903, -0.11381565688999856, 0.89507273862068171, 1872.861543977979]
  #750 data/objects/space/3d/asteroid/angular_smooth_01/angular_smooth_01_00800_cluster_01.cgf
    [0.0041826922083117272, 0.16615005930894655, -0.47156802697615569, 25735.307707437027]
    [-0.039654940927229487, 0.47020917713521138, 0.16531955899573925, -7251.7437209591826]
    [0.49840719490654295, 0.036017061486485945, 0.017110830953820613, -477.44639517518817]
  #751 data/objects/space/3d/asteroid/angular_smooth_01/angular_smooth_01_01300_cluster_01.cgf
    [0.67775649468794219, 0.60686637658305165, -0.41516093488266975, 25038.58260491096]
    [-0.46797811816567242, 0.79152638076356774, 0.39304164721416562, -7399.093638285126]
    [0.56713480037625141, -0.072100322465759231, 0.82046263088205562, -708.24515324474851]
  #752 data/objects/space/3d/asteroid/angular_smooth_01/angular_smooth_01_00800_cluster_01.cgf
    [0.45139328866317324, 0.2149756177520562, -0.0054175956548424449, 26735.538967724613]
    [-0.084600571519061807, 0.16594587187812507, -0.46400913625269213, -6756.2645601243812]
    [-0.19770333803253209, 0.41981807845713737, 0.18618791247571262, 568.55413783973609]
  #753 data/objects/space/3d/asteroid/angular_smooth_01/angular_smooth_01_00800_cluster_01.cgf
    [-0.19873145526774347, -0.18392854058870706, 0.42032825917677585, 23868.943129196399]
    [0.30042610976922679, 0.29404150380999583, 0.27070923778953371, -7566.7674459542995]
    [-0.34677039388419384, 0.36015223283018827, -0.0063567233175963744, 259.24308744607561]
  #754 data/objects/space/3d/asteroid/angular_smooth_01/angular_smooth_01_01700_column_01.cgf
    [-0.10794215881499354, -0.92929766070379283, 0.35320278444098457, 26197.634799911546]
    [0.99206691347643849, -0.077667388516638403, 0.098837617951798518, -6720.4706066596918]
    [-0.064417298233773027, 0.36106992861149689, 0.93031004354290248, 808.06160862690444]
  #755 data/objects/space/3d/asteroid/angular_smooth_01/angular_smooth_01_00800_cluster_01.cgf
    [-0.094292176689631801, -0.24585377601695793, 0.42504661619492307, 27718.485161365275]
    [0.48884934802484797, -0.0062736974293129757, 0.10481734284776539, -6442.8991268304771]
    [-0.046206277238399283, 0.43533467728196018, 0.24155417281636696, 1897.7806422762119]
  #756 data/objects/space/3d/asteroid/angular_smooth_01/angular_smooth_01_00800_cluster_01.cgf
    [0.17625532234953206, -0.076946130957988718, -0.46153341326325981, 25680.643771940526]
    [-0.46492694819594649, 0.026742148168341726, -0.18200969105221418, -7984.1733768266622]
    [0.052694700578356027, 0.49331925537760513, -0.062121800432850198, 3582.7882637837602]
  #757 data/objects/space/3d/asteroid/angular_smooth_01/angular_smooth_01_00800_cluster_01.cgf
    [-0.23712813434477004, 0.21497547240885603, -0.38412953058170368, 25007.289736792853]
    [-0.35416137683841337, 0.16594563133985463, 0.31149874589683108, -7438.3205841206754]
    [0.26141857079834668, 0.41981816992832549, 0.073571306498821668, -1181.5360238326198]
  #758 data/objects/space/3d/asteroid/angular_smooth_01/angular_smooth_01_00400_01.cgf
    [0.79048728474819496, 0.5558027488103543, -0.25731866246788154, 24886.44294926689]
    [-0.55347826352274132, 0.82814920490339705, 0.088489791579038052, -7289.3183013939924]
    [0.26228114962241622, 0.072470240931742869, 0.96226628316699225, -437.01213840475702]
  #759 data/objects/space/3d/asteroid/angular_smooth_01/angular_smooth_01_03900_column_01.cgf
    [-0.80198815085735609, 0.096323738788922225, 0.58952131719892609, 17554.705337479907]
    [0.42433661891824348, -0.60273911250032397, 0.67575338423805897, -1920.8759786084811]
    [0.4204189338401243, 0.79210222813086439, 0.44251623751076968, 9742.6592854843166]
  #760 data/objects/space/3d/asteroid/angular_smooth_01/angular_smooth_01_01400_01.cgf
    [0.72055825822932784, 0.35939801020352985, 0.59298167216540065, 17339.216678101613]
    [0.63240656416282515, -0.69133119283480693, -0.34945889054678225, -1012.3579598449187]
    [0.28435212477859528, 0.62681149386411283, -0.72543064248662104, 7676.6970267326769]
  #761 data/objects/space/3d/asteroid/angular_smooth_01/angular_smooth_01_01300_cluster_01.cgf
    [-0.71544206925693155, -0.31060576035232179, -0.62583304948455387, 17438.163645340865]
    [0.59223207225877261, -0.74484386559863613, -0.30735823906637161, -2460.5690459737903]
    [-0.37068061289911014, -0.59053533016226634, 0.71684322254221222, 8264.4469854635317]
  #762 data/objects/space/3d/asteroid/angular_smooth_01/angular_smooth_01_00800_cluster_01.cgf
    [0.33519778902656616, -0.28504223926970546, 0.23747306035645702, 16635.894452112942]
    [0.32083815698555712, 0.062006693856642696, -0.37844172242278917, 3723.2990627201098]
    [0.1862938796231923, 0.4060864219354402, 0.22447382623784654, 7319.1684772148828]
  #763 data/objects/space/3d/asteroid/angular_smooth_01/angular_smooth_01_00800_cluster_01.cgf
    [0.39467429224192779, -0.073963449899577371, -0.29792900947961415, 14416.652753185743]
    [-0.30678209168490006, -0.077933833474286979, -0.38705445274361272, 2947.690757639185]
    [0.010818263815829754, 0.48831937217990101, -0.10689826700679619, 8771.9731072188006]
  #764 data/objects/space/3d/asteroid/angular_smooth_01/angular_smooth_01_01300_cluster_01.cgf
    [0.018292123490631189, 0.73223013219543609, 0.68081076758605175, 15419.929443072235]
    [0.59088686421801484, -0.55720655209883851, 0.58341446805043928, 10029.949823317213]
    [0.80654632938886783, 0.39161047143945238, -0.44285790807680664, 34435.146998799202]
  #765 data/objects/space/3d/asteroid/angular_smooth_01/angular_smooth_01_00800_cluster_01.cgf
    [-0.11139991141437279, -0.89384697676416713, -0.43430797293421736, 17897.362576748186]
    [0.032491422002339981, -0.44007053612633229, 0.89737283456629591, 11804.621255248048]
    [-0.99324223667790945, 0.085856152084992324, 0.078066343042459421, 34226.345090437149]
  #766 data/objects/space/3d/asteroid/angular_smooth_01/angular_smooth_01_03900_column_01.cgf
    [-0.69777130551348721, 0.17189567056976554, 0.35151956230540476, 16171.788209557963]
    [0.29803919917457722, -0.23220409518857407, 0.70516155097611599, 6372.5450527028424]
    [0.25354833858534631, 0.74601076108795872, 0.13849225026543716, 33956.618694413439]
  #767 data/objects/space/3d/asteroid/angular_smooth_01/angular_smooth_01_02200_column_01.cgf
    [0.44241734597246107, -0.6519424591936972, 0.90511935128737309, 15650.68222568392]
    [-1.0067919340002727, 0.18583678238100315, 0.6259694961721245, 10632.787009965068]
    [-0.48024994722164355, -0.99017111572014016, -0.47846030972156789, 35420.596654178415]
  #768 data/objects/space/3d/asteroid/angular_smooth_01/angular_smooth_01_01700_column_01.cgf
    [0.47689603370600064, -0.03864065217756868, -0.14517943846919226, 14095.614660758161]
    [0.047074620371540775, 0.49728022079659101, 0.02227910323199268, 6789.9341840008256]
    [0.14266796932673131, -0.034918166092145, 0.47793992145917352, 6061.7431254842049]
  #769 data/objects/space/3d/asteroid/angular_smooth_01/angular_smooth_01_00800_cluster_01.cgf
    [-0.4414632591525271, -0.06214265852289013, 0.22638109815904184, 16238.008055388989]
    [-0.22854828917781145, 0.0036277237701338528, -0.44469364727607769, 4345.3482013703024]
    [0.053626403253264461, -0.49610991766493906, -0.031608215105620743, 8923.7784726549435]
  #770 data/objects/space/3d/asteroid/angular_smooth_01/angular_smooth_01_00900_cluster_01.cgf
    [0.48544878542552616, 0.00023962384396632402, 0.11974589840164399, 13595.794683976981]
    [-0.009500337891989747, -0.49834550656538296, 0.039511524151211445, 6394.5699155483908]
    [0.11936867756468389, -0.040636923373050082, -0.48383821691754914, 6862.3803839929342]
  #771 data/objects/space/3d/asteroid/angular_smooth_01/angular_smooth_01_03400_01.cgf
    [0.65409744583858453, -0.1237323033323988, -0.1647704403791185, 15022.095204850435]
    [0.064566120304896266, 0.64383784423593171, -0.2271706319083327, 5865.3670152646155]
    [0.19567881085964076, 0.20116062488697128, 0.62573689002556776, 5912.4974902820159]
  #772 data/objects/space/3d/asteroid/angular_smooth_01/angular_smooth_01_01300_cluster_01.cgf
    [-0.1652408948708739, 0.9653944814037263, -0.20176187456067132, 15269.712669205444]
    [-0.95780956440941822, -0.10830553058128235, 0.26621356550724479, 6314.704235444181]
    [0.23514930805096151, 0.23723895002606599, 0.9425610832208261, 4808.0433697506896]
  #773 data/objects/space/3d/asteroid/angular_smooth_01/angular_smooth_01_00900_cluster_01.cgf
    [-0.13977234646694517, -0.31802611589999863, -0.35961511899923915, 15353.316177452229]
    [-0.47956737126281063, 0.10956934777671544, 0.089496633970305439, 6944.173544106613]
    [0.021881056358272061, 0.36993769837297996, -0.33565945799172758, 4910.7572000699629]
  #774 data/objects/space/3d/asteroid/angular_smooth_01/angular_smooth_01_00800_cluster_01.cgf
    [-0.30163948039189481, 0.32827642933021473, 0.22638073020335209, 12992.168339025713]
    [-0.12668081898866498, 0.19026102976831841, -0.44469397999540167, 5105.0965445562124]
    [-0.378107946440642, -0.32563069832249264, -0.031607820879285639, 9095.8691620672816]
  #775 data/objects/space/3d/asteroid/angular_smooth_01/angular_smooth_01_00800_cluster_01.cgf
    [-0.19179654395927645, 0.43918358123630546, -0.14259006544970992, 15694.638139343975]
    [-0.17996213014665199, 0.071095119397641113, 0.46104140245550224, 5735.2935750066508]
    [0.42523849367805183, 0.2281738921031729, 0.13080121377163439, 5018.1132273206749]
  #776 data/objects/space/3d/asteroid/angular_smooth_01/angular_smooth_01_00800_cluster_01.cgf
    [-0.30163861270414011, -0.34304352136588018, -0.20331065627459344, 13029.987279209816]
    [-0.12668160724007663, -0.15928345601106142, 0.45670612455739018, 5174.2329779506399]
    [-0.37810825287605127, 0.32703188876630424, 0.0091774733424221482, 9616.1545540414008]
  #777 data/objects/space/3d/asteroid/angular_smooth_01/angular_smooth_01_00900_cluster_01.cgf
    [0.48544878542552616, 0.00023962384396632402, 0.11974589840164399, 16428.588044324621]
    [-0.009500337891989747, -0.49834550656538296, 0.039511524151211445, 4954.3361195272255]
    [0.11936867756468389, -0.040636923373050082, -0.48383821691754914, 7160.225137950918]
  #778 data/objects/space/3d/asteroid/angular_smooth_01/angular_smooth_01_00900_cluster_01.cgf
    [-0.24086237387773879, 0.4248017143806298, 0.10737292710628382, 12745.105358155544]
    [0.097079958257694818, 0.1712202781355773, -0.45962944120886434, 4631.9248009435414]
    [-0.42727148713760171, -0.20056730785590773, -0.16496046940030482, 10152.176715287977]
  #779 data/objects/space/3d/asteroid/angular_smooth_01/angular_smooth_01_00900_cluster_01.cgf
    [0.48544878542552616, 0.00023962384396632402, 0.11974589840164399, 16096.68316431506]
    [-0.009500337891989747, -0.49834550656538296, 0.039511524151211445, 4388.8648322665349]
    [0.11936867756468389, -0.040636923373050082, -0.48383821691754914, 10572.868977152664]
  #780 data/objects/space/3d/asteroid/angular_smooth_01/angular_smooth_01_00800_cluster_01.cgf
    [-0.48813048213269566, 0.10829559348597738, -0.0009859098426183027, 15378.010610059091]
    [-0.052579519560295329, -0.23299745018080462, 0.43925830385531445, 6472.2333168023788]
    [0.094679996353540088, 0.4289341765522528, 0.23885444448393719, 4372.1782675319282]
  #781 data/objects/space/3d/asteroid/angular_smooth_01/angular_smooth_01_00800_cluster_01.cgf
    [0.25225054082485193, 0.10829559253159052, -0.41790153798709651, 16286.056605913074]
    [-0.3494369427168606, -0.23299786601809969, -0.27130385853482519, 4809.5877409055265]
    [-0.2535023745025724, 0.42893359069840015, -0.041862716733558111, 6082.7146998028347]
  #782 data/objects/space/3d/asteroid/angular_smooth_01/angular_smooth_01_00800_cluster_01.cgf
    [-0.3647846138893584, 0.29659890499647618, 0.17017999650495966, 12606.220498016397]
    [0.34190980886023375, 0.31238754813171316, 0.1884453728892275, 4453.6311041086947]
    [0.0054611592812503764, 0.25385638757591444, -0.43072852983306892, 10164.958560586409]
  #783 data/objects/space/3d/asteroid/angular_smooth_01/angular_smooth_01_01700_column_01.cgf
    [0.71710913222534678, -0.6961479113563811, -0.033649969097752704, 15934.617678878709]
    [0.57295206300712143, 0.61631841524636044, -0.54025668616984268, 5194.3818294875691]
    [0.39683771040819077, 0.3681432315953731, 0.84082705418868497, 6359.1404845996967]
  #784 data/objects/space/3d/asteroid/angular_smooth_01/angular_smooth_01_00400_01.cgf
    [-0.067290110798369177, 0.9172891513223228, -0.3924954162346565, 15179.343586831554]
    [-0.9941670215803553, -0.094875545240786952, -0.05128900493681697, 6405.5871136869564]
    [-0.084285064518505551, 0.3867547565211531, 0.91832281040899499, 5111.915574448587]
  #785 data/objects/space/3d/asteroid/angular_smooth_01/angular_smooth_01_00800_cluster_01.cgf
    [0.23219190269226145, 0.0031036481064007177, 0.44280630326146231, 14171.515780598391]
    [0.41429641337170636, 0.17501402316227818, -0.21846900942558614, 6895.1359277744496]
    [-0.15635068502245414, 0.46835947047165416, 0.078701996340779928, 5696.4535213092022]
  #786 data/objects/space/3d/asteroid/angular_smooth_01/angular_smooth_01_00800_cluster_01.cgf
    [0.081374439633790124, -0.18735086094662112, 0.45637429337082774, 12470.87999175279]
    [-0.47522564444451082, 0.094397822725562533, 0.12348796742941609, 4657.4284237050242]
    [-0.13243272861895547, -0.45385939027424449, -0.16270484449857361, 9672.1934008682729]
  #787 data/objects/space/3d/asteroid/angular_smooth_01/angular_smooth_01_02200_column_01.cgf
    [-0.9271390054228309, 0.16421650147895439, -0.336814470109982, 32773.364064345922]
    [0.37470964294559894, 0.41094074717125062, -0.8310945600879649, -5726.9571347278816]
    [0.001931351091108602, -0.89674880817664815, -0.44253319302241706, -83.881595020889108]
  #788 data/objects/space/3d/asteroid/angular_smooth_01/angular_smooth_01_01400_01.cgf
    [-0.30340384345722043, -0.95273411631079197, -0.015570594079863281, 30061.407280384814]
    [0.61395839958825094, -0.20796311682852836, 0.76144931388840087, 10402.435130213695]
    [-0.72869734688520649, 0.22146710289245516, 0.64803636548113797, 25554.991220651125]
  #789 data/objects/space/3d/asteroid/angular_smooth_01/angular_smooth_01_01300_cluster_01.cgf
    [0.54464199192604978, -0.59602840572600357, -0.590011803062363, 34187.049112665132]
    [0.71379987887409946, -0.039893624300208444, 0.69921164121735868, 2792.1591114920157]
    [-0.44028799791103002, -0.80197090088248835, 0.4037175257374695, 2885.6172317842274]
  #790 data/objects/space/3d/asteroid/angular_smooth_01/angular_smooth_01_03900_column_01.cgf
    [0.78861657614438618, 0.13423334846848375, -0.0080183847777142818, 32208.103378628308]
    [-0.0034800096038601919, 0.068058941528163872, 0.79709150071771706, -97.792031074741317]
    [0.134427585966058, -0.78571520231073799, 0.067674481854931912, 1506.1862448940265]
  #791 data/objects/space/3d/asteroid/angular_smooth_01/angular_smooth_01_01300_cluster_01.cgf
    [-0.95457911985979882, -0.17868071848028055, -0.23843552215508959, 31632.156684598838]
    [0.14668056306295116, -0.97835970810615425, 0.14593384606829157, -1746.4414316842717]
    [-0.25935132504295233, 0.10433156690148454, 0.96013093263401017, 1553.2007417914156]
  #792 data/objects/space/3d/asteroid/angular_smooth_01/angular_smooth_01_00900_cluster_01.cgf
    [-0.89137519872001891, -0.4420324533271045, 0.10028021076498431, 26600.660790800393]
    [-0.03229338412253422, 0.28261085941945263, 0.95869014537477881, 10779.198089863445]
    [-0.45211276005811096, 0.85131484640080213, -0.26618722705798181, 23047.159962793703]
  #793 data/objects/space/3d/asteroid/angular_smooth_01/angular_smooth_01_00900_cluster_01.cgf
    [0.34013780842985736, -0.67561431484716072, 0.65410250123826907, 27366.877226753488]
    [-0.93059489802548867, -0.141774977147024, 0.33747815470029424, 11294.881332848428]
    [-0.13526980565332569, -0.72349406818894302, -0.67694676766341777, 21421.953606963038]
  #794 data/objects/space/3d/asteroid/angular_smooth_01/angular_smooth_01_01300_cluster_01.cgf
    [-0.59602328920826297, 0.64745653394001002, 0.474928149821151, 25089.200135867257]
    [0.80289903099357018, 0.48827086952450965, 0.34197247859463026, 8915.0465390228346]
    [-0.010481262506917681, 0.58514277466696751, -0.81086284198012992, 30969.798942897894]
  #795 data/objects/space/3d/asteroid/angular_smooth_01/angular_smooth_01_03900_column_01.cgf
    [-0.7896449393798447, -0.089966118026574046, -0.091470531750819581, 27484.060965138877]
    [-0.12812753901488208, 0.5234526179740272, 0.59125339858801218, 7571.2404805810456]
    [-0.0066403552268694422, 0.59825023627501683, -0.53108610539073153, 33544.627365371598]
  #796 data/objects/space/3d/asteroid/angular_smooth_01/angular_smooth_01_02200_column_01.cgf
    [0.9969081858312131, -0.16057251092652855, 0.64837945432323518, 24576.803931130944]
    [-0.46701639738372963, -1.0003517180619084, 0.47031638688901573, 9974.2617864576823]
    [0.47757212295994483, -0.64305387638701472, -0.89353900780334894, 31027.122857615286]
  #797 data/objects/space/3d/asteroid/angular_smooth_01/angular_smooth_01_00900_cluster_01.cgf
    [-0.38699536302334514, -0.74249011553192212, 0.54675781451896976, 9162.8852673059446]
    [-0.91914604554518997, 0.26334595785046694, -0.29295143598248063, -1662.6105156168223]
    [0.07352704508415063, -0.61592079460183102, -0.78437009046749118, 18009.334111836255]
  #798 data/objects/space/3d/asteroid/angular_smooth_01/angular_smooth_01_03900_column_01.cgf
    [0.34721646932617961, -0.83761028091797429, 0.42172335471786271, 8488.9097995327738]
    [0.0033766015308109255, -0.44858194515464822, -0.89373580225292981, 1164.9001508170102]
    [0.93777938193163435, 0.31174364944148919, -0.15292669826468347, 18840.505655180947]
  #799 data/objects/space/3d/asteroid/angular_smooth_01/angular_smooth_01_01400_01.cgf
    [0.41894852545303291, -0.89502396730394385, -0.15301930583978737, 10047.753903222354]
    [-0.83586878658188668, -0.44597600618208377, 0.32004601312226033, 2534.8044749450055]
    [-0.35469167121079376, -0.0061787416873223359, -0.93496327121032252, 17927.58856584493]
  #800 data/objects/space/3d/asteroid/angular_smooth_01/angular_smooth_01_00900_cluster_01.cgf
    [0.24812071669664518, -0.94353533780658205, 0.21949524593542555, 9812.9364974880264]
    [-0.72491075274513961, -0.03054064325927288, 0.68816615464281283, 1905.0855294673056]
    [-0.64260524214521397, -0.32986258070842112, -0.69155633707454534, 17561.179932468061]
  #801 data/objects/space/3d/asteroid/angular_smooth_01/angular_smooth_01_00900_cluster_01.cgf
    [0.02499042540553191, -0.10215173310581056, 0.9944553656479711, 10868.687601150703]
    [0.29647855898209274, -0.94925498049205104, -0.10495912670867485, -2404.1470476318391]
    [0.95471300132891368, 0.29745752241122625, 0.0065635096573818377, 18195.555971563765]
  #802 data/objects/space/3d/asteroid/angular_smooth_01/angular_smooth_01_01300_cluster_01.cgf
    [0.75675485656176411, -0.46832561007040546, -0.45606310570971348, 8485.110361176934]
    [0.49088664788959518, 0.8678459724724833, -0.076642112146191502, 2518.6720101707142]
    [0.43168591865049682, -0.16587596987718051, 0.8866412897127024, 18029.794304458639]
  #803 data/objects/space/3d/asteroid/angular_smooth_01/angular_smooth_01_03500_cluster_01.cgf
    [-0.92944285641713109, 0.2373216080247986, -0.28251894633862196, 8743.0564633071626]
    [-0.33768655835930766, -0.23858317648183489, 0.91052093892665675, -1559.2469970403363]
    [0.14868183809466168, 0.94167884455633744, 0.30188936509329267, 15027.712643381865]
  #804 data/objects/space/3d/asteroid/angular_smooth_01/angular_smooth_01_02200_column_01.cgf
    [0.93951704991181773, 0.34032719368143505, 0.03853356494175799, 13624.442059421013]
    [0.032898498249958261, 0.022314998409470987, -0.99920941304617883, 1080.5328460387896]
    [-0.34091805936192227, 0.9400421073271723, 0.0097690692492436674, 34159.247498388642]
  #805 data/objects/space/3d/asteroid/angular_smooth_01/angular_smooth_01_00900_cluster_01.cgf
    [-0.30351597203860603, -0.23892439295263149, 0.92238387144862999, 15357.159177580392]
    [-0.53280851722563816, 0.8451119813786766, 0.043584860225894445, -13439.078033960184]
    [-0.78993161465291628, -0.47822556447905457, -0.38380616304250842, 18384.004820579412]
  #806 data/objects/space/3d/asteroid/angular_smooth_01/angular_smooth_01_01300_cluster_01.cgf
    [-0.25069796948552359, 0.76241586094358782, 0.59654515767675609, 16415.07054532988]
    [0.79846896555786528, 0.51127020289777769, -0.31787361126699409, -17311.266018511385]
    [-0.54734941418338112, 0.3966338067797745, -0.73694218510178711, 18324.375738207691]
  #807 data/objects/space/3d/asteroid/angular_smooth_01/angular_smooth_01_01400_01.cgf
    [-0.60595498900249267, 0.019098468572061923, 0.79526863828487782, 17064.506774638168]
    [-0.74500379154158336, 0.33687470239061479, -0.5757457709060424, -17522.492888220469]
    [-0.27890197046623177, -0.94135492277128385, -0.18990262631837457, 18149.639376919975]
  #808 data/objects/space/3d/asteroid/angular_smooth_01/angular_smooth_01_01400_01.cgf
    [-0.45149923823136173, -0.87037075730041968, -0.19647387205227354, -2367.9699499576109]
    [0.1244501738419428, -0.2794704810333602, 0.95205420231629234, -13200.718818865684]
    [-0.88354931486229438, 0.40540078287257325, 0.23449864208368951, 22174.079273096479]
  #809 data/objects/space/3d/asteroid/angular_smooth_01/angular_smooth_01_01300_cluster_01.cgf
    [0.96480852698900377, 0.26156997738402044, -0.026942896231961805, -3312.3132831597823]
    [-0.12437710232740398, 0.36367636133083303, -0.92318476325302212, -13545.970481344908]
    [-0.23167889231149588, 0.89404749181305954, 0.38341131923409599, 23374.734901642987]
  #810 data/objects/space/3d/asteroid/angular_smooth_01/angular_smooth_01_01400_01.cgf
    [0.69484919269363166, 0.10196099701934176, 0.71189011195016194, -2768.1954028019718]
    [-0.0031143550256655457, -0.98946192972512459, 0.1447562344425638, -16126.269796556706]
    [0.71914802175794557, -0.10280088377070581, -0.68720963183746131, 25401.551214549683]
  #811 data/objects/space/3d/asteroid/angular_smooth_01/angular_smooth_01_00900_cluster_01.cgf
    [0.55722287885072475, -0.62646797747637417, 0.54501307592603876, -5235.9775978284106]
    [-0.7899548703136553, -0.6021961795798042, 0.11545466909404158, -14928.777777184085]
    [0.25587630332142325, -0.49487003439745647, -0.830439451677492, 18442.147577782154]
  #812 data/objects/space/3d/asteroid/angular_smooth_01/angular_smooth_01_01000_01.cgf
    [-1.1904824450052298, 0.21439474547344989, 0.10299490374052196, 1579.4773327575699]
    [0.23557304093038295, 1.1353839725045172, 0.35948586386038778, -19297.654875745331]
    [-0.032838993132507467, 0.37250454633737262, -1.1549820225600076, 5457.7796448074741]
  #813 data/objects/space/3d/asteroid/angular_smooth_01/angular_smooth_01_00900_cluster_01.cgf
    [-0.51214397717569582, -0.30270868460850264, -0.19156865443861235, 2640.8625716236393]
    [-0.33663589548533446, 0.52096713849587684, 0.076759787235080201, -19355.16861243418]
    [0.12250457530891409, 0.16608203794564258, -0.58994231595841196, 11207.184641489061]
  #814 data/objects/space/3d/asteroid/angular_smooth_01/angular_smooth_01_00800_cluster_01.cgf
    [0.3536328092758278, -0.017358401680943419, -0.51504008159672166, 2116.0829804492478]
    [0.48264417902516066, 0.2300844293133496, 0.32363484886066829, -18756.375705587488]
    [0.18061615712112636, -0.58084731628459985, 0.14358956267139791, 9044.2066432921256]
  #815 data/objects/space/3d/asteroid/angular_smooth_01/angular_smooth_01_01700_column_01.cgf
    [-2.0826446687273092, 0.11979838719954795, -0.15315468098088095, 3110.1901975451096]
    [-0.095932575204795145, -2.0661333647809026, -0.31161945705294547, -19110.767617869904]
    [-0.16912998225194892, -0.3032459256507552, 2.0626812123398812, 8471.4933463586276]
  #816 data/objects/space/3d/asteroid/angular_smooth_01/angular_smooth_01_00800_cluster_01.cgf
    [0.15009715540163604, -0.59716100469553546, 0.10720468785523972, 2754.4384870250242]
    [0.0039293353577152176, -0.10947757099220749, -0.6153230764891533, -19125.52452831361]
    [0.60669487466993421, 0.14844750791929276, -0.02253737182033019, 11237.220052735041]
  #817 data/objects/space/3d/asteroid/angular_smooth_01/angular_smooth_01_00800_cluster_01.cgf
    [-0.60872674855284548, 0.11984136506693731, 0.0755875059527506, 3570.9644183749651]
    [0.063398704026431982, -0.067803510480392765, 0.61806712138350106, -15068.822552718815]
    [0.12671238362935536, 0.60964285399437901, 0.05388172834587595, 9483.484904155921]
  #818 data/objects/space/3d/asteroid/angular_smooth_01/angular_smooth_01_01300_cluster_01.cgf
    [-1.0802078475578512, 0.6230874836021062, 0.086061912959553913, 3102.8552067465935]
    [0.62595659908961832, 1.0480548340103664, 0.26879929310377698, -19072.273417619956]
    [0.061830422447381524, 0.27538466132906964, -1.2177166937239881, 11204.936849172987]
  #819 data/objects/space/3d/asteroid/angular_smooth_01/angular_smooth_01_00800_cluster_01.cgf
    [-0.25464354713532195, -0.57011451384475731, 0.027373699284309279, 3300.365875902392]
    [0.064552934127714914, 0.0010156073395737799, 0.62165513079507784, -18860.961568297964]
    [-0.56710915792680927, 0.25610861768378362, 0.05847044852109054, 11434.752493662838]
  #820 data/objects/space/3d/asteroid/angular_smooth_01/angular_smooth_01_01700_column_01.cgf
    [-0.3700114327444613, 1.186195600156285, -0.13609813661371134, 2735.5355821791509]
    [-1.1791037365950734, -0.34060029471956049, 0.23705902759850109, -18032.466190098894]
    [0.18787517922117697, 0.1985512588433575, 1.2197423824831992, 5519.4461531803727]
  #821 data/objects/space/3d/asteroid/angular_smooth_01/angular_smooth_01_00800_cluster_01.cgf
    [-0.31748388333510591, 0.49002557786440448, 0.22294327390374202, 5.2423528433232605]
    [-0.53246586905652016, -0.3240051316000106, -0.046103790565918755, -15615.525956474394]
    [0.079428386803127235, -0.21335508958850233, 0.58206144317789743, 5742.5472424135232]
  #822 data/objects/space/3d/asteroid/angular_smooth_01/angular_smooth_01_00900_cluster_01.cgf
    [0.59020974701631357, -0.17654962915966335, 0.10539290137883146, -238.44400853197294]
    [0.1552401005477462, 0.59268640584814158, 0.12348407263797714, -15838.188086745238]
    [-0.13482561477474675, -0.090432480099358684, 0.60354701625823171, 6105.9835735542956]
  #823 data/objects/space/3d/asteroid/angular_smooth_01/angular_smooth_01_00800_cluster_01.cgf
    [-0.36170261204963955, -0.17484754810960354, -0.47877407817297712, 15.287023768652034]
    [0.48395009277104412, 0.066438115504538584, -0.38987606631974675, -14998.331623872236]
    [0.15996434201790702, -0.59635507401389787, 0.096938627773001856, 6496.9190202216905]
  #824 data/objects/space/3d/asteroid/angular_smooth_01/angular_smooth_01_00800_cluster_01.cgf
    [-0.081257991628813475, -0.23981937943159065, 0.57140985325254212, -138.627883393714]
    [0.61896653073851349, -0.059355020578486128, 0.063109679972645008, -15773.695657851016]
    [0.03004977488391335, 0.57409847859907059, 0.24522105180479897, 6396.1544363705571]
  #825 data/objects/space/3d/asteroid/angular_smooth_01/angular_smooth_01_00900_cluster_01.cgf
    [-0.30007726643091248, 0.5461256781330549, -0.048220815879307974, 231.75750989789231]
    [-0.088758846636084993, 0.0058534099806264199, 0.61863759501378079, -15770.245343884453]
    [0.54101790224001567, 0.30387061474304089, 0.074747228580752223, 5811.9512126244526]
  #826 data/objects/space/3d/asteroid/angular_smooth_01/angular_smooth_01_00800_cluster_01.cgf
    [0.36713764854928582, -0.063442048289002739, -0.50180720410285318, 1899.6371839626609]
    [0.49798536564158474, -0.063249324371406263, 0.37233790451188736, -12827.630062414759]
    [-0.08857730627787111, -0.61854672098264496, 0.013395198285196436, 7574.1170125972712]
  #827 data/objects/space/3d/asteroid/angular_smooth_01/angular_smooth_01_02200_column_01.cgf
    [-0.23322316320104422, 1.2916813290524913, -0.95801020621098987, 1063.7637339295047]
    [1.4428065030326802, 0.59562638854424743, 0.45183609302166233, -14488.726322929395]
    [0.71030529058556391, -0.78575174471817821, -1.2323464791685945, 8747.9549519411557]
  #828 data/objects/space/3d/asteroid/angular_smooth_01/angular_smooth_01_00800_cluster_01.cgf
    [-0.44500792342986267, -0.43070689015460834, -0.084165606480162705, -156.11509787953901]
    [0.13776645687131639, -0.023299021997003674, -0.60918132390224577, -16010.411743944798]
    [0.41666854681143284, -0.45229753128169448, 0.11152843471832449, 6796.971696859544]
  #829 data/objects/space/3d/asteroid/angular_smooth_01/angular_smooth_01_00800_cluster_01.cgf
    [-0.44501049936534998, 0.42391212626671027, 0.11353517984874936, 1393.3622004800563]
    [0.13776472018451019, -0.018577889491650953, 0.60934539983425562, -17229.433268681354]
    [0.41666846500753424, 0.45888935881181858, -0.080212337219361218, 7885.7967236480763]
  #830 data/objects/space/3d/asteroid/angular_smooth_01/angular_smooth_01_01700_column_01.cgf
    [-1.835697089892659, 0.70962068157281011, -0.70844345163911593, 1733.6256401797209]
    [0.67446532663493663, 1.9673852573255213, 0.22300048016091725, -15948.805992286172]
    [0.74199067315797984, -0.032728875155002835, -1.9554068894744741, 8876.9135457240318]
  #831 data/objects/space/3d/asteroid/angular_smooth_01/angular_smooth_01_01300_cluster_01.cgf
    [-0.81948474831245877, -0.74931373579814475, 0.57400213490878793, 1752.4971282557258]
    [-0.94387430030148589, 0.65626907316951633, -0.49083295232080476, -14034.445996521958]
    [-0.0071295698326686793, -0.7552116307352561, -0.99604685647239921, 8469.9223249263814]
  #832 data/objects/space/3d/asteroid/angular_smooth_01/angular_smooth_01_00800_cluster_01.cgf
    [-0.47726322384141878, -0.20010978337973609, -0.35042937517266248, 830.65486565452557]
    [0.39054112469135238, -0.092398861679790958, -0.47912935362465975, -13750.895129520977]
    [0.10159873184740618, -0.58484475048997897, 0.19559952129543898, 8750.8612951801097]
  #833 data/objects/space/3d/asteroid/angular_smooth_01/angular_smooth_01_03500_cluster_01.cgf
    [-0.50811921128732085, 0.051437245468285965, -0.23067317976988178, -393.38756052100689]
    [0.22574370933274596, -0.056299580396844663, -0.50981484277097489, -14308.626456210286]
    [-0.069969163087788874, -0.55518069670291703, 0.030327367030784071, 6323.0758445443735]
  #834 data/objects/space/3d/asteroid/angular_smooth_01/angular_smooth_01_00800_cluster_01.cgf
    [0.19136608337882147, 0.16424246865723888, -0.43174394918489067, 3328.8402120765927]
    [-0.45441726769671681, 0.15087076892992954, -0.14402208836731212, -20039.000304422629]
    [0.082966095409148996, 0.44750623080355806, 0.20701257073108451, 6426.2751041548772]
  #835 data/objects/space/3d/asteroid/angular_smooth_01/angular_smooth_01_00900_cluster_01.cgf
    [-0.053144090381480311, 0.26391701053990158, 0.96307959184295699, 8170.6948740766366]
    [0.44041352204391193, -0.85938185266335909, 0.25980289438911075, -11509.184511996922]
    [0.89622007245854074, 0.43796053004781632, -0.070561596225099985, 41195.297465777476]
  #836 data/objects/space/3d/asteroid/angular_smooth_01/angular_smooth_01_00900_cluster_01.cgf
    [-0.91990336456219568, -0.15461605114594365, 0.36037537470730285, 8719.524216245909]
    [0.1472615709747109, 0.71552151198578295, 0.68289218014257635, -9878.0812405060042]
    [-0.36344265528615954, 0.68126468917290572, -0.63544204590578679, 40465.502609033349]
  #837 data/objects/space/3d/asteroid/angular_smooth_01/angular_smooth_01_00900_cluster_01.cgf
    [-0.56097723230948138, -0.055154911311500597, 0.82599157360569175, -6862.5976326339014]
    [-0.20358840293942057, -0.95794192461837613, -0.20223409783221455, -152.67499991153454]
    [0.80240632231928632, -0.28161108624422815, 0.52615481475073012, 10161.101880976701]
  #838 data/objects/space/3d/asteroid/angular_smooth_01/angular_smooth_01_01400_01.cgf
    [-0.24876848862563189, -0.60200334362897934, -0.62105256539147402, -5363.5597845021975]
    [-0.61587056321418143, -0.3304552879236673, 0.56701219360999322, -603.25003106453005]
    [-0.60730368357688147, 0.58171415024537465, -0.32061029143047765, 9797.1220283823332]
  #839 data/objects/space/3d/asteroid/angular_smooth_01/angular_smooth_01_00800_cluster_01.cgf
    [-0.00064542028333060286, 0.32544909469201178, 0.37958200276804882, 6112.1978687051214]
    [-0.142953329093823, 0.36361745780940741, -0.31200435366483631, -1928.2072356250601]
    [-0.47912832911678915, -0.10892776399508559, 0.092578685977820679, 7713.6277164716721]
  #840 data/objects/space/3d/asteroid/angular_smooth_01/angular_smooth_01_00800_cluster_01.cgf
    [0.09963172030868396, 0.24154527369761217, -0.42629690128494457, 6143.1871807109028]
    [0.17122753372428601, 0.39042846842851925, 0.26124009975064549, -1618.9206969900529]
    [0.45907983944570979, -0.19804327501173666, -0.0049202865358594682, 7308.7899277276356]
  #841 data/objects/space/3d/asteroid/angular_smooth_01/angular_smooth_01_00800_cluster_01.cgf
    [0.18246813699385195, -0.010550263768163103, 0.46539647048629063, 6102.6740402788982]
    [-0.3409363121483715, -0.34338723657414627, 0.12588661819796859, -2326.7410805484806]
    [0.31696626613149664, -0.36328184859290058, -0.13250844668270692, 5810.4575878461537]
  #842 data/objects/space/3d/asteroid/angular_smooth_01/angular_smooth_01_01300_cluster_01.cgf
    [0.87925840136008682, 0.42942754551198242, -0.20613912274642887, 6010.5606810136205]
    [0.19589783887348231, -0.72045017636889286, -0.66526105494620569, -1819.5114447268866]
    [-0.4341951076368919, 0.54455506393659914, -0.71758698565303036, 7458.2819081485359]
  #843 data/objects/space/3d/asteroid/angular_smooth_01/angular_smooth_01_00900_cluster_01.cgf
    [0.059036170448663085, 0.4957282476796761, -0.027708946800525647, 6047.0286539148365]
    [0.4589607354816293, -0.065131405612325305, -0.18738328097972054, -1459.5035726903238]
    [-0.18939198654251066, -0.0033098575499128989, -0.46273023564284299, 7219.7723352603462]
  #844 data/objects/space/3d/asteroid/angular_smooth_01/angular_smooth_01_03500_cluster_01.cgf
    [-0.98030992669366768, 0.034888827374679979, -0.1943603224611396, 24671.883473291786]
    [0.09349032092120739, -0.78496226614624087, -0.61244960463496922, 57.774380193585785]
    [-0.17393310529289138, -0.61856101400581354, 0.76624425898808168, 40843.588286677688]
  #845 data/objects/space/3d/asteroid/angular_smooth_01/angular_smooth_01_00800_cluster_01.cgf
    [-0.045173371392147478, 0.1938400431624, 0.45867634254233297, 25615.993266001704]
    [-0.30894355971553422, -0.37211097206419858, 0.12683013996632247, -2808.6606563204969]
    [0.39052762572128852, -0.27195228471256072, 0.15339071488280195, 20061.485494886307]
  #846 data/objects/space/3d/asteroid/angular_smooth_01/angular_smooth_01_02200_column_01.cgf
    [-0.52478110167581404, 1.052550374079088, 0.23820403146346256, 24084.403798469968]
    [-0.91694499310227595, -0.57456611922946033, 0.51873337034918054, -1163.2210623914143]
    [0.56904773982869084, 0.044834583918276695, 1.0555440233056554, 14127.592389441374]
  #847 data/objects/space/3d/asteroid/angular_smooth_01/angular_smooth_01_00800_cluster_01.cgf
    [-0.18207300485232905, -0.35894058074586682, 0.29666469141271279, 26999.738393360487]
    [0.39110188987128014, 0.055027211055228849, 0.30661078995321245, -3593.9156294302929]
    [-0.25275994812527836, 0.34370412315018811, 0.26072733475108356, 19294.257752910733]
  #848 data/objects/space/3d/asteroid/angular_smooth_01/angular_smooth_01_00800_cluster_01.cgf
    [-0.13772903401349365, -0.4598630073713264, -0.13984454073306216, 24945.75833994777]
    [-0.20349130756336475, -0.076005644193902058, 0.45034897327356466, -6164.5842131250874]
    [-0.43545581735417638, 0.18096663900786003, -0.16621995857999991, 19277.891463852808]
  #849 data/objects/space/3d/asteroid/angular_smooth_01/angular_smooth_01_00900_cluster_01.cgf
    [-0.31671902006121816, -0.37614737659465081, -0.090562226239401564, 27430.754090488135]
    [-0.33245033197558255, 0.32445419683636945, -0.18494743667757158, -6793.4842110425088]
    [0.19790185069826802, -0.056937936784198062, -0.45562290576086273, 15269.56597466968]
  #850 data/objects/space/3d/asteroid/angular_smooth_01/angular_smooth_01_01700_column_01.cgf
    [-0.26680877753029614, 0.39421108369055474, 0.15300416711604767, 27328.843992279504]
    [-0.36029117824256979, -0.30663381467872325, 0.16175768297896473, -7539.7975701633013]
    [0.22136603294077845, -0.023935384217949648, 0.44768711648758597, 14576.901916628916]
  #851 data/objects/space/3d/asteroid/angular_smooth_01/angular_smooth_01_00800_cluster_01.cgf
    [0.071795054809497452, 0.13476732602360414, 0.47611237819469976, 27125.822339421011]
    [0.25000734634392585, 0.40529466743012132, -0.15242151441197391, -5165.433514935301]
    [-0.42701470186380419, 0.25994953186728159, -0.0091893418160177032, 17848.150417087123]
  #852 data/objects/space/3d/asteroid/angular_smooth_01/angular_smooth_01_00900_cluster_01.cgf
    [-0.31671902006121816, -0.37614737659465081, -0.090562226239401564, 24513.425221296526]
    [-0.33245033197558255, 0.32445419683636945, -0.18494743667757158, -7873.2509515792508]
    [0.19790185069826802, -0.056937936784198062, -0.45562290576086273, 15984.407171825667]
  #853 data/objects/space/3d/asteroid/angular_smooth_01/angular_smooth_01_01300_cluster_01.cgf
    [-0.58710588426520316, -0.69669997603149425, 0.41220515758665077, 26093.368050558762]
    [0.79107145938354961, -0.60183913335136308, 0.10951197011198097, -8269.7545683059179]
    [0.17178444252056455, 0.39037939090933299, 0.90448399894265863, 13520.078752385019]
  #854 data/objects/space/3d/asteroid/angular_smooth_01/angular_smooth_01_00900_cluster_01.cgf
    [-0.26455206160796835, 0.32291751176912253, 0.27520193394099352, 26517.591488880385]
    [0.42389909395254405, 0.21487393837090546, 0.15536526609329127, -8733.6257602405676]
    [-0.017927130228695066, 0.31552034538974749, -0.38745986476014321, 13656.567593743261]
  #855 data/objects/space/3d/asteroid/angular_smooth_01/angular_smooth_01_00800_cluster_01.cgf
    [0.0374688693069039, -0.43975428675951006, 0.23497141579264191, 24625.094386826793]
    [0.23388075363899144, -0.19259954225895828, -0.39774932373166771, -6557.286003769339]
    [0.44033531772981982, 0.13971720985038411, 0.19126741583841234, 19218.966043750108]
  #856 data/objects/space/3d/asteroid/angular_smooth_01/angular_smooth_01_01300_cluster_01.cgf
    [0.069792007714526094, 0.3181498562321598, -0.94546737623082422, 24025.415865884243]
    [-0.86304648078893731, 0.49456975662109925, 0.10271486120199223, -7269.0831769214028]
    [0.50027858492561261, 0.80881409464312004, 0.30909531321199918, 15911.959001688983]
  #857 data/objects/space/3d/asteroid/angular_smooth_01/angular_smooth_01_00800_cluster_01.cgf
    [0.071796134949312862, -0.10176356065579817, -0.48424083187840528, 27054.732536733954]
    [0.2500075281669395, -0.41480205547676513, 0.12423840453500623, -5168.0207572229392]
    [-0.42701433394617244, -0.25996754225133689, -0.0086790615623115429, 17326.761393302408]
  #858 data/objects/space/3d/asteroid/angular_smooth_01/angular_smooth_01_02200_column_01.cgf
    [0.047861892301810677, 0.57111791129710765, -0.37661040641933102, 24185.460304878703]
    [-0.59186521502036293, 0.22390106846860508, 0.26432121812281972, -7463.1788373227882]
    [0.34308400440213482, 0.30658517657685419, 0.5085279962687892, 15554.791478797091]
  #859 data/objects/space/3d/asteroid/angular_smooth_01/angular_smooth_01_00800_cluster_01.cgf
    [0.02804237238914109, -0.21672639572380803, 0.44971443908437631, 25398.219741327117]
    [0.32240650328397891, -0.33602741929238977, -0.18204230853709044, -8166.4519135680939]
    [0.38113967776211061, 0.30019164687559663, 0.120902039499467, 13777.964300748756]
  #860 data/objects/space/3d/asteroid/angular_smooth_01/angular_smooth_01_00800_cluster_01.cgf
    [0.12453316753566601, 0.0013862367709478705, -0.48424088897350892, 24333.962923286403]
    [0.48342148099980348, -0.029465904635304768, 0.12423808673142585, -7071.1264551199829]
    [-0.028192763507608534, -0.49912874975735821, -0.0086792438706413278, 17670.140275269787]
  #861 data/objects/space/3d/asteroid/angular_smooth_01/angular_smooth_01_00900_cluster_01.cgf
    [0.19483900366719994, -0.16892880334994506, -0.42836967655793723, 26953.756887475836]
    [0.049773248083419278, -0.45468696825273663, 0.20194588983681908, -4518.1271439778911]
    [-0.45777739587142419, -0.12133663109512259, -0.16036531897292167, 18310.712177099191]
  #862 data/objects/space/3d/asteroid/angular_smooth_01/angular_smooth_01_03400_01.cgf
    [0.25596821445442086, -0.8846878356516944, -0.12234662076242551, 25828.940997077589]
    [0.82686850936619571, 0.18664922739011272, 0.38027821802760148, -6756.0617289730881]
    [-0.33753478395654218, -0.2136597489880655, 0.83879721640860005, 15633.73879167361]
  #863 data/objects/space/3d/asteroid/angular_smooth_01/angular_smooth_01_00800_cluster_01.cgf
    [-0.44897730060726454, -0.20897252843016753, 0.06891635961389099, 24407.323913032007]
    [0.0095656036397490651, 0.13791346641875976, 0.48050803711164197, -7830.4517619967628]
    [-0.2198351234173819, 0.43279320334702426, -0.11984223116330914, 14893.899681242745]
  #864 data/objects/space/3d/asteroid/angular_smooth_01/angular_smooth_01_00800_cluster_01.cgf
    [0.29031344250033253, -0.20897220983834072, 0.34935465944624056, 26102.655336156189]
    [0.40694944428095159, 0.13791365046837561, -0.25567935441060446, -8517.5627195743382]
    [0.010498207510945642, 0.43279371297152558, 0.25015864388281678, 13113.843519774377]
  #865 data/objects/space/3d/asteroid/angular_smooth_01/angular_smooth_01_03400_01.cgf
    [-0.36594782820767496, 0.5799314214609127, -0.0079710459781256199, 26014.676107264309]
    [-0.49416552939164982, -0.30683503265596684, 0.36325541487726831, -7628.213261936955]
    [0.30361887413784178, 0.19958359972430381, 0.58162167267901255, 14552.197567868339]
  #866 data/objects/space/3d/asteroid/angular_smooth_01/angular_smooth_01_01300_cluster_01.cgf
    [-0.9732792175951761, 0.17594684133508537, 0.14753164901960636, 24877.636173437015]
    [0.1495929747697346, 0.97332916717698548, -0.17391833733972381, -6435.1624125219232]
    [-0.17419764733709692, -0.14720174994774593, -0.97364374301664247, 19180.458442607793]
  #867 data/objects/space/3d/asteroid/angular_smooth_01/angular_smooth_01_00800_cluster_01.cgf
    [-0.42013061257717865, 0.15531886079259791, -0.22218336859003371, 27112.57768396171]
    [0.23613452330337228, 0.0083894813046821899, -0.44064638081814328, -4404.1104367975604]
    [-0.13315361316995605, -0.47518922284278353, -0.080401786138478953, 17793.015347181848]
  #868 data/objects/space/3d/asteroid/angular_smooth_01/angular_smooth_01_01700_column_01.cgf
    [-0.01028642204587378, 0.95065925948654439, -0.31006410815456315, 24950.024647784168]
    [-0.848185478466849, 0.15593166732962499, 0.5062265288716713, -7787.3269628128564]
    [0.52959812398756856, 0.26819932283283932, 0.80473196754730048, 15121.063134331229]
  #869 data/objects/space/3d/asteroid/angular_smooth_01/angular_smooth_01_00900_cluster_01.cgf
    [-0.31671902006121816, -0.37614737659465081, -0.090562226239401564, 24600.069868911065]
    [-0.33245033197558255, 0.32445419683636945, -0.18494743667757158, -6754.7561398239977]
    [0.19790185069826802, -0.056937936784198062, -0.45562290576086273, 19273.406480165948]
  #870 data/objects/space/3d/asteroid/angular_smooth_01/angular_smooth_01_00800_cluster_01.cgf
    [0.034896136494273457, 0.26871452487884323, -0.42020788853557922, 23470.166799611816]
    [-0.4315232832282736, 0.22751527968406246, 0.10965563985857366, -7185.4790819991003]
    [0.25013960402200092, 0.3550059259224268, 0.24779200324121889, 16133.64690760064]
  #871 data/objects/space/3d/asteroid/angular_smooth_01/angular_smooth_01_00800_cluster_01.cgf
    [0.14342461688853195, 0.16868130068299506, -0.44830338488636745, 27326.368317112952]
    [-0.4681156746319835, -0.04977774205678661, -0.16849278438519166, -7718.7835718999977]
    [-0.10147423941338256, 0.46804777750345611, 0.14364603558697497, 14233.066584001846]
  #872 data/objects/space/3d/asteroid/angular_smooth_01/angular_smooth_01_01400_01.cgf
    [-0.041616431330200626, -0.67165021849797579, -0.73969759631241305, 23995.574273003745]
    [0.97107142746753117, 0.14703788939667833, -0.18814520773419363, -11178.011504406364]
    [0.23513152224853082, -0.72612968568210545, 0.64610163610046456, 13813.497620315415]
  #873 data/objects/space/3d/asteroid/angular_smooth_01/angular_smooth_01_00800_cluster_01.cgf
    [-0.48839594335248265, 0.032063226780037944, -0.10218191686892873, 24476.046809054944]
    [-0.084531487118115908, 0.17749472781100109, 0.45972800808153597, -4829.6502054592183]
    [0.065754257140938091, 0.46633396103808356, -0.1679547754012754, 17170.719083848333]
  #874 data/objects/space/3d/asteroid/angular_smooth_01/angular_smooth_01_00400_01.cgf
    [-0.7060212359635244, -0.64223441504193379, 0.29844222549259941, 26246.721509671788]
    [0.69652493939746085, -0.55354982517481188, 0.45654615462074771, -8219.2214554802504]
    [-0.12800708815762421, 0.53020405377304825, 0.83815072522591405, 13807.643897645346]
  #875 data/objects/space/3d/asteroid/angular_smooth_01/angular_smooth_01_00800_cluster_01.cgf
    [-0.11857448002105125, 0.10061248194053529, 0.47520217012845861, 25761.626862295816]
    [0.4263586746141077, 0.25591604870937412, 0.052202853596105089, -5222.1705894281185]
    [-0.23271926133934959, 0.41759308641312592, -0.14648426847590443, 16645.731583319874]
  #876 data/objects/space/3d/asteroid/angular_smooth_01/angular_smooth_01_01700_column_01.cgf
    [0.11227331375150287, -0.3852613718314879, -0.29827351712117639, 24066.461824350514]
    [0.45508091304789811, -0.026426368069481586, 0.20543057774393705, -6173.7779120829609]
    [-0.17405395204018803, -0.31760673019826952, 0.34471712944676186, 17818.289581404406]
  #877 data/objects/space/3d/asteroid/angular_smooth_01/angular_smooth_01_00900_cluster_01.cgf
    [0.17029815571692841, 0.40309794026387785, 0.24188631941982294, 23786.043474164573]
    [0.44332299258636881, -0.052113835639015255, -0.22527155876251392, -6045.1035615283181]
    [-0.15640225449690889, 0.29119512615778026, -0.37515614895437249, 18793.972500571213]
  #878 data/objects/space/3d/asteroid/angular_smooth_01/angular_smooth_01_00800_cluster_01.cgf
    [-0.13918453617896381, 0.038201594376826853, -0.4787140231907952, 26067.135611591882]
    [0.12535234119115002, 0.48402567335039515, 0.0021796833247330785, -5708.8817073287837]
    [0.46358739021930517, -0.11940937420724973, -0.1443154388999624, 17083.814692678228]
  #879 data/objects/space/3d/asteroid/angular_smooth_01/angular_smooth_01_00900_cluster_01.cgf
    [0.29775051757578519, -0.39403764730113949, -0.077959549381271143, 25030.171902747556]
    [-0.11554186523961694, 0.0089220205425666402, -0.48638380367091194, -5974.12396352222]
    [0.38469915025549284, 0.30765802379560458, -0.085742834883627023, 16417.661494035779]
  #880 data/objects/space/3d/asteroid/angular_smooth_01/angular_smooth_01_01300_cluster_01.cgf
    [0.55899123402085493, 0.40773708354786259, -0.72199331479226092, 25525.075470181022]
    [-0.019384167416556426, 0.87692752288251652, 0.48022645624922844, -6136.8366662328208]
    [0.82894398481344944, -0.25444776660055113, 0.49809966847066145, 16794.972827918562]
  #881 data/objects/space/3d/asteroid/angular_smooth_01/angular_smooth_01_00800_cluster_01.cgf
    [0.49709488446768613, 0.034195417211146509, 0.041548391003983914, 26564.323486339592]
    [0.0056154835384962278, 0.35098643661881718, -0.35605604498654492, -4612.7054650615673]
    [-0.053516929077565584, 0.35445467166985856, 0.34856382995188429, 18027.887058573422]
  #882 data/objects/space/3d/asteroid/angular_smooth_01/angular_smooth_01_00800_cluster_01.cgf
    [-0.22040863805234764, 0.034195014687304473, -0.4474925842266973, 25649.062273303316]
    [-0.30809201965898553, 0.35098638164330304, 0.17856860591613674, -6333.1805580283799]
    [0.3263406493065184, 0.35445470876674828, -0.13365073789067994, 16379.52411903648]
  #883 data/objects/space/3d/asteroid/angular_smooth_01/angular_smooth_01_00400_01.cgf
    [0.77532273523775486, 0.30823928186702981, -0.55123403160869544, 25277.090801827049]
    [-0.15709629494022551, 0.93950117258920529, 0.30439128943777927, -6000.8219213532866]
    [0.611711669502497, -0.14940498011658776, 0.77684151638340104, 16964.582937879222]
  #884 data/objects/space/3d/asteroid/angular_smooth_01/angular_smooth_01_00800_cluster_01.cgf
    [-0.14524398897100044, -0.34554434560448238, 0.33091117636043016, 24184.429745615489]
    [0.093538091091072459, 0.3186412866827063, 0.37378773881430277, -6350.8979732373591]
    [-0.46920542082813993, 0.17048681296112397, -0.027918406536344927, 17494.289150128894]
  #885 data/objects/space/3d/asteroid/angular_smooth_01/angular_smooth_01_00800_cluster_01.cgf
    [0.87188760575773927, 0.28328728758542365, 0.3994438184564828, 2285.6673867319514]
    [-0.31772661585602213, -0.29344257919458849, 0.90162980140236748, 4988.1868693647648]
    [0.3726350077318043, -0.91303604194614707, -0.16584144718554825, 9350.1723438765839]
  #886 data/objects/space/3d/asteroid/angular_smooth_01/angular_smooth_01_00900_cluster_01.cgf
    [-0.29751536898358721, -0.12197992370952457, 0.94689317297007847, 3066.5278514904076]
    [-0.35025972282073897, -0.90870199965798459, -0.22711226293197712, -194.93378106060663]
    [0.88814633331172588, -0.39922769394965951, 0.2276280224303196, 31135.370818298914]
  #887 data/objects/space/3d/asteroid/angular_smooth_01/angular_smooth_01_01300_cluster_01.cgf
    [0.40586093737274881, 0.4349243409423118, 0.80381431632465705, 8800.5010922987694]
    [0.3011201386402767, 0.76676528123868615, -0.56691922136216655, 1933.1367689496151]
    [-0.86290399209752211, 0.47213510682909438, 0.18023562156051565, 31961.248255775696]
  #888 data/objects/space/3d/asteroid/angular_smooth_01/angular_smooth_01_00900_cluster_01.cgf
    [-0.014984068916665112, 0.92296957429143345, 0.38458130487572584, 1226.5440282148745]
    [0.23363667339318928, 0.37720906715129809, -0.89617373424662317, 9652.9724965931418]
    [-0.97220857843026143, 0.076423962472924364, -0.22129165243061516, 22462.176212938666]
  #889 data/objects/space/3d/asteroid/angular_smooth_01/angular_smooth_01_01400_01.cgf
    [0.56435612115533251, 0.11073547520643909, -0.69227159760944379, 2096.3949386618397]
    [0.59916324204949545, 0.38525202448312823, 0.5500767481177592, 8560.3146700000289]
    [0.3640133509950772, -0.80580312358160744, 0.16785633182838075, 23257.207386124985]
  #890 data/objects/space/3d/asteroid/angular_smooth_01/angular_smooth_01_01400_01.cgf
    [-1.0402193586485642, -0.1832406442378133, 0.30718799084389442, 292.9917665866576]
    [-0.23604473337265242, 1.061450404220305, -0.16614401209255508, 1750.7034381651958]
    [-0.26874612418866783, -0.22303321547807356, -1.0430865808041572, 23574.173137930775]
  #891 data/objects/space/3d/asteroid/angular_smooth_01/angular_smooth_01_02200_column_01.cgf
    [-0.64299063430434233, 0.19003701024285144, 0.74192207699280532, 1931.6342850655233]
    [-0.25076355079064927, -0.96756718622878679, 0.03050854179789779, 3347.9487512159412]
    [0.72365742944173894, -0.16643035860601574, 0.66979119876459103, 24476.393530251604]
  #892 data/objects/space/3d/asteroid/angular_smooth_01/angular_smooth_01_00900_cluster_01.cgf
    [-0.2830845301622944, 0.075306581258165736, 0.95613246942178132, 542.13569993030706]
    [0.57519331493185355, -0.78440348549247396, 0.23207984377269078, 5410.9089467598678]
    [0.76747184360150422, 0.61566007036924053, 0.17873689745669033, 16357.88856604646]
  #893 data/objects/space/3d/asteroid/angular_smooth_01/angular_smooth_01_01400_01.cgf
    [1.0359574764635919, -0.29953570049724687, 0.21695530870003246, 14056.970602548416]
    [-0.21685659794980974, -1.0146368521725428, -0.36535518201517819, 8588.8142899837021]
    [0.29960717242939516, 0.30131305518900614, -1.0146157498717656, 16193.768046927475]
  #894 data/objects/space/3d/asteroid/angular_smooth_01/angular_smooth_01_03900_column_01.cgf
    [0.74556551685555006, 0.2209333249728157, -0.91395967234371145, 16728.494252351131]
    [-0.43313617574784474, -0.95458766967591513, -0.58408662956747259, 7124.3935016545493]
    [-0.83458185339288327, 0.69278611670371537, -0.51334421509172323, 16729.261777834181]
  #895 data/objects/space/3d/asteroid/angular_smooth_01/angular_smooth_01_01300_cluster_01.cgf
    [-0.24021001263917655, 0.96638085742174074, -0.091687609318057084, 13309.249562996365]
    [0.80113098140623573, 0.25069568674866177, 0.54345216233119487, 6773.9803324864624]
    [0.54816761115987234, 0.057088882632181308, -0.83441749683287481, 16091.873859210558]
  #896 data/objects/space/3d/asteroid/angular_smooth_01/angular_smooth_01_00900_cluster_01.cgf
    [0.88400716639554067, -0.27018830971606561, 0.38148255453409041, 18606.709590877803]
    [-0.41676924311611602, -0.085888950223759614, 0.90494520197724326, 8039.867045026308]
    [-0.21174054905355191, -0.95896855938137482, -0.18853268778719642, 14525.078074243553]
  #897 data/objects/space/3d/asteroid/angular_smooth_01/angular_smooth_01_01300_cluster_01.cgf
    [-0.77672325422547439, 0.58532074783566923, -0.2325911992805299, -5996.5849241330416]
    [-0.26689303948857873, -0.64036125498606788, -0.72021082057234409, -5002.7545172300961]
    [-0.57049728246698095, -0.49732800318304421, 0.65360214613480916, 23501.169424118125]
  #898 data/objects/space/3d/asteroid/angular_smooth_01/angular_smooth_01_00800_cluster_01.cgf
    [0.23381342884830147, 0.15110085733491199, -0.96046618518112492, -6934.9612544441961]
    [0.24630653690992602, 0.94641942453850969, 0.20885124899115026, -7752.8742377329236]
    [0.94056358202897028, -0.28540197133583145, 0.18406885774617524, 24442.99067761331]
  #899 data/objects/space/3d/asteroid/angular_smooth_01/angular_smooth_01_02200_column_01.cgf
    [1.1816343072668811, -0.046686716087342484, -0.20387022894024789, -6782.5560326722589]
    [-0.13332597296820436, 0.73309291206166072, -0.94063878456838423, -5503.4370359413197]
    [0.16114249793040583, 0.94889276983397086, 0.71668539997324843, 22780.52022248878]
  #900 data/objects/space/3d/asteroid/angular_smooth_01/angular_smooth_01_00800_cluster_01.cgf
    [-0.5937560094071731, 0.13200067598709886, -0.14371493666144294, 3844.7619522866503]
    [-0.15737923763900999, -0.051792569402771452, 0.60263891801194491, -19651.050466899549]
    [0.11536870043828025, 0.60870166048844698, 0.082442171645185844, 18218.99816188262]
  #901 data/objects/space/3d/asteroid/angular_smooth_01/angular_smooth_01_01400_01.cgf
    [0.97120336712476019, -0.31667344430436045, -0.40802039113482752, 33683.210917394681]
    [-0.51107134287291756, -0.7147747801569978, -0.66174148001274957, -17904.544962569562]
    [-0.074624341896443444, 0.77383049406688831, -0.77821350815351065, 25000.940314482985]
  #902 data/objects/space/3d/asteroid/angular_smooth_01/angular_smooth_01_02200_column_01.cgf
    [0.8164223867644399, 0.19630171457396614, -0.54306531323184581, 31742.453065774247]
    [0.45566713360307504, 0.35868515488904429, 0.81468535902310546, -17243.680426367686]
    [0.35471363229264108, -0.91258446606764554, 0.20339036985122366, 26360.006898062347]
  #903 data/objects/space/3d/asteroid/angular_smooth_01/angular_smooth_01_01300_cluster_01.cgf
    [0.24714076125111209, 0.89119162810920483, -0.38039143007926979, 32616.612636856637]
    [0.94196431888785992, -0.12891361395446199, 0.30997292791596615, -19263.07384724564]
    [0.22720779042941625, -0.4349223793813457, -0.87133108394164283, 25938.946525799671]
  #904 data/objects/space/3d/asteroid/angular_smooth_01/angular_smooth_01_00900_cluster_01.cgf
    [-0.85255704171890501, 0.11870823577774246, 0.50898606850821704, 9653.4416956071691]
    [-0.1162527411188462, -0.99254513788035093, 0.036761692205831531, -19859.904614597453]
    [0.50955251285737968, -0.027829419505582084, 0.859996356162117, 19624.300480186557]
  #905 data/objects/space/3d/asteroid/angular_smooth_01/angular_smooth_01_00800_cluster_01.cgf
    [0.053489438413757327, 0.6138499383319076, -0.10464696306977875, 4552.0428437112578]
    [0.62269694354475846, -0.05329369745749464, 0.0056702736228873398, -19272.16758381086]
    [-0.0033541272829528796, -0.10474678378287229, -0.61614991260970531, 18772.447372743482]
  #906 data/objects/space/3d/asteroid/angular_smooth_01/angular_smooth_01_00900_cluster_01.cgf
    [-0.40940960549257255, 0.21489200200416042, -0.42051084468342054, 4757.9052908810099]
    [0.33125687219080224, -0.2659654187203172, -0.45842714662484446, -19265.232696911389]
    [-0.33656623070071423, -0.52317109210168911, 0.060327015775217069, 18578.446040851115]
  #907 data/objects/space/3d/asteroid/angular_smooth_01/angular_smooth_01_00800_cluster_01.cgf
    [-0.57538477392745668, 0.072852285069755246, -0.23291680521771355, 5367.7177572670935]
    [0.21100059543125485, -0.15121283803834767, -0.56854090266251378, -18411.508957909795]
    [-0.12262317203680187, -0.60204032575298905, 0.11461385390575318, 15994.135995278781]
  #908 data/objects/space/3d/asteroid/angular_smooth_01/angular_smooth_01_00800_cluster_01.cgf
    [0.81211360245283004, 0.11104651921847832, 0.94373700439032027, 5825.9079787818146]
    [-0.87486976147424766, 0.57194412768594916, 0.68555246439541007, -14522.22979013746]
    [-0.37090937349189218, -1.1059149838708613, 0.44930796930483358, 16630.488543377916]
  #909 data/objects/space/3d/asteroid/angular_smooth_01/angular_smooth_01_02200_column_01.cgf
    [-0.026498511155486539, -1.2360771627612661, 0.18414866047906961, 5079.4046623955674]
    [1.0818043777202999, 0.069530736376564331, 0.62238606796245177, -17149.721171004509]
    [-0.62569702716360376, 0.17256412416439817, 1.0682810986812588, 14873.470607300142]
  #910 data/objects/space/3d/asteroid/angular_smooth_01/angular_smooth_01_02200_column_01.cgf
    [0.81211405578226126, 0.92847425581014731, 0.202252730647277, 6395.0238907240218]
    [-0.87486971374536782, 0.8344093385860929, -0.31759075869272041, -13954.622497801149]
    [-0.37090914619025628, 0.064780107546320451, 1.1919437039115157, 15643.938674654237]
  #911 data/objects/space/3d/asteroid/angular_smooth_01/angular_smooth_01_00800_cluster_01.cgf
    [-0.039469174698146696, 0.14899410840596605, 0.47564931815179989, 5052.8814913505712]
    [0.17871115064024229, 0.4496452372687138, -0.12601912230973675, -19643.862705293253]
    [-0.46529973440224698, 0.16006014560529108, -0.088748188169253395, 12887.070030517116]
  #912 data/objects/space/3d/asteroid/angular_smooth_01/angular_smooth_01_00800_cluster_01.cgf
    [0.11640099002604497, 0.04596413038448293, -0.48408389802224222, 4896.0321721317878]
    [-0.10797672635944212, 0.48777655992298247, 0.020351074660887505, -19175.494063912265]
    [0.47412123784018412, 0.099801995937722182, 0.12348168091337336, 12758.460883879719]
  #913 data/objects/space/3d/asteroid/angular_smooth_01/angular_smooth_01_00900_cluster_01.cgf
    [-0.14392757327304906, 0.47667301364473474, -0.045458884092186728, 4734.8041404204487]
    [0.45948356263967666, 0.15084534678470465, 0.12696202363573839, -19048.214783589316]
    [0.13475358156283138, -0.005228560469001972, -0.4814695762348235, 12778.203383207892]
  #914 data/objects/space/3d/asteroid/angular_smooth_01/angular_smooth_01_01700_column_01.cgf
    [0.00191310812240113, -0.49867253385769311, -0.036357744110109842, 3449.0868000029595]
    [0.47059175984978413, -0.01048865875223306, 0.1686215441827604, -5536.7083299423666]
    [-0.16893660687462445, -0.034864503109085475, 0.46930238742644537, 4622.3228074568797]
  #915 data/objects/space/3d/asteroid/angular_smooth_01/angular_smooth_01_00900_cluster_01.cgf
    [0.059036170448663085, 0.4957282476796761, -0.027708946800525647, 3792.4831793663425]
    [0.4589607354816293, -0.065131405612325305, -0.18738328097972054, -5495.7032812040288]
    [-0.18939198654251066, -0.0033098575499128989, -0.46273023564284299, 5585.4170236013651]
  #916 data/objects/space/3d/asteroid/angular_smooth_01/angular_smooth_01_01300_cluster_01.cgf
    [-0.097147510174087764, 0.6914583084658974, 0.7158493871292565, 17350.009348352869]
    [-0.18245328175242093, -0.71943526773355215, 0.67016137732026926, 14382.157633205961]
    [0.97839957960826207, -0.065504803850621574, 0.19605091029562829, 5467.1044577934463]
  #917 data/objects/space/3d/asteroid/angular_smooth_01/angular_smooth_01_01400_01.cgf
    [-0.57322205353615785, 0.22337090919844244, 0.78836503836010019, 18010.27500506692]
    [0.79315652984326368, 0.39279974181176425, 0.46541229189233307, 14587.447451275397]
    [-0.20571027186714086, 0.8920825742056302, -0.40233006883885081, 5329.9115839141086]
  #918 data/objects/space/3d/asteroid/angular_smooth_01/angular_smooth_01_01300_cluster_01.cgf
    [0.41858260345719328, -0.86310807616738416, -0.28254716607901825, 19618.145969693767]
    [0.88160806432221173, 0.3114657423727652, 0.35462115048580295, 12824.103143682541]
    [-0.21807263268619992, -0.39753413476639787, 0.89129724934529586, 3013.1567345001431]
  #919 data/objects/space/3d/asteroid/angular_smooth_01/angular_smooth_01_00900_cluster_01.cgf
    [0.87407602483278135, -0.071373787229659896, 0.48051665429222823, 19287.113595797862]
    [0.43308580950448128, 0.5625728076081089, -0.70423567609782201, -21486.781578953305]
    [-0.22006170534999861, 0.82366072407248092, 0.5226425424724106, 2248.4054404826779]
  #920 data/objects/space/3d/asteroid/angular_smooth_01/angular_smooth_01_02200_column_01.cgf
    [-1.1983082131536051, 0.030017591832325524, 0.056212863722843939, 15954.839673257693]
    [-0.0058199875522879103, 1.002557115409449, -0.65943071938263276, -13578.012452012506]
    [-0.063459196435397242, -0.65877286685259973, -1.00099688104674, 6587.1519615569869]
  #921 data/objects/space/3d/asteroid/angular_smooth_01/angular_smooth_01_01000_01.cgf
    [-0.2023818249109462, -0.91438494263394299, -0.77250766407975924, 5781.6526031617786]
    [-1.171203936898344, -0.010590003046373012, 0.31936735503370994, -22811.182867861779]
    [-0.24728374910508191, 0.7985075741354799, -0.88037646430872762, 11097.401975157172]
  #922 data/objects/space/3d/asteroid/angular_smooth_01/angular_smooth_01_00900_cluster_01.cgf
    [-0.14392757327304906, 0.47667301364473474, -0.045458884092186728, 5662.6220481984601]
    [0.45948356263967666, 0.15084534678470465, 0.12696202363573839, -22634.3289492404]
    [0.13475358156283138, -0.005228560469001972, -0.4814695762348235, 11976.945244919249]
  #923 data/objects/space/3d/asteroid/angular_smooth_01/angular_smooth_01_00800_cluster_01.cgf
    [0.23333674194734844, 0.2357677309375836, -0.37412118802639438, 4965.362851212014]
    [-0.23052954138452272, -0.29612941001887488, -0.33039767628610167, -22156.796232731347]
    [-0.37737145736101868, 0.32668038048642778, -0.029492941508174612, 11673.556728697418]
  #924 data/objects/space/3d/asteroid/angular_smooth_01/angular_smooth_01_00800_cluster_01.cgf
    [0.23333619923002921, -0.26089531494178364, 0.35705342821042607, 5072.8436901718314]
    [-0.23053032627053158, 0.2727487115636027, 0.34994743439051412, -22145.782274190693]
    [-0.37737154718525429, -0.32793455567891655, 0.0069957410747669988, 11158.549059591929]
  #925 data/objects/space/3d/asteroid/angular_smooth_01/angular_smooth_01_00800_cluster_01.cgf
    [0.45545679280631796, 0.19920457607696371, -0.053627259100435816, 6045.8029720129998]
    [-0.019859541079321294, -0.087034095776997097, -0.4919653452860725, -22086.454049367581]
    [-0.20533860980523574, 0.45026863004691209, -0.071368426359108408, 11598.201280996167]
  #926 data/objects/space/3d/asteroid/angular_smooth_01/angular_smooth_01_00800_cluster_01.cgf
    [0.45367000854218675, 0.10543350397484792, -0.18184252856193076, 5792.5986122235636]
    [-0.13850698281921134, -0.17541769447564751, -0.44726262282918949, -21079.256097335998]
    [-0.15810991323927023, 0.45619273811549527, -0.12995709534702718, 10463.335423891127]
  #927 data/objects/space/3d/asteroid/angular_smooth_01/angular_smooth_01_01300_cluster_01.cgf
    [-0.24935420559174856, 0.86011381297870071, -0.44499694921380112, 6413.3779806444027]
    [-0.96741485037174357, -0.20041447847373148, 0.15471948820675677, -20959.339301511736]
    [0.043892634536634424, 0.46907764972761651, 0.88206301990962677, 10374.44298558537]
  #928 data/objects/space/3d/asteroid/angular_smooth_01/angular_smooth_01_00800_cluster_01.cgf
    [0.4356050667514047, -0.0070775287192331674, -0.24535076850903539, 5622.2273692736335]
    [0.22595703244048893, -0.18364182283242983, 0.40647012878895761, -22538.521977477452]
    [-0.095867150324987105, -0.46499941364936404, -0.1567925380703924, 11748.658125464985]
  #929 data/objects/space/3d/asteroid/angular_smooth_01/angular_smooth_01_00800_cluster_01.cgf
    [0.59992273461112033, -0.092610624195901992, -0.14879078873559454, 6982.3465006560373]
    [-0.1238411185099195, -0.59946488219893956, -0.12620596818781329, -15805.950826393248]
    [-0.12401130550367975, 0.15062483635196644, -0.59376432093130704, 11075.595588085318]
  #930 data/objects/space/3d/asteroid/angular_smooth_01/angular_smooth_01_00800_cluster_01.cgf
    [-0.39326636232463369, 0.1798861407403109, -0.45122742000702071, 7163.7274727729919]
    [0.48368733774443223, 0.19861738054600128, -0.34237601461468309, -15734.94875159091]
    [0.04485273126955313, -0.56463771787517636, -0.26418955313005721, 10416.067586814195]
  #931 data/objects/space/3d/asteroid/angular_smooth_01/angular_smooth_01_00900_cluster_01.cgf
    [-0.51214397717569582, -0.30270868460850264, -0.19156865443861235, 7293.3820669353336]
    [-0.33663589548533446, 0.52096713849587684, 0.076759787235080201, -15739.790991920134]
    [0.12250457530891409, 0.16608203794564258, -0.58994231595841196, 10701.528054985036]
  #932 data/objects/space/3d/asteroid/angular_smooth_01/angular_smooth_01_00800_cluster_01.cgf
    [0.18634204183792877, -0.30105514416528556, -0.51504031303660547, 7088.519273350099]
    [0.4632989114218351, -0.266905175657699, 0.3236353292210683, -17664.337819903041]
    [-0.37583885184553228, -0.47827973803654472, 0.14358875326668166, 8696.4798478899374]
  #933 data/objects/space/3d/asteroid/angular_smooth_01/angular_smooth_01_00800_cluster_01.cgf
    [-0.10884136962297215, 0.10166090365901841, 0.60699412121189733, 6491.8883428931213]
    [0.60945384644727585, 0.10362801353674603, 0.091926547422518629, -15306.811472521747]
    [-0.085690206962010074, 0.60790586585230111, -0.11717889295068507, 10397.056721955993]
  #934 data/objects/space/3d/asteroid/angular_smooth_01/angular_smooth_01_00900_cluster_01.cgf
    [0.2442816695024663, -0.39527809954407489, -0.41797708926925081, 6934.8590528854074]
    [0.21840845862385846, -0.35637611384309226, 0.46466866461138595, -16067.237715900355]
    [-0.53220989124096629, -0.32768040327581821, -0.0011585173106364295, 10977.93302154405]
  #935 data/objects/space/3d/asteroid/angular_smooth_01/angular_smooth_01_01300_cluster_01.cgf
    [1.2475064977439334, 0.078422205592810726, 0.008697484818385972, 4501.2718413378079]
    [-0.050727658073079551, 0.9026856193830487, -0.86318221005243412, -15681.85869782784]
    [-0.06043503353707895, 0.86110787983535642, 0.90406801541276272, 8464.0585734950691]
  #936 data/objects/space/3d/asteroid/angular_smooth_01/angular_smooth_01_00800_cluster_01.cgf
    [0.041183152232960082, 0.23339337681813196, 0.57832041183652871, 4917.2131448283271]
    [0.62277877623193878, 0.015059160890682622, -0.050426547229641544, -14789.852265130172]
    [-0.032765270705299714, 0.57958931360738863, -0.2315721997669635, 8262.973185413528]
  #937 data/objects/space/3d/asteroid/angular_smooth_01/angular_smooth_01_03500_cluster_01.cgf
    [0.1900763978502511, 0.03258383532716249, 0.52616442112112249, 6282.9580183602056]
    [0.51329318675163105, -0.13893733031785346, -0.17682269106815277, -14561.388251022558]
    [0.12016991642132749, 0.54191738606322692, -0.076970638998069538, 10668.386525866776]
  #938 data/objects/space/3d/asteroid/angular_smooth_01/angular_smooth_01_00800_cluster_01.cgf
    [0.1863405863246132, 0.33570379122488314, 0.49315623768904054, 7327.3114094851207]
    [0.46329825905485617, 0.24405724507018711, -0.34119453191934357, -15837.719874580287]
    [-0.37583883962558834, 0.46729214631979493, -0.17608560685899524, 9992.1895280142817]
  #939 data/objects/space/3d/asteroid/angular_smooth_01/angular_smooth_01_01700_column_01.cgf
    [0.73986990062356139, -1.9102788289398267, 0.42267346185455729, 5879.0904642616197]
    [1.8719070792595491, 0.82259606517820316, 0.44105003080361677, -16925.287940283095]
    [-0.56901840591479591, 0.22225219629549609, 2.0005118206280521, 7842.5605681616616]
  #940 data/objects/space/3d/asteroid/angular_smooth_01/angular_smooth_01_00900_cluster_01.cgf
    [0.59020974701631357, -0.17654962915966335, 0.10539290137883146, 5556.1877974347599]
    [0.1552401005477462, 0.59268640584814158, 0.12348407263797714, -14876.709818263305]
    [-0.13482561477474675, -0.090432480099358684, 0.60354701625823171, 5420.0594179266691]
  #941 data/objects/space/3d/asteroid/angular_smooth_01/angular_smooth_01_00800_cluster_01.cgf
    [0.15654149472637005, 0.37931467869362068, -0.47142354852471879, 4733.3069237104473]
    [0.16340702866066767, 0.44234982038780202, 0.41018265021136596, -14991.27874691145]
    [0.58259585525505952, -0.22599123451515407, 0.01162146760056757, 5218.2783684175574]
  #942 data/objects/space/3d/asteroid/angular_smooth_01/angular_smooth_01_01000_01.cgf
    [0.65108058854775519, -0.98728046824806326, -0.27422702474555816, 6528.0623800498288]
    [1.0178422336016952, 0.66056929089626049, 0.038399430856869747, -14726.252111607046]
    [0.11798462434414318, -0.25050869407927517, 1.1820127492872803, 11183.600197179179]
  #943 data/objects/space/3d/asteroid/angular_smooth_01/angular_smooth_01_00800_cluster_01.cgf
    [-0.13602363743891865, 0.48316168149182342, 0.37239401084864987, 5310.3710986969409]
    [-0.036627053999115554, 0.37438251654604215, -0.49912035616678996, -14799.066846721278]
    [-0.60891786695193661, -0.13045098912124492, -0.053164936415436133, 5410.8973848005789]
  #944 data/objects/space/3d/asteroid/angular_smooth_01/angular_smooth_01_01700_column_01.cgf
    [1.0985438862905494, -0.58029211109826639, -0.13769113639900021, 4813.6403693773318]
    [-0.51377760482951673, -1.0673363972870136, 0.39915165182433926, -14693.97776920318]
    [-0.3028701966542362, -0.29419472152907655, -1.1765269071105553, 11210.066428853457]
  #945 data/objects/space/3d/asteroid/angular_smooth_01/angular_smooth_01_00800_cluster_01.cgf
    [-0.60155878158848775, -0.12594435627076986, 0.11353565688389372, 5590.7227553739267]
    [0.093460516903417529, 0.10290537415844561, 0.60934465593471654, -14336.331704129527]
    [-0.14148306626823529, 0.60346814088201328, -0.080212460793111312, 7660.4233727695846]
  #946 data/objects/space/3d/asteroid/angular_smooth_01/angular_smooth_01_01300_cluster_01.cgf
    [-0.8341620213972698, 0.13937323185340178, 0.53361457657267308, 5068.2032574356799]
    [0.4287889645249921, -0.44460863170883236, 0.78642156668116603, -18624.34612071891]
    [0.34685650922201294, 0.88481295135322957, 0.3111146013249495, 9371.8499009827374]
  #947 data/objects/space/3d/asteroid/angular_smooth_01/angular_smooth_01_00800_cluster_01.cgf
    [0.34722524521703946, 0.044125065700968989, 0.35705298094071475, 4829.7360705135288]
    [-0.35539335739361477, -0.03509022770490873, 0.34994779750401428, -18816.688318375007]
    [0.055941166793870761, -0.4968107064408952, 0.0069950955131079622, 11141.516666845737]
  #948 data/objects/space/3d/asteroid/angular_smooth_01/angular_smooth_01_00800_cluster_01.cgf
    [-0.41708155676133363, 0.0030703942448218817, 0.27574058004385538, 5395.6144295543781]
    [0.21439421690587482, -0.31082753242969857, 0.32775094909882324, -18170.419804755784]
    [0.17342841336141307, 0.39163265639760447, 0.25796466361906401, 9598.0977248893996]
  #949 data/objects/space/3d/asteroid/angular_smooth_01/angular_smooth_01_02200_column_01.cgf
    [-0.57205603695520457, -0.14998052227552566, 0.34721438560709372, 4871.3646008863234]
    [0.29405805215132957, -0.57230557768647961, 0.23726837919401778, -18697.363143644281]
    [0.23786939399493362, 0.34680291916065353, 0.54170654667779095, 8988.7328827053425]
  #950 data/objects/space/3d/asteroid/angular_smooth_01/angular_smooth_01_00800_cluster_01.cgf
    [0.27151616219066232, 0.16424277494270983, 0.38639685199520246, 4538.7911366819644]
    [0.35749262965689599, 0.15087093776088986, -0.31533509567375662, -18764.822786014833]
    [-0.22017546660262008, 0.44750588119230139, -0.03550342079364241, 8277.5833185024039]
  #951 data/objects/space/3d/asteroid/angular_smooth_01/angular_smooth_01_00800_cluster_01.cgf
    [0.17268187485179537, 0.068001200238366422, 0.46428023110913208, 6716.8721084231283]
    [0.4670944669911935, -0.072097393974734039, -0.16316878017317979, -20128.424247706138]
    [0.044755504005880069, 0.49007869641837343, -0.088425914261522159, 11032.571320934894]
  #952 data/objects/space/3d/asteroid/angular_smooth_01/angular_smooth_01_01300_cluster_01.cgf
    [-0.30304028992802023, 0.052530358861995294, -0.9515282502472282, 18831.327232905332]
    [0.61978767339861662, -0.7475983241429649, -0.23866053838483781, -27701.268820215766]
    [-0.72389825909712746, -0.66206961422258359, 0.19399485390001461, 8177.2902124628581]
  #953 data/objects/space/3d/asteroid/angular_smooth_01/angular_smooth_01_02200_column_01.cgf
    [-0.3581761084593989, 1.1445656173481138, -0.040966424613363882, 17622.884806463411]
    [-0.4751615066146766, -0.18755967406503815, -1.0858368829287746, -23127.507542805728]
    [-1.0420797680565255, -0.30787942653145595, 0.50919430550440203, 7149.1086737910346]
  #954 data/objects/space/3d/asteroid/angular_smooth_01/angular_smooth_01_02200_column_01.cgf
    [0.40174397928524697, 0.063386937732551135, -1.1289759998642415, 18423.864735186202]
    [-1.1072083989919295, 0.26527872115275852, -0.37910380945303623, -27166.244323588562]
    [0.22955233247846152, 1.1685941268314528, 0.14729708220209661, 7210.0814274828554]
  #955 data/objects/space/3d/asteroid/angular_smooth_01/angular_smooth_01_00900_cluster_01.cgf
    [-0.67190084955692697, -0.7130055397702777, -0.20043705168800918, 17145.135819636409]
    [-0.33133610933594243, 0.047331919587800399, 0.9423262360276623, -38336.987573841114]
    [-0.66239587414370804, 0.69956089993140413, -0.26804648155192012, 758.82103358124505]
  #956 data/objects/space/3d/asteroid/angular_smooth_01/angular_smooth_01_00800_cluster_01.cgf
    [-0.36168196826723809, 0.64405756156336758, 0.67406996979830969, 32587.442002547919]
    [-0.27229590089927674, -0.76446822336575082, 0.58432661310090284, 5391.0817375149472]
    [0.8916475812473762, 0.027793988874752942, 0.45186989056435495, 3018.1714901094419]
  #957 data/objects/space/3d/asteroid/angular_smooth_01/angular_smooth_01_00900_cluster_01.cgf
    [-0.58310306074104246, -0.71846759424376117, -0.37920063105739243, 2396.9992611492025]
    [0.73698944844952541, -0.66420821963498899, 0.12518776242787019, -369.41519629957338]
    [-0.34181187142462854, -0.20646970482183258, 0.91680580689821822, 1724.7367409725264]
  #958 data/objects/space/3d/asteroid/angular_smooth_01/angular_smooth_01_00900_cluster_01.cgf
    [-0.80067788164008002, -0.22999184310182053, 0.55318878543898253, 10300.186701433007]
    [-0.22918639209775873, -0.73554661502496543, -0.63752954847520815, -30743.111905666752]
    [0.55352296962821823, -0.63723942094664698, 0.5362251326280929, -7297.4528186580019]
  #959 data/objects/space/3d/asteroid/angular_smooth_01/angular_smooth_01_00900_cluster_01.cgf
    [-0.34008990955077067, 0.38957615057915385, -0.85590118579314522, 16498.137538881583]
    [0.8360647958815377, -0.29140022702976021, -0.46484312224125895, -13295.297092259607]
    [-0.43050211849623499, -0.87367836994363546, -0.22660890402480008, -7292.7816200368861]
  #960 data/objects/space/3d/asteroid/angular_smooth_01/angular_smooth_01_00900_cluster_01.cgf
    [0.56978307635824155, -0.44733986601792203, -0.68937198602283978, 15012.836475782822]
    [0.35889581834911821, 0.89008970968802315, -0.28095114384048298, -13273.148175384313]
    [0.73928376312044308, -0.0873315402636788, 0.66770664562210125, -6158.0144469654097]
  #961 data/objects/space/3d/asteroid/angular_smooth_01/angular_smooth_01_01400_01.cgf
    [-0.96286641459544786, 0.26044199741761487, -0.071101787698447549, 18706.487200528445]
    [0.2264797758517858, 0.63588220300377984, -0.737806184320699, -16640.6270056625]
    [-0.1469435584260734, -0.72651291831107001, -0.6712553916006192, -5763.1192656062258]
  #962 data/objects/space/3d/asteroid/angular_smooth_01/angular_smooth_01_02200_column_01.cgf
    [0.99337374475825591, -0.0065077829459999235, -0.11474457358521557, 19482.166858728877]
    [0.047224040630069145, 0.9333314334774524, 0.35589660078547986, -32111.027865803779]
    [0.10477861610412106, -0.35895702977545574, 0.92745423475406785, 470.1173798562063]
  #963 data/objects/space/3d/asteroid/angular_smooth_01/angular_smooth_01_01300_cluster_01.cgf
    [0.62774915871068726, 0.58547949060831916, -0.51297679689721232, 19382.848754282913]
    [0.44250211321020255, 0.27376066586460956, 0.85395984212944509, -33070.016632337443]
    [0.6404087037840801, -0.76306572340936984, -0.087222865208645764, -1552.2283102691104]
  #964 data/objects/space/3d/asteroid/angular_smooth_01/angular_smooth_01_00900_cluster_01.cgf
    [0.46286644904629942, -0.14092999931987629, -0.12606861988713913, 3422.3101436432689]
    [-0.13874680874351103, -0.026649587333159353, -0.47962384619589415, -5197.8521144630595]
    [0.12846744603999832, 0.47898689550753981, -0.063777586355146243, 2944.5770595648291]
  #965 data/objects/space/3d/asteroid/angular_smooth_01/angular_smooth_01_00800_cluster_01.cgf
    [0.0027124504288729497, 0.24334448770825526, -0.43677928883351452, 3893.6456022754001]
    [-0.33944972549743907, 0.32159396866458179, 0.17706283465908434, -5536.1716846053423]
    [0.36710566695655505, 0.29556864491993023, 0.16695103973264755, 2524.1165781084696]
  #966 data/objects/space/3d/asteroid/angular_smooth_01/angular_smooth_01_00800_cluster_01.cgf
    [0.091802309415240757, -0.43586658578284637, -1.1679401753418164, 1647.7921343666731]
    [-1.2255509747055873, 0.18284870028754083, -0.16456840217606317, -18028.853562127559]
    [0.2282295821703528, 1.1571854950674942, -0.41391374176413198, 110.9442762694307]
  #967 data/objects/space/3d/asteroid/angular_smooth_01/angular_smooth_01_02200_column_01.cgf
    [0.091801472574760942, -1.2462131592510399, 0.031877796795056833, 893.72816529823058]
    [-1.2255507617116916, -0.096072303721589453, -0.22646497634596463, -18166.689446715187]
    [0.22822962710142836, -0.014622474244402571, -1.2288972142315135, 1126.6883356500794]
  #968 data/objects/space/3d/asteroid/angular_smooth_01/angular_smooth_01_03900_column_01.cgf
    [0.11837135126484821, -0.46583839987701886, 0.63951762819148605, 23507.864176113882]
    [-0.75439677167139652, 0.12845597901880251, 0.23320497574881843, -26631.374667054151]
    [-0.23848212188635842, -0.63756853358854748, -0.42027685028590445, -5974.2215585939339]
  #969 data/objects/space/3d/asteroid/angular_smooth_01/angular_smooth_01_01300_cluster_01.cgf
    [0.19357624297060216, -0.95078695602412555, -0.2419186783412855, 22900.841600753432]
    [0.97835337263296995, 0.16870181991361552, 0.11981910838492021, -14208.787029143783]
    [-0.073110607532078598, -0.25987709543328746, 0.96286602331481119, -6302.2969061851318]
  #970 data/objects/space/3d/asteroid/angular_smooth_01/angular_smooth_01_01400_01.cgf
    [0.83083160355481422, 0.18360470778560378, -0.52536277659207142, 22411.87020801548]
    [-0.43518230077886849, 0.80275911661405475, -0.40766659784297338, -14315.996604683276]
    [0.34689061797399212, 0.56733147382021498, 0.74685995152346751, -5805.981257366554]
  #971 data/objects/space/3d/asteroid/angular_smooth_01/angular_smooth_01_01300_cluster_01.cgf
    [0.24021043403906028, -0.96638075200573237, 0.091687599316470567, 18561.603483703006]
    [-0.80113089401623239, -0.25069603288965642, -0.54345212860283931, -2117.2894743446395]
    [0.54816755136393724, 0.057089119655498517, -0.83441751802406572, -4981.8763797894417]
  #972 data/objects/space/3d/asteroid/angular_smooth_01/angular_smooth_01_02200_column_01.cgf
    [0.95135222346452619, -0.12195696147251288, -0.28293964986044118, 16339.497092943064]
    [0.28200755192275345, -0.025201362295830018, 0.95908082610519563, -9185.5908739324987]
    [-0.12409708527315429, -0.99221509255427132, 0.010417415220732251, 19124.177229886121]
  #973 data/objects/space/3d/asteroid/angular_smooth_01/angular_smooth_01_00900_cluster_01.cgf
    [-0.65579834068270815, 0.14928466724921405, -0.7400288326088531, 9414.4382835074903]
    [0.023345113615038188, -0.97577461733751014, -0.21752919445550378, -5868.9261336499512]
    [-0.75457510602883759, -0.15993133806246629, 0.63642629194388367, -4960.6738636551081]
  #974 data/objects/space/3d/asteroid/angular_smooth_01/angular_smooth_01_00800_cluster_01.cgf
    [0.64697988279583074, 0.48424691415813137, -0.58899732159817786, 7716.1858174527933]
    [-0.37882012598448245, 0.87450691546615844, 0.30286771768376525, -10202.485292817584]
    [0.66174634934436993, 0.027174774961338723, 0.74923239932560748, -3453.3596281347254]
  #975 data/objects/space/3d/asteroid/angular_smooth_01/angular_smooth_01_02200_column_01.cgf
    [0.53422704801174759, -0.7092193419120022, 0.46000965262000004, 7384.4344289188393]
    [0.63959191834752926, -0.016701774243355262, -0.7685328379416615, -5604.9571773957705]
    [0.55274147069872925, 0.70478966370687013, 0.44468853231759364, 1373.1177919095535]
  #976 data/objects/space/3d/asteroid/angular_smooth_01/angular_smooth_01_00800_cluster_01.cgf
    [0.1600194223618823, -0.025717669781358348, -0.47300355568923635, 4659.79586332286]
    [0.083303140904221973, 0.49300980712156978, 0.0013764316611778943, -4960.7883639559213]
    [0.4663200070221466, -0.079245878818040502, 0.1620670216543007, 2901.6243436961163]
  #977 data/objects/space/3d/asteroid/angular_smooth_01/angular_smooth_01_01300_cluster_01.cgf
    [-0.52518166403099409, 0.35418656412666977, 0.77377768362313482, -2300.7163768079326]
    [-0.58173527304311812, -0.8130596089292681, -0.022670477291797948, -24586.702712771825]
    [0.62109910479607711, -0.46204085991969757, 0.63304814343111515, 6586.812266036668]
  #978 data/objects/space/3d/asteroid/angular_smooth_01/angular_smooth_01_01400_01.cgf
    [-0.12268818557645249, -0.012688610656363387, 0.99236435784293586, -1612.9151848643316]
    [0.94230703892814127, -0.31529158324604872, 0.11246809484530115, -24721.160670016943]
    [0.31145700175769003, 0.94891023133448427, 0.050639109019602196, 6662.7618663787653]
  #979 data/objects/space/3d/asteroid/angular_smooth_01/angular_smooth_01_00800_cluster_01.cgf
    [1.2181535725482069, 0.27941213895969691, 0.022943855214271745, 2580.8550280586428]
    [0.18093522312159191, -0.70539844909989136, -1.0159582487698462, -21681.202933398639]
    [-0.2141495013397561, 0.99339698751884697, -0.72787231467235991, 6775.2248671806046]
  #980 data/objects/space/3d/asteroid/angular_smooth_01/angular_smooth_01_01700_column_01.cgf
    [-0.19656574340363142, -0.45970881972661998, -0.0053663520983247923, 3313.7839977037279]
    [0.43328229430906112, -0.18328951368109794, -0.1693236420643324, -21441.962783381223]
    [0.15371223148325339, -0.071216875733298435, 0.47042512119606672, 8048.4832301335482]
  #981 data/objects/space/3d/asteroid/angular_smooth_01/angular_smooth_01_00800_cluster_01.cgf
    [-0.45511079225968137, -0.19480118385932124, 0.070185532687269764, 3212.0798961843893]
    [0.10577355114204073, -0.073024672276422162, 0.48319633336827689, -21382.40197184094]
    [-0.17800411823997497, 0.45466387526254143, 0.10767840026523867, 7679.1955882272059]
