# IncludedObjects
# Cgfs: 96, Materials: 10, Palettes: 8, Placements: 1729

[CGFs]
      0: objects/buildingsets/citysets/hightech/background/plates/habitation_plate_medium_a.cgf
      1: objects/buildingsets/citysets/hightech/background/plates/habitation_plate_large_b_start_a.cgf
      2: objects/buildingsets/citysets/hightech/background/plates/building_hab_100m_001_a_roads_b.cgf
      3: objects/buildingsets/citysets/hightech/background/plates/habitation_plate_large_a_end.cgf
      4: objects/buildingsets/human/hightech/prop/light/light_attachment_1_150_a.cgf
      5: objects/buildingsets/human/lowtech/prop/light/light_landing_1_a.cgf
      6: objects/buildingsets/citysets/hightech/background/plates/habitation_plate_large_b_end_a.cgf
      7: objects/buildingsets/citysets/hightech/background/plates/habitation_plate_large_a_end_understructure.cgf
      8: objects/buildingsets/citysets/hightech/background/plates/brand_prestige_class_platform.cgf
      9: objects/buildingsets/citysets/hightech/background/plates/habitation_addon_plate_a.cgf
     10: objects/buildingsets/citysets/hightech/background/plates/habitation_plate_large_a_start_b.cgf
     11: objects/buildingsets/citysets/hightech/background/addon/addon_underside_medium_a.cgf
     12: objects/buildingsets/citysets/hightech/background/plates/habitation_addon_plate_c.cgf
     13: objects/buildingsets/citysets/hightech/background/addon/addon_underside_arm_a.cgf
     14: objects/buildingsets/human/hightech/loc/stanton/orison/spaceport/ext/orison_sp_ext_spire_001.cgf
     15: objects/buildingsets/citysets/hightech/background/addon/addon_underside_small_a.cgf
     16: objects/buildingsets/citysets/hightech/addon/large/ht_lrg_addon_arm_002_b.cgf
     17: objects/buildingsets/citysets/hightech/addon/medium/ht_med_addon_panel_06_a.cgf
     18: objects/buildingsets/citysets/hightech/addon/small/ht_sml_addon_vent_005_a.cgf
     19: objects/buildingsets/citysets/hightech/addon/small/ht_sml_addon_tank_006_a.cgf
     20: objects/buildingsets/citysets/hightech/addon/small/ht_sml_addon_antenna_003_a.cgf
     21: objects/buildingsets/citysets/hightech/background/buildings/building_125m_001_b.cgf
     22: objects/buildingsets/citysets/hightech/buildings/hab_platforms/ht_entrance_large_001_plinth.cgf
     23: objects/buildingsets/citysets/hightech/background/buildings/building_100m_001_a.cgf
     24: objects/buildingsets/citysets/hightech/background/buildings/building_250m_001_b.cgf
     25: objects/buildingsets/human/brand/decal/logo/primary_logo_large.cgf
     26: objects/buildingsets/human/brand/decal/logo/primary_logo_txt_lrg.cgf
     27: objects/buildingsets/citysets/hightech/background/buildings/building_300m_001_b.cgf
     28: objects/buildingsets/citysets/hightech/background/buildings/building_50m_001_a.cgf
     29: objects/buildingsets/citysets/hightech/addon/small/ht_sml_addon_vent_006_a.cgf
     30: objects/buildingsets/citysets/hightech/background/shipyard_platforms/shipyard_addons/shipyard_addon_07_a.cgf
     31: objects/buildingsets/citysets/hightech/background/shipyard_platforms/shipyard_addons/shipyard_addon_04_a.cgf
     32: objects/buildingsets/citysets/hightech/addon/small/ht_sml_addon_antenna_002_a.cgf
     33: objects/buildingsets/citysets/hightech/addon/medium/ht_med_addon_tank_002_a.cgf
     34: objects/buildingsets/citysets/hightech/background/buildings/building_100m_001_b.cgf
     35: objects/buildingsets/citysets/hightech/background/buildings/building_100m_001_b_entrance_cap.cgf
     36: objects/buildingsets/human/hightech/loc/stanton/orison/base/base_08x04x01_bridge_stairs.cgf
     37: objects/buildingsets/citysets/hightech/background/plates/habitation_plate_grass_slope_a_mirrored.cgf
     38: objects/buildingsets/citysets/hightech/background/plates/habitation_plate_bridge_a.cgf
     39: objects/buildingsets/citysets/hightech/background/plates/habitation_plate_grass_slope_a.cgf
     40: objects/planets/flora/tree/apaaj_01/apaaj_01_med_b.cgf
     41: objects/buildingsets/citysets/hightech/addon/medium/ht_med_addon_vent_003_a.cgf
     42: objects/buildingsets/citysets/hightech/addon/large/ht_lrg_addon_arm_002_planter_b.cgf
     43: objects/buildingsets/citysets/hightech/background/plates/habitation_plate_window_b.cgf
     44: objects/buildingsets/citysets/hightech/rooftop/ht_rooftop_pad_shell_large_b.cgf
     45: objects/buildingsets/citysets/hightech/background/plates/habitation_plate_medium_a_roads_b.cgf
     46: objects/buildingsets/citysets/hightech/background/plates/habitation_plate_large_b_start_a_road_b.cgf
     47: objects/buildingsets/citysets/hightech/rooftop/ht_rooftop_pad_shell_med_a.cgf
     48: objects/buildingsets/citysets/hightech/background/plates/habitation_addon_plate_a_roads_a.cgf
     49: objects/planets/flora/tree/apaaj_01/apaaj_01_large_c.cgf
     50: objects/buildingsets/citysets/hightech/background/plates/habitation_plate_large_b_end_a_roads_c.cgf
     51: objects/buildingsets/citysets/hightech/rooftop/hangar_pad_large_a.cgf
     52: objects/buildingsets/citysets/hightech/background/plates/habitation_addon_plate_c_roads.cgf
     53: objects/buildingsets/citysets/hightech/rooftop/hangar_pad_medium_a.cgf
     54: objects/buildingsets/citysets/hightech/background/plates/habitation_plate_thruster_a.cgf
     55: objects/buildingsets/citysets/hightech/background/plates/habitation_plate_window_a.cgf
     56: objects/buildingsets/human/hightech/prop/flag/flag_base_2_pole_a.cgf
     57: objects/buildingsets/citysets/hightech/background/plates/habitation_plate_large_a_roads_c.cgf
     58: objects/buildingsets/human/hightech/prop/flag/flag_base_1_a.cgf
     59: objects/buildingsets/human/hightech/loc/stanton/orison/base/base_08x08x04_canopy_cap_002.cgf
     60: objects/buildingsets/human/hightech/loc/stanton/orison/base/base_08x08x04_canopy_corner_001.cgf
     61: objects/planets/flora/tree/cypress_01/cypress_01_a_mega_wind.cgf
     62: objects/buildingsets/human/hightech/prop/structure/structure_post_2_a.cgf
     63: objects/buildingsets/human/hightech/prop/light/light_street_3_a.cgf
     64: objects/planets/flora/tree/cypress_01/cypress_01_a_subtle_wind.cgf
     65: objects/planets/flora/grass/cypress_debris_01/cypress_debris_01.cgf
     66: objects/buildingsets/human/hightech/prop/utility/waste/waste_recycle_2_a.cgf
     67: objects/planets/flora/grass/cotton_grass_01/cotton_grass_01_a.cgf
     68: objects/planets/flora/tree/apaaj_01/apaaj_01_leafpile_c.cgf
     69: objects/buildingsets/human/hightech/loc/stanton/orison/organics/rock/rock_sharp_a.cgf
     70: objects/planets/flora/grass/rosemary_01/rosemary_01_dense_b.cgf
     71: objects/buildingsets/human/hightech/loc/stanton/orison/planter/planter_08x04x02_bridge_junction_001_a.cgf
     72: objects/buildingsets/human/hightech/prop/light/lamp/lamp_planter_1_large_b.cgf
     73: objects/planets/flora/tree/apaaj_01/apaaj_01_small_e.cgf
     74: objects/buildingsets/human/hightech/prop/light/lamp/lamp_planter_1_d.cgf
     75: objects/planets/flora/flower/daisy_01/daisy_01_a.cgf
     76: objects/buildingsets/human/hightech/loc/stanton/orison/planter/planter_04x04x02_cap_001_a.cgf
     77: objects/buildingsets/human/hightech/loc/stanton/orison/planter/planter_08x06x02_straight_001_a.cgf
     78: objects/planets/flora/tree/apaaj_01/apaaj_01_small_d.cgf
     79: objects/buildingsets/human/hightech/loc/stanton/orison/flag/flag_pole_a.cgf
     80: objects/buildingsets/human/brand/decal/logo/secondary_logo_txt_lrg.cgf
     81: objects/buildingsets/human/hightech/loc/stanton/orison/flag/flag_base_b.cgf
     82: objects/buildingsets/human/hightech/prop/light/lamp/lamp_planter_1_f.cgf
     83: objects/buildingsets/citysets/hightech/addon/large/ht_lrg_addon_banner_001_a.cgf
     84: objects/planets/flora/tree/apaaj_01/apaaj_01_leafpile_d.cgf
     85: objects/buildingsets/human/hightech/loc/stanton/orison/planter/planter_06x06x02_cap_001_a.cgf
     86: objects/buildingsets/human/hightech/loc/stanton/orison/planter/planter_06x06x02_cap_002_a.cgf
     87: objects/planets/flora/tree/apaaj_01/apaaj_01_small_b.cgf
     88: objects/planets/flora/tree/apaaj_01/apaaj_01_med_c.cgf
     89: objects/buildingsets/human/hightech/loc/stanton/orison/planter/planter_04x04x02_cap_002_a.cgf
     90: objects/buildingsets/citysets/hightech/addon/large/ht_lrg_addon_banner_001_b.cgf
     91: objects/buildingsets/human/lowtech/prop/light/light_landing_3_a.cgf
     92: objects/buildingsets/human/lowtech/prop/light/light_landing_1_b.cgf
     93: objects/buildingsets/human/hightech/prop/light/light_attachment_5_a.cgf
     94: objects/buildingsets/human/hightech/prop/light/light_street_2_a.cgf
     95: objects/buildingsets/human/hightech/delta/int/garage/garage_addon_light_a.cgf

[Materials]
      0: materials/decals/dirty_rust/dirty_rust_d
      1: materials/decals/dirt_bright_1
      2: materials/decals/erosion/erosion_a
      3: materials/decals/dirty_rust/dirty_rust_b
      4: objects/buildingsets/human/brand/crusader/crusader_brand_a
      5: objects/buildingsets/human/hightech/hightech_a_default
      6: materials/decals/sand/fs_sand_square_c
      7: materials/pu/decal/organic/flower/cherry_blossom_petals_large_01
      8: objects/buildingsets/human/brand/crusader/crusader_brand_b
      9: materials/pu/decal/organic/flower/cherry_blossom_petals_large_02

[Palettes]
      0: Libs/Foundry/Records/TintPalettes/generic/gen_white_lightteal_blue
      1: Libs/Foundry/Records/TintPalettes/default
      2: Libs/Foundry/Records/TintPalettes/Generic/gen_white_lightgrey_darkgrey
      3: Libs/Foundry/Records/TintPalettes/Generic/gen_glossy_dark_a<213>
      4: Libs/Foundry/Records/TintPalettes/Generic/gen_beige_darkgrey_green
      5: Libs/Foundry/Records/TintPalettes/Generic/gen_grey_darkblue_darkorange
      6: Libs/Foundry/Records/TintPalettes/brand/microtech/microtech_default
      7: Libs/Foundry/Records/TintPalettes/generic/gen_white_lightgreen_darkgreen

[Placements]
  #0 objects/buildingsets/citysets/hightech/background/plates/habitation_plate_medium_a.cgf
    [-0.00000064012100026, 1.00000042674731060, 0.00000000000000000, -97.50000000000000000]
    [-1.00000042674731060, -0.00000064012100026, -0.00000000000000000, 97.75000000000000000]
    [-0.00000000000000000, 0.00000000000000000, 1.00000042674751533, 148.75000000000000000]
  #1 objects/buildingsets/citysets/hightech/background/plates/habitation_plate_large_b_start_a.cgf
    [-0.00000064012100026, 1.00000042674731060, 0.00000000000000000, 0.10551699999996345]
    [-1.00000042674731060, -0.00000064012100026, -0.00000000000000000, -38.90174200000001292]
    [-0.00000000000000000, 0.00000000000000000, 1.00000042674751533, 79.75000000000000000]
  #2 objects/buildingsets/citysets/hightech/background/plates/building_hab_100m_001_a_roads_b.cgf
    [-0.00000064012100026, 1.00000042674731060, 0.00000000000000000, -232.65376599999990503]
    [-1.00000042674731060, -0.00000064012100026, -0.00000000000000000, 38.25000000000000000]
    [-0.00000000000000000, 0.00000000000000000, 1.00000042674751533, 83.29924800060689449]
  #3 objects/buildingsets/citysets/hightech/background/plates/habitation_plate_large_a_end.cgf
    [1.00000000000000000, 0.00000000000000000, 0.00000000000000000, -188.00000000000000000]
    [0.00000000000000000, 1.00000000000000000, 0.00000000000000000, 334.25000000000000000]
    [0.00000000000000000, 0.00000000000000000, 1.00000000000000000, 148.75000000000000000]
  #4 objects/buildingsets/human/hightech/prop/light/light_attachment_1_150_a.cgf
    [-0.00000128024261099, 2.00000180716934439, 0.00000000000000000, -1.75830799999994269]
    [-2.00000180716934439, -0.00000128024261099, -0.00000000000000000, 178.24995399999988877]
    [-0.00000000000000000, 0.00000000000000000, 2.00000180716975429, 87.69252499938011169]
  #5 objects/buildingsets/human/lowtech/prop/light/light_landing_1_a.cgf
    [-0.00000320060636493, 5.00000426747230886, 0.00000000000000000, -159.78999199999998382]
    [5.00000426747230886, 0.00000320060636493, 0.00000000000000000, 676.52458500000011554]
    [0.00000000000000000, 0.00000000000000000, -5.00000426747333293, 105.61182999983429909]
  #6 objects/buildingsets/human/lowtech/prop/light/light_landing_1_a.cgf
    [-0.00000320060499909, -0.00000000000000000, -5.00000213373655278, -1.55706800000007206]
    [0.00000000000000000, 5.00000213373757685, -0.00000000000000000, 839.26879699999972217]
    [5.00000213373655278, 0.00000000000000000, -0.00000320060499909, 10.30747300013899803]
  #7 objects/buildingsets/human/lowtech/prop/light/light_landing_1_a.cgf
    [-0.00000320060636493, 5.00000426747230886, 0.00000000000000000, -215.79505500000004758]
    [5.00000426747230886, 0.00000320060636493, 0.00000000000000000, 731.89213800000015908]
    [0.00000000000000000, 0.00000000000000000, -5.00000426747333293, 105.61182999983429909]
  #8 objects/buildingsets/human/lowtech/prop/light/light_landing_1_a.cgf
    [-0.00000320060499909, -0.00000000000000000, -5.00000213373655278, -188.59593600000016522]
    [0.00000000000000000, 5.00000213373757685, -0.00000000000000000, 696.62651199999982055]
    [5.00000213373655278, 0.00000000000000000, -0.00000320060499909, 12.71951399929821491]
  #9 objects/buildingsets/human/lowtech/prop/light/light_landing_1_a.cgf
    [-0.00000320060499909, -0.00000000000000000, -5.00000213373655278, -1.54618699999991804]
    [0.00000000000000000, 5.00000213373757685, -0.00000000000000000, 839.20735100000001694]
    [5.00000213373655278, 0.00000000000000000, -0.00000320060499909, -27.03145300038158894]
  #10 objects/buildingsets/human/lowtech/prop/light/light_landing_1_a.cgf
    [-0.00000320060499909, -0.00000000000000000, -5.00000213373655278, -188.95976199999995515]
    [0.00000000000000000, 5.00000213373757685, -0.00000000000000000, 713.47382500000003347]
    [5.00000213373655278, 0.00000000000000000, -0.00000320060499909, 80.32861299999058247]
  #11 objects/buildingsets/human/lowtech/prop/light/light_landing_1_a.cgf
    [-0.00000320060636493, 0.00000000000000000, 5.00000426747230886, 0.12097899999980655]
    [0.00000000000000000, -5.00000426747333293, 0.00000000000000000, 839.19132100000024366]
    [5.00000426747230886, 0.00000000000000000, 0.00000320060636493, -27.03375400044023991]
  #12 objects/buildingsets/human/lowtech/prop/light/light_landing_1_a.cgf
    [-0.00000320060636493, 0.00000000000000000, 5.00000426747230886, -187.68429000000014639]
    [0.00000000000000000, -5.00000426747333293, 0.00000000000000000, 696.62651199999982055]
    [5.00000426747230886, 0.00000000000000000, 0.00000320060636493, 12.78321000002324581]
  #13 objects/buildingsets/human/lowtech/prop/light/light_landing_1_a.cgf
    [-0.00000320060636493, 0.00000000000000000, 5.00000426747230886, -187.29886600000008912]
    [0.00000000000000000, -5.00000426747333293, 0.00000000000000000, 713.45988500000021304]
    [5.00000426747230886, 0.00000000000000000, 0.00000320060636493, 80.32631300017237663]
  #14 objects/buildingsets/human/lowtech/prop/light/light_landing_1_a.cgf
    [-0.00000320060636493, 5.00000426747230886, 0.00000000000000000, -216.71227499999986321]
    [5.00000426747230886, 0.00000320060636493, 0.00000000000000000, 676.29346799999984796]
    [0.00000000000000000, 0.00000000000000000, -5.00000426747333293, 105.61182999983429909]
  #15 objects/buildingsets/human/lowtech/prop/light/light_landing_1_a.cgf
    [-0.00000320060636493, 0.00000000000000000, 5.00000426747230886, 0.09210299999995186]
    [0.00000000000000000, -5.00000426747333293, 0.00000000000000000, 839.25485699999990175]
    [5.00000426747230886, 0.00000000000000000, 0.00000320060636493, 10.30517300032079220]
  #16 objects/buildingsets/citysets/hightech/background/plates/habitation_plate_large_b_end_a.cgf
    [-0.00000064012100026, 1.00000042674731060, 0.00000000000000000, 0.10551699999996345]
    [-1.00000042674731060, -0.00000064012100026, -0.00000000000000000, -38.90174200000001292]
    [-0.00000000000000000, 0.00000000000000000, 1.00000042674751533, 79.75000000000000000]
  #17 objects/buildingsets/citysets/hightech/background/plates/habitation_plate_large_a_end_understructure.cgf
    [1.04999995231628418, 0.00000000000000000, 0.00000000000000000, -0.44786299999987023]
    [0.00000000000000000, 1.04999995231628418, 0.00000000000000000, 717.61059699999987060]
    [0.00000000000000000, 0.00000000000000000, 1.04999995231628418, 82.74997299909591675]
  #18 objects/buildingsets/citysets/hightech/background/plates/brand_prestige_class_platform.cgf
    [0.00000002650171095, -0.66494607595456057, -0.98582371768425359, -23.86770200000000841]
    [-1.18911802873980466, -0.00000122545535014, 0.00000079461271851, -384.66779000000042288]
    [-0.00000146029032976, 0.98582371768349231, -0.66494607595408628, 56.20127899944782257]
  #19 objects/buildingsets/human/lowtech/prop/light/light_landing_1_a.cgf
    [-5.00000000000000000, 0.00000000000000000, 0.00000000000000000, 28.00479200000017954]
    [0.00000000000000000, 5.00000000000000000, 0.00000000000000000, 854.83631400000012945]
    [0.00000000000000000, 0.00000000000000000, -5.00000000000000000, 33.77802200056612492]
  #20 objects/buildingsets/citysets/hightech/background/plates/habitation_addon_plate_a.cgf
    [-0.00000064012100026, 1.00000042674731060, 0.00000000000000000, -304.00000000000000000]
    [-1.00000042674731060, -0.00000064012100026, -0.00000000000000000, 355.25000000000000000]
    [-0.00000000000000000, 0.00000000000000000, 1.00000042674751533, 137.25000000000000000]
  #21 objects/buildingsets/citysets/hightech/background/plates/habitation_plate_large_a_start_b.cgf
    [1.00000000000000000, 0.00000000000000000, 0.00000000000000000, -188.00000000000000000]
    [0.00000000000000000, 1.00000000000000000, 0.00000000000000000, 334.25000000000000000]
    [0.00000000000000000, 0.00000000000000000, 1.00000000000000000, 148.75000000000000000]
  #22 objects/buildingsets/human/lowtech/prop/light/light_landing_1_a.cgf
    [-0.00000320060636493, 5.00000426747230886, 0.00000000000000000, -159.56142099999988204]
    [5.00000426747230886, 0.00000320060636493, 0.00000000000000000, 732.73013600000012957]
    [0.00000000000000000, 0.00000000000000000, -5.00000426747333293, 105.61182999983429909]
  #23 objects/buildingsets/human/lowtech/prop/light/light_landing_1_a.cgf
    [-0.00000320060636493, 0.00000000000000000, 5.00000426747230886, -187.27059199999985140]
    [0.00000000000000000, -5.00000426747333293, 0.00000000000000000, 713.39634899999964546]
    [5.00000426747230886, 0.00000000000000000, 0.00000320060636493, 42.98738599941134453]
  #24 objects/buildingsets/citysets/hightech/background/addon/addon_underside_medium_a.cgf
    [1.00000000000000000, 0.00000000000000000, 0.00000000000000000, -169.00000000000000000]
    [0.00000000000000000, 1.00000000000000000, 0.00000000000000000, 222.75000000000000000]
    [0.00000000000000000, 0.00000000000000000, 1.00000000000000000, 27.45750300027430058]
  #25 objects/buildingsets/human/lowtech/prop/light/light_landing_1_a.cgf
    [-0.00000320060499909, -0.00000000000000000, -5.00000213373655278, -188.93067599999994854]
    [0.00000000000000000, 5.00000213373757685, -0.00000000000000000, 713.41237900000032823]
    [5.00000213373655278, 0.00000000000000000, -0.00000320060499909, 42.98968699946999550]
  #26 objects/buildingsets/human/lowtech/prop/light/light_landing_1_a.cgf
    [-5.00000000000000000, 0.00000000000000000, 0.00000000000000000, 27.41536700000006022]
    [0.00000000000000000, 5.00000000000000000, 0.00000000000000000, 805.20827000000008411]
    [0.00000000000000000, 0.00000000000000000, -5.00000000000000000, 33.77802200056612492]
  #27 objects/buildingsets/human/lowtech/prop/light/light_landing_1_a.cgf
    [-5.00000000000000000, 0.00000000000000000, 0.00000000000000000, -28.99427199999990989]
    [0.00000000000000000, 5.00000000000000000, 0.00000000000000000, 803.94435400000020309]
    [0.00000000000000000, 0.00000000000000000, -5.00000000000000000, 33.77802200056612492]
  #28 objects/buildingsets/citysets/hightech/background/plates/habitation_addon_plate_c.cgf
    [-0.00000064012100026, 1.00000042674731060, 0.00000000000000000, 36.16361599999981991]
    [-1.00000042674731060, -0.00000064012100026, -0.00000000000000000, 585.36305400000037480]
    [-0.00000000000000000, 0.00000000000000000, 1.00000042674751533, 128.25000000000000000]
  #29 objects/buildingsets/citysets/hightech/background/plates/habitation_plate_large_a_end_understructure.cgf
    [1.00000000000000000, 0.00000000000000000, 0.00000000000000000, -187.84192299999995157]
    [0.00000000000000000, 1.00000000000000000, 0.00000000000000000, 605.97165200000017649]
    [0.00000000000000000, 0.00000000000000000, 1.00000000000000000, 152.39518399909138680]
  #30 objects/buildingsets/citysets/hightech/background/plates/brand_prestige_class_platform.cgf
    [0.00000157940196824, 0.66494607595436528, 0.98582371768396382, 69.81554899999991903]
    [1.18911802873945516, 0.00000032744654246, -0.00000212596797065, 790.02600700000039069]
    [-0.00000146029122887, 0.98582371768517463, -0.66494607595284227, 53.09130099974572659]
  #31 objects/buildingsets/citysets/hightech/background/plates/brand_prestige_class_platform.cgf
    [0.00000132928381807, 0.55964350838573074, 0.82970614304727608, -133.08174199999984921]
    [1.00080624512797955, 0.00000027559126741, -0.00000178929422508, 683.40193600000020524]
    [-0.00000122903576105, 0.82970614304829504, -0.55964350838444876, 123.54324699938297272]
  #32 objects/buildingsets/citysets/hightech/background/plates/brand_prestige_class_platform.cgf
    [0.00000157940196824, 0.66494607595436528, 0.98582371768396382, 24.08172199999989971]
    [1.18911802873945516, 0.00000032744654246, -0.00000212596797065, -384.66779000000042288]
    [-0.00000146029122887, 0.98582371768517463, -0.66494607595284227, 56.20127899944782257]
  #33 objects/buildingsets/citysets/hightech/background/plates/brand_prestige_class_platform.cgf
    [0.00000002650171095, -0.66494607595456057, -0.98582371768425359, -243.56039300000020376]
    [-1.18911802873980466, -0.00000122545535014, 0.00000079461271851, 688.31703300000026502]
    [-0.00000146029032976, 0.98582371768349231, -0.66494607595408628, 123.75468399934470654]
  #34 objects/buildingsets/citysets/hightech/background/addon/addon_underside_arm_a.cgf
    [-1.00000000000000000, 0.00000000000000000, 0.00000000000000000, -0.33930700000018987]
    [0.00000000000000000, -1.00000000000000000, 0.00000000000000000, 198.23409900000024209]
    [0.00000000000000000, 0.00000000000000000, 1.00000000000000000, 22.92091399990022182]
  #35 objects/buildingsets/human/hightech/loc/stanton/orison/spaceport/ext/orison_sp_ext_spire_001.cgf
    [-0.00000064012100026, -1.00000042674731060, 0.00000000000000000, -0.33930700000018987]
    [1.00000042674731060, -0.00000064012100026, 0.00000000000000000, 142.78402399999959016]
    [0.00000000000000000, 0.00000000000000000, 1.00000042674751533, -87.17696199938654900]
  #36 objects/buildingsets/human/lowtech/prop/light/light_landing_1_a.cgf
    [-0.00000320060636493, 0.00000000000000000, 5.00000426747230886, -0.26051999999981490]
    [0.00000000000000000, -5.00000426747333293, 0.00000000000000000, 822.42148400000041875]
    [5.00000426747230886, 0.00000000000000000, 0.00000320060636493, -56.89918600022792816]
  #37 objects/buildingsets/human/lowtech/prop/light/light_landing_1_a.cgf
    [-0.00000320060499909, -0.00000000000000000, -5.00000213373655278, -1.24393700000018725]
    [0.00000000000000000, 5.00000213373757685, -0.00000000000000000, 822.42148400000041875]
    [5.00000213373655278, 0.00000000000000000, -0.00000320060499909, -56.89918600022792816]
  #38 objects/buildingsets/human/lowtech/prop/light/light_landing_1_a.cgf
    [-5.00000000000000000, 0.00000000000000000, 0.00000000000000000, -29.46903999999994994]
    [0.00000000000000000, 5.00000000000000000, 0.00000000000000000, 855.19293699999980163]
    [0.00000000000000000, 0.00000000000000000, -5.00000000000000000, 33.75674900040030479]
  #39 objects/buildingsets/citysets/hightech/background/addon/addon_underside_small_a.cgf
    [-1.00000000000000000, 0.00000000000000000, 0.00000000000000000, 4.00000000000000000]
    [0.00000000000000000, -1.00000000000000000, 0.00000000000000000, 602.51173600000038277]
    [0.00000000000000000, 0.00000000000000000, 1.00000000000000000, 26.32856700010597706]
  #40 objects/buildingsets/citysets/hightech/addon/large/ht_lrg_addon_arm_002_b.cgf
    [-0.00000064012100026, -1.00000042674731060, 0.00000000000000000, 33.53813899999977366]
    [1.00000042674731060, -0.00000064012100026, 0.00000000000000000, 382.48573800000031042]
    [0.00000000000000000, 0.00000000000000000, 1.00000042674751533, 154.09211700037121773]
  #41 objects/buildingsets/citysets/hightech/background/addon/addon_underside_medium_a.cgf
    [-1.00000000000000000, 0.00000000000000000, 0.00000000000000000, -0.33930700000018987]
    [0.00000000000000000, -1.00000000000000000, 0.00000000000000000, 177.23409900000024209]
    [0.00000000000000000, 0.00000000000000000, 1.00000000000000000, 22.92091399990022182]
  #42 objects/buildingsets/citysets/hightech/addon/medium/ht_med_addon_panel_06_a.cgf
    [-0.00000119209325078, 0.00000000000000000, 1.00000119209254024, -101.85511179136119608]
    [-1.00000119209254024, 0.00000000000142109, -0.00000119209325078, -3.09258115136617562]
    [-0.00000000000142109, -1.00000119209325078, 0.00000000000000000, 30.72062800079584122]
  #43 objects/buildingsets/citysets/hightech/addon/medium/ht_med_addon_panel_06_a.cgf
    [-0.00000119209325078, 0.00000000000000000, -1.00000119209254024, -262.12845977529650554]
    [1.00000119209254024, 0.00000000000142109, -0.00000119209325078, 46.28942005332282861]
    [0.00000000000142109, -1.00000119209325078, 0.00000000000000000, 30.72062800079584122]
  #44 objects/buildingsets/citysets/hightech/addon/small/ht_sml_addon_vent_005_a.cgf
    [1.00000000000000000, 0.00000000000000000, 0.00000000000000000, -106.80869682664979337]
    [0.00000000000000000, 1.00000000000000000, 0.00000000000000000, 58.04530915517989342]
    [0.00000000000000000, 0.00000000000000000, 1.00000000000000000, 115.30212900042533875]
  #45 objects/buildingsets/citysets/hightech/addon/small/ht_sml_addon_tank_006_a.cgf
    [-0.00000064012100026, 1.00000042674731060, 0.00000000000000000, -262.26931636935569259]
    [-1.00000042674731060, -0.00000064012100026, -0.00000000000000000, 353.25687763984569756]
    [-0.00000000000000000, 0.00000000000000000, 1.00000042674751533, 72.87037399969995022]
  #46 objects/buildingsets/citysets/hightech/addon/small/ht_sml_addon_antenna_003_a.cgf
    [-0.00000064012127343, -1.00000085349446177, 0.00000000000000000, -258.26950968594337610]
    [-1.00000085349446177, 0.00000064012127299, 0.00000000000000000, 47.25667220228842780]
    [-0.00000000000000000, 0.00000000000000000, -1.00000085349466694, 27.87037499994039536]
  #47 objects/buildingsets/citysets/hightech/background/buildings/building_125m_001_b.cgf
    [-0.00000064012100026, 1.00000042674731060, 0.00000000000000000, -181.80855599999995320]
    [-1.00000042674731060, -0.00000064012100026, -0.00000000000000000, 353.04554600000028586]
    [-0.00000000000000000, 0.00000000000000000, 1.00000042674751533, 25.30212900042533875]
  #48 objects/buildingsets/citysets/hightech/buildings/hab_platforms/ht_entrance_large_001_plinth.cgf
    [0.00000138292692128, 1.00000042674637779, 0.00000000000000000, 16.00000000000000000]
    [-1.00000042674637779, 0.00000138292692128, -0.00000000000000000, 177.74992399999973713]
    [-0.00000000000000000, 0.00000000000000000, 1.00000042674733414, 80.50000000000000000]
  #49 objects/buildingsets/citysets/hightech/background/buildings/building_100m_001_a.cgf
    [-0.00000064012100026, -1.00000042674731060, 0.00000000000000000, -189.00797599999987142]
    [1.00000042674731060, -0.00000064012100026, 0.00000000000000000, 276.25000000000000000]
    [0.00000000000000000, 0.00000000000000000, 1.00000042674751533, 148.25036799907684326]
  #50 objects/buildingsets/citysets/hightech/buildings/hab_platforms/ht_entrance_large_001_plinth.cgf
    [1.00000000000000000, 0.00000000000000000, 0.00000000000000000, -189.00003040575393243]
    [0.00000000000000000, 1.00000000000000000, 0.00000000000000000, 585.24997759424604737]
    [0.00000000000000000, 0.00000000000000000, 1.00000000000000000, 149.75000000000000000]
  #51 objects/buildingsets/citysets/hightech/addon/small/ht_sml_addon_antenna_003_a.cgf
    [0.23941348136161630, 0.65778611230986805, 0.00000000000000000, 44.16364087297415608]
    [0.65778611230986805, -0.23941348136161614, 0.00000000000000000, 271.36296963103541202]
    [0.00000000000000000, 0.00000000000000000, -0.70000098900317220, 274.75000000000000000]
  #52 objects/buildingsets/citysets/hightech/background/buildings/building_250m_001_b.cgf
    [-0.00000064012100026, 1.00000042674731060, 0.00000000000000000, 36.16367799999989074]
    [-1.00000042674731060, -0.00000064012100026, -0.00000000000000000, 337.36301699999967241]
    [-0.00000000000000000, 0.00000000000000000, 1.00000042674751533, 79.75000000000000000]
  #53 objects/buildingsets/human/brand/decal/logo/primary_logo_large.cgf
    [-10.77732591201076850, 0.00000000000000000, 0.00000000000000000, -165.32860617185906449]
    [0.00000000000000000, -10.77732591201076850, 0.00000000000000000, -38.63241927049512014]
    [0.00000000000000000, 0.00000000000000000, 10.77732591201076850, 119.41602100059390068]
  #54 objects/buildingsets/citysets/hightech/addon/medium/ht_med_addon_panel_06_a.cgf
    [-0.00000119209325078, 0.00000000000000000, 1.00000119209254024, -101.85498198695313476]
    [-1.00000119209254024, 0.00000000000142109, -0.00000119209325078, 199.68855465304113750]
    [-0.00000000000142109, -1.00000119209325078, 0.00000000000000000, 30.72062800079584122]
  #55 objects/buildingsets/citysets/hightech/background/buildings/building_100m_001_a.cgf
    [-0.99999999999933320, 0.00000199999999495, 0.00000000000000000, 54.00000000000000000]
    [-0.00000199999999495, -0.99999999999933320, 0.00000000000000000, 177.75000000000000000]
    [0.00000000000000000, 0.00000000000000000, 1.00000000000133338, 79.25000000000000000]
  #56 objects/buildingsets/human/brand/decal/logo/primary_logo_txt_lrg.cgf
    [-12.03837877648424204, 0.00000000000000000, 0.00000000000000000, -165.80155743837121918]
    [0.00000000000000000, -12.03837877648424204, 0.00000000000000000, -10.45610093149207387]
    [0.00000000000000000, 0.00000000000000000, 12.03837877648424204, 119.41602100059390068]
  #57 objects/buildingsets/citysets/hightech/buildings/hab_platforms/ht_entrance_large_001_plinth.cgf
    [1.00000000000000000, 0.00000000000000000, 0.00000000000000000, 36.16363511188365010]
    [0.00000000000000000, 1.00000000000000000, 0.00000000000000000, 270.36297411188388651]
    [0.00000000000000000, 0.00000000000000000, 1.00000000000000000, 80.75000000000000000]
  #58 objects/buildingsets/citysets/hightech/background/buildings/building_300m_001_b.cgf
    [-1.00000202655792236, 0.00000000000000000, 0.00000000000000000, 67.90173000000004322]
    [0.00000000000000000, -1.00000202655792236, 0.00000000000000000, 13.34535500000038155]
    [0.00000000000000000, 0.00000000000000000, 1.00000202655792236, 80.75000000000000000]
  #59 objects/buildingsets/citysets/hightech/background/buildings/building_50m_001_a.cgf
    [-0.00000064012100026, 1.00000042674731060, 0.00000000000000000, -189.00000000000000000]
    [-1.00000042674731060, -0.00000064012100026, -0.00000000000000000, 632.75000799999997980]
    [-0.00000000000000000, 0.00000000000000000, 1.00000042674751533, 148.75000000000000000]
  #60 objects/buildingsets/citysets/hightech/addon/small/ht_sml_addon_vent_006_a.cgf
    [-0.23939178860916216, -0.65528858699867787, -0.05732879078805761, 59.41366663784992852]
    [-0.65779154942864981, 0.23848068889232782, 0.02086598866901352, 296.36297587221633876]
    [-0.00000204959065024, 0.06100803006289793, -0.69733504947125813, 275.25000000000000000]
  #61 objects/buildingsets/citysets/hightech/background/shipyard_platforms/shipyard_addons/shipyard_addon_07_a.cgf
    [0.51674232880252380, 0.00000000000000000, 0.00000000000000000, -234.63178614261141774]
    [0.00000000000000000, 0.51674232880252380, 0.00000000000000000, 13.53227048359894980]
    [0.00000000000000000, 0.00000000000000000, 0.51674232880252380, 115.40889500081539154]
  #62 objects/buildingsets/citysets/hightech/buildings/hab_platforms/ht_entrance_large_001_plinth.cgf
    [-0.00000064012229750, 1.00000245330609761, 0.00000000000000000, 29.90165299079899341]
    [-1.00000245330609761, -0.00000064012229750, -0.00000000000000000, 13.34535500000038155]
    [-0.00000000000000000, 0.00000000000000000, 1.00000245330630255, 80.75000000000000000]
  #63 objects/buildingsets/citysets/hightech/buildings/hab_platforms/ht_entrance_large_001_plinth.cgf
    [-1.00000158945703621, 0.00000000000000000, 0.00000000000000000, -189.00800032460301736]
    [0.00000000000000000, -1.00000158945703621, 0.00000000000000000, 314.25002432460314594]
    [0.00000000000000000, 0.00000000000000000, 1.00000158945703621, 149.50036799907684326]
  #64 objects/buildingsets/citysets/hightech/background/shipyard_platforms/shipyard_addons/shipyard_addon_04_a.cgf
    [-0.00000061600625042, -0.00000000000000006, 0.51674294480719929, -104.48050551384767459]
    [0.51674294480719929, 0.00000000000073422, 0.00000061600625037, 64.01680848734031315]
    [-0.00000000000073428, 0.51674294480756644, 0.00000000000000000, 115.23351000063121319]
  #65 objects/buildingsets/citysets/hightech/addon/small/ht_sml_addon_vent_005_a.cgf
    [-0.00000064012127343, 1.00000085349446177, 0.00000000000000000, 38.16361974897654363]
    [1.00000085349446177, 0.00000064012127299, 0.00000000000000000, 244.36295618849180755]
    [0.00000000000000000, 0.00000000000000000, -1.00000085349466694, 274.75000000000000000]
  #66 objects/buildingsets/citysets/hightech/addon/medium/ht_med_addon_panel_06_a.cgf
    [-0.00000119209325078, 0.00000000000000000, -1.00000119209254024, -262.12850760377841652]
    [1.00000119209254024, 0.00000000000142109, -0.00000119209325078, -51.86158277517824899]
    [0.00000000000142109, -1.00000119209325078, 0.00000000000000000, 30.72062800079584122]
  #67 objects/buildingsets/citysets/hightech/buildings/hab_platforms/ht_entrance_large_001_plinth.cgf
    [0.00000222586295115, 1.00000042674518408, 0.00000000000000000, -227.50003997981957582]
    [-1.00000042674518408, 0.00000222586295115, -0.00000000000000000, 122.74984992154259089]
    [-0.00000000000000000, 0.00000000000000000, 1.00000042674766121, 149.73548999987542629]
  #68 objects/buildingsets/citysets/hightech/addon/medium/ht_med_addon_panel_06_a.cgf
    [-0.60000097751611736, 0.00000000000000000, 0.00000000000000000, 31.16361970896878120]
    [0.00000000000000000, 0.60000097751611736, 0.00000000000000000, 251.30046511018008459]
    [0.00000000000000000, 0.00000000000000000, -0.60000097751611736, 274.56250000000000000]
  #69 objects/buildingsets/citysets/hightech/addon/medium/ht_med_addon_panel_06_a.cgf
    [-0.60000097751611736, 0.00000000000000000, 0.00000000000000000, 42.16362675030131868]
    [0.00000000000000000, 0.60000097751611736, 0.00000000000000000, 251.30045806884754711]
    [0.00000000000000000, 0.00000000000000000, -0.60000097751611736, 274.56250000000000000]
  #70 objects/buildingsets/citysets/hightech/addon/small/ht_sml_addon_antenna_002_a.cgf
    [-0.00000064012127343, -1.00000085349446177, 0.00000000000000000, 43.16363895261065409]
    [-1.00000085349446177, 0.00000064012127299, 0.00000000000000000, 269.36296899091485102]
    [-0.00000000000000000, 0.00000000000000000, -1.00000085349466694, 274.75000000000000000]
  #71 objects/buildingsets/citysets/hightech/addon/medium/ht_med_addon_tank_002_a.cgf
    [-0.33000053763386461, 0.00000000000000000, 0.00000000000000000, 36.16362999091461461]
    [0.00000000000000000, 0.33000053763386461, 0.00000000000000000, 262.36296899091485102]
    [0.00000000000000000, 0.00000000000000000, -0.33000053763386461, 274.75000000000000000]
  #72 objects/buildingsets/citysets/hightech/background/buildings/building_100m_001_b.cgf
    [0.00000222586295115, 1.00000042674518408, 0.00000000000000000, -159.50000000000000000]
    [-1.00000042674518408, 0.00000222586295115, -0.00000000000000000, 120.75000000000000000]
    [-0.00000000000000000, 0.00000000000000000, 1.00000042674766121, 147.48548999987542629]
  #73 objects/buildingsets/citysets/hightech/addon/small/ht_sml_addon_antenna_003_a.cgf
    [-0.00000064012127343, -1.00000085349446177, 0.00000000000000000, -258.26954169200007527]
    [-1.00000085349446177, 0.00000064012127299, 0.00000000000000000, -2.74335980376781663]
    [-0.00000000000000000, 0.00000000000000000, -1.00000085349466694, 27.87037499994039536]
  #74 objects/buildingsets/citysets/hightech/addon/small/ht_sml_addon_antenna_003_a.cgf
    [-0.00000064012127343, -1.00000085349446177, 0.00000000000000000, -104.26944311334500526]
    [-1.00000085349446177, 0.00000064012127299, 0.00000000000000000, -2.74345838242334139]
    [-0.00000000000000000, 0.00000000000000000, -1.00000085349466694, 27.87037499994039536]
  #75 objects/buildingsets/citysets/hightech/addon/small/ht_sml_addon_antenna_003_a.cgf
    [-0.00000064012127343, -1.00000085349446177, 0.00000000000000000, -104.26947447928068868]
    [-1.00000085349446177, 0.00000064012127299, 0.00000000000000000, -51.74348974835902482]
    [-0.00000000000000000, 0.00000000000000000, -1.00000085349466694, 27.87037499994039536]
  #76 objects/buildingsets/citysets/hightech/addon/small/ht_sml_addon_antenna_003_a.cgf
    [-0.00000064012127343, -1.00000085349446177, 0.00000000000000000, -258.26957305793575870]
    [-1.00000085349446177, 0.00000064012127299, 0.00000000000000000, -51.74339116970350005]
    [-0.00000000000000000, 0.00000000000000000, -1.00000085349466694, 27.87037499994039536]
  #77 objects/buildingsets/citysets/hightech/addon/medium/ht_med_addon_tank_002_a.cgf
    [-0.33000053763386461, 0.00000000000000000, 0.00000000000000000, 36.16363383164161860]
    [0.00000000000000000, 0.33000053763386461, 0.00000000000000000, 268.36297283164094551]
    [0.00000000000000000, 0.00000000000000000, -0.33000053763386461, 274.75000000000000000]
  #78 objects/buildingsets/citysets/hightech/addon/medium/ht_med_addon_panel_06_a.cgf
    [-0.00000119209325078, 0.00000000000000000, -1.00000119209254024, -262.12848360112548107]
    [1.00000119209254024, 0.00000000000142109, -0.00000119209325078, -1.86686077251579263]
    [0.00000000000142109, -1.00000119209325078, 0.00000000000000000, 30.72062800079584122]
  #79 objects/buildingsets/citysets/hightech/background/buildings/building_100m_001_b_entrance_cap.cgf
    [0.00000222586295115, 1.00000042674518408, 0.00000000000000000, -159.50000000000000000]
    [-1.00000042674518408, 0.00000222586295115, -0.00000000000000000, 120.75000000000000000]
    [-0.00000000000000000, 0.00000000000000000, 1.00000042674766121, 147.48548999987542629]
  #80 objects/buildingsets/citysets/hightech/addon/small/ht_sml_addon_vent_006_a.cgf
    [-0.00000106510000870, 0.34201993400887609, 0.93969347539313419, 59.78867791998482062]
    [0.00000036428516818, 0.93969347539373760, -0.34201993400868280, 313.61298667426126485]
    [-1.00000073147759738, -0.00000002196902291, -0.00000112545949473, 246.62500000000000000]
  #81 objects/buildingsets/citysets/hightech/addon/medium/ht_med_addon_panel_06_a.cgf
    [-0.00000119209325078, 0.00000000000000000, 1.00000119209254024, -101.85507978872283275]
    [-1.00000119209254024, 0.00000000000142109, -0.00000119209325078, 46.90211085127248225]
    [-0.00000000000142109, -1.00000119209325078, 0.00000000000000000, 30.72062800079584122]
  #82 objects/buildingsets/citysets/hightech/addon/small/ht_sml_addon_tank_006_a.cgf
    [-0.00000064012100026, 1.00000042674731060, 0.00000000000000000, -101.26943287140693428]
    [-1.00000042674731060, -0.00000064012100026, -0.00000000000000000, 10.25654801878863509]
    [-0.00000000000000000, 0.00000000000000000, 1.00000042674751533, 38.87037499994039536]
  #83 objects/buildingsets/citysets/hightech/addon/small/ht_sml_addon_tank_006_a.cgf
    [-0.00000064012100026, 1.00000042674731060, 0.00000000000000000, -101.26939894498673311]
    [-1.00000042674731060, -0.00000064012100026, -0.00000000000000000, 63.25658194520838151]
    [-0.00000000000000000, 0.00000000000000000, 1.00000042674751533, 109.87037399969995022]
  #84 objects/buildingsets/citysets/hightech/addon/medium/ht_med_addon_panel_06_a.cgf
    [-0.00000119209325078, 0.00000000000000000, 1.00000119209254024, -101.85514261719481510]
    [-1.00000119209254024, 0.00000000000142109, -0.00000119209325078, -51.24886197720024938]
    [-0.00000000000142109, -1.00000119209325078, 0.00000000000000000, 30.72062800079584122]
  #85 objects/buildingsets/citysets/hightech/addon/small/ht_sml_addon_tank_006_a.cgf
    [-0.00000064012100026, 1.00000042674731060, 0.00000000000000000, -262.26959034120636716]
    [-1.00000042674731060, -0.00000064012100026, -0.00000000000000000, -74.74340333200507303]
    [-0.00000000000000000, 0.00000000000000000, 1.00000042674751533, 62.87037399969995022]
  #86 objects/buildingsets/citysets/hightech/addon/small/ht_sml_addon_tank_006_a.cgf
    [-0.00000064012100026, 1.00000042674731060, 0.00000000000000000, -262.26957753878377844]
    [-1.00000042674731060, -0.00000064012100026, -0.00000000000000000, -54.74339052958293905]
    [-0.00000000000000000, 0.00000000000000000, 1.00000042674751533, 44.87037600018084049]
  #87 objects/buildingsets/citysets/hightech/addon/small/ht_sml_addon_tank_006_a.cgf
    [-0.00000064012100026, 1.00000042674731060, 0.00000000000000000, -125.26924323627099511]
    [-1.00000042674731060, -0.00000064012100026, -0.00000000000000000, 324.25677037973400729]
    [-0.00000000000000000, 0.00000000000000000, 1.00000042674751533, 72.87037399969995022]
  #88 objects/buildingsets/citysets/hightech/addon/small/ht_sml_addon_antenna_003_a.cgf
    [-0.00000064012127343, -1.00000085349446177, 0.00000000000000000, -104.26941110728830608]
    [-1.00000085349446177, 0.00000064012127299, 0.00000000000000000, 47.25657362363381253]
    [-0.00000000000000000, 0.00000000000000000, -1.00000085349466694, 27.87037499994039536]
  #89 objects/buildingsets/citysets/hightech/addon/medium/ht_med_addon_panel_06_a.cgf
    [-0.00000119209325078, 0.00000000000000000, -1.00000119209254024, -261.93782141534347829]
    [1.00000119209254024, 0.00000000000142109, -0.00000119209325078, 348.16692116945978341]
    [0.00000000000142109, -1.00000119209325078, 0.00000000000000000, 30.72062800079584122]
  #90 objects/buildingsets/human/hightech/loc/stanton/orison/base/base_08x04x01_bridge_stairs.cgf
    [-0.00000051972279730, 0.99999969954745982, 0.00000037046131720, -209.99999977787956595]
    [-0.99999969954734169, -0.00000051972302367, 0.00000061119766430, 828.44006017840001732]
    [0.00000061119785683, -0.00000037046099955, 0.99999969954740819, 148.79071894660592079]
  #91 objects/buildingsets/citysets/hightech/background/plates/habitation_plate_grass_slope_a_mirrored.cgf
    [-0.99999988499439008, -0.00000017279518136, 0.00000020466053574, -209.13503350457176566]
    [0.00000017279517741, -0.99999988499441084, -0.00000001931332130, 780.82262295600958169]
    [0.00000020466053907, -0.00000001931328594, 0.99999988499440506, 148.71258615888655186]
  #92 objects/buildingsets/citysets/hightech/addon/medium/ht_med_addon_tank_002_a.cgf
    [-0.41415261197402442, -0.00000016490689201, -0.00000027002863411, -205.63280635559931397]
    [0.00000012792161370, 0.23600707850218713, -0.34032784914234254, 200.50782466423697770]
    [0.00000028938867811, -0.34032784914232661, -0.23600707850206731, 122.15586264617741108]
  #93 objects/buildingsets/citysets/hightech/background/plates/habitation_plate_bridge_a.cgf
    [0.99999963235726896, -0.00000012200883412, -0.00000023844907296, -124.99999969312921166]
    [0.00000012200882951, 0.99999963235729716, -0.00000001931325031, 189.75000018067657948]
    [0.00000023844907532, 0.00000001931322122, 0.99999963235727618, 148.75000018998980522]
  #94 objects/buildingsets/citysets/hightech/addon/medium/ht_med_addon_tank_002_a.cgf
    [0.00000080246034121, -0.23600679626947535, 0.34032791186158062, 68.37549592601135373]
    [-0.41415250268151810, -0.00000022398268320, 0.00000082120658710, 40.67457439308054745]
    [-0.00000028391178611, -0.34032791186245298, -0.23600679626941065, 51.65586177818477154]
  #95 objects/buildingsets/citysets/hightech/addon/medium/ht_med_addon_tank_002_a.cgf
    [-0.00000044515779698, 0.41415219310454482, -0.00000034812693450, -10.62450415967032313]
    [0.41415219310469104, 0.00000044515780384, 0.00000000782072880, -477.82542441738769412]
    [0.00000000782110299, -0.00000034812692609, -0.41415219310478385, 43.15586210973560810]
  #96 objects/buildingsets/citysets/hightech/background/plates/habitation_plate_grass_slope_a.cgf
    [-0.99999988499439008, -0.00000017279518136, 0.00000020466053574, -165.76775449467822909]
    [0.00000017279517741, -0.99999988499441084, -0.00000001931332130, 765.25251314882189035]
    [0.00000020466053907, -0.00000001931328594, 0.99999988499440506, 148.71258580498397350]
  #97 objects/buildingsets/citysets/hightech/addon/medium/ht_med_addon_tank_002_a.cgf
    [0.00000080246034121, -0.23600679626947535, 0.34032791186158062, -150.62450346583500504]
    [-0.41415250268151810, -0.00000022398268320, 0.00000082120658710, 875.67457502393517643]
    [-0.00000028391178611, -0.34032791186245298, -0.23600679626941065, 122.15586221963167191]
  #98 objects/planets/flora/tree/apaaj_01/apaaj_01_med_b.cgf
    [0.00000024430014125, -0.99999990601272193, 0.00000037046128440, 47.74180294154211879]
    [0.99999990601275945, 0.00000024430023351, 0.00000024907082518, 844.11863557249307632]
    [-0.00000024907091568, 0.00000037046122355, 0.99999990601272104, 125.74358031712472439]
  #99 objects/buildingsets/citysets/hightech/addon/medium/ht_med_addon_tank_002_a.cgf
    [-0.00000016249599863, 0.23600668826147531, -0.34032766505587742, -84.12450742023065686]
    [0.41415223832126374, 0.00000021386073926, -0.00000004943916842, 450.17457713710609823]
    [0.00000014756590923, -0.34032766505584899, -0.23600668826152602, 51.65586180612444878]
  #100 objects/buildingsets/citysets/hightech/addon/medium/ht_med_addon_vent_003_a.cgf
    [-0.00000088012157675, 0.23002997854626234, -0.34439537113470592, -18.57940223766490817]
    [0.41415210091080168, 0.00000083660729715, -0.00000049959858902, -526.09775426820851862]
    [0.00000041820632442, -0.34439537113481433, -0.23002997854740348, 48.57924556732177734]
  #101 objects/buildingsets/citysets/hightech/addon/medium/ht_med_addon_tank_002_a.cgf
    [-0.00000044515779698, 0.41415219310454482, -0.00000034812693450, -10.62450461229309440]
    [0.41415219310469104, 0.00000044515780384, 0.00000000782072880, -414.32542506617028266]
    [0.00000000782110299, -0.00000034812692609, -0.41415219310478385, 43.15586199425160885]
  #102 objects/buildingsets/citysets/hightech/addon/large/ht_lrg_addon_arm_002_planter_b.cgf
    [0.00000024430014125, -0.99999990601272193, 0.00000037046128440, 33.53809926705434918]
    [0.99999990601275945, 0.00000024430023351, 0.00000024907082518, 540.47510507050901651]
    [-0.00000024907091568, 0.00000037046122355, 0.99999990601272104, 80.21802788600325584]
  #103 objects/buildingsets/citysets/hightech/addon/medium/ht_med_addon_tank_002_a.cgf
    [0.00000080246034121, -0.23600679626947535, 0.34032791186158062, -118.62450336804613471]
    [-0.41415250268151810, -0.00000022398268320, 0.00000082120658710, 366.67457477177958935]
    [-0.00000028391178611, -0.34032791186245298, -0.23600679626941065, 122.15586214512586594]
  #104 objects/buildingsets/human/hightech/loc/stanton/orison/base/base_08x04x01_bridge_stairs.cgf
    [-0.99999988499439008, -0.00000017279518136, 0.00000020466053574, -45.90516909072175622]
    [0.00000017279517741, -0.99999988499441084, -0.00000001931332130, 1043.34522872988600284]
    [0.00000020466053907, -0.00000001931328594, 0.99999988499440506, 79.79843303747475147]
  #105 objects/buildingsets/citysets/hightech/addon/medium/ht_med_addon_vent_003_a.cgf
    [0.00000071905841352, -0.23003013461373870, 0.34439550399515229, 66.92054951796308160]
    [-0.41415229807686932, -0.00000009089218415, 0.00000080399351857, 897.90227415633853525]
    [-0.00000037097434552, -0.34439550399589092, -0.23003013461345745, 48.57924523390829563]
  #106 objects/buildingsets/citysets/hightech/background/plates/habitation_plate_window_b.cgf
    [0.99999963235726896, -0.00000012200883412, -0.00000023844907296, -144.90516524342820048]
    [0.00000012200882951, 0.99999963235729716, -0.00000001931325031, 459.18653989327140152]
    [0.00000023844907532, 0.00000001931322122, 0.99999963235727618, 148.75498476065695286]
  #107 objects/buildingsets/citysets/hightech/background/plates/habitation_plate_grass_slope_a.cgf
    [-0.99999988499439008, -0.00000017279518136, 0.00000020466053574, -165.76775461668148637]
    [0.00000017279517741, -0.99999988499441084, -0.00000001931332130, 780.82262323074974120]
    [0.00000020466053907, -0.00000001931328594, 0.99999988499440506, 148.71258595958352089]
  #108 objects/buildingsets/citysets/hightech/addon/medium/ht_med_addon_tank_002_a.cgf
    [-0.00000016249599863, 0.23600668826147531, -0.34032766505587742, -84.12450076779350638]
    [0.41415223832126374, 0.00000021386073926, -0.00000004943916842, 419.17457284638658166]
    [0.00000014756590923, -0.34032766505584899, -0.23600668826152602, 51.65586156770586967]
  #109 objects/buildingsets/human/hightech/loc/stanton/orison/base/base_08x04x01_bridge_stairs.cgf
    [-0.00000051972279730, 0.99999969954745982, 0.00000037046131720, 21.00000041211023927]
    [-0.99999969954734169, -0.00000051972302367, 0.00000061119766430, 936.94006010680459440]
    [0.00000061119785683, -0.00000037046099955, 0.99999969954740819, 79.79843327216804028]
  #110 objects/buildingsets/citysets/hightech/background/plates/habitation_plate_grass_slope_a_mirrored.cgf
    [-0.99999988499439008, -0.00000017279518136, 0.00000020466053574, -209.13503338349983096]
    [0.00000017279517741, -0.99999988499441084, -0.00000001931332130, 765.25251287384890020]
    [0.00000020466053907, -0.00000001931328594, 0.99999988499440506, 148.71258600242435932]
  #111 objects/buildingsets/citysets/hightech/addon/medium/ht_med_addon_tank_002_a.cgf
    [-0.00000016249599863, 0.23600668826147531, -0.34032766505587742, -84.12450399389490485]
    [0.41415223832126374, 0.00000021386073926, -0.00000004943916842, 434.67457555979490280]
    [0.00000014756590923, -0.34032766505584899, -0.23600668826152602, 51.65586209669709206]
  #112 objects/buildingsets/human/hightech/loc/stanton/orison/base/base_08x04x01_bridge_stairs.cgf
    [-0.00000051972279730, 0.99999969954745982, 0.00000037046131720, -174.00000003306195140]
    [-0.99999969954734169, -0.00000051972302367, 0.00000061119766430, 828.44005991425365210]
    [0.00000061119785683, -0.00000037046099955, 0.99999969954740819, 148.79071893170475960]
  #113 objects/buildingsets/citysets/hightech/rooftop/ht_rooftop_pad_shell_large_b.cgf
    [0.99999963235726896, -0.00000012200883412, -0.00000023844907296, -1.00000040279701352]
    [0.00000012200882951, 0.99999963235729716, -0.00000001931325031, 1009.75000035122502595]
    [0.00000023844907532, 0.00000001931322122, 0.99999963235727618, 80.78487480431795120]
  #114 objects/buildingsets/citysets/hightech/background/plates/habitation_plate_medium_a_roads_b.cgf
    [-0.00000051972279730, 0.99999969954745982, 0.00000037046131720, -96.91555408900603652]
    [-0.99999969954734169, -0.00000051972302367, 0.00000061119766430, 96.35271064285188913]
    [0.00000061119785683, -0.00000037046099955, 0.99999969954740819, 148.75490543060004711]
  #115 objects/buildingsets/citysets/hightech/addon/medium/ht_med_addon_tank_002_a.cgf
    [0.00000080246034121, -0.23600679626947535, 0.34032791186158062, 68.37549550225958228]
    [-0.41415250268151810, -0.00000022398268320, 0.00000082120658710, 71.67457478784490377]
    [-0.00000028391178611, -0.34032791186245298, -0.23600679626941065, 51.65586223639547825]
  #116 objects/buildingsets/citysets/hightech/addon/medium/ht_med_addon_vent_003_a.cgf
    [-0.00000088012157675, 0.23002997854626234, -0.34439537113470592, -82.57945076236501336]
    [0.41415210091080168, 0.00000083660729715, -0.00000049959858902, 561.40227419056463987]
    [0.00000041820632442, -0.34439537113481433, -0.23002997854740348, 48.57924497127532959]
  #117 objects/buildingsets/citysets/hightech/background/plates/habitation_plate_window_b.cgf
    [0.99999963235726896, -0.00000012200883412, -0.00000023844907296, 43.59483535261824727]
    [0.00000012200882951, 0.99999963235729716, -0.00000001931325031, 658.68654021539259702]
    [0.00000023844907532, 0.00000001931322122, 0.99999963235727618, 79.75498541072010994]
  #118 objects/buildingsets/citysets/hightech/background/plates/habitation_plate_large_b_start_a_road_b.cgf
    [-0.00000051972279730, 0.99999969954745982, 0.00000037046131720, 0.00000025471672416]
    [-0.99999969954734169, -0.00000051972302367, 0.00000061119766430, -42.25000003376044333]
    [0.00000061119785683, -0.00000037046099955, 0.99999969954740819, 79.74999998137354851]
  #119 objects/buildingsets/citysets/hightech/rooftop/ht_rooftop_pad_shell_med_a.cgf
    [-0.99999988499439008, -0.00000017279518136, 0.00000020466053574, -187.99999997531995177]
    [0.00000017279517741, -0.99999988499441084, -0.00000001931332130, 881.24999951908830553]
    [0.00000020466053907, -0.00000001931328594, 0.99999988499440506, 149.77716062963008881]
  #120 objects/buildingsets/citysets/hightech/background/plates/habitation_addon_plate_a_roads_a.cgf
    [-0.00000051972279730, 0.99999969954745982, 0.00000037046131720, -305.99999992502853274]
    [-0.99999969954734169, -0.00000051972302367, 0.00000061119766430, 353.74999958591070026]
    [0.00000061119785683, -0.00000037046099955, 0.99999969954740819, 137.25000021420419216]
  #121 objects/buildingsets/citysets/hightech/addon/medium/ht_med_addon_vent_003_a.cgf
    [-0.00000088012157675, 0.23002997854626234, -0.34439537113470592, -66.57945026597008109]
    [0.41415210091080168, 0.00000083660729715, -0.00000049959858902, 897.90227383922319859]
    [0.00000041820632442, -0.34439537113481433, -0.23002997854740348, 48.57924511842429638]
  #122 objects/buildingsets/human/hightech/loc/stanton/orison/base/base_08x04x01_bridge_stairs.cgf
    [0.99999963235726896, -0.00000012200883412, -0.00000023844907296, 43.90516901994124055]
    [0.00000012200882951, 0.99999963235729716, -0.00000001931325031, 1035.84522931091487408]
    [0.00000023844907532, 0.00000001931322122, 0.99999963235727618, 79.79843266867101192]
  #123 objects/buildingsets/human/hightech/loc/stanton/orison/base/base_08x04x01_bridge_stairs.cgf
    [-0.00000051972279730, 0.99999969954745982, 0.00000037046131720, -31.00000008521601558]
    [-0.99999969954734169, -0.00000051972302367, 0.00000061119766430, 936.94006012543104589]
    [0.00000061119785683, -0.00000037046099955, 0.99999969954740819, 79.79843319021165371]
  #124 objects/planets/flora/tree/apaaj_01/apaaj_01_large_c.cgf
    [-0.00000051972279730, 0.99999969954745982, 0.00000037046131720, -246.88180196890607476]
    [-0.99999969954734169, -0.00000051972302367, 0.00000061119766430, 184.75000399025157094]
    [0.00000061119785683, -0.00000037046099955, 0.99999969954740819, 83.42024393379688263]
  #125 objects/buildingsets/citysets/hightech/addon/medium/ht_med_addon_vent_003_a.cgf
    [0.00000071905841352, -0.23003013461373870, 0.34439550399515229, -133.07944996235892177]
    [-0.41415229807686932, -0.00000009089218415, 0.00000080399351857, 599.40227405808400363]
    [-0.00000037097434552, -0.34439550399589092, -0.23003013461345745, 123.57924514822661877]
  #126 objects/planets/flora/tree/apaaj_01/apaaj_01_large_c.cgf
    [0.00000024430014125, -0.99999990601272193, 0.00000037046128440, -248.00001040613278747]
    [0.99999990601275945, 0.00000024430023351, 0.00000024907082518, 148.80849478777963668]
    [-0.00000024907091568, 0.00000037046122355, 0.99999990601272104, 82.95903209783136845]
  #127 objects/buildingsets/citysets/hightech/addon/medium/ht_med_addon_tank_002_a.cgf
    [0.00000080246034121, -0.23600679626947535, 0.34032791186158062, -150.62450425187125802]
    [-0.41415250268151810, -0.00000022398268320, 0.00000082120658710, 891.17457517597358674]
    [-0.00000028391178611, -0.34032791186245298, -0.23600679626941065, 122.15586204081773758]
  #128 objects/buildingsets/citysets/hightech/addon/medium/ht_med_addon_tank_002_a.cgf
    [0.00000033109094303, -0.41415221209282171, -0.00000034812691023, 9.87549558049067855]
    [-0.41415221209294362, -0.00000033109082339, -0.00000014215530348, -463.82542529993224889]
    [0.00000014215502517, 0.00000034812702387, -0.41415221209292957, 43.15586215443909168]
  #129 objects/buildingsets/citysets/hightech/addon/medium/ht_med_addon_vent_003_a.cgf
    [0.00000071905841352, -0.23003013461373870, 0.34439550399515229, 18.92057402664795518]
    [-0.41415229807686932, -0.00000009089218415, 0.00000080399351857, -242.59773952630348504]
    [-0.00000037097434552, -0.34439550399589092, -0.23003013461345745, 48.57924534566700459]
  #130 objects/buildingsets/citysets/hightech/addon/medium/ht_med_addon_vent_003_a.cgf
    [-0.41415211212752584, -0.00000072267069777, -0.00000055956702114, -176.33969116443768144]
    [0.00000006392839884, 0.23003024574169642, -0.34439520615789188, 199.45508642471395433]
    [0.00000091174631800, -0.34439520615713959, -0.23003024574102468, 123.57924524694681168]
  #131 objects/buildingsets/citysets/hightech/background/plates/habitation_plate_large_b_end_a_roads_c.cgf
    [-0.00000051972279730, 0.99999969954745982, 0.00000037046131720, 0.00000025471672416]
    [-0.99999969954734169, -0.00000051972302367, 0.00000061119766430, -42.25000003376044333]
    [0.00000061119785683, -0.00000037046099955, 0.99999969954740819, 79.74999998137354851]
  #132 objects/buildingsets/citysets/hightech/addon/medium/ht_med_addon_tank_002_a.cgf
    [0.00000080246034121, -0.23600679626947535, 0.34032791186158062, 68.37549587478861213]
    [-0.41415250268151810, -0.00000022398268320, 0.00000082120658710, 56.17457521404139698]
    [-0.00000028391178611, -0.34032791186245298, -0.23600679626941065, 51.65586171299219131]
  #133 objects/buildingsets/citysets/hightech/background/plates/habitation_plate_grass_slope_a_mirrored.cgf
    [-0.99999988499439008, -0.00000017279518136, 0.00000020466053574, -209.13503332575783134]
    [0.00000017279517741, -0.99999988499441084, -0.00000001931332130, 749.95441789506003261]
    [0.00000020466053907, -0.00000001931328594, 0.99999988499440506, 148.71258591115474701]
  #134 objects/buildingsets/citysets/hightech/addon/medium/ht_med_addon_tank_002_a.cgf
    [0.00000033109094303, -0.41415221209282171, -0.00000034812691023, 9.87549603218212724]
    [-0.41415221209294362, -0.00000033109082339, -0.00000014215530348, -527.32542465068399906]
    [0.00000014215502517, 0.00000034812702387, -0.41415221209292957, 43.15586227178573608]
  #135 objects/buildingsets/citysets/hightech/addon/medium/ht_med_addon_vent_003_a.cgf
    [0.29284992966776574, -0.16265681941771712, 0.24352397380165489, -39.90177268581464887]
    [-0.29285007549768333, -0.16265616459121962, 0.24352423581058077, 244.22461326431948692]
    [-0.00000048794469657, -0.34439509178128302, -0.23003101700069847, 123.57924457825720310]
  #136 objects/buildingsets/citysets/hightech/rooftop/hangar_pad_large_a.cgf
    [0.99999963235726896, -0.00000012200883412, -0.00000023844907296, -1.00000040279701352]
    [0.00000012200882951, 0.99999963235729716, -0.00000001931325031, 1009.75000035122502595]
    [0.00000023844907532, 0.00000001931322122, 0.99999963235727618, 80.78487480431795120]
  #137 objects/buildingsets/citysets/hightech/background/plates/habitation_addon_plate_c_roads.cgf
    [-0.00000051972279730, 0.99999969954745982, 0.00000037046131720, 36.16361600672826171]
    [-0.99999969954734169, -0.00000051972302367, 0.00000061119766430, 578.08926215779501945]
    [0.00000061119785683, -0.00000037046099955, 0.99999969954740819, 128.25000059977173805]
  #138 objects/buildingsets/citysets/hightech/rooftop/hangar_pad_medium_a.cgf
    [-0.99999988499439008, -0.00000017279518136, 0.00000020466053574, -187.99999997531995177]
    [0.00000017279517741, -0.99999988499441084, -0.00000001931332130, 881.24999951908830553]
    [0.00000020466053907, -0.00000001931328594, 0.99999988499440506, 149.77716062963008881]
  #139 objects/buildingsets/citysets/hightech/background/plates/habitation_plate_grass_slope_a.cgf
    [-0.99999988499439008, -0.00000017279518136, 0.00000020466053574, -165.76775443693622947]
    [0.00000017279517741, -0.99999988499441084, -0.00000001931332130, 749.95441816956736147]
    [0.00000020466053907, -0.00000001931328594, 0.99999988499440506, 148.71258571185171604]
  #140 objects/buildingsets/citysets/hightech/addon/medium/ht_med_addon_vent_003_a.cgf
    [0.00000071905841352, -0.23003013461373870, 0.34439550399515229, 98.92054997337982059]
    [-0.41415229807686932, -0.00000009089218415, 0.00000080399351857, 593.90227399603463709]
    [-0.00000037097434552, -0.34439550399589092, -0.23003013461345745, 48.57924538664519787]
  #141 objects/buildingsets/citysets/hightech/addon/medium/ht_med_addon_tank_002_a.cgf
    [-0.41415261197402442, -0.00000016490689201, -0.00000027002863411, -236.63281193608418107]
    [0.00000012792161370, 0.23600707850218713, -0.34032784914234254, 200.50782737217377871]
    [0.00000028938867811, -0.34032784914232661, -0.23600707850206731, 122.15586164966225624]
  #142 objects/buildingsets/citysets/hightech/addon/medium/ht_med_addon_tank_002_a.cgf
    [0.00000080246034121, -0.23600679626947535, 0.34032791186158062, -150.62450335407629609]
    [-0.41415250268151810, -0.00000022398268320, 0.00000082120658710, 906.67457495024427772]
    [-0.00000028391178611, -0.34032791186245298, -0.23600679626941065, 122.15586197376251221]
  #143 objects/buildingsets/citysets/hightech/addon/medium/ht_med_addon_tank_002_a.cgf
    [0.00000080246034121, -0.23600679626947535, 0.34032791186158062, 100.37549598002806306]
    [-0.41415250268151810, -0.00000022398268320, 0.00000082120658710, 478.17457487806677818]
    [-0.00000028391178611, -0.34032791186245298, -0.23600679626941065, 51.65586159005761147]
  #144 objects/buildingsets/citysets/hightech/addon/medium/ht_med_addon_tank_002_a.cgf
    [0.00000080246034121, -0.23600679626947535, 0.34032791186158062, 100.37549586920067668]
    [-0.41415250268151810, -0.00000022398268320, 0.00000082120658710, 447.17457495222333819]
    [-0.00000028391178611, -0.34032791186245298, -0.23600679626941065, 51.65586183592677116]
  #145 objects/buildingsets/citysets/hightech/addon/medium/ht_med_addon_vent_003_a.cgf
    [-0.41415211212752584, -0.00000072267069777, -0.00000055956702114, -53.17055035615339875]
    [0.00000006392839884, 0.23003024574169642, -0.34439520615789188, 199.45508703845553100]
    [0.00000091174631800, -0.34439520615713959, -0.23003024574102468, 123.57924508117139339]
  #146 objects/buildingsets/citysets/hightech/background/plates/habitation_plate_thruster_a.cgf
    [0.99999963235726896, -0.00000012200883412, -0.00000023844907296, 27.55295896483585238]
    [0.00000012200882951, 0.99999963235729716, -0.00000001931325031, 830.08434735308401287]
    [0.00000023844907532, 0.00000001931322122, 0.99999963235727618, 36.30407281592488289]
  #147 objects/buildingsets/citysets/hightech/addon/medium/ht_med_addon_vent_003_a.cgf
    [0.29284992966776574, -0.16265681941771712, 0.24352397380165489, -95.25520385103300214]
    [-0.29285007549768333, -0.16265616459121962, 0.24352423581058077, 299.88694840751122683]
    [-0.00000048794469657, -0.34439509178128302, -0.23003101700069847, 123.54764935933053493]
  #148 objects/buildingsets/citysets/hightech/addon/medium/ht_med_addon_tank_002_a.cgf
    [0.00000080246034121, -0.23600679626947535, 0.34032791186158062, 100.37549623334780335]
    [-0.41415250268151810, -0.00000022398268320, 0.00000082120658710, 462.67457519425079226]
    [-0.00000028391178611, -0.34032791186245298, -0.23600679626941065, 51.65586247295141220]
  #149 objects/buildingsets/citysets/hightech/background/plates/habitation_plate_window_a.cgf
    [0.99999963235726896, -0.00000012200883412, -0.00000023844907296, 45.00000025285407901]
    [0.00000012200882951, 0.99999963235729716, -0.00000001931325031, 94.75000045669730753]
    [0.00000023844907532, 0.00000001931322122, 0.99999963235727618, 148.74999975599348545]
  #150 objects/buildingsets/citysets/hightech/addon/medium/ht_med_addon_vent_003_a.cgf
    [-0.00000088012157675, 0.23002997854626234, -0.34439537113470592, -18.57945036189630628]
    [0.41415210091080168, 0.00000083660729715, -0.00000049959858902, -242.59772566892206669]
    [0.00000041820632442, -0.34439537113481433, -0.23002997854740348, 48.57924505695700645]
  #151 objects/buildingsets/citysets/hightech/background/plates/habitation_plate_window_b.cgf
    [0.70710634380268700, -0.70710643201159706, -0.00000049966000081, -67.05363409919664264]
    [0.70710643201130707, 0.70710634380285553, -0.00000064894222437, 248.38186552119441330]
    [0.00000081218442889, 0.00000010555842193, 0.99999944381872230, 148.75498502515256405]
  #152 objects/buildingsets/citysets/hightech/addon/medium/ht_med_addon_tank_002_a.cgf
    [0.00000080246034121, -0.23600679626947535, 0.34032791186158062, -118.62450427049770951]
    [-0.41415250268151810, -0.00000022398268320, 0.00000082120658710, 351.17457499820739031]
    [-0.00000028391178611, -0.34032791186245298, -0.23600679626941065, 122.15586221218109131]
  #153 objects/buildingsets/human/hightech/prop/flag/flag_base_2_pole_a.cgf
    [0.00000024430014125, -0.99999990601272193, 0.00000037046128440, -2.99989831494167447]
    [0.99999990601275945, 0.00000024430023351, 0.00000024907082518, 178.25003497023135424]
    [-0.00000024907091568, 0.00000037046122355, 0.99999990601272104, 80.24999969080090523]
  #154 objects/planets/flora/tree/apaaj_01/apaaj_01_large_c.cgf
    [0.99999963235726896, -0.00000012200883412, -0.00000023844907296, -215.19683179026469588]
    [0.00000012200882951, 0.99999963235729716, -0.00000001931325031, 193.58167607174254954]
    [0.00000023844907532, 0.00000001931322122, 0.99999963235727618, 83.61965878680348396]
  #155 objects/buildingsets/citysets/hightech/background/plates/habitation_plate_thruster_a.cgf
    [0.99999963235726896, -0.00000012200883412, -0.00000023844907296, -216.84105535643175244]
    [0.00000012200882951, 0.99999963235729716, -0.00000001931325031, 704.32358589745126665]
    [0.00000023844907532, 0.00000001931322122, 0.99999963235727618, 105.94928271323442459]
  #156 objects/buildingsets/citysets/hightech/background/plates/habitation_plate_thruster_a.cgf
    [0.99999963235726896, -0.00000012200883412, -0.00000023844907296, -159.84110223362222314]
    [0.00000012200882951, 0.99999963235729716, -0.00000001931325031, 704.32358591258525848]
    [0.00000023844907532, 0.00000001931322122, 0.99999963235727618, 105.94928307458758354]
  #157 objects/buildingsets/citysets/hightech/background/plates/habitation_plate_thruster_a.cgf
    [0.99999963235726896, -0.00000012200883412, -0.00000023844907296, -29.44699542736634612]
    [0.00000012200882951, 0.99999963235729716, -0.00000001931325031, 830.08434713736642152]
    [0.00000023844907532, 0.00000001931322122, 0.99999963235727618, 36.30407304503023624]
  #158 objects/buildingsets/citysets/hightech/addon/medium/ht_med_addon_tank_002_a.cgf
    [0.00000080246034121, -0.23600679626947535, 0.34032791186158062, -118.62450415687635541]
    [-0.41415250268151810, -0.00000022398268320, 0.00000082120658710, 382.17457492521498352]
    [-0.00000028391178611, -0.34032791186245298, -0.23600679626941065, 122.15586196444928646]
  #159 objects/buildingsets/citysets/hightech/addon/medium/ht_med_addon_vent_003_a.cgf
    [0.00000071905841352, -0.23003013461373870, 0.34439550399515229, 18.92057391861453652]
    [-0.41415229807686932, -0.00000009089218415, 0.00000080399351857, -526.09774029860273004]
    [-0.00000037097434552, -0.34439550399589092, -0.23003013461345745, 48.57924468442797661]
  #160 objects/buildingsets/citysets/hightech/addon/medium/ht_med_addon_tank_002_a.cgf
    [-0.41415261197402442, -0.00000016490689201, -0.00000027002863411, -221.13280898751690984]
    [0.00000012792161370, 0.23600707850218713, -0.34032784914234254, 200.50782664120197296]
    [0.00000028938867811, -0.34032784914232661, -0.23600707850206731, 122.15586185455322266]
  #161 objects/buildingsets/citysets/hightech/addon/medium/ht_med_addon_vent_003_a.cgf
    [0.00000071905841352, -0.23003013461373870, 0.34439550399515229, -133.07945031067356467]
    [-0.41415229807686932, -0.00000009089218415, 0.00000080399351857, 769.90227373165544122]
    [-0.00000037097434552, -0.34439550399589092, -0.23003013461345745, 123.57924514636397362]
  #162 objects/buildingsets/citysets/hightech/background/plates/habitation_plate_large_a_roads_c.cgf
    [0.99999963235726896, -0.00000012200883412, -0.00000023844907296, -188.15430602291598916]
    [0.00000012200882951, 0.99999963235729716, -0.00000001931325031, 334.19250187091529369]
    [0.00000023844907532, 0.00000001931322122, 0.99999963235727618, 148.75002981722354889]
  #163 objects/buildingsets/human/hightech/prop/flag/flag_base_1_a.cgf
    [0.00000024430014125, -0.99999990601272193, 0.00000037046128440, -6.99989307345822453]
    [0.99999990601275945, 0.00000024430023351, 0.00000024907082518, 178.25003302306868136]
    [-0.00000024907091568, 0.00000037046122355, 0.99999990601272104, 79.75000025704503059]
  #164 objects/buildingsets/human/hightech/loc/stanton/orison/base/base_08x08x04_canopy_cap_002.cgf
    [-1.00000012325478527, -0.00000016924750857, 0.00000016398527482, -19.49999824212864041]
    [0.00000016924758603, -1.00000012325468712, 0.00000047237892092, -331.74999949638731778]
    [0.00000016398519487, 0.00000047237894867, 1.00000012325468823, 79.75000134669244289]
  #165 objects/buildingsets/human/hightech/loc/stanton/orison/base/base_08x08x04_canopy_corner_001.cgf
    [-1.00000012325478527, -0.00000016924750857, 0.00000016398527482, -19.49999824212864041]
    [0.00000016924758603, -1.00000012325468712, 0.00000047237892092, -331.74999949638731778]
    [0.00000016398519487, 0.00000047237894867, 1.00000012325468823, 79.75000134669244289]
  #166 objects/planets/flora/tree/cypress_01/cypress_01_a_mega_wind.cgf
    [-0.70710798437807876, 0.70710622357024366, 0.00000040869400561, -222.74550959514454007]
    [-0.70710622357034469, -0.70710798437781608, -0.00000062909349241, -107.93034095584880561]
    [-0.00000015584505802, -0.00000073382677132, 1.00000045649119840, 81.53776923939585686]
  #167 objects/buildingsets/human/hightech/prop/structure/structure_post_2_a.cgf
    [-0.00000324680806283, 2.49999297799489018, -4.33012600800785918, -14.51454434497281909]
    [4.99999561352298283, 0.00000086233838024, -0.00000325121859145, -323.44683503115084022]
    [-0.00000087879873165, -4.33012600800899072, -2.49999297799488396, 42.62842854671180248]
  #168 objects/buildingsets/human/hightech/prop/light/light_street_3_a.cgf
    [0.00000024430014125, -0.99999990601272193, 0.00000037046128440, 18.38924632733687758]
    [0.99999990601275945, 0.00000024430023351, 0.00000024907082518, -372.19139468146022409]
    [-0.00000024907091568, 0.00000037046122355, 0.99999990601272104, 79.85010905191302299]
  #169 objects/planets/flora/tree/cypress_01/cypress_01_a_subtle_wind.cgf
    [-0.70710798437807876, 0.70710622357024366, 0.00000040869400561, 35.80225654365494847]
    [-0.70710622357034469, -0.70710798437781608, -0.00000062909349241, 576.41691082506440580]
    [-0.00000015584505802, -0.00000073382677132, 1.00000045649119840, 79.74741601012647152]
  #170 objects/planets/flora/grass/cypress_debris_01/cypress_debris_01.cgf
    [0.00000321910358402, -1.00000175018485460, 0.00000156215695069, -160.27565865078940988]
    [1.00000175018607163, 0.00000321910345856, -0.00000008032266596, 430.08585995796602219]
    [0.00000008031763722, 0.00000156215720925, 1.00000175019003290, 148.74741582572460175]
  #171 objects/buildingsets/human/hightech/prop/utility/waste/waste_recycle_2_a.cgf
    [-0.87462081669460656, 0.48480793403770400, -0.00000038965977335, -235.97560373460873961]
    [-0.48480793403765071, -0.87462081669469327, -0.00000022750254549, 146.88736221124418080]
    [-0.00000045109951927, -0.00000001006831091, 1.00000015295068656, 148.75544932112097740]
  #172 objects/planets/flora/tree/cypress_01/cypress_01_a_subtle_wind.cgf
    [-0.70710798437807876, 0.70710622357024366, 0.00000040869400561, 59.30225684819743037]
    [-0.70710622357034469, -0.70710798437781608, -0.00000062909349241, 665.91691081807948649]
    [-0.00000015584505802, -0.00000073382677132, 1.00000045649119840, 79.74741634540259838]
  #173 objects/planets/flora/tree/cypress_01/cypress_01_a_mega_wind.cgf
    [-0.70710798437807876, 0.70710622357024366, 0.00000040869400561, -226.69774340139701962]
    [-0.70710622357034469, -0.70710798437781608, -0.00000062909349241, 172.41691069526132196]
    [-0.00000015584505802, -0.00000073382677132, 1.00000045649119840, 148.74741604737937450]
  #174 objects/planets/flora/tree/cypress_01/cypress_01_a_mega_wind.cgf
    [-0.70710798437807876, 0.70710622357024366, 0.00000040869400561, -159.69774303073063493]
    [-0.70710622357034469, -0.70710798437781608, -0.00000062909349241, 430.41691054461989552]
    [-0.00000015584505802, -0.00000073382677132, 1.00000045649119840, 148.74741583876311779]
  #175 objects/planets/flora/grass/cotton_grass_01/cotton_grass_01_a.cgf
    [0.99999971343278593, 0.00000115787977457, -0.00000021841314392, -218.09134513931348920]
    [-0.00000115787963484, 0.99999971343260519, 0.00000063975206756, 823.37914600782096386]
    [0.00000021841388468, -0.00000063975181466, 0.99999971343325167, 149.47126714885234833]
  #176 objects/planets/flora/tree/cypress_01/cypress_01_a_mega_wind.cgf
    [-0.70710798437807876, 0.70710622357024366, 0.00000040869400561, -234.69774251477792859]
    [-0.70710622357034469, -0.70710798437781608, -0.00000062909349241, 773.91691093286499381]
    [-0.00000015584505802, -0.00000073382677132, 1.00000045649119840, 148.74741603061556816]
  #177 objects/planets/flora/tree/cypress_01/cypress_01_a_mega_wind.cgf
    [-0.70710798437807876, 0.70710622357024366, 0.00000040869400561, 27.48203225666657090]
    [-0.70710622357034469, -0.70710798437781608, -0.00000062909349241, 523.57174899487290531]
    [-0.00000015584505802, -0.00000073382677132, 1.00000045649119840, 126.01700730435550213]
  #178 objects/planets/flora/tree/cypress_01/cypress_01_a_subtle_wind.cgf
    [-0.70710798437807876, 0.70710622357024366, 0.00000040869400561, -21.69774272898212075]
    [-0.70710622357034469, -0.70710798437781608, -0.00000062909349241, 452.91691121959593147]
    [-0.00000015584505802, -0.00000073382677132, 1.00000045649119840, 79.74741578474640846]
  #179 objects/planets/flora/grass/cypress_debris_01/cypress_debris_01.cgf
    [0.00000321910358402, -1.00000175018485460, 0.00000156215695069, -27.77565840212628245]
    [1.00000175018607163, 0.00000321910345856, -0.00000008032266596, -122.41413935529999435]
    [0.00000008031763722, 0.00000156215720925, 1.00000175019003290, 79.74741563200950623]
  #180 objects/planets/flora/tree/apaaj_01/apaaj_01_leafpile_c.cgf
    [-1.73205178855758035, -0.99999869392412133, -0.00000056384007505, -285.09266345994547009]
    [0.99999869392396790, -1.73205178855765518, 0.00000060417973080, 351.35301098821219057]
    [-0.00000079038949840, 0.00000024131559865, 2.00000019652376482, 137.24999966472387314]
  #181 objects/planets/flora/grass/cypress_debris_01/cypress_debris_01.cgf
    [0.00000321910358402, -1.00000175018485460, 0.00000156215695069, -75.27565843192860484]
    [1.00000175018607163, 0.00000321910345856, -0.00000008032266596, 275.08586085157003254]
    [0.00000008031763722, 0.00000156215720925, 1.00000175019003290, 148.74741651676595211]
  #182 objects/planets/flora/grass/cypress_debris_01/cypress_debris_01.cgf
    [0.00000321910358402, -1.00000175018485460, 0.00000156215695069, -235.27565813483670354]
    [1.00000175018607163, 0.00000321910345856, -0.00000008032266596, 773.58586034644395113]
    [0.00000008031763722, 0.00000156215720925, 1.00000175019003290, 148.74741601571440697]
  #183 objects/planets/flora/tree/cypress_01/cypress_01_a_subtle_wind.cgf
    [-0.70710798437807876, 0.70710622357024366, 0.00000040869400561, 68.80225683422759175]
    [-0.70710622357034469, -0.70710798437781608, -0.00000062909349241, 906.91691055544652045]
    [-0.00000015584505802, -0.00000073382677132, 1.00000045649119840, 79.74741641618311405]
  #184 objects/planets/flora/grass/cypress_debris_01/cypress_debris_01.cgf
    [-0.70710798437807876, 0.70710622357024366, 0.00000040869400561, 35.19804955786094069]
    [-0.70710622357034469, -0.70710798437781608, -0.00000062909349241, 575.73941524943802506]
    [-0.00000015584505802, -0.00000073382677132, 1.00000045649119840, 79.74741579033434391]
  #185 objects/planets/flora/grass/cypress_debris_01/cypress_debris_01.cgf
    [-0.70710798437807876, 0.70710622357024366, 0.00000040869400561, 58.69804986426606774]
    [-0.70710622357034469, -0.70710798437781608, -0.00000062909349241, 665.23941524128895253]
    [-0.00000015584505802, -0.00000073382677132, 1.00000045649119840, 79.74741612747311592]
  #186 objects/planets/flora/grass/cotton_grass_01/cotton_grass_01_a.cgf
    [0.99999971343278593, 0.00000115787977457, -0.00000021841314392, -219.94386061141267419]
    [-0.00000115787963484, 0.99999971343260519, 0.00000063975206756, 823.17267014377284795]
    [0.00000021841388468, -0.00000063975181466, 0.99999971343325167, 149.47126678004860878]
  #187 objects/buildingsets/human/hightech/loc/stanton/orison/organics/rock/rock_sharp_a.cgf
    [-1.93289129601068677, -0.70351296688363052, 0.00000447682641155, -282.27277151914313436]
    [0.70351296687864395, -1.93289129601549714, -0.00000290894260474, 348.29006728669628501]
    [0.00000520175664944, -0.00000120235167768, 2.05693929340630266, 137.25000030733644962]
  #188 objects/planets/flora/grass/cypress_debris_01/cypress_debris_01.cgf
    [0.00000321910358402, -1.00000175018485460, 0.00000156215695069, 26.90411663567647338]
    [1.00000175018607163, 0.00000321910345856, -0.00000008032266596, 523.24069840891752392]
    [0.00000008031763722, 0.00000156215720925, 1.00000175019003290, 126.01700729131698608]
  #189 objects/planets/flora/grass/rosemary_01/rosemary_01_dense_b.cgf
    [0.70710676396637018, 0.70710540137126154, -0.00000002786750796, -192.19415775267407298]
    [-0.70710540137103861, 0.70710676396617755, 0.00000076700330500, 826.34291271527763456]
    [0.00000056205803844, -0.00000052264847585, 0.99999901214692044, 149.70209758542478085]
  #190 objects/buildingsets/human/hightech/loc/stanton/orison/planter/planter_08x04x02_bridge_junction_001_a.cgf
    [-0.70710655763681329, -0.70710680602337728, 0.00000029122283480, -221.11195412045344710]
    [0.70710680602343634, -0.70710655763677255, 0.00000024242208431, 820.34585234255064279]
    [0.00000003450727532, 0.00000037734394711, 0.99999985948874393, 147.67877674102783203]
  #191 objects/planets/flora/tree/cypress_01/cypress_01_a_mega_wind.cgf
    [-0.70710798437807876, 0.70710622357024366, 0.00000040869400561, -27.19774278206750751]
    [-0.70710622357034469, -0.70710798437781608, -0.00000062909349241, -122.08308876841329038]
    [-0.00000015584505802, -0.00000073382677132, 1.00000045649119840, 79.74741564691066742]
  #192 objects/buildingsets/human/hightech/prop/light/lamp/lamp_planter_1_large_b.cgf
    [0.95474161419403980, 0.10034622165374245, 0.00000023813958464, -286.14674385590478778]
    [-0.10034622165377011, 0.95474161419406112, 0.00000010191277526, 352.44525676977355033]
    [-0.00000022618239774, -0.00000012624657813, 0.96000047608009675, 137.19998543709516525]
  #193 objects/planets/flora/tree/apaaj_01/apaaj_01_small_e.cgf
    [0.98480707845038251, -0.17365054231182014, -0.00000016067287394, -283.64085631491616368]
    [0.17365054231183175, 0.98480707845039173, 0.00000006122588510, 352.04883545462507755]
    [0.00000014759991286, -0.00000008819663910, 0.99999974630554944, 136.24999962374567986]
  #194 objects/buildingsets/human/hightech/prop/light/lamp/lamp_planter_1_large_b.cgf
    [0.59671316518711093, 0.06271386127100664, -0.00000022618087009, -286.82046330673620105]
    [-0.06271386127098988, 0.59671316518715301, 0.00000005584435423, 351.75442281132563949]
    [0.00000023077898192, -0.00000003189732583, 0.59999969158586774, 137.19998553767800331]
  #195 objects/buildingsets/human/hightech/prop/light/lamp/lamp_planter_1_d.cgf
    [-0.52992118056853599, -0.84804692998523101, -0.00000008481768716, -281.47226810967549682]
    [0.84804692998520237, -0.52992118056854065, 0.00000022543067227, 353.12302039586938918]
    [-0.00000023612247219, 0.00000004753110752, 1.00000002653623765, 137.24999947100877762]
  #196 objects/planets/flora/flower/daisy_01/daisy_01_a.cgf
    [-0.95630451683862561, 0.29237250749177429, -0.00000032524968948, -2.97935034940019250]
    [-0.29237250749195504, -0.95630451683806650, 0.00000103412705554, -15.08001694711856544]
    [-0.00000000868742681, 0.00000108403443493, 1.00000000603095796, 80.54249637015163898]
  #197 objects/buildingsets/human/hightech/loc/stanton/orison/planter/planter_04x04x02_cap_001_a.cgf
    [-0.70710655763681329, -0.70710680602337728, 0.00000029122283480, -221.11195412045344710]
    [0.70710680602343634, -0.70710655763677255, 0.00000024242208431, 820.34585234255064279]
    [0.00000003450727532, 0.00000037734394711, 0.99999985948874393, 147.67877674102783203]
  #198 objects/planets/flora/tree/cypress_01/cypress_01_a_subtle_wind.cgf
    [-0.70710798437807876, 0.70710622357024366, 0.00000040869400561, 67.80225681932643056]
    [-0.70710622357034469, -0.70710798437781608, -0.00000062909349241, 871.41691111901309341]
    [-0.00000015584505802, -0.00000073382677132, 1.00000045649119840, 79.74741600826382637]
  #199 objects/planets/flora/grass/cypress_debris_01/cypress_debris_01.cgf
    [-0.70710798437807876, 0.70710622357024366, 0.00000040869400561, -158.88989453809335828]
    [-0.70710622357034469, -0.70710798437781608, -0.00000062909349241, 430.72828488214872777]
    [-0.00000015584505802, -0.00000073382677132, 1.00000045649119840, 148.74741576611995697]
  #200 objects/planets/flora/grass/cypress_debris_01/cypress_debris_01.cgf
    [-0.70710798437807876, 0.70710622357024366, 0.00000040869400561, 59.84185822913423181]
    [-0.70710622357034469, -0.70710798437781608, -0.00000062909349241, 665.96003873681183904]
    [-0.00000015584505802, -0.00000073382677132, 1.00000045649119840, 79.74741619452834129]
  #201 objects/buildingsets/human/hightech/loc/stanton/orison/base/base_08x08x04_canopy_cap_002.cgf
    [-1.00000012325478527, -0.00000016924750857, 0.00000016398527482, -242.69774057576432824]
    [0.00000016924758603, -1.00000012325468712, 0.00000047237892092, 741.91691139212343842]
    [0.00000016398519487, 0.00000047237894867, 1.00000012325468823, 148.74741699732840061]
  #202 objects/planets/flora/grass/cotton_grass_01/cotton_grass_01_a.cgf
    [-0.70710688983232450, 0.70710658746789534, 0.00000001127682101, -221.68684684718027711]
    [-0.70710658746772903, -0.70710688983216896, 0.00000067472611551, 822.08832371467724442]
    [0.00000048507722803, 0.00000046912959882, 0.99999993984418867, 149.47126736305654049]
  #203 objects/buildingsets/human/hightech/loc/stanton/orison/planter/planter_08x06x02_straight_001_a.cgf
    [-0.00000051972279730, 0.99999969954745982, 0.00000037046131720, -196.49871359998360276]
    [-0.99999969954734169, -0.00000051972302367, 0.00000061119766430, 828.82774946175049990]
    [0.00000061119785683, -0.00000037046099955, 0.99999969954740819, 147.64720896817743778]
  #204 objects/planets/flora/grass/rosemary_01/rosemary_01_dense_b.cgf
    [1.00000039401310414, 0.00000048519708970, 0.00000063887890104, -179.52759334212169051]
    [-0.00000048519739150, 1.00000039401319651, 0.00000047237895636, 826.47819190984591842]
    [-0.00000063887867184, -0.00000047237926634, 1.00000039401311014, 149.70209226012229919]
  #205 objects/planets/flora/grass/rosemary_01/rosemary_01_dense_b.cgf
    [-0.70710740787076831, -0.70710594598447019, 0.00000070914571786, -197.23372350027784705]
    [0.70710594598466270, -0.70710740787093074, 0.00000002999213567, 826.34291540295816958]
    [0.00000048023464370, 0.00000052264889204, 0.99999985255614399, 149.70209967158734798]
  #206 objects/planets/flora/tree/cypress_01/cypress_01_a_mega_wind.cgf
    [-0.70710798437807876, 0.70710622357024366, 0.00000040869400561, -74.69774281093850732]
    [-0.70710622357034469, -0.70710798437781608, -0.00000062909349241, 275.41691143752541393]
    [-0.00000015584505802, -0.00000073382677132, 1.00000045649119840, 148.74741653166711330]
  #207 objects/planets/flora/tree/cypress_01/cypress_01_a_mega_wind.cgf
    [-0.70710798437807876, 0.70710622357024366, 0.00000040869400561, -59.19774257624521852]
    [-0.70710622357034469, -0.70710798437781608, -0.00000062909349241, 734.91691067884676158]
    [-0.00000015584505802, -0.00000073382677132, 1.00000045649119840, 79.74741584621369839]
  #208 objects/planets/flora/tree/apaaj_01/apaaj_01_leafpile_c.cgf
    [-1.73205178855758035, -0.99999869392412133, -0.00000056384007505, -5.91501101339235902]
    [0.99999869392396790, -1.73205178855765518, 0.00000060417973080, -162.02716304652858526]
    [-0.00000079038949840, 0.00000024131559865, 2.00000019652376482, 79.74741630442440510]
  #209 objects/planets/flora/grass/cypress_debris_01/cypress_debris_01.cgf
    [-0.70710798437807876, 0.70710622357024366, 0.00000040869400561, 68.19804985029622912]
    [-0.70710622357034469, -0.70710798437781608, -0.00000062909349241, 906.23941497888881713]
    [-0.00000015584505802, -0.00000073382677132, 1.00000045649119840, 79.74741619452834129]
  #210 objects/planets/flora/grass/cypress_debris_01/cypress_debris_01.cgf
    [-0.70710798437807876, 0.70710622357024366, 0.00000040869400561, -22.30194971477612853]
    [-0.70710622357034469, -0.70710798437781608, -0.00000062909349241, 452.23941564210690558]
    [-0.00000015584505802, -0.00000073382677132, 1.00000045649119840, 79.74741556495428085]
  #211 objects/planets/flora/grass/cypress_debris_01/cypress_debris_01.cgf
    [-0.70710798437807876, 0.70710622357024366, 0.00000040869400561, 36.34185792272910476]
    [-0.70710622357034469, -0.70710798437781608, -0.00000062909349241, 576.46003874426241964]
    [-0.00000015584505802, -0.00000073382677132, 1.00000045649119840, 79.74741586111485958]
  #212 objects/planets/flora/grass/cypress_debris_01/cypress_debris_01.cgf
    [0.00000321910358402, -1.00000175018485460, 0.00000156215695069, -227.27565902238711715]
    [1.00000175018607163, 0.00000321910345856, -0.00000008032266596, 172.08586010907310992]
    [0.00000008031763722, 0.00000156215720925, 1.00000175019003290, 148.74741603434085846]
  #213 objects/planets/flora/tree/apaaj_01/apaaj_01_small_d.cgf
    [0.46947134237083449, -0.88294734320704515, -0.00000052455750899, -3.53051670873537660]
    [0.88294734320713397, 0.46947134237048432, 0.00000066876473323, -12.62347059592138976]
    [-0.00000034421943804, -0.00000077712278768, 0.99999967609165030, 80.59553526155650616]
  #214 objects/planets/flora/grass/cypress_debris_01/cypress_debris_01.cgf
    [-0.70710798437807876, 0.70710622357024366, 0.00000040869400561, 67.19804983632639050]
    [-0.70710622357034469, -0.70710798437781608, -0.00000062909349241, 870.73941554292105138]
    [-0.00000015584505802, -0.00000073382677132, 1.00000045649119840, 79.74741578847169876]
  #215 objects/buildingsets/human/hightech/loc/stanton/orison/flag/flag_pole_a.cgf
    [-0.00000384450135201, -1.00000137291169033, -0.00000009605513777, -260.07525704847648740]
    [1.00000137291097047, -0.00000384450123632, -0.00000120380384577, 419.60165508871432394]
    [0.00000120380347648, -0.00000009605976579, 1.00000137291835611, 150.31479847058653831]
  #216 objects/buildingsets/human/hightech/prop/light/lamp/lamp_planter_1_large_b.cgf
    [0.59671316518711093, 0.06271386127100664, -0.00000022618087009, -7.64281086111441255]
    [-0.06271386127098988, 0.59671316518715301, 0.00000005584435423, -161.62575122271664441]
    [0.00000023077898192, -0.00000003189732583, 0.59999969158586774, 79.69740217551589012]
  #217 objects/buildingsets/human/hightech/prop/light/lamp/lamp_planter_1_large_b.cgf
    [0.95474161419403980, 0.10034622165374245, 0.00000023813958464, -6.96909140842035413]
    [-0.10034622165377011, 0.95474161419406112, 0.00000010191277526, -160.93491726520005614]
    [-0.00000022618239774, -0.00000012624657813, 0.96000047608009675, 79.69740207493305206]
  #218 objects/buildingsets/human/hightech/loc/stanton/orison/planter/planter_08x06x02_straight_001_a.cgf
    [-0.00000051972279730, 0.99999969954745982, 0.00000037046131720, -188.49871717160567641]
    [-0.99999969954734169, -0.00000051972302367, 0.00000061119766430, 828.82774719549342990]
    [0.00000061119785683, -0.00000037046099955, 0.99999969954740819, 147.64720565825700760]
  #219 objects/planets/flora/grass/cypress_debris_01/cypress_debris_01.cgf
    [-0.70710798437807876, 0.70710622357024366, 0.00000040869400561, 28.28988075023517013]
    [-0.70710622357034469, -0.70710798437781608, -0.00000062909349241, 523.88312333286739886]
    [-0.00000015584505802, -0.00000073382677132, 1.00000045649119840, 126.01700723357498646]
  #220 objects/buildingsets/human/hightech/loc/stanton/orison/base/base_08x08x04_canopy_corner_001.cgf
    [-1.00000012325478527, -0.00000016924750857, 0.00000016398527482, -242.69774057576432824]
    [0.00000016924758603, -1.00000012325468712, 0.00000047237892092, 741.91691139212343842]
    [0.00000016398519487, 0.00000047237894867, 1.00000012325468823, 148.74741699732840061]
  #221 objects/buildingsets/human/hightech/prop/light/lamp/lamp_planter_1_d.cgf
    [-0.52992118056853599, -0.84804692998523101, -0.00000008481768716, -2.29461566219106317]
    [0.84804692998520237, -0.52992118056854065, 0.00000022543067227, -160.25715363817289472]
    [-0.00000023612247219, 0.00000004753110752, 1.00000002653623765, 79.74741610884666443]
  #222 objects/planets/flora/grass/cypress_debris_01/cypress_debris_01.cgf
    [-0.70710798437807876, 0.70710622357024366, 0.00000040869400561, -26.38989428943023086]
    [-0.70710622357034469, -0.70710798437781608, -0.00000062909349241, -121.77171443065162748]
    [-0.00000015584505802, -0.00000073382677132, 1.00000045649119840, 79.74741557426750660]
  #223 objects/buildingsets/human/hightech/loc/stanton/orison/flag/flag_pole_a.cgf
    [-0.00000384450135201, -1.00000137291169033, -0.00000009605513777, -260.07525786245241761]
    [1.00000137291097047, -0.00000384450123632, -0.00000120380384577, 345.44378619117196649]
    [0.00000120380347648, -0.00000009605976579, 1.00000137291835611, 150.31479794904589653]
  #224 objects/planets/flora/grass/cypress_debris_01/cypress_debris_01.cgf
    [-0.70710798437807876, 0.70710622357024366, 0.00000040869400561, -233.88989402027800679]
    [-0.70710622357034469, -0.70710798437781608, -0.00000062909349241, 774.22828527109231800]
    [-0.00000015584505802, -0.00000073382677132, 1.00000045649119840, 148.74741595797240734]
  #225 objects/buildingsets/human/brand/decal/logo/secondary_logo_txt_lrg.cgf
    [0.00000288220057484, 2.12821303490660441, 0.00000317041252022, -385.31169270304962993]
    [-0.00000015036544719, -0.00000317041231596, 2.12821303490855085, 327.54476848384365439]
    [2.12821303490896030, -0.00000288220079801, 0.00000015036115435, 148.70683377236127853]
  #226 objects/planets/flora/flower/daisy_01/daisy_01_a.cgf
    [-0.29237039701700601, -0.95630514517932852, -0.00000029608621959, -5.71490659983828664]
    [0.95630514517881893, -0.29237039701715589, 0.00000098729427409, -13.41422048234380782]
    [-0.00000103072145013, 0.00000000550684374, 0.99999998987368199, 80.54249364696443081]
  #227 objects/buildingsets/human/hightech/loc/stanton/orison/flag/flag_base_b.cgf
    [-0.00000384450135201, -1.00000137291169033, -0.00000009605513777, -259.31496126344427466]
    [1.00000137291097047, -0.00000384450123632, -0.00000120380384577, 345.44379006512463093]
    [0.00000120380347648, -0.00000009605976579, 1.00000137291835611, 148.66712662577629089]
  #228 objects/planets/flora/grass/cypress_debris_01/cypress_debris_01.cgf
    [-0.70710798437807876, 0.70710622357024366, 0.00000040869400561, 69.34185821516439319]
    [-0.70710622357034469, -0.70710798437781608, -0.00000062909349241, 906.96003847394604236]
    [-0.00000015584505802, -0.00000073382677132, 1.00000045649119840, 79.74741626344621181]
  #229 objects/buildingsets/human/hightech/prop/light/lamp/lamp_planter_1_d.cgf
    [-0.52992118056853599, -0.84804692998523101, -0.00000008481768716, -209.05360724637284875]
    [0.84804692998520237, -0.52992118056854065, 0.00000022543067227, 810.98049989738501608]
    [-0.00000023612247219, 0.00000004753110752, 1.00000002653623765, 148.75000007823109627]
  #230 objects/buildingsets/human/hightech/prop/light/lamp/lamp_planter_1_f.cgf
    [-1.49999977322166012, -0.00000095260038713, -0.00000054118694633, -232.07082685129716992]
    [0.00000054118744984, -0.00000079284201291, -1.49999977322175315, 741.69612091989256442]
    [0.00000095260010108, -1.49999977322154820, 0.00000079284235697, 153.82791089452803135]
  #231 objects/planets/flora/grass/cypress_debris_01/cypress_debris_01.cgf
    [0.00000321910358402, -1.00000175018485460, 0.00000156215695069, -59.77565819816663861]
    [1.00000175018607163, 0.00000321910345856, -0.00000008032266596, 734.58586009242571890]
    [0.00000008031763722, 0.00000156215720925, 1.00000175019003290, 79.74741583131253719]
  #232 objects/buildingsets/human/hightech/loc/stanton/orison/organics/rock/rock_sharp_a.cgf
    [-1.93289129601068677, -0.70351296688363052, 0.00000447682641155, -3.09511907352134585]
    [0.70351296687864395, -1.93289129601549714, -0.00000290894260474, -165.09010674827732146]
    [0.00000520175664944, -0.00000120235167768, 2.05693929340630266, 79.74741694517433643]
  #233 objects/planets/flora/grass/cypress_debris_01/cypress_debris_01.cgf
    [0.00000321910358402, -1.00000175018485460, 0.00000156215695069, 20.22434111358597875]
    [1.00000175018607163, 0.00000321910345856, -0.00000008032266596, -77.41413957846816629]
    [0.00000008031763722, 0.00000156215720925, 1.00000175019003290, 79.74741548299789429]
  #234 objects/planets/flora/tree/cypress_01/cypress_01_a_mega_wind.cgf
    [-0.70710798437807876, 0.70710622357024366, 0.00000040869400561, 20.80225673457607627]
    [-0.70710622357034469, -0.70710798437781608, -0.00000062909349241, -77.08308899251278490]
    [-0.00000015584505802, -0.00000073382677132, 1.00000045649119840, 79.74741549417376518]
  #235 objects/buildingsets/human/hightech/loc/stanton/orison/organics/rock/rock_sharp_a.cgf
    [-1.93289129601068677, -0.70351296688363052, 0.00000447682641155, -209.85411065677180886]
    [0.70351296687864395, -1.93289129601549714, -0.00000290894260474, 806.14754678728058934]
    [0.00000520175664944, -0.00000120235167768, 2.05693929340630266, 148.75000091642141342]
  #236 objects/buildingsets/human/hightech/prop/light/lamp/lamp_planter_1_large_b.cgf
    [0.59671316518711093, 0.06271386127100664, -0.00000022618087009, -214.40180244436487556]
    [-0.06271386127098988, 0.59671316518715301, 0.00000005584435423, 809.61190231307409704]
    [0.00000023077898192, -0.00000003189732583, 0.59999969158586774, 148.69998614676296711]
  #237 objects/planets/flora/grass/cotton_grass_01/cotton_grass_01_a.cgf
    [-0.99999991035573721, -0.00000138767027421, 0.00000012697756731, -223.05383380362764001]
    [0.00000138767035544, -0.99999991035554070, 0.00000063975172048, 820.96961184521205723]
    [0.00000012697667954, 0.00000063975189668, 0.99999991035649582, 149.47126810066401958]
  #238 objects/buildingsets/human/hightech/prop/light/lamp/lamp_planter_1_f.cgf
    [1.49999948822983131, -0.00000017236440278, 0.00000054271940329, -232.07660988485440612]
    [-0.00000054271946286, -0.00000051836194558, 1.49999948822975160, 728.13476077758241445]
    [-0.00000017236421523, -1.49999948822983997, -0.00000051836200795, 153.82791448943316936]
  #239 objects/planets/flora/grass/cypress_debris_01/cypress_debris_01.cgf
    [-0.70710798437807876, 0.70710622357024366, 0.00000040869400561, -225.88989490782842040]
    [-0.70710622357034469, -0.70710798437781608, -0.00000062909349241, 172.72828503418713808]
    [-0.00000015584505802, -0.00000073382677132, 1.00000045649119840, 148.74741597473621368]
  #240 objects/buildingsets/human/hightech/loc/stanton/orison/flag/flag_base_b.cgf
    [-0.00000384450135201, -1.00000137291169033, -0.00000009605513777, -259.31496045039966702]
    [1.00000137291097047, -0.00000384450123632, -0.00000120380384577, 419.60165896080434322]
    [0.00000120380347648, -0.00000009605976579, 1.00000137291835611, 148.66712715104222298]
  #241 objects/buildingsets/human/hightech/loc/stanton/orison/flag/flag_pole_a.cgf
    [-0.00000384450135201, -1.00000137291169033, -0.00000009605513777, -260.07525831134989858]
    [1.00000137291097047, -0.00000384450123632, -0.00000120380384577, 528.69068518979474902]
    [0.00000120380347648, -0.00000009605976579, 1.00000137291835611, 150.31479840353131294]
  #242 objects/planets/flora/grass/rosemary_01/rosemary_01_dense_b.cgf
    [-0.70710740787076831, -0.70710594598447019, 0.00000070914571786, -183.66338349366560578]
    [0.70710594598466270, -0.70710740787093074, 0.00000002999213567, 826.47819211566820741]
    [0.00000048023464370, 0.00000052264889204, 0.99999985255614399, 149.70209397375583649]
  #243 objects/planets/flora/tree/apaaj_01/apaaj_01_small_e.cgf
    [0.98480707845038251, -0.17365054231182014, -0.00000016067287394, -211.22219545254483819]
    [0.17365054231183175, 0.98480707845039173, 0.00000006122588510, 809.90631495614070445]
    [0.00000014759991286, -0.00000008819663910, 0.99999974630554944, 147.75000023096799850]
  #244 objects/planets/flora/grass/cypress_debris_01/cypress_debris_01.cgf
    [0.00000321910358402, -1.00000175018485460, 0.00000156215695069, -108.31480739405378699]
    [1.00000175018607163, 0.00000321910345856, -0.00000008032266596, -91.80334633111488074]
    [0.00000008031763722, 0.00000156215720925, 1.00000175019003290, 81.53776861727237701]
  #245 objects/buildingsets/citysets/hightech/addon/large/ht_lrg_addon_banner_001_a.cgf
    [-0.00000051972279730, 0.99999969954745982, 0.00000037046131720, -388.14800124382600188]
    [-0.99999969954734169, -0.00000051972302367, 0.00000061119766430, 326.78425276209600270]
    [0.00000061119785683, -0.00000037046099955, 0.99999969954740819, 137.38557685166597366]
  #246 objects/planets/flora/grass/cypress_debris_01/cypress_debris_01.cgf
    [0.00000321910358402, -1.00000175018485460, 0.00000156215695069, -59.77565858839079738]
    [1.00000175018607163, 0.00000321910345856, -0.00000008032266596, 99.58586018998175859]
    [0.00000008031763722, 0.00000156215720925, 1.00000175019003290, 79.74741609022021294]
  #247 objects/planets/flora/tree/cypress_01/cypress_01_a_mega_wind.cgf
    [-0.70710798437807876, 0.70710622357024366, 0.00000040869400561, -59.19774296833202243]
    [-0.70710622357034469, -0.70710798437781608, -0.00000062909349241, 99.91691077593713999]
    [-0.00000015584505802, -0.00000073382677132, 1.00000045649119840, 79.74741610325872898]
  #248 objects/planets/flora/grass/cypress_debris_01/cypress_debris_01.cgf
    [-0.70710798437807876, 0.70710622357024366, 0.00000040869400561, 68.34185820305719972]
    [-0.70710622357034469, -0.70710798437781608, -0.00000062909349241, 871.46003903751261532]
    [-0.00000015584505802, -0.00000073382677132, 1.00000045649119840, 79.74741585738956928]
  #249 objects/planets/flora/tree/cypress_01/cypress_01_a_mega_wind.cgf
    [-0.70710798437807876, 0.70710622357024366, 0.00000040869400561, -107.73689177213236690]
    [-0.70710622357034469, -0.70710798437781608, -0.00000062909349241, -91.47229574539232999]
    [-0.00000015584505802, -0.00000073382677132, 1.00000045649119840, 81.53776862844824791]
  #250 objects/buildingsets/human/hightech/prop/light/lamp/lamp_planter_1_large_b.cgf
    [0.95474161419403980, 0.10034622165374245, 0.00000023813958464, -213.72808299260213971]
    [-0.10034622165377011, 0.95474161419406112, 0.00000010191277526, 810.30273627059068531]
    [-0.00000022618239774, -0.00000012624657813, 0.96000047608009675, 148.69998604618012905]
  #251 objects/planets/flora/grass/rosemary_01/rosemary_01_dense_b.cgf
    [-1.00000012325478527, -0.00000016924750857, 0.00000016398527482, -188.27434650203213096]
    [0.00000016924758603, -1.00000012325468712, 0.00000047237892092, 826.34291062550619245]
    [0.00000016398519487, 0.00000047237894867, 1.00000012325468823, 149.70209596678614616]
  #252 objects/planets/flora/tree/apaaj_01/apaaj_01_leafpile_c.cgf
    [-1.73205178855758035, -0.99999869392412133, -0.00000056384007505, -212.67400259757414460]
    [0.99999869392396790, -1.73205178855765518, 0.00000060417973080, 809.21049048972781748]
    [-0.00000079038949840, 0.00000024131559865, 2.00000019652376482, 148.75000027567148209]
  #253 objects/planets/flora/tree/cypress_01/cypress_01_a_subtle_wind.cgf
    [0.12186702529572535, 0.99254651579845399, -0.00000033348917604, 66.65516885044053197]
    [-0.99254651579783404, 0.12186702529524340, -0.00000120803047647, 347.98845383478328586]
    [-0.00000115838501510, 0.00000047822256262, 1.00000007893830722, 79.74741539545357227]
  #254 objects/planets/flora/tree/apaaj_01/apaaj_01_leafpile_d.cgf
    [0.51763729228058963, 1.93185064000849938, -0.00000025818007654, -3.28479914227500558]
    [-1.93185064000834039, 0.51763729228065181, 0.00000078462943401, -161.45387170463800430]
    [0.00000082471574348, 0.00000004630597265, 1.99999881541470259, 79.74741628952324390]
  #255 objects/planets/flora/grass/cotton_grass_01/cotton_grass_01_a.cgf
    [0.70710602499026776, 0.70710807820264332, 0.00000054761854813, -155.87290951376780868]
    [-0.70710807820283494, 0.70710602499022146, 0.00000030709487043, 823.58981081750243902]
    [-0.00000017007504608, -0.00000060437390116, 1.00000038241836608, 149.43969577178359032]
  #256 objects/buildingsets/human/hightech/prop/light/lamp/lamp_planter_1_d.cgf
    [0.92718374341913146, -0.37460802564146456, 0.00000011198144453, -162.42545336717739701]
    [0.37460802564136686, 0.92718374341904042, 0.00000050455280426, 803.57642023649532348]
    [-0.00000029283677784, -0.00000042586382536, 1.00000043346763379, 148.75000261515378952]
  #257 objects/planets/flora/grass/cotton_grass_01/cotton_grass_01_a.cgf
    [0.70710602499026776, 0.70710807820264332, 0.00000054761854813, -154.41698174411430955]
    [-0.70710807820283494, 0.70710602499022146, 0.00000030709487043, 822.42588347988203168]
    [-0.00000017007504608, -0.00000060437390116, 1.00000038241836608, 149.43969589844346046]
  #258 objects/planets/flora/tree/apaaj_01/apaaj_01_small_e.cgf
    [0.98480707845038251, -0.17365054231182014, -0.00000016067287394, -4.46320387022569776]
    [0.17365054231183175, 0.98480707845039173, 0.00000006122588510, -161.33133858058135957]
    [0.00000014759991286, -0.00000008819663910, 0.99999974630554944, 78.74741625972092152]
  #259 objects/buildingsets/human/hightech/prop/light/lamp/lamp_planter_1_large_b.cgf
    [0.72452368368673226, 0.62981552462519719, 0.00000026587046255, -168.23432296188548207]
    [-0.62981552462522017, 0.72452368368676101, -0.00000000552989940, 805.52156323648523539]
    [-0.00000020428336795, -0.00000017025271869, 0.96000112670866400, 148.69998657330870628]
  #260 objects/planets/flora/grass/cypress_debris_01/cypress_debris_01.cgf
    [0.00000321910358402, -1.00000175018485460, 0.00000156215695069, -199.77565821772441268]
    [1.00000175018607163, 0.00000321910345856, -0.00000008032266596, 84.58586027740966529]
    [0.00000008031763722, 0.00000156215720925, 1.00000175019003290, 148.74741576053202152]
  #261 objects/planets/flora/grass/cypress_debris_01/cypress_debris_01.cgf
    [-0.70710798437807876, 0.70710622357024366, 0.00000040869400561, -58.38989408174529672]
    [-0.70710622357034469, -0.70710798437781608, -0.00000062909349241, 735.22828501660842448]
    [-0.00000015584505802, -0.00000073382677132, 1.00000045649119840, 79.74741577170789242]
  #262 objects/buildingsets/human/brand/decal/logo/secondary_logo_txt_lrg.cgf
    [0.00000237275209318, -2.12821232150128470, -0.00000393614415636, -385.33993382239714265]
    [-0.00000073275910134, 0.00000393614334014, -2.12821232150248152, 327.00475156249012798]
    [2.12821232150479833, 0.00000237275344765, -0.00000073275471222, 148.70683392509818077]
  #263 objects/planets/flora/grass/cypress_debris_01/cypress_debris_01.cgf
    [-0.70710798437807876, 0.70710622357024366, 0.00000040869400561, -73.88989431643858552]
    [-0.70710622357034469, -0.70710798437781608, -0.00000062909349241, 275.72828577621839941]
    [-0.00000015584505802, -0.00000073382677132, 1.00000045649119840, 148.74741645902395248]
  #264 objects/planets/flora/tree/cypress_01/cypress_01_a_subtle_wind.cgf
    [-0.70710798437807876, 0.70710622357024366, 0.00000040869400561, -4.69774282397702336]
    [-0.70710622357034469, -0.70710798437781608, -0.00000062909349241, 126.91691111959517002]
    [-0.00000015584505802, -0.00000073382677132, 1.00000045649119840, 79.74741539545357227]
  #265 objects/planets/flora/grass/cypress_debris_01/cypress_debris_01.cgf
    [-0.70710798437807876, 0.70710622357024366, 0.00000040869400561, -21.15814134897664189]
    [-0.70710622357034469, -0.70710798437781608, -0.00000062909349241, 452.96003913716413081]
    [-0.00000015584505802, -0.00000073382677132, 1.00000045649119840, 79.74741563387215137]
  #266 objects/buildingsets/human/hightech/loc/stanton/orison/planter/planter_04x04x02_cap_001_a.cgf
    [0.00000024430014125, -0.99999990601272193, 0.00000037046128440, -158.69774171663448215]
    [0.99999990601275945, 0.00000024430023351, 0.00000024907082518, 822.41691523441113532]
    [-0.00000024907091568, 0.00000037046122355, 0.99999990601272104, 147.64720481447875500]
  #267 objects/buildingsets/human/hightech/loc/stanton/orison/planter/planter_06x06x02_cap_001_a.cgf
    [0.46947134237083449, -0.88294734320704515, -0.00000052455750899, -4.61579223675653338]
    [0.88294734320713397, 0.46947134237048432, 0.00000066876473323, -16.21440881420858204]
    [-0.00000034421943804, -0.00000077712278768, 0.99999967609165030, 78.75000358745455742]
  #268 objects/buildingsets/human/hightech/loc/stanton/orison/planter/planter_08x04x02_bridge_junction_001_a.cgf
    [0.00000024430014125, -0.99999990601272193, 0.00000037046128440, -158.69774171663448215]
    [0.99999990601275945, 0.00000024430023351, 0.00000024907082518, 822.41691523441113532]
    [-0.00000024907091568, 0.00000037046122355, 0.99999990601272104, 147.64720481447875500]
  #269 objects/planets/flora/grass/cypress_debris_01/cypress_debris_01.cgf
    [-0.70710798437807876, 0.70710622357024366, 0.00000040869400561, -106.92904327763244510]
    [-0.70710622357034469, -0.70710798437781608, -0.00000062909349241, -91.16092140739783645]
    [-0.00000015584505802, -0.00000073382677132, 1.00000045649119840, 81.53776855580508709]
  #270 objects/planets/flora/grass/cypress_debris_01/cypress_debris_01.cgf
    [-0.70710798437807876, 0.70710622357024366, 0.00000040869400561, -5.30194980790838599]
    [-0.70710622357034469, -0.70710798437781608, -0.00000062909349241, 126.23941554210614413]
    [-0.00000015584505802, -0.00000073382677132, 1.00000045649119840, 79.74741517566144466]
  #271 objects/planets/flora/grass/cotton_grass_01/cotton_grass_01_a.cgf
    [-0.99999991035573721, -0.00000138767027421, 0.00000012697756731, -216.98770850105211139]
    [0.00000138767035544, -0.99999991035554070, 0.00000063975172048, 823.32120264531113207]
    [0.00000012697667954, 0.00000063975189668, 0.99999991035649582, 149.47126755863428116]
  #272 objects/planets/flora/grass/cypress_debris_01/cypress_debris_01.cgf
    [0.12186702529572535, 0.99254651579845399, -0.00000033348917604, 66.81705466238781810]
    [-0.99254651579783404, 0.12186702529524340, -0.00000120803047647, 347.09522454545367509]
    [-0.00000115838501510, 0.00000047822256262, 1.00000007893830722, 79.74741436913609505]
  #273 objects/planets/flora/tree/apaaj_01/apaaj_01_leafpile_d.cgf
    [0.51763729228058963, 1.93185064000849938, -0.00000025818007654, -282.46245158975943923]
    [-1.93185064000834039, 0.51763729228065181, 0.00000078462943401, 351.92630233010277152]
    [0.00000082471574348, 0.00000004630597265, 1.99999881541470259, 137.24999965168535709]
  #274 objects/planets/flora/tree/apaaj_01/apaaj_01_leafpile_c.cgf
    [-1.63830517216905958, -1.14715172831738754, -0.00000102935088976, -164.68163206474855542]
    [1.14715172831682444, -1.63830517216933536, 0.00000120361857572, 807.68432439479511231]
    [-0.00000153356183071, 0.00000039553639711, 2.00000023123399018, 148.75000064447522163]
  #275 objects/buildingsets/human/hightech/loc/stanton/orison/planter/planter_06x06x02_cap_001_a.cgf
    [-0.00000051972279730, 0.99999969954745982, 0.00000037046131720, -180.49872074602171779]
    [-0.99999969954734169, -0.00000051972302367, 0.00000061119766430, 828.82774392946157604]
    [0.00000061119785683, -0.00000037046099955, 0.99999969954740819, 147.64720234833657742]
  #276 objects/planets/flora/grass/cypress_debris_01/cypress_debris_01.cgf
    [0.00000321910358402, -1.00000175018485460, 0.00000156215695069, -171.27565910434350371]
    [1.00000175018607163, 0.00000321910345856, -0.00000008032266596, 518.58586017077323049]
    [0.00000008031763722, 0.00000156215720925, 1.00000175019003290, 148.74741648510098457]
  #277 objects/buildingsets/human/hightech/prop/light/lamp/lamp_planter_1_large_b.cgf
    [0.45282739661210469, 0.39363342296410697, -0.00000017917586860, -168.88202539691701531]
    [-0.39363342296403891, 0.45282739661213556, 0.00000024012121201, 805.13009570853319019]
    [0.00000029275915926, -0.00000006367309489, 0.59999993566406173, 148.69998656027019024]
  #278 objects/planets/flora/grass/cypress_debris_01/cypress_debris_01.cgf
    [-0.70710798437807876, 0.70710622357024366, 0.00000040869400561, 21.61010522814467549]
    [-0.70710622357034469, -0.70710798437781608, -0.00000062909349241, -76.77171465428546071]
    [-0.00000015584505802, -0.00000073382677132, 1.00000045649119840, 79.74741542153060436]
  #279 objects/buildingsets/human/hightech/loc/stanton/orison/flag/flag_base_b.cgf
    [-0.00000384450135201, -1.00000137291169033, -0.00000009605513777, -259.31496171327307820]
    [1.00000137291097047, -0.00000384450123632, -0.00000120380384577, 528.69068906258326024]
    [0.00000120380347648, -0.00000009605976579, 1.00000137291835611, 148.66712708212435246]
  #280 objects/planets/flora/grass/cypress_debris_01/cypress_debris_01.cgf
    [0.00000321910358402, -1.00000175018485460, 0.00000156215695069, 26.90411624545231462]
    [1.00000175018607163, 0.00000321910345856, -0.00000008032266596, 626.56487504148390144]
    [0.00000008031763722, 0.00000156215720925, 1.00000175019003290, 126.01700690761208534]
  #281 objects/planets/flora/grass/cypress_debris_01/cypress_debris_01.cgf
    [0.00000321910358402, -1.00000175018485460, 0.00000156215695069, -4.27565879886969924]
    [1.00000175018607163, 0.00000321910345856, -0.00000008032266596, 154.58585993980523199]
    [0.00000008031763722, 0.00000156215720925, 1.00000175019003290, 148.74741572141647339]
  #282 objects/planets/flora/grass/cotton_grass_01/cotton_grass_01_a.cgf
    [-1.00000012325478527, -0.00000016924750857, 0.00000016398527482, -157.87213738774880767]
    [0.00000016924758603, -1.00000012325468712, 0.00000047237892092, 824.05554070696234703]
    [0.00000016398519487, 0.00000047237894867, 1.00000012325468823, 149.43969630636274815]
  #283 objects/planets/flora/tree/cypress_01/cypress_01_a_mega_wind.cgf
    [-0.70710798437807876, 0.70710622357024366, 0.00000040869400561, -3.69774317694827914]
    [-0.70710622357034469, -0.70710798437781608, -0.00000062909349241, 154.91691052529495209]
    [-0.00000015584505802, -0.00000073382677132, 1.00000045649119840, 148.74741573445498943]
  #284 objects/planets/flora/tree/cypress_01/cypress_01_a_mega_wind.cgf
    [-0.70710798437807876, 0.70710622357024366, 0.00000040869400561, -199.19774259673431516]
    [-0.70710622357034469, -0.70710798437781608, -0.00000062909349241, 84.91691086336504668]
    [-0.00000015584505802, -0.00000073382677132, 1.00000045649119840, 148.74741577543318272]
  #285 objects/planets/flora/flower/daisy_01/daisy_01_a.cgf
    [-0.29237039701700601, -0.95630514517932852, -0.00000029608621959, -1.31847556727007031]
    [0.95630514517881893, -0.29237039701715589, 0.00000098729427409, -15.77153262658976018]
    [-0.00000103072145013, 0.00000000550684374, 0.99999998987368199, 80.54249778948724270]
  #286 objects/planets/flora/grass/rosemary_01/rosemary_01_dense_b.cgf
    [-0.70710740787076831, -0.70710594598447019, 0.00000070914571786, 8.69544259319081903]
    [0.70710594598466270, -0.70710740787093074, 0.00000002999213567, 145.73483635659795254]
    [0.00000048023464370, 0.00000052264889204, 0.99999985255614399, 80.80488199926912785]
  #287 objects/planets/flora/tree/cypress_01/cypress_01_a_subtle_wind.cgf
    [-0.70710798437807876, 0.70710622357024366, 0.00000040869400561, -51.19774318346753716]
    [-0.70710622357034469, -0.70710798437781608, -0.00000062909349241, 113.41691139293834567]
    [-0.00000015584505802, -0.00000073382677132, 1.00000045649119840, 79.74741609953343868]
  #288 objects/buildingsets/human/hightech/loc/stanton/orison/planter/planter_06x06x02_cap_002_a.cgf
    [-0.00000051972279730, 0.99999969954745982, 0.00000037046131720, -196.49871359998360276]
    [-0.99999969954734169, -0.00000051972302367, 0.00000061119766430, 828.82774946175049990]
    [0.00000061119785683, -0.00000037046099955, 0.99999969954740819, 147.64720896817743778]
  #289 objects/planets/flora/grass/cypress_debris_01/cypress_debris_01.cgf
    [0.00000321910358402, -1.00000175018485460, 0.00000156215695069, -181.27565838536247611]
    [1.00000175018607163, 0.00000321910345856, -0.00000008032266596, 480.08586022316012532]
    [0.00000008031763722, 0.00000156215720925, 1.00000175019003290, 148.74741586297750473]
  #290 objects/buildingsets/human/hightech/prop/light/lamp/lamp_planter_1_f.cgf
    [-1.06065977529596989, -0.00000087376899349, -1.06065949261186865, -307.05597717734053731]
    [1.06065949261183978, 0.00000041046706221, -1.06065977529627919, 407.06479480594862252]
    [0.00000090809206721, -1.49999923939927249, 0.00000032760381649, 142.33050002530217171]
  #291 objects/planets/flora/grass/cypress_debris_01/cypress_debris_01.cgf
    [-0.70710798437807876, 0.70710622357024366, 0.00000040869400561, -4.15814144304022193]
    [-0.70710622357034469, -0.70710798437781608, -0.00000062909349241, 126.96003903809469193]
    [-0.00000015584505802, -0.00000073382677132, 1.00000045649119840, 79.74741524457931519]
  #292 objects/planets/flora/grass/cypress_debris_01/cypress_debris_01.cgf
    [0.12186702529572535, 0.99254651579845399, -0.00000033348917604, 66.95339569868519902]
    [-0.99254651579783404, 0.12186702529524340, -0.00000120803047647, 348.44021713861729950]
    [-0.00000115838501510, 0.00000047822256262, 1.00000007893830722, 79.74741604737937450]
  #293 objects/planets/flora/grass/rosemary_01/rosemary_01_dense_b.cgf
    [0.70710500721449354, -0.70710771923881688, -0.00000041374237611, -69.01515878876671195]
    [0.70710771923866833, 0.70710500721461389, -0.00000045966086820, 316.05456711619626731]
    [0.00000061758941903, 0.00000003246809279, 0.99999940891718508, 80.80489001795649529]
  #294 objects/planets/flora/tree/cypress_01/cypress_01_a_mega_wind.cgf
    [-0.70710798437807876, 0.70710622357024366, 0.00000040869400561, -170.69774348428472877]
    [-0.70710622357034469, -0.70710798437781608, -0.00000062909349241, 518.91691075626295060]
    [-0.00000015584505802, -0.00000073382677132, 1.00000045649119840, 148.74741649813950062]
  #295 objects/planets/flora/grass/cotton_grass_01/cotton_grass_01_a.cgf
    [-0.70710577572119626, -0.70710786737160580, 0.00000026230589513, -159.62979351496323943]
    [0.70710786737161602, -0.70710577572098665, 0.00000059240807597, 824.23109857772942632]
    [-0.00000023341838444, 0.00000060437369971, 1.00000005707837092, 149.43969692476093769]
  #296 objects/planets/flora/grass/cypress_debris_01/cypress_debris_01.cgf
    [-0.70710798437807876, 0.70710622357024366, 0.00000040869400561, -58.38989447383210063]
    [-0.70710622357034469, -0.70710798437781608, -0.00000062909349241, 100.22828511393163353]
    [-0.00000015584505802, -0.00000073382677132, 1.00000045649119840, 79.74741603061556816]
  #297 objects/planets/flora/tree/apaaj_01/apaaj_01_leafpile_c.cgf
    [-1.63830517216905958, -1.14715172831738754, -0.00000102935088976, -168.28651400329545140]
    [1.14715172831682444, -1.63830517216933536, 0.00000120361857572, 805.68311806069687009]
    [-0.00000153356183071, 0.00000039553639711, 2.00000023123399018, 148.75000050477683544]
  #298 objects/planets/flora/tree/cypress_01/cypress_01_a_mega_wind.cgf
    [-0.70710798437807876, 0.70710622357024366, 0.00000040869400561, 27.48203186644241214]
    [-0.70710622357034469, -0.70710798437781608, -0.00000062909349241, 626.89592562767211348]
    [-0.00000015584505802, -0.00000073382677132, 1.00000045649119840, 126.01700692251324654]
  #299 objects/buildingsets/human/hightech/prop/utility/waste/waste_recycle_2_a.cgf
    [0.00000024430014125, -0.99999990601272193, 0.00000037046128440, -78.41932975361123681]
    [0.99999990601275945, 0.00000024430023351, 0.00000024907082518, 538.99018513842020184]
    [-0.00000024907091568, 0.00000037046122355, 0.99999990601272104, 79.75051889941096306]
  #300 objects/planets/flora/grass/rosemary_01/rosemary_01_dense_b.cgf
    [-0.70710578098368226, 0.70710694546963215, 0.00000035369600073, -69.01515761902555823]
    [-0.70710694546956598, -0.70710578098376997, 0.00000030777955680, 311.01500176393892616]
    [0.00000046773382558, -0.00000003246821400, 0.99999940891574679, 80.80489020049571991]
  #301 objects/planets/flora/tree/cypress_01/cypress_01_a_mega_wind.cgf
    [-0.70710798437807876, 0.70710622357024366, 0.00000040869400561, -180.69774276530370116]
    [-0.70710622357034469, -0.70710798437781608, -0.00000062909349241, 480.41691080911550671]
    [-0.00000015584505802, -0.00000073382677132, 1.00000045649119840, 148.74741587787866592]
  #302 objects/planets/flora/grass/rosemary_01/rosemary_01_dense_b.cgf
    [0.70710676396637018, 0.70710540137126154, -0.00000002786750796, 13.73501025093719363]
    [-0.70710540137103861, 0.70710676396617755, 0.00000076700330500, 145.73483540350571275]
    [0.00000056205803844, -0.00000052264847585, 0.99999901214692044, 80.80488021112978458]
  #303 objects/buildingsets/human/hightech/loc/stanton/orison/planter/planter_08x06x02_straight_001_a.cgf
    [0.99999963235726896, -0.00000012200883412, -0.00000023844907296, -71.49999285722151399]
    [0.00000012200882951, 0.99999963235729716, -0.00000001931325031, 311.75001138588413596]
    [0.00000023844907532, 0.00000001931322122, 0.99999963235727618, 78.75000081583857536]
  #304 objects/planets/flora/grass/cypress_debris_01/cypress_debris_01.cgf
    [0.00000321910358402, -1.00000175018485460, 0.00000156215695069, -119.52303336607292295]
    [1.00000175018607163, 0.00000321910345856, -0.00000008032266596, 254.58813389623537660]
    [0.00000008031763722, 0.00000156215720925, 1.00000175019003290, 148.74741576053202152]
  #305 objects/planets/flora/tree/cypress_01/cypress_01_a_mega_wind.cgf
    [-0.70710798437807876, 0.70710622357024366, 0.00000040869400561, -118.94511774601414800]
    [-0.70710622357034469, -0.70710798437781608, -0.00000062909349241, 254.91918448265641928]
    [-0.00000015584505802, -0.00000073382677132, 1.00000045649119840, 148.74741577543318272]
  #306 objects/planets/flora/tree/apaaj_01/apaaj_01_leafpile_c.cgf
    [-1.63830517216905958, -1.14715172831738754, -0.00000102935088976, -169.58263027155771852]
    [1.14715172831682444, -1.63830517216933536, 0.00000120361857572, 809.45722374878823757]
    [-0.00000153356183071, 0.00000039553639711, 2.00000023123399018, 148.74999887496232986]
  #307 objects/planets/flora/tree/cypress_01/cypress_01_a_mega_wind.cgf
    [-0.70710798437807876, 0.70710622357024366, 0.00000040869400561, 59.80225703818723559]
    [-0.70710622357034469, -0.70710798437781608, -0.00000062909349241, 857.91691050271037966]
    [-0.00000015584505802, -0.00000073382677132, 1.00000045649119840, 79.74741601198911667]
  #308 objects/planets/flora/grass/cypress_debris_01/cypress_debris_01.cgf
    [-0.70710798437807876, 0.70710622357024366, 0.00000040869400561, -198.38989410316571593]
    [-0.70710622357034469, -0.70710798437781608, -0.00000062909349241, 85.22828520159237087]
    [-0.00000015584505802, -0.00000073382677132, 1.00000045649119840, 148.74741570279002190]
  #309 objects/planets/flora/grass/rosemary_01/rosemary_01_dense_b.cgf
    [0.00000013450146807, -1.00000010315348553, 0.00000000781491353, -69.15044765500351787]
    [1.00000010315346044, 0.00000013450146985, 0.00000022459211567, 328.72113044071011245]
    [-0.00000022459211672, 0.00000000781488332, 1.00000010315346977, 80.80488953180611134]
  #310 objects/buildingsets/human/hightech/loc/stanton/orison/planter/planter_08x06x02_straight_001_a.cgf
    [0.00000024430014125, -0.99999990601272193, 0.00000037046128440, 12.99999873479828238]
    [0.99999990601275945, 0.00000024430023351, 0.00000024907082518, 143.24999927263706923]
    [-0.00000024907091568, 0.00000037046122355, 0.99999990601272104, 78.74999228864908218]
  #311 objects/planets/flora/grass/rosemary_01/rosemary_01_dense_b.cgf
    [-1.00000012325478527, -0.00000016924750857, 0.00000016398527482, -3.97112657176330686]
    [0.00000016924758603, -1.00000012325468712, 0.00000047237892092, 145.59955277258995920]
    [0.00000016398519487, 0.00000047237894867, 1.00000012325468823, 80.80488652922213078]
  #312 objects/planets/flora/grass/cotton_grass_01/cotton_grass_01_a.cgf
    [-0.70710577572119626, -0.70710786737160580, 0.00000026230589513, -153.67756448546424508]
    [0.70710786737161602, -0.70710577572098665, 0.00000059240807597, 821.60452139633707702]
    [-0.00000023341838444, 0.00000060437369971, 1.00000005707837092, 149.43969610892236233]
  #313 objects/buildingsets/human/hightech/loc/stanton/orison/flag/flag_pole_a.cgf
    [0.00000262204729689, 1.00000225590868475, 0.00000070442197460, -132.11543201701715589]
    [-1.00000225590770353, 0.00000262204840145, -0.00000156801484528, 763.26823090855032206]
    [-0.00000156801669229, -0.00000070441786319, 1.00000225591089342, 150.31479937210679054]
  #314 objects/buildingsets/human/hightech/loc/stanton/orison/planter/planter_06x06x02_cap_002_a.cgf
    [0.46947134237083449, -0.88294734320704515, -0.00000052455750899, -4.61579223675653338]
    [0.88294734320713397, 0.46947134237048432, 0.00000066876473323, -16.21440881420858204]
    [-0.00000034421943804, -0.00000077712278768, 0.99999967609165030, 78.75000358745455742]
  #315 objects/planets/flora/grass/cypress_debris_01/cypress_debris_01.cgf
    [0.00000321910358402, -1.00000175018485460, 0.00000156215695069, 59.22434141626581550]
    [1.00000175018607163, 0.00000321910345856, -0.00000008032266596, 857.58585991675499827]
    [0.00000008031763722, 0.00000156215720925, 1.00000175019003290, 79.74741599522531033]
  #316 objects/buildingsets/human/hightech/loc/stanton/orison/organics/rock/rock_sharp_a.cgf
    [-1.01702682469791150, 1.45247062390769655, -0.00000134708614082, -165.83702253503724933]
    [-1.45247062390831050, -1.01702682469726668, 0.00000115862646824, 804.26890739868395030]
    [0.00000017643768416, 0.00000176802887626, 1.77313690263007828, 148.75000157393515110]
  #317 objects/buildingsets/human/hightech/loc/stanton/orison/base/base_08x08x04_canopy_cap_002.cgf
    [-0.70710648874125603, -0.70710704769891652, -0.00000004068994701, -314.41421503340825438]
    [0.70710704769889143, -0.70710648874121296, -0.00000031280879285, 414.73527407192159444]
    [0.00000019241717998, -0.00000024996128004, 0.99999998166268456, 137.25000348687171936]
  #318 objects/buildingsets/human/hightech/prop/light/lamp/lamp_planter_1_f.cgf
    [1.06065817875230328, 0.00000125521992367, 1.06066022947347860, -316.64938683481886983]
    [-1.06066022947408123, 0.00000048456950329, 1.06065817875233281, 397.47955697833094746]
    [0.00000054493094881, -1.49999863151292612, 0.00000123021742846, 142.33048981055617332]
  #319 objects/planets/flora/tree/apaaj_01/apaaj_01_small_b.cgf
    [0.99619436147793272, -0.08715806338024704, -0.00000033116177485, -164.42281162692233920]
    [0.08715806338036608, 0.99619436147791096, 0.00000036383676277, 806.71839850058313459]
    [0.00000029819022490, -0.00000039131560261, 0.99999986692623555, 147.75000104121863842]
  #320 objects/planets/flora/grass/cypress_debris_01/cypress_debris_01.cgf
    [-0.70710798437807876, 0.70710622357024366, 0.00000040869400561, -2.88989468524232507]
    [-0.70710622357034469, -0.70710798437781608, -0.00000062909349241, 155.22828486352227628]
    [-0.00000015584505802, -0.00000073382677132, 1.00000045649119840, 148.74741566181182861]
  #321 objects/planets/flora/tree/cypress_01/cypress_01_a_subtle_wind.cgf
    [-0.70710798437807876, 0.70710622357024366, 0.00000040869400561, -28.19774327194318175]
    [-0.70710622357034469, -0.70710798437781608, -0.00000062909349241, 116.91691134672146291]
    [-0.00000015584505802, -0.00000073382677132, 1.00000045649119840, 79.74741578102111816]
  #322 objects/planets/flora/tree/cypress_01/cypress_01_a_mega_wind.cgf
    [-0.70710798437807876, 0.70710622357024366, 0.00000040869400561, -8.69774321233853698]
    [-0.70710622357034469, -0.70710798437781608, -0.00000062909349241, -144.58308888389728963]
    [-0.00000015584505802, -0.00000073382677132, 1.00000045649119840, 79.74741639383137226]
  #323 objects/buildingsets/human/hightech/loc/stanton/orison/flag/flag_pole_a.cgf
    [-0.00000384450135201, -1.00000137291169033, -0.00000009605513777, 41.85823379969224334]
    [1.00000137291097047, -0.00000384450123632, -0.00000120380384577, 1043.86579060938674957]
    [0.00000120380347648, -0.00000009605976579, 1.00000137291835611, 80.93254252523183823]
  #324 objects/buildingsets/human/hightech/loc/stanton/orison/planter/planter_08x06x02_straight_001_a.cgf
    [0.99999963235726896, -0.00000012200883412, -0.00000023844907296, -71.49999671010300517]
    [0.00000012200882951, 0.99999963235729716, -0.00000001931325031, 319.75000718235969543]
    [0.00000023844907532, 0.00000001931322122, 0.99999963235727618, 78.75000052712857723]
  #325 objects/planets/flora/grass/cypress_debris_01/cypress_debris_01.cgf
    [0.00000321910358402, -1.00000175018485460, 0.00000156215695069, -81.27565892832353711]
    [1.00000175018607163, 0.00000321910345856, -0.00000008032266596, 49.08586062747053802]
    [0.00000008031763722, 0.00000156215720925, 1.00000175019003290, 148.74741608835756779]
  #326 objects/planets/flora/grass/rosemary_01/rosemary_01_dense_b.cgf
    [0.00000016778239824, 1.00000032975481123, 0.00000000781488671, -69.01515969401225448]
    [-1.00000032975479636, 0.00000016778239968, -0.00000017285227624, 319.97437805647496134]
    [-0.00000017285227755, -0.00000000781485771, 1.00000032975481035, 80.80488987639546394]
  #327 objects/buildingsets/human/hightech/loc/stanton/orison/flag/flag_base_b.cgf
    [0.00000262204729689, 1.00000225590868475, 0.00000070442197460, -132.87572721904143691]
    [-1.00000225590770353, 0.00000262204840145, -0.00000156801484528, 763.26822904066648334]
    [-0.00000156801669229, -0.00000070441786319, 1.00000225591089342, 148.66712678968906403]
  #328 objects/planets/flora/grass/rosemary_01/rosemary_01_dense_b.cgf
    [-0.70710578098368226, 0.70710694546963215, 0.00000035369600073, 88.51516621420159936]
    [-0.70710694546956598, -0.70710578098376997, 0.00000030777955680, 406.44544034160207957]
    [0.00000046773382558, -0.00000003246821400, 0.99999940891574679, 80.80489027127623558]
  #329 objects/planets/flora/grass/cypress_debris_01/cypress_debris_01.cgf
    [-0.70710798437807876, 0.70710622357024366, 0.00000040869400561, -179.88989427173510194]
    [-0.70710622357034469, -0.70710798437781608, -0.00000062909349241, 480.72828514687716961]
    [-0.00000015584505802, -0.00000073382677132, 1.00000045649119840, 148.74741580337285995]
  #330 objects/planets/flora/grass/rosemary_01/rosemary_01_dense_b.cgf
    [1.00000039401310414, 0.00000048519708970, 0.00000063887890104, 4.77562986081466079]
    [-0.00000048519739150, 1.00000039401319651, 0.00000047237895636, 145.73483709921129048]
    [-0.00000063887867184, -0.00000047237926634, 1.00000039401311014, 80.80488339066505432]
  #331 objects/planets/flora/grass/cypress_debris_01/cypress_debris_01.cgf
    [-0.70710798437807876, 0.70710622357024366, 0.00000040869400561, -51.80195016739889979]
    [-0.70710622357034469, -0.70710798437781608, -0.00000062909349241, 112.73941581544931978]
    [-0.00000015584505802, -0.00000073382677132, 1.00000045649119840, 79.74741587974131107]
  #332 objects/planets/flora/tree/apaaj_01/apaaj_01_leafpile_d.cgf
    [0.51763729228058963, 1.93185064000849938, -0.00000025818007654, -210.04379072459414601]
    [-1.93185064000834039, 0.51763729228065181, 0.00000078462943401, 809.78378183161839843]
    [0.00000082471574348, 0.00000004630597265, 1.99999881541470259, 148.75000025890767574]
  #333 objects/planets/flora/grass/cypress_debris_01/cypress_debris_01.cgf
    [-0.70710798437807876, 0.70710622357024366, 0.00000040869400561, -169.88989498978480697]
    [-0.70710622357034469, -0.70710798437781608, -0.00000062909349241, 519.22828509542159736]
    [-0.00000015584505802, -0.00000073382677132, 1.00000045649119840, 148.74741642549633980]
  #334 objects/planets/flora/tree/cypress_01/cypress_01_a_mega_wind.cgf
    [-0.70710798437807876, 0.70710622357024366, 0.00000040869400561, -80.69774330826476216]
    [-0.70710622357034469, -0.70710798437781608, -0.00000062909349241, 49.41691121365875006]
    [-0.00000015584505802, -0.00000073382677132, 1.00000045649119840, 148.74741610325872898]
  #335 objects/buildingsets/human/hightech/loc/stanton/orison/planter/planter_08x06x02_straight_001_a.cgf
    [0.00000024430014125, -0.99999990601272193, 0.00000037046128440, 4.99999928148463368]
    [0.99999990601275945, 0.00000024430023351, 0.00000024907082518, 143.24999878648668528]
    [-0.00000024907091568, 0.00000037046122355, 0.99999990601272104, 78.74999512545764446]
  #336 objects/buildingsets/human/hightech/prop/light/lamp/lamp_planter_1_large_b.cgf
    [-0.90769817882471615, -0.31254498305934991, -0.00000054732099356, -7.91013000113889575]
    [0.31254498305855288, -0.90769817882442216, 0.00000115388283386, 812.26274341344833374]
    [-0.00000089316916344, 0.00000091282786425, 0.96000018243537055, 79.69740089401602745]
  #337 objects/planets/flora/grass/cypress_debris_01/cypress_debris_01.cgf
    [-0.70710798437807876, 0.70710622357024366, 0.00000040869400561, 28.28988036001101136]
    [-0.70710622357034469, -0.70710798437781608, -0.00000062909349241, 627.20729996613226831]
    [-0.00000015584505802, -0.00000073382677132, 1.00000045649119840, 126.01700684987008572]
  #338 objects/planets/flora/grass/rosemary_01/rosemary_01_dense_b.cgf
    [0.00000016778239824, 1.00000032975481123, 0.00000000781488671, 88.65044926060363650]
    [-1.00000032975479636, 0.00000016778239968, -0.00000017285227624, 393.77887164521962404]
    [-0.00000017285227755, -0.00000000781485771, 1.00000032975481035, 80.80488978326320648]
  #339 objects/buildingsets/human/hightech/prop/light/lamp/lamp_planter_1_d.cgf
    [0.89879451216367234, 0.43837052859349246, -0.00000016493241347, -11.97318673087283969]
    [-0.43837052859311121, 0.89879451216327932, 0.00000103332922512, 806.77860319882165641]
    [0.00000060122133793, -0.00000085644900101, 1.00000014771689094, 79.74741998687386513]
  #340 objects/buildingsets/human/hightech/loc/stanton/orison/flag/flag_base_b.cgf
    [-0.00000384450135201, -1.00000137291169033, -0.00000009605513777, 42.61853039776906371]
    [1.00000137291097047, -0.00000384450123632, -0.00000120380384577, 1043.86579448240809143]
    [0.00000120380347648, -0.00000009605976579, 1.00000137291835611, 79.28487120196223259]
  #341 objects/buildingsets/human/hightech/loc/stanton/orison/base/base_08x08x04_canopy_corner_001.cgf
    [-0.70710648874125603, -0.70710704769891652, -0.00000004068994701, -314.41421503340825438]
    [0.70710704769889143, -0.70710648874121296, -0.00000031280879285, 414.73527407192159444]
    [0.00000019241717998, -0.00000024996128004, 0.99999998166268456, 137.25000348687171936]
  #342 objects/planets/flora/grass/rosemary_01/rosemary_01_dense_b.cgf
    [-0.70710578098368226, 0.70710694546963215, 0.00000035369600073, -69.15044469805434346]
    [-0.70710694546956598, -0.70710578098376997, 0.00000030777955680, 324.58534061419777572]
    [0.00000046773382558, -0.00000003246821400, 0.99999940891574679, 80.80488968081772327]
  #343 objects/buildingsets/human/hightech/loc/stanton/orison/planter/planter_08x06x02_straight_001_a.cgf
    [-0.99999988499439008, -0.00000017279518136, 0.00000020466053574, 91.00000257743522525]
    [0.00000017279517741, -0.99999988499441084, -0.00000001931332130, 410.74999789986759424]
    [0.00000020466053907, -0.00000001931328594, 0.99999988499440506, 78.75000106915831566]
  #344 objects/buildingsets/human/hightech/prop/light/lamp/lamp_planter_1_large_b.cgf
    [-0.56731192017688381, -0.19533854370477388, -0.00000000332462293, -7.45623545115813613]
    [0.19533854370468604, -0.56731192017663801, 0.00000055954753211, 812.86833940690848976]
    [-0.00000018531217372, 0.00000052798095807, 0.59999996785930898, 79.69740033149719238]
  #345 objects/planets/flora/grass/cypress_debris_01/cypress_debris_01.cgf
    [-0.70710798437807876, 0.70710622357024366, 0.00000040869400561, -28.80195025773718953]
    [-0.70710622357034469, -0.70710798437781608, -0.00000062909349241, 116.23941577016375959]
    [-0.00000015584505802, -0.00000073382677132, 1.00000045649119840, 79.74741556122899055]
  #346 objects/planets/flora/grass/cypress_debris_01/cypress_debris_01.cgf
    [0.00000321910358402, -1.00000175018485460, 0.00000156215695069, -240.27565830247476697]
    [1.00000175018607163, 0.00000321910345856, -0.00000008032266596, 172.08585992513690144]
    [0.00000008031763722, 0.00000156215720925, 1.00000175019003290, 148.74741606973111629]
  #347 objects/buildingsets/human/hightech/loc/stanton/orison/organics/rock/rock_sharp_a.cgf
    [1.44680160880378872, 1.91996554167558542, 0.00001818349572014, -9.63820187328383327]
    [-1.91996554166344624, 1.44680160889520160, -0.00001061801082243, 813.53399589844048023]
    [-0.00001942303164906, -0.00000813188243822, 2.40405960332644719, 79.74741309881210327]
  #348 objects/buildingsets/human/brand/decal/logo/secondary_logo_txt_lrg.cgf
    [0.00000126205944362, -0.00000280428625662, -2.12821284768969798, -132.65796536812558770]
    [-0.00000134293155680, 2.12821284768964825, -0.00000280428705300, 795.39701574877835810]
    [2.12821284769112173, 0.00000134293321978, 0.00000126205767406, 159.68680221028625965]
  #349 objects/planets/flora/grass/rosemary_01/rosemary_01_dense_b.cgf
    [0.70710676396637018, 0.70710540137126154, -0.00000002786750796, 0.16466514626517892]
    [-0.70710540137103861, 0.70710676396617755, 0.00000076700330500, 145.59955399099271744]
    [0.00000056205803844, -0.00000052264847585, 0.99999901214692044, 80.80488506332039833]
  #350 objects/planets/flora/grass/cypress_debris_01/cypress_debris_01.cgf
    [0.00000321910358402, -1.00000175018485460, 0.00000156215695069, -167.77565809292718768]
    [1.00000175018607163, 0.00000321910345856, -0.00000008032266596, 167.08586009300779551]
    [0.00000008031763722, 0.00000156215720925, 1.00000175019003290, 148.74741601757705212]
  #351 objects/buildingsets/citysets/hightech/addon/large/ht_lrg_addon_banner_001_a.cgf
    [0.99999963235726896, -0.00000012200883412, -0.00000023844907296, -131.89745462266728282]
    [0.00000012200882951, 0.99999963235729716, -0.00000001931325031, 792.56071499513927847]
    [0.00000023844907532, 0.00000001931322122, 0.99999963235727618, 148.36554400250315666]
  #352 objects/planets/flora/tree/apaaj_01/apaaj_01_leafpile_c.cgf
    [-1.48628760065464460, 1.33826308661295967, -0.00000028089274140, -9.18302801949903369]
    [-1.33826308661234905, -1.48628760065349064, 0.00000226776731339, 811.23501332686282694]
    [0.00000130869111947, 0.00000187323166578, 1.99999973021134281, 79.74741573072969913]
  #353 objects/planets/flora/grass/rosemary_01/rosemary_01_dense_b.cgf
    [0.70710500721449354, -0.70710771923881688, -0.00000041374237611, 88.65044821752235293]
    [0.70710771923866833, 0.70710500721461389, -0.00000045966086820, 397.91466321330517530]
    [0.00000061758941903, 0.00000003246809279, 0.99999940891718508, 80.80488993413746357]
  #354 objects/planets/flora/grass/cypress_debris_01/cypress_debris_01.cgf
    [-0.70710798437807876, 0.70710622357024366, 0.00000040869400561, -27.65814189193770289]
    [-0.70710622357034469, -0.70710798437781608, -0.00000062909349241, 116.96003926545381546]
    [-0.00000015584505802, -0.00000073382677132, 1.00000045649119840, 79.74741563014686108]
  #355 objects/planets/flora/grass/rosemary_01/rosemary_01_dense_b.cgf
    [0.70710500721449354, -0.70710771923881688, -0.00000041374237611, 88.51516738021746278]
    [0.70710771923866833, 0.70710500721461389, -0.00000045966086820, 411.48500781517941505]
    [0.00000061758941903, 0.00000003246809279, 0.99999940891718508, 80.80489045381546021]
  #356 objects/planets/flora/flower/daisy_01/daisy_01_a.cgf
    [-0.70710648874125603, -0.70710704769891652, -0.00000004068994701, -41.64800718566402793]
    [0.70710704769889143, -0.70710648874121296, -0.00000031280879285, 169.55569710605777800]
    [0.00000019241717998, -0.00000024996128004, 0.99999998166268456, 80.54249416477978230]
  #357 objects/buildingsets/human/hightech/loc/stanton/orison/planter/planter_06x06x02_cap_001_a.cgf
    [0.00000024430014125, -0.99999990601272193, 0.00000037046128440, -3.00000017369166017]
    [0.99999990601275945, 0.00000024430023351, 0.00000024907082518, 143.24999930104240775]
    [-0.00000024907091568, 0.00000037046122355, 0.99999990601272104, 78.74999796599149704]
  #358 objects/planets/flora/grass/cypress_debris_01/cypress_debris_01.cgf
    [-0.70710798437807876, 0.70710622357024366, 0.00000040869400561, -50.65814180253073573]
    [-0.70710622357034469, -0.70710798437781608, -0.00000062909349241, 113.46003931143786758]
    [-0.00000015584505802, -0.00000073382677132, 1.00000045649119840, 79.74741594865918159]
  #359 objects/planets/flora/grass/cypress_debris_01/cypress_debris_01.cgf
    [0.00000321910358402, -1.00000175018485460, 0.00000156215695069, 68.72434131661430001]
    [1.00000175018607163, 0.00000321910345856, -0.00000008032266596, 682.08585986949037760]
    [0.00000008031763722, 0.00000156215720925, 1.00000175019003290, 79.74741579592227936]
  #360 objects/planets/flora/tree/cypress_01/cypress_01_a_mega_wind.cgf
    [-0.70710798437807876, 0.70710622357024366, 0.00000040869400561, -239.69774268148466945]
    [-0.70710622357034469, -0.70710798437781608, -0.00000062909349241, 172.41691051062662154]
    [-0.00000015584505802, -0.00000073382677132, 1.00000045649119840, 148.74741608276963234]
  #361 objects/planets/flora/tree/cypress_01/cypress_01_a_subtle_wind.cgf
    [-0.70710798437807876, 0.70710622357024366, 0.00000040869400561, 59.30225684912875295]
    [-0.70710622357034469, -0.70710798437781608, -0.00000062909349241, 695.91691120469477028]
    [-0.00000015584505802, -0.00000073382677132, 1.00000045649119840, 79.74741581268608570]
  #362 objects/planets/flora/grass/rosemary_01/rosemary_01_dense_b.cgf
    [0.00000013450146807, -1.00000010315348553, 0.00000000781491353, 88.51516530523076653]
    [1.00000010315346044, 0.00000013450146985, 0.00000022459211567, 402.52562775113619864]
    [-0.00000022459211672, 0.00000000781488332, 1.00000010315346977, 80.80489012971520424]
  #363 objects/planets/flora/tree/apaaj_01/apaaj_01_small_d.cgf
    [-0.81915033478418309, 0.57357788693722123, -0.00000021208395756, -43.41465314058586955]
    [-0.57357788693724965, -0.81915033478403954, 0.00000049756524722, 66.93919465004000813]
    [0.00000011166384174, 0.00000052922770784, 0.99999943167991878, 78.75500133447349072]
  #364 objects/buildingsets/human/hightech/loc/stanton/orison/planter/planter_06x06x02_cap_001_a.cgf
    [0.99999963235726896, -0.00000012200883412, -0.00000023844907296, -71.49999956367537379]
    [0.00000012200882951, 0.99999963235729716, -0.00000001931325031, 327.75000297976657748]
    [0.00000023844907532, 0.00000001931322122, 0.99999963235727618, 78.75000023841857910]
  #365 objects/planets/flora/grass/cypress_debris_01/cypress_debris_01.cgf
    [-0.70710798437807876, 0.70710622357024366, 0.00000040869400561, 60.61010553361847997]
    [-0.70710622357034469, -0.70710798437781608, -0.00000062909349241, 858.22828484070487320]
    [-0.00000015584505802, -0.00000073382677132, 1.00000045649119840, 79.74741593748331070]
  #366 objects/planets/flora/grass/cypress_debris_01/cypress_debris_01.cgf
    [0.00000321910358402, -1.00000175018485460, 0.00000156215695069, -9.27565883425995708]
    [1.00000175018607163, 0.00000321910345856, -0.00000008032266596, -144.91413946961984038]
    [0.00000008031763722, 0.00000156215720925, 1.00000175019003290, 79.74741637893021107]
  #367 objects/planets/flora/grass/cypress_debris_01/cypress_debris_01.cgf
    [-0.70710798437807876, 0.70710622357024366, 0.00000040869400561, -118.13726925244554877]
    [-0.70710622357034469, -0.70710798437781608, -0.00000062909349241, 255.23055882041808218]
    [-0.00000015584505802, -0.00000073382677132, 1.00000045649119840, 148.74741570279002190]
  #368 objects/planets/flora/grass/cypress_debris_01/cypress_debris_01.cgf
    [0.00000321910358402, -1.00000175018485460, 0.00000156215695069, -121.77565853251144290]
    [1.00000175018607163, 0.00000321910345856, -0.00000008032266596, 122.08586024143733084]
    [0.00000008031763722, 0.00000156215720925, 1.00000175019003290, 148.74741616100072861]
  #369 objects/buildingsets/human/hightech/loc/stanton/orison/planter/planter_06x06x02_cap_002_a.cgf
    [0.00000024430014125, -0.99999990601272193, 0.00000037046128440, 12.99999873479828238]
    [0.99999990601275945, 0.00000024430023351, 0.00000024907082518, 143.24999927263706923]
    [-0.00000024907091568, 0.00000037046122355, 0.99999990601272104, 78.74999228864908218]
  #370 objects/planets/flora/grass/cypress_debris_01/cypress_debris_01.cgf
    [-0.70710798437807876, 0.70710622357024366, 0.00000040869400561, -238.88989418791607022]
    [-0.70710622357034469, -0.70710798437781608, -0.00000062909349241, 172.72828484885394573]
    [-0.00000015584505802, -0.00000073382677132, 1.00000045649119840, 148.74741600826382637]
  #371 objects/buildingsets/human/brand/decal/logo/secondary_logo_txt_lrg.cgf
    [0.00000174627922678, 0.00000353209935635, 2.12821233889877348, -132.11794845433905721]
    [-0.00000078937782633, -2.12821233889934369, 0.00000353210000406, 795.36877467145677656]
    [2.12821233890155836, -0.00000078938072455, -0.00000174627791660, 159.68680208921432495]
  #372 objects/planets/flora/tree/cypress_01/cypress_01_a_subtle_wind.cgf
    [-0.70710798437807876, 0.70710622357024366, 0.00000040869400561, 71.30225719092413783]
    [-0.70710622357034469, -0.70710798437781608, -0.00000062909349241, 602.41691103740595281]
    [-0.00000015584505802, -0.00000073382677132, 1.00000045649119840, 79.74741571769118309]
  #373 objects/buildingsets/human/hightech/loc/stanton/orison/planter/planter_08x06x02_straight_001_a.cgf
    [-0.99999988499439008, -0.00000017279518136, 0.00000020466053574, 91.00000272365286946]
    [0.00000017279517741, -0.99999988499441084, -0.00000001931332130, 402.74999873631168157]
    [0.00000020466053907, -0.00000001931328594, 0.99999988499440506, 78.75000078044831753]
  #374 objects/planets/flora/grass/cypress_debris_01/cypress_debris_01.cgf
    [0.00000321910358402, -1.00000175018485460, 0.00000156215695069, 57.22434105211868882]
    [1.00000175018607163, 0.00000321910345856, -0.00000008032266596, 502.08586062188260257]
    [0.00000008031763722, 0.00000156215720925, 1.00000175019003290, 79.74741563946008682]
  #375 objects/buildingsets/human/hightech/loc/stanton/orison/organics/rock/rock_sharp_a.cgf
    [0.22395193515210018, -1.67549809159624630, 0.07277040242920928, -13.62938213860616088]
    [1.59349356039427636, 0.23547823830071096, 0.51775682317040350, 813.21751402621157467]
    [-0.52284573192706130, 0.00000385656498415, 1.60915387588059033, 79.36627252027392387]
  #376 objects/buildingsets/human/hightech/loc/stanton/orison/organics/rock/rock_sharp_a.cgf
    [-1.80938654681406486, -3.13392943347912478, 0.00000070983752365, -169.06297460058704019]
    [3.13392943347915320, -1.80938654681383793, 0.00000107235283575, 808.58089465589728206]
    [-0.00000057376285595, 0.00000115091533114, 3.61875577648138247, 148.74999930523335934]
  #377 objects/buildingsets/human/hightech/loc/stanton/orison/planter/planter_04x04x02_cap_001_a.cgf
    [0.70710634380268700, -0.70710643201159706, -0.00000049966000081, -43.67157401191070676]
    [0.70710643201130707, 0.70710634380285553, -0.00000064894222437, 169.33578859153203666]
    [0.00000081218442889, 0.00000010555842193, 0.99999944381872230, 78.75000038370490074]
  #378 objects/planets/flora/tree/cypress_01/cypress_01_a_mega_wind.cgf
    [-0.70710798437807876, 0.70710622357024366, 0.00000040869400561, 57.80225667310878634]
    [-0.70710622357034469, -0.70710798437781608, -0.00000062909349241, 502.41691120760515332]
    [-0.00000015584505802, -0.00000073382677132, 1.00000045649119840, 79.74741565436124802]
  #379 objects/planets/flora/tree/cypress_01/cypress_01_a_mega_wind.cgf
    [-0.70710798437807876, 0.70710622357024366, 0.00000040869400561, -86.19774266099557281]
    [-0.70710622357034469, -0.70710798437781608, -0.00000062909349241, 466.41691109840758145]
    [-0.00000015584505802, -0.00000073382677132, 1.00000045649119840, 79.74741568975150585]
  #380 objects/planets/flora/tree/apaaj_01/apaaj_01_leafpile_c.cgf
    [1.46270839233280059, 1.36399807846812315, 0.00000027762419701, -8.18863867735490203]
    [-1.36399807846788246, 1.46270839233222638, 0.00000155339931044, 807.77651881566271186]
    [0.00000085637450942, -0.00000132542344633, 2.00000164976510098, 79.74741975963115692]
  #381 objects/planets/flora/grass/cypress_debris_01/cypress_debris_01.cgf
    [-0.70710798437807876, 0.70710622357024366, 0.00000040869400561, -79.88989481469616294]
    [-0.70710622357034469, -0.70710798437781608, -0.00000062909349241, 49.72828555188607424]
    [-0.00000015584505802, -0.00000073382677132, 1.00000045649119840, 148.74741602875292301]
  #382 objects/planets/flora/tree/cypress_01/cypress_01_a_mega_wind.cgf
    [-0.70710798437807876, 0.70710622357024366, 0.00000040869400561, -167.19774247193709016]
    [-0.70710622357034469, -0.70710798437781608, -0.00000062909349241, 167.41691067896317691]
    [-0.00000015584505802, -0.00000073382677132, 1.00000045649119840, 148.74741603061556816]
  #383 objects/planets/flora/tree/cypress_01/cypress_01_a_mega_wind.cgf
    [-0.70710798437807876, 0.70710622357024366, 0.00000040869400561, 69.30225693853572011]
    [-0.70710622357034469, -0.70710798437781608, -0.00000062909349241, 682.41691045591142029]
    [-0.00000015584505802, -0.00000073382677132, 1.00000045649119840, 79.74741581082344055]
  #384 objects/planets/flora/tree/cypress_01/cypress_01_a_mega_wind.cgf
    [-0.70710798437807876, 0.70710622357024366, 0.00000040869400561, 20.30225745169445872]
    [-0.70710622357034469, -0.70710798437781608, -0.00000062909349241, -168.08308904187288135]
    [-0.00000015584505802, -0.00000073382677132, 1.00000045649119840, 79.74741621501743793]
  #385 objects/planets/flora/grass/cypress_debris_01/cypress_debris_01.cgf
    [0.00000321910358402, -1.00000175018485460, 0.00000156215695069, 19.72434183070436120]
    [1.00000175018607163, 0.00000321910345856, -0.00000008032266596, -168.41413962806109339]
    [0.00000008031763722, 0.00000156215720925, 1.00000175019003290, 79.74741620011627674]
  #386 objects/buildingsets/human/brand/decal/logo/secondary_logo_txt_lrg.cgf
    [0.00000126205944362, -0.00000280428625662, -2.12821284768969798, 37.21356917405501008]
    [-0.00000134293155680, 2.12821284768964825, -0.00000280428705300, 712.39701592142228037]
    [2.12821284769112173, 0.00000134293321978, 0.00000126205767406, 136.68680256046354771]
  #387 objects/buildingsets/human/hightech/loc/stanton/orison/organics/rock/rock_sharp_a.cgf
    [2.36032034197243634, -0.95362455847256733, -0.00005185058513229, -48.71255181217566133]
    [0.95362455927214596, 2.36032034192450046, 0.00003727970947192, 120.13944036955945194]
    [0.00003410993335461, -0.00005398863179796, 2.54568495966431430, 147.97857365570962429]
  #388 objects/planets/flora/tree/cypress_01/cypress_01_a_mega_wind.cgf
    [-0.70710798437807876, 0.70710622357024366, 0.00000040869400561, -121.19774291152134538]
    [-0.70710622357034469, -0.70710798437781608, -0.00000062909349241, 122.41691082715988159]
    [-0.00000015584505802, -0.00000073382677132, 1.00000045649119840, 148.74741617403924465]
  #389 objects/planets/flora/grass/cypress_debris_01/cypress_debris_01.cgf
    [-0.70710798437807876, 0.70710622357024366, 0.00000040869400561, 70.69805020419880748]
    [-0.70710622357034469, -0.70710798437781608, -0.00000062909349241, 601.73941546038258821]
    [-0.00000015584505802, -0.00000073382677132, 1.00000045649119840, 79.74741549789905548]
  #390 objects/planets/flora/grass/cypress_debris_01/cypress_debris_01.cgf
    [-0.70710798437807876, 0.70710622357024366, 0.00000040869400561, -166.38989397836849093]
    [-0.70710622357034469, -0.70710798437781608, -0.00000062909349241, 167.72828501719050109]
    [-0.00000015584505802, -0.00000073382677132, 1.00000045649119840, 148.74741595797240734]
  #391 objects/buildingsets/human/hightech/prop/light/lamp/lamp_planter_1_d.cgf
    [0.99254490614268653, -0.12187109150231587, -0.00000132784841234, -41.94702164130285382]
    [0.12187109150250267, 0.99254490614354995, 0.00000006037565460, 64.26703737012576312]
    [0.00000131059247184, -0.00000022175211068, 0.99999897682635486, 79.74005005322396755]
  #392 objects/planets/flora/grass/cypress_debris_01/cypress_debris_01.cgf
    [-0.70710798437807876, 0.70710622357024366, 0.00000040869400561, 70.11010543303564191]
    [-0.70710622357034469, -0.70710798437781608, -0.00000062909349241, 682.72828479437157512]
    [-0.00000015584505802, -0.00000073382677132, 1.00000045649119840, 79.74741573631763458]
  #393 objects/buildingsets/human/hightech/loc/stanton/orison/planter/planter_06x06x02_cap_002_a.cgf
    [0.99999963235726896, -0.00000012200883412, -0.00000023844907296, -71.49999285722151399]
    [0.00000012200882951, 0.99999963235729716, -0.00000001931325031, 311.75001138588413596]
    [0.00000023844907532, 0.00000001931322122, 0.99999963235727618, 78.75000081583857536]
  #394 objects/planets/flora/flower/daisy_01/daisy_01_a.cgf
    [0.70710640866013630, 0.70710697996641259, -0.00000013235062877, -42.82041879137977958]
    [-0.70710697996642213, 0.70710640866010455, -0.00000022114800028, 170.72810794762335718]
    [-0.00000006278932453, 0.00000024996125238, 0.99999987714269611, 80.54249419644474983]
  #395 objects/planets/flora/grass/cypress_debris_01/cypress_debris_01.cgf
    [-0.70710798437807876, 0.70710622357024366, 0.00000040869400561, -7.88989471970126033]
    [-0.70710622357034469, -0.70710798437781608, -0.00000062909349241, -144.27171454520430416]
    [-0.00000015584505802, -0.00000073382677132, 1.00000045649119840, 79.74741632118821144]
  #396 objects/planets/flora/tree/apaaj_01/apaaj_01_small_b.cgf
    [0.29237250412832966, 0.95630486184984298, -0.00000001407918513, -42.08940950175747275]
    [-0.95630486184966446, 0.29237250412828403, 0.00000060687848235, 131.37038342515006661]
    [0.00000058447701404, -0.00000016397053347, 1.00000033498371854, 148.74999948404729366]
  #397 objects/buildingsets/human/hightech/prop/light/lamp/lamp_planter_1_large_b.cgf
    [0.94541616365148173, -0.16670029294452240, 0.00000015429008267, -45.10594023158773780]
    [0.16670029294434335, 0.94541616365119663, 0.00000078907027900, 120.84681774256750941]
    [-0.00000028896508107, -0.00000075029095472, 0.96000036987526849, 148.69999148882925510]
  #398 objects/planets/flora/tree/apaaj_01/apaaj_01_med_c.cgf
    [-0.99862959378404170, -0.05233457210145941, -0.00000021539586657, -10.26513899257406592]
    [0.05233457210121182, -0.99862959378354865, 0.00000102810490290, 810.43448676157277077]
    [-0.00000026890612053, 0.00000101542334474, 0.99999998650863320, 78.74741633981466293]
  #399 objects/planets/flora/grass/cypress_debris_01/cypress_debris_01.cgf
    [0.00000321910358402, -1.00000175018485460, 0.00000156215695069, -86.77565828198567033]
    [1.00000175018607163, 0.00000321910345856, -0.00000008032266596, 466.08586051291786134]
    [0.00000008031763722, 0.00000156215720925, 1.00000175019003290, 79.74741567485034466]
  #400 objects/buildingsets/human/hightech/prop/light/lamp/lamp_planter_1_large_b.cgf
    [0.78784694873471794, -0.13892021385177053, 0.00000063701032689, -51.90947142941877246]
    [0.13892021385115230, 0.78784694873471428, 0.00000076380939696, 130.69328591763041914]
    [-0.00000075996803492, -0.00000064158829270, 0.80000102527849526, 148.69998260773718357]
  #401 objects/buildingsets/human/hightech/prop/light/lamp/lamp_planter_1_d.cgf
    [0.29237505208277859, 0.95630585312157834, 0.00000035616362600, -60.99660829966887832]
    [-0.95630585312158967, 0.29237505208286785, -0.00000023012080959, 123.48184114799369127]
    [-0.00000032419857840, -0.00000027331922226, 1.00000202789541626, 148.78330235928297043]
  #402 objects/planets/flora/flower/daisy_01/daisy_01_a.cgf
    [-0.70710648874125603, -0.70710704769891652, -0.00000004068994701, -43.75706128356978297]
    [0.70710704769889143, -0.70710648874121296, -0.00000031280879285, 171.66474982793442905]
    [0.00000019241717998, -0.00000024996128004, 0.99999998166268456, 80.54249422065913677]
  #403 objects/planets/flora/tree/cypress_01/cypress_01_a_mega_wind.cgf
    [-0.70710798437807876, 0.70710622357024366, 0.00000040869400561, -172.19774323282763362]
    [-0.70710622357034469, -0.70710798437781608, -0.00000062909349241, 500.91691120271570981]
    [-0.00000015584505802, -0.00000073382677132, 1.00000045649119840, 148.74741589464247227]
  #404 objects/buildingsets/human/hightech/prop/light/lamp/lamp_planter_1_d.cgf
    [0.52991728656107628, -0.84804969457049661, 0.00000015331068523, -35.77151458291336894]
    [0.84804969456992485, 0.52991728656091419, 0.00000107950861287, 128.52164729661308229]
    [-0.00000099671862523, -0.00000044203505923, 1.00000030752805347, 148.75827652961015701]
  #405 objects/buildingsets/human/hightech/prop/light/lamp/lamp_planter_1_large_b.cgf
    [1.18177161894862381, -0.20837683860857026, 0.00000134048457346, -50.80811116890981793]
    [0.20837683860722253, 1.18177161894896932, 0.00000124183211860, 130.00148917234037071]
    [-0.00000153576036136, -0.00000099019493785, 1.20000211092289799, 148.69998344033956528]
  #406 objects/buildingsets/human/hightech/loc/stanton/orison/planter/planter_04x04x02_cap_002_a.cgf
    [0.70710634380268700, -0.70710643201159706, -0.00000049966000081, -43.67157401191070676]
    [0.70710643201130707, 0.70710634380285553, -0.00000064894222437, 169.33578859153203666]
    [0.00000081218442889, 0.00000010555842193, 0.99999944381872230, 78.75000038370490074]
  #407 objects/planets/flora/grass/cypress_debris_01/cypress_debris_01.cgf
    [-0.70710798437807876, 0.70710622357024366, 0.00000040869400561, 58.69804986519739032]
    [-0.70710622357034469, -0.70710798437781608, -0.00000062909349241, 695.23941562860272825]
    [-0.00000015584505802, -0.00000073382677132, 1.00000045649119840, 79.74741559289395809]
  #408 objects/planets/flora/grass/cypress_debris_01/cypress_debris_01.cgf
    [0.00000321910358402, -1.00000175018485460, 0.00000156215695069, -60.77565859863534570]
    [1.00000175018607163, 0.00000321910345856, -0.00000008032266596, 849.58586003456730396]
    [0.00000008031763722, 0.00000156215720925, 1.00000175019003290, 79.74741624668240547]
  #409 objects/buildingsets/citysets/hightech/addon/large/ht_lrg_addon_banner_001_a.cgf
    [0.99999963235726896, -0.00000012200883412, -0.00000023844907296, 37.97407992044463754]
    [0.00000012200882951, 0.99999963235729716, -0.00000001931325031, 709.56071516731753945]
    [0.00000023844907532, 0.00000001931322122, 0.99999963235727618, 125.36554435454308987]
  #410 objects/planets/flora/flower/daisy_01/daisy_01_a.cgf
    [-0.43837093160638574, 0.89879524119886711, -0.00000009336448429, 57.04958117986097932]
    [-0.89879524119877163, -0.43837093160638341, -0.00000042716696303, 254.22648009913973510]
    [-0.00000042486349331, -0.00000010334192412, 1.00000097963901902, 80.54249184764921665]
  #411 objects/buildingsets/human/hightech/loc/stanton/orison/planter/planter_06x06x02_cap_001_a.cgf
    [-0.99999988499439008, -0.00000017279518136, 0.00000020466053574, 91.00000187149271369]
    [0.00000017279517741, -0.99999988499441084, -0.00000001931332130, 394.74999957229010761]
    [0.00000020466053907, -0.00000001931328594, 0.99999988499440506, 78.75000049173831940]
  #412 objects/planets/flora/grass/cypress_debris_01/cypress_debris_01.cgf
    [0.00000321910358402, -1.00000175018485460, 0.00000156215695069, -172.77565885381773114]
    [1.00000175018607163, 0.00000321910345856, -0.00000008032266596, 500.58586061629466712]
    [0.00000008031763722, 0.00000156215720925, 1.00000175019003290, 148.74741588160395622]
  #413 objects/planets/flora/tree/apaaj_01/apaaj_01_leafpile_c.cgf
    [0.58474500825665932, 1.91260972369968596, -0.00000002815837025, -40.98079402605071664]
    [-1.91260972369932891, 0.58474500825656806, 0.00000121375696470, 132.59947504394222051]
    [0.00000116895402808, -0.00000032794106694, 2.00000066996743708, 148.74999903887510300]
  #414 objects/planets/flora/grass/cypress_debris_01/cypress_debris_01.cgf
    [0.00000321910358402, -1.00000175018485460, 0.00000156215695069, -59.77565898234024644]
    [1.00000175018607163, 0.00000321910345856, -0.00000008032266596, 209.58586028800345957]
    [0.00000008031763722, 0.00000156215720925, 1.00000175019003290, 79.74741566181182861]
  #415 objects/planets/flora/grass/cypress_debris_01/cypress_debris_01.cgf
    [0.00000321910358402, -1.00000175018485460, 0.00000156215695069, -178.09691555844619870]
    [1.00000175018607163, 0.00000321910345856, -0.00000008032266596, -108.26139155437704176]
    [0.00000008031763722, 0.00000156215720925, 1.00000175019003290, 81.53776952438056469]
  #416 objects/buildingsets/human/hightech/loc/stanton/orison/planter/planter_04x04x02_cap_001_a.cgf
    [-0.89879415925198225, -0.43837111118346472, -0.00000006028618179, 57.91631924966350198]
    [0.43837111118343230, -0.89879415925195505, 0.00000028457238038, 252.38475394668057561]
    [-0.00000017893316331, 0.00000022934425317, 1.00000008591280753, 78.74999925494194031]
  #417 objects/planets/flora/tree/cypress_01/cypress_01_a_mega_wind.cgf
    [-0.70710798437807876, 0.70710622357024366, 0.00000040869400561, -21.19774293573573232]
    [-0.70710622357034469, -0.70710798437781608, -0.00000062909349241, 222.41691125638317317]
    [-0.00000015584505802, -0.00000073382677132, 1.00000045649119840, 148.74741560034453869]
  #418 objects/planets/flora/grass/cypress_debris_01/cypress_debris_01.cgf
    [-0.70710798437807876, 0.70710622357024366, 0.00000040869400561, 71.84185857092961669]
    [-0.70710622357034469, -0.70710798437781608, -0.00000062909349241, 602.46003895590547472]
    [-0.00000015584505802, -0.00000073382677132, 1.00000045649119840, 79.74741556681692600]
  #419 objects/planets/flora/tree/cypress_01/cypress_01_a_mega_wind.cgf
    [-0.70710798437807876, 0.70710622357024366, 0.00000040869400561, -59.19774336228147149]
    [-0.70710622357034469, -0.70710798437781608, -0.00000062909349241, 209.91691087302751839]
    [-0.00000015584505802, -0.00000073382677132, 1.00000045649119840, 79.74741567671298981]
  #420 objects/planets/flora/grass/cypress_debris_01/cypress_debris_01.cgf
    [-0.70710798437807876, 0.70710622357024366, 0.00000040869400561, 58.61010516854003072]
    [-0.70710622357034469, -0.70710798437781608, -0.00000062909349241, 502.72828554606530815]
    [-0.00000015584505802, -0.00000073382677132, 1.00000045649119840, 79.74741557985544205]
  #421 objects/planets/flora/grass/cypress_debris_01/cypress_debris_01.cgf
    [0.00000321910358402, -1.00000175018485460, 0.00000156215695069, -21.77565855579450727]
    [1.00000175018607163, 0.00000321910345856, -0.00000008032266596, 222.08586067019496113]
    [0.00000008031763722, 0.00000156215720925, 1.00000175019003290, 148.74741558358073235]
  #422 objects/planets/flora/tree/apaaj_01/apaaj_01_leafpile_c.cgf
    [0.58474500825665932, 1.91260972369968596, -0.00000002815837025, -56.23027611011639237]
    [-1.91260972369932891, 0.58474500825656806, 0.00000121375696470, 124.91354999120812863]
    [0.00000116895402808, -0.00000032794106694, 2.00000066996743708, 148.74999901093542576]
  #423 objects/planets/flora/flower/daisy_01/daisy_01_a.cgf
    [-0.43837093160638574, 0.89879524119886711, -0.00000009336448429, 55.74207200808450580]
    [-0.89879524119877163, -0.43837093160638341, -0.00000042716696303, 251.54568820819258690]
    [-0.00000042486349331, -0.00000010334192412, 1.00000097963901902, 80.54249257221817970]
  #424 objects/planets/flora/tree/apaaj_01/apaaj_01_leafpile_c.cgf
    [1.49429190668221246, 0.13073174835053969, -0.00000116042285009, -42.63903022697195411]
    [-0.13073174835035747, 1.49429190668265210, 0.00000028419308748, 66.48419246496632695]
    [0.00000118077592643, -0.00000018197558506, 1.49999969746752626, 79.75500129908323288]
  #425 objects/planets/flora/tree/apaaj_01/apaaj_01_leafpile_d.cgf
    [0.44990141120582061, -1.94874085578528700, -0.00000020580880626, -11.14553201710805297]
    [1.94874085578321088, 0.44990141120502702, 0.00000297462112707, 810.02706386114004999]
    [-0.00000285208523889, -0.00000086967689658, 2.00000055070065308, 79.74741660803556442]
  #426 objects/planets/flora/tree/cypress_01/cypress_01_a_mega_wind.cgf
    [-0.70710798437807876, 0.70710622357024366, 0.00000040869400561, -177.51899993652477860]
    [-0.70710622357034469, -0.70710798437781608, -0.00000062909349241, -107.93034096842166036]
    [-0.00000015584505802, -0.00000073382677132, 1.00000045649119840, 81.53776953741908073]
  #427 objects/buildingsets/human/hightech/loc/stanton/orison/flag/flag_pole_a.cgf
    [0.00000262204729689, 1.00000225590868475, 0.00000070442197460, 72.87882561935111880]
    [-1.00000225590770353, 0.00000262204840145, -0.00000156801484528, 912.36579708277713507]
    [-0.00000156801669229, -0.00000070441786319, 1.00000225591089342, 81.39766982011497021]
  #428 objects/buildingsets/human/hightech/loc/stanton/orison/flag/flag_base_b.cgf
    [0.00000262204729689, 1.00000225590868475, 0.00000070442197460, 72.11853041732683778]
    [-1.00000225590770353, 0.00000262204840145, -0.00000156801484528, 912.36579521466046572]
    [-0.00000156801669229, -0.00000070441786319, 1.00000225591089342, 79.74999723769724369]
  #429 objects/planets/flora/tree/cypress_01/cypress_01_a_subtle_wind.cgf
    [-0.70710798437807876, 0.70710622357024366, 0.00000040869400561, 21.30225743399932981]
    [-0.70710622357034469, -0.70710798437781608, -0.00000062909349241, -328.08308898727409542]
    [-0.00000015584505802, -0.00000073382677132, 1.00000045649119840, 79.74741589650511742]
  #430 objects/planets/flora/tree/cypress_01/cypress_01_a_subtle_wind.cgf
    [-0.70710798437807876, 0.70710622357024366, 0.00000040869400561, 10.80225655389949679]
    [-0.70710622357034469, -0.70710798437781608, -0.00000062909349241, -350.58308895165100694]
    [-0.00000015584505802, -0.00000073382677132, 1.00000045649119840, 79.74741588160395622]
  #431 objects/buildingsets/citysets/hightech/addon/large/ht_lrg_addon_banner_001_a.cgf
    [0.99999963235726896, -0.00000012200883412, -0.00000023844907296, -243.02592022763565183]
    [0.00000012200882951, 0.99999963235729716, -0.00000001931325031, 792.56071449874434620]
    [0.00000023844907532, 0.00000001931322122, 0.99999963235727618, 148.36554426886141300]
  #432 objects/buildingsets/citysets/hightech/addon/large/ht_lrg_addon_banner_001_b.cgf
    [0.99999963235726896, -0.00000012200883412, -0.00000023844907296, -188.17641660617664456]
    [0.00000012200882951, 0.99999963235729716, -0.00000001931325031, 703.18489225266966969]
    [0.00000023844907532, 0.00000001931322122, 0.99999963235727618, 96.45709491148591042]
  #433 objects/planets/flora/grass/cypress_debris_01/cypress_debris_01.cgf
    [-0.70710798437807876, 0.70710622357024366, 0.00000040869400561, -59.38989448314532638]
    [-0.70710622357034469, -0.70710798437781608, -0.00000062909349241, 850.22828495921567082]
    [-0.00000015584505802, -0.00000073382677132, 1.00000045649119840, 79.74741618707776070]
  #434 objects/buildingsets/human/hightech/loc/stanton/orison/flag/flag_pole_a.cgf
    [-0.00000384450135201, -1.00000137291169033, -0.00000009605513777, 41.85823341412469745]
    [1.00000137291097047, -0.00000384450123632, -0.00000120380384577, 1034.86579052545130253]
    [0.00000120380347648, -0.00000009605976579, 1.00000137291835611, 80.93254322186112404]
  #435 objects/buildingsets/human/hightech/loc/stanton/orison/flag/flag_base_b.cgf
    [-0.00000384450135201, -1.00000137291169033, -0.00000009605513777, 42.61853001313284039]
    [1.00000137291097047, -0.00000384450123632, -0.00000120380384577, 1034.86579439777415246]
    [0.00000120380347648, -0.00000009605976579, 1.00000137291835611, 79.28487190045416355]
  #436 objects/planets/flora/tree/cypress_01/cypress_01_a_mega_wind.cgf
    [-0.70710798437807876, 0.70710622357024366, 0.00000040869400561, -60.19774297857657075]
    [-0.70710622357034469, -0.70710798437781608, -0.00000062909349241, 849.91691062075551599]
    [-0.00000015584505802, -0.00000073382677132, 1.00000045649119840, 79.74741626158356667]
  #437 objects/planets/flora/grass/cypress_debris_01/cypress_debris_01.cgf
    [0.00000321910358402, -1.00000175018485460, 0.00000156215695069, -60.77565873460844159]
    [1.00000175018607163, 0.00000321910345856, -0.00000008032266596, 913.08586063224356622]
    [0.00000008031763722, 0.00000156215720925, 1.00000175019003290, 79.74741554073989391]
  #438 objects/planets/flora/tree/cypress_01/cypress_01_a_mega_wind.cgf
    [-0.70710798437807876, 0.70710622357024366, 0.00000040869400561, -60.19774311268702149]
    [-0.70710622357034469, -0.70710798437781608, -0.00000062909349241, 913.41691121866460890]
    [-0.00000015584505802, -0.00000073382677132, 1.00000045649119840, 79.74741555564105511]
  #439 objects/planets/flora/grass/cypress_debris_01/cypress_debris_01.cgf
    [-0.70710798437807876, 0.70710622357024366, 0.00000040869400561, -59.38989461818709970]
    [-0.70710622357034469, -0.70710798437781608, -0.00000062909349241, 913.72828555642627180]
    [-0.00000015584505802, -0.00000073382677132, 1.00000045649119840, 79.74741548113524914]
  #440 objects/buildingsets/human/hightech/loc/stanton/orison/flag/flag_pole_a.cgf
    [0.00000390862206920, 1.00000142097857370, -0.00000009605489195, -44.12117644818499684]
    [-1.00000142097774880, 0.00000390862194552, -0.00000128811034886, 1043.86579662375152111]
    [-0.00000128810997341, 0.00000009605992668, 1.00000142098538292, 80.93254458531737328]
  #441 objects/buildingsets/human/hightech/loc/stanton/orison/flag/flag_base_b.cgf
    [0.00000390862206920, 1.00000142097857370, -0.00000009605489195, -44.88146994030103087]
    [-1.00000142097774880, 0.00000390862194552, -0.00000128811034886, 1043.86579478264320642]
    [-0.00000128810997341, 0.00000009605992668, 1.00000142098538292, 79.28487183712422848]
  #442 objects/buildingsets/human/hightech/loc/stanton/orison/flag/flag_pole_a.cgf
    [0.00000390862206920, 1.00000142097857370, -0.00000009605489195, -44.12117630010470748]
    [-1.00000142097774880, 0.00000390862194552, -0.00000128811034886, 1034.86579607171006501]
    [-0.00000128810997341, 0.00000009605992668, 1.00000142098538292, 80.93254457972943783]
  #443 objects/buildingsets/human/hightech/loc/stanton/orison/flag/flag_base_b.cgf
    [0.00000390862206920, 1.00000142097857370, -0.00000009605489195, -44.88146979128941894]
    [-1.00000142097774880, 0.00000390862194552, -0.00000128811034886, 1034.86579423106741160]
    [-0.00000128810997341, 0.00000009605992668, 1.00000142098538292, 79.28487183339893818]
  #444 objects/buildingsets/human/brand/decal/logo/secondary_logo_txt_lrg.cgf
    [0.00000174627922678, 0.00000353209935635, 2.12821233889877348, -243.24641406023874879]
    [-0.00000078937782633, -2.12821233889934369, 0.00000353210000406, 795.36877417529467493]
    [2.12821233890155836, -0.00000078938072455, -0.00000174627791660, 159.68680235557258129]
  #445 objects/buildingsets/human/brand/decal/logo/secondary_logo_txt_lrg.cgf
    [0.00000126205944362, -0.00000280428625662, -2.12821284768969798, -243.78643097402527928]
    [-0.00000134293155680, 2.12821284768964825, -0.00000280428705300, 795.39701525261625648]
    [2.12821284769112173, 0.00000134293321978, 0.00000126205767406, 159.68680247664451599]
  #446 objects/buildingsets/human/hightech/loc/stanton/orison/flag/flag_pole_a.cgf
    [-0.00000384450135201, -1.00000137291169033, -0.00000009605513777, -73.64176656166091561]
    [1.00000137291097047, -0.00000384450123632, -0.00000120380384577, 912.36579091474413872]
    [0.00000120380347648, -0.00000009605976579, 1.00000137291835611, 81.39766837283968925]
  #447 objects/buildingsets/human/hightech/loc/stanton/orison/flag/flag_base_b.cgf
    [-0.00000384450135201, -1.00000137291169033, -0.00000009605513777, -72.88146996358409524]
    [1.00000137291097047, -0.00000384450123632, -0.00000120380384577, 912.36579478683415800]
    [0.00000120380347648, -0.00000009605976579, 1.00000137291835611, 79.74999705143272877]
  #448 objects/buildingsets/human/hightech/loc/stanton/orison/flag/flag_pole_a.cgf
    [-0.00000384450135201, -1.00000137291169033, -0.00000009605513777, -73.64176681870594621]
    [1.00000137291097047, -0.00000384450123632, -0.00000120380384577, 829.36579133803024888]
    [0.00000120380347648, -0.00000009605976579, 1.00000137291835611, 81.39766799658536911]
  #449 objects/buildingsets/human/hightech/loc/stanton/orison/flag/flag_base_b.cgf
    [-0.00000384450135201, -1.00000137291169033, -0.00000009605513777, -72.88147021783515811]
    [1.00000137291097047, -0.00000384450123632, -0.00000120380384577, 829.36579521012026817]
    [0.00000120380347648, -0.00000009605976579, 1.00000137291835611, 79.74999667517840862]
  #450 objects/planets/flora/grass/cypress_debris_01/cypress_debris_01.cgf
    [0.00000321910358402, -1.00000175018485460, 0.00000156215695069, -70.27565884077921510]
    [1.00000175018607163, 0.00000321910345856, -0.00000008032266596, 876.58586082828696817]
    [0.00000008031763722, 0.00000156215720925, 1.00000175019003290, 79.74741620197892189]
  #451 objects/planets/flora/tree/cypress_01/cypress_01_a_mega_wind.cgf
    [-0.70710798437807876, 0.70710622357024366, 0.00000040869400561, -69.69774321978911757]
    [-0.70710622357034469, -0.70710798437781608, -0.00000062909349241, 876.91691141424234957]
    [-0.00000015584505802, -0.00000073382677132, 1.00000045649119840, 79.74741621501743793]
  #452 objects/planets/flora/grass/cypress_debris_01/cypress_debris_01.cgf
    [-0.70710798437807876, 0.70710622357024366, 0.00000040869400561, -68.88989472622051835]
    [-0.70710622357034469, -0.70710798437781608, -0.00000062909349241, 877.22828575246967375]
    [-0.00000015584505802, -0.00000073382677132, 1.00000045649119840, 79.74741614237427711]
  #453 objects/buildingsets/human/hightech/prop/light/light_street_3_a.cgf
    [-0.00000051972279730, 0.99999969954745982, 0.00000037046131720, -241.68153703073039651]
    [-0.99999969954734169, -0.00000051972302367, 0.00000061119766430, 773.08198354346677661]
    [0.00000061119785683, -0.00000037046099955, 0.99999969954740819, 148.75490415655076504]
  #454 objects/buildingsets/human/lowtech/prop/light/light_landing_1_a.cgf
    [-1.41421597078381178, 1.41421331340831813, 0.00000060076568774, -32.96151490742340684]
    [-1.41421331340844514, -1.41421597078366212, -0.00000065151482951, 1061.39049750706180930]
    [-0.00000003588423034, -0.00000088549607941, 2.00000152695964495, 80.78364185802638531]
  #455 objects/buildingsets/human/lowtech/prop/light/light_landing_1_a.cgf
    [0.00000021506906052, -2.00000084208982898, 0.00000041039425974, -20.82188423676416278]
    [2.00000084208986317, 0.00000021506909671, 0.00000017627362870, 989.96116482687648386]
    [-0.00000017627367283, 0.00000041039424079, 2.00000084208983253, 80.78365312702953815]
  #456 objects/buildingsets/human/lowtech/prop/light/light_landing_1_a.cgf
    [0.00000021506906052, -2.00000084208982898, 0.00000041039425974, 18.78156795864924788]
    [2.00000084208986317, 0.00000021506909671, 0.00000017627362870, 979.83618098474107683]
    [-0.00000017627367283, 0.00000041039424079, 2.00000084208983253, 80.78365226648747921]
  #457 objects/buildingsets/human/lowtech/prop/light/light_landing_3_a.cgf
    [-0.99999988499439008, -0.00000017279518136, 0.00000020466053574, -16.21845261985436082]
    [0.00000017279517741, -0.99999988499441084, -0.00000001931332130, 1072.71113102184608579]
    [0.00000020466053907, -0.00000001931328594, 0.99999988499440506, 80.80911815539002419]
  #458 objects/buildingsets/human/lowtech/prop/light/light_landing_1_b.cgf
    [0.00000038949875571, 2.00000129529260740, 0.00000041039415091, -20.22771512577310205]
    [-2.00000129529255366, 0.00000038949888272, -0.00000061861565654, 1009.83615647174883634]
    [-0.00000061861573647, -0.00000041039403043, 2.00000129529255011, 80.78364954143762589]
  #459 objects/buildingsets/human/lowtech/prop/light/light_landing_1_a.cgf
    [0.00000021506906052, -2.00000084208982898, 0.00000041039425974, -20.82187989214435220]
    [2.00000084208986317, 0.00000021506909671, 0.00000017627362870, 979.83616914693266153]
    [-0.00000017627367283, 0.00000041039424079, 2.00000084208983253, 80.78365349210798740]
  #460 objects/buildingsets/human/lowtech/prop/light/light_landing_1_a.cgf
    [-1.41421597078381178, 1.41421331340831813, 0.00000060076568774, -27.30466695269569755]
    [-1.41421331340844514, -1.41421597078366212, -0.00000065151482951, 1067.04734736878890544]
    [-0.00000003588423034, -0.00000088549607941, 2.00000152695964495, 80.78364190645515919]
  #461 objects/buildingsets/human/lowtech/prop/light/light_landing_1_a.cgf
    [1.41421548225240690, -1.41421200367391253, 0.00000014283145980, 5.00136257568374276]
    [1.41421200367389566, 1.41421548225241311, 0.00000022590071684, 1014.58616069483105093]
    [-0.00000026073295030, -0.00000005873915562, 2.00000025539441850, 80.78365195915102959]
  #462 objects/buildingsets/human/lowtech/prop/light/light_landing_1_b.cgf
    [-1.41421597078381178, 1.41421331340831813, 0.00000060076568774, -20.29617426497861743]
    [-1.41421331340844514, -1.41421597078366212, -0.00000065151482951, 1058.08613210986368358]
    [-0.00000003588423034, -0.00000088549607941, 2.00000152695964495, 80.78364378400146961]
  #463 objects/buildingsets/human/lowtech/prop/light/light_landing_1_a.cgf
    [1.99999926471453771, -0.00000024401766823, -0.00000047689814592, -10.63798233075067401]
    [0.00000024401765902, 1.99999926471459410, -0.00000003862650062, 951.83618635975290090]
    [0.00000047689815064, 0.00000003862644244, 1.99999926471455214, 80.78365675732493401]
  #464 objects/buildingsets/human/lowtech/prop/light/light_landing_1_a.cgf
    [0.00000038949875571, 2.00000129529260740, 0.00000041039415091, -32.91062322119250894]
    [-2.00000129529255366, 0.00000038949888272, -0.00000061861565654, 1028.08614601322915405]
    [-0.00000061861573647, -0.00000041039403043, 2.00000129529255011, 80.78364707343280315]
  #465 objects/buildingsets/human/lowtech/prop/light/light_landing_1_a.cgf
    [1.99999926471453771, -0.00000024401766823, -0.00000047689814592, 7.15656990231946111]
    [0.00000024401765902, 1.99999926471459410, -0.00000003862650062, 987.08617446210701019]
    [0.00000047689815064, 0.00000003862644244, 1.99999926471455214, 80.78365142643451691]
  #466 objects/buildingsets/human/lowtech/prop/light/light_landing_1_b.cgf
    [-1.41421620420053196, -1.41421284497356625, 0.00000062364393288, 18.33741205604746938]
    [1.41421284497354049, -1.41421620420065497, -0.00000033679363024, 1058.08614680403843522]
    [0.00000067913215468, 0.00000020283298760, 2.00000136077740587, 80.78364334255456924]
  #467 objects/buildingsets/human/lowtech/prop/light/light_landing_1_a.cgf
    [1.41421548225240690, -1.41421200367391253, 0.00000014283145980, -6.46843167906627059]
    [1.41421200367389566, 1.41421548225241311, 0.00000022590071684, 1005.08616299624554813]
    [-0.00000026073295030, -0.00000005873915562, 2.00000025539441850, 80.78364975936710835]
  #468 objects/buildingsets/human/lowtech/prop/light/light_landing_1_a.cgf
    [1.41421561839205423, 1.41421235163861536, 0.00000028005062783, -28.10444489074870944]
    [-1.41421235163859582, 1.41421561839208154, -0.00000023690638596, 951.85089577769394964]
    [-0.00000036554384527, -0.00000003050716380, 2.00000059770770733, 80.78365088626742363]
  #469 objects/buildingsets/human/lowtech/prop/light/light_landing_1_a.cgf
    [0.00000021506906052, -2.00000084208982898, 0.00000041039425974, 31.03156470274552703]
    [2.00000084208986317, 0.00000021506909671, 0.00000017627362870, 976.96118430083151907]
    [-0.00000017627367283, 0.00000041039424079, 2.00000084208983253, 80.78365308418869972]
  #470 objects/buildingsets/human/lowtech/prop/light/light_landing_1_a.cgf
    [0.00000021506906052, -2.00000084208982898, 0.00000041039425974, 18.78154840739443898]
    [2.00000084208986317, 0.00000021506909671, 0.00000017627362870, 1029.71115978294983506]
    [-0.00000017627367283, 0.00000041039424079, 2.00000084208983253, 80.75996346771717072]
  #471 objects/buildingsets/human/lowtech/prop/light/light_landing_1_a.cgf
    [0.00000021506906052, -2.00000084208982898, 0.00000041039425974, 31.03154586674645543]
    [2.00000084208986317, 0.00000021506909671, 0.00000017627362870, 1028.08616443793289363]
    [-0.00000017627367283, 0.00000041039424079, 2.00000084208983253, 80.78364623896777630]
  #472 objects/buildingsets/human/lowtech/prop/light/light_landing_1_a.cgf
    [1.41421548225240690, -1.41421200367391253, 0.00000014283145980, 24.65657460177317262]
    [1.41421200367389566, 1.41421548225241311, 0.00000022590071684, 951.83619356621056795]
    [-0.00000026073295030, -0.00000005873915562, 2.00000025539441850, 80.76302058063447475]
  #473 objects/buildingsets/human/lowtech/prop/light/light_landing_1_a.cgf
    [0.00000021506906052, -2.00000084208982898, 0.00000041039425974, 18.78154406649991870]
    [2.00000084208986317, 0.00000021506909671, 0.00000017627362870, 1039.83615345950238407]
    [-0.00000017627367283, 0.00000041039424079, 2.00000084208983253, 80.78364609926939011]
  #474 objects/buildingsets/human/lowtech/prop/light/light_landing_1_a.cgf
    [0.00000021506906052, -2.00000084208982898, 0.00000041039425974, 30.91801014775410295]
    [2.00000084208986317, 0.00000021506909671, 0.00000017627362870, 1009.83617101050913334]
    [-0.00000017627367283, 0.00000041039424079, 2.00000084208983253, 80.78364787064492702]
  #475 objects/buildingsets/human/lowtech/prop/light/light_landing_1_b.cgf
    [0.00000021506906052, -2.00000084208982898, 0.00000041039425974, 18.15655831573531032]
    [2.00000084208986317, 0.00000021506909671, 0.00000017627362870, 1009.83616713015362620]
    [-0.00000017627367283, 0.00000041039424079, 2.00000084208983253, 80.78364904411137104]
  #476 objects/buildingsets/human/hightech/prop/light/light_street_3_a.cgf
    [-0.12186959003093657, -0.99254614544289166, -0.00000023467153001, 53.65263395337387919]
    [0.99254614544228414, -0.12186959003112265, 0.00000110267839326, 1014.69756097986828536]
    [-0.00000112305848520, -0.00000009853935648, 1.00000002390331710, 79.85010852292180061]
  #477 objects/buildingsets/human/lowtech/prop/light/light_landing_1_a.cgf
    [0.00000021506906052, -2.00000084208982898, 0.00000041039425974, 18.78156361496075988]
    [2.00000084208986317, 0.00000021506909671, 0.00000017627362870, 989.96117666515056044]
    [-0.00000017627367283, 0.00000041039424079, 2.00000084208983253, 80.78365190140902996]
  #478 objects/buildingsets/human/lowtech/prop/light/light_landing_1_a.cgf
    [-1.41421620420053196, -1.41421284497356625, 0.00000062364393288, 30.15653238585218787]
    [1.41421284497354049, -1.41421620420065497, -0.00000033679363024, 1062.21114437899086624]
    [0.00000067913215468, 0.00000020283298760, 2.00000136077740587, 80.78364181332290173]
  #479 objects/buildingsets/human/lowtech/prop/light/light_landing_1_a.cgf
    [1.41421548225240690, -1.41421200367391253, 0.00000014283145980, -6.46843587839975953]
    [1.41421200367389566, 1.41421548225241311, 0.00000022590071684, 1014.58615900436416268]
    [-0.00000026073295030, -0.00000005873915562, 2.00000025539441850, 80.78364941664040089]
  #480 objects/buildingsets/human/lowtech/prop/light/light_landing_1_a.cgf
    [0.00000038949875571, 2.00000129529260740, 0.00000041039415091, -32.91762076457962394]
    [-2.00000129529255366, 0.00000038949888272, -0.00000061861565654, 991.58616119041107595]
    [-0.00000061861573647, -0.00000041039403043, 2.00000129529255011, 80.78364938683807850]
  #481 objects/buildingsets/human/lowtech/prop/light/light_landing_1_a.cgf
    [0.00000021506906052, -2.00000084208982898, 0.00000041039425974, 31.03155631525442004]
    [2.00000084208986317, 0.00000021506909671, 0.00000017627362870, 991.58617861638776958]
    [-0.00000017627367283, 0.00000041039424079, 2.00000084208983253, 80.78365055657923222]
  #482 objects/buildingsets/human/lowtech/prop/light/light_landing_1_b.cgf
    [1.41421548225240690, -1.41421200367391253, 0.00000014283145980, 18.09584851795807481]
    [1.41421200367389566, 1.41421548225241311, 0.00000022590071684, 961.58618847234174609]
    [-0.00000026073295030, -0.00000005873915562, 2.00000025539441850, 80.78365477174520493]
  #483 objects/buildingsets/human/lowtech/prop/light/light_landing_3_a.cgf
    [-0.99999988499439008, -0.00000017279518136, 0.00000020466053574, 12.78153535863384604]
    [0.00000017279517741, -0.99999988499441084, -0.00000001931332130, 1072.71113829640671611]
    [0.00000020466053907, -0.00000001931328594, 0.99999988499440506, 80.80911858007311821]
  #484 objects/buildingsets/human/lowtech/prop/light/light_landing_1_a.cgf
    [1.41421548225240690, -1.41421200367391253, 0.00000014283145980, 5.00136677594855428]
    [1.41421200367389566, 1.41421548225241311, 0.00000022590071684, 1005.08616368612274528]
    [-0.00000026073295030, -0.00000005873915562, 2.00000025539441850, 80.78365230187773705]
  #485 objects/buildingsets/human/lowtech/prop/light/light_landing_1_a.cgf
    [1.41421548225240690, -1.41421200367391253, 0.00000014283145980, 30.28157058125361800]
    [1.41421200367389566, 1.41421548225241311, 0.00000022590071684, 957.46119443641509861]
    [-0.00000026073295030, -0.00000005873915562, 2.00000025539441850, 80.78365562111139297]
  #486 objects/buildingsets/human/lowtech/prop/light/light_landing_1_b.cgf
    [1.41421561839205423, 1.41421235163861536, 0.00000028005062783, -20.38391587743535638]
    [-1.41421235163859582, 1.41421561839208154, -0.00000023690638596, 961.58617680054157972]
    [-0.00000036554384527, -0.00000003050716380, 2.00000059770770733, 80.78365624696016312]
  #487 objects/buildingsets/human/lowtech/prop/light/light_landing_1_a.cgf
    [0.00000021506906052, -2.00000084208982898, 0.00000041039425974, 31.03154047904536128]
    [2.00000084208986317, 0.00000021506909671, 0.00000017627362870, 1042.71115575463045388]
    [-0.00000017627367283, 0.00000041039424079, 2.00000084208983253, 80.78364370949566364]
  #488 objects/buildingsets/human/hightech/prop/light/light_street_3_a.cgf
    [-0.99999988499439008, -0.00000017279518136, 0.00000020466053574, -175.30037478124722838]
    [0.00000017279517741, -0.99999988499441084, -0.00000001931332130, 821.44927683577407151]
    [0.00000020466053907, -0.00000001931328594, 0.99999988499440506, 148.75490440614521503]
  #489 objects/buildingsets/human/lowtech/prop/light/light_landing_1_a.cgf
    [1.99999926471453771, -0.00000024401766823, -0.00000047689814592, 7.15655236644670367]
    [0.00000024401765902, 1.99999926471459410, -0.00000003862650062, 1032.58615455508697778]
    [0.00000047689815064, 0.00000003862644244, 1.99999926471455214, 80.78364578634500504]
  #490 objects/buildingsets/human/lowtech/prop/light/light_landing_1_a.cgf
    [0.00000038949875571, 2.00000129529260740, 0.00000041039415091, -34.46843385370448232]
    [-2.00000129529255366, 0.00000038949888272, -0.00000061861565654, 1042.71113709942437708]
    [-0.00000061861573647, -0.00000041039403043, 2.00000129529255011, 80.78364519774913788]
  #491 objects/buildingsets/human/lowtech/prop/light/light_landing_1_a.cgf
    [1.99999926471453771, -0.00000024401766823, -0.00000047689814592, -10.46844011219218373]
    [0.00000024401765902, 1.99999926471459410, -0.00000003862650062, 1032.58615095692221075]
    [0.00000047689815064, 0.00000003862644244, 1.99999926471455214, 80.78364688158035278]
  #492 objects/buildingsets/human/lowtech/prop/light/light_landing_1_a.cgf
    [0.00000021506906052, -2.00000084208982898, 0.00000041039425974, -20.82844043755903840]
    [2.00000084208986317, 0.00000021506909671, 0.00000017627362870, 1029.71114894049242139]
    [-0.00000017627367283, 0.00000041039424079, 2.00000084208983253, 80.78364768996834755]
  #493 objects/buildingsets/human/lowtech/prop/light/light_landing_1_a.cgf
    [0.00000038949875571, 2.00000129529260740, 0.00000041039415091, -34.46840663021430373]
    [-2.00000129529255366, 0.00000038949888272, -0.00000061861565654, 976.96116764598991722]
    [-0.00000061861573647, -0.00000041039403043, 2.00000129529255011, 80.78364857286214828]
  #494 objects/buildingsets/human/lowtech/prop/light/light_landing_1_a.cgf
    [1.41421561839205423, 1.41421235163861536, 0.00000028005062783, -33.76130046648904681]
    [-1.41421235163859582, 1.41421561839208154, -0.00000023690638596, 957.50774897134397179]
    [-0.00000036554384527, -0.00000003050716380, 2.00000059770770733, 80.78365043178200722]
  #495 objects/buildingsets/human/lowtech/prop/light/light_landing_1_a.cgf
    [0.00000021506906052, -2.00000084208982898, 0.00000041039425974, -20.82844378286972642]
    [2.00000084208986317, 0.00000021506909671, 0.00000017627362870, 1039.83614262018818408]
    [-0.00000017627367283, 0.00000041039424079, 2.00000084208983253, 80.78364632464945316]
  #496 objects/buildingsets/human/lowtech/prop/light/light_landing_1_a.cgf
    [0.00000038949875571, 2.00000129529260740, 0.00000041039415091, -32.83759202947840095]
    [-2.00000129529255366, 0.00000038949888272, -0.00000061861565654, 1009.83615261362865567]
    [-0.00000061861573647, -0.00000041039403043, 2.00000129529255011, 80.78365074470639229]
  #497 objects/buildingsets/human/lowtech/prop/light/light_landing_1_a.cgf
    [-1.41421620420053196, -1.41421284497356625, 0.00000062364393288, 24.53153080353513360]
    [1.41421284497354049, -1.41421620420065497, -0.00000033679363024, 1067.83614159491844475]
    [0.00000067913215468, 0.00000020283298760, 2.00000136077740587, 80.78364236280322075]
  #498 objects/buildingsets/human/hightech/prop/light/light_street_3_a.cgf
    [-0.62932119926208674, 0.77714525498589349, 0.00000092868010851, 15.92033625720068812]
    [-0.77714525498642906, -0.62932119926188812, -0.00000052920327827, 900.41113196301739663]
    [0.00000017317026999, -0.00000105475822408, 0.99999995959373955, 79.85010893084108829]
  #499 objects/buildingsets/human/lowtech/prop/light/light_landing_1_a.cgf
    [1.99999926471453771, -0.00000024401766823, -0.00000047689814592, -10.46842357655987144]
    [0.00000024401765902, 1.99999926471459410, -0.00000003862650062, 987.08616986358538270]
    [0.00000047689815064, 0.00000003862644244, 1.99999926471455214, 80.78365252353250980]
  #500 objects/buildingsets/human/hightech/prop/light/light_street_3_a.cgf
    [-0.49999785686266307, 0.86602579270562419, 0.00000020400373955, -236.66643286077305675]
    [-0.86602579270556157, -0.49999785686270459, 0.00000032926585688, 792.80273736349772662]
    [0.00000038715444175, -0.00000001204028633, 0.99999926524900640, 148.75490356981754303]
  #501 objects/buildingsets/human/lowtech/prop/light/light_landing_1_a.cgf
    [1.99999926471453771, -0.00000024401766823, -0.00000047689814592, 8.65658133802935481]
    [0.00000024401765902, 1.99999926471459410, -0.00000003862650062, 951.83619020401965827]
    [0.00000047689815064, 0.00000003862644244, 1.99999926471455214, 80.78365603275597095]
  #502 objects/buildingsets/human/lowtech/prop/light/light_landing_1_a.cgf
    [0.00000044343269328, 2.00000193107541158, 0.00000080515863036, -162.70565079664811492]
    [-2.00000193107537516, 0.00000044343305233, -0.00000089152675280, 859.15777010028250515]
    [-0.00000089152693131, -0.00000080515843269, 2.00000193107526236, 149.77446923032402992]
  #503 objects/buildingsets/human/lowtech/prop/light/light_landing_1_a.cgf
    [0.00000016113520523, -2.00000147787250571, 0.00000080515879462, -159.02557221194729209]
    [2.00000147787266558, 0.00000016113516637, -0.00000009663696764, 881.28635524469427764]
    [0.00000009663690277, 0.00000080515880241, 2.00000147787250970, 149.77445621415972710]
  #504 objects/buildingsets/human/lowtech/prop/light/light_landing_1_b.cgf
    [1.41420826585720150, -1.41421336573474843, -0.00000250522828462, -175.67689888784661889]
    [1.41421336573606071, 1.41420826585808768, 0.00000024055185245, 850.55651091143954545]
    [0.00000160136456159, -0.00000194156264196, 1.99999611575662350, 149.77446979284286499]
  #505 objects/buildingsets/human/lowtech/prop/light/light_landing_1_b.cgf
    [-1.41421522879293859, -1.41421202211613273, -0.00000016588470357, -175.68174870172515512]
    [1.41421202211611763, -1.41421522879294792, 0.00000020902790729, 911.82403050840366632]
    [-0.00000026510321490, 0.00000003050715247, 2.00000008921190409, 149.77446800470352173]
  #506 objects/buildingsets/human/lowtech/prop/light/light_landing_1_a.cgf
    [0.00000016113520523, -2.00000147787250571, 0.00000080515879462, -216.29939942853525281]
    [2.00000147787266558, 0.00000016113516637, -0.00000009663696764, 917.53687189740594476]
    [0.00000009663690277, 0.00000080515880241, 2.00000147787250970, 149.77447021007537842]
  #507 objects/buildingsets/human/hightech/prop/light/light_street_3_a.cgf
    [-0.62932119926208674, 0.77714525498589349, 0.00000092868010851, 49.14594555692747235]
    [-0.77714525498642906, -0.62932119926188812, -0.00000052920327827, 940.24834596237633377]
    [0.00000017317026999, -0.00000105475822408, 0.99999995959373955, 79.85010897368192673]
  #508 objects/buildingsets/human/lowtech/prop/light/light_landing_3_a.cgf
    [0.99999963235726896, -0.00000012200883412, -0.00000023844907296, -167.81034591188654304]
    [0.00000012200882951, 0.99999963235729716, -0.00000001931325031, 924.52841101994272321]
    [0.00000023844907532, 0.00000001931322122, 0.99999963235727618, 149.77446871995925903]
  #509 objects/buildingsets/human/lowtech/prop/light/light_landing_1_a.cgf
    [0.00000044343269328, 2.00000193107541158, 0.00000080515863036, -169.23843973735347390]
    [-2.00000193107537516, 0.00000044343305233, -0.00000089152675280, 838.00222627387847751]
    [-0.00000089152693131, -0.00000080515843269, 2.00000193107526236, 149.77966091223061085]
  #510 objects/buildingsets/human/lowtech/prop/light/light_landing_1_a.cgf
    [0.00000016113520523, -2.00000147787250571, 0.00000080515879462, -159.63048672908917069]
    [2.00000147787266558, 0.00000016113516637, -0.00000009663696764, 917.53686154435854405]
    [0.00000009663690277, 0.00000080515880241, 2.00000147787250970, 149.77445765770971775]
  #511 objects/buildingsets/human/lowtech/prop/light/light_landing_1_a.cgf
    [0.00000016113520523, -2.00000147787250571, 0.00000080515879462, -216.90805573435500264]
    [2.00000147787266558, 0.00000016113516637, -0.00000009663696764, 881.28636577690485865]
    [0.00000009663690277, 0.00000080515880241, 2.00000147787250970, 149.77446903847157955]
  #512 objects/buildingsets/human/lowtech/prop/light/light_landing_1_a.cgf
    [0.00000044343269328, 2.00000193107541158, 0.00000080515863036, -162.70563856652006507]
    [-2.00000193107537516, 0.00000044343305233, -0.00000089152675280, 903.34045548224821687]
    [-0.00000089152693131, -0.00000080515843269, 2.00000193107526236, 149.77447082474827766]
  #513 objects/buildingsets/human/lowtech/prop/light/light_landing_1_b.cgf
    [1.41421659379971132, 1.41421317449618877, 0.00000106957978702, -200.27458030031993985]
    [-1.41421317449598671, 1.41421659380010123, -0.00000078272829612, 850.49677054316271096]
    [-0.00000130977985164, -0.00000020283305101, 2.00000186927323487, 149.77447524107992649]
  #514 objects/buildingsets/human/hightech/prop/light/light_street_3_a.cgf
    [-0.49999785686266307, 0.86602579270562419, 0.00000020400373955, -224.49290549522265792]
    [-0.86602579270556157, -0.49999785686270459, 0.00000032926585688, 813.91002797440160066]
    [0.00000038715444175, -0.00000001204028633, 0.99999926524900640, 148.75490367598831654]
  #515 objects/buildingsets/human/lowtech/prop/light/light_landing_1_a.cgf
    [0.00000044343269328, 2.00000193107541158, 0.00000080515863036, -213.37921114405617118]
    [-2.00000193107537516, 0.00000044343305233, -0.00000089152675280, 903.34044495155103505]
    [-0.00000089152693131, -0.00000080515843269, 2.00000193107526236, 149.77447705157101154]
  #516 objects/buildingsets/human/lowtech/prop/light/light_landing_1_a.cgf
    [0.00000016113520523, -2.00000147787250571, 0.00000080515879462, -216.39061519922688603]
    [2.00000147787266558, 0.00000016113516637, -0.00000009663696764, 845.05615048704203218]
    [0.00000009663690277, 0.00000080515880241, 2.00000147787250970, 149.77446561306715012]
  #517 objects/buildingsets/human/hightech/prop/light/light_street_3_a.cgf
    [-0.62932119926208674, 0.77714525498589349, 0.00000092868010851, 32.33821580698713660]
    [-0.77714525498642906, -0.62932119926188812, -0.00000052920327827, 920.27867358445655555]
    [0.00000017317026999, -0.00000105475822408, 0.99999995959373955, 79.85010941326618195]
  #518 objects/buildingsets/human/lowtech/prop/light/light_landing_1_a.cgf
    [0.00000016113520523, -2.00000147787250571, 0.00000080515879462, -159.69114950438961387]
    [2.00000147787266558, 0.00000016113516637, -0.00000009663696764, 845.05614012992009521]
    [0.00000009663690277, 0.00000080515880241, 2.00000147787250970, 149.77445305325090885]
  #519 objects/buildingsets/human/lowtech/prop/light/light_landing_1_a.cgf
    [0.00000044343269328, 2.00000193107541158, 0.00000080515863036, -207.78820709185674787]
    [-2.00000193107537516, 0.00000044343305233, -0.00000089152675280, 838.00223295565228909]
    [-0.00000089152693131, -0.00000080515843269, 2.00000193107526236, 149.77966945432126522]
  #520 objects/buildingsets/human/lowtech/prop/light/light_landing_1_a.cgf
    [1.99999926471453771, -0.00000024401766823, -0.00000047689814592, -199.17884631315246224]
    [0.00000024401765902, 1.99999926471459410, -0.00000003862650062, 881.36379915464203805]
    [0.00000047689815064, 0.00000003862644244, 1.99999926471455214, 149.77447311207652092]
  #521 objects/buildingsets/human/lowtech/prop/light/light_landing_1_a.cgf
    [1.99999926471453771, -0.00000024401766823, -0.00000047689814592, -176.85576358297839761]
    [0.00000024401765902, 1.99999926471459410, -0.00000003862650062, 881.36380086548160762]
    [0.00000047689815064, 0.00000003862644244, 1.99999926471455214, 149.77446916699409485]
  #522 objects/buildingsets/human/hightech/prop/light/light_street_3_a.cgf
    [-0.12186959003093657, -0.99254614544289166, -0.00000023467153001, 62.98140794737264514]
    [0.99254614544228414, -0.12186959003112265, 0.00000110267839326, 941.98266547359526157]
    [-0.00000112305848520, -0.00000009853935648, 1.00000002390331710, 79.85010900720953941]
  #523 objects/buildingsets/human/lowtech/prop/light/light_landing_1_b.cgf
    [-1.41421156196736453, 1.41421389093926431, 0.00000070739200145, -200.24105311604216695]
    [-1.41421389093913197, -1.41421156196753994, 0.00000061555911361, 911.77518913324456662]
    [0.00000093546765117, -0.00000006493642801, 1.99999881783149358, 149.77447344735264778]
  #524 objects/buildingsets/human/hightech/prop/light/light_street_3_a.cgf
    [0.62932114887554103, -0.77714530325643705, 0.00000088534327590, -0.90690343035385013]
    [0.77714530325693443, 0.62932114887527990, -0.00000058271970590, 879.91408876492641866]
    [-0.00000010430736859, 0.00000105475823993, 0.99999996539761493, 79.85010931082069874]
  #525 objects/buildingsets/human/hightech/prop/structure/structure_post_2_a.cgf
    [-0.00000324680806283, 2.49999297799489018, -4.33012600800785918, -232.34329087706282735]
    [4.99999561352298283, 0.00000086233838024, -0.00000325121859145, 753.86213656608015299]
    [-0.00000087879873165, -4.33012600800899072, -2.49999297799488396, 109.28104535117745399]
  #526 objects/buildingsets/human/hightech/prop/light/light_street_3_a.cgf
    [-0.12186959003093657, -0.99254614544289166, -0.00000023467153001, 55.65720599656924605]
    [0.99254614544228414, -0.12186959003112265, 0.00000110267839326, 999.49195654538925737]
    [-0.00000112305848520, -0.00000009853935648, 1.00000002390331710, 79.85010894387960434]
  #527 objects/buildingsets/human/lowtech/prop/light/light_landing_1_a.cgf
    [0.00000044343269328, 2.00000193107541158, 0.00000080515863036, -213.37922337511554360]
    [-2.00000193107537516, 0.00000044343305233, -0.00000089152675280, 859.15775956981815398]
    [-0.00000089152693131, -0.00000080515843269, 2.00000193107526236, 149.77447545714676380]
  #528 objects/buildingsets/human/lowtech/prop/light/light_landing_3_a.cgf
    [0.99999963235726896, -0.00000012200883412, -0.00000023844907296, -207.76488806074485183]
    [0.00000012200882951, 0.99999963235729716, -0.00000001931325031, 924.52841790823731571]
    [0.00000023844907532, 0.00000001931322122, 0.99999963235727618, 149.77447757311165333]
  #529 objects/buildingsets/human/hightech/prop/light/light_attachment_5_a.cgf
    [0.00000648852720503, -2.49999455717456476, -4.33012939886000314, -241.96850231802091002]
    [-4.99999933967647525, -0.00000065391490760, -0.00000711476382912, 753.86214104143436998]
    [0.00000299106733071, 4.33012939886481529, -2.49999455717285946, 103.70236576348543167]
  #530 objects/buildingsets/human/hightech/prop/light/light_street_3_a.cgf
    [-0.00000051972279730, 0.99999969954745982, 0.00000037046131720, -67.13927073264494538]
    [-0.99999969954734169, -0.00000051972302367, 0.00000061119766430, 871.97854782745707780]
    [0.00000061119785683, -0.00000037046099955, 0.99999969954740819, 79.85010880790650845]
  #531 objects/buildingsets/human/hightech/prop/light/light_street_3_a.cgf
    [-0.00000051972279730, 0.99999969954745982, 0.00000037046131720, -67.13927121972665191]
    [-0.99999969954734169, -0.00000051972302367, 0.00000061119766430, 902.68507675558794290]
    [0.00000061119785683, -0.00000037046099955, 0.99999969954740819, 79.85010934807360172]
  #532 objects/buildingsets/human/hightech/prop/light/light_street_3_a.cgf
    [-0.15643444552622532, -0.98768833793712196, -0.00000020832463800, 51.37322391523048282]
    [0.98768833793706912, -0.15643444552629204, 0.00000035594459670, 1030.91140528628602624]
    [-0.00000038415147853, -0.00000015007782068, 0.99999999432198283, 79.85010879673063755]
  #533 objects/buildingsets/human/hightech/prop/light/light_street_3_a.cgf
    [0.00000024430014125, -0.99999990601272193, 0.00000037046128440, 66.45183219155296683]
    [0.99999990601275945, 0.00000024430023351, 0.00000024907082518, 911.41780401463620365]
    [-0.00000024907091568, 0.00000037046122355, 0.99999990601272104, 79.85010878741741180]
  #534 objects/buildingsets/human/hightech/prop/light/light_street_3_a.cgf
    [-0.99999988499439008, -0.00000017279518136, 0.00000020466053574, -199.92180145764723420]
    [0.00000017279517741, -0.99999988499441084, -0.00000001931332130, 821.44927679165266454]
    [0.00000020466053907, -0.00000001931328594, 0.99999988499440506, 148.75490418821573257]
  #535 objects/buildingsets/human/hightech/prop/light/light_street_3_a.cgf
    [-0.15643444552622532, -0.98768833793712196, -0.00000020832463800, 57.44086092757061124]
    [0.98768833793706912, -0.15643444552629204, 0.00000035594459670, 984.57020998443476856]
    [-0.00000038415147853, -0.00000015007782068, 0.99999999432198283, 79.85010885074734688]
  #536 objects/buildingsets/human/hightech/prop/light/light_street_3_a.cgf
    [-0.10452902516501322, -0.99452203912524195, 0.00000098709536717, 64.64021147275343537]
    [0.99452203912569537, -0.10452902516522650, -0.00000016684698034, 929.17941197799518704]
    [0.00000026911306131, 0.00000096424755067, 1.00000020170385451, 79.85010919719934464]
  #537 objects/buildingsets/human/hightech/prop/light/light_street_3_a.cgf
    [0.62932114887554103, -0.77714530325643705, 0.00000088534327590, -15.22254068451002240]
    [0.77714530325693443, 0.62932114887527990, -0.00000058271970590, 863.02918840048369020]
    [-0.00000010430736859, 0.00000105475823993, 0.99999996539761493, 79.85010894387960434]
  #538 objects/buildingsets/human/hightech/prop/light/light_street_3_a.cgf
    [-0.12186959003093657, -0.99254614544289166, -0.00000023467153001, 59.48903277376666665]
    [0.99254614544228414, -0.12186959003112265, 0.00000110267839326, 970.42559906630776823]
    [-0.00000112305848520, -0.00000009853935648, 1.00000002390331710, 79.85010861232876778]
  #539 objects/buildingsets/human/hightech/prop/light/light_street_3_a.cgf
    [-0.12186959003093657, -0.99254614544289166, -0.00000023467153001, 61.21448317961767316]
    [0.99254614544228414, -0.12186959003112265, 0.00000110267839326, 956.37302866182290018]
    [-0.00000112305848520, -0.00000009853935648, 1.00000002390331710, 79.85010883770883083]
  #540 objects/buildingsets/citysets/hightech/addon/large/ht_lrg_addon_banner_001_b.cgf
    [0.99999963235726896, -0.00000012200883412, -0.00000023844907296, -0.78235614346340299]
    [0.00000012200882951, 0.99999963235729716, -0.00000001931325031, 828.94565302506089211]
    [0.00000023844907532, 0.00000001931322122, 0.99999963235727618, 26.81188453733921051]
  #541 objects/planets/flora/grass/cypress_debris_01/cypress_debris_01.cgf
    [-0.70710798437807876, 0.70710622357024366, 0.00000040869400561, 20.69805045099928975]
    [-0.70710622357034469, -0.70710798437781608, -0.00000062909349241, -328.76058456313330680]
    [-0.00000015584505802, -0.00000073382677132, 1.00000045649119840, 79.74741567671298981]
  #542 objects/planets/flora/grass/cypress_debris_01/cypress_debris_01.cgf
    [-0.70710798437807876, 0.70710622357024366, 0.00000040869400561, 21.84185881586745381]
    [-0.70710622357034469, -0.70710798437781608, -0.00000062909349241, -328.03996106830891222]
    [-0.00000015584505802, -0.00000073382677132, 1.00000045649119840, 79.74741574563086033]
  #543 objects/buildingsets/human/hightech/loc/stanton/orison/flag/flag_pole_a.cgf
    [0.00000262204729689, 1.00000225590868475, 0.00000070442197460, 24.37882490409538150]
    [-1.00000225590770353, 0.00000262204840145, -0.00000156801484528, -355.63420352572575212]
    [-0.00000156801669229, -0.00000070441786319, 1.00000225591089342, 81.39766944199800491]
  #544 objects/buildingsets/human/hightech/loc/stanton/orison/flag/flag_base_b.cgf
    [0.00000262204729689, 1.00000225590868475, 0.00000070442197460, 23.61852970300242305]
    [-1.00000225590770353, 0.00000262204840145, -0.00000156801484528, -355.63420539360959083]
    [-0.00000156801669229, -0.00000070441786319, 1.00000225591089342, 79.74999685771763325]
  #545 objects/planets/flora/grass/cypress_debris_01/cypress_debris_01.cgf
    [-0.70710798437807876, 0.70710622357024366, 0.00000040869400561, 10.19804957089945674]
    [-0.70710622357034469, -0.70710798437781608, -0.00000062909349241, -351.26058452727738768]
    [-0.00000015584505802, -0.00000073382677132, 1.00000045649119840, 79.74741566181182861]
  #546 objects/planets/flora/grass/cypress_debris_01/cypress_debris_01.cgf
    [-0.70710798437807876, 0.70710622357024366, 0.00000040869400561, 11.34185793483629823]
    [-0.70710622357034469, -0.70710798437781608, -0.00000062909349241, -350.53996103268582374]
    [-0.00000015584505802, -0.00000073382677132, 1.00000045649119840, 79.74741573259234428]
  #547 objects/buildingsets/human/hightech/prop/structure/structure_post_2_a.cgf
    [-0.00000954795253407, -2.49998984550594727, 4.33012970512210327, 14.62458239356055856]
    [-4.99999724908059129, 0.00000438417868606, -0.00000849381813334, -322.36842685274314135]
    [0.00000045007959188, -4.33012970513041040, -2.49998984550975090, 42.62844546325504780]
  #548 objects/buildingsets/human/hightech/prop/light/light_attachment_5_a.cgf
    [-0.00000374425740473, 2.49999258770321475, 4.33013378546596694, 24.24980234866961837]
    [5.00000215385999525, 0.00000144183779492, 0.00000349104947983, -322.36843633442185819]
    [0.00000049684924178, 4.33013378546734629, -2.49999258770358024, 37.04977436549961567]
  #549 objects/buildingsets/human/hightech/prop/light/light_street_3_a.cgf
    [0.00000024430014125, -0.99999990601272193, 0.00000037046128440, 18.38925926527008414]
    [0.99999990601275945, 0.00000024430023351, 0.00000024907082518, -345.43165411055088043]
    [-0.00000024907091568, 0.00000037046122355, 0.99999990601272104, 79.85010878741741180]
  #550 objects/planets/flora/flower/daisy_01/daisy_01_a.cgf
    [0.43837203531780200, -0.89879427954576552, 0.00000054203329948, 56.32274400210008025]
    [0.89879427954534497, 0.43837203531812485, 0.00000087559109332, 252.73624259023927152]
    [-0.00000102458789272, 0.00000010334171730, 1.00000059914586914, 80.54249225184321404]
  #551 objects/planets/flora/grass/cypress_debris_01/cypress_debris_01.cgf
    [-0.70710798437807876, 0.70710622357024366, 0.00000040869400561, -58.38989486871287227]
    [-0.70710622357034469, -0.70710798437781608, -0.00000062909349241, 210.22828521218616515]
    [-0.00000015584505802, -0.00000073382677132, 1.00000045649119840, 79.74741560220718384]
  #552 objects/planets/flora/grass/cypress_debris_01/cypress_debris_01.cgf
    [0.00000321910358402, -1.00000175018485460, 0.00000156215695069, -170.77565847197547555]
    [1.00000175018607163, 0.00000321910345856, -0.00000008032266596, 355.08585980569478124]
    [0.00000008031763722, 0.00000156215720925, 1.00000175019003290, 148.74741580337285995]
  #553 objects/buildingsets/human/hightech/loc/stanton/orison/planter/planter_04x04x02_cap_002_a.cgf
    [-0.89879415925198225, -0.43837111118346472, -0.00000006028618179, 57.91631924966350198]
    [0.43837111118343230, -0.89879415925195505, 0.00000028457238038, 252.38475394668057561]
    [-0.00000017893316331, 0.00000022934425317, 1.00000008591280753, 78.74999925494194031]
  #554 objects/buildingsets/human/hightech/loc/stanton/orison/flag/flag_pole_a.cgf
    [-0.00000384450135201, -1.00000137291169033, -0.00000009605513777, -88.14176611183211207]
    [1.00000137291097047, -0.00000384450123632, -0.00000120380384577, 567.86579119495581836]
    [0.00000120380347648, -0.00000009605976579, 1.00000137291835611, 81.39766792953014374]
  #555 objects/planets/flora/grass/cypress_debris_01/cypress_debris_01.cgf
    [-0.70710798437807876, 0.70710622357024366, 0.00000040869400561, 59.84185823006555438]
    [-0.70710622357034469, -0.70710798437781608, -0.00000062909349241, 695.96003912272863090]
    [-0.00000015584505802, -0.00000073382677132, 1.00000045649119840, 79.74741566367447376]
  #556 objects/planets/flora/grass/rosemary_01/rosemary_01_dense_b.cgf
    [-0.29237546016284666, -0.95630341475346803, -0.00000100120943040, 34.37724130088463426]
    [0.95630341475399028, -0.29237546016275062, -0.00000024416462422, -25.01106291485484689]
    [-0.00000005923361496, -0.00000102884793148, 0.99999981538724336, 80.80490935966372490]
  #557 objects/planets/flora/grass/cypress_debris_01/cypress_debris_01.cgf
    [-0.70710798437807876, 0.70710622357024366, 0.00000040869400561, 21.11010594433173537]
    [-0.70710622357034469, -0.70710798437781608, -0.00000062909349241, -167.77171470387838781]
    [-0.00000015584505802, -0.00000073382677132, 1.00000045649119840, 79.74741614237427711]
  #558 objects/planets/flora/tree/cypress_01/cypress_01_a_mega_wind.cgf
    [-0.70710798437807876, 0.70710622357024366, 0.00000040869400561, -169.69774315552785993]
    [-0.70710622357034469, -0.70710798437781608, -0.00000062909349241, 552.41691064625047147]
    [-0.00000015584505802, -0.00000073382677132, 1.00000045649119840, 148.74741562828421593]
  #559 objects/buildingsets/human/hightech/prop/light/lamp/lamp_planter_1_large_b.cgf
    [0.59088522622583128, -0.10419016297641841, 0.00000047775775705, -45.20932793384417892]
    [0.10419016297595475, 0.59088522622582840, 0.00000057285706195, 120.09709698660299182]
    [-0.00000056997604036, -0.00000048119123148, 0.60000078386005151, 148.71518295817077160]
  #560 objects/planets/flora/grass/cypress_debris_01/cypress_debris_01.cgf
    [-0.70710798437807876, 0.70710622357024366, 0.00000040869400561, -171.38989473832771182]
    [-0.70710622357034469, -0.70710798437781608, -0.00000062909349241, 501.22828554094303399]
    [-0.00000015584505802, -0.00000073382677132, 1.00000045649119840, 148.74741582199931145]
  #561 objects/planets/flora/tree/apaaj_01/apaaj_01_leafpile_c.cgf
    [0.58474500825665932, 1.91260972369968596, -0.00000002815837025, -41.50005375919863582]
    [-1.91260972369932891, 0.58474500825656806, 0.00000121375696470, 130.19829719804693013]
    [0.00000116895402808, -0.00000032794106694, 2.00000066996743708, 148.75000046752393246]
  #562 objects/buildingsets/human/brand/decal/logo/secondary_logo_txt_lrg.cgf
    [0.00000174627922678, 0.00000353209935635, 2.12821233889877348, 37.75358608877286315]
    [-0.00000078937782633, -2.12821233889934369, 0.00000353210000406, 712.36877484479919076]
    [2.12821233890155836, -0.00000078938072455, -0.00000174627791660, 136.68680243939161301]
  #563 objects/planets/flora/tree/apaaj_01/apaaj_01_leafpile_c.cgf
    [0.58474500825665932, 1.91260972369968596, -0.00000002815837025, -56.56940020853653550]
    [-1.91260972369932891, 0.58474500825656806, 0.00000121375696470, 121.12668375845532864]
    [0.00000116895402808, -0.00000032794106694, 2.00000066996743708, 148.75000142864882946]
  #564 objects/planets/flora/tree/cypress_01/cypress_01_a_mega_wind.cgf
    [-0.70710798437807876, 0.70710622357024366, 0.00000040869400561, -170.19774285191670060]
    [-0.70710622357034469, -0.70710798437781608, -0.00000062909349241, 355.41691039165016264]
    [-0.00000015584505802, -0.00000073382677132, 1.00000045649119840, 148.74741581827402115]
  #565 objects/planets/flora/flower/daisy_01/daisy_01_a.cgf
    [-0.45398995771015543, -0.89100707239597299, -0.00000033231080178, 16.24546021642163396]
    [0.89100707239484611, -0.45398995771012735, 0.00000146429609060, 252.61479780799709260]
    [-0.00000145556358685, 0.00000036868435626, 1.00000024237955443, 80.54249442927539349]
  #566 objects/buildingsets/human/hightech/loc/stanton/orison/planter/planter_08x06x02_straight_001_a.cgf
    [0.46946935504059578, -0.88294866555785789, -0.00000116774669488, 37.01139297289773822]
    [0.88294866555853757, 0.46946935504074178, 0.00000016283559674, -29.22590371326077729]
    [0.00000040444585098, -0.00000110750680747, 0.99999991066630012, 78.75002430193126202]
  #567 objects/buildingsets/human/hightech/loc/stanton/orison/planter/planter_04x04x02_cap_001_a.cgf
    [0.89100720369320519, -0.45398999054833666, 0.00000020176295588, 14.25297700287774205]
    [0.45398999054799671, 0.89100720369294062, 0.00000090592082987, 253.03096837084740400]
    [-0.00000059105101491, -0.00000071558335513, 1.00000037427515132, 78.75000126846134663]
  #568 objects/planets/flora/grass/cypress_debris_01/cypress_debris_01.cgf
    [-0.70710798437807876, 0.70710622357024366, 0.00000040869400561, -176.71115144295617938]
    [-0.70710622357034469, -0.70710798437781608, -0.00000062909349241, -107.61896663042716682]
    [-0.00000015584505802, -0.00000073382677132, 1.00000045649119840, 81.53776946477591991]
  #569 objects/planets/flora/grass/cypress_debris_01/cypress_debris_01.cgf
    [0.00000321910358402, -1.00000175018485460, 0.00000156215695069, 46.61510505853220820]
    [1.00000175018607163, 0.00000321910345856, -0.00000008032266596, 601.26969263225328177]
    [0.00000008031763722, 0.00000156215720925, 1.00000175019003290, 126.01700690202414989]
  #570 objects/planets/flora/grass/cypress_debris_01/cypress_debris_01.cgf
    [-0.70710798437807876, 0.70710622357024366, 0.00000040869400561, -120.38989441795274615]
    [-0.70710622357034469, -0.70710798437781608, -0.00000062909349241, 122.72828516562003642]
    [-0.00000015584505802, -0.00000073382677132, 1.00000045649119840, 148.74741610139608383]
  #571 objects/planets/flora/tree/cypress_01/cypress_01_a_mega_wind.cgf
    [-0.70710798437807876, 0.70710622357024366, 0.00000040869400561, 47.19302067952230573]
    [-0.70710622357034469, -0.70710798437781608, -0.00000062909349241, 601.60074321844149381]
    [-0.00000015584505802, -0.00000073382677132, 1.00000045649119840, 126.01700691506266594]
  #572 objects/planets/flora/tree/apaaj_01/apaaj_01_leafpile_c.cgf
    [-0.93894325264632783, 1.76589638676215821, -0.00000045691609415, -53.13910769252106547]
    [-1.76589638676212934, -0.93894325264608625, 0.00000087452829787, 121.83231050043832511]
    [0.00000055765372653, 0.00000081399900623, 2.00000112011692277, 148.75000211596488953]
  #573 objects/planets/flora/grass/cypress_debris_01/cypress_debris_01.cgf
    [0.00000321910358402, -1.00000175018485460, 0.00000156215695069, 46.61510484525933862]
    [1.00000175018607163, 0.00000321910345856, -0.00000008032266596, 441.64548049774020910]
    [0.00000008031763722, 0.00000156215720925, 1.00000175019003290, 126.01700687035918236]
  #574 objects/planets/flora/grass/cypress_debris_01/cypress_debris_01.cgf
    [-0.70710798437807876, 0.70710622357024366, 0.00000040869400561, -85.38989416742697358]
    [-0.70710622357034469, -0.70710798437781608, -0.00000062909349241, 466.72828543640207499]
    [-0.00000015584505802, -0.00000073382677132, 1.00000045649119840, 79.74741561710834503]
  #575 objects/buildingsets/human/hightech/loc/stanton/orison/planter/planter_06x06x02_cap_002_a.cgf
    [-0.99999988499439008, -0.00000017279518136, 0.00000020466053574, 91.00000257743522525]
    [0.00000017279517741, -0.99999988499441084, -0.00000001931332130, 410.74999789986759424]
    [0.00000020466053907, -0.00000001931328594, 0.99999988499440506, 78.75000106915831566]
  #576 objects/buildingsets/human/hightech/loc/stanton/orison/flag/flag_pole_a.cgf
    [0.00000262204729689, 1.00000225590868475, 0.00000070442197460, 104.87882540607824922]
    [-1.00000225590770353, 0.00000262204840145, -0.00000156801484528, 389.36579675506800413]
    [-0.00000156801669229, -0.00000070441786319, 1.00000225591089342, 81.39766959846019745]
  #577 objects/buildingsets/human/hightech/prop/utility/waste/waste_recycle_2_a.cgf
    [0.00000024430014125, -0.99999990601272193, 0.00000037046128440, -295.72924577584490180]
    [0.99999990601275945, 0.00000024430023351, 0.00000024907082518, 351.64081484021153301]
    [-0.00000024907091568, 0.00000037046122355, 0.99999990601272104, 137.30555765144526958]
  #578 objects/planets/flora/tree/cypress_01/cypress_01_a_subtle_wind.cgf
    [-0.70710798437807876, 0.70710622357024366, 0.00000040869400561, -13.19774263771250844]
    [-0.70710622357034469, -0.70710798437781608, -0.00000062909349241, 774.91691130760591477]
    [-0.00000015584505802, -0.00000073382677132, 1.00000045649119840, 79.74741565249860287]
  #579 objects/planets/flora/tree/cypress_01/cypress_01_a_subtle_wind.cgf
    [-0.70710798437807876, 0.70710622357024366, 0.00000040869400561, 71.30225718999281526]
    [-0.70710622357034469, -0.70710798437781608, -0.00000062909349241, 572.41691065032500774]
    [-0.00000015584505802, -0.00000073382677132, 1.00000045649119840, 79.74741625040769577]
  #580 objects/planets/flora/grass/rosemary_01/rosemary_01_dense_b.cgf
    [0.29237475784064670, 0.95630290095342929, -0.00000128732589112, 38.82692121108993888]
    [-0.95630290095373260, 0.29237475784167055, 0.00000069166954494, -27.37698541604913771]
    [0.00000103782810265, 0.00000102884767517, 0.99999911869653324, 80.80491501279175282]
  #581 objects/buildingsets/human/hightech/loc/stanton/orison/planter/planter_08x06x02_straight_001_a.cgf
    [0.46946935504059578, -0.88294866555785789, -0.00000116774669488, 29.94780259532853961]
    [0.88294866555853757, 0.46946935504074178, 0.00000016283559674, -25.47015101520810276]
    [0.00000040444585098, -0.00000110750680747, 0.99999991066630012, 78.75001532770693302]
  #582 objects/buildingsets/human/hightech/loc/stanton/orison/flag/flag_base_b.cgf
    [-0.00000384450135201, -1.00000137291169033, -0.00000009605513777, -87.38146951375529170]
    [1.00000137291097047, -0.00000384450123632, -0.00000120380384577, 567.86579506797716022]
    [0.00000120380347648, -0.00000009605976579, 1.00000137291835611, 79.74999660998582840]
  #583 objects/planets/flora/flower/daisy_01/daisy_01_a.cgf
    [0.45399098445602576, 0.89100784337255401, 0.00000035033911966, 15.49272632552310824]
    [-0.89100784337262151, 0.45399098445601122, 0.00000012451901981, 254.09212458389811218]
    [-0.00000004810331140, -0.00000036868490136, 1.00000139545839906, 80.54249333962798119]
  #584 objects/planets/flora/tree/cypress_01/cypress_01_a_mega_wind.cgf
    [-0.70710798437807876, 0.70710622357024366, 0.00000040869400561, 47.19302046624943614]
    [-0.70710622357034469, -0.70710798437781608, -0.00000062909349241, 441.97653108322992921]
    [-0.00000015584505802, -0.00000073382677132, 1.00000045649119840, 126.01700688526034355]
  #585 objects/planets/flora/tree/cypress_01/cypress_01_a_subtle_wind.cgf
    [-0.70710798437807876, 0.70710622357024366, 0.00000040869400561, -78.19774319650605321]
    [-0.70710622357034469, -0.70710798437781608, -0.00000062909349241, 479.91691046883352101]
    [-0.00000015584505802, -0.00000073382677132, 1.00000045649119840, 79.74741627275943756]
  #586 objects/planets/flora/tree/cypress_01/cypress_01_a_mega_wind.cgf
    [-0.70710798437807876, 0.70710622357024366, 0.00000040869400561, -160.69774319091811776]
    [-0.70710622357034469, -0.70710798437781608, -0.00000062909349241, 648.91691098478622735]
    [-0.00000015584505802, -0.00000073382677132, 1.00000045649119840, 148.74741601012647152]
  #587 objects/planets/flora/grass/rosemary_01/rosemary_01_dense_b.cgf
    [-0.88294886148894824, -0.46946942223948168, -0.00000139044009607, 23.12979741534218192]
    [0.46946942223933369, -0.88294886149000651, 0.00000045123334226, -19.18394765071570873]
    [-0.00000143952759043, -0.00000025435311344, 1.00000011521114329, 80.80489509552717209]
  #588 objects/planets/flora/grass/cypress_debris_01/cypress_debris_01.cgf
    [0.00000321910358402, -1.00000175018485460, 0.00000156215695069, -170.27565877651795745]
    [1.00000175018607163, 0.00000321910345856, -0.00000008032266596, 552.08586006029509008]
    [0.00000008031763722, 0.00000156215720925, 1.00000175019003290, 148.74741561338305473]
  #589 objects/planets/flora/grass/cypress_debris_01/cypress_debris_01.cgf
    [-0.70710798437807876, 0.70710622357024366, 0.00000040869400561, -78.80195018230006099]
    [-0.70710622357034469, -0.70710798437781608, -0.00000062909349241, 479.23941489250864834]
    [-0.00000015584505802, -0.00000073382677132, 1.00000045649119840, 79.74741605482995510]
  #590 objects/planets/flora/tree/cypress_01/cypress_01_a_mega_wind.cgf
    [-0.70710798437807876, 0.70710622357024366, 0.00000040869400561, -187.19774341909214854]
    [-0.70710622357034469, -0.70710798437781608, -0.00000062909349241, 494.41691150434780866]
    [-0.00000015584505802, -0.00000073382677132, 1.00000045649119840, 148.74741598777472973]
  #591 objects/planets/flora/tree/apaaj_01/apaaj_01_large_c.cgf
    [-0.89100684133632546, 0.45399039475930841, -0.00000029656930336, -51.89048524899408221]
    [-0.45399039475940411, -0.89100684133608754, 0.00000065200800032, 126.37648812448605895]
    [0.00000003176008377, 0.00000071558303589, 1.00000023492068424, 147.74999938532710075]
  #592 objects/buildingsets/human/hightech/loc/stanton/orison/planter/planter_06x06x02_cap_001_a.cgf
    [0.46946935504059578, -0.88294866555785789, -0.00000116774669488, 22.88421268714591861]
    [0.88294866555853757, 0.46946935504074178, 0.00000016283559674, -21.71439743321388960]
    [0.00000040444585098, -0.00000110750680747, 0.99999991066630012, 78.75000635161995888]
  #593 objects/planets/flora/grass/cypress_debris_01/cypress_debris_01.cgf
    [0.00000321910358402, -1.00000175018485460, 0.00000156215695069, -187.77565903915092349]
    [1.00000175018607163, 0.00000321910345856, -0.00000008032266596, 494.08586091909091920]
    [0.00000008031763722, 0.00000156215720925, 1.00000175019003290, 148.74741597473621368]
  #594 objects/planets/flora/grass/rosemary_01/rosemary_01_dense_b.cgf
    [0.29237475784064670, 0.95630290095342929, -0.00000128732589112, 26.78149044187739491]
    [-0.95630290095373260, 0.29237475784167055, 0.00000069166954494, -21.12557329353876412]
    [0.00000103782810265, 0.00000102884767517, 0.99999911869653324, 80.80489973351359367]
  #595 objects/planets/flora/grass/cypress_debris_01/cypress_debris_01.cgf
    [0.00000321910358402, -1.00000175018485460, 0.00000156215695069, -161.27565881097689271]
    [1.00000175018607163, 0.00000321910345856, -0.00000008032266596, 648.58586039906367660]
    [0.00000008031763722, 0.00000156215720925, 1.00000175019003290, 148.74741599522531033]
  #596 objects/planets/flora/grass/cypress_debris_01/cypress_debris_01.cgf
    [-0.70710798437807876, 0.70710622357024366, 0.00000040869400561, -169.38989435648545623]
    [-0.70710622357034469, -0.70710798437781608, -0.00000062909349241, 355.72828473011031747]
    [-0.00000015584505802, -0.00000073382677132, 1.00000045649119840, 148.74741574376821518]
  #597 objects/planets/flora/tree/cypress_01/cypress_01_a_subtle_wind.cgf
    [-0.70710798437807876, 0.70710622357024366, 0.00000040869400561, 11.80225711734965444]
    [-0.70710622357034469, -0.70710798437781608, -0.00000062909349241, -197.58308894140645862]
    [-0.00000015584505802, -0.00000073382677132, 1.00000045649119840, 79.74741619452834129]
  #598 objects/planets/flora/grass/cypress_debris_01/cypress_debris_01.cgf
    [-0.70710798437807876, 0.70710622357024366, 0.00000040869400561, 48.00086896074935794]
    [-0.70710622357034469, -0.70710798437781608, -0.00000062909349241, 442.28790542169008404]
    [-0.00000015584505802, -0.00000073382677132, 1.00000045649119840, 126.01700681261718273]
  #599 objects/planets/flora/grass/cypress_debris_01/cypress_debris_01.cgf
    [-0.70710798437807876, 0.70710622357024366, 0.00000040869400561, -77.65814181556925178]
    [-0.70710622357034469, -0.70710798437781608, -0.00000062909349241, 479.96003838803153485]
    [-0.00000015584505802, -0.00000073382677132, 1.00000045649119840, 79.74741612188518047]
  #600 objects/planets/flora/tree/cypress_01/cypress_01_a_subtle_wind.cgf
    [0.12186702529572535, 0.99254651579845399, -0.00000033348917604, 67.15516943065449595]
    [-0.99254651579783404, 0.12186702529524340, -0.00000120803047647, 331.48845416062977165]
    [-0.00000115838501510, 0.00000047822256262, 1.00000007893830722, 79.74741599336266518]
  #601 objects/planets/flora/grass/rosemary_01/rosemary_01_dense_b.cgf
    [0.88294927624641484, 0.46946983173111301, -0.00000075096268258, 30.91624758625403047]
    [-0.46946983173116874, 0.88294927624669750, 0.00000011121907766, -23.17083101801108569]
    [0.00000071527547689, 0.00000025435334875, 1.00000067366462053, 80.80490496195852757]
  #602 objects/planets/flora/tree/cypress_01/cypress_01_a_mega_wind.cgf
    [-0.70710798437807876, 0.70710622357024366, 0.00000040869400561, -274.19774308381602168]
    [-0.70710622357034469, -0.70710798437781608, -0.00000062909349241, 116.41691130585968494]
    [-0.00000015584505802, -0.00000073382677132, 1.00000045649119840, 148.74741632863879204]
  #603 objects/planets/flora/flower/daisy_01/daisy_01_a.cgf
    [-0.45398995771015543, -0.89100707239597299, -0.00000033231080178, 14.89136538328602910]
    [0.89100707239484611, -0.45398995771012735, 0.00000146429609060, 255.27236455027014017]
    [-0.00000145556358685, 0.00000036868435626, 1.00000024237955443, 80.54249246604740620]
  #604 objects/buildingsets/human/hightech/loc/stanton/orison/organics/rock/rock_sharp_a.cgf
    [4.03868467193527003, 2.52364769846506531, -0.00000913504542970, -45.16549845365807414]
    [-2.52364769844799941, 4.03868467194399461, 0.00000995554218806, 124.19140680017881095]
    [0.00001302258982462, -0.00000360194801749, 4.76232837855536939, 148.75000324100255966]
  #605 objects/planets/flora/tree/cypress_01/cypress_01_a_mega_wind.cgf
    [-0.70710798437807876, 0.70710622357024366, 0.00000040869400561, -50.19774281559512019]
    [-0.70710622357034469, -0.70710798437781608, -0.00000062909349241, -67.58308885467704386]
    [-0.00000015584505802, -0.00000073382677132, 1.00000045649119840, 79.74741561710834503]
  #606 objects/planets/flora/grass/rosemary_01/rosemary_01_dense_b.cgf
    [0.00000013450146807, -1.00000010315348553, 0.00000000781491353, -69.15044744359329343]
    [1.00000010315346044, 0.00000013450146985, 0.00000022459211567, 176.72113078460097313]
    [-0.00000022459211672, 0.00000000781488332, 1.00000010315346977, 80.80488962866365910]
  #607 objects/planets/flora/grass/cypress_debris_01/cypress_debris_01.cgf
    [-0.70710798437807876, 0.70710622357024366, 0.00000040869400561, -13.80194962164387107]
    [-0.70710622357034469, -0.70710798437781608, -0.00000062909349241, 774.23941573174670339]
    [-0.00000015584505802, -0.00000073382677132, 1.00000045649119840, 79.74741543456912041]
  #608 objects/buildingsets/human/hightech/loc/stanton/orison/flag/flag_base_b.cgf
    [0.00000262204729689, 1.00000225590868475, 0.00000070442197460, 104.11853020498529077]
    [-1.00000225590770353, 0.00000262204840145, -0.00000156801484528, 389.36579488695133477]
    [-0.00000156801669229, -0.00000070441786319, 1.00000225591089342, 79.74999701604247093]
  #609 objects/planets/flora/grass/cypress_debris_01/cypress_debris_01.cgf
    [0.00000321910358402, -1.00000175018485460, 0.00000156215695069, -139.13523016544058919]
    [1.00000175018607163, 0.00000321910345856, -0.00000008032266596, -108.26139168499503285]
    [0.00000008031763722, 0.00000156215720925, 1.00000175019003290, 81.53776881285011768]
  #610 objects/planets/flora/grass/cypress_debris_01/cypress_debris_01.cgf
    [0.00000321910358402, -1.00000175018485460, 0.00000156215695069, -274.77565870480611920]
    [1.00000175018607163, 0.00000321910345856, -0.00000008032266596, 116.08586071897298098]
    [0.00000008031763722, 0.00000156215720925, 1.00000175019003290, 148.74741631187498569]
  #611 objects/buildingsets/human/hightech/loc/stanton/orison/planter/planter_08x06x02_straight_001_a.cgf
    [0.99999963235726896, -0.00000012200883412, -0.00000023844907296, -71.49999264767393470]
    [0.00000012200882951, 0.99999963235729716, -0.00000001931325031, 159.75001173024065793]
    [0.00000023844907532, 0.00000001931322122, 0.99999963235727618, 78.75000091269612312]
  #612 objects/planets/flora/grass/cypress_debris_01/cypress_debris_01.cgf
    [0.00000321910358402, -1.00000175018485460, 0.00000156215695069, -50.77565843565389514]
    [1.00000175018607163, 0.00000321910345856, -0.00000008032266596, -67.91413943993393332]
    [0.00000008031763722, 0.00000156215720925, 1.00000175019003290, 79.74741560220718384]
  #613 objects/planets/flora/tree/cypress_01/cypress_01_a_mega_wind.cgf
    [-0.70710798437807876, 0.70710622357024366, 0.00000040869400561, -60.19774291710928082]
    [-0.70710622357034469, -0.70710798437781608, -0.00000062909349241, 340.91691121750045568]
    [-0.00000015584505802, -0.00000073382677132, 1.00000045649119840, 79.74741622433066368]
  #614 objects/buildingsets/human/hightech/loc/stanton/orison/planter/planter_06x06x02_cap_002_a.cgf
    [0.46946935504059578, -0.88294866555785789, -0.00000116774669488, 37.01139297289773822]
    [0.88294866555853757, 0.46946935504074178, 0.00000016283559674, -29.22590371326077729]
    [0.00000040444585098, -0.00000110750680747, 0.99999991066630012, 78.75002430193126202]
  #615 objects/buildingsets/human/hightech/loc/stanton/orison/planter/planter_04x04x02_cap_002_a.cgf
    [0.89100720369320519, -0.45398999054833666, 0.00000020176295588, 14.25297700287774205]
    [0.45398999054799671, 0.89100720369294062, 0.00000090592082987, 253.03096837084740400]
    [-0.00000059105101491, -0.00000071558335513, 1.00000037427515132, 78.75000126846134663]
  #616 objects/planets/flora/tree/cypress_01/cypress_01_a_mega_wind.cgf
    [-0.70710798437807876, 0.70710622357024366, 0.00000040869400561, -150.69774267030879855]
    [-0.70710622357034469, -0.70710798437781608, -0.00000062909349241, 80.91691087221261114]
    [-0.00000015584505802, -0.00000073382677132, 1.00000045649119840, 148.74741598218679428]
  #617 objects/planets/flora/grass/cypress_debris_01/cypress_debris_01.cgf
    [-0.70710798437807876, 0.70710622357024366, 0.00000040869400561, 11.19805013155564666]
    [-0.70710622357034469, -0.70710798437781608, -0.00000062909349241, -198.26058451819699258]
    [-0.00000015584505802, -0.00000073382677132, 1.00000045649119840, 79.74741597473621368]
  #618 objects/planets/flora/tree/cypress_01/cypress_01_a_mega_wind.cgf
    [-0.70710798437807876, 0.70710622357024366, 0.00000040869400561, -138.55731454724445939]
    [-0.70710622357034469, -0.70710798437781608, -0.00000062909349241, -107.93034109903965145]
    [-0.00000015584505802, -0.00000073382677132, 1.00000045649119840, 81.53776882775127888]
  #619 objects/planets/flora/grass/cypress_debris_01/cypress_debris_01.cgf
    [-0.70710798437807876, 0.70710622357024366, 0.00000040869400561, 70.69805020326748490]
    [-0.70710622357034469, -0.70710798437781608, -0.00000062909349241, 571.73941507423296571]
    [-0.00000015584505802, -0.00000073382677132, 1.00000045649119840, 79.74741603247821331]
  #620 objects/planets/flora/grass/rosemary_01/rosemary_01_dense_b.cgf
    [-0.70710578098368226, 0.70710694546963215, 0.00000035369600073, -69.15044448571279645]
    [-0.70710694546956598, -0.70710578098376997, 0.00000030777955680, 172.58534095855429769]
    [0.00000046773382558, -0.00000003246821400, 0.99999940891574679, 80.80488977767527103]
  #621 objects/planets/flora/grass/cypress_debris_01/cypress_debris_01.cgf
    [-0.70710798437807876, 0.70710622357024366, 0.00000040869400561, -12.65814125677570701]
    [-0.70710622357034469, -0.70710798437781608, -0.00000062909349241, 774.96003922657109797]
    [-0.00000015584505802, -0.00000073382677132, 1.00000045649119840, 79.74741550162434578]
  #622 objects/buildingsets/human/hightech/loc/stanton/orison/organics/rock/rock_sharp_a.cgf
    [-1.67424441454263984, -1.56126127071179743, 0.00000622346072198, -42.96344222547486424]
    [1.56126127071249110, -1.67424441455212381, -0.00000219256023204, 128.68038853351026773]
    [0.00000604687090621, 0.00000264085894600, 2.28924247624558985, 148.34559693932533264]
  #623 objects/planets/flora/grass/cypress_debris_01/cypress_debris_01.cgf
    [0.00000321910358402, -1.00000175018485460, 0.00000156215695069, -60.77565853623673320]
    [1.00000175018607163, 0.00000321910345856, -0.00000008032266596, 340.58586063107941300]
    [0.00000008031763722, 0.00000156215720925, 1.00000175019003290, 79.74741620942950249]
  #624 objects/planets/flora/grass/cypress_debris_01/cypress_debris_01.cgf
    [-0.70710798437807876, 0.70710622357024366, 0.00000040869400561, -168.88989466289058328]
    [-0.70710622357034469, -0.70710798437781608, -0.00000062909349241, 552.72828498401213437]
    [-0.00000015584505802, -0.00000073382677132, 1.00000045649119840, 148.74741555564105511]
  #625 objects/planets/flora/grass/cypress_debris_01/cypress_debris_01.cgf
    [0.00000321910358402, -1.00000175018485460, 0.00000156215695069, -151.27565828850492835]
    [1.00000175018607163, 0.00000321910345856, -0.00000008032266596, 80.58586028625722975]
    [0.00000008031763722, 0.00000156215720925, 1.00000175019003290, 148.74741596542298794]
  #626 objects/planets/flora/grass/cypress_debris_01/cypress_debris_01.cgf
    [-0.70710798437807876, 0.70710622357024366, 0.00000040869400561, -159.88989469548687339]
    [-0.70710622357034469, -0.70710798437781608, -0.00000062909349241, 649.22828532371204346]
    [-0.00000015584505802, -0.00000073382677132, 1.00000045649119840, 148.74741593562066555]
  #627 objects/planets/flora/grass/cypress_debris_01/cypress_debris_01.cgf
    [-0.70710798437807876, 0.70710622357024366, 0.00000040869400561, -273.38989459024742246]
    [-0.70710622357034469, -0.70710798437781608, -0.00000062909349241, 116.72828564362134784]
    [-0.00000015584505802, -0.00000073382677132, 1.00000045649119840, 148.74741625413298607]
  #628 objects/planets/flora/grass/cypress_debris_01/cypress_debris_01.cgf
    [-0.70710798437807876, 0.70710622357024366, 0.00000040869400561, 12.34185849735513330]
    [-0.70710622357034469, -0.70710798437781608, -0.00000062909349241, -197.53996102267410606]
    [-0.00000015584505802, -0.00000073382677132, 1.00000045649119840, 79.74741604365408421]
  #629 objects/planets/flora/grass/cypress_debris_01/cypress_debris_01.cgf
    [-0.70710798437807876, 0.70710622357024366, 0.00000040869400561, 48.00086917309090495]
    [-0.70710622357034469, -0.70710798437781608, -0.00000062909349241, 601.91211755620315671]
    [-0.00000015584505802, -0.00000073382677132, 1.00000045649119840, 126.01700684241950512]
  #630 objects/buildingsets/human/hightech/loc/stanton/orison/organics/rock/rock_sharp_a.cgf
    [1.72509500330866228, 1.12028998337062236, 0.00000443993093949, -21.74265391426160932]
    [-1.12028998337089258, 1.72509500331379040, -0.00000118888507842, 831.94456323969643563]
    [-0.00000437115251487, -0.00000142107711574, 2.05694006166432786, 79.74741236679255962]
  #631 objects/buildingsets/human/hightech/prop/light/lamp/lamp_planter_1_d.cgf
    [0.32556965266107218, 0.94551846163652464, -0.00000016233062830, -23.60982305509969592]
    [-0.94551846163611453, 0.32556965266108406, 0.00000089112084454, 827.41555330087430775]
    [0.00000089542079606, -0.00000013663524597, 1.00000038001420632, 79.74741691350936890]
  #632 objects/buildingsets/human/hightech/prop/light/lamp/lamp_planter_1_large_b.cgf
    [-0.56731192017688381, -0.19533854370477388, -0.00000000332462293, -18.09083292586728930]
    [0.19533854370468604, -0.56731192017663801, 0.00000055954753211, 827.54598643374629319]
    [-0.00000018531217372, 0.00000052798095807, 0.59999996785930898, 79.69740404188632965]
  #633 objects/planets/flora/grass/cypress_debris_01/cypress_debris_01.cgf
    [-0.70710798437807876, 0.70710622357024366, 0.00000040869400561, -137.74946605181321502]
    [-0.70710622357034469, -0.70710798437781608, -0.00000062909349241, -107.61896676081232727]
    [-0.00000015584505802, -0.00000073382677132, 1.00000045649119840, 81.53776875510811806]
  #634 objects/buildingsets/human/hightech/loc/stanton/orison/planter/planter_08x06x02_straight_001_a.cgf
    [0.99999963235726896, -0.00000012200883412, -0.00000023844907296, -71.49999649962410331]
    [0.00000012200882951, 0.99999963235729716, -0.00000001931325031, 167.75000752648338675]
    [0.00000023844907532, 0.00000001931322122, 0.99999963235727618, 78.75000062398612499]
  #635 objects/planets/flora/grass/cypress_debris_01/cypress_debris_01.cgf
    [-0.70710798437807876, 0.70710622357024366, 0.00000040869400561, -186.38989492552354932]
    [-0.70710622357034469, -0.70710798437781608, -0.00000062909349241, 494.72828584304079413]
    [-0.00000015584505802, -0.00000073382677132, 1.00000045649119840, 148.74741591513156891]
  #636 objects/planets/flora/grass/cypress_debris_01/cypress_debris_01.cgf
    [-0.70710798437807876, 0.70710622357024366, 0.00000040869400561, 71.84185856813564897]
    [-0.70710622357034469, -0.70710798437781608, -0.00000062909349241, 572.46003856882452965]
    [-0.00000015584505802, -0.00000073382677132, 1.00000045649119840, 79.74741610139608383]
  #637 objects/planets/flora/grass/cypress_debris_01/cypress_debris_01.cgf
    [0.12186702529572535, 0.99254651579845399, -0.00000033348917604, 67.31705524632707238]
    [-0.99254651579783404, 0.12186702529524340, -0.00000120803047647, 330.59522487176582217]
    [-0.00000115838501510, 0.00000047822256262, 1.00000007893830722, 79.74741496704518795]
  #638 objects/planets/flora/tree/cypress_01/cypress_01_a_subtle_wind.cgf
    [0.99862962318024973, 0.05233702290574822, 0.00000013560242202, 64.65516907023265958]
    [-0.05233702290578389, 0.99862962318021931, 0.00000027440370323, 390.98845435504335910]
    [-0.00000012105510525, -0.00000028112465330, 1.00000014412983407, 79.74741612002253532]
  #639 objects/planets/flora/tree/apaaj_01/apaaj_01_small_e.cgf
    [-0.99862959378404170, -0.05233457210145941, -0.00000021539586657, -21.25517530879005790]
    [0.05233457210121182, -0.99862959378354865, 0.00000102810490290, 827.97437752131372690]
    [-0.00000026890612053, 0.00000101542334474, 0.99999998650863320, 78.74741682037711143]
  #640 objects/planets/flora/grass/cypress_debris_01/cypress_debris_01.cgf
    [0.00000321910358402, -1.00000175018485460, 0.00000156215695069, 26.90411627246066928]
    [1.00000175018607163, 0.00000321910345856, -0.00000008032266596, 455.92967263131868094]
    [0.00000008031763722, 0.00000156215720925, 1.00000175019003290, 126.01700712554156780]
  #641 objects/planets/flora/tree/apaaj_01/apaaj_01_leafpile_c.cgf
    [1.46270839233280059, 1.36399807846812315, 0.00000027762419701, -19.68405098980292678]
    [-1.36399807846788246, 1.46270839233222638, 0.00000155339931044, 828.32578221801668406]
    [0.00000085637450942, -0.00000132542344633, 2.00000164976510098, 79.74741681851446629]
  #642 objects/planets/flora/tree/cypress_01/cypress_01_a_mega_wind.cgf
    [-0.70710798437807876, 0.70710622357024366, 0.00000040869400561, -144.69774306612089276]
    [-0.70710622357034469, -0.70710798437781608, -0.00000062909349241, 785.91691127023659647]
    [-0.00000015584505802, -0.00000073382677132, 1.00000045649119840, 148.74741557426750660]
  #643 objects/planets/flora/grass/cypress_debris_01/cypress_debris_01.cgf
    [0.12186702529572535, 0.99254651579845399, -0.00000033348917604, 67.45339627983048558]
    [-0.99254651579783404, 0.12186702529524340, -0.00000120803047647, 331.94021746446378529]
    [-0.00000115838501510, 0.00000047822256262, 1.00000007893830722, 79.74741664715111256]
  #644 objects/planets/flora/grass/cypress_debris_01/cypress_debris_01.cgf
    [0.00000321910358402, -1.00000175018485460, 0.00000156215695069, -145.27565868711099029]
    [1.00000175018607163, 0.00000321910345856, -0.00000008032266596, 785.58586068358272314]
    [0.00000008031763722, 0.00000156215720925, 1.00000175019003290, 148.74741555936634541]
  #645 objects/planets/flora/grass/cypress_debris_01/cypress_debris_01.cgf
    [-0.70710798437807876, 0.70710622357024366, 0.00000040869400561, -20.38989444216713309]
    [-0.70710622357034469, -0.70710798437781608, -0.00000062909349241, 222.72828559484332800]
    [-0.00000015584505802, -0.00000073382677132, 1.00000045649119840, 148.74741552770137787]
  #646 objects/planets/flora/grass/cypress_debris_01/cypress_debris_01.cgf
    [-0.70710798437807876, 0.70710622357024366, 0.00000040869400561, -149.88989417394623160]
    [-0.70710622357034469, -0.70710798437781608, -0.00000062909349241, 81.22828520997427404]
    [-0.00000015584505802, -0.00000073382677132, 1.00000045649119840, 148.74741590768098831]
  #647 objects/buildingsets/human/hightech/loc/stanton/orison/planter/planter_06x06x02_cap_001_a.cgf
    [0.99999963235726896, -0.00000012200883412, -0.00000023844907296, -71.49999935226514935]
    [0.00000012200882951, 0.99999963235729716, -0.00000001931325031, 175.75000332342460752]
    [0.00000023844907532, 0.00000001931322122, 0.99999963235727618, 78.75000033527612686]
  #648 objects/planets/flora/grass/cypress_debris_01/cypress_debris_01.cgf
    [0.00000321910358402, -1.00000175018485460, 0.00000156215695069, -158.27565873553976417]
    [1.00000175018607163, 0.00000321910345856, -0.00000008032266596, 80.58586031000595540]
    [0.00000008031763722, 0.00000156215720925, 1.00000175019003290, 148.74741592258214951]
  #649 objects/planets/flora/tree/cypress_01/cypress_01_a_subtle_wind.cgf
    [-0.70710798437807876, 0.70710622357024366, 0.00000040869400561, 22.30225688731297851]
    [-0.70710622357034469, -0.70710798437781608, -0.00000062909349241, -38.58308909507468343]
    [-0.00000015584505802, -0.00000073382677132, 1.00000045649119840, 79.74741617776453495]
  #650 objects/planets/flora/grass/rosemary_01/rosemary_01_dense_b.cgf
    [0.70710500721449354, -0.70710771923881688, -0.00000041374237611, -69.01515857549384236]
    [0.70710771923866833, 0.70710500721461389, -0.00000045966086820, 164.05456746055278927]
    [0.00000061758941903, 0.00000003246809279, 0.99999940891718508, 80.80489011481404305]
  #651 objects/planets/flora/tree/apaaj_01/apaaj_01_leafpile_c.cgf
    [-1.48628760065464460, 1.33826308661295967, -0.00000028089274140, -64.30862117046490312]
    [-1.33826308661234905, -1.48628760065349064, 0.00000226776731339, 406.40541816165205091]
    [0.00000130869111947, 0.00000187323166578, 1.99999973021134281, 79.74741614796221256]
  #652 objects/buildingsets/human/hightech/loc/stanton/orison/flag/flag_pole_a.cgf
    [-0.00000384450135201, -1.00000137291169033, -0.00000009605513777, -71.99033235060051084]
    [1.00000137291097047, -0.00000384450123632, -0.00000120380384577, 277.86579105991404504]
    [0.00000120380347648, -0.00000009605976579, 1.00000137291835611, 81.39766859076917171]
  #653 objects/buildingsets/human/hightech/prop/light/lamp/lamp_planter_1_large_b.cgf
    [-0.90769817882471615, -0.31254498305934991, -0.00000054732099356, -18.90268948907032609]
    [0.31254498305855288, -0.90769817882442216, 0.00000115388283386, 827.02441306156106293]
    [-0.00000089316916344, 0.00000091282786425, 0.96000018243537055, 79.69740442745387554]
  #654 objects/planets/flora/grass/cypress_debris_01/cypress_debris_01.cgf
    [0.99862962318024973, 0.05233702290574822, 0.00000013560242202, 65.56293945433571935]
    [-0.05233702290578389, 0.99862962318021931, 0.00000027440370323, 390.99277428537607193]
    [-0.00000012105510525, -0.00000028112465330, 1.00000014412983407, 79.74741600081324577]
  #655 objects/buildingsets/human/hightech/loc/stanton/orison/planter/planter_06x06x02_cap_002_a.cgf
    [0.99999963235726896, -0.00000012200883412, -0.00000023844907296, -71.49999264767393470]
    [0.00000012200882951, 0.99999963235729716, -0.00000001931325031, 159.75001173024065793]
    [0.00000023844907532, 0.00000001931322122, 0.99999963235727618, 78.75000091269612312]
  #656 objects/buildingsets/human/hightech/prop/light/lamp/lamp_planter_1_large_b.cgf
    [-0.56731192017688381, -0.19533854370477388, -0.00000000332462293, -62.58182860119268298]
    [0.19533854370468604, -0.56731192017663801, 0.00000055954753211, 408.03874424053356051]
    [-0.00000018531217372, 0.00000052798095807, 0.59999996785930898, 79.69740075059235096]
  #657 objects/buildingsets/human/hightech/prop/light/lamp/lamp_planter_1_d.cgf
    [0.89879451216367234, 0.43837052859349246, -0.00000016493241347, -67.09877988183870912]
    [-0.43837052859311121, 0.89879451216327932, 0.00000103332922512, 401.94900803361088037]
    [0.00000060122133793, -0.00000085644900101, 1.00000014771689094, 79.74742040410637856]
  #658 objects/planets/flora/tree/cypress_01/cypress_01_a_mega_wind.cgf
    [-0.70710798437807876, 0.70710622357024366, 0.00000040869400561, -157.69774311734363437]
    [-0.70710622357034469, -0.70710798437781608, -0.00000062909349241, 80.91691089596133679]
    [-0.00000015584505802, -0.00000073382677132, 1.00000045649119840, 148.74741593748331070]
  #659 objects/planets/flora/grass/cypress_debris_01/cypress_debris_01.cgf
    [-0.70710798437807876, 0.70710622357024366, 0.00000040869400561, -59.38989442260935903]
    [-0.70710622357034469, -0.70710798437781608, -0.00000062909349241, 341.22828555596061051]
    [-0.00000015584505802, -0.00000073382677132, 1.00000045649119840, 79.74741614982485771]
  #660 objects/planets/flora/tree/cypress_01/cypress_01_a_mega_wind.cgf
    [-0.70710798437807876, 0.70710622357024366, 0.00000040869400561, 27.48203189345076680]
    [-0.70710622357034469, -0.70710798437781608, -0.00000062909349241, 456.26072321657557040]
    [-0.00000015584505802, -0.00000073382677132, 1.00000045649119840, 126.01700713858008385]
  #661 objects/planets/flora/tree/cypress_01/cypress_01_a_subtle_wind.cgf
    [-0.70710798437807876, 0.70710622357024366, 0.00000040869400561, -8.19774294411763549]
    [-0.70710622357034469, -0.70710798437781608, -0.00000062909349241, 759.41691121773328632]
    [-0.00000015584505802, -0.00000073382677132, 1.00000045649119840, 79.74741574935615063]
  #662 objects/planets/flora/grass/cypress_debris_01/cypress_debris_01.cgf
    [-0.70710798437807876, 0.70710622357024366, 0.00000040869400561, 28.28988038701936603]
    [-0.70710622357034469, -0.70710798437781608, -0.00000062909349241, 456.57209755457006395]
    [-0.00000015584505802, -0.00000073382677132, 1.00000045649119840, 126.01700706593692303]
  #663 objects/planets/flora/grass/cypress_debris_01/cypress_debris_01.cgf
    [0.99862962318024973, 0.05233702290574822, 0.00000013560242202, 64.26205511623993516]
    [-0.05233702290578389, 0.99862962318021931, 0.00000027440370323, 391.36059787299018353]
    [-0.00000012105510525, -0.00000028112465330, 1.00000014412983407, 79.74741607718169689]
  #664 objects/buildingsets/human/hightech/loc/stanton/orison/flag/flag_base_b.cgf
    [-0.00000384450135201, -1.00000137291169033, -0.00000009605513777, -71.23003575066104531]
    [1.00000137291097047, -0.00000384450123632, -0.00000120380384577, 277.86579493246972561]
    [0.00000120380347648, -0.00000009605976579, 1.00000137291835611, 79.74999726936221123]
  #665 objects/buildingsets/human/hightech/loc/stanton/orison/planter/planter_04x04x02_cap_001_a.cgf
    [-0.99999988499439008, -0.00000017279518136, 0.00000020466053574, 71.00000080512836576]
    [0.00000017279517741, -0.99999988499441084, -0.00000001931332130, -23.25000020384322852]
    [0.00000020466053907, -0.00000001931328594, 0.99999988499440506, 78.75000023096799850]
  #666 objects/planets/flora/grass/cypress_debris_01/cypress_debris_01.cgf
    [-0.70710798437807876, 0.70710622357024366, 0.00000040869400561, 21.69804990058764815]
    [-0.70710622357034469, -0.70710798437781608, -0.00000062909349241, -39.26058467093389481]
    [-0.00000015584505802, -0.00000073382677132, 1.00000045649119840, 79.74741595983505249]
  #667 objects/planets/flora/grass/cypress_debris_01/cypress_debris_01.cgf
    [-0.70710798437807876, 0.70710622357024366, 0.00000040869400561, -156.88989462284371257]
    [-0.70710622357034469, -0.70710798437781608, -0.00000062909349241, 81.22828523418866098]
    [-0.00000015584505802, -0.00000073382677132, 1.00000045649119840, 148.74741586297750473]
  #668 objects/buildingsets/human/hightech/prop/utility/waste/waste_recycle_2_a.cgf
    [0.00000024430014125, -0.99999990601272193, 0.00000037046128440, -245.88634734088554978]
    [0.99999990601275945, 0.00000024430023351, 0.00000024907082518, 300.81201521912589669]
    [-0.00000024907091568, 0.00000037046122355, 0.99999990601272104, 148.80057495646178722]
  #669 objects/planets/flora/grass/cypress_debris_01/cypress_debris_01.cgf
    [-0.70710798437807876, 0.70710622357024366, 0.00000040869400561, -49.38989432016387582]
    [-0.70710622357034469, -0.70710798437781608, -0.00000062909349241, -67.27171451621688902]
    [-0.00000015584505802, -0.00000073382677132, 1.00000045649119840, 79.74741554260253906]
  #670 objects/buildingsets/human/hightech/prop/light/lamp/lamp_planter_1_large_b.cgf
    [-0.90769817882471615, -0.31254498305934991, -0.00000054732099356, -63.03572315210476518]
    [0.31254498305855288, -0.90769817882442216, 0.00000115388283386, 407.43314824800472707]
    [-0.00000089316916344, 0.00000091282786425, 0.96000018243537055, 79.69740131124854088]
  #671 objects/buildingsets/human/hightech/loc/stanton/orison/organics/rock/rock_sharp_a.cgf
    [1.44680160880378872, 1.91996554167558542, 0.00001818349572014, -64.76379502611234784]
    [-1.91996554166344624, 1.44680160889520160, -0.00001061801082243, 408.70440073229838163]
    [-0.00001942303164906, -0.00000813188243822, 2.40405960332644719, 79.74741351790726185]
  #672 objects/planets/flora/grass/rosemary_01/rosemary_01_dense_b.cgf
    [-0.70710578098368226, 0.70710694546963215, 0.00000035369600073, -69.01515740854665637]
    [-0.70710694546956598, -0.70710578098376997, 0.00000030777955680, 159.01500210806261748]
    [0.00000046773382558, -0.00000003246821400, 0.99999940891574679, 80.80489029549062252]
  #673 objects/planets/flora/tree/cypress_01/cypress_01_a_mega_wind.cgf
    [-0.70710798437807876, 0.70710622357024366, 0.00000040869400561, 58.30225670197978616]
    [-0.70710622357034469, -0.70710798437781608, -0.00000062909349241, 557.91691081051249057]
    [-0.00000015584505802, -0.00000073382677132, 1.00000045649119840, 79.74741593748331070]
  #674 objects/planets/flora/grass/cypress_debris_01/cypress_debris_01.cgf
    [0.00000321910358402, -1.00000175018485460, 0.00000156215695069, -171.27565863030031323]
    [1.00000175018607163, 0.00000321910345856, -0.00000008032266596, 403.58586008241400123]
    [0.00000008031763722, 0.00000156215720925, 1.00000175019003290, 148.74741606414318085]
  #675 objects/planets/flora/grass/cypress_debris_01/cypress_debris_01.cgf
    [-0.70710798437807876, 0.70710622357024366, 0.00000040869400561, 22.84185826824977994]
    [-0.70710622357034469, -0.70710798437781608, -0.00000062909349241, -38.53996117657516152]
    [-0.00000015584505802, -0.00000073382677132, 1.00000045649119840, 79.74741602689027786]
  #676 objects/planets/flora/flower/daisy_01/daisy_01_a.cgf
    [0.00000016778239824, 1.00000032975481123, 0.00000000781488671, 69.41362356720492244]
    [-1.00000032975479636, 0.00000016778239968, -0.00000017285227624, -21.97462143015582114]
    [-0.00000017285227755, -0.00000000781485771, 1.00000032975481035, 80.54249345697462559]
  #677 objects/planets/flora/grass/rosemary_01/rosemary_01_dense_b.cgf
    [0.00000013450146807, -1.00000010315348553, 0.00000000781491353, -69.15044722752645612]
    [1.00000010315346044, 0.00000013450146985, 0.00000022459211567, -51.27886926603969187]
    [-0.00000022459211672, 0.00000000781488332, 1.00000010315346977, 80.80488936230540276]
  #678 objects/planets/flora/grass/cypress_debris_01/cypress_debris_01.cgf
    [0.00000321910358402, -1.00000175018485460, 0.00000156215695069, 57.72434108192101121]
    [1.00000175018607163, 0.00000321910345856, -0.00000008032266596, 557.58586022385861725]
    [0.00000008031763722, 0.00000156215720925, 1.00000175019003290, 79.74741592258214951]
  #679 objects/planets/flora/flower/daisy_01/daisy_01_a.cgf
    [0.00000016778239824, 1.00000032975481123, 0.00000000781488671, 69.41362287616357207]
    [-1.00000032975479636, 0.00000016778239968, -0.00000017285227624, -24.95727511809673160]
    [-0.00000017285227755, -0.00000000781485771, 1.00000032975481035, 80.54249335080385208]
  #680 objects/planets/flora/tree/apaaj_01/apaaj_01_leafpile_d.cgf
    [0.44990141120582061, -1.94874085578528700, -0.00000020580880626, -66.27112516900524497]
    [1.94874085578321088, 0.44990141120502702, 0.00000297462112707, 405.19746869592927396]
    [-0.00000285208523889, -0.00000086967689658, 2.00000055070065308, 79.74741702340543270]
  #681 objects/planets/flora/grass/cypress_debris_01/cypress_debris_01.cgf
    [-0.70710798437807876, 0.70710622357024366, 0.00000040869400561, -143.88989457255229354]
    [-0.70710622357034469, -0.70710798437781608, -0.00000062909349241, 786.22828560846392065]
    [-0.00000015584505802, -0.00000073382677132, 1.00000045649119840, 148.74741550162434578]
  #682 objects/planets/flora/grass/rosemary_01/rosemary_01_dense_b.cgf
    [0.70710500721449354, -0.70710771923881688, -0.00000041374237611, -69.01515835942700505]
    [0.70710771923866833, 0.70710500721461389, -0.00000045966086820, -63.94543259125202894]
    [0.00000061758941903, 0.00000003246809279, 0.99999940891718508, 80.80488984845578671]
  #683 objects/planets/flora/tree/cypress_01/cypress_01_a_mega_wind.cgf
    [-0.70710798437807876, 0.70710622357024366, 0.00000040869400561, -170.69774300931021571]
    [-0.70710622357034469, -0.70710798437781608, -0.00000062909349241, 403.91691066836938262]
    [-0.00000015584505802, -0.00000073382677132, 1.00000045649119840, 148.74741607718169689]
  #684 objects/buildingsets/human/hightech/loc/stanton/orison/organics/rock/rock_sharp_a.cgf
    [-1.30934292539675967, 2.01621528368746405, 0.00001755084247919, -53.09149729972705245]
    [-2.01621528376384695, -1.30934292534556773, -0.00001157926241378, 84.54846423654817045]
    [-0.00000015233166666, -0.00002102589319957, 2.40405968443535034, 148.74999960139393806]
  #685 objects/buildingsets/human/hightech/loc/stanton/orison/organics/rock/rock_sharp_a.cgf
    [0.22395193515210018, -1.67549809159624630, 0.07277040242920928, -68.75497528864070773]
    [1.59349356039427636, 0.23547823830071096, 0.51775682317040350, 408.38791886053513736]
    [-0.52284573192706130, 0.00000385656498415, 1.60915387588059033, 79.36627293750643730]
  #686 objects/buildingsets/human/hightech/prop/light/lamp/lamp_planter_1_d.cgf
    [-0.10452824364845476, 0.99452242018241832, -0.00000008560393059, -60.23810500418767333]
    [-0.99452242018232129, -0.10452824364840502, 0.00000045908916623, 84.43215944489929825]
    [0.00000044762621680, 0.00000013312274602, 1.00000049898263299, 148.75000113807618618]
  #687 objects/buildingsets/human/hightech/loc/stanton/orison/planter/planter_08x06x02_straight_001_a.cgf
    [0.99999963235726896, -0.00000012200883412, -0.00000023844907296, -71.49999243067577481]
    [0.00000012200882951, 0.99999963235729716, -0.00000001931325031, -68.24998832133132964]
    [0.00000023844907532, 0.00000001931322122, 0.99999963235727618, 78.75000064633786678]
  #688 objects/buildingsets/human/hightech/prop/light/lamp/lamp_planter_1_large_b.cgf
    [-0.01675350900926055, -0.95985415276778541, -0.00000001604670288, -53.69505098136141896]
    [0.95985415276681851, -0.01675350900926652, 0.00000136242602330, 82.48981342976912856]
    [-0.00000136249857930, 0.00000000773220786, 0.96000035137901385, 148.69998744875192642]
  #689 objects/planets/flora/grass/cypress_debris_01/cypress_debris_01.cgf
    [0.00000321910358402, -1.00000175018485460, 0.00000156215695069, -111.27565820841118693]
    [1.00000175018607163, 0.00000321910345856, -0.00000008032266596, 307.58586007251869887]
    [0.00000008031763722, 0.00000156215720925, 1.00000175019003290, 148.74741595610976219]
  #690 objects/planets/flora/tree/apaaj_01/apaaj_01_leafpile_c.cgf
    [1.46270839233280059, 1.36399807846812315, 0.00000027762419701, -63.31423182832077146]
    [-1.36399807846788246, 1.46270839233222638, 0.00000155339931044, 402.94692365021910518]
    [0.00000085637450942, -0.00000132542344633, 2.00000164976510098, 79.74742017872631550]
  #691 objects/buildingsets/human/hightech/prop/light/lamp/lamp_planter_1_d.cgf
    [0.99254490614268653, -0.12187109150231587, -0.00000132784841234, -65.67729467106983066]
    [0.12187109150250267, 0.99254490614354995, 0.00000006037565460, 589.49802230147179216]
    [0.00000131059247184, -0.00000022175211068, 0.99999897682635486, 79.74005055800080299]
  #692 objects/buildingsets/human/hightech/prop/light/lamp/lamp_planter_1_large_b.cgf
    [-0.01047351050184099, -0.59990861207866020, -0.00000003577472247, -52.97073575248941779]
    [0.59990861207849466, -0.01047351050186477, 0.00000044642857055, 82.27041721041314304]
    [-0.00000044698502867, -0.00000002797648153, 0.60000003105681377, 148.69998748786747456]
  #693 objects/planets/flora/tree/cypress_01/cypress_01_a_mega_wind.cgf
    [-0.70710798437807876, 0.70710622357024366, 0.00000040869400561, -110.69774258742108941]
    [-0.70710622357034469, -0.70710798437781608, -0.00000062909349241, 307.91691065824124962]
    [-0.00000015584505802, -0.00000073382677132, 1.00000045649119840, 148.74741596914827824]
  #694 objects/planets/flora/grass/rosemary_01/rosemary_01_dense_b.cgf
    [0.00000016778239824, 1.00000032975481123, 0.00000000781488671, -69.01515948260203004]
    [-1.00000032975479636, 0.00000016778239968, -0.00000017285227624, 167.97437840059865266]
    [-0.00000017285227755, -0.00000000781485771, 1.00000032975481035, 80.80488997325301170]
  #695 objects/planets/flora/grass/rosemary_01/rosemary_01_dense_b.cgf
    [-0.70710578098368226, 0.70710694546963215, 0.00000035369600073, -69.15044426871463656]
    [-0.70710694546956598, -0.70710578098376997, 0.00000030777955680, -55.41465909301768988]
    [0.00000046773382558, -0.00000003246821400, 0.99999940891574679, 80.80488951131701469]
  #696 objects/planets/flora/grass/rosemary_01/rosemary_01_dense_b.cgf
    [-0.70710578098368226, 0.70710694546963215, 0.00000035369600073, -69.01515719247981906]
    [-0.70710694546956598, -0.70710578098376997, 0.00000030777955680, -68.98499794327653944]
    [0.00000046773382558, -0.00000003246821400, 0.99999940891574679, 80.80489002913236618]
  #697 objects/buildingsets/human/hightech/prop/light/lamp/lamp_planter_1_large_b.cgf
    [-0.56731192017688381, -0.19533854370477388, -0.00000000332462293, -20.45623503206297755]
    [0.19533854370468604, -0.56731192017663801, 0.00000055954753211, 83.86833953298628330]
    [-0.00000018531217372, 0.00000052798095807, 0.59999996785930898, 79.69740037247538567]
  #698 objects/planets/flora/flower/daisy_01/daisy_01_a.cgf
    [0.00000013450146807, -1.00000010315348553, 0.00000000781491353, 69.41362318350002170]
    [1.00000010315346044, 0.00000013450146985, 0.00000022459211567, -23.63266225659754127]
    [-0.00000022459211672, 0.00000000781488332, 1.00000010315346977, 80.54249340109527111]
  #699 objects/planets/flora/tree/apaaj_01/apaaj_01_small_d.cgf
    [-0.81915033478418309, 0.57357788693722123, -0.00000021208395756, -67.14492617221549153]
    [-0.57357788693724965, -0.81915033478403954, 0.00000049756524722, 592.17017958138603717]
    [0.00000011166384174, 0.00000052922770784, 0.99999943167991878, 78.75500184111297131]
  #700 objects/buildingsets/human/hightech/prop/light/lamp/lamp_planter_1_large_b.cgf
    [-0.90769817882471615, -0.31254498305934991, -0.00000054732099356, -20.91012958390638232]
    [0.31254498305855288, -0.90769817882442216, 0.00000115388283386, 83.26274354045744985]
    [-0.00000089316916344, 0.00000091282786425, 0.96000018243537055, 79.69740093313157558]
  #701 objects/planets/flora/tree/apaaj_01/apaaj_01_med_c.cgf
    [-0.99862959378404170, -0.05233457210145941, -0.00000021539586657, -65.39073214260861278]
    [0.05233457210121182, -0.99862959378354865, 0.00000102810490290, 405.60489159659482539]
    [-0.00000026890612053, 0.00000101542334474, 0.99999998650863320, 78.74741675704717636]
  #702 objects/planets/flora/tree/apaaj_01/apaaj_01_med_c.cgf
    [-0.29237223717466443, -0.95630466655389457, -0.00000012283148559, -56.21850897790864110]
    [0.95630466655342428, -0.29237223717464433, 0.00000096259035950, 84.07750057708472013]
    [-0.00000095644210189, 0.00000016397036251, 1.00000007017117132, 147.75000051036477089]
  #703 objects/planets/flora/tree/apaaj_01/apaaj_01_leafpile_d.cgf
    [-0.06979728748906593, -1.99878149482729484, -0.00000043260057572, -22.37581375660374761]
    [1.99878149482671397, -0.06979728748938545, 0.00000156965706967, 828.35885577590670437]
    [-0.00000158379809856, -0.00000037755815110, 1.99999978135058898, 79.74741616100072861]
  #704 objects/planets/flora/grass/cypress_debris_01/cypress_debris_01.cgf
    [-0.70710798437807876, 0.70710622357024366, 0.00000040869400561, -8.80194992991164327]
    [-0.70710622357034469, -0.70710798437781608, -0.00000062909349241, 758.73941564070992172]
    [-0.00000015584505802, -0.00000073382677132, 1.00000045649119840, 79.74741552770137787]
  #705 objects/planets/flora/tree/apaaj_01/apaaj_01_leafpile_c.cgf
    [-0.78146363155493448, 1.84101115588679431, -0.00000052989800490, -58.00598202412948012]
    [-1.84101115588686315, -0.78146363155484788, 0.00000040232429657, 81.21715073194354773]
    [0.00000016329359675, 0.00000064497436885, 2.00000187088474890, 148.75000339373946190]
  #706 objects/planets/flora/tree/apaaj_01/apaaj_01_leafpile_c.cgf
    [-1.48628760065464460, 1.33826308661295967, -0.00000028089274140, -22.18302760226652026]
    [-1.33826308661234905, -1.48628760065349064, 0.00000226776731339, 82.23501345340628177]
    [0.00000130869111947, 0.00000187323166578, 1.99999973021134281, 79.74741576984524727]
  #707 objects/planets/flora/tree/cypress_01/cypress_01_a_subtle_wind.cgf
    [-0.70710798437807876, 0.70710622357024366, 0.00000040869400561, 2.80225754296407104]
    [-0.70710622357034469, -0.70710798437781608, -0.00000062909349241, 517.41691107233054936]
    [-0.00000015584505802, -0.00000073382677132, 1.00000045649119840, 79.74741610139608383]
  #708 objects/planets/flora/grass/cypress_debris_01/cypress_debris_01.cgf
    [-0.70710798437807876, 0.70710622357024366, 0.00000040869400561, 59.11010519741103053]
    [-0.70710622357034469, -0.70710798437781608, -0.00000062909349241, 558.22828514850698411]
    [-0.00000015584505802, -0.00000073382677132, 1.00000045649119840, 79.74741586297750473]
  #709 objects/buildingsets/human/hightech/loc/stanton/orison/organics/rock/rock_sharp_a.cgf
    [1.57398939057871701, -0.35177638940698969, 0.51142368747352795, -54.75395323289558291]
    [0.33455920189884308, 1.65499147724784357, 0.10870496110761826, 88.19070725829806179]
    [-0.52284888512652294, 0.00000061775925329, 1.60915271532231197, 148.36885682865977287]
  #710 objects/planets/flora/tree/cypress_01/cypress_01_a_mega_wind.cgf
    [-0.70710798437807876, 0.70710622357024366, 0.00000040869400561, -59.19774336135014892]
    [-0.70710622357034469, -0.70710798437781608, -0.00000062909349241, -9.58308936376124620]
    [-0.00000015584505802, -0.00000073382677132, 1.00000045649119840, 79.74741661921143532]
  #711 objects/planets/flora/tree/apaaj_01/apaaj_01_leafpile_c.cgf
    [-1.76589591219819675, -0.93894187598292089, -0.00000030097328059, -55.09615783719345927]
    [0.93894187598240109, -1.76589591219774311, 0.00000163370820722, 83.33444386767223477]
    [-0.00000103272223909, 0.00000130118107843, 2.00000005479748921, 148.75000102818012238]
  #712 objects/buildingsets/human/hightech/prop/light/lamp/lamp_planter_1_d.cgf
    [0.89879451216367234, 0.43837052859349246, -0.00000016493241347, -24.97318631457164884]
    [-0.43837052859311121, 0.89879451216327932, 0.00000103332922512, 77.77860332606360316]
    [0.00000060122133793, -0.00000085644900101, 1.00000014771689094, 79.74742002598941326]
  #713 objects/buildingsets/human/hightech/loc/stanton/orison/organics/rock/rock_sharp_a.cgf
    [1.44680160880378872, 1.91996554167558542, 0.00001818349572014, -22.63820145698264241]
    [-1.91996554166344624, 1.44680160889520160, -0.00001061801082243, 84.53399602451827377]
    [-0.00001942303164906, -0.00000813188243822, 2.40405960332644719, 79.74741313979029655]
  #714 objects/buildingsets/human/hightech/loc/stanton/orison/base/base_08x08x04_canopy_cap_002.cgf
    [-1.00000012325478527, -0.00000016924750857, 0.00000016398527482, -19.49999881209805608]
    [0.00000016924758603, -1.00000012325468712, 0.00000047237892092, -208.24999948171898723]
    [0.00000016398519487, 0.00000047237894867, 1.00000012325468823, 79.75000156834721565]
  #715 objects/planets/flora/grass/cypress_debris_01/cypress_debris_01.cgf
    [-0.70710798437807876, 0.70710622357024366, 0.00000040869400561, -7.65814156131818891]
    [-0.70710622357034469, -0.70710798437781608, -0.00000062909349241, 759.46003913623280823]
    [-0.00000015584505802, -0.00000073382677132, 1.00000045649119840, 79.74741559661924839]
  #716 objects/planets/flora/grass/cypress_debris_01/cypress_debris_01.cgf
    [-0.70710798437807876, 0.70710622357024366, 0.00000040869400561, -109.88989409292116761]
    [-0.70710622357034469, -0.70710798437781608, -0.00000062909349241, 308.22828499716706574]
    [-0.00000015584505802, -0.00000073382677132, 1.00000045649119840, 148.74741589650511742]
  #717 objects/planets/flora/grass/cypress_debris_01/cypress_debris_01.cgf
    [-0.70710798437807876, 0.70710622357024366, 0.00000040869400561, 2.19805055903270841]
    [-0.70710622357034469, -0.70710798437781608, -0.00000062909349241, 516.73941549577284604]
    [-0.00000015584505802, -0.00000073382677132, 1.00000045649119840, 79.74741588160395622]
  #718 objects/planets/flora/grass/cypress_debris_01/cypress_debris_01.cgf
    [0.00000321910358402, -1.00000175018485460, 0.00000156215695069, -208.27565839095041156]
    [1.00000175018607163, 0.00000321910345856, -0.00000008032266596, 353.08586071606259793]
    [0.00000008031763722, 0.00000156215720925, 1.00000175019003290, 148.74741593748331070]
  #719 objects/buildingsets/human/hightech/prop/light/lamp/lamp_planter_1_f.cgf
    [-1.49999977322166012, -0.00000095260038713, -0.00000054118694633, -8.87308508949354291]
    [0.00000054118744984, -0.00000079284201291, -1.49999977322175315, -208.47078995325136930]
    [0.00000095260010108, -1.49999977322154820, 0.00000079284235697, 84.83049546740949154]
  #720 objects/planets/flora/tree/cypress_01/cypress_01_a_mega_wind.cgf
    [-0.70710798437807876, 0.70710622357024366, 0.00000040869400561, -97.87326169712468982]
    [-0.70710622357034469, -0.70710798437781608, -0.00000062909349241, -47.56067723990418017]
    [-0.00000015584505802, -0.00000073382677132, 1.00000045649119840, 81.53776910901069641]
  #721 objects/buildingsets/human/hightech/loc/stanton/orison/planter/planter_04x04x02_cap_002_a.cgf
    [-0.99999988499439008, -0.00000017279518136, 0.00000020466053574, 71.00000080512836576]
    [0.00000017279517741, -0.99999988499441084, -0.00000001931332130, -23.25000020384322852]
    [0.00000020466053907, -0.00000001931328594, 0.99999988499440506, 78.75000023096799850]
  #722 objects/buildingsets/human/hightech/loc/stanton/orison/planter/planter_08x06x02_straight_001_a.cgf
    [0.99999963235726896, -0.00000012200883412, -0.00000023844907296, -71.49999628355726600]
    [0.00000012200882951, 0.99999963235729716, -0.00000001931325031, -60.24999252508860081]
    [0.00000023844907532, 0.00000001931322122, 0.99999963235727618, 78.75000035949051380]
  #723 objects/buildingsets/human/hightech/loc/stanton/orison/organics/rock/rock_sharp_a.cgf
    [0.22395193515210018, -1.67549809159624630, 0.07277040242920928, -26.62938172137364745]
    [1.59349356039427636, 0.23547823830071096, 0.51775682317040350, 84.21751415275502950]
    [-0.52284573192706130, 0.00000385656498415, 1.60915387588059033, 79.36627255938947201]
  #724 objects/buildingsets/human/hightech/loc/stanton/orison/base/base_08x08x04_canopy_corner_001.cgf
    [-1.00000012325478527, -0.00000016924750857, 0.00000016398527482, -19.49999881209805608]
    [0.00000016924758603, -1.00000012325468712, 0.00000047237892092, -208.24999948171898723]
    [0.00000016398519487, 0.00000047237894867, 1.00000012325468823, 79.75000156834721565]
  #725 objects/planets/flora/grass/rosemary_01/rosemary_01_dense_b.cgf
    [0.00000016778239824, 1.00000032975481123, 0.00000000781488671, -69.01515926653519273]
    [-1.00000032975479636, 0.00000016778239968, -0.00000017285227624, -60.02562165050767362]
    [-0.00000017285227755, -0.00000000781485771, 1.00000032975481035, 80.80488970689475536]
  #726 objects/planets/flora/grass/cypress_debris_01/cypress_debris_01.cgf
    [0.00000321910358402, -1.00000175018485460, 0.00000156215695069, -59.77565898047760129]
    [1.00000175018607163, 0.00000321910345856, -0.00000008032266596, -9.91413994901813567]
    [0.00000008031763722, 0.00000156215720925, 1.00000175019003290, 79.74741660244762897]
  #727 objects/planets/flora/grass/cypress_debris_01/cypress_debris_01.cgf
    [-0.70710798437807876, 0.70710622357024366, 0.00000040869400561, 3.34185892483219504]
    [-0.70710622357034469, -0.70710798437781608, -0.00000062909349241, 517.46003899059724063]
    [-0.00000015584505802, -0.00000073382677132, 1.00000045649119840, 79.74741595238447189]
  #728 objects/planets/flora/tree/apaaj_01/apaaj_01_med_c.cgf
    [-0.99862959378404170, -0.05233457210145941, -0.00000021539586657, -23.26513857441022992]
    [0.05233457210121182, -0.99862959378354865, 0.00000102810490290, 81.43448688765056431]
    [-0.00000026890612053, 0.00000101542334474, 0.99999998650863320, 78.74741637893021107]
  #729 objects/planets/flora/grass/cypress_debris_01/cypress_debris_01.cgf
    [0.00000321910358402, -1.00000175018485460, 0.00000156215695069, -118.57053699111565948]
    [1.00000175018607163, 0.00000321910345856, -0.00000008032266596, -103.80473676032852381]
    [0.00000008031763722, 0.00000156215720925, 1.00000175019003290, 81.53776848688721657]
  #730 objects/planets/flora/tree/cypress_01/cypress_01_a_mega_wind.cgf
    [-0.70710798437807876, 0.70710622357024366, 0.00000040869400561, -170.19774335203692317]
    [-0.70710622357034469, -0.70710798437781608, -0.00000062909349241, 451.41691155091393739]
    [-0.00000015584505802, -0.00000073382677132, 1.00000045649119840, 148.74741606041789055]
  #731 objects/planets/flora/grass/cypress_debris_01/cypress_debris_01.cgf
    [0.00000321910358402, -1.00000175018485460, 0.00000156215695069, -170.77565897302702069]
    [1.00000175018607163, 0.00000321910345856, -0.00000008032266596, 451.08586096402723342]
    [0.00000008031763722, 0.00000156215720925, 1.00000175019003290, 148.74741604365408421]
  #732 objects/planets/flora/grass/cypress_debris_01/cypress_debris_01.cgf
    [0.00000321910358402, -1.00000175018485460, 0.00000156215695069, 26.90411627711728215]
    [1.00000175018607163, 0.00000321910345856, -0.00000008032266596, 583.90262193919625133]
    [0.00000008031763722, 0.00000156215720925, 1.00000175019003290, 126.01700691692531109]
  #733 objects/planets/flora/tree/apaaj_01/apaaj_01_leafpile_d.cgf
    [0.44990141120582061, -1.94874085578528700, -0.00000020580880626, -24.14553160080686212]
    [1.94874085578321088, 0.44990141120502702, 0.00000297462112707, 81.02706398814916611]
    [-0.00000285208523889, -0.00000086967689658, 2.00000055070065308, 79.74741664528846741]
  #734 objects/planets/flora/grass/cypress_debris_01/cypress_debris_01.cgf
    [0.00000321910358402, -1.00000175018485460, 0.00000156215695069, -56.27565871598199010]
    [1.00000175018607163, 0.00000321910345856, -0.00000008032266596, 361.08586044097319245]
    [0.00000008031763722, 0.00000156215720925, 1.00000175019003290, 79.74741620197892189]
  #735 objects/planets/flora/tree/cypress_01/cypress_01_a_mega_wind.cgf
    [-0.70710798437807876, 0.70710622357024366, 0.00000040869400561, -207.69774276902899146]
    [-0.70710622357034469, -0.70710798437781608, -0.00000062909349241, 353.41691130201797932]
    [-0.00000015584505802, -0.00000073382677132, 1.00000045649119840, 148.74741594865918159]
  #736 objects/planets/flora/tree/apaaj_01/apaaj_01_leafpile_d.cgf
    [1.98509450218577710, -0.24373793346184175, 0.00000128011957537, -56.90247411327436566]
    [0.24373793346068567, 1.98509450218555950, 0.00000175125585540, 84.76545402372721583]
    [-0.00000148400135588, -0.00000158219568134, 2.00000209070225266, 148.75000018626451492]
  #737 objects/planets/flora/grass/cypress_debris_01/cypress_debris_01.cgf
    [0.00000321910358402, -1.00000175018485460, 0.00000156215695069, -98.45117731625214219]
    [1.00000175018607163, 0.00000321910345856, -0.00000008032266596, -47.89172782585956156]
    [0.00000008031763722, 0.00000156215720925, 1.00000175019003290, 81.53776909410953522]
  #738 objects/planets/flora/tree/cypress_01/cypress_01_a_mega_wind.cgf
    [-0.70710798437807876, 0.70710622357024366, 0.00000040869400561, -55.69774309592321515]
    [-0.70710622357034469, -0.70710798437781608, -0.00000062909349241, 361.41691102692857385]
    [-0.00000015584505802, -0.00000073382677132, 1.00000045649119840, 79.74741621688008308]
  #739 objects/planets/flora/tree/apaaj_01/apaaj_01_leafpile_c.cgf
    [1.46270839233280059, 1.36399807846812315, 0.00000027762419701, -21.18863825919106603]
    [-1.36399807846788246, 1.46270839233222638, 0.00000155339931044, 78.77651894267182797]
    [0.00000085637450942, -0.00000132542344633, 2.00000164976510098, 79.74741980060935020]
  #740 objects/planets/flora/tree/cypress_01/cypress_01_a_mega_wind.cgf
    [-0.70710798437807876, 0.70710622357024366, 0.00000040869400561, -102.19774277461692691]
    [-0.70710622357034469, -0.70710798437781608, -0.00000062909349241, 25.91691077034920454]
    [-0.00000015584505802, -0.00000073382677132, 1.00000045649119840, 148.74741584807634354]
  #741 objects/planets/flora/grass/cypress_debris_01/cypress_debris_01.cgf
    [0.00000321910358402, -1.00000175018485460, 0.00000156215695069, -123.27565870946273208]
    [1.00000175018607163, 0.00000321910345856, -0.00000008032266596, 103.08585990092251450]
    [0.00000008031763722, 0.00000156215720925, 1.00000175019003290, 148.74741585552692413]
  #742 objects/planets/flora/tree/cypress_01/cypress_01_a_mega_wind.cgf
    [-0.70710798437807876, 0.70710622357024366, 0.00000040869400561, 27.48203189903870225]
    [-0.70710622357034469, -0.70710798437781608, -0.00000062909349241, 584.23367252538446337]
    [-0.00000015584505802, -0.00000073382677132, 1.00000045649119840, 126.01700693182647228]
  #743 objects/planets/flora/grass/cypress_debris_01/cypress_debris_01.cgf
    [-0.70710798437807876, 0.70710622357024366, 0.00000040869400561, -169.88989451667293906]
    [-0.70710622357034469, -0.70710798437781608, -0.00000062909349241, 404.22828500613104552]
    [-0.00000015584505802, -0.00000073382677132, 1.00000045649119840, 148.74741600640118122]
  #744 objects/planets/flora/grass/cypress_debris_01/cypress_debris_01.cgf
    [0.00000321910358402, -1.00000175018485460, 0.00000156215695069, -102.77565839374437928]
    [1.00000175018607163, 0.00000321910345856, -0.00000008032266596, 25.58586018439382315]
    [0.00000008031763722, 0.00000156215720925, 1.00000175019003290, 148.74741583317518234]
  #745 objects/planets/flora/tree/cypress_01/cypress_01_a_mega_wind.cgf
    [-0.70710798437807876, 0.70710622357024366, 0.00000040869400561, -117.99262137012556195]
    [-0.70710622357034469, -0.70710798437781608, -0.00000062909349241, -103.47368617437314242]
    [-0.00000015584505802, -0.00000073382677132, 1.00000045649119840, 81.53776850178837776]
  #746 objects/planets/flora/tree/cypress_01/cypress_01_a_mega_wind.cgf
    [-0.70710798437807876, 0.70710622357024366, 0.00000040869400561, -122.69774309033527970]
    [-0.70710622357034469, -0.70710798437781608, -0.00000062909349241, 103.41691048687789589]
    [-0.00000015584505802, -0.00000073382677132, 1.00000045649119840, 148.74741587042808533]
  #747 objects/buildingsets/human/hightech/loc/stanton/orison/planter/planter_06x06x02_cap_001_a.cgf
    [0.99999963235726896, -0.00000012200883412, -0.00000023844907296, -71.49999913526698947]
    [0.00000012200882951, 0.99999963235729716, -0.00000001931325031, -52.24999672721605748]
    [0.00000023844907532, 0.00000001931322122, 0.99999963235727618, 78.75000006705522537]
  #748 objects/buildingsets/human/brand/decal/logo/secondary_logo_txt_lrg.cgf
    [0.00000174627922678, 0.00000353209935635, 2.12821233889877348, -170.83789421292021871]
    [-0.00000078937782633, -2.12821233889934369, 0.00000353210000406, 20.81287565454840660]
    [2.12821233890155836, -0.00000078938072455, -0.00000174627791660, 160.18680199421942234]
  #749 objects/buildingsets/human/brand/decal/logo/secondary_logo_txt_lrg.cgf
    [0.00000174627922678, 0.00000353209935635, 2.12821233889877348, -125.42583419242873788]
    [-0.00000078937782633, -2.12821233889934369, 0.00000353210000406, -143.75094918988179415]
    [2.12821233890155836, -0.00000078938072455, -0.00000174627791660, 93.20673694834113121]
  #750 objects/buildingsets/human/hightech/prop/light/lamp/lamp_planter_1_f.cgf
    [1.49999948822983131, -0.00000017236440278, 0.00000054271940329, -8.87886812025681138]
    [-0.00000054271946286, -0.00000051836194558, 1.49999948822975160, -222.03215009486302733]
    [-0.00000017236421523, -1.49999948822983997, -0.00000051836200795, 84.83049906045198441]
  #751 objects/planets/flora/grass/cypress_debris_01/cypress_debris_01.cgf
    [0.00000321910358402, -1.00000175018485460, 0.00000156215695069, 1.72434142464771867]
    [1.00000175018607163, 0.00000321910345856, -0.00000008032266596, 81.58586028497666121]
    [0.00000008031763722, 0.00000156215720925, 1.00000175019003290, 148.74741567112505436]
  #752 objects/planets/flora/tree/apaaj_01/apaaj_01_leafpile_c.cgf
    [1.49429190668221246, 0.13073174835053969, -0.00000116042285009, -66.36930325953289866]
    [-0.13073174835035747, 1.49429190668265210, 0.00000028419308748, 591.71517739701084793]
    [0.00000118077592643, -0.00000018197558506, 1.49999969746752626, 79.75500180572271347]
  #753 objects/planets/flora/grass/cypress_debris_01/cypress_debris_01.cgf
    [-0.70710798437807876, 0.70710622357024366, 0.00000040869400561, -58.38989486591890454]
    [-0.70710622357034469, -0.70710798437781608, -0.00000062909349241, -9.27171502483543009]
    [-0.00000015584505802, -0.00000073382677132, 1.00000045649119840, 79.74741654470562935]
  #754 objects/planets/flora/grass/cypress_debris_01/cypress_debris_01.cgf
    [-0.70710798437807876, 0.70710622357024366, 0.00000040869400561, -206.88989427546039224]
    [-0.70710622357034469, -0.70710798437781608, -0.00000062909349241, 353.72828564071096480]
    [-0.00000015584505802, -0.00000073382677132, 1.00000045649119840, 148.74741587415337563]
  #755 objects/planets/flora/tree/cypress_01/cypress_01_a_mega_wind.cgf
    [-0.70710798437807876, 0.70710622357024366, 0.00000040869400561, 2.30225704750046134]
    [-0.70710622357034469, -0.70710798437781608, -0.00000062909349241, 81.91691087116487324]
    [-0.00000015584505802, -0.00000073382677132, 1.00000045649119840, 148.74741568230092525]
  #756 objects/buildingsets/citysets/hightech/addon/large/ht_lrg_addon_banner_001_a.cgf
    [0.99999963235726896, -0.00000012200883412, -0.00000023844907296, 57.10254483623430133]
    [0.00000012200882951, 0.99999963235729716, -0.00000001931325031, 709.56071469420567155]
    [0.00000023844907532, 0.00000001931322122, 0.99999963235727618, 125.36554387770593166]
  #757 objects/buildingsets/human/hightech/loc/stanton/orison/planter/planter_06x06x02_cap_002_a.cgf
    [0.99999963235726896, -0.00000012200883412, -0.00000023844907296, -71.49999243067577481]
    [0.00000012200882951, 0.99999963235729716, -0.00000001931325031, -68.24998832133132964]
    [0.00000023844907532, 0.00000001931322122, 0.99999963235727618, 78.75000064633786678]
  #758 objects/planets/flora/tree/cypress_01/cypress_01_a_mega_wind.cgf
    [-0.70710798437807876, 0.70710622357024366, 0.00000040869400561, -170.69774314714595675]
    [-0.70710622357034469, -0.70710798437781608, -0.00000062909349241, 437.41691087884828448]
    [-0.00000015584505802, -0.00000073382677132, 1.00000045649119840, 148.74741590581834316]
  #759 objects/buildingsets/human/hightech/loc/stanton/orison/flag/flag_pole_a.cgf
    [-0.00000384450135201, -1.00000137291169033, -0.00000009605513777, -78.14176637539640069]
    [1.00000137291097047, -0.00000384450123632, -0.00000120380384577, 641.36579105292912573]
    [0.00000120380347648, -0.00000009605976579, 1.00000137291835611, 81.39766816608607769]
  #760 objects/buildingsets/human/hightech/loc/stanton/orison/planter/planter_06x06x02_cap_002_a.cgf
    [-0.99999988499439008, -0.00000017279518136, 0.00000020466053574, 91.00000172248110175]
    [0.00000017279517741, -0.99999988499441084, -0.00000001931332130, 309.24999763863161206]
    [0.00000020466053907, -0.00000001931328594, 0.99999988499440506, 78.75000048242509365]
  #761 objects/planets/flora/tree/apaaj_01/apaaj_01_small_b.cgf
    [-0.99862959378404170, -0.05233457210145941, -0.00000021539586657, -283.48035743786022067]
    [0.05233457210121182, -0.99862959378354865, 0.00000102810490290, 320.40410786040592939]
    [-0.00000026890612053, 0.00000101542334474, 0.99999998650863320, 137.25001409277319908]
  #762 objects/buildingsets/human/hightech/loc/stanton/orison/flag/flag_pole_a.cgf
    [0.00000262204729689, 1.00000225590868475, 0.00000070442197460, -116.12924340134486556]
    [-1.00000225590770353, 0.00000262204840145, -0.00000156801484528, 530.99708392133470625]
    [-0.00000156801669229, -0.00000070441786319, 1.00000225591089342, 150.31480002775788307]
  #763 objects/planets/flora/tree/apaaj_01/apaaj_01_large_c.cgf
    [-0.12186959003093657, -0.99254614544289166, -0.00000023467153001, -284.82092261267825961]
    [0.99254614544228414, -0.12186959003112265, 0.00000110267839326, 331.32211450219620019]
    [-0.00000112305848520, -0.00000009853935648, 1.00000002390331710, 136.25000176019966602]
  #764 objects/buildingsets/human/hightech/loc/stanton/orison/flag/flag_base_b.cgf
    [0.00000262204729689, 1.00000225590868475, 0.00000070442197460, -116.88953860243782401]
    [-1.00000225590770353, 0.00000262204840145, -0.00000156801484528, 530.99708205345086753]
    [-0.00000156801669229, -0.00000070441786319, 1.00000225591089342, 148.66712744534015656]
  #765 objects/planets/flora/tree/cypress_01/cypress_01_a_mega_wind.cgf
    [-0.70710798437807876, 0.70710622357024366, 0.00000040869400561, 2.30225674016401172]
    [-0.70710622357034469, -0.70710798437781608, -0.00000062909349241, 67.91691079607699066]
    [-0.00000015584505802, -0.00000073382677132, 1.00000045649119840, 148.74741553328931332]
  #766 objects/buildingsets/human/hightech/loc/stanton/orison/organics/rock/rock_sharp_a.cgf
    [-3.75275983833195070, 2.93198560467308988, -0.00001155967994327, -289.17430563597008586]
    [-2.93198560469534586, -3.75275983831340554, 0.00001192921382532, 325.75003692694008350]
    [-0.00000176477208169, 0.00001651720080343, 4.76232569130516126, 137.25000690668821335]
  #767 objects/planets/flora/tree/apaaj_01/apaaj_01_leafpile_c.cgf
    [-1.99725918756808318, -0.10466914420291881, -0.00000043079173314, -284.71134251961484551]
    [0.10466914420242363, -1.99725918756709708, 0.00000205620980580, 335.90053825930226594]
    [-0.00000053781224107, 0.00000203084668948, 1.99999997301726617, 137.24999677762389183]
  #768 objects/buildingsets/citysets/hightech/addon/large/ht_lrg_addon_banner_001_a.cgf
    [-0.99999988499439008, -0.00000017279518136, 0.00000020466053574, -125.59840900870040059]
    [0.00000017279517741, -0.99999988499441084, -0.00000001931332130, 23.64917926548514515]
    [0.00000020466053907, -0.00000001931328594, 0.99999988499440506, 148.86554383486509323]
  #769 objects/planets/flora/tree/cypress_01/cypress_01_a_mega_wind.cgf
    [-0.70710798437807876, 0.70710622357024366, 0.00000040869400561, -206.69774271594360471]
    [-0.70710622357034469, -0.70710798437781608, -0.00000062909349241, 378.91691064648330212]
    [-0.00000015584505802, -0.00000073382677132, 1.00000045649119840, 148.74741606600582600]
  #770 objects/buildingsets/human/hightech/prop/light/light_street_3_a.cgf
    [0.99999963235726896, -0.00000012200883412, -0.00000023844907296, -4.93750304216518998]
    [0.00000012200882951, 0.99999963235729716, -0.00000001931325031, 52.84647714858874679]
    [0.00000023844907532, 0.00000001931322122, 0.99999963235727618, 148.75490346737205982]
  #771 objects/buildingsets/human/brand/decal/logo/secondary_logo_txt_lrg.cgf
    [0.00000126205944362, -0.00000280428625662, -2.12821284768969798, 56.34203408984467387]
    [-0.00000134293155680, 2.12821284768964825, -0.00000280428705300, 712.39701544854324311]
    [2.12821284769112173, 0.00000134293321978, 0.00000126205767406, 136.68680208548903465]
  #772 objects/planets/flora/grass/cypress_debris_01/cypress_debris_01.cgf
    [-0.70710798437807876, 0.70710622357024366, 0.00000040869400561, 28.28988039353862405]
    [-0.70710622357034469, -0.70710798437781608, -0.00000062909349241, 584.54504686384461820]
    [-0.00000015584505802, -0.00000073382677132, 1.00000045649119840, 126.01700685732066631]
  #773 objects/buildingsets/human/brand/decal/logo/secondary_logo_txt_lrg.cgf
    [0.00000174627922678, 0.00000353209935635, 2.12821233889877348, 56.88205100456252694]
    [-0.00000078937782633, -2.12821233889934369, 0.00000353210000406, 712.36877437168732285]
    [2.12821233890155836, -0.00000078938072455, -0.00000174627791660, 136.68680196255445480]
  #774 objects/planets/flora/tree/cypress_01/cypress_01_a_subtle_wind.cgf
    [-0.70710798437807876, 0.70710622357024366, 0.00000040869400561, 71.30225656321272254]
    [-0.70710622357034469, -0.70710798437781608, -0.00000062909349241, 519.91691084078047425]
    [-0.00000015584505802, -0.00000073382677132, 1.00000045649119840, 79.74741612747311592]
  #775 objects/planets/flora/grass/cypress_debris_01/cypress_debris_01.cgf
    [-0.70710798437807876, 0.70710622357024366, 0.00000040869400561, 70.69804957835003734]
    [-0.70710622357034469, -0.70710798437781608, -0.00000062909349241, 519.23941526422277093]
    [-0.00000015584505802, -0.00000073382677132, 1.00000045649119840, 79.74741590768098831]
  #776 objects/planets/flora/grass/cypress_debris_01/cypress_debris_01.cgf
    [-0.70710798437807876, 0.70710622357024366, 0.00000040869400561, 71.84185794321820140]
    [-0.70710622357034469, -0.70710798437781608, -0.00000062909349241, 519.96003875927999616]
    [-0.00000015584505802, -0.00000073382677132, 1.00000045649119840, 79.74741597659885883]
  #777 objects/buildingsets/human/hightech/loc/stanton/orison/flag/flag_pole_a.cgf
    [0.00000262204729689, 1.00000225590868475, 0.00000070442197460, 104.87882521515712142]
    [-1.00000225590770353, 0.00000262204840145, -0.00000156801484528, 567.86579686298500746]
    [-0.00000156801669229, -0.00000070441786319, 1.00000225591089342, 81.39767001569271088]
  #778 objects/buildingsets/human/hightech/loc/stanton/orison/flag/flag_base_b.cgf
    [0.00000262204729689, 1.00000225590868475, 0.00000070442197460, 104.11853001406416297]
    [-1.00000225590770353, 0.00000262204840145, -0.00000156801484528, 567.86579499510116875]
    [-0.00000156801669229, -0.00000070441786319, 1.00000225591089342, 79.74999743327498436]
  #779 objects/planets/flora/grass/cypress_debris_01/cypress_debris_01.cgf
    [-0.78800985774716870, -0.61566499819823761, 0.00000023012683247, 59.63749884767457843]
    [0.61566499819730147, -0.78800985774652699, -0.00000148899892953, 409.59082766098435968]
    [0.00000109806512936, -0.00000103166328947, 1.00000146295439585, 79.74741532653570175]
  #780 objects/planets/flora/tree/cypress_01/cypress_01_a_mega_wind.cgf
    [0.12186702529572535, 0.99254651579845399, -0.00000033348917604, 63.51917426614090800]
    [-0.99254651579783404, 0.12186702529524340, -0.00000120803047647, 383.51223329035565257]
    [-0.00000115838501510, 0.00000047822256262, 1.00000007893830722, 79.74741626903414726]
  #781 objects/planets/flora/grass/cypress_debris_01/cypress_debris_01.cgf
    [-0.78800985774716870, -0.61566499819823761, 0.00000023012683247, 63.42424465483054519]
    [0.61566499819730147, -0.78800985774652699, -0.00000148899892953, 382.85301491257268935]
    [0.00000109806512936, -0.00000103166328947, 1.00000146295439585, 79.74741543829441071]
  #782 objects/planets/flora/tree/cypress_01/cypress_01_a_mega_wind.cgf
    [0.12186702529572535, 0.99254651579845399, -0.00000033348917604, 59.73242845805361867]
    [-0.99254651579783404, 0.12186702529524340, -0.00000120803047647, 410.25004603946581483]
    [-0.00000115838501510, 0.00000047822256262, 1.00000007893830722, 79.74741616100072861]
  #783 objects/planets/flora/grass/cypress_debris_01/cypress_debris_01.cgf
    [0.00000321910358402, -1.00000175018485460, 0.00000156215695069, 69.22434103908017278]
    [1.00000175018607163, 0.00000321910345856, -0.00000008032266596, 640.08586033014580607]
    [0.00000008031763722, 0.00000156215720925, 1.00000175019003290, 79.74741616845130920]
  #784 objects/planets/flora/tree/cypress_01/cypress_01_a_mega_wind.cgf
    [-0.70710798437807876, 0.70710622357024366, 0.00000040869400561, 69.80225666007027030]
    [-0.70710622357034469, -0.70710798437781608, -0.00000062909349241, 640.41691091586835682]
    [-0.00000015584505802, -0.00000073382677132, 1.00000045649119840, 79.74741618335247040]
  #785 objects/planets/flora/tree/cypress_01/cypress_01_a_mega_wind.cgf
    [-0.70710798437807876, 0.70710622357024366, 0.00000040869400561, 47.19302074471488595]
    [-0.70710622357034469, -0.70710798437781608, -0.00000062909349241, 557.35293167235795408]
    [-0.00000015584505802, -0.00000073382677132, 1.00000045649119840, 126.01700743660330772]
  #786 objects/planets/flora/tree/cypress_01/cypress_01_a_mega_wind.cgf
    [-0.70710798437807876, 0.70710622357024366, 0.00000040869400561, 27.48203182825818658]
    [-0.70710622357034469, -0.70710798437781608, -0.00000062909349241, 544.76264409697614610]
    [-0.00000015584505802, -0.00000073382677132, 1.00000045649119840, 126.01700722053647041]
  #787 objects/planets/flora/tree/cypress_01/cypress_01_a_mega_wind.cgf
    [-0.70710798437807876, 0.70710622357024366, 0.00000040869400561, 58.30225734645500779]
    [-0.70710622357034469, -0.70710798437781608, -0.00000062909349241, 475.41691081400495023]
    [-0.00000015584505802, -0.00000073382677132, 1.00000045649119840, 79.74741575866937637]
  #788 objects/planets/flora/grass/cypress_debris_01/cypress_debris_01.cgf
    [0.00000321910358402, -1.00000175018485460, 0.00000156215695069, 57.72434172639623284]
    [1.00000175018607163, 0.00000321910345856, -0.00000008032266596, 475.08586022921372205]
    [0.00000008031763722, 0.00000156215720925, 1.00000175019003290, 79.74741574563086033]
  #789 objects/planets/flora/grass/cypress_debris_01/cypress_debris_01.cgf
    [0.12186702529572535, 0.99254651579845399, -0.00000033348917604, 59.98442407837137580]
    [-0.99254651579783404, 0.12186702529524340, -0.00000120803047647, 411.07833981269504875]
    [-0.00000115838501510, 0.00000047822256262, 1.00000007893830722, 79.74741725251078606]
  #790 objects/planets/flora/grass/cypress_debris_01/cypress_debris_01.cgf
    [0.00000321910358402, -1.00000175018485460, 0.00000156215695069, 46.61510512372478843]
    [1.00000175018607163, 0.00000321910345856, -0.00000008032266596, 557.02188108570408076]
    [0.00000008031763722, 0.00000156215720925, 1.00000175019003290, 126.01700742170214653]
  #791 objects/planets/flora/grass/cypress_debris_01/cypress_debris_01.cgf
    [0.00000321910358402, -1.00000175018485460, 0.00000156215695069, 26.90411620726808906]
    [1.00000175018607163, 0.00000321910345856, -0.00000008032266596, 544.43159351195208728]
    [0.00000008031763722, 0.00000156215720925, 1.00000175019003290, 126.01700720749795437]
  #792 objects/planets/flora/grass/cypress_debris_01/cypress_debris_01.cgf
    [0.12186702529572535, 0.99254651579845399, -0.00000033348917604, 63.77116988645866513]
    [-0.99254651579783404, 0.12186702529524340, -0.00000120803047647, 384.34052706405054778]
    [-0.00000115838501510, 0.00000047822256262, 1.00000007893830722, 79.74741736240684986]
  #793 objects/planets/flora/grass/cypress_debris_01/cypress_debris_01.cgf
    [-0.70710798437807876, 0.70710622357024366, 0.00000040869400561, 70.61010515550151467]
    [-0.70710622357034469, -0.70710798437781608, -0.00000062909349241, 640.72828525479417294]
    [-0.00000015584505802, -0.00000073382677132, 1.00000045649119840, 79.74741610884666443]
  #794 objects/planets/flora/grass/cypress_debris_01/cypress_debris_01.cgf
    [0.00000321910358402, -1.00000175018485460, 0.00000156215695069, 46.61510563036426902]
    [1.00000175018607163, 0.00000321910345856, -0.00000008032266596, 499.72169042599853128]
    [0.00000008031763722, 0.00000156215720925, 1.00000175019003290, 126.01700740307569504]
  #795 objects/planets/flora/tree/cypress_01/cypress_01_a_mega_wind.cgf
    [-0.70710798437807876, 0.70710622357024366, 0.00000040869400561, 47.19302125042304397]
    [-0.70710622357034469, -0.70710798437781608, -0.00000062909349241, 500.05274101218674332]
    [-0.00000015584505802, -0.00000073382677132, 1.00000045649119840, 126.01700741611421108]
  #796 objects/buildingsets/human/hightech/loc/stanton/orison/flag/flag_base_b.cgf
    [-0.00000384450135201, -1.00000137291169033, -0.00000009605513777, -77.38146977638825774]
    [1.00000137291097047, -0.00000384450123632, -0.00000120380384577, 641.36579492501914501]
    [0.00000120380347648, -0.00000009605976579, 1.00000137291835611, 79.74999684467911720]
  #797 objects/planets/flora/grass/cypress_debris_01/cypress_debris_01.cgf
    [-0.70710798437807876, 0.70710622357024366, 0.00000040869400561, 59.11010584002360702]
    [-0.70710622357034469, -0.70710798437781608, -0.00000062909349241, 475.72828515316359699]
    [-0.00000015584505802, -0.00000073382677132, 1.00000045649119840, 79.74741568602621555]
  #798 objects/planets/flora/grass/cypress_debris_01/cypress_debris_01.cgf
    [0.00000321910358402, -1.00000175018485460, 0.00000156215695069, 57.22434156155213714]
    [1.00000175018607163, 0.00000321910345856, -0.00000008032266596, 584.58586070709861815]
    [0.00000008031763722, 0.00000156215720925, 1.00000175019003290, 79.74741663224995136]
  #799 objects/planets/flora/tree/cypress_01/cypress_01_a_mega_wind.cgf
    [-0.70710798437807876, 0.70710622357024366, 0.00000040869400561, 57.80225718067958951]
    [-0.70710622357034469, -0.70710798437781608, -0.00000062909349241, 584.91691129305399954]
    [-0.00000015584505802, -0.00000073382677132, 1.00000045649119840, 79.74741664715111256]
  #800 objects/planets/flora/grass/cypress_debris_01/cypress_debris_01.cgf
    [-0.70710798437807876, 0.70710622357024366, 0.00000040869400561, 48.00086923921480775]
    [-0.70710622357034469, -0.70710798437781608, -0.00000062909349241, 557.66430601011961699]
    [-0.00000015584505802, -0.00000073382677132, 1.00000045649119840, 126.01700736209750175]
  #801 objects/planets/flora/tree/cypress_01/cypress_01_a_subtle_wind.cgf
    [-0.70710798437807876, 0.70710622357024366, 0.00000040869400561, 30.80225687520578504]
    [-0.70710622357034469, -0.70710798437781608, -0.00000062909349241, 542.41691097093280405]
    [-0.00000015584505802, -0.00000073382677132, 1.00000045649119840, 79.74741606600582600]
  #802 objects/planets/flora/grass/cypress_debris_01/cypress_debris_01.cgf
    [-0.70710798437807876, 0.70710622357024366, 0.00000040869400561, 30.19804989034309983]
    [-0.70710622357034469, -0.70710798437781608, -0.00000062909349241, 541.73941539530642331]
    [-0.00000015584505802, -0.00000073382677132, 1.00000045649119840, 79.74741584621369839]
  #803 objects/planets/flora/grass/cypress_debris_01/cypress_debris_01.cgf
    [-0.70710798437807876, 0.70710622357024366, 0.00000040869400561, 48.00086974492296576]
    [-0.70710622357034469, -0.70710798437781608, -0.00000062909349241, 500.36411535041406751]
    [-0.00000015584505802, -0.00000073382677132, 1.00000045649119840, 126.01700734347105026]
  #804 objects/planets/flora/grass/cypress_debris_01/cypress_debris_01.cgf
    [-0.70710798437807876, 0.70710622357024366, 0.00000040869400561, 28.28988032182678580]
    [-0.70710622357034469, -0.70710798437781608, -0.00000062909349241, 545.07401843497063965]
    [-0.00000015584505802, -0.00000073382677132, 1.00000045649119840, 126.01700714789330959]
  #805 objects/planets/flora/grass/cypress_debris_01/cypress_debris_01.cgf
    [-0.70710798437807876, 0.70710622357024366, 0.00000040869400561, 31.34185825614258647]
    [-0.70710622357034469, -0.70710798437781608, -0.00000062909349241, 542.46003889013081789]
    [-0.00000015584505802, -0.00000073382677132, 1.00000045649119840, 79.74741591513156891]
  #806 objects/planets/flora/grass/cypress_debris_01/cypress_debris_01.cgf
    [-0.70710798437807876, 0.70710622357024366, 0.00000040869400561, 58.61010567517951131]
    [-0.70710622357034469, -0.70710798437781608, -0.00000062909349241, 585.22828563128132373]
    [-0.00000015584505802, -0.00000073382677132, 1.00000045649119840, 79.74741657264530659]
  #807 objects/buildingsets/human/hightech/loc/stanton/orison/flag/flag_pole_a.cgf
    [0.00000262204729689, 1.00000225590868475, 0.00000070442197460, 72.87882517231628299]
    [-1.00000225590770353, 0.00000262204840145, -0.00000156801484528, 740.36579657404217869]
    [-0.00000156801669229, -0.00000070441786319, 1.00000225591089342, 81.39766922034323215]
  #808 objects/buildingsets/human/hightech/loc/stanton/orison/flag/flag_base_b.cgf
    [0.00000262204729689, 1.00000225590868475, 0.00000070442197460, 72.11852997215464711]
    [-1.00000225590770353, 0.00000262204840145, -0.00000156801484528, 740.36579470662400126]
    [-0.00000156801669229, -0.00000070441786319, 1.00000225591089342, 79.74999663606286049]
  #809 objects/planets/flora/tree/cypress_01/cypress_01_a_mega_wind.cgf
    [-0.70710798437807876, 0.70710622357024366, 0.00000040869400561, 47.19302036752924323]
    [-0.70710622357034469, -0.70710798437781608, -0.00000062909349241, 637.49125213082879782]
    [-0.00000015584505802, -0.00000073382677132, 1.00000045649119840, 126.01700685545802116]
  #810 objects/planets/flora/tree/cypress_01/cypress_01_a_subtle_wind.cgf
    [-0.70710798437807876, 0.70710622357024366, 0.00000040869400561, 71.30225688172504306]
    [-0.70710622357034469, -0.70710798437781608, -0.00000062909349241, 489.91691170108970255]
    [-0.00000015584505802, -0.00000073382677132, 1.00000045649119840, 79.74741607345640659]
  #811 objects/buildingsets/human/hightech/loc/stanton/orison/flag/flag_pole_a.cgf
    [0.00000262204729689, 1.00000225590868475, 0.00000070442197460, 104.87882503913715482]
    [-1.00000225590770353, 0.00000262204840145, -0.00000156801484528, 641.36579755321145058]
    [-0.00000156801669229, -0.00000070441786319, 1.00000225591089342, 81.39766960218548775]
  #812 objects/planets/flora/grass/cypress_debris_01/cypress_debris_01.cgf
    [-0.70710798437807876, 0.70710622357024366, 0.00000040869400561, 70.69804989593103528]
    [-0.70710622357034469, -0.70710798437781608, -0.00000062909349241, 489.23941612453199923]
    [-0.00000015584505802, -0.00000073382677132, 1.00000045649119840, 79.74741585552692413]
  #813 objects/planets/flora/grass/cypress_debris_01/cypress_debris_01.cgf
    [0.00000321910358402, -1.00000175018485460, 0.00000156215695069, 46.61510474560782313]
    [1.00000175018607163, 0.00000321910345856, -0.00000008032266596, 637.16020154464058578]
    [0.00000008031763722, 0.00000156215720925, 1.00000175019003290, 126.01700684055685997]
  #814 objects/planets/flora/grass/cypress_debris_01/cypress_debris_01.cgf
    [-0.70710798437807876, 0.70710622357024366, 0.00000040869400561, 71.84185826173052192]
    [-0.70710622357034469, -0.70710798437781608, -0.00000062909349241, 489.96003961912356317]
    [-0.00000015584505802, -0.00000073382677132, 1.00000045649119840, 79.74741592444479465]
  #815 objects/buildingsets/human/hightech/loc/stanton/orison/flag/flag_base_b.cgf
    [0.00000262204729689, 1.00000225590868475, 0.00000070442197460, 104.11852983804419637]
    [-1.00000225590770353, 0.00000262204840145, -0.00000156801484528, 641.36579568509478122]
    [-0.00000156801669229, -0.00000070441786319, 1.00000225591089342, 79.74999701976776123]
  #816 objects/planets/flora/grass/cypress_debris_01/cypress_debris_01.cgf
    [-0.70710798437807876, 0.70710622357024366, 0.00000040869400561, 48.00086886202916503]
    [-0.70710622357034469, -0.70710798437781608, -0.00000062909349241, 637.80262646859046072]
    [-0.00000015584505802, -0.00000073382677132, 1.00000045649119840, 126.01700678095221519]
  #817 objects/planets/flora/grass/cypress_debris_01/cypress_debris_01.cgf
    [0.00000321910358402, -1.00000175018485460, 0.00000156215695069, 46.61510576261207461]
    [1.00000175018607163, 0.00000321910345856, -0.00000008032266596, 520.19217050471343100]
    [0.00000008031763722, 0.00000156215720925, 1.00000175019003290, 126.01700716838240623]
  #818 objects/buildingsets/human/hightech/loc/stanton/orison/flag/flag_pole_a.cgf
    [0.00000262204729689, 1.00000225590868475, 0.00000070442197460, 104.87882526358589530]
    [-1.00000225590770353, 0.00000262204840145, -0.00000156801484528, 483.86579716915730387]
    [-0.00000156801669229, -0.00000070441786319, 1.00000225591089342, 81.39767005480825901]
  #819 objects/planets/flora/tree/cypress_01/cypress_01_a_mega_wind.cgf
    [-0.70710798437807876, 0.70710622357024366, 0.00000040869400561, 47.19302138267084956]
    [-0.70710622357034469, -0.70710798437781608, -0.00000062909349241, 520.52322109066881239]
    [-0.00000015584505802, -0.00000073382677132, 1.00000045649119840, 126.01700718142092228]
  #820 objects/buildingsets/human/hightech/loc/stanton/orison/flag/flag_base_b.cgf
    [0.00000262204729689, 1.00000225590868475, 0.00000070442197460, 104.11853006249293685]
    [-1.00000225590770353, 0.00000262204840145, -0.00000156801484528, 483.86579530104063451]
    [-0.00000156801669229, -0.00000070441786319, 1.00000225591089342, 79.74999747052788734]
  #821 objects/planets/flora/tree/cypress_01/cypress_01_a_subtle_wind.cgf
    [-0.70710798437807876, 0.70710622357024366, 0.00000040869400561, -77.19774286402389407]
    [-0.70710622357034469, -0.70710798437781608, -0.00000062909349241, 515.41691115207504481]
    [-0.00000015584505802, -0.00000073382677132, 1.00000045649119840, 79.74741609394550323]
  #822 objects/planets/flora/grass/cypress_debris_01/cypress_debris_01.cgf
    [-0.70710798437807876, 0.70710622357024366, 0.00000040869400561, 48.00086987623944879]
    [-0.70710622357034469, -0.70710798437781608, -0.00000062909349241, 520.83459542889613658]
    [-0.00000015584505802, -0.00000073382677132, 1.00000045649119840, 126.01700710877776146]
  #823 objects/planets/flora/tree/cypress_01/cypress_01_a_subtle_wind.cgf
    [-0.70710798437807876, 0.70710622357024366, 0.00000040869400561, 53.80225717322900891]
    [-0.70710622357034469, -0.70710798437781608, -0.00000062909349241, 716.41691126837395132]
    [-0.00000015584505802, -0.00000073382677132, 1.00000045649119840, 79.74741586111485958]
  #824 objects/planets/flora/grass/cypress_debris_01/cypress_debris_01.cgf
    [-0.70710798437807876, 0.70710622357024366, 0.00000040869400561, -77.80194984888657928]
    [-0.70710622357034469, -0.70710798437781608, -0.00000062909349241, 514.73941557551734149]
    [-0.00000015584505802, -0.00000073382677132, 1.00000045649119840, 79.74741587415337563]
  #825 objects/planets/flora/grass/cypress_debris_01/cypress_debris_01.cgf
    [-0.70710798437807876, 0.70710622357024366, 0.00000040869400561, -76.65814148401841521]
    [-0.70710622357034469, -0.70710798437781608, -0.00000062909349241, 515.46003907010890543]
    [-0.00000015584505802, -0.00000073382677132, 1.00000045649119840, 79.74741594307124615]
  #826 objects/planets/flora/tree/cypress_01/cypress_01_a_subtle_wind.cgf
    [-0.70710798437807876, 0.70710622357024366, 0.00000040869400561, 29.80225696368142962]
    [-0.70710622357034469, -0.70710798437781608, -0.00000062909349241, 743.41691093472763896]
    [-0.00000015584505802, -0.00000073382677132, 1.00000045649119840, 79.74741642922163010]
  #827 objects/planets/flora/grass/cypress_debris_01/cypress_debris_01.cgf
    [-0.70710798437807876, 0.70710622357024366, 0.00000040869400561, 29.19804997788742185]
    [-0.70710622357034469, -0.70710798437781608, -0.00000062909349241, 742.73941535816993564]
    [-0.00000015584505802, -0.00000073382677132, 1.00000045649119840, 79.74741620942950249]
  #828 objects/buildingsets/human/hightech/prop/light/light_street_3_a.cgf
    [0.00000024430014125, -0.99999990601272193, 0.00000037046128440, 53.61202705511823297]
    [0.99999990601275945, 0.00000024430023351, 0.00000024907082518, 438.97659498732537031]
    [-0.00000024907091568, 0.00000037046122355, 0.99999990601272104, 126.01701249182224274]
  #829 objects/planets/flora/grass/cypress_debris_01/cypress_debris_01.cgf
    [-0.70710798437807876, 0.70710622357024366, 0.00000040869400561, 53.19805018836632371]
    [-0.70710622357034469, -0.70710798437781608, -0.00000062909349241, 715.73941569158341736]
    [-0.00000015584505802, -0.00000073382677132, 1.00000045649119840, 79.74741563946008682]
  #830 objects/planets/flora/grass/cypress_debris_01/cypress_debris_01.cgf
    [-0.70710798437807876, 0.70710622357024366, 0.00000040869400561, 30.34185834275558591]
    [-0.70710622357034469, -0.70710798437781608, -0.00000062909349241, 743.46003885252866894]
    [-0.00000015584505802, -0.00000073382677132, 1.00000045649119840, 79.74741627834737301]
  #831 objects/buildingsets/human/hightech/prop/structure/structure_post_2_a.cgf
    [-0.00000954795253407, -2.49998984550594727, 4.33012970512210327, 62.78484427044168115]
    [-4.99999724908059129, 0.00000438417868606, -0.00000849381813334, 789.24123614560812712]
    [0.00000045007959188, -4.33012970513041040, -2.49998984550975090, 42.62843936309218407]
  #832 objects/buildingsets/human/hightech/prop/light/light_street_3_a.cgf
    [0.00000024430014125, -0.99999990601272193, 0.00000037046128440, 53.61200299253687263]
    [0.99999990601275945, 0.00000024430023351, 0.00000024907082518, 509.62181909591890872]
    [-0.00000024907091568, 0.00000037046122355, 0.99999990601272104, 126.01701296865940094]
  #833 objects/planets/flora/grass/cypress_debris_01/cypress_debris_01.cgf
    [-0.70710798437807876, 0.70710622357024366, 0.00000040869400561, 54.34185855230316520]
    [-0.70710622357034469, -0.70710798437781608, -0.00000062909349241, 716.46003918640781194]
    [-0.00000015584505802, -0.00000073382677132, 1.00000045649119840, 79.74741570837795734]
  #834 objects/buildingsets/human/hightech/prop/light/light_street_3_a.cgf
    [0.50000068140912757, -0.86602504418011539, 0.00000111922943071, 1.64049480436369777]
    [0.86602504417929693, 0.50000068141025844, 0.00000124066325551, 498.08870880014728755]
    [-0.00000163406088083, 0.00000034894823381, 1.00000002927761122, 79.85010842792689800]
  #835 objects/buildingsets/human/hightech/prop/light/light_street_3_a.cgf
    [0.00000024430014125, -0.99999990601272193, 0.00000037046128440, 95.84171679476276040]
    [0.99999990601275945, 0.00000024430023351, 0.00000024907082518, 423.07369549444410950]
    [-0.00000024907091568, 0.00000037046122355, 0.99999990601272104, 79.85010907612740993]
  #836 objects/buildingsets/human/hightech/prop/light/light_attachment_5_a.cgf
    [-0.00000374425740473, 2.49999258770321475, 4.33013378546596694, 72.41006422648206353]
    [5.00000215385999525, 0.00000144183779492, 0.00000349104947983, 789.24122666323091835]
    [0.00000049684924178, 4.33013378546734629, -2.49999258770358024, 37.04976826533675194]
  #837 objects/buildingsets/human/hightech/prop/light/light_street_3_a.cgf
    [0.00000024430014125, -0.99999990601272193, 0.00000037046128440, 53.41080169705674052]
    [0.99999990601275945, 0.00000024430023351, 0.00000024907082518, 487.41386632306966931]
    [-0.00000024907091568, 0.00000037046122355, 0.99999990601272104, 126.01701306551694870]
  #838 objects/buildingsets/human/hightech/prop/light/light_street_3_a.cgf
    [0.00000024430014125, -0.99999990601272193, 0.00000037046128440, 66.45184848317876458]
    [0.99999990601275945, 0.00000024430023351, 0.00000024907082518, 788.43441095680464059]
    [-0.00000024907091568, 0.00000037046122355, 0.99999990601272104, 79.85010875202715397]
  #839 objects/buildingsets/human/hightech/prop/light/light_street_3_a.cgf
    [0.50000068140912757, -0.86602504418011539, 0.00000111922943071, 12.00796900456771255]
    [0.86602504417929693, 0.50000068141025844, 0.00000124066325551, 516.04572485515382141]
    [-0.00000163406088083, 0.00000034894823381, 1.00000002927761122, 79.85010866448283195]
  #840 objects/buildingsets/human/hightech/prop/light/light_street_3_a.cgf
    [0.50000068140912757, -0.86602504418011539, 0.00000111922943071, 22.80316727561876178]
    [0.86602504417929693, 0.50000068141025844, 0.00000124066325551, 534.74354138516355306]
    [-0.00000163406088083, 0.00000034894823381, 1.00000002927761122, 79.85010906495153904]
  #841 objects/buildingsets/human/hightech/prop/structure/structure_post_2_a.cgf
    [-0.00000954795253407, -2.49998984550594727, 4.33012970512210327, 62.78485947242006660]
    [-4.99999724908059129, 0.00000438417868606, -0.00000849381813334, 853.24121025647036731]
    [0.00000045007959188, -4.33012970513041040, -2.49998984550975090, 42.62844585813581944]
  #842 objects/buildingsets/human/hightech/prop/structure/structure_post_2_a.cgf
    [-0.00000954795253407, -2.49998984550594727, 4.33012970512210327, 62.78482833271846175]
    [-4.99999724908059129, 0.00000438417868606, -0.00000849381813334, 725.24126136698760092]
    [0.00000045007959188, -4.33012970513041040, -2.49998984550975090, 42.62843275442719460]
  #843 objects/buildingsets/human/hightech/prop/light/light_street_3_a.cgf
    [-0.00000051972279730, 0.99999969954745982, 0.00000037046131720, -84.53890600008890033]
    [-0.99999969954734169, -0.00000051972302367, 0.00000061119766430, 556.61339380952995270]
    [0.00000061119785683, -0.00000037046099955, 0.99999969954740819, 79.85010851733386517]
  #844 objects/buildingsets/human/hightech/prop/light/light_street_3_a.cgf
    [-0.00000051972279730, 0.99999969954745982, 0.00000037046131720, 18.91327684791758657]
    [-0.99999969954734169, -0.00000051972302367, 0.00000061119766430, 601.20029504201374948]
    [0.00000061119785683, -0.00000037046099955, 0.99999969954740819, 126.01701281405985355]
  #845 objects/buildingsets/human/hightech/prop/light/light_attachment_5_a.cgf
    [-0.00000374425740473, 2.49999258770321475, 4.33013378546596694, 72.41007942846044898]
    [5.00000215385999525, 0.00000144183779492, 0.00000349104947983, 853.24120077502448112]
    [0.00000049684924178, 4.33013378546734629, -2.49999258770358024, 37.04977476038038731]
  #846 objects/buildingsets/human/hightech/prop/light/light_attachment_5_a.cgf
    [-0.00000374425740473, 2.49999258770321475, 4.33013378546596694, 72.41004828875884414]
    [5.00000215385999525, 0.00000144183779492, 0.00000349104947983, 725.24125188484322280]
    [0.00000049684924178, 4.33013378546734629, -2.49999258770358024, 37.04976165667176247]
  #847 objects/buildingsets/human/hightech/prop/light/light_street_3_a.cgf
    [0.00000024430014125, -0.99999990601272193, 0.00000037046128440, 66.45184094877913594]
    [0.99999990601275945, 0.00000024430023351, 0.00000024907082518, 566.19641028391197324]
    [-0.00000024907091568, 0.00000037046122355, 0.99999990601272104, 79.85010877251625061]
  #848 objects/buildingsets/human/hightech/prop/light/light_street_3_a.cgf
    [-0.00000051972279730, 0.99999969954745982, 0.00000037046131720, 18.87321339966729283]
    [-0.99999969954734169, -0.00000051972302367, 0.00000061119766430, 477.88962734979577363]
    [0.00000061119785683, -0.00000037046099955, 0.99999969954740819, 126.01701293513178825]
  #849 objects/buildingsets/human/hightech/prop/light/light_street_3_a.cgf
    [0.00000024430014125, -0.99999990601272193, 0.00000037046128440, 53.57194372965022922]
    [0.99999990601275945, 0.00000024430023351, 0.00000024907082518, 613.22132495325058699]
    [-0.00000024907091568, 0.00000037046122355, 0.99999990601272104, 126.01701269112527370]
  #850 objects/buildingsets/human/hightech/prop/light/light_street_3_a.cgf
    [0.00000024430014125, -0.99999990601272193, 0.00000037046128440, 95.84171739546582103]
    [0.99999990601275945, 0.00000024430023351, 0.00000024907082518, 321.00654715683776885]
    [-0.00000024907091568, 0.00000037046122355, 0.99999990601272104, 79.85010897926986217]
  #851 objects/buildingsets/human/hightech/prop/light/light_street_3_a.cgf
    [-0.49999870892862808, -0.86602508976108872, 0.00000003321047529, 86.25828766869381070]
    [0.86602508976051673, -0.49999870892834120, -0.00000113083663980, 441.96630080183967948]
    [0.00000099593901102, -0.00000053665624744, 0.99999908251193814, 79.85010916739702225]
  #852 objects/buildingsets/human/hightech/prop/light/light_street_3_a.cgf
    [-0.00000051972279730, 0.99999969954745982, 0.00000037046131720, 18.87318921228870749]
    [-0.99999969954734169, -0.00000051972302367, 0.00000061119766430, 626.66733520699199289]
    [0.00000061119785683, -0.00000037046099955, 0.99999969954740819, 126.01701248250901699]
  #853 objects/buildingsets/human/hightech/prop/light/light_street_3_a.cgf
    [-0.99999988499439008, -0.00000017279518136, 0.00000020466053574, 30.82276448188349605]
    [0.00000017279517741, -0.99999988499441084, -0.00000001931332130, 645.61343756073620170]
    [0.00000020466053907, -0.00000001931328594, 0.99999988499440506, 126.01701296679675579]
  #854 objects/buildingsets/human/hightech/prop/light/light_street_3_a.cgf
    [0.00000024430014125, -0.99999990601272193, 0.00000037046128440, 66.45184269221499562]
    [0.99999990601275945, 0.00000024430023351, 0.00000024907082518, 727.01656487490981817]
    [-0.00000024907091568, 0.00000037046122355, 0.99999990601272104, 79.85010935179889202]
  #855 objects/buildingsets/human/hightech/prop/light/light_street_3_a.cgf
    [0.50000068140912757, -0.86602504418011539, 0.00000111922943071, -6.87744915531948209]
    [0.86602504417929693, 0.50000068141025844, 0.00000124066325551, 483.33522180165164173]
    [-0.00000163406088083, 0.00000034894823381, 1.00000002927761122, 79.85010901279747486]
  #856 objects/buildingsets/human/hightech/prop/light/light_street_3_a.cgf
    [-0.00000051972279730, 0.99999969954745982, 0.00000037046131720, 18.87321022665128112]
    [-0.99999969954734169, -0.00000051972302367, 0.00000061119766430, 503.39408739085774869]
    [0.00000061119785683, -0.00000037046099955, 0.99999969954740819, 126.01701254397630692]
  #857 objects/buildingsets/human/hightech/prop/light/light_street_3_a.cgf
    [0.00000024430014125, -0.99999990601272193, 0.00000037046128440, 53.41080200159922242]
    [0.99999990601275945, 0.00000024430023351, 0.00000024907082518, 636.19155917502939701]
    [-0.00000024907091568, 0.00000037046122355, 0.99999990601272104, 126.01701278798282146]
  #858 objects/buildingsets/human/hightech/prop/light/light_street_3_a.cgf
    [-0.80901380344500218, -0.58778451459855352, -0.00000064026776435, 36.67043067561462522]
    [0.58778451459872649, -0.80901380344512264, -0.00000010788281057, 737.25030570803210139]
    [-0.00000045457498442, -0.00000046361955786, 0.99999698487865196, 79.85010912269353867]
  #859 objects/buildingsets/human/hightech/prop/light/light_street_3_a.cgf
    [-0.00000051972279730, 0.99999969954745982, 0.00000037046131720, 18.87321787280961871]
    [-0.99999969954734169, -0.00000051972302367, 0.00000061119766430, 530.15383366262540221]
    [0.00000061119785683, -0.00000037046099955, 0.99999969954740819, 126.01701298914849758]
  #860 objects/buildingsets/human/hightech/prop/light/light_street_3_a.cgf
    [0.00000024430014125, -0.99999990601272193, 0.00000037046128440, 66.45184879144653678]
    [0.99999990601275945, 0.00000024430023351, 0.00000024907082518, 523.87100593664217740]
    [-0.00000024907091568, 0.00000037046122355, 0.99999990601272104, 79.85010926052927971]
  #861 objects/buildingsets/human/hightech/prop/light/light_street_3_a.cgf
    [0.00000024430014125, -0.99999990601272193, 0.00000037046128440, 66.45183784933760762]
    [0.99999990601275945, 0.00000024430023351, 0.00000024907082518, 506.83511896268464625]
    [-0.00000024907091568, 0.00000037046122355, 0.99999990601272104, 79.85010899603366852]
  #862 objects/buildingsets/human/hightech/prop/light/light_street_3_a.cgf
    [0.00000024430014125, -0.99999990601272193, 0.00000037046128440, 66.45183846587315202]
    [0.99999990601275945, 0.00000024430023351, 0.00000024907082518, 478.37295151047874242]
    [-0.00000024907091568, 0.00000037046122355, 0.99999990601272104, 79.85010899044573307]
  #863 objects/buildingsets/human/hightech/prop/light/light_street_3_a.cgf
    [0.00000024430014125, -0.99999990601272193, 0.00000037046128440, 53.57194416178390384]
    [0.99999990601275945, 0.00000024430023351, 0.00000024907082518, 464.44363276963122189]
    [-0.00000024907091568, 0.00000037046122355, 0.99999990601272104, 126.01701308414340019]
  #864 objects/buildingsets/human/hightech/prop/light/light_street_3_a.cgf
    [0.00000024430014125, -0.99999990601272193, 0.00000037046128440, 66.45183621300384402]
    [0.99999990601275945, 0.00000024430023351, 0.00000024907082518, 808.32912378106266260]
    [-0.00000024907091568, 0.00000037046122355, 0.99999990601272104, 79.85010929033160210]
  #865 objects/buildingsets/human/hightech/prop/light/light_street_3_a.cgf
    [0.00000024430014125, -0.99999990601272193, 0.00000037046128440, 66.45183572592213750]
    [0.99999990601275945, 0.00000024430023351, 0.00000024907082518, 544.60600070736836642]
    [-0.00000024907091568, 0.00000037046122355, 0.99999990601272104, 79.85010912641882896]
  #866 objects/buildingsets/human/hightech/prop/light/light_street_3_a.cgf
    [0.50000068140912757, -0.86602504418011539, 0.00000111922943071, 33.41882520308718085]
    [0.86602504417929693, 0.50000068141025844, 0.00000124066325551, 553.13034289062488824]
    [-0.00000163406088083, 0.00000034894823381, 1.00000002927761122, 79.85010949335992336]
  #867 objects/buildingsets/human/hightech/prop/light/light_street_3_a.cgf
    [0.00000024430014125, -0.99999990601272193, 0.00000037046128440, 66.45183812780305743]
    [0.99999990601275945, 0.00000024430023351, 0.00000024907082518, 608.36096615868154913]
    [-0.00000024907091568, 0.00000037046122355, 0.99999990601272104, 79.85010932013392448]
  #868 objects/buildingsets/human/hightech/prop/light/light_street_3_a.cgf
    [-0.00000051972279730, 0.99999969954745982, 0.00000037046131720, -84.53892337949946523]
    [-0.99999969954734169, -0.00000051972302367, 0.00000061119766430, 530.58162774471566081]
    [0.00000061119785683, -0.00000037046099955, 0.99999969954740819, 79.85010926052927971]
  #869 objects/buildingsets/human/hightech/prop/light/light_street_3_a.cgf
    [0.50000068140912757, -0.86602504418011539, 0.00000111922943071, 43.88541851798072457]
    [0.86602504417929693, 0.50000068141025844, 0.00000124066325551, 571.25907276233192533]
    [-0.00000163406088083, 0.00000034894823381, 1.00000002927761122, 79.85010948590934277]
  #870 objects/buildingsets/human/hightech/prop/light/lamp/lamp_planter_1_large_b.cgf
    [0.39073161273680773, -0.92050492297546205, 0.00000104331570800, -69.57299963990226388]
    [0.92050492297455189, 0.39073161273796658, 0.00000136333010193, 588.79204721236601472]
    [-0.00000166260807866, 0.00000042768096772, 1.00000025320602282, 79.73751667514443398]
  #871 objects/buildingsets/human/hightech/prop/light/light_street_3_a.cgf
    [0.00000024430014125, -0.99999990601272193, 0.00000037046128440, 66.45183817157521844]
    [0.99999990601275945, 0.00000024430023351, 0.00000024907082518, 668.67907215538434684]
    [-0.00000024907091568, 0.00000037046122355, 0.99999990601272104, 79.85010939091444016]
  #872 objects/buildingsets/human/hightech/prop/light/light_street_3_a.cgf
    [-0.00000051972279730, 0.99999969954745982, 0.00000037046131720, 18.87322519486770034]
    [-0.99999969954734169, -0.00000051972302367, 0.00000061119766430, 556.02210377331357449]
    [0.00000061119785683, -0.00000037046099955, 0.99999969954740819, 126.01701314561069012]
  #873 objects/buildingsets/human/hightech/prop/light/light_street_3_a.cgf
    [0.00000024430014125, -0.99999990601272193, 0.00000037046128440, 95.84168415470048785]
    [0.99999990601275945, 0.00000024430023351, 0.00000024907082518, 380.25199312611948699]
    [-0.00000024907091568, 0.00000037046122355, 0.99999990601272104, 79.85010874271392822]
  #874 objects/buildingsets/human/hightech/prop/light/light_street_3_a.cgf
    [0.00000024430014125, -0.99999990601272193, 0.00000037046128440, 95.84169128770008683]
    [0.99999990601275945, 0.00000024430023351, 0.00000024907082518, 362.03559519187547266]
    [-0.00000024907091568, 0.00000037046122355, 0.99999990601272104, 79.85010912641882896]
  #875 objects/buildingsets/human/hightech/prop/light/light_street_3_a.cgf
    [0.00000024430014125, -0.99999990601272193, 0.00000037046128440, 66.45186890056356788]
    [0.99999990601275945, 0.00000024430023351, 0.00000024907082518, 587.42770260770339519]
    [-0.00000024907091568, 0.00000037046122355, 0.99999990601272104, 79.85010875575244427]
  #876 objects/buildingsets/human/hightech/prop/light/light_street_3_a.cgf
    [0.50000068140912757, -0.86602504418011539, 0.00000111922943071, 53.93330400483682752]
    [0.86602504417929693, 0.50000068141025844, 0.00000124066325551, 588.66250891797244549]
    [-0.00000163406088083, 0.00000034894823381, 1.00000002927761122, 79.85010891407728195]
  #877 objects/buildingsets/human/hightech/prop/light/light_street_3_a.cgf
    [0.00000024430014125, -0.99999990601272193, 0.00000037046128440, 53.61202682415023446]
    [0.99999990601275945, 0.00000024430023351, 0.00000024907082518, 587.75428830680903047]
    [-0.00000024907091568, 0.00000037046122355, 0.99999990601272104, 126.01701291650533676]
  #878 objects/buildingsets/human/hightech/prop/light/light_street_3_a.cgf
    [-0.81915248106185934, -0.57357613503998039, -0.00000015032882034, 20.37850160384550691]
    [0.57357613503974281, -0.81915248106171201, 0.00000073247904945, 748.68287826830055565]
    [-0.00000054327462786, 0.00000051378691190, 1.00000018495831600, 79.85010879114270210]
  #879 objects/buildingsets/human/hightech/prop/light/light_street_3_a.cgf
    [0.00000024430014125, -0.99999990601272193, 0.00000037046128440, 66.45187111431732774]
    [0.99999990601275945, 0.00000024430023351, 0.00000024907082518, 651.12292353762313724]
    [-0.00000024907091568, 0.00000037046122355, 0.99999990601272104, 79.85010924004018307]
  #880 objects/buildingsets/human/hightech/prop/light/light_street_3_a.cgf
    [-0.49999870892862808, -0.86602508976108872, 0.00000003321047529, 74.35036590276286006]
    [0.86602508976051673, -0.49999870892834120, -0.00000113083663980, 462.59142300102394074]
    [0.00000099593901102, -0.00000053665624744, 0.99999908251193814, 79.85010873712599277]
  #881 objects/buildingsets/human/hightech/prop/light/light_street_3_a.cgf
    [0.50000068140912757, -0.86602504418011539, 0.00000111922943071, -26.85434940503910184]
    [0.86602504417929693, 0.50000068141025844, 0.00000124066325551, 448.73410188930574805]
    [-0.00000163406088083, 0.00000034894823381, 1.00000002927761122, 79.85010918043553829]
  #882 objects/buildingsets/human/hightech/prop/light/lamp/lamp_planter_1_large_b.cgf
    [0.99052339651743104, -2.33352417131100109, 0.00000264485540724, -69.98690550355240703]
    [2.33352417130869405, 0.99052339652036869, 0.00000345610725909, 587.43122186546679586]
    [-0.00000421479129784, 0.00000108419178526, 2.53504864985451128, 79.73751578666269779]
  #883 objects/buildingsets/human/hightech/prop/light/light_street_3_a.cgf
    [-0.99999988499439008, -0.00000017279518136, 0.00000020466053574, 45.99485702579841018]
    [0.00000017279517741, -0.99999988499441084, -0.00000001931332130, 645.61343833780847490]
    [0.00000020466053907, -0.00000001931328594, 0.99999988499440506, 126.01701288670301437]
  #884 objects/buildingsets/human/hightech/prop/light/light_street_3_a.cgf
    [0.50000068140912757, -0.86602504418011539, 0.00000111922943071, -16.05915228696539998]
    [0.86602504417929693, 0.50000068141025844, 0.00000124066325551, 467.43191832921002060]
    [-0.00000163406088083, 0.00000034894823381, 1.00000002927761122, 79.85010876692831516]
  #885 objects/buildingsets/human/hightech/prop/light/light_street_3_a.cgf
    [-0.70710786204616038, -0.70710550161234309, -0.00000033589554245, 31.04835190670564771]
    [0.70710550161241725, -0.70710786204613518, -0.00000020896304630, 530.55462701106444001]
    [-0.00000008975547183, -0.00000038527305309, 0.99999985948893633, 126.01701360382139683]
  #886 objects/buildingsets/human/hightech/prop/light/light_street_3_a.cgf
    [0.00000024430014125, -0.99999990601272193, 0.00000037046128440, 66.45184961846098304]
    [0.99999990601275945, 0.00000024430023351, 0.00000024907082518, 685.79929089290089905]
    [-0.00000024907091568, 0.00000037046122355, 0.99999990601272104, 79.85010908730328083]
  #887 objects/buildingsets/human/hightech/prop/light/light_street_3_a.cgf
    [-0.00000051972279730, 0.99999969954745982, 0.00000037046131720, -84.33764010807499290]
    [-0.99999969954734169, -0.00000051972302367, 0.00000061119766430, 583.54873654677066952]
    [0.00000061119785683, -0.00000037046099955, 0.99999969954740819, 79.85010917484760284]
  #888 objects/buildingsets/human/hightech/prop/light/light_street_3_a.cgf
    [-0.00000051972279730, 0.99999969954745982, 0.00000037046131720, -67.63120637787505984]
    [-0.99999969954734169, -0.00000051972302367, 0.00000061119766430, 662.82806485972832888]
    [0.00000061119785683, -0.00000037046099955, 0.99999969954740819, 79.85010916367173195]
  #889 objects/buildingsets/human/hightech/prop/light/light_street_3_a.cgf
    [0.00000024430014125, -0.99999990601272193, 0.00000037046128440, 53.61201517423614860]
    [0.99999990601275945, 0.00000024430023351, 0.00000024907082518, 535.49008693674113601]
    [-0.00000024907091568, 0.00000037046122355, 0.99999990601272104, 126.01701264642179012]
  #890 objects/buildingsets/human/hightech/prop/light/light_street_3_a.cgf
    [0.00000024430014125, -0.99999990601272193, 0.00000037046128440, 66.45183703722432256]
    [0.99999990601275945, 0.00000024430023351, 0.00000024907082518, 704.72303567547351122]
    [-0.00000024907091568, 0.00000037046122355, 0.99999990601272104, 79.85010891407728195]
  #891 objects/buildingsets/human/hightech/prop/light/light_street_3_a.cgf
    [0.00000024430014125, -0.99999990601272193, 0.00000037046128440, 66.45182927371934056]
    [0.99999990601275945, 0.00000024430023351, 0.00000024907082518, 749.44957482535392046]
    [-0.00000024907091568, 0.00000037046122355, 0.99999990601272104, 79.85010899789631367]
  #892 objects/buildingsets/human/hightech/prop/light/light_street_3_a.cgf
    [0.00000024430014125, -0.99999990601272193, 0.00000037046128440, 66.45184279186651111]
    [0.99999990601275945, 0.00000024430023351, 0.00000024907082518, 628.45675064180977643]
    [-0.00000024907091568, 0.00000037046122355, 0.99999990601272104, 79.85010890290141106]
  #893 objects/buildingsets/human/hightech/prop/light/light_street_3_a.cgf
    [0.00000024430014125, -0.99999990601272193, 0.00000037046128440, 95.84168905718252063]
    [0.99999990601275945, 0.00000024430023351, 0.00000024907082518, 401.84240145643707365]
    [-0.00000024907091568, 0.00000037046122355, 0.99999990601272104, 79.85010897368192673]
  #894 objects/buildingsets/human/hightech/prop/light/light_street_3_a.cgf
    [0.00000024430014125, -0.99999990601272193, 0.00000037046128440, 95.84168588789179921]
    [0.99999990601275945, 0.00000024430023351, 0.00000024907082518, 341.93981003959197551]
    [-0.00000024907091568, 0.00000037046122355, 0.99999990601272104, 79.85010942816734314]
  #895 objects/buildingsets/human/hightech/prop/light/light_street_3_a.cgf
    [-0.80901380344500218, -0.58778451459855352, -0.00000064026776435, 51.80519146798178554]
    [0.58778451459872649, -0.80901380344512264, -0.00000010788281057, 726.25423774367664009]
    [-0.00000045457498442, -0.00000046361955786, 0.99999698487865196, 79.85010899230837822]
  #896 objects/buildingsets/human/hightech/prop/light/light_street_3_a.cgf
    [-0.70710786204616038, -0.70710550161234309, -0.00000033589554245, 41.77664188714697957]
    [0.70710550161241725, -0.70710786204613518, -0.00000020896304630, 519.82633490965235978]
    [-0.00000008975547183, -0.00000038527305309, 0.99999985948893633, 126.01701356656849384]
  #897 objects/buildingsets/human/hightech/prop/light/light_street_3_a.cgf
    [0.00000024430014125, -0.99999990601272193, 0.00000037046128440, 53.61202714359387755]
    [0.99999990601275945, 0.00000024430023351, 0.00000024907082518, 562.24983140535186976]
    [-0.00000024907091568, 0.00000037046122355, 0.99999990601272104, 126.01701331511139870]
  #898 objects/buildingsets/human/hightech/prop/light/light_street_3_a.cgf
    [-0.00000051972279730, 0.99999969954745982, 0.00000037046131720, -67.50278590386733413]
    [-0.99999969954734169, -0.00000051972302367, 0.00000061119766430, 631.34721655538305640]
    [0.00000061119785683, -0.00000037046099955, 0.99999969954740819, 79.85010877624154091]
  #899 objects/buildingsets/human/hightech/prop/light/light_street_3_a.cgf
    [-0.00000051972279730, 0.99999969954745982, 0.00000037046131720, 19.07442163163796067]
    [-0.99999969954734169, -0.00000051972302367, 0.00000061119766430, 578.23005881754215807]
    [0.00000061119785683, -0.00000037046099955, 0.99999969954740819, 126.01701352931559086]
  #900 objects/planets/flora/grass/cypress_debris_01/cypress_debris_01.cgf
    [0.00000321910358402, -1.00000175018485460, 0.00000156215695069, -142.27565857162699103]
    [1.00000175018607163, 0.00000321910345856, -0.00000008032266596, 735.08586106006987393]
    [0.00000008031763722, 0.00000156215720925, 1.00000175019003290, 148.74741614423692226]
  #901 objects/buildingsets/human/hightech/loc/stanton/orison/flag/flag_pole_a.cgf
    [-0.00000384450135201, -1.00000137291169033, -0.00000009605513777, -73.64176680659875274]
    [1.00000137291097047, -0.00000384450123632, -0.00000120380384577, 740.36579154245555401]
    [0.00000120380347648, -0.00000009605976579, 1.00000137291835611, 81.39766858890652657]
  #902 objects/planets/flora/tree/cypress_01/cypress_01_a_mega_wind.cgf
    [-0.70710798437807876, 0.70710622357024366, 0.00000040869400561, -141.69774295156821609]
    [-0.70710622357034469, -0.70710798437781608, -0.00000062909349241, 735.41691164579242468]
    [-0.00000015584505802, -0.00000073382677132, 1.00000045649119840, 148.74741616100072861]
  #903 objects/planets/flora/grass/cypress_debris_01/cypress_debris_01.cgf
    [-0.70710798437807876, 0.70710622357024366, 0.00000040869400561, -140.88989445799961686]
    [-0.70710622357034469, -0.70710798437781608, -0.00000062909349241, 735.72828598401974887]
    [-0.00000015584505802, -0.00000073382677132, 1.00000045649119840, 148.74741608649492264]
  #904 objects/buildingsets/human/hightech/prop/light/lamp/lamp_planter_1_d.cgf
    [-0.12186754717790352, 0.99254655371977896, -0.00000063106067614, -31.40160316368564963]
    [-0.99254655371969769, -0.12186754717832340, -0.00000067616471830, 822.98142529709730297]
    [-0.00000074803064284, 0.00000054395446557, 1.00000018017783976, 79.74004898592829704]
  #905 objects/buildingsets/human/hightech/loc/stanton/orison/flag/flag_base_b.cgf
    [-0.00000384450135201, -1.00000137291169033, -0.00000009605513777, -72.88147020852193236]
    [1.00000137291097047, -0.00000384450123632, -0.00000120380384577, 740.36579541547689587]
    [0.00000120380347648, -0.00000009605976579, 1.00000137291835611, 79.74999726936221123]
  #906 objects/planets/flora/tree/apaaj_01/apaaj_01_small_d.cgf
    [-0.35837078349833762, -0.93357942157034113, -0.00000067850284284, -28.45376547751948237]
    [0.93357942157058271, -0.35837078349816687, -0.00000036259973525, 823.75900968722999096]
    [0.00000009536004832, -0.00000076338138367, 1.00000007742234387, 78.75500121153891087]
  #907 objects/planets/flora/tree/apaaj_01/apaaj_01_leafpile_c.cgf
    [-0.48834965774737493, 1.41828032947877980, -0.00000117311235535, -29.08289352105930448]
    [-1.41828032947781169, -0.48834965774848355, -0.00000174349267702, 823.11649997660424560]
    [-0.00000203043156848, 0.00000054157821119, 1.50000149373438152, 79.75500083155930042]
  #908 objects/buildingsets/human/hightech/loc/stanton/orison/organics/rock/rock_sharp_a.cgf
    [1.44680160880378872, 1.91996554167558542, 0.00001818349572014, -147.31585540203377604]
    [-1.91996554166344624, 1.44680160889520160, -0.00001061801082243, 725.91416989627759904]
    [-0.00001942303164906, -0.00000813188243822, 2.40405960332644719, 148.74999736808240414]
  #909 objects/buildingsets/human/hightech/prop/light/lamp/lamp_planter_1_large_b.cgf
    [-0.90769817882471615, -0.31254498305934991, -0.00000054732099356, -145.58778352895751595]
    [0.31254498305855288, -0.90769817882442216, 0.00000115388283386, 724.64291741198394448]
    [-0.00000089316916344, 0.00000091282786425, 0.96000018243537055, 148.69998516142368317]
  #910 objects/buildingsets/human/hightech/prop/light/lamp/lamp_planter_1_large_b.cgf
    [-0.56731192017688381, -0.19533854370477388, -0.00000000332462293, -145.13388897711411119]
    [0.19533854370468604, -0.56731192017663801, 0.00000055954753211, 725.24851340474560857]
    [-0.00000018531217372, 0.00000052798095807, 0.59999996785930898, 148.69998460076749325]
  #911 objects/planets/flora/tree/apaaj_01/apaaj_01_leafpile_c.cgf
    [1.46270839233280059, 1.36399807846812315, 0.00000027762419701, -145.86629220424219966]
    [-1.36399807846788246, 1.46270839233222638, 0.00000155339931044, 720.15669281373266131]
    [0.00000085637450942, -0.00000132542344633, 2.00000164976510098, 148.75000403076410294]
  #912 objects/planets/flora/tree/apaaj_01/apaaj_01_leafpile_c.cgf
    [-1.48628760065464460, 1.33826308661295967, -0.00000028089274140, -146.86068154731765389]
    [-1.33826308661234905, -1.48628760065349064, 0.00000226776731339, 723.61518732563126832]
    [0.00000130869111947, 0.00000187323166578, 1.99999973021134281, 148.75000000000000000]
  #913 objects/buildingsets/human/hightech/prop/light/lamp/lamp_planter_1_d.cgf
    [0.89879451216367234, 0.43837052859349246, -0.00000016493241347, -149.65084025776013732]
    [-0.43837052859311121, 0.89879451216327932, 0.00000103332922512, 719.15877719712443650]
    [0.00000060122133793, -0.00000085644900101, 1.00000014771689094, 148.75000425428152084]
  #914 objects/planets/flora/grass/cypress_debris_01/cypress_debris_01.cgf
    [0.00000321910358402, -1.00000175018485460, 0.00000156215695069, 59.22434141812846065]
    [1.00000175018607163, 0.00000321910345856, -0.00000008032266596, 887.58586030360311270]
    [0.00000008031763722, 0.00000156215720925, 1.00000175019003290, 79.74741546437144279]
  #915 objects/planets/flora/tree/apaaj_01/apaaj_01_med_c.cgf
    [-0.99862959378404170, -0.05233457210145941, -0.00000021539586657, -147.94279251853004098]
    [0.05233457210121182, -0.99862959378354865, 0.00000102810490290, 722.81466076010838151]
    [-0.00000026890612053, 0.00000101542334474, 0.99999998650863320, 147.75000060722231865]
  #916 objects/planets/flora/tree/cypress_01/cypress_01_a_mega_wind.cgf
    [-0.70710798437807876, 0.70710622357024366, 0.00000040869400561, 59.80225704004988074]
    [-0.70710622357034469, -0.70710798437781608, -0.00000062909349241, 887.91691088932566345]
    [-0.00000015584505802, -0.00000073382677132, 1.00000045649119840, 79.74741547740995884]
  #917 objects/buildingsets/human/hightech/loc/stanton/orison/flag/flag_pole_a.cgf
    [0.00000262204729689, 1.00000225590868475, 0.00000070442197460, 72.87882462656125426]
    [-1.00000225590770353, 0.00000262204840145, -0.00000156801484528, 829.36579683760646731]
    [-0.00000156801669229, -0.00000070441786319, 1.00000225591089342, 81.39766932837665081]
  #918 objects/planets/flora/grass/cypress_debris_01/cypress_debris_01.cgf
    [-0.70710798437807876, 0.70710622357024366, 0.00000040869400561, 60.61010553361847997]
    [-0.70710622357034469, -0.70710798437781608, -0.00000062909349241, 888.22828522732015699]
    [-0.00000015584505802, -0.00000073382677132, 1.00000045649119840, 79.74741540476679802]
  #919 objects/buildingsets/human/hightech/loc/stanton/orison/organics/rock/rock_sharp_a.cgf
    [0.22395193515210018, -1.67549809159624630, 0.07277040242920928, -151.30703566456213593]
    [1.59349356039427636, 0.23547823830071096, 0.51775682317040350, 725.59768802428152412]
    [-0.52284573192706130, 0.00000385656498415, 1.60915387588059033, 148.36885678768157959]
  #920 objects/planets/flora/tree/apaaj_01/apaaj_01_leafpile_d.cgf
    [0.44990141120582061, -1.94874085578528700, -0.00000020580880626, -148.82318554492667317]
    [1.94874085578321088, 0.44990141120502702, 0.00000297462112707, 722.40723785944283009]
    [-0.00000285208523889, -0.00000086967689658, 2.00000055070065308, 148.75000087544322014]
  #921 objects/planets/flora/grass/cypress_debris_01/cypress_debris_01.cgf
    [0.00000321910358402, -1.00000175018485460, 0.00000156215695069, -170.77565883146598935]
    [1.00000175018607163, 0.00000321910345856, -0.00000008032266596, 692.58586046495474875]
    [0.00000008031763722, 0.00000156215720925, 1.00000175019003290, 148.74741625785827637]
  #922 objects/planets/flora/tree/cypress_01/cypress_01_a_mega_wind.cgf
    [-0.70710798437807876, 0.70710622357024366, 0.00000040869400561, -234.69774325331673026]
    [-0.70710622357034469, -0.70710798437781608, -0.00000062909349241, 675.41691100434400141]
    [-0.00000015584505802, -0.00000073382677132, 1.00000045649119840, 148.74741642177104950]
  #923 objects/planets/flora/grass/cypress_debris_01/cypress_debris_01.cgf
    [0.00000321910358402, -1.00000175018485460, 0.00000156215695069, -235.27565887430682778]
    [1.00000175018607163, 0.00000321910345856, -0.00000008032266596, 675.08586041838862002]
    [0.00000008031763722, 0.00000156215720925, 1.00000175019003290, 148.74741640686988831]
  #924 objects/planets/flora/tree/cypress_01/cypress_01_a_mega_wind.cgf
    [-0.70710798437807876, 0.70710622357024366, 0.00000040869400561, -170.19774321047589183]
    [-0.70710622357034469, -0.70710798437781608, -0.00000062909349241, 692.91691105044446886]
    [-0.00000015584505802, -0.00000073382677132, 1.00000045649119840, 148.74741627275943756]
  #925 objects/planets/flora/grass/cypress_debris_01/cypress_debris_01.cgf
    [-0.70710798437807876, 0.70710622357024366, 0.00000040869400561, -169.38989471597597003]
    [-0.70710622357034469, -0.70710798437781608, -0.00000062909349241, 693.22828538820613176]
    [-0.00000015584505802, -0.00000073382677132, 1.00000045649119840, 148.74741619825363159]
  #926 objects/planets/flora/grass/cypress_debris_01/cypress_debris_01.cgf
    [-0.70710798437807876, 0.70710622357024366, 0.00000040869400561, -233.88989475881680846]
    [-0.70710622357034469, -0.70710798437781608, -0.00000062909349241, 675.72828534210566431]
    [-0.00000015584505802, -0.00000073382677132, 1.00000045649119840, 148.74741634726524353]
  #927 objects/buildingsets/human/hightech/loc/stanton/orison/flag/flag_base_b.cgf
    [0.00000262204729689, 1.00000225590868475, 0.00000070442197460, 72.11852942733094096]
    [-1.00000225590770353, 0.00000262204840145, -0.00000156801484528, 829.36579497018828988]
    [-0.00000156801669229, -0.00000070441786319, 1.00000225591089342, 79.74999674595892429]
  #928 objects/planets/flora/tree/apaaj_01/apaaj_01_small_b.cgf
    [-0.99862959378404170, -0.05233457210145941, -0.00000021539586657, -19.94661887595430017]
    [0.05233457210121182, -0.99862959378354865, 0.00000102810490290, 787.35467785340733826]
    [-0.00000026890612053, 0.00000101542334474, 0.99999998650863320, 79.74743045493960381]
  #929 objects/buildingsets/human/hightech/prop/light/lamp/lamp_planter_1_large_b.cgf
    [-0.20837658706570647, 1.18177126440625924, -0.00000036921525023, -18.25099190929904580]
    [-1.18177126440629854, -0.20837658706562681, 0.00000027702479943, 796.01576510421000421]
    [0.00000020870314599, 0.00000041171062332, 1.20000171808770539, 79.69740732572972775]
  #930 objects/planets/flora/tree/apaaj_01/apaaj_01_leafpile_c.cgf
    [-1.99725918756808318, -0.10466914420291881, -0.00000043079173314, -19.17081883223727345]
    [0.10466914420242363, -1.99725918756709708, 0.00000205620980580, 785.89254667318891734]
    [-0.00000053781224107, 0.00000203084668948, 1.99999997301726617, 79.74743224121630192]
  #931 objects/buildingsets/human/hightech/loc/stanton/orison/organics/rock/rock_sharp_a.cgf
    [0.08883815703273393, 2.54413358092568620, -0.00005201698370986, -28.23500707326456904]
    [-2.54413358113317267, 0.08883815783386735, 0.00003882880324607, 797.41959771607071161]
    [0.00004062041805209, 0.00005063026953381, 2.54568417016546933, 78.97598646767437458]
  #932 objects/buildingsets/human/hightech/prop/light/lamp/lamp_planter_1_d.cgf
    [0.61566438085154251, 0.78800858427293718, -0.00000019827581288, -24.78439872199669480]
    [-0.78800858427242160, 0.61566438085139552, 0.00000101626671737, 782.39212327147834003]
    [0.00000092289817953, -0.00000046943613947, 1.00000007936805657, 79.75570779666304588]
  #933 objects/buildingsets/human/hightech/prop/light/lamp/lamp_planter_1_d.cgf
    [-0.99863014733927713, -0.05233240824886892, -0.00000102614838188, -20.89279122604057193]
    [0.05233240824766588, -0.99863014733918642, 0.00000116615644456, 807.81966749671846628]
    [-0.00000108577002232, 0.00000111085769271, 1.00000042606322581, 79.78071174398064613]
  #934 objects/buildingsets/human/hightech/prop/light/lamp/lamp_planter_1_large_b.cgf
    [-0.10418675650721207, 0.59088560434268456, -0.00000016831066645, -29.47296890662983060]
    [-0.59088560434264437, -0.10418675650711674, 0.00000030952744982, 794.14212768827565014]
    [0.00000027559902698, 0.00000021950147826, 0.60000056470874841, 79.71259780041873455]
  #935 objects/buildingsets/human/hightech/prop/light/lamp/lamp_planter_1_large_b.cgf
    [-0.13891567189294143, 0.78784745289050995, -0.00000022441421642, -17.22422889666631818]
    [-0.78784745289045632, -0.13891567189281434, 0.00000041270325604, 796.81409696571063250]
    [0.00000036746536004, 0.00000029266863044, 0.80000073307676511, 79.69740668311715126]
  #936 objects/buildingsets/human/hightech/prop/light/lamp/lamp_planter_1_large_b.cgf
    [-0.16670334435079684, 0.94541534560883589, -0.00000022230430489, -28.80382250016555190]
    [-0.94541534560844287, -0.16670334435050566, 0.00000094335546932, 793.78855576273053885]
    [0.00000089042060641, 0.00000038273997589, 0.96000009412995668, 79.69740734249353409]
  #937 objects/planets/flora/tree/cypress_01/cypress_01_a_subtle_wind.cgf
    [-0.70710798437807876, 0.70710622357024366, 0.00000040869400561, 25.80225689942017198]
    [-0.70710622357034469, -0.70710798437781608, -0.00000062909349241, 830.41691095614805818]
    [-0.00000015584505802, -0.00000073382677132, 1.00000045649119840, 79.74741664156317711]
  #938 objects/planets/flora/grass/cypress_debris_01/cypress_debris_01.cgf
    [-0.70710798437807876, 0.70710622357024366, 0.00000040869400561, 25.19804991362616420]
    [-0.70710622357034469, -0.70710798437781608, -0.00000062909349241, 829.73941537959035486]
    [-0.00000015584505802, -0.00000073382677132, 1.00000045649119840, 79.74741642177104950]
  #939 objects/planets/flora/tree/apaaj_01/apaaj_01_leafpile_c.cgf
    [-1.99725918756808318, -0.10466914420291881, -0.00000043079173314, -21.17760395864024758]
    [0.10466914420242363, -1.99725918756709708, 0.00000205620980580, 802.85110825300216675]
    [-0.00000053781224107, 0.00000203084668948, 1.99999997301726617, 79.74741313979029655]
  #940 objects/planets/flora/tree/apaaj_01/apaaj_01_leafpile_c.cgf
    [-1.99725918756808318, -0.10466914420291881, -0.00000043079173314, -21.24959076615050435]
    [0.10466914420242363, -1.99725918756709708, 0.00000205620980580, 787.20174125337507576]
    [-0.00000053781224107, 0.00000203084668948, 1.99999997301726617, 79.74743032269179821]
  #941 objects/buildingsets/human/hightech/loc/stanton/orison/organics/rock/rock_sharp_a.cgf
    [-3.75275983833195070, 2.93198560467308988, -0.00001155967994327, -25.64056707406416535]
    [-2.93198560469534586, -3.75275983831340554, 0.00001192921382532, 792.70060692017432302]
    [-0.00000176477208169, 0.00001651720080343, 4.76232569130516126, 79.74742326885461807]
  #942 objects/planets/flora/tree/apaaj_01/apaaj_01_large_c.cgf
    [-0.12186959003093657, -0.99254614544289166, -0.00000023467153001, -21.28718405077233911]
    [0.99254614544228414, -0.12186959003112265, 0.00000110267839326, 798.27268449496477842]
    [-0.00000112305848520, -0.00000009853935648, 1.00000002390331710, 78.74741812422871590]
  #943 objects/planets/flora/tree/apaaj_01/apaaj_01_leafpile_c.cgf
    [-1.99725918756808318, -0.10466914420291881, -0.00000043079173314, -24.62010685680434108]
    [0.10466914420242363, -1.99725918756709708, 0.00000205620980580, 804.46496344148181379]
    [-0.00000053781224107, 0.00000203084668948, 1.99999997301726617, 79.74741057492792606]
  #944 objects/planets/flora/grass/cypress_debris_01/cypress_debris_01.cgf
    [-0.70710798437807876, 0.70710622357024366, 0.00000040869400561, 26.34185828035697341]
    [-0.70710622357034469, -0.70710798437781608, -0.00000062909349241, 830.46003887557890266]
    [-0.00000015584505802, -0.00000073382677132, 1.00000045649119840, 79.74741649068892002]
  #945 objects/buildingsets/human/hightech/loc/stanton/orison/organics/rock/rock_sharp_a.cgf
    [2.03973128789056179, -1.03929348573677127, 0.00000772014425967, -22.17545021371915936]
    [1.03929348574889269, 2.03973128789777469, -0.00000223159517090, 789.09603057650383562]
    [-0.00000586557913655, 0.00000549323454713, 2.28924325406663565, 79.34302401915192604]
  #946 objects/planets/flora/tree/cypress_01/cypress_01_a_mega_wind.cgf
    [-0.70710798437807876, 0.70710622357024366, 0.00000040869400561, -234.69774262653663754]
    [-0.70710622357034469, -0.70710798437781608, -0.00000062909349241, 757.91691120027098805]
    [-0.00000015584505802, -0.00000073382677132, 1.00000045649119840, 148.74741601012647152]
  #947 objects/planets/flora/grass/cypress_debris_01/cypress_debris_01.cgf
    [0.00000321910358402, -1.00000175018485460, 0.00000156215695069, -235.27565824752673507]
    [1.00000175018607163, 0.00000321910345856, -0.00000008032266596, 757.58586061454843730]
    [0.00000008031763722, 0.00000156215720925, 1.00000175019003290, 148.74741599708795547]
  #948 objects/planets/flora/tree/apaaj_01/apaaj_01_leafpile_c.cgf
    [-1.33826223894260576, -1.48628890379125966, -0.00000071257600360, -25.13026185007765889]
    [1.48628890378966272, -1.33826223894233931, 0.00000244312041751, 801.00020506896544248]
    [-0.00000229239801194, 0.00000110522092371, 2.00000013142667976, 79.74741426482796669]
  #949 objects/planets/flora/tree/cypress_01/cypress_01_a_subtle_wind.cgf
    [-0.70710798437807876, 0.70710622357024366, 0.00000040869400561, -57.69774257997050881]
    [-0.70710622357034469, -0.70710798437781608, -0.00000062909349241, 696.91691126779187471]
    [-0.00000015584505802, -0.00000073382677132, 1.00000045649119840, 79.74741608463227749]
  #950 objects/planets/flora/grass/cypress_debris_01/cypress_debris_01.cgf
    [0.00000321910358402, -1.00000175018485460, 0.00000156215695069, -161.77565878117457032]
    [1.00000175018607163, 0.00000321910345856, -0.00000008032266596, 663.08585983712691814]
    [0.00000008031763722, 0.00000156215720925, 1.00000175019003290, 148.74741622805595398]
  #951 objects/planets/flora/grass/cypress_debris_01/cypress_debris_01.cgf
    [-0.70710798437807876, 0.70710622357024366, 0.00000040869400561, -58.30194956576451659]
    [-0.70710622357034469, -0.70710798437781608, -0.00000062909349241, 696.23941569123417139]
    [-0.00000015584505802, -0.00000073382677132, 1.00000045649119840, 79.74741586484014988]
  #952 objects/planets/flora/tree/cypress_01/cypress_01_a_subtle_wind.cgf
    [-0.70710798437807876, 0.70710622357024366, 0.00000040869400561, -69.69774333899840713]
    [-0.70710622357034469, -0.70710798437781608, -0.00000062909349241, 760.41691162728238851]
    [-0.00000015584505802, -0.00000073382677132, 1.00000045649119840, 79.74741601012647152]
  #953 objects/planets/flora/grass/cypress_debris_01/cypress_debris_01.cgf
    [-0.70710798437807876, 0.70710622357024366, 0.00000040869400561, -57.15814119996502995]
    [-0.70710622357034469, -0.70710798437781608, -0.00000062909349241, 696.96003918629139662]
    [-0.00000015584505802, -0.00000073382677132, 1.00000045649119840, 79.74741593375802040]
  #954 objects/planets/flora/tree/cypress_01/cypress_01_a_mega_wind.cgf
    [-0.70710798437807876, 0.70710622357024366, 0.00000040869400561, -161.19774315925315022]
    [-0.70710622357034469, -0.70710798437781608, -0.00000062909349241, 663.41691042261663824]
    [-0.00000015584505802, -0.00000073382677132, 1.00000045649119840, 148.74741624109447002]
  #955 objects/planets/flora/grass/cypress_debris_01/cypress_debris_01.cgf
    [-0.70710798437807876, 0.70710622357024366, 0.00000040869400561, -70.30195032479241490]
    [-0.70710622357034469, -0.70710798437781608, -0.00000062909349241, 759.73941605095751584]
    [-0.00000015584505802, -0.00000073382677132, 1.00000045649119840, 79.74741578847169876]
  #956 objects/planets/flora/grass/cypress_debris_01/cypress_debris_01.cgf
    [-0.70710798437807876, 0.70710622357024366, 0.00000040869400561, -160.38989466661587358]
    [-0.70710622357034469, -0.70710798437781608, -0.00000062909349241, 663.72828476084396243]
    [-0.00000015584505802, -0.00000073382677132, 1.00000045649119840, 148.74741616845130920]
  #957 objects/planets/flora/grass/cypress_debris_01/cypress_debris_01.cgf
    [-0.70710798437807876, 0.70710622357024366, 0.00000040869400561, -233.88989413296803832]
    [-0.70710622357034469, -0.70710798437781608, -0.00000062909349241, 758.22828553826548159]
    [-0.00000015584505802, -0.00000073382677132, 1.00000045649119840, 148.74741593748331070]
  #958 objects/buildingsets/human/hightech/loc/stanton/orison/flag/flag_pole_a.cgf
    [-0.00000384450135201, -1.00000137291169033, -0.00000009605513777, -244.10305129038169980]
    [1.00000137291097047, -0.00000384450123632, -0.00000120380384577, 763.26822540105786175]
    [0.00000120380347648, -0.00000009605976579, 1.00000137291835611, 150.31479817442595959]
  #959 objects/buildingsets/human/hightech/loc/stanton/orison/flag/flag_base_b.cgf
    [-0.00000384450135201, -1.00000137291169033, -0.00000009605513777, -243.34275469044223428]
    [1.00000137291097047, -0.00000384450123632, -0.00000120380384577, 763.26822927361354232]
    [0.00000120380347648, -0.00000009605976579, 1.00000137291835611, 148.66712685301899910]
  #960 objects/buildingsets/human/hightech/prop/structure/structure_post_2_a.cgf
    [-0.00000954795253407, -2.49998984550594727, 4.33012970512210327, -139.36322480486705899]
    [-4.99999724908059129, 0.00000438417868606, -0.00000849381813334, 680.58725523797329515]
    [0.00000045007959188, -4.33012970513041040, -2.49998984550975090, 114.48224231973290443]
  #961 objects/planets/flora/grass/cypress_debris_01/cypress_debris_01.cgf
    [-0.70710798437807876, 0.70710622357024366, 0.00000040869400561, -69.15814195806160569]
    [-0.70710622357034469, -0.70710798437781608, -0.00000062909349241, 760.46003954554907978]
    [-0.00000015584505802, -0.00000073382677132, 1.00000045649119840, 79.74741585925221443]
  #962 objects/planets/flora/tree/cypress_01/cypress_01_a_subtle_wind.cgf
    [-0.70710798437807876, 0.70710622357024366, 0.00000040869400561, -2.19774331664666533]
    [-0.70710622357034469, -0.70710798437781608, -0.00000062909349241, 829.41691113472916186]
    [-0.00000015584505802, -0.00000073382677132, 1.00000045649119840, 79.74741630069911480]
  #963 objects/buildingsets/human/hightech/prop/light/light_attachment_5_a.cgf
    [-0.00000374425740473, 2.49999258770321475, 4.33013378546596694, -129.73800484975799918]
    [5.00000215385999525, 0.00000144183779492, 0.00000349104947983, 680.58724575606174767]
    [0.00000049684924178, 4.33013378546734629, -2.49999258770358024, 108.90357122197747231]
  #964 objects/planets/flora/grass/cypress_debris_01/cypress_debris_01.cgf
    [-0.70710798437807876, 0.70710622357024366, 0.00000040869400561, -2.80195030057802796]
    [-0.70710622357034469, -0.70710798437781608, -0.00000062909349241, 828.73941555817145854]
    [-0.00000015584505802, -0.00000073382677132, 1.00000045649119840, 79.74741608090698719]
  #965 objects/buildingsets/human/hightech/prop/structure/structure_post_2_a.cgf
    [-0.00000954795253407, -2.49998984550594727, 4.33012970512210327, -139.36320960288867354]
    [-4.99999724908059129, 0.00000438417868606, -0.00000849381813334, 744.58722934790421277]
    [0.00000045007959188, -4.33012970513041040, -2.49998984550975090, 114.48224881291389465]
  #966 objects/planets/flora/grass/cypress_debris_01/cypress_debris_01.cgf
    [-0.70710798437807876, 0.70710622357024366, 0.00000040869400561, -1.65814193570986390]
    [-0.70710622357034469, -0.70710798437781608, -0.00000062909349241, 829.46003905322868377]
    [-0.00000015584505802, -0.00000073382677132, 1.00000045649119840, 79.74741615168750286]
  #967 objects/buildingsets/human/hightech/prop/light/light_attachment_5_a.cgf
    [-0.00000374425740473, 2.49999258770321475, 4.33013378546596694, -129.73798964777961373]
    [5.00000215385999525, 0.00000144183779492, 0.00000349104947983, 744.58721986669115722]
    [0.00000049684924178, 4.33013378546734629, -2.49999258770358024, 108.90357771702110767]
  #968 objects/buildingsets/human/hightech/prop/light/light_street_3_a.cgf
    [-0.00000051972279730, 0.99999969954745982, 0.00000037046131720, -67.63120574271306396]
    [-0.99999969954734169, -0.00000051972302367, 0.00000061119766430, 730.30108114797621965]
    [0.00000061119785683, -0.00000037046099955, 0.99999969954740819, 79.85010883957147598]
  #969 objects/buildingsets/human/hightech/prop/light/lamp/lamp_planter_1_large_b.cgf
    [0.39073161273680773, -0.92050492297546205, 0.00000104331570800, -32.61484865425154567]
    [0.92050492297455189, 0.39073161273796658, 0.00000136333010193, 825.70950394752435386]
    [-0.00000166260807866, 0.00000042768096772, 1.00000025320602282, 79.73751625046133995]
  #970 objects/buildingsets/human/hightech/prop/light/light_street_3_a.cgf
    [-0.00000051972279730, 0.99999969954745982, 0.00000037046131720, -67.60304400091990829]
    [-0.99999969954734169, -0.00000051972302367, 0.00000061119766430, 698.82023192418273538]
    [0.00000061119785683, -0.00000037046099955, 0.99999969954740819, 79.85010859183967113]
  #971 objects/buildingsets/human/hightech/prop/structure/structure_post_2_a.cgf
    [-0.00000954795253407, -2.49998984550594727, 4.33012970512210327, -139.36324000498279929]
    [-4.99999724908059129, 0.00000438417868606, -0.00000849381813334, 616.58728112711105496]
    [0.00000045007959188, -4.33012970513041040, -2.49998984550975090, 114.48223582468926907]
  #972 objects/buildingsets/human/hightech/prop/light/light_street_3_a.cgf
    [-0.49999870892862808, -0.86602508976108872, 0.00000003321047529, -150.44933586334809661]
    [0.86602508976051673, -0.49999870892834120, -0.00000113083663980, 812.01534875319339335]
    [0.00000099593901102, -0.00000053665624744, 0.99999908251193814, 148.75490441918373108]
  #973 objects/buildingsets/human/hightech/prop/light/light_attachment_5_a.cgf
    [-0.00000374425740473, 2.49999258770321475, 4.33013378546596694, -129.73802004894241691]
    [5.00000215385999525, 0.00000144183779492, 0.00000349104947983, 616.58727164473384619]
    [0.00000049684924178, 4.33013378546734629, -2.49999258770358024, 108.90356472693383694]
  #974 objects/buildingsets/human/hightech/prop/light/light_street_3_a.cgf
    [-0.00000051972279730, 0.99999969954745982, 0.00000037046131720, -241.88273268425837159]
    [-0.99999969954734169, -0.00000051972302367, 0.00000061119766430, 748.37543446291238070]
    [0.00000061119785683, -0.00000037046099955, 0.99999969954740819, 148.75490397028625011]
  #975 objects/buildingsets/human/hightech/prop/structure/structure_post_2_a.cgf
    [-0.00000324680806283, 2.49999297799489018, -4.33012600800785918, -232.34330584248527884]
    [4.99999561352298283, 0.00000086233838024, -0.00000325121859145, 689.86218844784889370]
    [-0.00000087879873165, -4.33012600800899072, -2.49999297799488396, 109.28105159662663937]
  #976 objects/buildingsets/human/hightech/prop/light/light_street_3_a.cgf
    [0.00000024430014125, -0.99999990601272193, 0.00000037046128440, -133.89567622309550643]
    [0.99999990601275945, 0.00000024430023351, 0.00000024907082518, 622.85123928624670953]
    [-0.00000024907091568, 0.00000037046122355, 0.99999990601272104, 148.75490385666489601]
  #977 objects/buildingsets/human/hightech/prop/light/light_street_3_a.cgf
    [0.00000024430014125, -0.99999990601272193, 0.00000037046128440, 66.45184756489470601]
    [0.99999990601275945, 0.00000024430023351, 0.00000024907082518, 889.35767313465476036]
    [-0.00000024907091568, 0.00000037046122355, 0.99999990601272104, 79.85010871291160583]
  #978 objects/buildingsets/human/hightech/prop/light/light_street_3_a.cgf
    [0.00000024430014125, -0.99999990601272193, 0.00000037046128440, -134.09688812540844083]
    [0.99999990601275945, 0.00000024430023351, 0.00000024907082518, 698.04825357638765126]
    [-0.00000024907091568, 0.00000037046122355, 0.99999990601272104, 148.75490439683198929]
  #979 objects/buildingsets/human/hightech/prop/light/light_street_3_a.cgf
    [0.00000024430014125, -0.99999990601272193, 0.00000037046128440, -133.89568756474182010]
    [0.99999990601275945, 0.00000024430023351, 0.00000024907082518, 720.25620568112935871]
    [-0.00000024907091568, 0.00000037046122355, 0.99999990601272104, 148.75490418635308743]
  #980 objects/buildingsets/human/hightech/prop/light/light_attachment_5_a.cgf
    [0.00000648852720503, -2.49999455717456476, -4.33012939886000314, -241.96851728530600667]
    [-4.99999933967647525, -0.00000065391490760, -0.00000711476382912, 689.86219292390160263]
    [0.00000299106733071, 4.33012939886481529, -2.49999455717285946, 103.70237200707197189]
  #981 objects/buildingsets/human/hightech/prop/light/light_street_3_a.cgf
    [0.00000024430014125, -0.99999990601272193, 0.00000037046128440, -133.89567559910938144]
    [0.99999990601275945, 0.00000024430023351, 0.00000024907082518, 746.12447523616719991]
    [-0.00000024907091568, 0.00000037046122355, 0.99999990601272104, 148.75490397959947586]
  #982 objects/buildingsets/human/hightech/prop/light/light_street_3_a.cgf
    [-0.77714441442253002, -0.62932052108827985, 0.00000015866790597, 3.05907717859372497]
    [0.62932052108817260, -0.77714441442218796, 0.00000083166804761, 760.88060287886764854]
    [-0.00000040007834049, 0.00000074617998316, 0.99999887956450739, 79.85010917484760284]
  #983 objects/buildingsets/human/hightech/prop/light/lamp/lamp_planter_1_large_b.cgf
    [0.78146322547361535, -1.84100984595092365, 0.00000208663141600, -31.10460667544975877]
    [1.84100984594910333, 0.78146322547593305, 0.00000272666020386, 825.65980521950405091]
    [-0.00000332521615733, 0.00000085536193544, 2.00000050641204519, 79.73751209676265717]
  #984 objects/buildingsets/human/hightech/prop/light/light_street_3_a.cgf
    [-0.94551831448616452, 0.32556791876944569, 0.00000013869925334, 54.89930888870730996]
    [-0.32556791876935021, -0.94551831448608892, 0.00000047358570606, 847.29792168096173555]
    [0.00000028532708926, 0.00000040262806161, 0.99999967638014886, 79.85010902956128120]
  #985 objects/buildingsets/human/hightech/prop/light/light_street_3_a.cgf
    [-0.00000051972279730, 0.99999969954745982, 0.00000037046131720, -241.88274797005578876]
    [-0.99999969954734169, -0.00000051972302367, 0.00000061119766430, 695.74741683364845812]
    [0.00000061119785683, -0.00000037046099955, 0.99999969954740819, 148.75490395352244377]
  #986 objects/buildingsets/human/hightech/prop/light/lamp/lamp_planter_1_large_b.cgf
    [0.39073161273680773, -0.92050492297546205, 0.00000104331570800, -16.76673427922651172]
    [0.92050492297455189, 0.39073161273796658, 0.00000136333010193, 813.44533610297366977]
    [-0.00000166260807866, 0.00000042768096772, 1.00000025320602282, 79.73751632496714592]
  #987 objects/buildingsets/human/hightech/prop/light/light_street_3_a.cgf
    [0.00000024430014125, -0.99999990601272193, 0.00000037046128440, 66.45183832244947553]
    [0.99999990601275945, 0.00000024430023351, 0.00000024907082518, 868.87622347264550626]
    [-0.00000024907091568, 0.00000037046122355, 0.99999990601272104, 79.85010849684476852]
  #988 objects/buildingsets/human/hightech/prop/light/light_street_3_a.cgf
    [0.00000024430014125, -0.99999990601272193, 0.00000037046128440, -133.93574681272730231]
    [0.99999990601275945, 0.00000024430023351, 0.00000024907082518, 675.07801993330940604]
    [-0.00000024907091568, 0.00000037046122355, 0.99999990601272104, 148.75490359775722027]
  #989 objects/buildingsets/human/hightech/prop/light/light_street_3_a.cgf
    [0.00000024430014125, -0.99999990601272193, 0.00000037046128440, -133.89566309517249465]
    [0.99999990601275945, 0.00000024430023351, 0.00000024907082518, 772.88421923725400120]
    [-0.00000024907091568, 0.00000037046122355, 0.99999990601272104, 148.75490394607186317]
  #990 objects/buildingsets/human/hightech/prop/light/lamp/lamp_planter_1_large_b.cgf
    [0.78146322547361535, -1.84100984595092365, 0.00000208663141600, -17.18063899362459779]
    [1.84100984594910333, 0.78146322547593305, 0.00000272666020386, 812.08451084548141807]
    [-0.00000332521615733, 0.00000085536193544, 2.00000050641204519, 79.73751625418663025]
  #991 objects/buildingsets/human/hightech/prop/light/light_street_3_a.cgf
    [-0.00000051972279730, 0.99999969954745982, 0.00000037046131720, -67.62879922660067677]
    [-0.99999969954734169, -0.00000051972302367, 0.00000061119766430, 757.60807456471957266]
    [0.00000061119785683, -0.00000037046099955, 0.99999969954740819, 79.85010937415063381]
  #992 objects/buildingsets/human/hightech/prop/light/light_street_3_a.cgf
    [-0.93969257623847480, 0.34201935025699415, -0.00000000392396449, 18.50126020750030875]
    [-0.34201935025683272, -0.93969257623802005, 0.00000098238824698, 834.41922679729759693]
    [0.00000033230857368, 0.00000092448530391, 0.99999968689342800, 79.85010865516960621]
  #993 objects/buildingsets/human/hightech/prop/light/light_street_3_a.cgf
    [0.00000024430014125, -0.99999990601272193, 0.00000037046128440, -133.89568818593397737]
    [0.99999990601275945, 0.00000024430023351, 0.00000024907082518, 596.98296973144169897]
    [-0.00000024907091568, 0.00000037046122355, 0.99999990601272104, 148.75490406341850758]
  #994 objects/buildingsets/human/hightech/prop/light/light_street_3_a.cgf
    [0.00000024430014125, -0.99999990601272193, 0.00000037046128440, -133.89566330192610621]
    [0.99999990601275945, 0.00000024430023351, 0.00000024907082518, 649.61098270805086941]
    [-0.00000024907091568, 0.00000037046122355, 0.99999990601272104, 148.75490452535450459]
  #995 objects/buildingsets/human/hightech/prop/light/light_street_3_a.cgf
    [0.96125987500617460, -0.27563710642813938, 0.00000041973728017, -1.42453108681365848]
    [0.27563710642789091, 0.96125987500617061, 0.00000056638344672, 827.22831525013316423]
    [-0.00000055959391784, -0.00000042874729179, 0.99999818086666692, 79.85010883957147598]
  #996 objects/buildingsets/human/hightech/prop/light/light_street_3_a.cgf
    [-0.49999870892862808, -0.86602508976108872, 0.00000003321047529, -138.25666103465482593]
    [0.86602508976051673, -0.49999870892834120, -0.00000113083663980, 790.91912436590064317]
    [0.00000099593901102, -0.00000053665624744, 0.99999908251193814, 148.75490441732108593]
  #997 objects/buildingsets/human/hightech/prop/light/light_street_3_a.cgf
    [0.00000024430014125, -0.99999990601272193, 0.00000037046128440, 66.45184715604409575]
    [0.99999990601275945, 0.00000024430023351, 0.00000024907082518, 827.26646113349124789]
    [-0.00000024907091568, 0.00000037046122355, 0.99999990601272104, 79.85010843724012375]
  #998 objects/buildingsets/human/hightech/prop/light/light_street_3_a.cgf
    [-0.94551831448616452, 0.32556791876944569, 0.00000013869925334, 37.21092657232657075]
    [-0.32556791876935021, -0.94551831448608892, 0.00000047358570606, 841.20733778388239443]
    [0.00000028532708926, 0.00000040262806161, 0.99999967638014886, 79.85010910406708717]
  #999 objects/buildingsets/human/hightech/prop/light/light_street_3_a.cgf
    [0.00000024430014125, -0.99999990601272193, 0.00000037046128440, -134.09688837965950370]
    [0.99999990601275945, 0.00000024430023351, 0.00000024907082518, 572.27642416779417545]
    [-0.00000024907091568, 0.00000037046122355, 0.99999990601272104, 148.75490376912057400]
  #1000 objects/buildingsets/human/hightech/prop/light/light_street_3_a.cgf
    [0.00000024430014125, -0.99999990601272193, 0.00000037046128440, 66.45183305488899350]
    [0.99999990601275945, 0.00000024430023351, 0.00000024907082518, 848.74036135850474238]
    [-0.00000024907091568, 0.00000037046122355, 0.99999990601272104, 79.85010926611721516]
  #1001 objects/buildingsets/human/hightech/prop/light/light_street_3_a.cgf
    [-0.00000051972279730, 0.99999969954745982, 0.00000037046131720, -241.84266075072810054]
    [-0.99999969954734169, -0.00000051972302367, 0.00000061119766430, 670.28037724818568677]
    [0.00000061119785683, -0.00000037046099955, 0.99999969954740819, 148.75490358471870422]
  #1002 objects/buildingsets/human/hightech/prop/light/light_street_3_a.cgf
    [-0.00000051972279730, 0.99999969954745982, 0.00000037046131720, -241.88274000538513064]
    [-0.99999969954734169, -0.00000051972302367, 0.00000061119766430, 722.50716435082722455]
    [0.00000061119785683, -0.00000037046099955, 0.99999969954740819, 148.75490381196141243]
  #1003 objects/planets/flora/grass/cypress_debris_01/cypress_debris_01.cgf
    [-0.70710798437807876, 0.70710622357024366, 0.00000040869400561, -117.18477287562564015]
    [-0.70710622357034469, -0.70710798437781608, -0.00000062909349241, -103.16231183568015695]
    [-0.00000015584505802, -0.00000073382677132, 1.00000045649119840, 81.53776842728257179]
  #1004 objects/buildingsets/citysets/hightech/addon/large/ht_lrg_addon_banner_001_a.cgf
    [-0.99999988499439008, -0.00000017279518136, 0.00000020466053574, -171.59840898634865880]
    [0.00000017279517741, -0.99999988499441084, -0.00000001931332130, 23.64917911426164210]
    [0.00000020466053907, -0.00000001931328594, 0.99999988499440506, 148.86554378643631935]
  #1005 objects/planets/flora/flower/daisy_01/daisy_01_a.cgf
    [0.00000016778239824, 1.00000032975481123, 0.00000000781488671, 69.41362369852140546]
    [-1.00000032975479636, 0.00000016778239968, -0.00000017285227624, 50.52537914225831628]
    [-0.00000017285227755, -0.00000000781485771, 1.00000032975481035, 80.54249345883727074]
  #1006 objects/planets/flora/grass/cypress_debris_01/cypress_debris_01.cgf
    [0.00000321910358402, -1.00000175018485460, 0.00000156215695069, -268.77565854927524924]
    [1.00000175018607163, 0.00000321910345856, -0.00000008032266596, 70.58585991989821196]
    [0.00000008031763722, 0.00000156215720925, 1.00000175019003290, 148.74741624295711517]
  #1007 objects/planets/flora/grass/cypress_debris_01/cypress_debris_01.cgf
    [-0.70710798437807876, 0.70710622357024366, 0.00000040869400561, -121.88989459490403533]
    [-0.70710622357034469, -0.70710798437781608, -0.00000062909349241, 103.72828482463955879]
    [-0.00000015584505802, -0.00000073382677132, 1.00000045649119840, 148.74741579592227936]
  #1008 objects/planets/flora/flower/daisy_01/daisy_01_a.cgf
    [0.29237299430835029, -0.95630459163254622, 0.00000035625728840, -4.41991119971498847]
    [0.95630459163255110, 0.29237299430844466, 0.00000024951118385, 45.02868812764063478]
    [-0.00000034276862556, 0.00000026774008990, 1.00000021988910559, 80.54249414056539536]
  #1009 objects/planets/flora/tree/cypress_01/cypress_01_a_subtle_wind.cgf
    [-0.70710798437807876, 0.70710622357024366, 0.00000040869400561, -51.19774304190650582]
    [-0.70710622357034469, -0.70710798437781608, -0.00000062909349241, 3.91691078559961170]
    [-0.00000015584505802, -0.00000073382677132, 1.00000045649119840, 79.74741591140627861]
  #1010 objects/planets/flora/tree/apaaj_01/apaaj_01_small_d.cgf
    [-0.64278675112920369, 0.76604585731308417, -0.00000009898991385, -74.01694569783285260]
    [-0.76604585731277708, -0.64278675112905226, -0.00000082157135060, 76.86450273927766830]
    [-0.00000069299036643, -0.00000045226412549, 1.00000053146640910, 147.75500125996768475]
  #1011 objects/planets/flora/tree/apaaj_01/apaaj_01_small_d.cgf
    [0.46946956637808601, 0.88294854338473716, 0.00000021784089130, -2.07513510854914784]
    [-0.88294854338475515, 0.46946956637810189, -0.00000002548635298, 44.11193644732702523]
    [-0.00000012477281925, -0.00000018037724825, 0.99999990201022360, 80.59553458541631699]
  #1012 objects/planets/flora/grass/cypress_debris_01/cypress_debris_01.cgf
    [-0.70710798437807876, 0.70710622357024366, 0.00000040869400561, -54.88989460235461593]
    [-0.70710622357034469, -0.70710798437781608, -0.00000062909349241, 361.72828536492306739]
    [-0.00000015584505802, -0.00000073382677132, 1.00000045649119840, 79.74741614423692226]
  #1013 objects/buildingsets/human/hightech/loc/stanton/orison/planter/planter_06x06x02_cap_001_a.cgf
    [0.46946956637808601, 0.88294854338473716, 0.00000021784089130, -4.44527273485437036]
    [-0.88294854338475515, 0.46946956637810189, -0.00000002548635298, 47.01970398554112762]
    [-0.00000012477281925, -0.00000018037724825, 0.99999990201022360, 78.75000122003257275]
  #1014 objects/planets/flora/tree/cypress_01/cypress_01_a_subtle_wind.cgf
    [-0.70710798437807876, 0.70710622357024366, 0.00000040869400561, -50.19774356344714761]
    [-0.70710622357034469, -0.70710798437781608, -0.00000062909349241, 258.91691092646215111]
    [-0.00000015584505802, -0.00000073382677132, 1.00000045649119840, 79.74741607904434204]
  #1015 objects/planets/flora/grass/cypress_debris_01/cypress_debris_01.cgf
    [-0.70710798437807876, 0.70710622357024366, 0.00000040869400561, -101.38989427825435996]
    [-0.70710622357034469, -0.70710798437781608, -0.00000062909349241, 26.22828510857652873]
    [-0.00000015584505802, -0.00000073382677132, 1.00000045649119840, 148.74741577357053757]
  #1016 objects/planets/flora/tree/cypress_01/cypress_01_a_mega_wind.cgf
    [-0.70710798437807876, 0.70710622357024366, 0.00000040869400561, -268.19774292735382915]
    [-0.70710622357034469, -0.70710798437781608, -0.00000062909349241, 70.91691050608642399]
    [-0.00000015584505802, -0.00000073382677132, 1.00000045649119840, 148.74741625785827637]
  #1017 objects/buildingsets/human/hightech/prop/light/lamp/lamp_planter_1_d.cgf
    [0.92718457729836168, -0.37460619990206018, 0.00000052862451580, -71.90771970944479108]
    [0.37460619990225580, 0.92718457729837267, -0.00000033534148175, 74.66324389900546521]
    [-0.00000036451130955, 0.00000050894920502, 1.00000052269230899, 148.74005062133073807]
  #1018 objects/planets/flora/grass/cypress_debris_01/cypress_debris_01.cgf
    [-0.70710798437807876, 0.70710622357024366, 0.00000040869400561, -97.06541320076212287]
    [-0.70710622357034469, -0.70710798437781608, -0.00000062909349241, -47.24930290214251727]
    [-0.00000015584505802, -0.00000073382677132, 1.00000045649119840, 81.53776903450489044]
  #1019 objects/planets/flora/grass/cypress_debris_01/cypress_debris_01.cgf
    [-0.70710798437807876, 0.70710622357024366, 0.00000040869400561, -51.80195002676919103]
    [-0.70710622357034469, -0.70710798437781608, -0.00000062909349241, 3.23941520880907774]
    [-0.00000015584505802, -0.00000073382677132, 1.00000045649119840, 79.74741569161415100]
  #1020 objects/buildingsets/human/hightech/loc/stanton/orison/planter/planter_04x04x02_cap_001_a.cgf
    [-0.99999988499439008, -0.00000017279518136, 0.00000020466053574, 71.00000093644484878]
    [0.00000017279517741, -0.99999988499441084, -0.00000001931332130, 49.25000036810524762]
    [0.00000020466053907, -0.00000001931328594, 0.99999988499440506, 78.75000023096799850]
  #1021 objects/planets/flora/grass/cypress_debris_01/cypress_debris_01.cgf
    [-0.70710798437807876, 0.70710622357024366, 0.00000040869400561, 3.11010554200038314]
    [-0.70710622357034469, -0.70710798437781608, -0.00000062909349241, 82.22828520915936679]
    [-0.00000015584505802, -0.00000073382677132, 1.00000045649119840, 148.74741560965776443]
  #1022 objects/buildingsets/human/brand/decal/logo/secondary_logo_txt_lrg.cgf
    [0.00000126205944362, -0.00000280428625662, -2.12821284768969798, -171.37791095720604062]
    [-0.00000134293155680, 2.12821284768964825, -0.00000280428705300, 20.84111655934248120]
    [2.12821284769112173, 0.00000134293321978, 0.00000126205767406, 160.18680187314748764]
  #1023 objects/buildingsets/human/hightech/loc/stanton/orison/planter/planter_08x06x02_straight_001_a.cgf
    [-0.99999988499439008, -0.00000017279518136, 0.00000020466053574, 91.00000172248110175]
    [0.00000017279517741, -0.99999988499441084, -0.00000001931332130, 309.24999763863161206]
    [0.00000020466053907, -0.00000001931328594, 0.99999988499440506, 78.75000048242509365]
  #1024 objects/planets/flora/flower/daisy_01/daisy_01_a.cgf
    [0.95630425506524808, 0.29237509749631191, 0.00000051648041638, -1.50919577060267329]
    [-0.29237509749630491, 0.95630425506538541, -0.00000009069128056, 46.36505861149635166]
    [-0.00000052042802488, -0.00000006427752163, 1.00000051294580272, 80.54249349609017372]
  #1025 objects/planets/flora/grass/cypress_debris_01/cypress_debris_01.cgf
    [0.00000321910358402, -1.00000175018485460, 0.00000156215695069, -132.10966670745983720]
    [1.00000175018607163, 0.00000321910345856, -0.00000008032266596, 293.23815742647275329]
    [0.00000008031763722, 0.00000156215720925, 1.00000175019003290, 148.74741537496447563]
  #1026 objects/planets/flora/grass/rosemary_01/rosemary_01_dense_b.cgf
    [0.00000016778239824, 1.00000032975481123, 0.00000000781488671, 88.65044840564951301]
    [-1.00000032975479636, 0.00000016778239968, -0.00000017285227624, 292.27887138421647251]
    [-0.00000017285227755, -0.00000000781485771, 1.00000032975481035, 80.80488919839262962]
  #1027 objects/planets/flora/tree/cypress_01/cypress_01_a_mega_wind.cgf
    [-0.70710798437807876, 0.70710622357024366, 0.00000040869400561, 37.30225689755752683]
    [-0.70710622357034469, -0.70710798437781608, -0.00000062909349241, 147.91691076464485377]
    [-0.00000015584505802, -0.00000073382677132, 1.00000045649119840, 148.74741573445498943]
  #1028 objects/planets/flora/grass/rosemary_01/rosemary_01_dense_b.cgf
    [0.95630413622890242, 0.29237024021113261, -0.00000100355232195, 27.89483556291088462]
    [-0.29237024021156371, 0.95630413622924682, -0.00000031042280214, 52.33504637912847102]
    [0.00000086894373422, 0.00000059026804567, 0.99999897916424196, 80.80488009192049503]
  #1029 objects/planets/flora/flower/daisy_01/daisy_01_a.cgf
    [0.00000013450146807, -1.00000010315348553, 0.00000000781491353, 69.41362331388518214]
    [1.00000010315346044, 0.00000013450146985, 0.00000022459211567, 48.86733831535093486]
    [-0.00000022459211672, 0.00000000781488332, 1.00000010315346977, 80.54249340109527111]
  #1030 objects/buildingsets/human/hightech/loc/stanton/orison/planter/planter_08x06x02_straight_001_a.cgf
    [0.46947092731874890, 0.88294741631814799, -0.00000057249168709, 22.92758054984733462]
    [-0.88294741631833096, 0.46947092731869949, -0.00000022626693187, 52.50816238531842828]
    [0.00000006898643166, 0.00000061170608015, 0.99999954579008066, 78.74998876266181469]
  #1031 objects/planets/flora/grass/rosemary_01/rosemary_01_dense_b.cgf
    [1.00000039401310414, 0.00000048519708970, 0.00000063887890104, 11.47112938249483705]
    [-0.00000048519739150, 1.00000039401319651, 0.00000047237895636, 211.40045041393022984]
    [-0.00000063887867184, -0.00000047237926634, 1.00000039401311014, 80.80489252507686615]
  #1032 objects/planets/flora/flower/daisy_01/daisy_01_a.cgf
    [0.00000016778239824, 1.00000032975481123, 0.00000000781488671, 69.41362300841137767]
    [-1.00000032975479636, 0.00000016778239968, -0.00000017285227624, 47.54272545361891389]
    [-0.00000017285227755, -0.00000000781485771, 1.00000032975481035, 80.54249335266649723]
  #1033 objects/planets/flora/tree/apaaj_01/apaaj_01_leafpile_c.cgf
    [1.47721398145262373, -0.26047090549480645, 0.00000166777824930, -73.14998823916539550]
    [0.26047090549540247, 1.47721398145340421, -0.00000040602607130, 76.62574895948637277]
    [-0.00000157193606664, 0.00000068946244408, 1.50000207986796874, 148.75500166043639183]
  #1034 objects/planets/flora/grass/rosemary_01/rosemary_01_dense_b.cgf
    [-0.70710578098368226, 0.70710694546963215, 0.00000035369600073, 88.51516535924747586]
    [-0.70710694546956598, -0.70710578098376997, 0.00000030777955680, 304.94544008036609739]
    [0.00000046773382558, -0.00000003246821400, 0.99999940891574679, 80.80488968454301357]
  #1035 objects/planets/flora/grass/rosemary_01/rosemary_01_dense_b.cgf
    [0.70710676396637018, 0.70710540137126154, -0.00000002786750796, -1.19543502805754542]
    [-0.70710540137103861, 0.70710676396617755, 0.00000076700330500, 211.26517121912911534]
    [0.00000056205803844, -0.00000052264847585, 0.99999901214692044, 80.80489785037934780]
  #1036 objects/planets/flora/grass/cypress_debris_01/cypress_debris_01.cgf
    [0.00000321910358402, -1.00000175018485460, 0.00000156215695069, 11.72434180276468396]
    [1.00000175018607163, 0.00000321910345856, -0.00000008032266596, 133.58586034947074950]
    [0.00000008031763722, 0.00000156215720925, 1.00000175019003290, 148.74741635099053383]
  #1037 objects/planets/flora/grass/rosemary_01/rosemary_01_dense_b.cgf
    [0.88294813574846320, -0.46947122848135769, -0.00000019101609961, 39.01523525500670075]
    [0.46947122848128575, 0.88294813574846120, -0.00000032785204872, 58.40108214376959950]
    [0.00000032257430913, 0.00000019979972786, 1.00000032239663517, 80.80488699302077293]
  #1038 objects/planets/flora/grass/cypress_debris_01/cypress_debris_01.cgf
    [0.00000321910358402, -1.00000175018485460, 0.00000156215695069, 36.72434127656742930]
    [1.00000175018607163, 0.00000321910345856, -0.00000008032266596, 147.58586017868947238]
    [0.00000008031763722, 0.00000156215720925, 1.00000175019003290, 148.74741572141647339]
  #1039 objects/planets/flora/grass/cypress_debris_01/cypress_debris_01.cgf
    [-0.70710798437807876, 0.70710622357024366, 0.00000040869400561, -50.65814166190102696]
    [-0.70710622357034469, -0.70710798437781608, -0.00000062909349241, 3.96003870409913361]
    [-0.00000015584505802, -0.00000073382677132, 1.00000045649119840, 79.74741576053202152]
  #1040 objects/planets/flora/flower/daisy_01/daisy_01_a.cgf
    [0.95630425506524808, 0.29237509749631191, 0.00000051648041638, -5.92195578990504146]
    [-0.29237509749630491, 0.95630425506538541, -0.00000009069128056, 44.03845466091297567]
    [-0.00000052042802488, -0.00000006427752163, 1.00000051294580272, 80.54249446839094162]
  #1041 objects/planets/flora/grass/rosemary_01/rosemary_01_dense_b.cgf
    [0.70710500721449354, -0.70710771923881688, -0.00000041374237611, 88.51516652433201671]
    [0.70710771923866833, 0.70710500721461389, -0.00000045966086820, 309.98500755254644901]
    [0.00000061758941903, 0.00000003246809279, 0.99999940891718508, 80.80488986521959305]
  #1042 objects/planets/flora/grass/rosemary_01/rosemary_01_dense_b.cgf
    [-0.70710740787076831, -0.70710594598447019, 0.00000070914571786, -6.23500077659264207]
    [0.70710594598466270, -0.70710740787093074, 0.00000002999213567, 211.26517390657681972]
    [0.00000048023464370, 0.00000052264889204, 0.99999985255614399, 80.80489993654191494]
  #1043 objects/planets/flora/grass/cypress_debris_01/cypress_debris_01.cgf
    [0.00000321910358402, -1.00000175018485460, 0.00000156215695069, -171.27565876720473170]
    [1.00000175018607163, 0.00000321910345856, -0.00000008032266596, 437.08586029312573373]
    [0.00000008031763722, 0.00000156215720925, 1.00000175019003290, 148.74741589091718197]
  #1044 objects/buildingsets/human/hightech/loc/stanton/orison/planter/planter_08x06x02_straight_001_a.cgf
    [0.46947092731874890, 0.88294741631814799, -0.00000057249168709, 29.99115722207352519]
    [-0.88294741631833096, 0.46947092731869949, -0.00000022626693187, 56.26393093343358487]
    [0.00000006898643166, 0.00000061170608015, 0.99999954579008066, 78.74999312683939934]
  #1045 objects/planets/flora/tree/cypress_01/cypress_01_a_mega_wind.cgf
    [-0.70710798437807876, 0.70710622357024366, 0.00000040869400561, -131.53175108646973968]
    [-0.70710622357034469, -0.70710798437781608, -0.00000062909349241, 293.56920801242813468]
    [-0.00000015584505802, -0.00000073382677132, 1.00000045649119840, 148.74741538614034653]
  #1046 objects/planets/flora/grass/rosemary_01/rosemary_01_dense_b.cgf
    [-0.95630477079974452, -0.29237092478758187, 0.00000008045008045, 23.44516309956088662]
    [0.29237092478747317, -0.95630477079956577, -0.00000064183524057, 49.96911611792165786]
    [0.00000026458881517, -0.00000059026896443, 0.99999978615752083, 80.80487734451889992]
  #1047 objects/planets/flora/grass/rosemary_01/rosemary_01_dense_b.cgf
    [-0.70710740787076831, -0.70710594598447019, 0.00000070914571786, 7.33533922908827662]
    [0.70710594598466270, -0.70710740787093074, 0.00000002999213567, 211.40045061882119626]
    [0.00000048023464370, 0.00000052264889204, 0.99999985255614399, 80.80489423498511314]
  #1048 objects/planets/flora/grass/rosemary_01/rosemary_01_dense_b.cgf
    [0.70710500721449354, -0.70710771923881688, -0.00000041374237611, 88.65044736349955201]
    [0.70710771923866833, 0.70710500721461389, -0.00000045966086820, 296.41466295090503991]
    [0.00000061758941903, 0.00000003246809279, 0.99999940891718508, 80.80488934740424156]
  #1049 objects/planets/flora/flower/daisy_01/daisy_01_a.cgf
    [0.76604515141494900, -0.64278832927163398, 0.00000034283542864, -43.11263770284131169]
    [0.64278832927172369, 0.76604515141487628, -0.00000033710059698, 184.02055090421345085]
    [-0.00000004594304214, 0.00000047860440919, 1.00000100512652335, 80.54248704947531223]
  #1050 objects/planets/flora/grass/cypress_debris_01/cypress_debris_01.cgf
    [-0.70710798437807876, 0.70710622357024366, 0.00000040869400561, -267.38989443471655250]
    [-0.70710622357034469, -0.70710798437781608, -0.00000062909349241, 71.22828484501224011]
    [-0.00000015584505802, -0.00000073382677132, 1.00000045649119840, 148.74741618335247040]
  #1051 objects/planets/flora/grass/rosemary_01/rosemary_01_dense_b.cgf
    [1.00000039401310414, 0.00000048519708970, 0.00000063887890104, 61.47112907143309712]
    [-0.00000048519739150, 1.00000039401319651, 0.00000047237895636, 211.40045114862732589]
    [-0.00000063887867184, -0.00000047237926634, 1.00000039401311014, 80.80489259958267212]
  #1052 objects/planets/flora/grass/cypress_debris_01/cypress_debris_01.cgf
    [-0.70710798437807876, 0.70710622357024366, 0.00000040869400561, -50.80195054924115539]
    [-0.70710622357034469, -0.70710798437781608, -0.00000062909349241, 258.23941535037010908]
    [-0.00000015584505802, -0.00000073382677132, 1.00000045649119840, 79.74741585925221443]
  #1053 objects/planets/flora/grass/rosemary_01/rosemary_01_dense_b.cgf
    [0.00000013450146807, -1.00000010315348553, 0.00000000781491353, 88.51516445120796561]
    [1.00000010315346044, 0.00000013450146985, 0.00000022459211567, 301.02562748990021646]
    [-0.00000022459211672, 0.00000000781488332, 1.00000010315346977, 80.80488954298198223]
  #1054 objects/buildingsets/human/hightech/loc/stanton/orison/planter/planter_08x06x02_straight_001_a.cgf
    [-0.00000051972279730, 0.99999969954745982, 0.00000037046131720, -5.49999087629839778]
    [-0.99999969954734169, -0.00000051972302367, 0.00000061119766430, 213.75000796490348876]
    [0.00000061119785683, -0.00000037046099955, 0.99999969954740819, 78.75000923313200474]
  #1055 objects/buildingsets/human/hightech/loc/stanton/orison/planter/planter_04x04x02_cap_002_a.cgf
    [-0.99999988499439008, -0.00000017279518136, 0.00000020466053574, 71.00000093644484878]
    [0.00000017279517741, -0.99999988499441084, -0.00000001931332130, 49.25000036810524762]
    [0.00000020466053907, -0.00000001931328594, 0.99999988499440506, 78.75000023096799850]
  #1056 objects/planets/flora/tree/cypress_01/cypress_01_a_mega_wind.cgf
    [-0.70710798437807876, 0.70710622357024366, 0.00000040869400561, 12.30225742189213634]
    [-0.70710622357034469, -0.70710798437781608, -0.00000062909349241, 133.91691093542613089]
    [-0.00000015584505802, -0.00000073382677132, 1.00000045649119840, 148.74741636775434017]
  #1057 objects/planets/flora/grass/rosemary_01/rosemary_01_dense_b.cgf
    [-0.95630477079974452, -0.29237092478758187, 0.00000008045008045, 35.36355022294446826]
    [0.29237092478747317, -0.95630477079956577, -0.00000064183524057, 56.45944660203531384]
    [0.00000026458881517, -0.00000059026896443, 0.99999978615752083, 80.80488473549485207]
  #1058 objects/buildingsets/human/hightech/loc/stanton/orison/planter/planter_08x06x02_straight_001_a.cgf
    [-0.99999988499439008, -0.00000017279518136, 0.00000020466053574, 91.00000186869874597]
    [0.00000017279517741, -0.99999988499441084, -0.00000001931332130, 301.24999847391154617]
    [0.00000020466053907, -0.00000001931328594, 0.99999988499440506, 78.75000019371509552]
  #1059 objects/planets/flora/grass/rosemary_01/rosemary_01_dense_b.cgf
    [-1.00000012325478527, -0.00000016924750857, 0.00000016398527482, 2.72437622072175145]
    [0.00000016924758603, -1.00000012325468712, 0.00000047237892092, 211.26516912959050387]
    [0.00000016398519487, 0.00000047237894867, 1.00000012325468823, 80.80489622801542282]
  #1060 objects/planets/flora/grass/rosemary_01/rosemary_01_dense_b.cgf
    [-0.88294781866784322, 0.46947158045720205, -0.00000062069999133, 31.35582348005846143]
    [-0.46947158045691495, -0.88294781866803873, -0.00000055631887060, 54.17528431257233024]
    [-0.00000080922143476, -0.00000019979948587, 1.00000020767346687, 80.80488223209977150]
  #1061 objects/planets/flora/tree/cypress_01/cypress_01_a_subtle_wind.cgf
    [-0.70710798437807876, 0.70710622357024366, 0.00000040869400561, -51.69774291524663568]
    [-0.70710622357034469, -0.70710798437781608, -0.00000062909349241, 24.91691049130167812]
    [-0.00000015584505802, -0.00000073382677132, 1.00000045649119840, 79.74741607531905174]
  #1062 objects/planets/flora/grass/rosemary_01/rosemary_01_dense_b.cgf
    [-0.70710740787076831, -0.70710594598447019, 0.00000070914571786, 57.33533891895785928]
    [0.70710594598466270, -0.70710740787093074, 0.00000002999213567, 211.40045135351829231]
    [0.00000048023464370, 0.00000052264889204, 0.99999985255614399, 80.80489430949091911]
  #1063 objects/planets/flora/grass/cypress_debris_01/cypress_debris_01.cgf
    [-0.70710798437807876, 0.70710622357024366, 0.00000040869400561, 38.11010539392009377]
    [-0.70710622357034469, -0.70710798437781608, -0.00000062909349241, 148.22828510333783925]
    [-0.00000015584505802, -0.00000073382677132, 1.00000045649119840, 148.74741566181182861]
  #1064 objects/buildingsets/human/hightech/loc/stanton/orison/planter/planter_08x06x02_straight_001_a.cgf
    [-0.00000051972279730, 0.99999969954745982, 0.00000037046131720, 2.50000555207952857]
    [-0.99999969954734169, -0.00000051972302367, 0.00000061119766430, 213.75000569934491068]
    [0.00000061119785683, -0.00000037046099955, 0.99999969954740819, 78.75000592134892941]
  #1065 objects/planets/flora/grass/cypress_debris_01/cypress_debris_01.cgf
    [-0.70710798437807876, 0.70710622357024366, 0.00000040869400561, -52.30194989917799830]
    [-0.70710622357034469, -0.70710798437781608, -0.00000062909349241, 24.23941491520963609]
    [-0.00000015584505802, -0.00000073382677132, 1.00000045649119840, 79.74741585552692413]
  #1066 objects/buildingsets/human/hightech/loc/stanton/orison/planter/planter_08x06x02_straight_001_a.cgf
    [-0.00000051972279730, 0.99999969954745982, 0.00000037046131720, 44.50000881450250745]
    [-0.99999969954734169, -0.00000051972302367, 0.00000061119766430, 213.75000869913492352]
    [0.00000061119785683, -0.00000037046099955, 0.99999969954740819, 78.75000930391252041]
  #1067 objects/buildingsets/human/hightech/loc/stanton/orison/planter/planter_04x04x02_cap_001_a.cgf
    [0.64278887307628674, 0.76604447709202927, -0.00000004938853679, -43.15534535190090537]
    [-0.76604447709145973, 0.64278887307572741, -0.00000126260785818, 186.05558809649664909]
    [-0.00000093546659055, 0.00000084942338622, 1.00000083811579343, 78.74999644793570042]
  #1068 objects/planets/flora/grass/cypress_debris_01/cypress_debris_01.cgf
    [-0.70710798437807876, 0.70710622357024366, 0.00000040869400561, 13.11010591825470328]
    [-0.70710622357034469, -0.70710798437781608, -0.00000062909349241, 134.22828527411911637]
    [-0.00000015584505802, -0.00000073382677132, 1.00000045649119840, 148.74741629324853420]
  #1069 objects/planets/flora/grass/cypress_debris_01/cypress_debris_01.cgf
    [-0.70710798437807876, 0.70710622357024366, 0.00000040869400561, -49.65814218437299132]
    [-0.70710622357034469, -0.70710798437781608, -0.00000062909349241, 258.96003884449601173]
    [-0.00000015584505802, -0.00000073382677132, 1.00000045649119840, 79.74741593003273010]
  #1070 objects/buildingsets/human/hightech/loc/stanton/orison/planter/planter_06x06x02_cap_001_a.cgf
    [0.46947092731874890, 0.88294741631814799, -0.00000057249168709, 37.05473436275497079]
    [-0.88294741631833096, 0.46947092731869949, -0.00000022626693187, 60.01969859970267862]
    [0.00000006898643166, 0.00000061170608015, 0.99999954579008066, 78.74999748915433884]
  #1071 objects/planets/flora/grass/rosemary_01/rosemary_01_dense_b.cgf
    [0.70710676396637018, 0.70710540137126154, -0.00000002786750796, 48.80456466274335980]
    [-0.70710540137103861, 0.70710676396617755, 0.00000076700330500, 211.26517195359338075]
    [0.00000056205803844, -0.00000052264847585, 0.99999901214692044, 80.80489792302250862]
  #1072 objects/planets/flora/grass/cypress_debris_01/cypress_debris_01.cgf
    [0.00000321910358402, -1.00000175018485460, 0.00000156215695069, -13.77565881749615073]
    [1.00000175018607163, 0.00000321910345856, -0.00000008032266596, 213.58586019859649241]
    [0.00000008031763722, 0.00000156215720925, 1.00000175019003290, 148.74741571396589279]
  #1073 objects/buildingsets/human/hightech/loc/stanton/orison/planter/planter_06x06x02_cap_002_a.cgf
    [0.46946956637808601, 0.88294854338473716, 0.00000021784089130, -4.44527273485437036]
    [-0.88294854338475515, 0.46946956637810189, -0.00000002548635298, 47.01970398554112762]
    [-0.00000012477281925, -0.00000018037724825, 0.99999990201022360, 78.75000122003257275]
  #1074 objects/buildingsets/human/hightech/prop/utility/waste/waste_recycle_2_a.cgf
    [0.88294748206300555, -0.46947288245809193, 0.00000002946254757, 25.29999157367274165]
    [0.46947288245798469, 0.88294748206284301, 0.00000062331997707, 55.06408888276200742]
    [-0.00000031864554227, -0.00000053652665723, 1.00000052172212506, 79.75054597482085228]
  #1075 objects/planets/flora/tree/cypress_01/cypress_01_a_mega_wind.cgf
    [-0.70710798437807876, 0.70710622357024366, 0.00000040869400561, -13.19774319930002093]
    [-0.70710622357034469, -0.70710798437781608, -0.00000062909349241, 213.91691078431904316]
    [-0.00000015584505802, -0.00000073382677132, 1.00000045649119840, 148.74741573072969913]
  #1076 objects/planets/flora/grass/cypress_debris_01/cypress_debris_01.cgf
    [-0.70710798437807876, 0.70710622357024366, 0.00000040869400561, -130.72390259290114045]
    [-0.70710622357034469, -0.70710798437781608, -0.00000062909349241, 293.88058235065545887]
    [-0.00000015584505802, -0.00000073382677132, 1.00000045649119840, 148.74741531349718571]
  #1077 objects/planets/flora/flower/daisy_01/daisy_01_a.cgf
    [-0.76604394529820241, 0.64278957712246998, -0.00000098526979698, -41.84250392159447074]
    [-0.64278957712100937, -0.76604394529868647, -0.00000145151560378, 185.08632153354119509]
    [-0.00000168777757280, -0.00000047860316088, 1.00000088329121617, 80.54248866066336632]
  #1078 objects/planets/flora/flower/daisy_01/daisy_01_a.cgf
    [0.76604515141494900, -0.64278832927163398, 0.00000034283542864, -40.82779094437137246]
    [0.64278832927172369, 0.76604515141487628, -0.00000033710059698, 185.93776828970294446]
    [-0.00000004594304214, 0.00000047860440919, 1.00000100512652335, 80.54248994775116444]
  #1079 objects/planets/flora/grass/cypress_debris_01/cypress_debris_01.cgf
    [-0.70710798437807876, 0.70710622357024366, 0.00000040869400561, -51.15814153430983424]
    [-0.70710622357034469, -0.70710798437781608, -0.00000062909349241, 24.96003841003403068]
    [-0.00000015584505802, -0.00000073382677132, 1.00000045649119840, 79.74741592258214951]
  #1080 objects/planets/flora/tree/cypress_01/cypress_01_a_subtle_wind.cgf
    [-0.70710798437807876, 0.70710622357024366, 0.00000040869400561, -48.69774310151115060]
    [-0.70710622357034469, -0.70710798437781608, -0.00000062909349241, 424.91691035323310643]
    [-0.00000015584505802, -0.00000073382677132, 1.00000045649119840, 79.74741614051163197]
  #1081 objects/buildingsets/human/hightech/loc/stanton/orison/planter/planter_04x04x02_cap_002_a.cgf
    [0.64278887307628674, 0.76604447709202927, -0.00000004938853679, -43.15534535190090537]
    [-0.76604447709145973, 0.64278887307572741, -0.00000126260785818, 186.05558809649664909]
    [-0.00000093546659055, 0.00000084942338622, 1.00000083811579343, 78.74999644793570042]
  #1082 objects/planets/flora/grass/rosemary_01/rosemary_01_dense_b.cgf
    [-0.70710740787076831, -0.70710594598447019, 0.00000070914571786, 43.76499891327694058]
    [0.70710594598466270, -0.70710740787093074, 0.00000002999213567, 211.26517464127391577]
    [0.00000048023464370, 0.00000052264889204, 0.99999985255614399, 80.80490000732243061]
  #1083 objects/buildingsets/human/hightech/loc/stanton/orison/planter/planter_06x06x02_cap_001_a.cgf
    [-0.00000051972279730, 0.99999969954745982, 0.00000037046131720, 10.50000197766348720]
    [-0.99999969954734169, -0.00000051972302367, 0.00000061119766430, 213.75000243331305683]
    [0.00000061119785683, -0.00000037046099955, 0.99999969954740819, 78.75000261142849922]
  #1084 objects/buildingsets/human/hightech/loc/stanton/orison/planter/planter_06x06x02_cap_001_a.cgf
    [-0.99999988499439008, -0.00000017279518136, 0.00000020466053574, 91.00000101746991277]
    [0.00000017279517741, -0.99999988499441084, -0.00000001931332130, 293.24999931012280285]
    [0.00000020466053907, -0.00000001931328594, 0.99999988499440506, 78.74999990686774254]
  #1085 objects/buildingsets/human/hightech/loc/stanton/orison/planter/planter_08x06x02_straight_001_a.cgf
    [-0.00000051972279730, 0.99999969954745982, 0.00000037046131720, 52.50000524008646607]
    [-0.99999969954734169, -0.00000051972302367, 0.00000061119766430, 213.75000643427483737]
    [0.00000061119785683, -0.00000037046099955, 0.99999969954740819, 78.75000599399209023]
  #1086 objects/planets/flora/grass/rosemary_01/rosemary_01_dense_b.cgf
    [-1.00000012325478527, -0.00000016924750857, 0.00000016398527482, 52.72437591152265668]
    [0.00000016924758603, -1.00000012325468712, 0.00000047237892092, 211.26516986335627735]
    [0.00000016398519487, 0.00000047237894867, 1.00000012325468823, 80.80489630065858364]
  #1087 objects/planets/flora/grass/cypress_debris_01/cypress_debris_01.cgf
    [-0.70710798437807876, 0.70710622357024366, 0.00000040869400561, -12.38989470293745399]
    [-0.70710622357034469, -0.70710798437781608, -0.00000062909349241, 214.22828512231353670]
    [-0.00000015584505802, -0.00000073382677132, 1.00000045649119840, 148.74741565622389317]
  #1088 objects/buildingsets/human/hightech/loc/stanton/orison/planter/planter_06x06x02_cap_002_a.cgf
    [0.46947092731874890, 0.88294741631814799, -0.00000057249168709, 22.92758054984733462]
    [-0.88294741631833096, 0.46947092731869949, -0.00000022626693187, 52.50816238531842828]
    [0.00000006898643166, 0.00000061170608015, 0.99999954579008066, 78.74998876266181469]
  #1089 objects/buildingsets/human/hightech/loc/stanton/orison/flag/flag_pole_a.cgf
    [0.00000262204729689, 1.00000225590868475, 0.00000070442197460, 104.87882574414834380]
    [-1.00000225590770353, 0.00000262204840145, -0.00000156801484528, 277.86579649150371552]
    [-0.00000156801669229, -0.00000070441786319, 1.00000225591089342, 81.39766953885555267]
  #1090 objects/planets/flora/grass/cypress_debris_01/cypress_debris_01.cgf
    [0.00000321910358402, -1.00000175018485460, 0.00000156215695069, -130.91297235386446118]
    [1.00000175018607163, 0.00000321910345856, -0.00000008032266596, 227.02476069016847759]
    [0.00000008031763722, 0.00000156215720925, 1.00000175019003290, 148.74741666764020920]
  #1091 objects/buildingsets/human/hightech/loc/stanton/orison/flag/flag_base_b.cgf
    [0.00000262204729689, 1.00000225590868475, 0.00000070442197460, 104.11853054119274020]
    [-1.00000225590770353, 0.00000262204840145, -0.00000156801484528, 277.86579462315421551]
    [-0.00000156801669229, -0.00000070441786319, 1.00000225591089342, 79.74999695643782616]
  #1092 objects/planets/flora/grass/cypress_debris_01/cypress_debris_01.cgf
    [-0.70710798437807876, 0.70710622357024366, 0.00000040869400561, -49.30195008637383580]
    [-0.70710622357034469, -0.70710798437781608, -0.00000062909349241, 424.23941477714106441]
    [-0.00000015584505802, -0.00000073382677132, 1.00000045649119840, 79.74741592258214951]
  #1093 objects/buildingsets/human/hightech/loc/stanton/orison/flag/flag_pole_a.cgf
    [-0.00000384450135201, -1.00000137291169033, -0.00000009605513777, -71.90685715945437551]
    [1.00000137291097047, -0.00000384450123632, -0.00000120380384577, 131.81213987991213799]
    [0.00000120380347648, -0.00000009605976579, 1.00000137291835611, 81.39766820706427097]
  #1094 objects/planets/flora/grass/cypress_debris_01/cypress_debris_01.cgf
    [-0.70710798437807876, 0.70710622357024366, 0.00000040869400561, -169.88989465357735753]
    [-0.70710622357034469, -0.70710798437781608, -0.00000062909349241, 437.72828521800693125]
    [-0.00000015584505802, -0.00000073382677132, 1.00000045649119840, 148.74741583317518234]
  #1095 objects/buildingsets/human/hightech/loc/stanton/orison/planter/planter_06x06x02_cap_001_a.cgf
    [-0.00000051972279730, 0.99999969954745982, 0.00000037046131720, 60.50000166846439242]
    [-0.99999969954734169, -0.00000051972302367, 0.00000061119766430, 213.75000316824298352]
    [0.00000061119785683, -0.00000037046099955, 0.99999969954740819, 78.75000268220901489]
  #1096 objects/planets/flora/tree/cypress_01/cypress_01_a_mega_wind.cgf
    [-0.70710798437807876, 0.70710622357024366, 0.00000040869400561, -86.19774278020486236]
    [-0.70710622357034469, -0.70710798437781608, -0.00000062909349241, 496.41691137466114014]
    [-0.00000015584505802, -0.00000073382677132, 1.00000045649119840, 79.74741656333208084]
  #1097 objects/planets/flora/flower/daisy_01/daisy_01_a.cgf
    [0.29237299430835029, -0.95630459163254622, 0.00000035625728840, -32.41991118108853698]
    [0.95630459163255110, 0.29237299430844466, 0.00000024951118385, 206.52868821274023503]
    [-0.00000034276862556, 0.00000026774008990, 1.00000021988910559, 80.54249349236488342]
  #1098 objects/planets/flora/tree/cypress_01/cypress_01_a_mega_wind.cgf
    [-0.70710798437807876, 0.70710622357024366, 0.00000040869400561, -130.33505673194304109]
    [-0.70710622357034469, -0.70710798437781608, -0.00000062909349241, 227.35581127589102834]
    [-0.00000015584505802, -0.00000073382677132, 1.00000045649119840, 148.74741668067872524]
  #1099 objects/planets/flora/grass/cypress_debris_01/cypress_debris_01.cgf
    [-0.70710798437807876, 0.70710622357024366, 0.00000040869400561, -129.52720823930576444]
    [-0.70710622357034469, -0.70710798437781608, -0.00000062909349241, 227.66718561411835253]
    [-0.00000015584505802, -0.00000073382677132, 1.00000045649119840, 148.74741660803556442]
  #1100 objects/buildingsets/human/hightech/loc/stanton/orison/planter/planter_06x06x02_cap_002_a.cgf
    [-0.00000051972279730, 0.99999969954745982, 0.00000037046131720, 44.50000881450250745]
    [-0.99999969954734169, -0.00000051972302367, 0.00000061119766430, 213.75000869913492352]
    [0.00000061119785683, -0.00000037046099955, 0.99999969954740819, 78.75000930391252041]
  #1101 objects/buildingsets/human/hightech/loc/stanton/orison/planter/planter_06x06x02_cap_002_a.cgf
    [-0.00000051972279730, 0.99999969954745982, 0.00000037046131720, -5.49999087629839778]
    [-0.99999969954734169, -0.00000051972302367, 0.00000061119766430, 213.75000796490348876]
    [0.00000061119785683, -0.00000037046099955, 0.99999969954740819, 78.75000923313200474]
  #1102 objects/planets/flora/tree/cypress_01/cypress_01_a_mega_wind.cgf
    [-0.70710798437807876, 0.70710622357024366, 0.00000040869400561, -203.19774355972185731]
    [-0.70710622357034469, -0.70710798437781608, -0.00000062909349241, 156.41691111074760556]
    [-0.00000015584505802, -0.00000073382677132, 1.00000045649119840, 148.74741605482995510]
  #1103 objects/planets/flora/grass/cypress_debris_01/cypress_debris_01.cgf
    [0.00000321910358402, -1.00000175018485460, 0.00000156215695069, -143.27565851761028171]
    [1.00000175018607163, 0.00000321910345856, -0.00000008032266596, 153.08586031175218523]
    [0.00000008031763722, 0.00000156215720925, 1.00000175019003290, 148.74741590023040771]
  #1104 objects/planets/flora/grass/cypress_debris_01/cypress_debris_01.cgf
    [-0.70710798437807876, 0.70710622357024366, 0.00000040869400561, -48.15814172057434916]
    [-0.70710622357034469, -0.70710798437781608, -0.00000062909349241, 424.96003827173262835]
    [-0.00000015584505802, -0.00000073382677132, 1.00000045649119840, 79.74741598963737488]
  #1105 objects/planets/flora/tree/cypress_01/cypress_01_a_mega_wind.cgf
    [-0.70710798437807876, 0.70710622357024366, 0.00000040869400561, -142.69774289662018418]
    [-0.70710622357034469, -0.70710798437781608, -0.00000062909349241, 153.41691089747473598]
    [-0.00000015584505802, -0.00000073382677132, 1.00000045649119840, 148.74741591513156891]
  #1106 objects/buildingsets/human/hightech/loc/stanton/orison/flag/flag_pole_a.cgf
    [-0.00000384450135201, -1.00000137291169033, -0.00000009605513777, -88.14176679914817214]
    [1.00000137291097047, -0.00000384450123632, -0.00000120380384577, 483.86579083302058280]
    [0.00000120380347648, -0.00000009605976579, 1.00000137291835611, 81.39766785502433777]
  #1107 objects/planets/flora/grass/cypress_debris_01/cypress_debris_01.cgf
    [0.00000321910358402, -1.00000175018485460, 0.00000156215695069, -203.77565918071195483]
    [1.00000175018607163, 0.00000321910345856, -0.00000008032266596, 156.08586052409373224]
    [0.00000008031763722, 0.00000156215720925, 1.00000175019003290, 148.74741604179143906]
  #1108 objects/buildingsets/human/hightech/loc/stanton/orison/flag/flag_base_b.cgf
    [-0.00000384450135201, -1.00000137291169033, -0.00000009605513777, -71.14656055951490998]
    [1.00000137291097047, -0.00000384450123632, -0.00000120380384577, 131.81214375246781856]
    [0.00000120380347648, -0.00000009605976579, 1.00000137291835611, 79.74999688751995564]
  #1109 objects/buildingsets/human/hightech/loc/stanton/orison/planter/planter_06x06x02_cap_001_a.cgf
    [0.46946956637808601, 0.88294854338473716, 0.00000021784089130, -32.44527271902188659]
    [-0.88294854338475515, 0.46946956637810189, -0.00000002548635298, 208.51970407064072788]
    [-0.00000012477281925, -0.00000018037724825, 0.99999990201022360, 78.75000057183206081]
  #1110 objects/planets/flora/tree/apaaj_01/apaaj_01_small_d.cgf
    [0.46946956637808601, 0.88294854338473716, 0.00000021784089130, -30.07513509085401893]
    [-0.88294854338475515, 0.46946956637810189, -0.00000002548635298, 205.61193653172813356]
    [-0.00000012477281925, -0.00000018037724825, 0.99999990201022360, 80.59553393907845020]
  #1111 objects/planets/flora/flower/daisy_01/daisy_01_a.cgf
    [0.95630425506524808, 0.29237509749631191, 0.00000051648041638, -33.92195577500388026]
    [-0.29237509749630491, 0.95630425506538541, -0.00000009069128056, 205.53845474601257592]
    [-0.00000052042802488, -0.00000006427752163, 1.00000051294580272, 80.54249382205307484]
  #1112 objects/planets/flora/tree/cypress_01/cypress_01_a_mega_wind.cgf
    [-0.70710798437807876, 0.70710622357024366, 0.00000040869400561, -126.69774337718263268]
    [-0.70710622357034469, -0.70710798437781608, -0.00000062909349241, 143.41691084951162338]
    [-0.00000015584505802, -0.00000073382677132, 1.00000045649119840, 148.74741630814969540]
  #1113 objects/buildingsets/human/hightech/loc/stanton/orison/planter/planter_06x06x02_cap_001_a.cgf
    [0.46947134237083449, -0.88294734320704515, -0.00000052455750899, -32.61579179810360074]
    [0.88294734320713397, 0.46947134237048432, 0.00000066876473323, 147.28559148614294827]
    [-0.00000034421943804, -0.00000077712278768, 0.99999967609165030, 78.75000433251261711]
  #1114 objects/planets/flora/flower/daisy_01/daisy_01_a.cgf
    [-0.95630451683862561, 0.29237250749177429, -0.00000032524968948, -30.97934991074725986]
    [-0.29237250749195504, -0.95630451683806650, 0.00000103412705554, 148.41998335300013423]
    [-0.00000000868742681, 0.00000108403443493, 1.00000000603095796, 80.54249711520969868]
  #1115 objects/planets/flora/grass/cypress_debris_01/cypress_debris_01.cgf
    [0.00000321910358402, -1.00000175018485460, 0.00000156215695069, -127.27565899631008506]
    [1.00000175018607163, 0.00000321910345856, -0.00000008032266596, 143.08586026355624199]
    [0.00000008031763722, 0.00000156215720925, 1.00000175019003290, 148.74741629511117935]
  #1116 objects/planets/flora/grass/cypress_debris_01/cypress_debris_01.cgf
    [-0.70710798437807876, 0.70710622357024366, 0.00000040869400561, -202.38989506429061294]
    [-0.70710622357034469, -0.70710798437781608, -0.00000062909349241, 156.72828544874209911]
    [-0.00000015584505802, -0.00000073382677132, 1.00000045649119840, 148.74741598218679428]
  #1117 objects/planets/flora/grass/cypress_debris_01/cypress_debris_01.cgf
    [0.00000321910358402, -1.00000175018485460, 0.00000156215695069, -86.77565839840099216]
    [1.00000175018607163, 0.00000321910345856, -0.00000008032266596, 496.08586078940425068]
    [0.00000008031763722, 0.00000156215720925, 1.00000175019003290, 79.74741654656827450]
  #1118 objects/buildingsets/human/hightech/loc/stanton/orison/flag/flag_base_b.cgf
    [-0.00000384450135201, -1.00000137291169033, -0.00000009605513777, -87.38147019920870662]
    [1.00000137291097047, -0.00000384450123632, -0.00000120380384577, 483.86579470580909401]
    [0.00000120380347648, -0.00000009605976579, 1.00000137291835611, 79.74999653175473213]
  #1119 objects/planets/flora/tree/apaaj_01/apaaj_01_leafpile_c.cgf
    [-1.99725918756808318, -0.10466914420291881, -0.00000043079173314, -282.70455739414319396]
    [0.10466914420242363, -1.99725918756709708, 0.00000205620980580, 318.94197667972184718]
    [-0.00000053781224107, 0.00000203084668948, 1.99999997301726617, 137.25001587718725204]
  #1120 objects/planets/flora/flower/daisy_01/daisy_01_a.cgf
    [-0.29237039701700601, -0.95630514517932852, -0.00000029608621959, -29.31847512954846025]
    [0.95630514517881893, -0.29237039701715589, 0.00000098729427409, 147.72846767399460077]
    [-0.00000103072145013, 0.00000000550684374, 0.99999998987368199, 80.54249853454530239]
  #1121 objects/buildingsets/human/hightech/loc/stanton/orison/planter/planter_06x06x02_cap_002_a.cgf
    [0.46946956637808601, 0.88294854338473716, 0.00000021784089130, -32.44527271902188659]
    [-0.88294854338475515, 0.46946956637810189, -0.00000002548635298, 208.51970407064072788]
    [-0.00000012477281925, -0.00000018037724825, 0.99999990201022360, 78.75000057183206081]
  #1122 objects/planets/flora/flower/daisy_01/daisy_01_a.cgf
    [0.95630425506524808, 0.29237509749631191, 0.00000051648041638, -29.50919575570151210]
    [-0.29237509749630491, 0.95630425506538541, -0.00000009069128056, 207.86505869659595191]
    [-0.00000052042802488, -0.00000006427752163, 1.00000051294580272, 80.54249284975230694]
  #1123 objects/planets/flora/grass/cypress_debris_01/cypress_debris_01.cgf
    [0.00000321910358402, -1.00000175018485460, 0.00000156215695069, 1.72434112010523677]
    [1.00000175018607163, 0.00000321910345856, -0.00000008032266596, 67.58586021012160927]
    [0.00000008031763722, 0.00000156215720925, 1.00000175019003290, 148.74741552025079727]
  #1124 objects/buildingsets/human/hightech/prop/light/lamp/lamp_planter_1_large_b.cgf
    [-0.20837658706570647, 1.18177126440625924, -0.00000036921525023, -281.78473047213628888]
    [-1.18177126440629854, -0.20837658706562681, 0.00000027702479943, 329.06519511097576469]
    [0.00000020870314599, 0.00000041171062332, 1.20000171808770539, 137.19999096170067787]
  #1125 objects/planets/flora/tree/apaaj_01/apaaj_01_small_d.cgf
    [0.46947134237083449, -0.88294734320704515, -0.00000052455750899, -31.53051627101376653]
    [0.88294734320713397, 0.46947134237048432, 0.00000066876473323, 150.87652970419730991]
    [-0.00000034421943804, -0.00000077712278768, 0.99999967609165030, 80.59553600661456585]
  #1126 objects/planets/flora/grass/cypress_debris_01/cypress_debris_01.cgf
    [0.00000321910358402, -1.00000175018485460, 0.00000156215695069, -59.77565858652815223]
    [1.00000175018607163, 0.00000321910345856, -0.00000008032266596, 129.58586057613138109]
    [0.00000008031763722, 0.00000156215720925, 1.00000175019003290, 79.74741555564105511]
  #1127 objects/buildingsets/human/hightech/loc/stanton/orison/planter/planter_06x06x02_cap_002_a.cgf
    [0.46947134237083449, -0.88294734320704515, -0.00000052455750899, -32.61579179810360074]
    [0.88294734320713397, 0.46947134237048432, 0.00000066876473323, 147.28559148614294827]
    [-0.00000034421943804, -0.00000077712278768, 0.99999967609165030, 78.75000433251261711]
  #1128 objects/planets/flora/tree/cypress_01/cypress_01_a_mega_wind.cgf
    [-0.70710798437807876, 0.70710622357024366, 0.00000040869400561, -59.19774296646937728]
    [-0.70710622357034469, -0.70710798437781608, -0.00000062909349241, 129.91691116231959313]
    [-0.00000015584505802, -0.00000073382677132, 1.00000045649119840, 79.74741557240486145]
  #1129 objects/buildingsets/human/brand/decal/logo/secondary_logo_txt_lrg.cgf
    [0.00000174627922678, 0.00000353209935635, 2.12821233889877348, -124.83789423527196050]
    [-0.00000078937782633, -2.12821233889934369, 0.00000353210000406, 20.81287580553907901]
    [2.12821233890155836, -0.00000078938072455, -0.00000174627791660, 160.18680204264819622]
  #1130 objects/planets/flora/grass/cypress_debris_01/cypress_debris_01.cgf
    [0.00000321910358402, -1.00000175018485460, 0.00000156215695069, -253.77565844869241118]
    [1.00000175018607163, 0.00000321910345856, -0.00000008032266596, 56.58586052118334919]
    [0.00000008031763722, 0.00000156215720925, 1.00000175019003290, 148.74741548299789429]
  #1131 objects/planets/flora/grass/cypress_debris_01/cypress_debris_01.cgf
    [-0.70710798437807876, 0.70710622357024366, 0.00000040869400561, -125.88989488082006574]
    [-0.70710622357034469, -0.70710798437781608, -0.00000062909349241, 143.72828518773894757]
    [-0.00000015584505802, -0.00000073382677132, 1.00000045649119840, 148.74741623550653458]
  #1132 objects/planets/flora/grass/cypress_debris_01/cypress_debris_01.cgf
    [-0.70710798437807876, 0.70710622357024366, 0.00000040869400561, -141.88989440212026238]
    [-0.70710622357034469, -0.70710798437781608, -0.00000062909349241, 153.72828523593489081]
    [-0.00000015584505802, -0.00000073382677132, 1.00000045649119840, 148.74741584062576294]
  #1133 objects/buildingsets/human/hightech/prop/light/lamp/lamp_planter_1_large_b.cgf
    [-0.13891567189294143, 0.78784745289050995, -0.00000022441421642, -280.75796745857223868]
    [-0.78784745289045632, -0.13891567189281434, 0.00000041270325604, 329.86352697201073170]
    [0.00000036746536004, 0.00000029266863044, 0.80000073307676511, 137.19999031908810139]
  #1134 objects/buildingsets/human/hightech/loc/stanton/orison/organics/rock/rock_sharp_a.cgf
    [2.03973128789056179, -1.03929348573677127, 0.00000772014425967, -285.70918877562507987]
    [1.03929348574889269, 2.03973128789777469, -0.00000223159517090, 322.14546058326959610]
    [-0.00000586557913655, 0.00000549323454713, 2.28924325406663565, 136.84560765698552132]
  #1135 objects/buildingsets/human/hightech/prop/light/lamp/lamp_planter_1_d.cgf
    [0.61566438085154251, 0.78800858427293718, -0.00000019827581288, -288.31813728483393788]
    [-0.78800858427242160, 0.61566438085139552, 0.00000101626671737, 315.44155327870976180]
    [0.00000092289817953, -0.00000046943613947, 1.00000007936805657, 137.25829143263399601]
  #1136 objects/planets/flora/tree/cypress_01/cypress_01_a_mega_wind.cgf
    [-0.70710798437807876, 0.70710622357024366, 0.00000040869400561, -253.19774282770231366]
    [-0.70710622357034469, -0.70710798437781608, -0.00000062909349241, 56.91691110760439187]
    [-0.00000015584505802, -0.00000073382677132, 1.00000045649119840, 148.74741549603641033]
  #1137 objects/planets/flora/grass/cypress_debris_01/cypress_debris_01.cgf
    [-0.70710798437807876, 0.70710622357024366, 0.00000040869400561, 3.11010523559525609]
    [-0.70710622357034469, -0.70710798437781608, -0.00000062909349241, 68.22828513430431485]
    [-0.00000015584505802, -0.00000073382677132, 1.00000045649119840, 148.74741546064615250]
  #1138 objects/planets/flora/flower/daisy_01/daisy_01_a.cgf
    [-0.29237039701700601, -0.95630514517932852, -0.00000029608621959, -33.71490616304799914]
    [0.95630514517881893, -0.29237039701715589, 0.00000098729427409, 150.08577981777489185]
    [-0.00000103072145013, 0.00000000550684374, 0.99999998987368199, 80.54249439202249050]
  #1139 objects/buildingsets/human/hightech/prop/light/lamp/lamp_planter_1_f.cgf
    [1.49999948822983131, -0.00000017236440278, 0.00000054271940329, -0.12691046157851815]
    [-0.00000054271946286, -0.00000051836194558, 1.49999948822975160, 107.97079554840456694]
    [-0.00000017236421523, -1.49999948822983997, -0.00000051836200795, 153.83050243742763996]
  #1140 objects/planets/flora/tree/apaaj_01/apaaj_01_leafpile_c.cgf
    [1.46270839233280059, 1.36399807846812315, 0.00000027762419701, -35.69401473505422473]
    [-1.36399807846788246, 1.46270839233222638, 0.00000155339931044, 81.78589105454739183]
    [0.00000085637450942, -0.00000132542344633, 2.00000164976510098, 79.74741699360311031]
  #1141 objects/planets/flora/grass/cypress_debris_01/cypress_debris_01.cgf
    [-0.70710798437807876, 0.70710622357024366, 0.00000040869400561, -85.38989428477361798]
    [-0.70710622357034469, -0.70710798437781608, -0.00000062909349241, 496.72828571358695626]
    [-0.00000015584505802, -0.00000073382677132, 1.00000045649119840, 79.74741648882627487]
  #1142 objects/planets/flora/grass/cypress_debris_01/cypress_debris_01.cgf
    [0.00000321910358402, -1.00000175018485460, 0.00000156215695069, -68.27565851109102368]
    [1.00000175018607163, 0.00000321910345856, -0.00000008032266596, 395.58586073131300509]
    [0.00000008031763722, 0.00000156215720925, 1.00000175019003290, 79.74741565808653831]
  #1143 objects/planets/flora/grass/cypress_debris_01/cypress_debris_01.cgf
    [0.00000321910358402, -1.00000175018485460, 0.00000156215695069, -63.27565861446782947]
    [1.00000175018607163, 0.00000321910345856, -0.00000008032266596, 44.58586055343039334]
    [0.00000008031763722, 0.00000156215720925, 1.00000175019003290, 148.74741613864898682]
  #1144 objects/planets/flora/tree/cypress_01/cypress_01_a_mega_wind.cgf
    [-0.70710798437807876, 0.70710622357024366, 0.00000040869400561, -62.69774299440905452]
    [-0.70710622357034469, -0.70710798437781608, -0.00000062909349241, 44.91691113961860538]
    [-0.00000015584505802, -0.00000073382677132, 1.00000045649119840, 148.74741615168750286]
  #1145 objects/buildingsets/human/hightech/loc/stanton/orison/base/base_08x08x04_canopy_cap_002.cgf
    [1.00000039401310414, 0.00000048519708970, 0.00000063887890104, 10.49999418621882796]
    [-0.00000048519739150, 1.00000039401319651, 0.00000047237895636, 107.74999845644924790]
    [-0.00000063887867184, -0.00000047237926634, 1.00000039401311014, 148.75000056996941566]
  #1146 objects/buildingsets/human/hightech/prop/light/lamp/lamp_planter_1_large_b.cgf
    [-0.56731192017688381, -0.19533854370477388, -0.00000000332462293, -34.10079667111858726]
    [0.19533854370468604, -0.56731192017663801, 0.00000055954753211, 81.00609527027700096]
    [-0.00000018531217372, 0.00000052798095807, 0.59999996785930898, 79.69740421697497368]
  #1147 objects/planets/flora/tree/cypress_01/cypress_01_a_mega_wind.cgf
    [-0.70710798437807876, 0.70710622357024366, 0.00000040869400561, -67.69774289103224874]
    [-0.70710622357034469, -0.70710798437781608, -0.00000062909349241, 395.91691131680272520]
    [-0.00000015584505802, -0.00000073382677132, 1.00000045649119840, 79.74741567112505436]
  #1148 objects/buildingsets/human/hightech/prop/light/lamp/lamp_planter_1_f.cgf
    [-1.49999977322166012, -0.00000095260038713, -0.00000054118694633, -0.12112369714304805]
    [0.00000054118744984, -0.00000079284201291, -1.49999977322175315, 121.53215242025908083]
    [0.00000095260010108, -1.49999977322154820, 0.00000079284235697, 153.83049393258988857]
  #1149 objects/buildingsets/human/hightech/prop/light/lamp/lamp_planter_1_large_b.cgf
    [-0.90769817882471615, -0.31254498305934991, -0.00000054732099356, -34.91265323432162404]
    [0.31254498305855288, -0.90769817882442216, 0.00000115388283386, 80.48452189809177071]
    [-0.00000089316916344, 0.00000091282786425, 0.96000018243537055, 79.69740460440516472]
  #1150 objects/planets/flora/grass/cypress_debris_01/cypress_debris_01.cgf
    [-0.70710798437807876, 0.70710622357024366, 0.00000040869400561, -58.38989447010681033]
    [-0.70710622357034469, -0.70710798437781608, -0.00000062909349241, 130.22828550077974796]
    [-0.00000015584505802, -0.00000073382677132, 1.00000045649119840, 79.74741549603641033]
  #1151 objects/buildingsets/human/hightech/loc/stanton/orison/base/base_08x08x04_canopy_corner_001.cgf
    [1.00000039401310414, 0.00000048519708970, 0.00000063887890104, 10.49999418621882796]
    [-0.00000048519739150, 1.00000039401319651, 0.00000047237895636, 107.74999845644924790]
    [-0.00000063887867184, -0.00000047237926634, 1.00000039401311014, 148.75000056996941566]
  #1152 objects/planets/flora/grass/cypress_debris_01/cypress_debris_01.cgf
    [0.00000321910358402, -1.00000175018485460, 0.00000156215695069, -161.27565862284973264]
    [1.00000175018607163, 0.00000321910345856, -0.00000008032266596, 371.58586103061679751]
    [0.00000008031763722, 0.00000156215720925, 1.00000175019003290, 148.74741608276963234]
  #1153 objects/planets/flora/grass/cypress_debris_01/cypress_debris_01.cgf
    [-0.70710798437807876, 0.70710622357024366, 0.00000040869400561, -252.38989433413371444]
    [-0.70710622357034469, -0.70710798437781608, -0.00000062909349241, 57.22828544536605477]
    [-0.00000015584505802, -0.00000073382677132, 1.00000045649119840, 148.74741542525589466]
  #1154 objects/planets/flora/tree/cypress_01/cypress_01_a_subtle_wind.cgf
    [-0.70710798437807876, 0.70710622357024366, 0.00000040869400561, 44.30225716019049287]
    [-0.70710622357034469, -0.70710798437781608, -0.00000062909349241, 128.91691078734584153]
    [-0.00000015584505802, -0.00000073382677132, 1.00000045649119840, 79.74741603434085846]
  #1155 objects/planets/flora/grass/cypress_debris_01/cypress_debris_01.cgf
    [-0.70710798437807876, 0.70710622357024366, 0.00000040869400561, -66.88989439560100436]
    [-0.70710622357034469, -0.70710798437781608, -0.00000062909349241, 396.22828565503004938]
    [-0.00000015584505802, -0.00000073382677132, 1.00000045649119840, 79.74741559848189354]
  #1156 objects/buildingsets/human/hightech/loc/stanton/orison/flag/flag_pole_a.cgf
    [0.00000262204729689, 1.00000225590868475, 0.00000070442197460, -116.12924342369660735]
    [-1.00000225590770353, 0.00000262204840145, -0.00000156801484528, 353.24027801596093923]
    [-0.00000156801669229, -0.00000070441786319, 1.00000225591089342, 150.31479970179498196]
  #1157 objects/buildingsets/human/hightech/prop/light/lamp/lamp_planter_1_f.cgf
    [-1.49999977322166012, -0.00000095260038713, -0.00000054118694633, -276.87308458099141717]
    [0.00000054118744984, -0.00000079284201291, -1.49999977322175315, 290.02920960530173033]
    [0.00000095260010108, -1.49999977322154820, 0.00000079284235697, 142.33049516752362251]
  #1158 objects/buildingsets/human/hightech/loc/stanton/orison/organics/rock/rock_sharp_a.cgf
    [1.72509500330866228, 1.12028998337062236, 0.00000443993093949, -37.75261765951290727]
    [-1.12028998337089258, 1.72509500331379040, -0.00000118888507842, 85.40467207715846598]
    [-0.00000437115251487, -0.00000142107711574, 2.05694006166432786, 79.74741254374384880]
  #1159 objects/buildingsets/human/hightech/prop/light/lamp/lamp_planter_1_d.cgf
    [0.32556965266107218, 0.94551846163652464, -0.00000016233062830, -39.61978679848834872]
    [-0.94551846163611453, 0.32556965266108406, 0.00000089112084454, 80.87566213810350746]
    [0.00000089542079606, -0.00000013663524597, 1.00000038001420632, 79.74741709046065807]
  #1160 objects/planets/flora/tree/cypress_01/cypress_01_a_mega_wind.cgf
    [-0.70710798437807876, 0.70710622357024366, 0.00000040869400561, -160.69774300092831254]
    [-0.70710622357034469, -0.70710798437781608, -0.00000062909349241, 371.91691161564085633]
    [-0.00000015584505802, -0.00000073382677132, 1.00000045649119840, 148.74741609767079353]
  #1161 objects/planets/flora/tree/cypress_01/cypress_01_a_mega_wind.cgf
    [-0.70710798437807876, 0.70710622357024366, 0.00000040869400561, -151.69774294691160321]
    [-0.70710622357034469, -0.70710798437781608, -0.00000062909349241, 152.91691113845445216]
    [-0.00000015584505802, -0.00000073382677132, 1.00000045649119840, 148.74741647765040398]
  #1162 objects/planets/flora/tree/apaaj_01/apaaj_01_leafpile_d.cgf
    [-0.06979728748906593, -1.99878149482729484, -0.00000043260057572, -38.38577750371769071]
    [1.99878149482671397, -0.06979728748938545, 0.00000156965706967, 81.81896461243741214]
    [-0.00000158379809856, -0.00000037755815110, 1.99999978135058898, 79.74741633981466293]
  #1163 objects/buildingsets/human/brand/decal/logo/secondary_logo_txt_lrg.cgf
    [0.00000126205944362, -0.00000280428625662, -2.12821284768969798, -125.37791098142042756]
    [-0.00000134293155680, 2.12821284768964825, -0.00000280428705300, 20.84111671079881489]
    [2.12821284769112173, 0.00000134293321978, 0.00000126205767406, 160.18680192157626152]
  #1164 objects/planets/flora/tree/apaaj_01/apaaj_01_leafpile_c.cgf
    [-1.99725918756808318, -0.10466914420291881, -0.00000043079173314, -284.78332932805642486]
    [0.10466914420242363, -1.99725918756709708, 0.00000205620980580, 320.25117126014083624]
    [-0.00000053781224107, 0.00000203084668948, 1.99999997301726617, 137.25001396052539349]
  #1165 objects/buildingsets/human/hightech/prop/light/lamp/lamp_planter_1_f.cgf
    [1.49999948822983131, -0.00000017236440278, 0.00000054271940329, -276.87886761454865336]
    [-0.00000054271946286, -0.00000051836194558, 1.49999948822975160, 276.46784946322441101]
    [-0.00000017236421523, -1.49999948822983997, -0.00000051836200795, 142.33049876242876053]
  #1166 objects/planets/flora/grass/cypress_debris_01/cypress_debris_01.cgf
    [0.00000321910358402, -1.00000175018485460, 0.00000156215695069, -152.27565856790170074]
    [1.00000175018607163, 0.00000321910345856, -0.00000008032266596, 152.58586055273190141]
    [0.00000008031763722, 0.00000156215720925, 1.00000175019003290, 148.74741646274924278]
  #1167 objects/buildingsets/human/hightech/loc/stanton/orison/flag/flag_base_b.cgf
    [0.00000262204729689, 1.00000225590868475, 0.00000070442197460, -116.88953862665221095]
    [-1.00000225590770353, 0.00000262204840145, -0.00000156801484528, 353.24027614830993116]
    [-0.00000156801669229, -0.00000070441786319, 1.00000225591089342, 148.66712711937725544]
  #1168 objects/planets/flora/tree/cypress_01/cypress_01_a_mega_wind.cgf
    [-0.70710798437807876, 0.70710622357024366, 0.00000040869400561, -230.19774305308237672]
    [-0.70710622357034469, -0.70710798437781608, -0.00000062909349241, 48.91691069293301553]
    [-0.00000015584505802, -0.00000073382677132, 1.00000045649119840, 148.74741580337285995]
  #1169 objects/planets/flora/grass/cypress_debris_01/cypress_debris_01.cgf
    [0.00000321910358402, -1.00000175018485460, 0.00000156215695069, -28.77565808081999421]
    [1.00000175018607163, 0.00000321910345856, -0.00000008032266596, 173.08586033130995929]
    [0.00000008031763722, 0.00000156215720925, 1.00000175019003290, 148.74741589464247227]
  #1170 objects/buildingsets/human/hightech/loc/stanton/orison/base/base_08x08x04_canopy_cap_002.cgf
    [0.00000016778239824, 1.00000032975481123, 0.00000000781488671, -153.50000066729262471]
    [-1.00000032975479636, 0.00000016778239968, -0.00000017285227624, 26.75000186078250408]
    [-0.00000017285227755, -0.00000000781485771, 1.00000032975481035, 148.75000125542283058]
  #1171 objects/planets/flora/grass/cypress_debris_01/cypress_debris_01.cgf
    [0.00000321910358402, -1.00000175018485460, 0.00000156215695069, -230.77565867500379682]
    [1.00000175018607163, 0.00000321910345856, -0.00000008032266596, 48.58586010674480349]
    [0.00000008031763722, 0.00000156215720925, 1.00000175019003290, 148.74741579033434391]
  #1172 objects/buildingsets/human/hightech/loc/stanton/orison/base/base_08x08x04_canopy_cap_002.cgf
    [-1.00000012325478527, -0.00000016924750857, 0.00000016398527482, -287.49999830638989806]
    [0.00000016924758603, -1.00000012325468712, 0.00000047237892092, 290.25000007683411241]
    [0.00000016398519487, 0.00000047237894867, 1.00000012325468823, 137.25000127032399178]
  #1173 objects/planets/flora/tree/apaaj_01/apaaj_01_small_e.cgf
    [-0.99862959378404170, -0.05233457210145941, -0.00000021539586657, -37.26513905497267842]
    [0.05233457210121182, -0.99862959378354865, 0.00000102810490290, 81.43448635807726532]
    [-0.00000026890612053, 0.00000101542334474, 0.99999998650863320, 78.74741699546575546]
  #1174 objects/planets/flora/grass/cypress_debris_01/cypress_debris_01.cgf
    [-0.70710798437807876, 0.70710622357024366, 0.00000040869400561, 43.69805017439648509]
    [-0.70710622357034469, -0.70710798437781608, -0.00000062909349241, 128.23941521078813821]
    [-0.00000015584505802, -0.00000073382677132, 1.00000045649119840, 79.74741581454873085]
  #1175 objects/buildingsets/human/hightech/prop/light/lamp/lamp_planter_1_f.cgf
    [-0.00000057596398732, 0.00000017801652475, 1.49999950727472497, -153.27920757373794913]
    [-1.49999950727472098, -0.00000020958340989, -0.00000057596396218, 37.37691179243847728]
    [0.00000020958334145, -1.49999950727482090, 0.00000017801660493, 153.83049911260604858]
  #1176 objects/planets/flora/tree/cypress_01/cypress_01_a_mega_wind.cgf
    [-0.70710798437807876, 0.70710622357024366, 0.00000040869400561, -28.19774245982989669]
    [-0.70710622357034469, -0.70710798437781608, -0.00000062909349241, 173.41691091703251004]
    [-0.00000015584505802, -0.00000073382677132, 1.00000045649119840, 148.74741590768098831]
  #1177 objects/buildingsets/human/hightech/prop/light/lamp/lamp_planter_1_large_b.cgf
    [-0.13891567189294143, 0.78784745289050995, -0.00000022441421642, -23.25796733098104596]
    [-0.78784745289045632, -0.13891567189281434, 0.00000041270325604, 87.36352649272885174]
    [0.00000036746536004, 0.00000029266863044, 0.80000073307676511, 148.69998986087739468]
  #1178 objects/planets/flora/grass/cypress_debris_01/cypress_debris_01.cgf
    [-0.70710798437807876, 0.70710622357024366, 0.00000040869400561, -27.38989396626129746]
    [-0.70710622357034469, -0.70710798437781608, -0.00000062909349241, 173.72828525525983423]
    [-0.00000015584505802, -0.00000073382677132, 1.00000045649119840, 148.74741583503782749]
  #1179 objects/buildingsets/human/hightech/prop/light/lamp/lamp_planter_1_f.cgf
    [-0.00000048305738387, -0.00000016828404540, -1.49999952460198105, -139.71784756006672978]
    [1.49999952460198704, 0.00000010256478963, -0.00000048305739586, 37.37112979346420616]
    [0.00000010256484342, -1.49999952460205521, 0.00000016828401285, 153.83049610815942287]
  #1180 objects/planets/flora/tree/apaaj_01/apaaj_01_small_b.cgf
    [-0.99862959378404170, -0.05233457210145941, -0.00000021539586657, -25.98035730840638280]
    [0.05233457210121182, -0.99862959378354865, 0.00000102810490290, 77.90410738019272685]
    [-0.00000026890612053, 0.00000101542334474, 0.99999998650863320, 148.75001363456249237]
  #1181 objects/planets/flora/tree/apaaj_01/apaaj_01_leafpile_c.cgf
    [-1.99725918756808318, -0.10466914420291881, -0.00000043079173314, -25.20455726841464639]
    [0.10466914420242363, -1.99725918756709708, 0.00000205620980580, 76.44197620137128979]
    [-0.00000053781224107, 0.00000203084668948, 1.99999997301726617, 148.75001542083919048]
  #1182 objects/buildingsets/human/hightech/loc/stanton/orison/base/base_08x08x04_canopy_corner_001.cgf
    [-1.00000012325478527, -0.00000016924750857, 0.00000016398527482, -287.49999830638989806]
    [0.00000016924758603, -1.00000012325468712, 0.00000047237892092, 290.25000007683411241]
    [0.00000016398519487, 0.00000047237894867, 1.00000012325468823, 137.25000127032399178]
  #1183 objects/planets/flora/tree/apaaj_01/apaaj_01_large_c.cgf
    [-0.12186959003093657, -0.99254614544289166, -0.00000023467153001, -27.32092248415574431]
    [0.99254614544228414, -0.12186959003112265, 0.00000110267839326, 88.82211402244865894]
    [-0.00000112305848520, -0.00000009853935648, 1.00000002390331710, 147.75000130198895931]
  #1184 objects/buildingsets/human/hightech/loc/stanton/orison/base/base_08x08x04_canopy_corner_001.cgf
    [0.00000016778239824, 1.00000032975481123, 0.00000000781488671, -153.50000066729262471]
    [-1.00000032975479636, 0.00000016778239968, -0.00000017285227624, 26.75000186078250408]
    [-0.00000017285227755, -0.00000000781485771, 1.00000032975481035, 148.75000125542283058]
  #1185 objects/buildingsets/human/hightech/prop/light/lamp/lamp_planter_1_d.cgf
    [0.61566438085154251, 0.78800858427293718, -0.00000019827581288, -30.81813715538010001]
    [-0.78800858427242160, 0.61566438085139552, 0.00000101626671737, 72.94155279942788184]
    [0.00000092289817953, -0.00000046943613947, 1.00000007936805657, 148.75829097442328930]
  #1186 objects/planets/flora/grass/cypress_debris_01/cypress_debris_01.cgf
    [-0.70710798437807876, 0.70710622357024366, 0.00000040869400561, -61.88989449897781014]
    [-0.70710622357034469, -0.70710798437781608, -0.00000062909349241, 45.22828547807876021]
    [-0.00000015584505802, -0.00000073382677132, 1.00000045649119840, 148.74741607904434204]
  #1187 objects/planets/flora/grass/cypress_debris_01/cypress_debris_01.cgf
    [-0.70710798437807876, 0.70710622357024366, 0.00000040869400561, -150.88989445334300399]
    [-0.70710622357034469, -0.70710798437781608, -0.00000062909349241, 153.22828547668177634]
    [-0.00000015584505802, -0.00000073382677132, 1.00000045649119840, 148.74741640314459801]
  #1188 objects/planets/flora/grass/cypress_debris_01/cypress_debris_01.cgf
    [-0.70710798437807876, 0.70710622357024366, 0.00000040869400561, 44.84185854019597173]
    [-0.70710622357034469, -0.70710798437781608, -0.00000062909349241, 128.96003870537970215]
    [-0.00000015584505802, -0.00000073382677132, 1.00000045649119840, 79.74741588532924652]
  #1189 objects/planets/flora/grass/cypress_debris_01/cypress_debris_01.cgf
    [-0.70710798437807876, 0.70710622357024366, 0.00000040869400561, -159.88989450642839074]
    [-0.70710622357034469, -0.70710798437781608, -0.00000062909349241, 372.22828595386818051]
    [-0.00000015584505802, -0.00000073382677132, 1.00000045649119840, 148.74741602316498756]
  #1190 objects/planets/flora/tree/cypress_01/cypress_01_a_mega_wind.cgf
    [-0.70710798437807876, 0.70710622357024366, 0.00000040869400561, 23.30225704377517104]
    [-0.70710622357034469, -0.70710798437781608, -0.00000062909349241, 146.91691136360168457]
    [-0.00000015584505802, -0.00000073382677132, 1.00000045649119840, 148.74741617962718010]
  #1191 objects/buildingsets/human/hightech/prop/light/lamp/lamp_planter_1_d.cgf
    [-0.99863014733927713, -0.05233240824886892, -0.00000102614838188, -26.92652965942397714]
    [0.05233240824766588, -0.99863014733918642, 0.00000116615644456, 98.36909702350385487]
    [-0.00000108577002232, 0.00000111085769271, 1.00000042606322581, 148.78329492360353470]
  #1192 objects/buildingsets/human/hightech/loc/stanton/orison/organics/rock/rock_sharp_a.cgf
    [0.08883815703273393, 2.54413358092568620, -0.00005201698370986, -34.26874550571665168]
    [-2.54413358113317267, 0.08883815783386735, 0.00003882880324607, 87.96902724355459213]
    [0.00004062041805209, 0.00005063026953381, 2.54568417016546933, 147.97856964543461800]
  #1193 objects/buildingsets/human/hightech/prop/light/lamp/lamp_planter_1_large_b.cgf
    [-0.16670334435079684, 0.94541534560883589, -0.00000022230430489, -34.83756093261763453]
    [-0.94541534560844287, -0.16670334435050566, 0.00000094335546932, 84.33798528974875808]
    [0.00000089042060641, 0.00000038273997589, 0.96000009412995668, 148.69999052211642265]
  #1194 objects/buildingsets/human/hightech/prop/light/lamp/lamp_planter_1_large_b.cgf
    [-0.10418675650721207, 0.59088560434268456, -0.00000016831066645, -35.50670734094455838]
    [-0.59088560434264437, -0.10418675650711674, 0.00000030952744982, 84.69155721622519195]
    [0.00000027559902698, 0.00000021950147826, 0.60000056470874841, 148.71518098004162312]
  #1195 objects/planets/flora/tree/cypress_01/cypress_01_a_subtle_wind.cgf
    [-0.70710798437807876, 0.70710622357024366, 0.00000040869400561, -51.19774316111579537]
    [-0.70710622357034469, -0.70710798437781608, -0.00000062909349241, 223.41691091214306653]
    [-0.00000015584505802, -0.00000073382677132, 1.00000045649119840, 79.74741637334227562]
  #1196 objects/planets/flora/grass/cypress_debris_01/cypress_debris_01.cgf
    [0.00000321910358402, -1.00000175018485460, 0.00000156215695069, 22.72434142185375094]
    [1.00000175018607163, 0.00000321910345856, -0.00000008032266596, 146.58586077764630318]
    [0.00000008031763722, 0.00000156215720925, 1.00000175019003290, 148.74741616658866405]
  #1197 objects/planets/flora/grass/cypress_debris_01/cypress_debris_01.cgf
    [-0.70710798437807876, 0.70710622357024366, 0.00000040869400561, -229.38989455951377749]
    [-0.70710622357034469, -0.70710798437781608, -0.00000062909349241, 49.22828503092750907]
    [-0.00000015584505802, -0.00000073382677132, 1.00000045649119840, 148.74741573259234428]
  #1198 objects/buildingsets/human/hightech/prop/light/lamp/lamp_planter_1_large_b.cgf
    [-0.20837658706570647, 1.18177126440625924, -0.00000036921525023, -24.28473034361377358]
    [-1.18177126440629854, -0.20837658706562681, 0.00000027702479943, 86.56519463146105409]
    [0.00000020870314599, 0.00000041171062332, 1.20000171808770539, 148.69999050348997116]
  #1199 objects/buildingsets/human/hightech/prop/light/lamp/lamp_planter_1_d.cgf
    [0.89879451216367234, 0.43837052859349246, -0.00000016493241347, -6.47318676626309752]
    [-0.43837052859311121, 0.89879451216327932, 0.00000103332922512, 218.27860260824672878]
    [0.00000060122133793, -0.00000085644900101, 1.00000014771689094, 79.74741985090076923]
  #1200 objects/planets/flora/tree/apaaj_01/apaaj_01_leafpile_c.cgf
    [-1.99725918756808318, -0.10466914420291881, -0.00000043079173314, -27.21134239295497537]
    [0.10466914420242363, -1.99725918756709708, 0.00000205620980580, 93.40053778048604727]
    [-0.00000053781224107, 0.00000203084668948, 1.99999997301726617, 148.74999631941318512]
  #1201 objects/buildingsets/human/hightech/prop/light/lamp/lamp_planter_1_large_b.cgf
    [-0.56731192017688381, -0.19533854370477388, -0.00000000332462293, -1.95623548468574882]
    [0.19533854370468604, -0.56731192017663801, 0.00000055954753211, 224.36833881610073149]
    [-0.00000018531217372, 0.00000052798095807, 0.59999996785930898, 79.69740019552409649]
  #1202 objects/planets/flora/grass/cypress_debris_01/cypress_debris_01.cgf
    [-0.70710798437807876, 0.70710622357024366, 0.00000040869400561, -51.80195014597848058]
    [-0.70710622357034469, -0.70710798437781608, -0.00000062909349241, 222.73941533581819385]
    [-0.00000015584505802, -0.00000073382677132, 1.00000045649119840, 79.74741615541279316]
  #1203 objects/buildingsets/human/hightech/loc/stanton/orison/organics/rock/rock_sharp_a.cgf
    [1.44680160880378872, 1.91996554167558542, 0.00001818349572014, -4.13820190960541368]
    [-1.91996554166344624, 1.44680160889520160, -0.00001061801082243, 225.03399530716706067]
    [-0.00001942303164906, -0.00000813188243822, 2.40405960332644719, 79.74741296283900738]
  #1204 objects/buildingsets/human/hightech/prop/light/lamp/lamp_planter_1_large_b.cgf
    [-0.90769817882471615, -0.31254498305934991, -0.00000054732099356, -2.41013003652915359]
    [0.31254498305855288, -0.90769817882442216, 0.00000115388283386, 223.76274282380472869]
    [-0.00000089316916344, 0.00000091282786425, 0.96000018243537055, 79.69740075618028641]
  #1205 objects/buildingsets/human/hightech/loc/stanton/orison/organics/rock/rock_sharp_a.cgf
    [2.03973128789056179, -1.03929348573677127, 0.00000772014425967, -28.20918864803388715]
    [1.03929348574889269, 2.03973128789777469, -0.00000223159517090, 79.64546010352205485]
    [-0.00000586557913655, 0.00000549323454713, 2.28924325406663565, 148.34560719877481461]
  #1206 objects/buildingsets/human/hightech/prop/light/light_street_3_a.cgf
    [0.00000024430014125, -0.99999990601272193, 0.00000037046128440, -289.14440784556791186]
    [0.99999990601275945, 0.00000024430023351, 0.00000024907082518, 276.51904773700516671]
    [-0.00000024907091568, 0.00000037046122355, 0.99999990601272104, 137.30500533990561962]
  #1207 objects/buildingsets/human/hightech/loc/stanton/orison/flag/flag_pole_a.cgf
    [-0.00000384450135201, -1.00000137291169033, -0.00000009605513777, -88.14176645735278726]
    [1.00000137291097047, -0.00000384450123632, -0.00000120380384577, 389.36579155549407005]
    [0.00000120380347648, -0.00000009605976579, 1.00000137291835611, 81.39766821637749672]
  #1208 objects/planets/flora/grass/cypress_debris_01/cypress_debris_01.cgf
    [0.00000321910358402, -1.00000175018485460, 0.00000156215695069, -207.27565833786502481]
    [1.00000175018607163, 0.00000321910345856, -0.00000008032266596, 378.58586006029509008]
    [0.00000008031763722, 0.00000156215720925, 1.00000175019003290, 148.74741605110466480]
  #1209 objects/buildingsets/human/hightech/prop/light/lamp/lamp_planter_1_d.cgf
    [0.99254490614268653, -0.12187109150231587, -0.00000132784841234, -68.49189563980326056]
    [0.12187109150250267, 0.99254490614354995, 0.00000006037565460, 417.16842786979395896]
    [0.00000131059247184, -0.00000022175211068, 0.99999897682635486, 79.74005007930099964]
  #1210 objects/buildingsets/human/hightech/loc/stanton/orison/flag/flag_base_b.cgf
    [-0.00000384450135201, -1.00000137291169033, -0.00000009605513777, -87.38146985555067658]
    [1.00000137291097047, -0.00000384450123632, -0.00000120380384577, 389.36579542804975063]
    [0.00000120380347648, -0.00000009605976579, 1.00000137291835611, 79.74999689497053623]
  #1211 objects/planets/flora/tree/apaaj_01/apaaj_01_small_d.cgf
    [-0.81915033478418309, 0.57357788693722123, -0.00000021208395756, -69.95952714188024402]
    [-0.57357788693724965, -0.81915033478403954, 0.00000049756524722, 419.84058514947537333]
    [0.00000011166384174, 0.00000052922770784, 0.99999943167991878, 78.75500136055052280]
  #1212 objects/planets/flora/grass/cypress_debris_01/cypress_debris_01.cgf
    [-0.70710798437807876, 0.70710622357024366, 0.00000040869400561, -205.88989422423765063]
    [-0.70710622357034469, -0.70710798437781608, -0.00000062909349241, 379.22828498424496502]
    [-0.00000015584505802, -0.00000073382677132, 1.00000045649119840, 148.74741599150002003]
  #1213 objects/planets/flora/tree/apaaj_01/apaaj_01_leafpile_c.cgf
    [1.49429190668221246, 0.13073174835053969, -0.00000116042285009, -69.18390422826632857]
    [-0.13073174835035747, 1.49429190668265210, 0.00000028419308748, 419.38558296556584537]
    [0.00000118077592643, -0.00000018197558506, 1.49999969746752626, 79.75500132329761982]
  #1214 objects/buildingsets/human/hightech/prop/light/light_street_3_a.cgf
    [0.00000024430014125, -0.99999990601272193, 0.00000037046128440, -162.30819578701630235]
    [0.99999990601275945, 0.00000024430023351, 0.00000024907082518, 426.91326216212473810]
    [-0.00000024907091568, 0.00000037046122355, 0.99999990601272104, 148.75490415841341019]
  #1215 objects/buildingsets/human/hightech/prop/light/light_street_3_a.cgf
    [0.50000068140912757, -0.86602504418011539, 0.00000111922943071, -55.35728905769065022]
    [0.86602504417929693, 0.50000068141025844, 0.00000124066325551, 399.36548666004091501]
    [-0.00000163406088083, 0.00000034894823381, 1.00000002927761122, 79.85010943934321404]
  #1216 objects/buildingsets/human/hightech/prop/light/light_street_3_a.cgf
    [0.50000068140912757, -0.86602504418011539, 0.00000111922943071, -45.73976724548265338]
    [0.86602504417929693, 0.50000068141025844, 0.00000124066325551, 416.02360008237883449]
    [-0.00000163406088083, 0.00000034894823381, 1.00000002927761122, 79.85010894201695919]
  #1217 objects/buildingsets/human/hightech/prop/light/light_street_3_a.cgf
    [-0.00000051972279730, 0.99999969954745982, 0.00000037046131720, -84.53895585192367435]
    [-0.99999969954734169, -0.00000051972302367, 0.00000061119766430, 477.43640168092679232]
    [0.00000061119785683, -0.00000037046099955, 0.99999969954740819, 79.85010862536728382]
  #1218 objects/buildingsets/human/hightech/prop/light/light_street_3_a.cgf
    [-0.00000051972279730, 0.99999969954745982, 0.00000037046131720, -84.53893944853916764]
    [-0.99999969954734169, -0.00000051972302367, 0.00000061119766430, 503.30466475686989725]
    [0.00000061119785683, -0.00000037046099955, 0.99999969954740819, 79.85010899603366852]
  #1219 objects/buildingsets/human/hightech/prop/light/light_street_3_a.cgf
    [0.00000024430014125, -0.99999990601272193, 0.00000037046128440, -123.71762670902535319]
    [0.99999990601275945, 0.00000024430023351, 0.00000024907082518, 421.07239403447601944]
    [-0.00000024907091568, 0.00000037046122355, 0.99999990601272104, 148.75490413792431355]
  #1220 objects/buildingsets/human/hightech/prop/light/light_street_3_a.cgf
    [0.00000024430014125, -0.99999990601272193, 0.00000037046128440, -123.67756787640973926]
    [0.99999990601275945, 0.00000024430023351, 0.00000024907082518, 466.25058036122936755]
    [-0.00000024907091568, 0.00000037046122355, 0.99999990601272104, 148.75490402616560459]
  #1221 objects/buildingsets/human/hightech/prop/light/light_street_3_a.cgf
    [0.50000068140912757, -0.86602504418011539, 0.00000111922943071, -37.22182360524311662]
    [0.86602504417929693, 0.50000068141025844, 0.00000124066325551, 430.77708583266939968]
    [-0.00000163406088083, 0.00000034894823381, 1.00000002927761122, 79.85010894574224949]
  #1222 objects/buildingsets/human/hightech/prop/light/light_street_3_a.cgf
    [-0.00000051972279730, 0.99999969954745982, 0.00000037046131720, -214.47182807093486190]
    [-0.99999969954734169, -0.00000051972302367, 0.00000061119766430, 376.77783304860349745]
    [0.00000061119785683, -0.00000037046099955, 0.99999969954740819, 148.75490365177392960]
  #1223 objects/buildingsets/human/hightech/prop/light/light_street_3_a.cgf
    [-0.00000051972279730, 0.99999969954745982, 0.00000037046131720, -84.49889382114633918]
    [-0.99999969954734169, -0.00000051972302367, 0.00000061119766430, 425.20963045174721628]
    [0.00000061119785683, -0.00000037046099955, 0.99999969954740819, 79.85010890103876591]
  #1224 objects/buildingsets/human/hightech/prop/light/light_street_3_a.cgf
    [-0.00000051972279730, 0.99999969954745982, 0.00000037046131720, -214.47182770213112235]
    [-0.99999969954734169, -0.00000051972302367, 0.00000061119766430, 352.18151381018105894]
    [0.00000061119785683, -0.00000037046099955, 0.99999969954740819, 148.75490375235676765]
  #1225 objects/buildingsets/human/hightech/prop/light/light_street_3_a.cgf
    [0.00000024430014125, -0.99999990601272193, 0.00000037046128440, -162.14704687753692269]
    [0.99999990601275945, 0.00000024430023351, 0.00000024907082518, 403.94302299746777862]
    [-0.00000024907091568, 0.00000037046122355, 0.99999990601272104, 148.75490427948534489]
  #1226 objects/buildingsets/human/hightech/prop/light/light_street_3_a.cgf
    [0.34201915350138551, 0.93969343640854530, -0.00000076524981137, -69.85621048277243972]
    [-0.93969343640873759, 0.34201915350081818, -0.00000078265394892, 380.19575087563134730]
    [-0.00000047372448337, 0.00000098678244381, 1.00000042789515486, 79.85010863840579987]
  #1227 objects/buildingsets/human/hightech/prop/light/light_street_3_a.cgf
    [0.34201915350138551, 0.93969343640854530, -0.00000076524981137, -79.75975003512576222]
    [-0.93969343640873759, 0.34201915350081818, -0.00000078265394892, 407.40554607333615422]
    [-0.00000047372448337, 0.00000098678244381, 1.00000042789515486, 79.85010866820812225]
  #1228 objects/buildingsets/human/hightech/prop/light/light_street_3_a.cgf
    [-0.00000051972279730, 0.99999969954745982, 0.00000037046131720, -84.53897311119362712]
    [-0.99999969954734169, -0.00000051972302367, 0.00000061119766430, 450.67666291282512248]
    [0.00000061119785683, -0.00000037046099955, 0.99999969954740819, 79.85010866820812225]
  #1229 objects/buildingsets/human/hightech/prop/light/light_street_3_a.cgf
    [0.00000024430014125, -0.99999990601272193, 0.00000037046128440, -123.87876790249720216]
    [0.99999990601275945, 0.00000024430023351, 0.00000024907082518, 444.04262778838165104]
    [-0.00000024907091568, 0.00000037046122355, 0.99999990601272104, 148.75490353256464005]
  #1230 objects/buildingsets/human/hightech/prop/light/light_street_3_a.cgf
    [0.00000024430014125, -0.99999990601272193, 0.00000037046128440, -162.10700272163376212]
    [0.99999990601275945, 0.00000024430023351, 0.00000024907082518, 449.12121796235442162]
    [-0.00000024907091568, 0.00000037046122355, 0.99999990601272104, 148.75490431860089302]
  #1231 objects/buildingsets/human/hightech/prop/light/light_street_3_a.cgf
    [0.50000068140912757, -0.86602504418011539, 0.00000111922943071, -63.87523289816454053]
    [0.86602504417929693, 0.50000068141025844, 0.00000124066325551, 384.61199977295473218]
    [-0.00000163406088083, 0.00000034894823381, 1.00000002927761122, 79.85010861605405807]
  #1232 objects/buildingsets/human/hightech/prop/light/light_street_3_a.cgf
    [0.00000024430014125, -0.99999990601272193, 0.00000037046128440, -123.67755623022094369]
    [0.99999990601275945, 0.00000024430023351, 0.00000024907082518, 492.11884866934269667]
    [-0.00000024907091568, 0.00000037046122355, 0.99999990601272104, 148.75490440614521503]
  #1233 objects/buildingsets/human/hightech/prop/light/light_street_3_a.cgf
    [-0.00000051972279730, 0.99999969954745982, 0.00000037046131720, -252.39729990577325225]
    [-0.99999969954734169, -0.00000051972302367, 0.00000061119766430, 330.51458054466638714]
    [0.00000061119785683, -0.00000037046099955, 0.99999969954740819, 148.75490377098321915]
  #1234 objects/buildingsets/human/hightech/prop/light/lamp/lamp_planter_1_large_b.cgf
    [0.39073161273680773, -0.92050492297546205, 0.00000104331570800, -73.27497645700350404]
    [0.92050492297455189, 0.39073161273796658, 0.00000136333010193, 416.54638109833467752]
    [-0.00000166260807866, 0.00000042768096772, 1.00000025320602282, 79.73751579411327839]
  #1235 objects/buildingsets/human/hightech/prop/light/lamp/lamp_planter_1_large_b.cgf
    [0.78146322547361535, -1.84100984595092365, 0.00000208663141600, -73.68888170504942536]
    [1.84100984594910333, 0.78146322547593305, 0.00000272666020386, 415.18555630976334214]
    [-0.00000332521615733, 0.00000085536193544, 2.00000050641204519, 79.73751642554998398]
  #1236 objects/buildingsets/human/hightech/prop/light/lamp/lamp_planter_1_large_b.cgf
    [0.78146322547361535, -1.84100984595092365, 0.00000208663141600, -281.66070895316079259]
    [1.84100984594910333, 0.78146322547593305, 0.00000272666020386, 317.86412802920676768]
    [-0.00000332521615733, 0.00000085536193544, 2.00000050641204519, 137.24245738424360752]
  #1237 objects/buildingsets/human/hightech/prop/light/light_street_3_a.cgf
    [0.00000024430014125, -0.99999990601272193, 0.00000037046128440, -288.94321446260437369]
    [0.99999990601275945, 0.00000024430023351, 0.00000024907082518, 298.72700478299520910]
    [-0.00000024907091568, 0.00000037046122355, 0.99999990601272104, 137.30500491335988045]
  #1238 objects/buildingsets/human/hightech/prop/light/lamp/lamp_planter_1_large_b.cgf
    [0.39073161273680773, -0.92050492297546205, 0.00000104331570800, -281.24680382339283824]
    [0.92050492297455189, 0.39073161273796658, 0.00000136333010193, 319.22495270764920861]
    [-0.00000166260807866, 0.00000042768096772, 1.00000025320602282, 137.24245815537869930]
  #1239 objects/planets/flora/grass/rosemary_01/rosemary_01_dense_b.cgf
    [-0.70710740787076831, -0.70710594598447019, 0.00000070914571786, 58.69544323580339551]
    [0.70710594598466270, -0.70710740787093074, 0.00000002999213567, 145.73483604495413601]
    [0.00000048023464370, 0.00000052264889204, 0.99999985255614399, 80.80488207191228867]
  #1240 objects/planets/flora/grass/rosemary_01/rosemary_01_dense_b.cgf
    [-1.00000012325478527, -0.00000016924750857, 0.00000016398527482, 46.02887406898662448]
    [0.00000016924758603, -1.00000012325468712, 0.00000047237892092, 145.59955246094614267]
    [0.00000016398519487, 0.00000047237894867, 1.00000012325468823, 80.80488660000264645]
  #1241 objects/planets/flora/grass/rosemary_01/rosemary_01_dense_b.cgf
    [0.70710676396637018, 0.70710540137126154, -0.00000002786750796, 63.73501089261844754]
    [-0.70710540137103861, 0.70710676396617755, 0.00000076700330500, 145.73483509116340429]
    [0.00000056205803844, -0.00000052264847585, 0.99999901214692044, 80.80488028377294540]
  #1242 objects/buildingsets/human/hightech/loc/stanton/orison/base/base_08x08x04_canopy_cap_002.cgf
    [-1.00000012325478527, -0.00000016924750857, 0.00000016398527482, 50.50000198138877749]
    [0.00000016924758603, -1.00000012325468712, 0.00000047237892092, 126.75000027171336114]
    [0.00000016398519487, 0.00000047237894867, 1.00000012325468823, 79.75000132434070110]
  #1243 objects/planets/flora/grass/rosemary_01/rosemary_01_dense_b.cgf
    [0.70710676396637018, 0.70710540137126154, -0.00000002786750796, 50.16466578701511025]
    [-0.70710540137103861, 0.70710676396617755, 0.00000076700330500, 145.59955367841757834]
    [0.00000056205803844, -0.00000052264847585, 0.99999901214692044, 80.80488513223826885]
  #1244 objects/buildingsets/human/hightech/loc/stanton/orison/planter/planter_08x06x02_straight_001_a.cgf
    [0.00000024430014125, -0.99999990601272193, 0.00000037046128440, 62.99999937647953629]
    [0.99999990601275945, 0.00000024430023351, 0.00000024907082518, 143.24999896052759141]
    [-0.00000024907091568, 0.00000037046122355, 0.99999990601272104, 78.74999235942959785]
  #1245 objects/planets/flora/grass/rosemary_01/rosemary_01_dense_b.cgf
    [1.00000039401310414, 0.00000048519708970, 0.00000063887890104, 54.77563050342723727]
    [-0.00000048519739150, 1.00000039401319651, 0.00000047237895636, 145.73483678710181266]
    [-0.00000063887867184, -0.00000047237926634, 1.00000039401311014, 80.80488346144556999]
  #1246 objects/buildingsets/human/hightech/prop/light/lamp/lamp_planter_1_f.cgf
    [-1.49999977322166012, -0.00000095260038713, -0.00000054118694633, 61.12691570492461324]
    [0.00000054118744984, -0.00000079284201291, -1.49999977322175315, 126.52920980087947100]
    [0.00000095260010108, -1.49999977322154820, 0.00000079284235697, 84.83049521967768669]
  #1247 objects/buildingsets/human/hightech/loc/stanton/orison/planter/planter_08x06x02_straight_001_a.cgf
    [0.00000024430014125, -0.99999990601272193, 0.00000037046128440, 54.99999992223456502]
    [0.99999990601275945, 0.00000024430023351, 0.00000024907082518, 143.24999847367871553]
    [-0.00000024907091568, 0.00000037046122355, 0.99999990601272104, 78.74999519810080528]
  #1248 objects/buildingsets/human/hightech/loc/stanton/orison/base/base_08x08x04_canopy_corner_001.cgf
    [-1.00000012325478527, -0.00000016924750857, 0.00000016398527482, 50.50000198138877749]
    [0.00000016924758603, -1.00000012325468712, 0.00000047237892092, 126.75000027171336114]
    [0.00000016398519487, 0.00000047237894867, 1.00000012325468823, 79.75000132434070110]
  #1249 objects/buildingsets/human/hightech/prop/light/lamp/lamp_planter_1_f.cgf
    [1.49999948822983131, -0.00000017236440278, 0.00000054271940329, 61.12113267323002219]
    [-0.00000054271946286, -0.00000051836194558, 1.49999948822975160, 112.96784965833649039]
    [-0.00000017236421523, -1.49999948822983997, -0.00000051836200795, 84.83049881458282471]
  #1250 objects/buildingsets/human/hightech/loc/stanton/orison/planter/planter_06x06x02_cap_001_a.cgf
    [0.00000024430014125, -0.99999990601272193, 0.00000037046128440, 47.00000046705827117]
    [0.99999990601275945, 0.00000024430023351, 0.00000024907082518, 143.24999898823443800]
    [-0.00000024907091568, 0.00000037046122355, 0.99999990601272104, 78.74999803677201271]
  #1251 objects/buildingsets/human/hightech/loc/stanton/orison/planter/planter_06x06x02_cap_002_a.cgf
    [0.00000024430014125, -0.99999990601272193, 0.00000037046128440, 62.99999937647953629]
    [0.99999990601275945, 0.00000024430023351, 0.00000024907082518, 143.24999896052759141]
    [-0.00000024907091568, 0.00000037046122355, 0.99999990601272104, 78.74999235942959785]
  #1252 objects/planets/flora/tree/cypress_01/cypress_01_a_subtle_wind.cgf
    [-0.70710798437807876, 0.70710622357024366, 0.00000040869400561, 19.30225653247907758]
    [-0.70710622357034469, -0.70710798437781608, -0.00000062909349241, 114.91691086732316762]
    [-0.00000015584505802, -0.00000073382677132, 1.00000045649119840, 79.74741585180163383]
  #1253 objects/planets/flora/tree/cypress_01/cypress_01_a_subtle_wind.cgf
    [-0.70710798437807876, 0.70710622357024366, 0.00000040869400561, -34.19774318533018231]
    [-0.70710622357034469, -0.70710798437781608, -0.00000062909349241, 127.91691068094223738]
    [-0.00000015584505802, -0.00000073382677132, 1.00000045649119840, 79.74741561897099018]
  #1254 objects/planets/flora/grass/cypress_debris_01/cypress_debris_01.cgf
    [-0.70710798437807876, 0.70710622357024366, 0.00000040869400561, 18.69804954761639237]
    [-0.70710622357034469, -0.70710798437781608, -0.00000062909349241, 114.23941529169678688]
    [-0.00000015584505802, -0.00000073382677132, 1.00000045649119840, 79.74741563200950623]
  #1255 objects/planets/flora/grass/cypress_debris_01/cypress_debris_01.cgf
    [-0.70710798437807876, 0.70710622357024366, 0.00000040869400561, -34.80195017112419009]
    [-0.70710622357034469, -0.70710798437781608, -0.00000062909349241, 127.23941510438453406]
    [-0.00000015584505802, -0.00000073382677132, 1.00000045649119840, 79.74741540104150772]
  #1256 objects/planets/flora/grass/cypress_debris_01/cypress_debris_01.cgf
    [-0.70710798437807876, 0.70710622357024366, 0.00000040869400561, 19.84185791434720159]
    [-0.70710622357034469, -0.70710798437781608, -0.00000062909349241, 114.96003878582268953]
    [-0.00000015584505802, -0.00000073382677132, 1.00000045649119840, 79.74741569906473160]
  #1257 objects/planets/flora/grass/cypress_debris_01/cypress_debris_01.cgf
    [-0.70710798437807876, 0.70710622357024366, 0.00000040869400561, -33.65814180625602603]
    [-0.70710622357034469, -0.70710798437781608, -0.00000062909349241, 127.96003859944175929]
    [-0.00000015584505802, -0.00000073382677132, 1.00000045649119840, 79.74741546995937824]
  #1258 objects/buildingsets/human/hightech/prop/light/lamp/lamp_planter_1_large_b.cgf
    [0.95105799995529161, 0.30901627141739901, 0.00000077757281422, 23.89794512605294585]
    [-0.30901627141667648, 0.95105799995539464, -0.00000092474772835, 49.60617410345003009]
    [-0.00000102527772287, 0.00000063920531404, 1.00000118763870272, 80.54440482519567013]
  #1259 objects/buildingsets/human/hightech/prop/light/lamp/lamp_planter_1_large_b.cgf
    [1.90211209738532294, 0.61802959605868901, -0.00000225782528479, -3.06425573164597154]
    [-0.61802959605935670, 1.90211209738642828, -0.00000026001468865, 145.58249225094914436]
    [0.00000206697232958, 0.00000094499102838, 1.99999775315473549, 80.54440449178218842]
  #1260 objects/buildingsets/human/hightech/prop/light/lamp/lamp_planter_1_large_b.cgf
    [1.78201112547764162, -0.90798470714242463, -0.00000213674281644, 59.86931694159284234]
    [0.90798470714339075, 1.78201112547836016, 0.00000050043823778, 211.36820314021315426]
    [0.00000167665462741, -0.00000141595817517, 1.99999996993258855, 80.54440524801611900]
  #1261 objects/buildingsets/human/hightech/prop/light/light_street_2_a.cgf
    [0.99999963235726896, -0.00000012200883412, -0.00000023844907296, 20.81992896040901542]
    [0.00000012200882951, 0.99999963235729716, -0.00000001931325031, 141.26611519732978195]
    [0.00000023844907532, 0.00000001931322122, 0.99999963235727618, 79.74999516457319260]
  #1262 objects/buildingsets/human/hightech/prop/light/lamp/lamp_planter_1_d.cgf
    [0.97029647595668189, -0.24192240693319408, 0.00000025210274293, -30.74501576973125339]
    [0.24192240693278796, 0.97029647595619595, 0.00000109683137587, 148.68610069435089827]
    [-0.00000050996205546, -0.00000100326146247, 1.00000085111418890, 80.63361720368266106]
  #1263 objects/buildingsets/human/hightech/prop/light/light_street_3_a.cgf
    [-0.99999988499439008, -0.00000017279518136, 0.00000020466053574, -19.51109475502744317]
    [0.00000017279517741, -0.99999988499441084, -0.00000001931332130, 125.83513780275825411]
    [0.00000020466053907, -0.00000001931328594, 0.99999988499440506, 79.85010918416082859]
  #1264 objects/buildingsets/human/hightech/prop/light/light_street_2_a.cgf
    [-0.87462081669460656, 0.48480793403770400, -0.00000038965977335, 3.73769302805885673]
    [-0.48480793403765071, -0.87462081669469327, -0.00000022750254549, 42.39089432021137327]
    [-0.00000045109951927, -0.00000001006831091, 1.00000015295068656, 79.74999481067061424]
  #1265 objects/buildingsets/human/hightech/prop/light/lamp/lamp_planter_1_large_b.cgf
    [1.90211209738532294, 0.61802959605868901, -0.00000225782528479, 22.50622623274102807]
    [-0.61802959605935670, 1.90211209738642828, -0.00000026001468865, 49.89989831880666316]
    [0.00000206697232958, 0.00000094499102838, 1.99999775315473549, 80.54440507106482983]
  #1266 objects/buildingsets/human/hightech/prop/light/light_street_3_a.cgf
    [0.00000024430014125, -0.99999990601272193, 0.00000037046128440, 9.14175776625052094]
    [0.99999990601275945, 0.00000024430023351, 0.00000024907082518, 72.74863430566620082]
    [-0.00000024907091568, 0.00000037046122355, 0.99999990601272104, 148.75490398146212101]
  #1267 objects/buildingsets/human/hightech/prop/light/light_street_2_a.cgf
    [-0.87462081669460656, 0.48480793403770400, -0.00000038965977335, 15.67126896185800433]
    [-0.48480793403765071, -0.87462081669469327, -0.00000022750254549, 49.00577464140951633]
    [-0.00000045109951927, -0.00000001006831091, 1.00000015295068656, 79.74999536946415901]
  #1268 objects/buildingsets/human/hightech/prop/light/light_street_3_a.cgf
    [0.70710671274672576, -0.70710749520258709, 0.00000010272940098, 58.67178632738068700]
    [0.70710749520247540, 0.70710671274651482, -0.00000068323533770, 236.78940909146331251]
    [0.00000041047999186, 0.00000055576076938, 1.00000045649124103, 79.85010934993624687]
  #1269 objects/buildingsets/human/hightech/prop/light/light_street_2_a.cgf
    [-0.87462081669460656, 0.48480793403770400, -0.00000038965977335, 43.61500825593248010]
    [-0.48480793403765071, -0.87462081669469327, -0.00000022750254549, 64.49522303231060505]
    [-0.00000045109951927, -0.00000001006831091, 1.00000015295068656, 79.74999475479125977]
  #1270 objects/buildingsets/human/hightech/prop/light/light_street_2_a.cgf
    [0.00000024430014125, -0.99999990601272193, 0.00000037046128440, 64.82075301697477698]
    [0.99999990601275945, 0.00000024430023351, 0.00000024907082518, 265.39631667942740023]
    [-0.00000024907091568, 0.00000037046122355, 0.99999990601272104, 79.74999496154487133]
  #1271 objects/buildingsets/human/hightech/prop/light/lamp/lamp_planter_1_large_b.cgf
    [0.40673721603155466, 0.91354599570133377, -0.00000008694026534, 63.02541727712377906]
    [-0.91354599570017536, 0.40673721603088342, -0.00000163402202831, 144.62931875314097852]
    [-0.00000145739138336, 0.00000074404096288, 1.00000072458192313, 80.54440531693398952]
  #1272 objects/buildingsets/human/hightech/prop/light/lamp/lamp_planter_1_large_b.cgf
    [-0.24192232962385299, -0.97029579484078565, -0.00000015330546282, 47.61684722965583205]
    [0.97029579484026207, -0.24192232962388241, 0.00000101259676493, 146.09424027893692255]
    [-0.00000101960622269, 0.00000009621810594, 1.00000017152764475, 80.54440568387508392]
  #1273 objects/buildingsets/human/hightech/prop/light/lamp/lamp_planter_1_large_b.cgf
    [0.90798130407276512, -1.78201311475699797, -0.00000042561757520, 37.95459613343700767]
    [1.78201311475704505, 0.90798130407276867, 0.00000008586255896, 56.95717245852574706]
    [0.00000011672228589, -0.00000041820880829, 2.00000019742789314, 80.54440500959753990]
  #1274 objects/buildingsets/human/hightech/prop/light/light_street_3_a.cgf
    [-0.99999988499439008, -0.00000017279518136, 0.00000020466053574, -45.54286295501515269]
    [0.00000017279517741, -0.99999988499441084, -0.00000001931332130, 125.83515620871912688]
    [0.00000020466053907, -0.00000001931328594, 0.99999988499440506, 79.85010897554457188]
  #1275 objects/buildingsets/human/hightech/prop/light/lamp/lamp_planter_1_large_b.cgf
    [0.95105799995529161, 0.30901627141739901, 0.00000077757281422, -1.67253737477585673]
    [-0.30901627141667648, 0.95105799995539464, -0.00000092474772835, 145.28876850241795182]
    [-0.00000102527772287, 0.00000063920531404, 1.00000118763870272, 80.54440494999289513]
  #1276 objects/buildingsets/human/hightech/prop/light/lamp/lamp_planter_1_large_b.cgf
    [1.78201112547764162, -0.90798470714242463, -0.00000213674281644, 13.27608452504500747]
    [0.90798470714339075, 1.78201112547836016, 0.00000050043823778, 145.58249208913184702]
    [0.00000167665462741, -0.00000141595817517, 1.99999996993258855, 80.54440475627779961]
  #1277 objects/buildingsets/human/hightech/prop/light/lamp/lamp_planter_1_large_b.cgf
    [-0.48384465924770598, -1.94059158968157131, -0.00000030661092564, 47.01758207799866796]
    [1.94059158968052414, -0.48384465924776482, 0.00000202519352985, 144.80426534125581384]
    [-0.00000203921244539, 0.00000019243621187, 2.00000034305528951, 80.54440500587224960]
  #1278 objects/buildingsets/human/hightech/prop/light/lamp/lamp_planter_1_large_b.cgf
    [1.90211209738532294, 0.61802959605868901, -0.00000225782528479, 43.52897595008835196]
    [-0.61802959605935670, 1.90211209738642828, -0.00000026001468865, 211.36820263485424221]
    [0.00000206697232958, 0.00000094499102838, 1.99999775315473549, 80.54440486803650856]
  #1279 objects/buildingsets/human/hightech/prop/light/light_street_2_a.cgf
    [-0.99999988499439008, -0.00000017279518136, 0.00000020466053574, 17.44635996455326676]
    [0.00000017279517741, -0.99999988499441084, -0.00000001931332130, 214.62588650826364756]
    [0.00000020466053907, -0.00000001931328594, 0.99999988499440506, 79.74999490752816200]
  #1280 objects/buildingsets/human/hightech/prop/light/light_street_3_a.cgf
    [-0.00000051972279730, 0.99999969954745982, 0.00000037046131720, -57.88590675732120872]
    [-0.99999969954734169, -0.00000051972302367, 0.00000061119766430, 99.18019153957720846]
    [0.00000061119785683, -0.00000037046099955, 0.99999969954740819, 79.85010888613760471]
  #1281 objects/buildingsets/human/hightech/prop/light/light_street_3_a.cgf
    [0.00000024430014125, -0.99999990601272193, 0.00000037046128440, 9.14177016774192452]
    [0.99999990601275945, 0.00000024430023351, 0.00000024907082518, 99.50837534503079951]
    [-0.00000024907091568, 0.00000037046122355, 0.99999990601272104, 148.75490441732108593]
  #1282 objects/buildingsets/human/hightech/prop/light/light_street_3_a.cgf
    [0.00000024430014125, -0.99999990601272193, 0.00000037046128440, 95.84168870886787772]
    [0.99999990601275945, 0.00000024430023351, 0.00000024907082518, 299.77525416528806090]
    [-0.00000024907091568, 0.00000037046122355, 0.99999990601272104, 79.85010887868702412]
  #1283 objects/buildingsets/human/hightech/prop/light/light_street_3_a.cgf
    [0.70710671274672576, -0.70710749520258709, 0.00000010272940098, 73.93851692834869027]
    [0.70710749520247540, 0.70710671274651482, -0.00000068323533770, 252.05613078421447426]
    [0.00000041047999186, 0.00000055576076938, 1.00000045649124103, 79.85010911524295807]
  #1284 objects/buildingsets/human/hightech/prop/light/lamp/lamp_planter_1_large_b.cgf
    [0.95105799995529161, 0.30901627141739901, 0.00000077757281422, 44.92069525783881545]
    [-0.30901627141667648, 0.95105799995539464, -0.00000092474772835, 211.07447784056421369]
    [-0.00000102527772287, 0.00000063920531404, 1.00000118763870272, 80.54440532438457012]
  #1285 objects/buildingsets/human/hightech/prop/light/light_street_3_a.cgf
    [0.99999963235726896, -0.00000012200883412, -0.00000023844907296, 39.35402976768091321]
    [0.00000012200882951, 0.99999963235729716, -0.00000001931325031, 230.26464995543938130]
    [0.00000023844907532, 0.00000001931322122, 0.99999963235727618, 79.85010845400393009]
  #1286 objects/buildingsets/human/hightech/prop/light/lamp/lamp_planter_1_large_b.cgf
    [0.81347443206310932, 1.82709199140266754, -0.00000017388053069, 63.39157606242224574]
    [-1.82709199140035072, 0.81347443206176684, -0.00000326804405662, 146.00375719310250133]
    [-0.00000291478276672, 0.00000148808192576, 2.00000144916384626, 80.54440501332283020]
  #1287 objects/buildingsets/human/hightech/prop/light/lamp/lamp_planter_1_large_b.cgf
    [0.89100556273882081, -0.45399235357121231, -0.00000106837140822, 61.26103678578510880]
    [0.45399235357169537, 0.89100556273918008, 0.00000025021911889, 211.07447787828277797]
    [0.00000083832731370, -0.00000070797908758, 0.99999998496629428, 80.54440500028431416]
  #1288 objects/buildingsets/human/hightech/prop/light/light_street_3_a.cgf
    [0.00000024430014125, -0.99999990601272193, 0.00000037046128440, 95.84168421989306808]
    [0.99999990601275945, 0.00000024430023351, 0.00000024907082518, 278.18484525685198605]
    [-0.00000024907091568, 0.00000037046122355, 0.99999990601272104, 79.85010934993624687]
  #1289 objects/buildingsets/human/hightech/prop/light/light_street_2_a.cgf
    [0.99999963235726896, -0.00000012200883412, -0.00000023844907296, 40.25175071926787496]
    [0.00000012200882951, 0.99999963235729716, -0.00000001931325031, 141.26611560920719057]
    [0.00000023844907532, 0.00000001931322122, 0.99999963235727618, 79.74999496340751648]
  #1290 objects/buildingsets/human/hightech/prop/light/light_street_2_a.cgf
    [-0.99999988499439008, -0.00000017279518136, 0.00000020466053574, 36.87818172527477145]
    [0.00000017279517741, -0.99999988499441084, -0.00000001931332130, 214.62588691944256425]
    [0.00000020466053907, -0.00000001931328594, 0.99999988499440506, 79.74999470636248589]
  #1291 objects/buildingsets/human/hightech/prop/light/light_street_3_a.cgf
    [-0.99999988499439008, -0.00000017279518136, 0.00000020466053574, 29.06050697108730674]
    [0.00000017279517741, -0.99999988499441084, -0.00000001931332130, 125.79500574851408601]
    [0.00000020466053907, -0.00000001931328594, 0.99999988499440506, 79.85010929591953754]
  #1292 objects/buildingsets/human/hightech/prop/light/lamp/lamp_planter_1_d.cgf
    [-0.51503561702761413, 0.85716562750810088, 0.00000037333979037, -5.01270138053223491]
    [-0.85716562750813508, -0.51503561702768130, 0.00000010700053340, 44.60931317543145269]
    [0.00000028400123548, -0.00000026490566522, 0.99999729989053521, 80.63361679576337337]
  #1293 objects/buildingsets/human/hightech/prop/light/light_street_3_a.cgf
    [-0.00000051972279730, 0.99999969954745982, 0.00000037046131720, -57.88588991342112422]
    [-0.99999969954734169, -0.00000051972302367, 0.00000061119766430, 125.21195807284675539]
    [0.00000061119785683, -0.00000037046099955, 0.99999969954740819, 79.85010885074734688]
  #1294 objects/buildingsets/human/hightech/prop/light/lamp/lamp_planter_1_large_b.cgf
    [0.45399065203638256, -0.89100655737849899, -0.00000021280878760, 38.46241645561531186]
    [0.89100655737852252, 0.45399065203638433, 0.00000004293127948, 58.28580815915483981]
    [0.00000005836114295, -0.00000020910440414, 1.00000009871394657, 80.54440498538315296]
  #1295 objects/buildingsets/human/hightech/prop/light/light_street_3_a.cgf
    [0.70710671274672576, -0.70710749520258709, 0.00000010272940098, 88.95132890576496720]
    [0.70710749520247540, 0.70710671274651482, -0.00000068323533770, 267.06890200707130134]
    [0.00000041047999186, 0.00000055576076938, 1.00000045649124103, 79.85010932944715023]
  #1296 objects/buildingsets/human/hightech/prop/light/lamp/lamp_planter_1_large_b.cgf
    [-0.42769939054762984, 0.38510217951607278, -0.00000040674714542, 56.22988977981731296]
    [-0.38510217951627712, -0.42769939054752160, 0.00000031729352348, 253.09380515757948160]
    [-0.00000008996128208, 0.00000050796199472, 0.57552624383493012, 80.54440537095069885]
  #1297 objects/buildingsets/human/hightech/prop/light/lamp/lamp_planter_1_large_b.cgf
    [0.89100556273882081, -0.45399235357121231, -0.00000106837140822, 14.66780456947162747]
    [0.45399235357169537, 0.89100556273918008, 0.00000025021911889, 145.28876796306576580]
    [0.00000083832731370, -0.00000070797908758, 0.99999998496629428, 80.54440532624721527]
  #1298 objects/buildingsets/human/hightech/prop/light/light_street_3_a.cgf
    [0.99999963235726896, -0.00000012200883412, -0.00000023844907296, -27.90773241175338626]
    [0.00000012200882951, 0.99999963235729716, -0.00000001931325031, 52.68533794127870351]
    [0.00000023844907532, 0.00000001931322122, 0.99999963235727618, 148.75490418262779713]
  #1299 objects/buildingsets/human/hightech/prop/light/light_street_3_a.cgf
    [-0.99999988499439008, -0.00000017279518136, 0.00000020466053574, 5.80947775905951858]
    [0.00000017279517741, -0.99999988499441084, -0.00000001931332130, 125.63387054204940796]
    [0.00000020466053907, -0.00000001931328594, 0.99999988499440506, 79.85010897368192673]
  #1300 objects/buildingsets/human/hightech/prop/light/light_street_2_a.cgf
    [0.99999963235726896, -0.00000012200883412, -0.00000023844907296, -13.74493571976199746]
    [0.00000012200882951, 0.99999963235729716, -0.00000001931325031, 141.26611497276462615]
    [0.00000023844907532, 0.00000001931322122, 0.99999963235727618, 79.74999498017132282]
  #1301 objects/buildingsets/human/hightech/prop/light/lamp/lamp_planter_1_large_b.cgf
    [-0.64154888649451058, 0.57765308979936947, -0.00000061012052857, 56.73229685658589005]
    [-0.57765308979967600, -0.64154888649434827, 0.00000047594013735, 253.55781418690457940]
    [-0.00000013494188119, 0.00000076194275534, 0.86328909753157412, 80.54440519213676453]
  #1302 objects/buildingsets/human/hightech/prop/light/light_street_2_a.cgf
    [0.99999963235726896, -0.00000012200883412, -0.00000023844907296, 50.47468227474018931]
    [0.00000012200882951, 0.99999963235729716, -0.00000001931325031, 246.29467013536486775]
    [0.00000023844907532, 0.00000001931322122, 0.99999963235727618, 79.74999554827809334]
  #1303 objects/planets/flora/tree/apaaj_01/apaaj_01_leafpile_c.cgf
    [-1.99725918756808318, -0.10466914420291881, -0.00000043079173314, -27.28332920046523213]
    [0.10466914420242363, -1.99725918756709708, 0.00000205620980580, 77.75117078085895628]
    [-0.00000053781224107, 0.00000203084668948, 1.99999997301726617, 148.75001350231468678]
  #1304 objects/planets/flora/tree/apaaj_01/apaaj_01_leafpile_c.cgf
    [-1.48628760065464460, 1.33826308661295967, -0.00000028089274140, -3.68302805302664638]
    [-1.33826308661234905, -1.48628760065349064, 0.00000226776731339, 222.73501273652072996]
    [0.00000130869111947, 0.00000187323166578, 1.99999973021134281, 79.74741559475660324]
  #1305 objects/planets/flora/tree/apaaj_01/apaaj_01_leafpile_c.cgf
    [1.46270839233280059, 1.36399807846812315, 0.00000027762419701, -2.68863871181383729]
    [-1.36399807846788246, 1.46270839233222638, 0.00000155339931044, 219.27651822485495359]
    [0.00000085637450942, -0.00000132542344633, 2.00000164976510098, 79.74741962365806103]
  #1306 objects/planets/flora/grass/cypress_debris_01/cypress_debris_01.cgf
    [-0.70710798437807876, 0.70710622357024366, 0.00000040869400561, -50.65814177924767137]
    [-0.70710622357034469, -0.70710798437781608, -0.00000062909349241, 223.46003883017692715]
    [-0.00000015584505802, -0.00000073382677132, 1.00000045649119840, 79.74741622433066368]
  #1307 objects/planets/flora/grass/cypress_debris_01/cypress_debris_01.cgf
    [-0.70710798437807876, 0.70710622357024366, 0.00000040869400561, 24.11010553920641541]
    [-0.70710622357034469, -0.70710798437781608, -0.00000062909349241, 147.22828570182900876]
    [-0.00000015584505802, -0.00000073382677132, 1.00000045649119840, 148.74741610698401928]
  #1308 objects/planets/flora/tree/apaaj_01/apaaj_01_leafpile_c.cgf
    [-1.99725918756808318, -0.10466914420291881, -0.00000043079173314, -30.65384528925642371]
    [0.10466914420242363, -1.99725918756709708, 0.00000205620980580, 95.01439296826720238]
    [-0.00000053781224107, 0.00000203084668948, 1.99999997301726617, 148.74999375268816948]
  #1309 objects/planets/flora/tree/apaaj_01/apaaj_01_med_c.cgf
    [-0.99862959378404170, -0.05233457210145941, -0.00000021539586657, -4.76513902796432376]
    [0.05233457210121182, -0.99862959378354865, 0.00000102810490290, 221.93448617076501250]
    [-0.00000026890612053, 0.00000101542334474, 0.99999998650863320, 78.74741620197892189]
  #1310 objects/buildingsets/human/hightech/loc/stanton/orison/organics/rock/rock_sharp_a.cgf
    [0.22395193515210018, -1.67549809159624630, 0.07277040242920928, -8.12938217306509614]
    [1.59349356039427636, 0.23547823830071096, 0.51775682317040350, 224.71751343586947769]
    [-0.52284573192706130, 0.00000385656498415, 1.60915387588059033, 79.36627238243818283]
  #1311 objects/buildingsets/human/hightech/loc/stanton/orison/organics/rock/rock_sharp_a.cgf
    [-3.75275983833195070, 2.93198560467308988, -0.00001155967994327, -31.67430550744757056]
    [-2.93198560469534586, -3.75275983831340554, 0.00001192921382532, 83.25003644765820354]
    [-0.00000176477208169, 0.00001651720080343, 4.76232569130516126, 148.75000644847750664]
  #1312 objects/planets/flora/tree/apaaj_01/apaaj_01_leafpile_c.cgf
    [-1.33826223894260576, -1.48628890379125966, -0.00000071257600360, -31.16400028346106410]
    [1.48628890378966272, -1.33826223894233931, 0.00000244312041751, 91.54963459598366171]
    [-0.00000229239801194, 0.00000110522092371, 2.00000013142667976, 148.74999744258821011]
  #1313 objects/planets/flora/tree/apaaj_01/apaaj_01_leafpile_d.cgf
    [0.44990141120582061, -1.94874085578528700, -0.00000020580880626, -5.64553205342963338]
    [1.94874085578321088, 0.44990141120502702, 0.00000297462112707, 221.52706327079795301]
    [-0.00000285208523889, -0.00000086967689658, 2.00000055070065308, 79.74741647019982338]
  #1314 objects/buildingsets/human/hightech/prop/utility/waste/waste_recycle_2_a.cgf
    [0.00000024430014125, -0.99999990601272193, 0.00000037046128440, -50.87031991919502616]
    [0.99999990601275945, 0.00000024430023351, 0.00000024907082518, 278.50797391287051141]
    [-0.00000024907091568, 0.00000037046122355, 0.99999990601272104, 79.75051893666386604]
  #1315 objects/planets/flora/grass/cypress_debris_01/cypress_debris_01.cgf
    [0.00000321910358402, -1.00000175018485460, 0.00000156215695069, -59.77565856510773301]
    [1.00000175018607163, 0.00000321910345856, -0.00000008032266596, 239.58586009580176324]
    [0.00000008031763722, 0.00000156215720925, 1.00000175019003290, 79.74741583131253719]
  #1316 objects/planets/flora/tree/cypress_01/cypress_01_a_mega_wind.cgf
    [-0.70710798437807876, 0.70710622357024366, 0.00000040869400561, -59.19774294504895806]
    [-0.70710622357034469, -0.70710798437781608, -0.00000062909349241, 239.91691068152431399]
    [-0.00000015584505802, -0.00000073382677132, 1.00000045649119840, 79.74741584435105324]
  #1317 objects/planets/flora/tree/cypress_01/cypress_01_a_subtle_wind.cgf
    [-0.70710798437807876, 0.70710622357024366, 0.00000040869400561, -51.69774295808747411]
    [-0.70710622357034469, -0.70710798437781608, -0.00000062909349241, 155.91691155999433249]
    [-0.00000015584505802, -0.00000073382677132, 1.00000045649119840, 79.74741592817008495]
  #1318 objects/buildingsets/human/hightech/prop/light/light_street_3_a.cgf
    [-0.00000051972279730, 0.99999969954745982, 0.00000037046131720, -206.06659854808822274]
    [-0.99999969954734169, -0.00000051972302367, 0.00000061119766430, 331.53719420346897095]
    [0.00000061119785683, -0.00000037046099955, 0.99999969954740819, 148.75490363687276840]
  #1319 objects/buildingsets/human/hightech/prop/light/light_street_2_a.cgf
    [-0.00000051972279730, 0.99999969954745982, 0.00000037046131720, -41.74956428306177258]
    [-0.99999969954734169, -0.00000051972302367, 0.00000061119766430, 159.25788010365795344]
    [0.00000061119785683, -0.00000037046099955, 0.99999969954740819, 79.74999512359499931]
  #1320 objects/planets/flora/grass/cypress_debris_01/cypress_debris_01.cgf
    [-0.70710798437807876, 0.70710622357024366, 0.00000040869400561, -58.38989445054903626]
    [-0.70710622357034469, -0.70710798437781608, -0.00000062909349241, 240.22828501951880753]
    [-0.00000015584505802, -0.00000073382677132, 1.00000045649119840, 79.74741576984524727]
  #1321 objects/planets/flora/grass/cypress_debris_01/cypress_debris_01.cgf
    [-0.70710798437807876, 0.70710622357024366, 0.00000040869400561, -52.30194994295015931]
    [-0.70710622357034469, -0.70710798437781608, -0.00000062909349241, 155.23941598343662918]
    [-0.00000015584505802, -0.00000073382677132, 1.00000045649119840, 79.74741571024060249]
  #1322 objects/buildingsets/human/hightech/prop/light/light_street_3_a.cgf
    [0.00000024430014125, -0.99999990601272193, 0.00000037046128440, 8.94054472399875522]
    [0.99999990601275945, 0.00000024430023351, 0.00000024907082518, 147.94564086908940226]
    [-0.00000024907091568, 0.00000037046122355, 0.99999990601272104, 148.75490452907979488]
  #1323 objects/planets/flora/grass/cypress_debris_01/cypress_debris_01.cgf
    [-0.70710798437807876, 0.70710622357024366, 0.00000040869400561, -51.15814157715067267]
    [-0.70710622357034469, -0.70710798437781608, -0.00000062909349241, 155.96003947802819312]
    [-0.00000015584505802, -0.00000073382677132, 1.00000045649119840, 79.74741577729582787]
  #1324 objects/buildingsets/human/hightech/prop/light/light_street_3_a.cgf
    [-0.00000051972279730, 0.99999969954745982, 0.00000037046131720, -57.68462543701753020]
    [-0.99999969954734169, -0.00000051972302367, 0.00000061119766430, 150.53252875118050724]
    [0.00000061119785683, -0.00000037046099955, 0.99999969954740819, 79.85010951012372971]
  #1325 objects/buildingsets/human/hightech/prop/light/light_street_2_a.cgf
    [-0.48481204950168971, -0.87461821100414461, 0.00000035335629717, -168.43714433116838336]
    [0.87461821100421477, -0.48481204950167028, 0.00000014442665720, 326.12386507238261402]
    [0.00000004499321198, 0.00000037907168575, 0.99999986918104078, 148.82305606082081795]
  #1326 objects/buildingsets/human/hightech/prop/light/light_street_3_a.cgf
    [0.00000024430014125, -0.99999990601272193, 0.00000037046128440, -123.67755558481439948]
    [0.99999990601275945, 0.00000024430023351, 0.00000024907082518, 368.84561292058788240]
    [-0.00000024907091568, 0.00000037046122355, 0.99999990601272104, 148.75490369647741318]
  #1327 objects/buildingsets/human/hightech/prop/light/light_street_3_a.cgf
    [0.00000024430014125, -0.99999990601272193, 0.00000037046128440, -123.67756760446354747]
    [0.99999990601275945, 0.00000024430023351, 0.00000024907082518, 217.20551509270444512]
    [-0.00000024907091568, 0.00000037046122355, 0.99999990601272104, 148.75490409322082996]
  #1328 objects/buildingsets/human/hightech/prop/light/light_street_3_a.cgf
    [0.99999963235726896, -0.00000012200883412, -0.00000023844907296, -3.46767368679866195]
    [0.00000012200882951, 0.99999963235729716, -0.00000001931325031, 230.26468724466394633]
    [0.00000023844907532, 0.00000001931322122, 0.99999963235727618, 79.85010913386940956]
  #1329 objects/buildingsets/human/hightech/prop/light/light_street_3_a.cgf
    [-0.00000051972279730, 0.99999969954745982, 0.00000037046131720, -57.88577532256022096]
    [-0.99999969954734169, -0.00000051972302367, 0.00000061119766430, 305.18731801235117018]
    [0.00000061119785683, -0.00000037046099955, 0.99999969954740819, 79.85010916553437710]
  #1330 objects/buildingsets/human/hightech/prop/light/light_street_3_a.cgf
    [-0.00000051972279730, 0.99999969954745982, 0.00000037046131720, -57.88584211608394980]
    [-0.99999969954734169, -0.00000051972302367, 0.00000061119766430, 199.25058836152311414]
    [0.00000061119785683, -0.00000037046099955, 0.99999969954740819, 79.85010872967541218]
  #1331 objects/buildingsets/human/hightech/prop/light/light_street_3_a.cgf
    [-0.00000051972279730, 0.99999969954745982, 0.00000037046131720, -57.88580918731167912]
    [-0.99999969954734169, -0.00000051972302367, 0.00000061119766430, 251.87858953757677227]
    [0.00000061119785683, -0.00000037046099955, 0.99999969954740819, 79.85010894201695919]
  #1332 objects/buildingsets/human/hightech/prop/light/lamp/lamp_planter_1_d.cgf
    [-0.73135457030953199, 0.68199804276196363, 0.00000024496498082, -56.72361386055126786]
    [-0.68199804276169873, -0.73135457030949536, 0.00000068920701939, 128.54070828121621162]
    [0.00000064919382461, 0.00000033698892488, 1.00000041892156943, 148.78558287210762501]
  #1333 objects/buildingsets/human/hightech/prop/light/light_street_3_a.cgf
    [-0.99999988499439008, -0.00000017279518136, 0.00000020466053574, -34.09927962115034461]
    [0.00000017279517741, -0.99999988499441084, -0.00000001931332130, 180.22471416438929737]
    [0.00000020466053907, -0.00000001931328594, 0.99999988499440506, 148.75490348599851131]
  #1334 objects/buildingsets/human/hightech/prop/light/light_street_3_a.cgf
    [-0.99999988499439008, -0.00000017279518136, 0.00000020466053574, -59.96754788653925061]
    [0.00000017279517741, -0.99999988499441084, -0.00000001931332130, 180.22472311544697732]
    [0.00000020466053907, -0.00000001931328594, 0.99999988499440506, 148.75490343756973743]
  #1335 objects/buildingsets/human/hightech/prop/light/light_street_3_a.cgf
    [0.34201915350138551, 0.93969343640854530, -0.00000076524981137, -61.08762112213298678]
    [-0.93969343640873759, 0.34201915350081818, -0.00000078265394892, 356.10421358828898519]
    [-0.00000047372448337, 0.00000098678244381, 1.00000042789515486, 79.85010906867682934]
  #1336 objects/buildingsets/human/hightech/prop/light/light_street_2_a.cgf
    [-0.00000051972279730, 0.99999969954745982, 0.00000037046131720, 7.69533216161653399]
    [-0.99999969954734169, -0.00000051972302367, 0.00000061119766430, 279.79109437903389335]
    [0.00000061119785683, -0.00000037046099955, 0.99999969954740819, 79.74999546445906162]
  #1337 objects/buildingsets/human/hightech/prop/light/light_street_3_a.cgf
    [-0.00000051972279730, 0.99999969954745982, 0.00000037046131720, -252.39730047388002276]
    [-0.99999969954734169, -0.00000051972302367, 0.00000061119766430, 302.87771201075520366]
    [0.00000061119785683, -0.00000037046099955, 0.99999969954740819, 148.75490390136837959]
  #1338 objects/buildingsets/human/hightech/prop/light/lamp/lamp_planter_1_large_b.cgf
    [-0.03012250097105415, -0.57473834182776962, 0.00000044038230916, 15.73276318190619349]
    [0.57473834182790562, -0.03012250097119216, -0.00000017082399599, 254.25286635407246649]
    [0.00000019363901828, 0.00000043083795843, 0.57552717280043009, 80.54440470971167088]
  #1339 objects/buildingsets/human/hightech/prop/light/lamp/lamp_planter_1_d.cgf
    [0.19080768252839403, -0.98162710614341386, -0.00000010621359678, -53.69919856684282422]
    [0.98162710614307636, 0.19080768252823571, 0.00000085701907813, 81.70855590223800391]
    [-0.00000082100705528, -0.00000026778805722, 0.99999967361325459, 148.78558312356472015]
  #1340 objects/buildingsets/human/hightech/prop/light/light_street_3_a.cgf
    [0.00000024430014125, -0.99999990601272193, 0.00000037046128440, -123.67754307901486754]
    [0.99999990601275945, 0.00000024430023351, 0.00000024907082518, 395.60535691969562322]
    [-0.00000024907091568, 0.00000037046122355, 0.99999990601272104, 148.75490366294980049]
  #1341 objects/buildingsets/human/hightech/prop/light/light_street_2_a.cgf
    [-0.48481204950168971, -0.87461821100414461, 0.00000035335629717, -158.01952910190448165]
    [0.87461821100421477, -0.48481204950167028, 0.00000014442665720, 306.79501409060321748]
    [0.00000004499321198, 0.00000037907168575, 0.99999986918104078, 148.82305625453591347]
  #1342 objects/buildingsets/human/hightech/prop/light/lamp/lamp_planter_1_large_b.cgf
    [-1.65807495343757005, -1.11838577836044228, 0.00000272441266343, -44.33244223846122622]
    [1.11838577836124431, -1.65807495343925493, -0.00000020350695347, 131.79858488833997399]
    [0.00000237244004876, 0.00000135475741584, 1.99999982511395569, 148.67213108390569687]
  #1343 objects/buildingsets/human/hightech/prop/light/light_street_2_a.cgf
    [-0.46946951372735429, 0.88294852529111856, -0.00000106946935299, -207.36363804573193192]
    [-0.88294852529174472, -0.46946951372726614, 0.00000034766933643, 326.12386504595633596]
    [-0.00000019510915626, 0.00000110750669597, 0.99999986131650953, 148.82305568642914295]
  #1344 objects/buildingsets/human/hightech/prop/light/lamp/lamp_planter_1_large_b.cgf
    [0.95105799995529161, 0.30901627141739901, 0.00000077757281422, -42.79399624699726701]
    [-0.30901627141667648, 0.95105799995539464, -0.00000092474772835, 170.54235779121518135]
    [-0.00000102527772287, 0.00000063920531404, 1.00000118763870272, 80.54440559074282646]
  #1345 objects/buildingsets/human/hightech/prop/light/light_street_2_a.cgf
    [0.99999963235726896, -0.00000012200883412, -0.00000023844907296, 22.81353871105238795]
    [0.00000012200882951, 0.99999963235729716, -0.00000001931325031, 246.29466678644530475]
    [0.00000023844907532, 0.00000001931322122, 0.99999963235727618, 79.74999548867344856]
  #1346 objects/buildingsets/human/hightech/prop/light/light_street_3_a.cgf
    [0.00000024430014125, -0.99999990601272193, 0.00000037046128440, -123.87876827688887715]
    [0.99999990601275945, 0.00000024430023351, 0.00000024907082518, 318.27079826954286546]
    [-0.00000024907091568, 0.00000037046122355, 0.99999990601272104, 148.75490431115031242]
  #1347 objects/buildingsets/human/hightech/prop/light/lamp/lamp_planter_1_large_b.cgf
    [-0.05233898726691045, -0.99862965507528878, 0.00000076518095539, -42.42577969701960683]
    [0.99862965507552526, -0.05233898726715026, -0.00000029681316832, 184.29021305614151061]
    [0.00000033645513438, 0.00000074859728421, 1.00000027879187514, 80.54440528340637684]
  #1348 objects/buildingsets/human/hightech/prop/light/light_street_2_a.cgf
    [0.00000024430014125, -0.99999990601272193, 0.00000037046128440, 64.82075294433161616]
    [0.99999990601275945, 0.00000024430023351, 0.00000024907082518, 279.79109337052796036]
    [-0.00000024907091568, 0.00000037046122355, 0.99999990601272104, 79.74999484606087208]
  #1349 objects/buildingsets/human/hightech/prop/light/light_street_3_a.cgf
    [0.00000024430014125, -0.99999990601272193, 0.00000037046128440, -123.67754291789606214]
    [0.99999990601275945, 0.00000024430023351, 0.00000024907082518, 269.83352693344932050]
    [-0.00000024907091568, 0.00000037046122355, 0.99999990601272104, 148.75490373559296131]
  #1350 objects/buildingsets/human/hightech/prop/light/light_street_2_a.cgf
    [-0.00000051972279730, 0.99999969954745982, 0.00000037046131720, -41.74956077383831143]
    [-0.99999969954734169, -0.00000051972302367, 0.00000061119766430, 195.68970590038225055]
    [0.00000061119785683, -0.00000037046099955, 0.99999969954740819, 79.74999504722654819]
  #1351 objects/buildingsets/human/hightech/prop/light/light_street_3_a.cgf
    [-0.99999988499439008, -0.00000017279518136, 0.00000020466053574, -86.72728959517553449]
    [0.00000017279517741, -0.99999988499441084, -0.00000001931332130, 180.22473412146791816]
    [0.00000020466053907, -0.00000001931328594, 0.99999988499440506, 148.75490402802824974]
  #1352 objects/buildingsets/human/hightech/prop/light/lamp/lamp_planter_1_large_b.cgf
    [1.90211209738532294, 0.61802959605868901, -0.00000225782528479, -6.03056180430576205]
    [-0.61802959605935670, 1.90211209738642828, -0.00000026001468865, 211.36820273043122143]
    [0.00000206697232958, 0.00000094499102838, 1.99999775315473549, 80.54440472461283207]
  #1353 objects/buildingsets/human/hightech/prop/light/light_street_2_a.cgf
    [-0.00000051972279730, 0.99999969954745982, 0.00000037046131720, 7.69533371971920133]
    [-0.99999969954734169, -0.00000051972302367, 0.00000061119766430, 265.39631617336999625]
    [0.00000061119785683, -0.00000037046099955, 0.99999969954740819, 79.74999487400054932]
  #1354 objects/buildingsets/human/hightech/prop/light/light_street_3_a.cgf
    [-0.00000051972279730, 0.99999969954745982, 0.00000037046131720, -57.68450931506231427]
    [-0.99999969954734169, -0.00000051972302367, 0.00000061119766430, 332.12266085972078145]
    [0.00000061119785683, -0.00000037046099955, 0.99999969954740819, 79.85010841861367226]
  #1355 objects/buildingsets/human/hightech/prop/light/light_street_3_a.cgf
    [0.00000024430014125, -0.99999990601272193, 0.00000037046128440, -123.67755595734342933]
    [0.99999990601275945, 0.00000024430023351, 0.00000024907082518, 243.07378340105060488]
    [-0.00000024907091568, 0.00000037046122355, 0.99999990601272104, 148.75490447320044041]
  #1356 objects/buildingsets/human/hightech/prop/light/light_street_3_a.cgf
    [0.00000024430014125, -0.99999990601272193, 0.00000037046128440, -162.10699070757254958]
    [0.99999990601275945, 0.00000024430023351, 0.00000024907082518, 379.93044821987859905]
    [-0.00000024907091568, 0.00000037046122355, 0.99999990601272104, 148.75490446388721466]
  #1357 objects/buildingsets/human/hightech/prop/light/lamp/lamp_planter_1_large_b.cgf
    [0.78146322547361535, -1.84100984595092365, 0.00000208663141600, -31.77496568718925118]
    [1.84100984594910333, 0.78146322547593305, 0.00000272666020386, 87.25817995890974998]
    [-0.00000332521615733, 0.00000085536193544, 2.00000050641204519, 148.67213067971169949]
  #1358 objects/buildingsets/human/hightech/prop/light/light_street_3_a.cgf
    [0.00000024430014125, -0.99999990601272193, 0.00000037046128440, -123.71762749785557389]
    [0.99999990601275945, 0.00000024430023351, 0.00000024907082518, 295.30056509375572205]
    [-0.00000024907091568, 0.00000037046122355, 0.99999990601272104, 148.75490421429276466]
  #1359 objects/buildingsets/human/hightech/prop/light/lamp/lamp_planter_1_large_b.cgf
    [0.89100556273882081, -0.45399235357121231, -0.00000106837140822, 11.70149776106700301]
    [0.45399235357169537, 0.89100556273918008, 0.00000025021911889, 211.07447777502238750]
    [0.00000083832731370, -0.00000070797908758, 0.99999998496629428, 80.54440544545650482]
  #1360 objects/buildingsets/human/hightech/prop/light/lamp/lamp_planter_1_d.cgf
    [0.94551776941670984, -0.32556854671806418, -0.00000069305325127, -38.49028708180412650]
    [0.32556854671825936, 0.94551776941687804, 0.00000018719017591, 128.22710069967433810]
    [0.00000059435130784, -0.00000040262823289, 0.99999936544721257, 148.78558244556188583]
  #1361 objects/buildingsets/human/hightech/prop/light/lamp/lamp_planter_1_large_b.cgf
    [0.78146322547361535, -1.84100984595092365, 0.00000208663141600, -50.79945783643051982]
    [1.84100984594910333, 0.78146322547593305, 0.00000272666020386, 121.39601405244320631]
    [-0.00000332521615733, 0.00000085536193544, 2.00000050641204519, 148.67213156260550022]
  #1362 objects/buildingsets/human/hightech/prop/light/lamp/lamp_planter_1_large_b.cgf
    [0.54735956928409990, 0.17784721145582846, 0.00000044751415866, -42.14094807254150510]
    [-0.17784721145541263, 0.54735956928415919, -0.00000053221729724, 170.33926423627417535]
    [-0.00000059007502466, 0.00000036787992463, 0.57552769586632946, 80.54440502449870110]
  #1363 objects/buildingsets/human/hightech/prop/light/lamp/lamp_planter_1_large_b.cgf
    [-0.82903854922774600, -0.55919136522957436, 0.00000068871069150, -45.58928802097216249]
    [0.55919136522932567, -0.82903854922803033, -0.00000053008371850, 132.46454190346412361]
    [0.00000086738599453, -0.00000005433876787, 0.99999994952633942, 148.67213096097111702]
  #1364 objects/buildingsets/human/hightech/prop/light/light_street_3_a.cgf
    [0.99999963235726896, -0.00000012200883412, -0.00000023844907296, 18.12273618811741471]
    [0.00000012200882951, 0.99999963235729716, -0.00000001931325031, 230.26467981294263154]
    [0.00000023844907532, 0.00000001931322122, 0.99999963235727618, 79.85010866075754166]
  #1365 objects/buildingsets/human/hightech/prop/light/lamp/lamp_planter_1_large_b.cgf
    [-0.03012250097105415, -0.57473834182776962, 0.00000044038230916, -42.47020698478445411]
    [0.57473834182790562, -0.03012250097119216, -0.00000017082399599, 184.97266833856701851]
    [0.00000019363901828, 0.00000043083795843, 0.57552717280043009, 80.54440489970147610]
  #1366 objects/buildingsets/human/hightech/prop/light/lamp/lamp_planter_1_d.cgf
    [0.37460617623712961, 0.92718475016529256, 0.00000093413204782, -29.42603611433878541]
    [-0.92718475016572888, 0.37460617623719933, 0.00000010585471070, 74.61937521991785616]
    [-0.00000025178459131, -0.00000090576620721, 1.00000067410680704, 148.78558311238884926]
  #1367 objects/buildingsets/human/hightech/prop/light/lamp/lamp_planter_1_d.cgf
    [-0.95630428742629070, 0.29237289851063475, -0.00000093819908611, -30.64812839450314641]
    [-0.29237289851033066, -0.95630428742673834, -0.00000044944736635, 95.97024084650911391]
    [-0.00000102861013960, -0.00000015550447263, 0.99999990096660230, 148.78558300808072090]
  #1368 objects/buildingsets/human/hightech/prop/light/light_street_3_a.cgf
    [-0.00000051972279730, 0.99999969954745982, 0.00000037046131720, -57.88579089799895883]
    [-0.99999969954734169, -0.00000051972302367, 0.00000061119766430, 279.15555167931597680]
    [0.00000061119785683, -0.00000037046099955, 0.99999969954740819, 79.85010861605405807]
  #1369 objects/buildingsets/human/hightech/prop/light/light_street_3_a.cgf
    [-0.00000051972279730, 0.99999969954745982, 0.00000037046131720, -57.88582517253234982]
    [-0.99999969954734169, -0.00000051972302367, 0.00000061119766430, 226.01032588258385658]
    [0.00000061119785683, -0.00000037046099955, 0.99999969954740819, 79.85010927170515060]
  #1370 objects/buildingsets/human/hightech/prop/light/light_street_3_a.cgf
    [0.00000024430014125, -0.99999990601272193, 0.00000037046128440, 9.10168728837743402]
    [0.99999990601275945, 0.00000024430023351, 0.00000024907082518, 124.97541027655825019]
    [-0.00000024907091568, 0.00000037046122355, 0.99999990601272104, 148.75490407831966877]
  #1371 objects/buildingsets/human/hightech/prop/light/lamp/lamp_planter_1_large_b.cgf
    [0.78146322547361535, -1.84100984595092365, 0.00000208663141600, -57.80955813964828849]
    [1.84100984594910333, 0.78146322547593305, 0.00000272666020386, 86.78112870198674500]
    [-0.00000332521615733, 0.00000085536193544, 2.00000050641204519, 148.67213136516511440]
  #1372 objects/buildingsets/human/hightech/prop/light/light_street_2_a.cgf
    [-0.99999988499439008, -0.00000017279518136, 0.00000020466053574, -19.58190575009211898]
    [0.00000017279517741, -0.99999988499441084, -0.00000001931332130, 214.62588635447900742]
    [0.00000020466053907, -0.00000001931328594, 0.99999988499440506, 79.74999505840241909]
  #1373 objects/buildingsets/human/hightech/prop/light/light_street_3_a.cgf
    [0.00000024430014125, -0.99999990601272193, 0.00000037046128440, -123.67756808316335082]
    [0.99999990601275945, 0.00000024430023351, 0.00000024907082518, 342.97734383295755833]
    [-0.00000024907091568, 0.00000037046122355, 0.99999990601272104, 148.75490460544824600]
  #1374 objects/buildingsets/human/hightech/prop/light/lamp/lamp_planter_1_large_b.cgf
    [1.78201112547764162, -0.90798470714242463, -0.00000213674281644, 10.30977918813005090]
    [0.90798470714339075, 1.78201112547836016, 0.00000050043823778, 211.36820323776919395]
    [0.00000167665462741, -0.00000141595817517, 1.99999996993258855, 80.54440510459244251]
  #1375 objects/buildingsets/human/hightech/prop/light/lamp/lamp_planter_1_large_b.cgf
    [0.39073161273680773, -0.92050492297546205, 0.00000104331570800, -31.36106097558513284]
    [0.92050492297455189, 0.39073161273796658, 0.00000136333010193, 88.61900521558709443]
    [-0.00000166260807866, 0.00000042768096772, 1.00000025320602282, 148.67213075235486031]
  #1376 objects/buildingsets/human/hightech/prop/light/lamp/lamp_planter_1_large_b.cgf
    [0.95105799995529161, 0.30901627141739901, 0.00000077757281422, -4.63884249562397599]
    [-0.30901627141667648, 0.95105799995539464, -0.00000092474772835, 211.07447793649043888]
    [-0.00000102527772287, 0.00000063920531404, 1.00000118763870272, 80.54440518096089363]
  #1377 objects/buildingsets/human/hightech/prop/light/light_street_3_a.cgf
    [-0.00000051972279730, 0.99999969954745982, 0.00000037046131720, -57.84576356085017323]
    [-0.99999969954734169, -0.00000051972302367, 0.00000061119766430, 173.78355523163918406]
    [0.00000061119785683, -0.00000037046099955, 0.99999969954740819, 79.85010884702205658]
  #1378 objects/buildingsets/human/hightech/prop/light/lamp/lamp_planter_1_large_b.cgf
    [0.39073161273680773, -0.92050492297546205, 0.00000104331570800, -50.38555258745327592]
    [0.92050492297455189, 0.39073161273796658, 0.00000136333010193, 122.75683884078171104]
    [-0.00000166260807866, 0.00000042768096772, 1.00000025320602282, 148.67213093116879463]
  #1379 objects/buildingsets/human/hightech/prop/light/light_street_3_a.cgf
    [0.00000024430014125, -0.99999990601272193, 0.00000037046128440, -162.30818450590595603]
    [0.99999990601275945, 0.00000024430023351, 0.00000024907082518, 357.72249175165779889]
    [-0.00000024907091568, 0.00000037046122355, 0.99999990601272104, 148.75490419007837772]
  #1380 objects/buildingsets/human/hightech/prop/light/light_street_2_a.cgf
    [-0.46946951372735429, 0.88294852529111856, -0.00000106946935299, -219.16194812534376979]
    [-0.88294852529174472, -0.46946951372726614, 0.00000034766933643, 303.93437268212437630]
    [-0.00000019510915626, 0.00000110750669597, 0.99999986131650953, 148.82305572181940079]
  #1381 objects/buildingsets/human/hightech/prop/light/lamp/lamp_planter_1_d.cgf
    [-0.71934006703344888, 0.69465881568384491, -0.00000072566284125, -32.54591491213068366]
    [-0.69465881568403742, -0.71934006703362863, 0.00000001879511582, 206.18516520562116057]
    [-0.00000050894190893, 0.00000051760791037, 1.00000050112335881, 80.63361671194434166]
  #1382 objects/buildingsets/human/hightech/prop/light/lamp/lamp_planter_1_large_b.cgf
    [-0.04518375301640420, -0.86210754250313693, 0.00000066057348658, 15.77718951785936952]
    [0.86210754250334110, -0.04518375301661123, -0.00000025623600279, 253.57041211798787117]
    [0.00000029045853741, 0.00000064625696000, 0.86329078900297573, 80.54440509527921677]
  #1383 objects/buildingsets/human/hightech/prop/light/light_street_3_a.cgf
    [0.00000024430014125, -0.99999990601272193, 0.00000037046128440, -170.83957566460594535]
    [0.99999990601275945, 0.00000024430023351, 0.00000024907082518, 331.53719900036230683]
    [-0.00000024907091568, 0.00000037046122355, 0.99999990601272104, 148.75490422919392586]
  #1384 objects/buildingsets/human/hightech/prop/light/lamp/lamp_planter_1_large_b.cgf
    [0.39073161273680773, -0.92050492297546205, 0.00000104331570800, -57.39565289160236716]
    [0.92050492297455189, 0.39073161273796658, 0.00000136333010193, 88.14195349172223359]
    [-0.00000166260807866, 0.00000042768096772, 1.00000025320602282, 148.67213073372840881]
  #1385 objects/planets/flora/grass/cypress_debris_01/cypress_debris_01.cgf
    [-0.70710798437807876, 0.70710622357024366, 0.00000040869400561, -221.93766110157594085]
    [-0.70710622357034469, -0.70710798437781608, -0.00000062909349241, -107.61896661785431206]
    [-0.00000015584505802, -0.00000073382677132, 1.00000045649119840, 81.53776916489005089]
  #1386 objects/planets/flora/tree/cypress_01/cypress_01_a_mega_wind.cgf
    [-0.70710798437807876, 0.70710622357024366, 0.00000040869400561, -98.58972815843299031]
    [-0.70710622357034469, -0.70710798437781608, -0.00000062909349241, -1.27659006789326668]
    [-0.00000015584505802, -0.00000073382677132, 1.00000045649119840, 81.53776834346354008]
  #1387 objects/planets/flora/grass/cypress_debris_01/cypress_debris_01.cgf
    [0.00000321910358402, -1.00000175018485460, 0.00000156215695069, -99.16764377662912011]
    [1.00000175018607163, 0.00000321910345856, -0.00000008032266596, -1.60764065361581743]
    [0.00000008031763722, 0.00000156215720925, 1.00000175019003290, 81.53776832856237888]
  #1388 objects/buildingsets/human/hightech/loc/stanton/orison/flag/flag_pole_a.cgf
    [-0.00000384450135201, -1.00000137291169033, -0.00000009605513777, -71.90685768472030759]
    [1.00000137291097047, -0.00000384450123632, -0.00000120380384577, -18.86113585787825286]
    [0.00000120380347648, -0.00000009605976579, 1.00000137291835611, 81.39766819402575493]
  #1389 objects/planets/flora/grass/cypress_debris_01/cypress_debris_01.cgf
    [-0.70710798437807876, 0.70710622357024366, 0.00000040869400561, -97.78187966300174594]
    [-0.70710622357034469, -0.70710798437781608, -0.00000062909349241, -0.96521573013160378]
    [-0.00000015584505802, -0.00000073382677132, 1.00000045649119840, 81.53776827082037926]
  #1390 objects/buildingsets/human/hightech/loc/stanton/orison/flag/flag_base_b.cgf
    [-0.00000384450135201, -1.00000137291169033, -0.00000009605513777, -71.14656108664348722]
    [1.00000137291097047, -0.00000384450123632, -0.00000120380384577, -18.86113198532257229]
    [0.00000120380347648, -0.00000009605976579, 1.00000137291835611, 79.74999687261879444]
  #1391 objects/buildingsets/human/hightech/prop/light/light_street_3_a.cgf
    [-0.00000051972279730, 0.99999969954745982, 0.00000037046131720, -57.88593976246193051]
    [-0.99999969954734169, -0.00000051972302367, 0.00000061119766430, 46.03496594412717968]
    [0.00000061119785683, -0.00000037046099955, 0.99999969954740819, 79.85010895505547523]
  #1392 objects/buildingsets/human/hightech/delta/int/garage/garage_addon_light_a.cgf
    [5.00000613746433942, 0.00001242868457813, 0.00000970128270529, -165.43221254320815206]
    [-0.00001242869132288, 5.00000613747254175, 0.00000347620764376, -62.41406488860957325]
    [-0.00000970127406433, -0.00000347623175856, 5.00000613747857781, 119.38214973360300064]
  #1393 objects/buildingsets/human/hightech/prop/light/light_street_2_a.cgf
    [-0.00000051972279730, 0.99999969954745982, 0.00000037046131720, 0.02641669707372785]
    [-0.99999969954734169, -0.00000051972302367, 0.00000061119766430, 25.79856783070135862]
    [0.00000061119785683, -0.00000037046099955, 0.99999969954740819, 79.74999528378248215]
  #1394 objects/buildingsets/human/hightech/prop/light/lamp/lamp_planter_1_large_b.cgf
    [0.78146322547361535, -1.84100984595092365, 0.00000208663141600, -44.17738606268540025]
    [1.84100984594910333, 0.78146322547593305, 0.00000272666020386, 62.27113924571312964]
    [-0.00000332521615733, 0.00000085536193544, 2.00000050641204519, 79.73751563578844070]
  #1395 objects/buildingsets/human/hightech/prop/light/light_street_3_a.cgf
    [-0.00000051972279730, 0.99999969954745982, 0.00000037046131720, -57.88595628971233964]
    [-0.99999969954734169, -0.00000051972302367, 0.00000061119766430, 19.27522784413304180]
    [0.00000061119785683, -0.00000037046099955, 0.99999969954740819, 79.85010911338031292]
  #1396 objects/buildingsets/human/hightech/prop/light/light_street_3_a.cgf
    [-0.00000051972279730, 0.99999969954745982, 0.00000037046131720, -57.88600550265982747]
    [-0.99999969954734169, -0.00000051972302367, 0.00000061119766430, -56.09737692098133266]
    [0.00000061119785683, -0.00000037046099955, 0.99999969954740819, 79.85010930337011814]
  #1397 objects/buildingsets/human/hightech/prop/light/light_street_2_a.cgf
    [0.89100768486922677, 0.45399032405837941, 0.00000067280888823, 3.44256484648212790]
    [-0.45399032405836376, 0.89100768486946968, -0.00000018454062444, -12.54170897207222879]
    [-0.00000068325689564, -0.00000014102147605, 1.00000095441685333, 79.74999520368874073]
  #1398 objects/buildingsets/human/hightech/prop/light/light_street_3_a.cgf
    [-0.00000051972279730, 0.99999969954745982, 0.00000037046131720, -57.84587773634120822]
    [-0.99999969954734169, -0.00000051972302367, 0.00000061119766430, -6.19180528540164232]
    [0.00000061119785683, -0.00000037046099955, 0.99999969954740819, 79.85010923072695732]
  #1399 objects/buildingsets/human/hightech/prop/light/light_street_2_a.cgf
    [-0.00000051972279730, 0.99999969954745982, 0.00000037046131720, 0.02641350077465177]
    [-0.99999969954734169, -0.00000051972302367, 0.00000061119766430, 3.90627323882654309]
    [0.00000061119785683, -0.00000037046099955, 0.99999969954740819, 79.74999500811100006]
  #1400 objects/buildingsets/human/hightech/prop/light/lamp/lamp_planter_1_d.cgf
    [0.92718463572533361, -0.37460591229813872, 0.00000042554691109, -1.43912978610023856]
    [0.37460591229740675, 0.92718463572491538, 0.00000122676261501, -15.59699370793532580]
    [-0.00000085411268562, -0.00000097802260065, 1.00000046912605756, 80.63361679390072823]
  #1401 objects/buildingsets/human/hightech/prop/light/lamp/lamp_planter_1_large_b.cgf
    [0.39073161273680773, -0.92050492297546205, 0.00000104331570800, -43.76348093478009105]
    [0.92050492297455189, 0.39073161273796658, 0.00000136333010193, 63.63196392497047782]
    [-0.00000166260807866, 0.00000042768096772, 1.00000025320602282, 79.73751640878617764]
  #1402 objects/buildingsets/human/hightech/prop/light/light_street_3_a.cgf
    [-0.00000051972279730, 0.99999969954745982, 0.00000037046131720, -57.88592431275174022]
    [-0.99999969954734169, -0.00000051972302367, 0.00000061119766430, 71.90323006629478186]
    [0.00000061119785683, -0.00000037046099955, 0.99999969954740819, 79.85010932758450508]
  #1403 objects/buildingsets/human/hightech/prop/light/light_street_3_a.cgf
    [-0.99999988499439008, -0.00000017279518136, 0.00000020466053574, -47.45024713641032577]
    [0.00000017279517741, -0.99999988499441084, -0.00000001931332130, 18.71704972756560892]
    [0.00000020466053907, -0.00000001931328594, 0.99999988499440506, 79.85010848380625248]
  #1404 objects/buildingsets/human/hightech/prop/light/light_street_3_a.cgf
    [-0.00000051972279730, 0.99999969954745982, 0.00000037046131720, -57.68474002787843347]
    [-0.99999969954734169, -0.00000051972302367, 0.00000061119766430, -29.16203360655345023]
    [0.00000061119785683, -0.00000037046099955, 0.99999969954740819, 79.85010925866663456]
  #1405 objects/buildingsets/human/hightech/prop/light/light_street_3_a.cgf
    [-0.99999988499439008, -0.00000017279518136, 0.00000020466053574, -20.42341345408931375]
    [0.00000017279517741, -0.99999988499441084, -0.00000001931332130, 18.71702928957529366]
    [0.00000020466053907, -0.00000001931328594, 0.99999988499440506, 79.85010890476405621]
  #1406 objects/planets/flora/tree/cypress_01/cypress_01_a_mega_wind.cgf
    [-0.70710798437807876, 0.70710622357024366, 0.00000040869400561, -202.69774331664666533]
    [-0.70710622357034469, -0.70710798437781608, -0.00000062909349241, 89.91691144392825663]
    [-0.00000015584505802, -0.00000073382677132, 1.00000045649119840, 148.74741590209305286]
  #1407 objects/planets/flora/tree/cypress_01/cypress_01_a_mega_wind.cgf
    [-0.70710798437807876, 0.70710622357024366, 0.00000040869400561, -237.69774304376915097]
    [-0.70710622357034469, -0.70710798437781608, -0.00000062909349241, 49.41691074799746275]
    [-0.00000015584505802, -0.00000073382677132, 1.00000045649119840, 148.74741595983505249]
  #1408 objects/planets/flora/grass/cypress_debris_01/cypress_debris_01.cgf
    [0.00000321910358402, -1.00000175018485460, 0.00000156215695069, -203.27565893670544028]
    [1.00000175018607163, 0.00000321910345856, -0.00000008032266596, 89.58586085797287524]
    [0.00000008031763722, 0.00000156215720925, 1.00000175019003290, 148.74741588532924652]
  #1409 objects/planets/flora/grass/cypress_debris_01/cypress_debris_01.cgf
    [0.00000321910358402, -1.00000175018485460, 0.00000156215695069, -282.77565894415602088]
    [1.00000175018607163, 0.00000321910345856, -0.00000008032266596, 82.58586038567591459]
    [0.00000008031763722, 0.00000156215720925, 1.00000175019003290, 148.74741643667221069]
  #1410 objects/planets/flora/tree/cypress_01/cypress_01_a_mega_wind.cgf
    [-0.70710798437807876, 0.70710622357024366, 0.00000040869400561, -282.19774332409724593]
    [-0.70710622357034469, -0.70710798437781608, -0.00000062909349241, 82.91691097186412662]
    [-0.00000015584505802, -0.00000073382677132, 1.00000045649119840, 148.74741645157337189]
  #1411 objects/planets/flora/grass/cypress_debris_01/cypress_debris_01.cgf
    [0.00000321910358402, -1.00000175018485460, 0.00000156215695069, -238.27565866382792592]
    [1.00000175018607163, 0.00000321910345856, -0.00000008032266596, 49.08586016204208136]
    [0.00000008031763722, 0.00000156215720925, 1.00000175019003290, 148.74741594679653645]
  #1412 objects/planets/flora/grass/cypress_debris_01/cypress_debris_01.cgf
    [-0.70710798437807876, 0.70710622357024366, 0.00000040869400561, -281.38989482959732413]
    [-0.70710622357034469, -0.70710798437781608, -0.00000062909349241, 83.22828531078994274]
    [-0.00000015584505802, -0.00000073382677132, 1.00000045649119840, 148.74741638079285622]
  #1413 objects/buildingsets/human/hightech/loc/stanton/orison/flag/flag_pole_a.cgf
    [-0.00000384450135201, -1.00000137291169033, -0.00000009605513777, -260.07525780657306314]
    [1.00000137291097047, -0.00000384450123632, -0.00000120380384577, 216.70196423551533371]
    [0.00000120380347648, -0.00000009605976579, 1.00000137291835611, 150.31479798443615437]
  #1414 objects/buildingsets/human/hightech/loc/stanton/orison/flag/flag_base_b.cgf
    [-0.00000384450135201, -1.00000137291169033, -0.00000009605513777, -259.31496120756492019]
    [1.00000137291097047, -0.00000384450123632, -0.00000120380384577, 216.70196810830384493]
    [0.00000120380347648, -0.00000009605976579, 1.00000137291835611, 148.66712666302919388]
  #1415 objects/buildingsets/human/hightech/prop/utility/waste/waste_recycle_2_a.cgf
    [0.88294679775839824, 0.46947193394361453, -0.00000061528766573, -240.54557979991659522]
    [-0.46947193394388609, 0.88294679775837381, -0.00000040832618499, 100.41001612436957657]
    [0.00000035156877597, 0.00000064939093058, 0.99999947221606100, 148.75544701330363750]
  #1416 objects/planets/flora/grass/cypress_debris_01/cypress_debris_01.cgf
    [-0.70710798437807876, 0.70710622357024366, 0.00000040869400561, -201.88989482307806611]
    [-0.70710622357034469, -0.70710798437781608, -0.00000062909349241, 90.22828578215558082]
    [-0.00000015584505802, -0.00000073382677132, 1.00000045649119840, 148.74741582944989204]
  #1417 objects/planets/flora/grass/cypress_debris_01/cypress_debris_01.cgf
    [0.00000321910358402, -1.00000175018485460, 0.00000156215695069, -144.77565906895324588]
    [1.00000175018607163, 0.00000321910345856, -0.00000008032266596, 81.08586067089345306]
    [0.00000008031763722, 0.00000156215720925, 1.00000175019003290, 148.74741609208285809]
  #1418 objects/planets/flora/tree/cypress_01/cypress_01_a_mega_wind.cgf
    [-0.70710798437807876, 0.70710622357024366, 0.00000040869400561, -144.19774344982579350]
    [-0.70710622357034469, -0.70710798437781608, -0.00000062909349241, 81.41691125754732639]
    [-0.00000015584505802, -0.00000073382677132, 1.00000045649119840, 148.74741610698401928]
  #1419 objects/buildingsets/human/hightech/loc/stanton/orison/base/base_08x08x04_canopy_cap_002.cgf
    [-1.00000012325478527, -0.00000016924750857, 0.00000016398527482, -283.49999807169660926]
    [0.00000016924758603, -1.00000012325468712, 0.00000047237892092, 156.25000090047251433]
    [0.00000016398519487, 0.00000047237894867, 1.00000012325468823, 148.75000126659870148]
  #1420 objects/buildingsets/human/hightech/prop/light/lamp/lamp_planter_1_f.cgf
    [-1.49999977322166012, -0.00000095260038713, -0.00000054118694633, -272.87308434816077352]
    [0.00000054118744984, -0.00000079284201291, -1.49999977322175315, 156.02921042847447097]
    [0.00000095260010108, -1.49999977322154820, 0.00000079284235697, 153.83049516566097736]
  #1421 objects/planets/flora/grass/cypress_debris_01/cypress_debris_01.cgf
    [-0.70710798437807876, 0.70710622357024366, 0.00000040869400561, -143.38989495439454913]
    [-0.70710622357034469, -0.70710798437781608, -0.00000062909349241, 81.72828559484332800]
    [-0.00000015584505802, -0.00000073382677132, 1.00000045649119840, 148.74741603247821331]
  #1422 objects/planets/flora/grass/cypress_debris_01/cypress_debris_01.cgf
    [-0.70710798437807876, 0.70710622357024366, 0.00000040869400561, -236.88989454740658402]
    [-0.70710622357034469, -0.70710798437781608, -0.00000062909349241, 49.72828508645761758]
    [-0.00000015584505802, -0.00000073382677132, 1.00000045649119840, 148.74741588719189167]
  #1423 objects/buildingsets/human/hightech/prop/light/lamp/lamp_planter_1_f.cgf
    [1.49999948822983131, -0.00000017236440278, 0.00000054271940329, -272.87886738078668714]
    [-0.00000054271946286, -0.00000051836194558, 1.49999948822975160, 142.46785028662998229]
    [-0.00000017236421523, -1.49999948822983997, -0.00000051836200795, 153.83049875870347023]
  #1424 objects/buildingsets/human/hightech/loc/stanton/orison/base/base_08x08x04_canopy_corner_001.cgf
    [-1.00000012325478527, -0.00000016924750857, 0.00000016398527482, -283.49999807169660926]
    [0.00000016924758603, -1.00000012325468712, 0.00000047237892092, 156.25000090047251433]
    [0.00000016398519487, 0.00000047237894867, 1.00000012325468823, 148.75000126659870148]
  #1425 objects/buildingsets/human/hightech/prop/light/light_street_2_a.cgf
    [-0.00000051972279730, 0.99999969954745982, 0.00000037046131720, -247.14383724005892873]
    [-0.99999969954734169, -0.00000051972302367, 0.00000061119766430, 136.39195564808323979]
    [0.00000061119785683, -0.00000037046099955, 0.99999969954740819, 148.82305590994656086]
  #1426 objects/buildingsets/human/hightech/prop/light/light_street_3_a.cgf
    [0.99999963235726896, -0.00000012200883412, -0.00000023844907296, -184.08399314200505614]
    [0.00000012200882951, 0.99999963235729716, -0.00000001931325031, 52.64525577123276889]
    [0.00000023844907532, 0.00000001931322122, 0.99999963235727618, 148.75490386411547661]
  #1427 objects/buildingsets/human/hightech/prop/light/light_street_3_a.cgf
    [0.99999963235726896, -0.00000012200883412, -0.00000023844907296, -272.58780311094596982]
    [0.00000012200882951, 0.99999963235729716, -0.00000001931325031, 120.20076687412802130]
    [0.00000023844907532, 0.00000001931322122, 0.99999963235727618, 148.75490356050431728]
  #1428 objects/buildingsets/human/hightech/prop/light/lamp/lamp_planter_1_large_b.cgf
    [-0.87462007902179972, -0.48480884892013476, -0.00000023478128380, -71.67527221376076341]
    [0.48480884892018161, -0.87462007902158112, -0.00000062613908671, 74.59928762307390571]
    [0.00000009821334968, -0.00000066145789365, 0.99999995130948616, 148.67213138192892075]
  #1429 objects/buildingsets/human/hightech/prop/light/light_street_3_a.cgf
    [-0.00000051972279730, 0.99999969954745982, 0.00000037046131720, -281.94489880604669452]
    [-0.99999969954734169, -0.00000051972302367, 0.00000061119766430, 140.48228029697202146]
    [0.00000061119785683, -0.00000037046099955, 0.99999969954740819, 148.75490394793450832]
  #1430 objects/buildingsets/human/hightech/prop/light/light_street_3_a.cgf
    [-0.99999988499439008, -0.00000017279518136, 0.00000020466053574, -190.67678687116131186]
    [0.00000017279517741, -0.99999988499441084, -0.00000001931332130, 180.22470129630528390]
    [0.00000020466053907, -0.00000001931328594, 0.99999988499440506, 148.75490431487560272]
  #1431 objects/buildingsets/human/hightech/delta/int/garage/garage_addon_light_a.cgf
    [-5.00000061627392611, -0.00000084623754284, 0.00000081992637408, -165.43214255245402455]
    [0.00000084623793015, -5.00000061627343584, 0.00000236189460514, -1.78863944415934384]
    [0.00000081992597434, 0.00000236189474391, 5.00000061627344028, 119.38206413015723228]
  #1432 objects/buildingsets/human/hightech/prop/light/light_street_3_a.cgf
    [0.76604548277935236, 0.64278817828717805, 0.00000023810724727, -271.57233111141249537]
    [-0.64278817828684298, 0.76604548277925022, -0.00000080246217239, 75.65740166464820504]
    [-0.00000069821336786, 0.00000046166946213, 1.00000116191520294, 148.75490400567650795]
  #1433 objects/buildingsets/human/hightech/prop/light/light_street_3_a.cgf
    [0.99999963235726896, -0.00000012200883412, -0.00000023844907296, -118.92151618329808116]
    [0.00000012200882951, 0.99999963235729716, -0.00000001931325031, 23.93927410803735256]
    [0.00000023844907532, 0.00000001931322122, 0.99999963235727618, 148.75490349158644676]
  #1434 objects/buildingsets/human/hightech/prop/light/light_street_3_a.cgf
    [-0.99999988499439008, -0.00000017279518136, 0.00000020466053574, -164.80851976061239839]
    [0.00000017279517741, -0.99999988499441084, -0.00000001931332130, 180.22469225537497550]
    [0.00000020466053907, -0.00000001931328594, 0.99999988499440506, 148.75490354932844639]
  #1435 objects/buildingsets/human/hightech/prop/light/light_street_3_a.cgf
    [0.86602516078646907, -0.50000056163690465, -0.00000049060782026, -98.69444997096434236]
    [0.50000056163702189, 0.86602516078652803, 0.00000014679992022, 31.21065358538180590]
    [0.00000035147864913, -0.00000037243658397, 1.00000007037621153, 148.75490378215909004]
  #1436 objects/buildingsets/human/hightech/prop/light/light_street_3_a.cgf
    [0.85716610419445793, 0.51503829578468507, -0.00000139732879010, -193.41871876781806350]
    [-0.51503829578540938, 0.85716610419514006, -0.00000019302099308, 31.05370423535350710]
    [0.00000109833067347, 0.00000088512969847, 0.99999908815191429, 148.75490371137857437]
  #1437 objects/buildingsets/human/hightech/prop/light/light_street_3_a.cgf
    [0.99999963235726896, -0.00000012200883412, -0.00000023844907296, -210.84373328043147922]
    [0.00000012200882951, 0.99999963235729716, -0.00000001931325031, 52.64527107554022223]
    [0.00000023844907532, 0.00000001931322122, 0.99999963235727618, 148.75490421429276466]
  #1438 objects/buildingsets/human/hightech/prop/light/light_street_3_a.cgf
    [0.99999963235726896, -0.00000012200883412, -0.00000023844907296, -144.78978098602965474]
    [0.00000012200882951, 0.99999963235729716, -0.00000001931325031, 23.93928811384830624]
    [0.00000023844907532, 0.00000001931322122, 0.99999963235727618, 148.75490413047373295]
  #1439 objects/buildingsets/human/hightech/prop/light/light_street_3_a.cgf
    [-0.00000051972279730, 0.99999969954745982, 0.00000037046131720, -281.94488251907750964]
    [-0.99999969954734169, -0.00000051972302367, 0.00000061119766430, 166.35054804955143481]
    [0.00000061119785683, -0.00000037046099955, 0.99999969954740819, 148.75490396656095982]
  #1440 objects/buildingsets/human/hightech/prop/light/light_street_3_a.cgf
    [-0.99999988499439008, -0.00000017279518136, 0.00000020466053574, -265.87379953777417541]
    [0.00000017279517741, -0.99999988499441084, -0.00000001931332130, 180.02348228218033910]
    [0.00000020466053907, -0.00000001931328594, 0.99999988499440506, 148.75490391440689564]
  #1441 objects/buildingsets/human/hightech/prop/light/lamp/lamp_planter_1_large_b.cgf
    [-1.74924015804359922, -0.96961769784026941, -0.00000046956256760, -70.36516683502122760]
    [0.96961769784036311, -1.74924015804316202, -0.00000125227817342, 74.04540571896359324]
    [0.00000019642669937, -0.00000132291578731, 1.99999990261897209, 148.67213047109544277]
  #1442 objects/buildingsets/human/hightech/prop/light/light_street_3_a.cgf
    [-0.99999988499439008, -0.00000017279518136, 0.00000020466053574, -242.90356575837358832]
    [0.00000017279517741, -0.99999988499441084, -0.00000001931332130, 180.18462549801915884]
    [0.00000020466053907, -0.00000001931328594, 0.99999988499440506, 148.75490388460457325]
  #1443 objects/buildingsets/human/hightech/prop/light/light_street_3_a.cgf
    [0.99999963235726896, -0.00000012200883412, -0.00000023844907296, -236.71199796395376325]
    [0.00000012200882951, 0.99999963235729716, -0.00000001931325031, 52.64528519113082439]
    [0.00000023844907532, 0.00000001931322122, 0.99999963235727618, 148.75490345060825348]
  #1444 objects/buildingsets/human/hightech/prop/light/light_street_3_a.cgf
    [0.76604548277935236, 0.64278817828717805, 0.00000023810724727, -254.33918857714161277]
    [-0.64278817828684298, 0.76604548277925022, -0.00000080246217239, 61.19706813944503665]
    [-0.00000069821336786, 0.00000046166946213, 1.00000116191520294, 148.75490401685237885]
  #1445 objects/buildingsets/human/hightech/prop/light/light_street_3_a.cgf
    [-0.00000051972279730, 0.99999969954745982, 0.00000037046131720, -281.94491563597694039]
    [-0.99999969954734169, -0.00000051972302367, 0.00000061119766430, 113.72253809974063188]
    [0.00000061119785683, -0.00000037046099955, 0.99999969954740819, 148.75490375980734825]
  #1446 objects/buildingsets/human/hightech/prop/light/light_street_3_a.cgf
    [0.99999963235726896, -0.00000012200883412, -0.00000023844907296, -157.77450413489714265]
    [0.00000012200882951, 0.99999963235729716, -0.00000001931325031, 52.68533799273427576]
    [0.00000023844907532, 0.00000001931322122, 0.99999963235727618, 148.75490446388721466]
  #1447 objects/buildingsets/human/hightech/prop/light/light_street_3_a.cgf
    [-0.99999988499439008, -0.00000017279518136, 0.00000020466053574, -217.43652973370626569]
    [0.00000017279517741, -0.99999988499441084, -0.00000001931332130, 180.22471221268642694]
    [0.00000020466053907, -0.00000001931328594, 0.99999988499440506, 148.75490408949553967]
  #1448 objects/buildingsets/human/hightech/prop/light/lamp/lamp_planter_1_d.cgf
    [-0.55919111883067729, 0.82903767128896544, 0.00000068114829820, -79.04684950457885861]
    [-0.82903767128840211, -0.55919111883109163, 0.00000096680810497, 78.34299609577283263]
    [0.00000118241350210, -0.00000002406711507, 0.99999908389678083, 148.78558318503201008]
  #1449 objects/buildingsets/human/hightech/prop/light/light_street_3_a.cgf
    [0.99999963235726896, -0.00000012200883412, -0.00000023844907296, -53.37476686341688037]
    [0.00000012200882951, 0.99999963235729716, -0.00000001931325031, 52.64525552478153259]
    [0.00000023844907532, 0.00000001931322122, 0.99999963235727618, 148.75490373745560646]
  #1450 objects/buildingsets/human/hightech/prop/light/light_street_3_a.cgf
    [-0.00000051972279730, 0.99999969954745982, 0.00000037046131720, -252.39730010414496064]
    [-0.99999969954734169, -0.00000051972302367, 0.00000061119766430, 278.28139277163427323]
    [0.00000061119785683, -0.00000037046099955, 0.99999969954740819, 148.75490399822592735]
  #1451 objects/buildingsets/human/hightech/prop/light/light_street_3_a.cgf
    [0.85716610419445793, 0.51503829578468507, -0.00000139732879010, -215.59297221014276147]
    [-0.51503829578540938, 0.85716610419514006, -0.00000019302099308, 44.13582922029308975]
    [0.00000109833067347, 0.00000088512969847, 0.99999908815191429, 148.75490367040038109]
  #1452 objects/buildingsets/human/hightech/prop/light/light_street_2_a.cgf
    [-0.99999988499439008, -0.00000017279518136, 0.00000020466053574, -226.81691754935309291]
    [0.00000017279517741, -0.99999988499441084, -0.00000001931332130, 151.07188999699428678]
    [0.00000020466053907, -0.00000001931328594, 0.99999988499440506, 148.82305629178881645]
  #1453 objects/buildingsets/human/hightech/prop/light/light_street_3_a.cgf
    [0.99999963235726896, -0.00000012200883412, -0.00000023844907296, -106.00277053331956267]
    [0.00000012200882951, 0.99999963235729716, -0.00000001931325031, 52.64528503397013992]
    [0.00000023844907532, 0.00000001931322122, 0.99999963235727618, 148.75490413792431355]
  #1454 objects/buildingsets/human/hightech/prop/light/light_street_3_a.cgf
    [0.99999963235726896, -0.00000012200883412, -0.00000023844907296, -80.13450572965666652]
    [0.00000012200882951, 0.99999963235729716, -0.00000001931325031, 52.64527102780994028]
    [0.00000023844907532, 0.00000001931322122, 0.99999963235727618, 148.75490349903702736]
  #1455 objects/buildingsets/human/hightech/prop/light/light_street_3_a.cgf
    [0.99999963235726896, -0.00000012200883412, -0.00000023844907296, -254.20414557075127959]
    [0.00000012200882951, 0.99999963235729716, -0.00000001931325031, 120.20076709031127393]
    [0.00000023844907532, 0.00000001931322122, 0.99999963235727618, 148.75490427948534489]
  #1456 objects/buildingsets/human/hightech/prop/light/light_street_2_a.cgf
    [-0.00000051972279730, 0.99999969954745982, 0.00000037046131720, -247.14383691782131791]
    [-0.99999969954734169, -0.00000051972302367, 0.00000061119766430, 109.06810427526943386]
    [0.00000061119785683, -0.00000037046099955, 0.99999969954740819, 148.82305656373500824]
  #1457 objects/buildingsets/human/hightech/prop/light/light_street_3_a.cgf
    [0.99999963235726896, -0.00000012200883412, -0.00000023844907296, -172.83513115392997861]
    [0.00000012200882951, 0.99999963235729716, -0.00000001931325031, 24.14047999284230173]
    [0.00000023844907532, 0.00000001931322122, 0.99999963235727618, 148.75490419939160347]
  #1458 objects/buildingsets/human/hightech/prop/light/light_street_3_a.cgf
    [0.99999963235726896, -0.00000012200883412, -0.00000023844907296, -134.04812070121988654]
    [0.00000012200882951, 0.99999963235729716, -0.00000001931325031, 52.84647691296413541]
    [0.00000023844907532, 0.00000001931322122, 0.99999963235727618, 148.75490420684218407]
  #1459 objects/buildingsets/human/hightech/prop/light/light_street_3_a.cgf
    [0.86602516078646907, -0.50000056163690465, -0.00000049060782026, -76.65939815575256944]
    [0.50000056163702189, 0.86602516078652803, 0.00000014679992022, 43.97887989657465369]
    [0.00000035147864913, -0.00000037243658397, 1.00000007037621153, 148.75490454398095608]
  #1460 objects/buildingsets/human/hightech/prop/light/light_street_3_a.cgf
    [-0.00000051972279730, 0.99999969954745982, 0.00000037046131720, -281.90483660576865077]
    [-0.99999969954734169, -0.00000051972302367, 0.00000061119766430, 87.41304576385300606]
    [0.00000061119785683, -0.00000037046099955, 0.99999969954740819, 148.75490418635308743]
  #1461 objects/buildingsets/human/hightech/prop/light/light_street_2_a.cgf
    [0.99999963235726896, -0.00000012200883412, -0.00000023844907296, -226.81691833166405559]
    [0.00000012200882951, 0.99999963235729716, -0.00000001931325031, 94.06114628852810711]
    [0.00000023844907532, 0.00000001931322122, 0.99999963235727618, 148.82305572554469109]
  #1462 objects/planets/flora/grass/cypress_debris_01/cypress_debris_01.cgf
    [0.00000321910358402, -1.00000175018485460, 0.00000156215695069, -177.77565850736573339]
    [1.00000175018607163, 0.00000321910345856, -0.00000008032266596, 461.08586003398522735]
    [0.00000008031763722, 0.00000156215720925, 1.00000175019003290, 148.74741629138588905]
  #1463 objects/planets/flora/grass/cypress_debris_01/cypress_debris_01.cgf
    [-0.70710798437807876, 0.70710622357024366, 0.00000040869400561, -169.38989485753700137]
    [-0.70710622357034469, -0.70710798437781608, -0.00000062909349241, 451.72828588914126158]
    [-0.00000015584505802, -0.00000073382677132, 1.00000045649119840, 148.74741598591208458]
  #1464 objects/planets/flora/tree/cypress_01/cypress_01_a_mega_wind.cgf
    [-0.70710798437807876, 0.70710622357024366, 0.00000040869400561, -177.19774288637563586]
    [-0.70710622357034469, -0.70710798437781608, -0.00000062909349241, 461.41691061947494745]
    [-0.00000015584505802, -0.00000073382677132, 1.00000045649119840, 148.74741630628705025]
  #1465 objects/planets/flora/grass/cypress_debris_01/cypress_debris_01.cgf
    [0.00000321910358402, -1.00000175018485460, 0.00000156215695069, -207.27565906615927815]
    [1.00000175018607163, 0.00000321910345856, -0.00000008032266596, 425.58586076553910971]
    [0.00000008031763722, 0.00000156215720925, 1.00000175019003290, 148.74741582944989204]
  #1466 objects/planets/flora/tree/cypress_01/cypress_01_a_mega_wind.cgf
    [-0.70710798437807876, 0.70710622357024366, 0.00000040869400561, -206.69774344516918063]
    [-0.70710622357034469, -0.70710798437781608, -0.00000062909349241, 425.91691135196015239]
    [-0.00000015584505802, -0.00000073382677132, 1.00000045649119840, 148.74741584062576294]
  #1467 objects/planets/flora/grass/cypress_debris_01/cypress_debris_01.cgf
    [-0.70710798437807876, 0.70710622357024366, 0.00000040869400561, -205.88989495066925883]
    [-0.70710622357034469, -0.70710798437781608, -0.00000062909349241, 426.22828569018747658]
    [-0.00000015584505802, -0.00000073382677132, 1.00000045649119840, 148.74741576798260212]
  #1468 objects/planets/flora/grass/cypress_debris_01/cypress_debris_01.cgf
    [-0.70710798437807876, 0.70710622357024366, 0.00000040869400561, -176.38989439280703664]
    [-0.70710622357034469, -0.70710798437781608, -0.00000062909349241, 461.72828495793510228]
    [-0.00000015584505802, -0.00000073382677132, 1.00000045649119840, 148.74741623178124428]
  #1469 objects/buildingsets/human/brand/decal/logo/secondary_logo_txt_lrg.cgf
    [0.00000288220057484, 2.12821303490660441, 0.00000317041252022, -385.31169247487559915]
    [-0.00000015036544719, -0.00000317041231596, 2.12821303490855085, 363.49846830999013036]
    [2.12821303490896030, -0.00000288220079801, 0.00000015036115435, 148.70683390647172928]
  #1470 objects/buildingsets/citysets/hightech/addon/large/ht_lrg_addon_banner_001_a.cgf
    [-0.00000051972279730, 0.99999969954745982, 0.00000037046131720, -388.14800101565197110]
    [-0.99999969954734169, -0.00000051972302367, 0.00000061119766430, 362.73795258847530931]
    [0.00000061119785683, -0.00000037046099955, 0.99999969954740819, 137.38557698577642441]
  #1471 objects/buildingsets/human/brand/decal/logo/secondary_logo_txt_lrg.cgf
    [0.00000237275209318, -2.12821232150128470, -0.00000393614415636, -385.33993359236046672]
    [-0.00000073275910134, 0.00000393614334014, -2.12821232150248152, 362.95845138933509588]
    [2.12821232150479833, 0.00000237275344765, -0.00000073275471222, 148.70683406107127666]
  #1472 objects/buildingsets/human/hightech/prop/light/lamp/lamp_planter_1_large_b.cgf
    [-0.16670334435079684, 0.94541534560883589, -0.00000022230430489, -292.33756106020882726]
    [-0.94541534560844287, -0.16670334435050566, 0.00000094335546932, 326.83798576903063804]
    [0.00000089042060641, 0.00000038273997589, 0.96000009412995668, 137.19999098032712936]
  #1473 objects/buildingsets/human/hightech/loc/stanton/orison/organics/rock/rock_sharp_a.cgf
    [0.08883815703273393, 2.54413358092568620, -0.00005201698370986, -291.76874563423916698]
    [-2.54413358113317267, 0.08883815783386735, 0.00003882880324607, 330.46902772190514952]
    [0.00004062041805209, 0.00005063026953381, 2.54568417016546933, 136.47857010364532471]
  #1474 objects/buildingsets/human/hightech/prop/light/lamp/lamp_planter_1_large_b.cgf
    [-0.10418675650721207, 0.59088560434268456, -0.00000016831066645, -293.00670746760442853]
    [-0.59088560434264437, -0.10418675650711674, 0.00000030952744982, 327.19155769527424127]
    [0.00000027559902698, 0.00000021950147826, 0.60000056470874841, 137.21518143825232983]
  #1475 objects/buildingsets/human/hightech/prop/utility/waste/waste_recycle_2_a.cgf
    [-0.99999988499439008, -0.00000017279518136, 0.00000020466053574, -323.05244931159541011]
    [0.00000017279517741, -0.99999988499441084, -0.00000001931332130, 333.17231387190986425]
    [0.00000020466053907, -0.00000001931328594, 0.99999988499440506, 137.30555680766701698]
  #1476 objects/buildingsets/human/hightech/prop/light/lamp/lamp_planter_1_f.cgf
    [-1.06065977529596989, -0.00000087376899349, -1.06065949261186865, -340.55597649188712239]
    [1.06065949261183978, 0.00000041046706221, -1.06065977529627919, 373.56479470094200224]
    [0.00000090809206721, -1.49999923939927249, 0.00000032760381649, 142.33050022460520267]
  #1477 objects/planets/flora/tree/apaaj_01/apaaj_01_leafpile_c.cgf
    [-1.99725918756808318, -0.10466914420291881, -0.00000043079173314, -288.15384541777893901]
    [0.10466914420242363, -1.99725918756709708, 0.00000205620980580, 337.51439344801474363]
    [-0.00000053781224107, 0.00000203084668948, 1.99999997301726617, 137.24999420903623104]
  #1478 objects/buildingsets/human/hightech/prop/light/lamp/lamp_planter_1_d.cgf
    [-0.99863014733927713, -0.05233240824886892, -0.00000102614838188, -284.42652978701516986]
    [0.05233240824766588, -0.99863014733918642, 0.00000116615644456, 340.86909750371705741]
    [-0.00000108577002232, 0.00000111085769271, 1.00000042606322581, 137.28329537995159626]
  #1479 objects/planets/flora/grass/cypress_debris_01/cypress_debris_01.cgf
    [0.00000321910358402, -1.00000175018485460, 0.00000156215695069, -189.77565891528502107]
    [1.00000175018607163, 0.00000321910345856, -0.00000008032266596, 467.58586017380002886]
    [0.00000008031763722, 0.00000156215720925, 1.00000175019003290, 148.74741544947028160]
  #1480 objects/buildingsets/human/hightech/loc/stanton/orison/base/base_08x08x04_canopy_cap_002.cgf
    [-0.70710648874125603, -0.70710704769891652, -0.00000004068994701, -347.91421434702351689]
    [0.70710704769889143, -0.70710648874121296, -0.00000031280879285, 381.23527396668214351]
    [0.00000019241717998, -0.00000024996128004, 0.99999998166268456, 137.25000368803739548]
  #1481 objects/planets/flora/tree/cypress_01/cypress_01_a_mega_wind.cgf
    [-0.70710798437807876, 0.70710622357024366, 0.00000040869400561, -189.19774329429492354]
    [-0.70710622357034469, -0.70710798437781608, -0.00000062909349241, 467.91691075998824090]
    [-0.00000015584505802, -0.00000073382677132, 1.00000045649119840, 148.74741546437144279]
  #1482 objects/buildingsets/human/hightech/prop/light/lamp/lamp_planter_1_f.cgf
    [1.06065817875230328, 0.00000125521992367, 1.06066022947347860, -350.14938614936545491]
    [-1.06066022947408123, 0.00000048456950329, 1.06065817875233281, 363.97955687355715781]
    [0.00000054493094881, -1.49999863151292612, 0.00000123021742846, 142.33049000985920429]
  #1483 objects/buildingsets/human/hightech/loc/stanton/orison/base/base_08x08x04_canopy_corner_001.cgf
    [-0.70710648874125603, -0.70710704769891652, -0.00000004068994701, -347.91421434702351689]
    [0.70710704769889143, -0.70710648874121296, -0.00000031280879285, 381.23527396668214351]
    [0.00000019241717998, -0.00000024996128004, 0.99999998166268456, 137.25000368803739548]
  #1484 objects/planets/flora/tree/apaaj_01/apaaj_01_leafpile_c.cgf
    [-1.33826223894260576, -1.48628890379125966, -0.00000071257600360, -288.66400041384622455]
    [1.48628890378966272, -1.33826223894233931, 0.00000244312041751, 334.04963507619686425]
    [-0.00000229239801194, 0.00000110522092371, 2.00000013142667976, 137.24999790079891682]
  #1485 objects/planets/flora/grass/cypress_debris_01/cypress_debris_01.cgf
    [-0.70710798437807876, 0.70710622357024366, 0.00000040869400561, -188.38989480072632432]
    [-0.70710622357034469, -0.70710798437781608, -0.00000062909349241, 468.22828509868122637]
    [-0.00000015584505802, -0.00000073382677132, 1.00000045649119840, 148.74741538986563683]
  #1486 objects/buildingsets/human/hightech/prop/light/lamp/lamp_planter_1_large_b.cgf
    [-0.01675350900926055, -0.95985415276778541, -0.00000001604670288, -277.19505082676187158]
    [0.95985415276681851, -0.01675350900926652, 0.00000136242602330, 434.48981349240057170]
    [-0.00000136249857930, 0.00000000773220786, 0.96000035137901385, 137.19998736679553986]
  #1487 objects/buildingsets/human/hightech/loc/stanton/orison/organics/rock/rock_sharp_a.cgf
    [-1.30934292539675967, 2.01621528368746405, 0.00001755084247919, -276.59149714605882764]
    [-2.01621528376384695, -1.30934292534556773, -0.00001157926241378, 436.54846429871395230]
    [-0.00000015233166666, -0.00002102589319957, 2.40405968443535034, 137.24999951943755150]
  #1488 objects/buildingsets/human/hightech/prop/light/lamp/lamp_planter_1_d.cgf
    [-0.10452824364845476, 0.99452242018241832, -0.00000008560393059, -283.73810484865680337]
    [-0.99452242018232129, -0.10452824364840502, 0.00000045908916623, 436.43215950729791075]
    [0.00000044762621680, 0.00000013312274602, 1.00000049898263299, 137.25000105611979961]
  #1489 objects/buildingsets/human/hightech/prop/light/lamp/lamp_planter_1_large_b.cgf
    [-0.01047351050184099, -0.59990861207866020, -0.00000003577472247, -276.47073559695854783]
    [0.59990861207849466, -0.01047351050186477, 0.00000044642857055, 434.27041727164760232]
    [-0.00000044698502867, -0.00000002797648153, 0.60000003105681377, 137.19998740591108799]
  #1490 objects/buildingsets/human/hightech/loc/stanton/orison/organics/rock/rock_sharp_a.cgf
    [1.57398939057871701, -0.35177638940698969, 0.51142368747352795, -278.25395307922735810]
    [0.33455920189884308, 1.65499147724784357, 0.10870496110761826, 440.19070732069667429]
    [-0.52284888512652294, 0.00000061775925329, 1.60915271532231197, 136.86885674670338631]
  #1491 objects/planets/flora/grass/cypress_debris_01/cypress_debris_01.cgf
    [0.00000321910358402, -1.00000175018485460, 0.00000156215695069, -218.77565828664228320]
    [1.00000175018607163, 0.00000321910345856, -0.00000008032266596, 396.58586000918876380]
    [0.00000008031763722, 0.00000156215720925, 1.00000175019003290, 148.74741598963737488]
  #1492 objects/planets/flora/tree/apaaj_01/apaaj_01_med_c.cgf
    [-0.29237223717466443, -0.95630466655389457, -0.00000012283148559, -279.71850882237777114]
    [0.95630466655342428, -0.29237223717464433, 0.00000096259035950, 436.07750063901767135]
    [-0.00000095644210189, 0.00000016397036251, 1.00000007017117132, 136.25000042654573917]
  #1493 objects/planets/flora/tree/cypress_01/cypress_01_a_mega_wind.cgf
    [-0.70710798437807876, 0.70710622357024366, 0.00000040869400561, -218.19774266565218568]
    [-0.70710622357034469, -0.70710798437781608, -0.00000062909349241, 396.91691059467848390]
    [-0.00000015584505802, -0.00000073382677132, 1.00000045649119840, 148.74741600453853607]
  #1494 objects/planets/flora/tree/apaaj_01/apaaj_01_leafpile_c.cgf
    [-0.78146363155493448, 1.84101115588679431, -0.00000052989800490, -281.50598186859861016]
    [-1.84101115588686315, -0.78146363155484788, 0.00000040232429657, 433.21715079527348280]
    [0.00000016329359675, 0.00000064497436885, 2.00000187088474890, 137.25000330992043018]
  #1495 objects/planets/flora/grass/cypress_debris_01/cypress_debris_01.cgf
    [0.00000321910358402, -1.00000175018485460, 0.00000156215695069, -234.27565849712118506]
    [1.00000175018607163, 0.00000321910345856, -0.00000008032266596, 609.58586041943635792]
    [0.00000008031763722, 0.00000156215720925, 1.00000175019003290, 148.74741584062576294]
  #1496 objects/planets/flora/tree/cypress_01/cypress_01_a_mega_wind.cgf
    [-0.70710798437807876, 0.70710622357024366, 0.00000040869400561, -233.69774287613108754]
    [-0.70710622357034469, -0.70710798437781608, -0.00000062909349241, 609.91691100515890867]
    [-0.00000015584505802, -0.00000073382677132, 1.00000045649119840, 148.74741585366427898]
  #1497 objects/planets/flora/tree/apaaj_01/apaaj_01_leafpile_c.cgf
    [-1.76589591219819675, -0.93894187598292089, -0.00000030097328059, -278.59615768352523446]
    [0.93894187598240109, -1.76589591219774311, 0.00000163370820722, 435.33444393053650856]
    [-0.00000103272223909, 0.00000130118107843, 2.00000005479748921, 137.25000094436109066]
  #1498 objects/buildingsets/human/hightech/prop/light/light_street_3_a.cgf
    [0.00000024430014125, -0.99999990601272193, 0.00000037046128440, -288.94321415619924664]
    [0.99999990601275945, 0.00000024430023351, 0.00000024907082518, 449.28966674255207181]
    [-0.00000024907091568, 0.00000037046122355, 0.99999990601272104, 137.30500498041510582]
  #1499 objects/planets/flora/grass/cypress_debris_01/cypress_debris_01.cgf
    [-0.70710798437807876, 0.70710622357024366, 0.00000040869400561, -232.88989438163116574]
    [-0.70710622357034469, -0.70710798437781608, -0.00000062909349241, 610.22828534385189414]
    [-0.00000015584505802, -0.00000073382677132, 1.00000045649119840, 148.74741578102111816]
  #1500 objects/planets/flora/grass/cypress_debris_01/cypress_debris_01.cgf
    [-0.70710798437807876, 0.70710622357024366, 0.00000040869400561, -217.38989417208358645]
    [-0.70710622357034469, -0.70710798437781608, -0.00000062909349241, 397.22828493290580809]
    [-0.00000015584505802, -0.00000073382677132, 1.00000045649119840, 148.74741593003273010]
  #1501 objects/planets/flora/tree/apaaj_01/apaaj_01_leafpile_d.cgf
    [1.98509450218577710, -0.24373793346184175, 0.00000128011957537, -280.40247395681217313]
    [0.24373793346068567, 1.98509450218555950, 0.00000175125585540, 436.76545408542733639]
    [-0.00000148400135588, -0.00000158219568134, 2.00000209070225266, 137.25000010430812836]
  #1502 objects/buildingsets/human/hightech/prop/structure/structure_post_2_a.cgf
    [-0.00000324680806283, 2.49999297799489018, -4.33012600800785918, -232.34332134341821074]
    [4.99999561352298283, 0.00000086233838024, -0.00000325121859145, 625.86224079772364348]
    [-0.00000087879873165, -4.33012600800899072, -2.49999297799488396, 109.28105854429304600]
  #1503 objects/buildingsets/human/hightech/prop/light/light_attachment_5_a.cgf
    [0.00000648852720503, -2.49999455717456476, -4.33012939886000314, -241.96853278810158372]
    [-4.99999933967647525, -0.00000065391490760, -0.00000711476382912, 625.86224527354352176]
    [0.00000299106733071, 4.33012939886481529, -2.49999455717285946, 103.70237895660102367]
  #1504 objects/buildingsets/human/hightech/prop/light/light_street_3_a.cgf
    [-0.00000051972279730, 0.99999969954745982, 0.00000037046131720, -241.88271972676739097]
    [-0.99999969954734169, -0.00000051972302367, 0.00000061119766430, 599.23391586763318628]
    [0.00000061119785683, -0.00000037046099955, 0.99999969954740819, 148.75490375980734825]
  #1505 objects/buildingsets/human/hightech/prop/light/light_street_3_a.cgf
    [0.00000024430014125, -0.99999990601272193, 0.00000037046128440, -297.10723110148683190]
    [0.99999990601275945, 0.00000024430023351, 0.00000024907082518, 320.15256728080566972]
    [-0.00000024907091568, 0.00000037046122355, 0.99999990601272104, 137.30500528588891029]
  #1506 objects/buildingsets/human/hightech/prop/light/light_street_3_a.cgf
    [-0.00000051972279730, 0.99999969954745982, 0.00000037046131720, -214.47182007273659110]
    [-0.99999969954734169, -0.00000051972302367, 0.00000061119766430, 431.17444956838153303]
    [0.00000061119785683, -0.00000037046099955, 0.99999969954740819, 148.75490408577024937]
  #1507 objects/buildingsets/human/hightech/prop/light/light_street_3_a.cgf
    [0.99999963235726896, -0.00000012200883412, -0.00000023844907296, -354.97593298321589828]
    [0.00000012200882951, 0.99999963235729716, -0.00000001931325031, 326.28558248712215573]
    [0.00000023844907532, 0.00000001931322122, 0.99999963235727618, 137.30500468239188194]
  #1508 objects/buildingsets/human/hightech/prop/light/light_street_3_a.cgf
    [0.00000024430014125, -0.99999990601272193, 0.00000037046128440, -162.10700035793706775]
    [0.99999990601275945, 0.00000024430023351, 0.00000024907082518, 474.98949216981418431]
    [-0.00000024907091568, 0.00000037046122355, 0.99999990601272104, 148.75490366481244564]
  #1509 objects/buildingsets/human/hightech/prop/light/light_street_3_a.cgf
    [-0.99999988499439008, -0.00000017279518136, 0.00000020466053574, -376.32191476179286838]
    [0.00000017279517741, -0.99999988499441084, -0.00000001931332130, 363.17557614610996097]
    [0.00000020466053907, -0.00000001931328594, 0.99999988499440506, 137.30500519834458828]
  #1510 objects/buildingsets/human/hightech/prop/light/light_street_3_a.cgf
    [-0.70710798437807876, 0.70710622357024366, 0.00000040869400561, -201.85560799436643720]
    [-0.70710622357034469, -0.70710798437781608, -0.00000062909349241, 501.77107840671669692]
    [-0.00000015584505802, -0.00000073382677132, 1.00000045649119840, 148.75490403920412064]
  #1511 objects/buildingsets/human/hightech/prop/light/light_street_3_a.cgf
    [0.00000024430014125, -0.99999990601272193, 0.00000037046128440, -297.10723108751699328]
    [0.99999990601275945, 0.00000024430023351, 0.00000024907082518, 368.40869463304989040]
    [-0.00000024907091568, 0.00000037046122355, 0.99999990601272104, 137.30500492453575134]
  #1512 objects/buildingsets/human/hightech/prop/light/light_street_3_a.cgf
    [-0.99999988499439008, -0.00000017279518136, 0.00000020466053574, -196.36413063062354922]
    [0.00000017279517741, -0.99999988499441084, -0.00000001931332130, 458.84782243776135147]
    [0.00000020466053907, -0.00000001931328594, 0.99999988499440506, 148.75490401312708855]
  #1513 objects/buildingsets/human/hightech/prop/light/light_street_3_a.cgf
    [-0.70710850487534072, 0.70710713692253091, 0.00000022246423623, -361.77755109546706080]
    [-0.70710713692253491, -0.70710850487536792, 0.00000007318100753, 364.95078483549878001]
    [0.00000020905285879, -0.00000010555898112, 1.00000147037582554, 137.30500537157058716]
  #1514 objects/buildingsets/human/hightech/prop/light/light_street_3_a.cgf
    [-0.00000051972279730, 0.99999969954745982, 0.00000037046131720, -252.39732145471498370]
    [-0.99999969954734169, -0.00000051972302367, 0.00000061119766430, 453.78782882739324123]
    [0.00000061119785683, -0.00000037046099955, 0.99999969954740819, 148.75490441359579563]
  #1515 objects/buildingsets/human/hightech/prop/light/light_street_3_a.cgf
    [-0.00000051972279730, 0.99999969954745982, 0.00000037046131720, -252.19610924692824483]
    [-0.99999969954734169, -0.00000051972302367, 0.00000061119766430, 531.12239573779515922]
    [0.00000061119785683, -0.00000037046099955, 0.99999969954740819, 148.75490402989089489]
  #1516 objects/buildingsets/human/hightech/prop/light/light_street_3_a.cgf
    [0.69465888583040047, -0.71933977343893807, 0.00000059607286259, -170.91992561565712094]
    [0.71933977343878042, 0.69465888583065016, 0.00000048488675365, 505.70205407065805048]
    [-0.00000076286537976, 0.00000009194799475, 1.00000033865698312, 148.75490405224263668]
  #1517 objects/buildingsets/human/hightech/prop/light/light_street_3_a.cgf
    [-0.99999988499439008, -0.00000017279518136, 0.00000020466053574, -180.68351848563179374]
    [0.00000017279517741, -0.99999988499441084, -0.00000001931332130, 541.44428807089570910]
    [0.00000020466053907, -0.00000001931328594, 0.99999988499440506, 148.75490419939160347]
  #1518 objects/buildingsets/human/hightech/prop/light/light_street_3_a.cgf
    [-0.68199887304483164, -0.73135321650765028, 0.00000059489776375, -170.91992486780509353]
    [0.73135321650782215, -0.68199887304489681, 0.00000011671085679, 449.13281424611341208]
    [0.00000032036274551, 0.00000051467706835, 0.99999999506524706, 148.75490399450063705]
  #1519 objects/buildingsets/human/hightech/prop/light/light_street_3_a.cgf
    [0.00000024430014125, -0.99999990601272193, 0.00000037046128440, -162.10700476588681340]
    [0.99999990601275945, 0.00000024430023351, 0.00000024907082518, 553.98243514192290604]
    [-0.00000024907091568, 0.00000037046122355, 0.99999990601272104, 148.75490426272153854]
  #1520 objects/buildingsets/human/hightech/prop/light/light_street_3_a.cgf
    [0.00000024430014125, -0.99999990601272193, 0.00000037046128440, -123.67754299053922296]
    [0.99999990601275945, 0.00000024430023351, 0.00000024907082518, 518.87859333853702992]
    [-0.00000024907091568, 0.00000037046122355, 0.99999990601272104, 148.75490448623895645]
  #1521 objects/buildingsets/human/hightech/prop/light/light_street_3_a.cgf
    [0.00000024430014125, -0.99999990601272193, 0.00000037046128440, -288.98325799545273185]
    [0.99999990601275945, 0.00000024430023351, 0.00000024907082518, 404.11147302424069494]
    [-0.00000024907091568, 0.00000037046122355, 0.99999990601272104, 137.30500435642898083]
  #1522 objects/buildingsets/human/hightech/prop/light/light_street_3_a.cgf
    [-0.00000051972279730, 0.99999969954745982, 0.00000037046131720, -252.39730489952489734]
    [-0.99999969954734169, -0.00000051972302367, 0.00000061119766430, 506.41584665677510202]
    [0.00000061119785683, -0.00000037046099955, 0.99999969954740819, 148.75490384176373482]
  #1523 objects/buildingsets/human/hightech/prop/light/light_street_3_a.cgf
    [-0.70710798437807876, 0.70710622357024366, 0.00000040869400561, -175.38326371973380446]
    [-0.70710622357034469, -0.70710798437781608, -0.00000062909349241, 528.24341774184722453]
    [-0.00000015584505802, -0.00000073382677132, 1.00000045649119840, 148.75490427017211914]
  #1524 objects/buildingsets/human/hightech/prop/light/light_street_3_a.cgf
    [-0.00000051972279730, 0.99999969954745982, 0.00000037046131720, -384.10450530191883445]
    [-0.99999969954734169, -0.00000051972302367, 0.00000061119766430, 333.58981737727299333]
    [0.00000061119785683, -0.00000037046099955, 0.99999969954740819, 137.30500511452555656]
  #1525 objects/buildingsets/human/hightech/prop/light/light_street_3_a.cgf
    [0.99999963235726896, -0.00000012200883412, -0.00000023844907296, -328.06578095583245158]
    [0.00000012200882951, 0.99999963235729716, -0.00000001931325031, 326.12443899142090231]
    [0.00000023844907532, 0.00000001931322122, 0.99999963235727618, 137.30500528402626514]
  #1526 objects/buildingsets/human/hightech/prop/light/light_street_3_a.cgf
    [-0.70710798437807876, 0.70710622357024366, 0.00000040869400561, -189.18423461774364114]
    [-0.70710622357034469, -0.70710798437781608, -0.00000062909349241, 514.44244909507688135]
    [-0.00000015584505802, -0.00000073382677132, 1.00000045649119840, 148.75490421801805496]
  #1527 objects/buildingsets/human/hightech/prop/light/light_street_3_a.cgf
    [-0.00000051972279730, 0.99999969954745982, 0.00000037046131720, -384.26565765170380473]
    [-0.99999969954734169, -0.00000051972302367, 0.00000061119766430, 354.93580068426672369]
    [0.00000061119785683, -0.00000037046099955, 0.99999969954740819, 137.30500521697103977]
  #1528 objects/buildingsets/human/hightech/prop/light/light_street_3_a.cgf
    [-0.00000051972279730, 0.99999969954745982, 0.00000037046131720, -214.47182803833857179]
    [-0.99999969954734169, -0.00000051972302367, 0.00000061119766430, 404.41470205096993595]
    [0.00000061119785683, -0.00000037046099955, 0.99999969954740819, 148.75490422919392586]
  #1529 objects/buildingsets/human/hightech/prop/light/light_street_3_a.cgf
    [-0.70710850487534072, 0.70710713692253091, 0.00000022246423623, -328.51757980836555362]
    [-0.70710713692253491, -0.70710850487536792, 0.00000007318100753, 398.43866784125566483]
    [0.00000020905285879, -0.00000010555898112, 1.00000147037582554, 137.30500544607639313]
  #1530 objects/buildingsets/human/hightech/prop/light/light_street_3_a.cgf
    [-0.00000051972279730, 0.99999969954745982, 0.00000037046131720, -241.68151469761505723]
    [-0.99999969954734169, -0.00000051972302367, 0.00000061119766430, 647.31014122336637229]
    [0.00000061119785683, -0.00000037046099955, 0.99999969954740819, 148.75490370951592922]
  #1531 objects/buildingsets/human/hightech/prop/light/light_street_3_a.cgf
    [-0.70710850487534072, 0.70710713692253091, 0.00000022246423623, -296.93051157472655177]
    [-0.70710713692253491, -0.70710850487536792, 0.00000007318100753, 430.02575329272076488]
    [0.00000020905285879, -0.00000010555898112, 1.00000147037582554, 137.30500461347401142]
  #1532 objects/buildingsets/human/hightech/prop/light/light_street_3_a.cgf
    [-0.00000051972279730, 0.99999969954745982, 0.00000037046131720, -214.47181326476857066]
    [-0.99999969954734169, -0.00000051972302367, 0.00000061119766430, 526.23348267760593444]
    [0.00000061119785683, -0.00000037046099955, 0.99999969954740819, 148.75490453839302063]
  #1533 objects/buildingsets/human/hightech/prop/light/light_street_3_a.cgf
    [-0.00000051972279730, 0.99999969954745982, 0.00000037046131720, -252.19608818413689733]
    [-0.99999969954734169, -0.00000051972302367, 0.00000061119766430, 405.35055321722757071]
    [0.00000061119785683, -0.00000037046099955, 0.99999969954740819, 148.75490417145192623]
  #1534 objects/buildingsets/human/hightech/prop/light/light_street_3_a.cgf
    [0.00000024430014125, -0.99999990601272193, 0.00000037046128440, -162.10700080776587129]
    [0.99999990601275945, 0.00000024430023351, 0.00000024907082518, 529.38611343130469322]
    [-0.00000024907091568, 0.00000037046122355, 0.99999990601272104, 148.75490446947515011]
  #1535 objects/buildingsets/human/hightech/prop/light/light_street_3_a.cgf
    [-0.37460738184854303, -0.92718357711329280, 0.00000003204480577, -180.08798429695889354]
    [0.92718357711327548, -0.37460738184852871, 0.00000020963415327, 462.90004390676040202]
    [-0.00000018236511637, 0.00000010824191482, 1.00000003810198823, 148.75490416958928108]
  #1536 objects/buildingsets/human/hightech/prop/light/light_street_3_a.cgf
    [0.00000024430014125, -0.99999990601272193, 0.00000037046128440, -289.14440849190577865]
    [0.99999990601275945, 0.00000024430023351, 0.00000024907082518, 427.08171074127312750]
    [-0.00000024907091568, 0.00000037046122355, 0.99999990601272104, 137.30500540882349014]
  #1537 objects/buildingsets/human/hightech/prop/light/light_street_3_a.cgf
    [-0.00000051972279730, 0.99999969954745982, 0.00000037046131720, -214.43176109762862325]
    [-0.99999969954734169, -0.00000051972302367, 0.00000061119766430, 502.22091094823554158]
    [0.00000061119785683, -0.00000037046099955, 0.99999969954740819, 148.75490391068160534]
  #1538 objects/buildingsets/human/hightech/prop/light/light_street_3_a.cgf
    [0.00000024430014125, -0.99999990601272193, 0.00000037046128440, -297.26838038256391883]
    [0.99999990601275945, 0.00000024430023351, 0.00000024907082518, 341.49854573421180248]
    [-0.00000024907091568, 0.00000037046122355, 0.99999990601272104, 137.30500526726245880]
  #1539 objects/buildingsets/human/hightech/prop/light/light_street_3_a.cgf
    [-0.00000051972279730, 0.99999969954745982, 0.00000037046131720, -252.39729194296523929]
    [-0.99999969954734169, -0.00000051972302367, 0.00000061119766430, 357.27432806231081486]
    [0.00000061119785683, -0.00000037046099955, 0.99999969954740819, 148.75490363314747810]
  #1540 objects/buildingsets/human/hightech/prop/light/light_street_3_a.cgf
    [0.00000024430014125, -0.99999990601272193, 0.00000037046128440, -162.10699629923328757]
    [0.99999990601275945, 0.00000024430023351, 0.00000024907082518, 501.74924091226421297]
    [-0.00000024907091568, 0.00000037046122355, 0.99999990601272104, 148.75490400195121765]
  #1541 objects/buildingsets/human/hightech/prop/light/light_street_3_a.cgf
    [-0.00000051972279730, 0.99999969954745982, 0.00000037046131720, -214.27061631390824914]
    [-0.99999969954734169, -0.00000051972302367, 0.00000061119766430, 479.25067472329828888]
    [0.00000061119785683, -0.00000037046099955, 0.99999969954740819, 148.75490462779998779]
  #1542 objects/buildingsets/human/hightech/prop/light/light_street_3_a.cgf
    [-0.00000051972279730, 0.99999969954745982, 0.00000037046131720, -214.47181275254115462]
    [-0.99999969954734169, -0.00000051972302367, 0.00000061119766430, 457.04271967976819724]
    [0.00000061119785683, -0.00000037046099955, 0.99999969954740819, 148.75490424409508705]
  #1543 objects/buildingsets/human/hightech/prop/light/light_street_3_a.cgf
    [-0.00000051972279730, 0.99999969954745982, 0.00000037046131720, -241.88271167082712054]
    [-0.99999969954734169, -0.00000051972302367, 0.00000061119766430, 625.10218664747662842]
    [0.00000061119785683, -0.00000037046099955, 0.99999969954740819, 148.75490403175354004]
  #1544 objects/buildingsets/human/hightech/prop/light/light_street_3_a.cgf
    [-0.00000051972279730, 0.99999969954745982, 0.00000037046131720, -252.39728515641763806]
    [-0.99999969954734169, -0.00000051972302367, 0.00000061119766430, 383.14259864215273410]
    [0.00000061119785683, -0.00000037046099955, 0.99999969954740819, 148.75490449182689190]
  #1545 objects/buildingsets/human/hightech/prop/light/light_street_3_a.cgf
    [-0.00000051972279730, 0.99999969954745982, 0.00000037046131720, -214.27061629341915250]
    [-0.99999969954734169, -0.00000051972302367, 0.00000061119766430, 548.44143725233152509]
    [0.00000061119785683, -0.00000037046099955, 0.99999969954740819, 148.75490421988070011]
  #1546 objects/buildingsets/human/hightech/prop/light/light_street_3_a.cgf
    [0.00000024430014125, -0.99999990601272193, 0.00000037046128440, -288.94321367749944329]
    [0.99999990601275945, 0.00000024430023351, 0.00000024907082518, 472.03418141941074282]
    [-0.00000024907091568, 0.00000037046122355, 0.99999990601272104, 137.30500479415059090]
  #1547 objects/buildingsets/human/hightech/prop/light/light_street_3_a.cgf
    [-0.00000051972279730, 0.99999969954745982, 0.00000037046131720, -252.35723255062475801]
    [-0.99999969954734169, -0.00000051972302367, 0.00000061119766430, 428.32078886404633522]
    [0.00000061119785683, -0.00000037046099955, 0.99999969954740819, 148.75490415655076504]
  #1548 objects/buildingsets/human/hightech/prop/light/light_street_3_a.cgf
    [-0.70710850487534072, 0.70710713692253091, 0.00000022246423623, -344.64604289783164859]
    [-0.70710713692253491, -0.70710850487536792, 0.00000007318100753, 382.08230157906655222]
    [0.00000020905285879, -0.00000010555898112, 1.00000147037582554, 137.30500502325594425]
  #1549 objects/buildingsets/human/hightech/prop/light/light_street_3_a.cgf
    [0.37460588940074901, -0.92718394534712834, 0.00000080870293058, -180.08798457356169820]
    [0.92718394534730819, 0.37460588940000406, -0.00000093739599030, 491.85422980086877942]
    [0.00000056619373373, 0.00000110097063014, 0.99999982044114111, 148.75490397773683071]
  #1550 objects/buildingsets/human/hightech/prop/light/light_street_3_a.cgf
    [-0.00000051972279730, 0.99999969954745982, 0.00000037046131720, -241.88272822508588433]
    [-0.99999969954734169, -0.00000051972302367, 0.00000061119766430, 572.47416881786193699]
    [0.00000061119785683, -0.00000037046099955, 0.99999969954740819, 148.75490460544824600]
  #1551 objects/buildingsets/human/hightech/prop/light/light_street_3_a.cgf
    [-0.99999988499439008, -0.00000017279518136, 0.00000020466053574, -204.69609370036050677]
    [0.00000017279517741, -0.99999988499441084, -0.00000001931332130, 541.40423921612091362]
    [0.00000020466053907, -0.00000001931328594, 0.99999988499440506, 148.75490396469831467]
  #1552 objects/buildingsets/human/hightech/prop/light/light_street_3_a.cgf
    [0.00000024430014125, -0.99999990601272193, 0.00000037046128440, -182.98084216332063079]
    [0.99999990601275945, 0.00000024430023351, 0.00000024907082518, 476.25269683019723743]
    [-0.00000024907091568, 0.00000037046122355, 0.99999990601272104, 148.75490373931825161]
  #1553 objects/buildingsets/human/hightech/prop/light/light_street_3_a.cgf
    [-0.70710850487534072, 0.70710713692253091, 0.00000022246423623, -313.05897351307794452]
    [-0.70710713692253491, -0.70710850487536792, 0.00000007318100753, 413.66938711935654283]
    [0.00000020905285879, -0.00000010555898112, 1.00000147037582554, 137.30500500649213791]
  #1554 objects/buildingsets/human/hightech/prop/light/light_street_3_a.cgf
    [0.00000024430014125, -0.99999990601272193, 0.00000037046128440, -297.26837977906689048]
    [0.99999990601275945, 0.00000024430023351, 0.00000024907082518, 391.37893208209425211]
    [-0.00000024907091568, 0.00000037046122355, 0.99999990601272104, 137.30500468611717224]
  #1555 objects/buildingsets/human/hightech/prop/light/light_street_3_a.cgf
    [0.99999963235726896, -0.00000012200883412, -0.00000023844907296, -305.09554003505036235]
    [0.00000012200882951, 0.99999963235729716, -0.00000001931325031, 326.28559538966510445]
    [0.00000023844907532, 0.00000001931322122, 0.99999963235727618, 137.30500475876033306]
  #1556 objects/buildingsets/human/hightech/prop/light/light_street_3_a.cgf
    [0.99999963235726896, -0.00000012200883412, -0.00000023844907296, -376.32191446376964450]
    [0.00000012200882951, 0.99999963235729716, -0.00000001931325031, 326.12442689773160964]
    [0.00000023844907532, 0.00000001931322122, 0.99999963235727618, 137.30500483512878418]
  #1557 objects/buildingsets/human/hightech/prop/light/light_street_3_a.cgf
    [-0.00000051972279730, 0.99999969954745982, 0.00000037046131720, -252.39731295639649034]
    [-0.99999969954734169, -0.00000051972302367, 0.00000061119766430, 480.54757587716449052]
    [0.00000061119785683, -0.00000037046099955, 0.99999969954740819, 148.75490356981754303]
  #1558 objects/buildingsets/human/hightech/loc/stanton/orison/flag/flag_pole_a.cgf
    [0.00000262204729689, 1.00000225590868475, 0.00000070442197460, 24.37882566032931209]
    [-1.00000225590770353, 0.00000262204840145, -0.00000156801484528, -230.63420314411632717]
    [-0.00000156801669229, -0.00000070441786319, 1.00000225591089342, 81.39766956306993961]
  #1559 objects/buildingsets/citysets/hightech/addon/large/ht_lrg_addon_banner_001_a.cgf
    [-0.99999988499439008, -0.00000017279518136, 0.00000020466053574, -126.18634896585717797]
    [0.00000017279517741, -0.99999988499441084, -0.00000001931332130, -140.91464572923723608]
    [0.00000020466053907, -0.00000001931328594, 0.99999988499440506, 81.88547874242067337]
  #1560 objects/buildingsets/human/hightech/loc/stanton/orison/flag/flag_base_b.cgf
    [0.00000262204729689, 1.00000225590868475, 0.00000070442197460, 23.61853046016767621]
    [-1.00000225590770353, 0.00000262204840145, -0.00000156801484528, -230.63420501223299652]
    [-0.00000156801669229, -0.00000070441786319, 1.00000225591089342, 79.74999698065221310]
  #1561 objects/buildingsets/human/brand/decal/logo/secondary_logo_txt_lrg.cgf
    [0.00000126205944362, -0.00000280428625662, -2.12821284768969798, -125.96585093671455979]
    [-0.00000134293155680, 2.12821284768964825, -0.00000280428705300, -143.72270828415639699]
    [2.12821284769112173, 0.00000134293321978, 0.00000126205767406, 93.20673682913184166]
  #1562 objects/buildingsets/human/hightech/loc/stanton/orison/flag/flag_pole_a.cgf
    [-0.00000384450135201, -1.00000137291169033, -0.00000009605513777, -24.14176604477688670]
    [1.00000137291097047, -0.00000384450123632, -0.00000120380384577, -230.63420918164774776]
    [0.00000120380347648, -0.00000009605976579, 1.00000137291835611, 81.39766824617981911]
  #1563 objects/buildingsets/human/hightech/loc/stanton/orison/flag/flag_base_b.cgf
    [-0.00000384450135201, -1.00000137291169033, -0.00000009605513777, -23.38146944483742118]
    [1.00000137291097047, -0.00000384450123632, -0.00000120380384577, -230.63420530885923654]
    [0.00000120380347648, -0.00000009605976579, 1.00000137291835611, 79.74999692477285862]
  #1564 objects/buildingsets/human/hightech/prop/light/lamp/lamp_planter_1_f.cgf
    [-1.49999977322166012, -0.00000095260038713, -0.00000054118694633, -8.87308451766148210]
    [0.00000054118744984, -0.00000079284201291, -1.49999977322175315, -331.97078996838536114]
    [0.00000095260010108, -1.49999977322154820, 0.00000079284235697, 84.83049524389207363]
  #1565 objects/buildingsets/human/hightech/prop/utility/waste/waste_recycle_2_a.cgf
    [-0.88294848395397330, -0.46946993734919745, 0.00000014782408005, 30.70292788045480847]
    [0.46946993734921133, -0.88294848395384884, 0.00000047795170758, -27.35183536005206406]
    [-0.00000009386290862, 0.00000049140568557, 1.00000002369552599, 79.75054504349827766]
  #1566 objects/planets/flora/tree/cypress_01/cypress_01_a_subtle_wind.cgf
    [-0.70710798437807876, 0.70710622357024366, 0.00000040869400561, 21.30225715180858970]
    [-0.70710622357034469, -0.70710798437781608, -0.00000062909349241, -217.08308934909291565]
    [-0.00000015584505802, -0.00000073382677132, 1.00000045649119840, 79.74741575494408607]
  #1567 objects/planets/flora/grass/cypress_debris_01/cypress_debris_01.cgf
    [-0.70710798437807876, 0.70710622357024366, 0.00000040869400561, 20.69805016601458192]
    [-0.70710622357034469, -0.70710798437781608, -0.00000062909349241, -217.76058492565061897]
    [-0.00000015584505802, -0.00000073382677132, 1.00000045649119840, 79.74741553515195847]
  #1568 objects/planets/flora/grass/cypress_debris_01/cypress_debris_01.cgf
    [-0.70710798437807876, 0.70710622357024366, 0.00000040869400561, 21.84185853088274598]
    [-0.70710622357034469, -0.70710798437781608, -0.00000062909349241, -217.03996143059339374]
    [-0.00000015584505802, -0.00000073382677132, 1.00000045649119840, 79.74741560406982899]
  #1569 objects/planets/flora/grass/cypress_debris_01/cypress_debris_01.cgf
    [0.00000321910358402, -1.00000175018485460, 0.00000156215695069, 11.22434142185375094]
    [1.00000175018607163, 0.00000321910345856, -0.00000008032266596, -49.41413969604764134]
    [0.00000008031763722, 0.00000156215720925, 1.00000175019003290, 79.74741572514176369]
  #1570 objects/planets/flora/tree/cypress_01/cypress_01_a_mega_wind.cgf
    [-0.70710798437807876, 0.70710622357024366, 0.00000040869400561, 11.80225704284384847]
    [-0.70710622357034469, -0.70710798437781608, -0.00000062909349241, -49.08308910939376801]
    [-0.00000015584505802, -0.00000073382677132, 1.00000045649119840, 79.74741573818027973]
  #1571 objects/planets/flora/tree/cypress_01/cypress_01_a_mega_wind.cgf
    [-0.70710798437807876, 0.70710622357024366, 0.00000040869400561, -50.19774336973205209]
    [-0.70710622357034469, -0.70710798437781608, -0.00000062909349241, -94.08308883802965283]
    [-0.00000015584505802, -0.00000073382677132, 1.00000045649119840, 79.74741580523550510]
  #1572 objects/planets/flora/grass/cypress_debris_01/cypress_debris_01.cgf
    [0.00000321910358402, -1.00000175018485460, 0.00000156215695069, -50.77565898979082704]
    [1.00000175018607163, 0.00000321910345856, -0.00000008032266596, -94.41413942375220358]
    [0.00000008031763722, 0.00000156215720925, 1.00000175019003290, 79.74741579219698906]
  #1573 objects/planets/flora/grass/cypress_debris_01/cypress_debris_01.cgf
    [-0.70710798437807876, 0.70710622357024366, 0.00000040869400561, 12.61010553641244769]
    [-0.70710622357034469, -0.70710798437781608, -0.00000062909349241, -48.77171477186493576]
    [-0.00000015584505802, -0.00000073382677132, 1.00000045649119840, 79.74741566553711891]
  #1574 objects/planets/flora/tree/apaaj_01/apaaj_01_leafpile_c.cgf
    [-1.99725918756808318, -0.10466914420291881, -0.00000043079173314, 60.97309602564200759]
    [0.10466914420242363, -1.99725918756709708, 0.00000205620980580, -80.43819703639019281]
    [-0.00000053781224107, 0.00000203084668948, 1.99999997301726617, 79.74743210524320602]
  #1575 objects/buildingsets/human/hightech/loc/stanton/orison/organics/rock/rock_sharp_a.cgf
    [0.08883815703273393, 2.54413358092568620, -0.00005201698370986, 51.90890778740867972]
    [-2.54413358113317267, 0.08883815783386735, 0.00003882880324607, -68.91114599397405982]
    [0.00004062041805209, 0.00005063026953381, 2.54568417016546933, 78.97598633170127869]
  #1576 objects/buildingsets/human/hightech/prop/light/lamp/lamp_planter_1_large_b.cgf
    [-0.13891567189294143, 0.78784745289050995, -0.00000022441421642, 62.91968596307560802]
    [-0.78784745289045632, -0.13891567189281434, 0.00000041270325604, -69.51664674410130829]
    [0.00000036746536004, 0.00000029266863044, 0.80000073307676511, 79.69740654714405537]
  #1577 objects/buildingsets/human/hightech/prop/light/lamp/lamp_planter_1_large_b.cgf
    [-0.10418675650721207, 0.59088560434268456, -0.00000016831066645, 50.67094595218077302]
    [-0.59088560434264437, -0.10418675650711674, 0.00000030952744982, -72.18861602107062936]
    [0.00000027559902698, 0.00000021950147826, 0.60000056470874841, 79.71259766444563866]
  #1578 objects/buildingsets/human/hightech/prop/light/lamp/lamp_planter_1_d.cgf
    [0.61566438085154251, 0.78800858427293718, -0.00000019827581288, 55.35951613681390882]
    [-0.78800858427242160, 0.61566438085139552, 0.00000101626671737, -83.93862043786793947]
    [0.00000092289817953, -0.00000046943613947, 1.00000007936805657, 79.75570765882730484]
  #1579 objects/planets/flora/tree/apaaj_01/apaaj_01_small_b.cgf
    [-0.99862959378404170, -0.05233457210145941, -0.00000021539586657, 60.19729598471894860]
    [0.05233457210121182, -0.99862959378354865, 0.00000102810490290, -78.97606585663743317]
    [-0.00000026890612053, 0.00000101542334474, 0.99999998650863320, 79.74743031896650791]
  #1580 objects/planets/flora/tree/cypress_01/cypress_01_a_subtle_wind.cgf
    [-0.70710798437807876, 0.70710622357024366, 0.00000040869400561, 9.30225699255242944]
    [-0.70710622357034469, -0.70710798437781608, -0.00000062909349241, -135.08308830379974097]
    [-0.00000015584505802, -0.00000073382677132, 1.00000045649119840, 79.74741588905453682]
  #1581 objects/planets/flora/grass/cypress_debris_01/cypress_debris_01.cgf
    [-0.70710798437807876, 0.70710622357024366, 0.00000040869400561, -49.38989487523213029]
    [-0.70710622357034469, -0.70710798437781608, -0.00000062909349241, -93.77171449980232865]
    [-0.00000015584505802, -0.00000073382677132, 1.00000045649119840, 79.74741573259234428]
  #1582 objects/planets/flora/tree/apaaj_01/apaaj_01_leafpile_c.cgf
    [-1.99725918756808318, -0.10466914420291881, -0.00000043079173314, 58.96631090017035604]
    [0.10466914420242363, -1.99725918756709708, 0.00000205620980580, -63.47963545704260468]
    [-0.00000053781224107, 0.00000203084668948, 1.99999997301726617, 79.74741300195455551]
  #1583 objects/buildingsets/human/hightech/prop/light/lamp/lamp_planter_1_large_b.cgf
    [-0.16670334435079684, 0.94541534560883589, -0.00000022230430489, 51.34009236050769687]
    [-0.94541534560844287, -0.16670334435050566, 0.00000094335546932, -72.54218794754706323]
    [0.00000089042060641, 0.00000038273997589, 0.96000009412995668, 79.69740720652043819]
  #1584 objects/planets/flora/grass/cypress_debris_01/cypress_debris_01.cgf
    [-0.70710798437807876, 0.70710622357024366, 0.00000040869400561, 8.69805000675842166]
    [-0.70710622357034469, -0.70710798437781608, -0.00000062909349241, -135.76058388082310557]
    [-0.00000015584505802, -0.00000073382677132, 1.00000045649119840, 79.74741567112505436]
  #1585 objects/buildingsets/human/hightech/prop/light/lamp/lamp_planter_1_large_b.cgf
    [-0.20837658706570647, 1.18177126440625924, -0.00000036921525023, 61.89292295044288039]
    [-1.18177126440629854, -0.20837658706562681, 0.00000027702479943, -70.31497860560193658]
    [0.00000020870314599, 0.00000041171062332, 1.20000171808770539, 79.69740718975663185]
  #1586 objects/buildingsets/human/hightech/prop/light/lamp/lamp_planter_1_d.cgf
    [-0.99863014733927713, -0.05233240824886892, -0.00000102614838188, 59.25112363463267684]
    [0.05233240824766588, -0.99863014733918642, 0.00000116615644456, -58.51107621332630515]
    [-0.00000108577002232, 0.00000111085769271, 1.00000042606322581, 79.78071160800755024]
  #1587 objects/planets/flora/tree/apaaj_01/apaaj_01_leafpile_c.cgf
    [-1.99725918756808318, -0.10466914420291881, -0.00000043079173314, 55.52380800293758512]
    [0.10466914420242363, -1.99725918756709708, 0.00000205620980580, -61.86578026809729636]
    [-0.00000053781224107, 0.00000203084668948, 1.99999997301726617, 79.74741043709218502]
  #1588 objects/planets/flora/tree/apaaj_01/apaaj_01_large_c.cgf
    [-0.12186959003093657, -0.99254614544289166, -0.00000023467153001, 58.85673080803826451]
    [0.99254614544228414, -0.12186959003112265, 0.00000110267839326, -68.05805921438150108]
    [-0.00000112305848520, -0.00000009853935648, 1.00000002390331710, 78.74741798825562000]
  #1589 objects/planets/flora/tree/apaaj_01/apaaj_01_leafpile_c.cgf
    [-1.33826223894260576, -1.48628890379125966, -0.00000071257600360, 55.01365300966426730]
    [1.48628890378966272, -1.33826223894233931, 0.00000244312041751, -65.33053864084649831]
    [-0.00000229239801194, 0.00000110522092371, 2.00000013142667976, 79.74741412885487080]
  #1590 objects/planets/flora/grass/cypress_debris_01/cypress_debris_01.cgf
    [-0.70710798437807876, 0.70710622357024366, 0.00000040869400561, 9.84185837255790830]
    [-0.70710622357034469, -0.70710798437781608, -0.00000062909349241, -135.03996038530021906]
    [-0.00000015584505802, -0.00000073382677132, 1.00000045649119840, 79.74741574004292488]
  #1591 objects/buildingsets/human/hightech/loc/stanton/orison/organics/rock/rock_sharp_a.cgf
    [2.03973128789056179, -1.03929348573677127, 0.00000772014425967, 57.96846464602276683]
    [1.03929348574889269, 2.03973128789777469, -0.00000223159517090, -77.23471313330810517]
    [-0.00000586557913655, 0.00000549323454713, 2.28924325406663565, 79.34302388317883015]
  #1592 objects/planets/flora/tree/apaaj_01/apaaj_01_leafpile_c.cgf
    [-1.99725918756808318, -0.10466914420291881, -0.00000043079173314, 58.89432409172877669]
    [0.10466914420242363, -1.99725918756709708, 0.00000205620980580, -79.12900245666969568]
    [-0.00000053781224107, 0.00000203084668948, 1.99999997301726617, 79.74743018671870232]
  #1593 objects/planets/flora/tree/cypress_01/cypress_01_a_subtle_wind.cgf
    [-0.70710798437807876, 0.70710622357024366, 0.00000040869400561, 11.30225672153756022]
    [-0.70710622357034469, -0.70710798437781608, -0.00000062909349241, -298.58308917307294905]
    [-0.00000015584505802, -0.00000073382677132, 1.00000045649119840, 79.74741580709815025]
  #1594 objects/buildingsets/human/hightech/loc/stanton/orison/organics/rock/rock_sharp_a.cgf
    [1.44680160880378872, 1.91996554167558542, 0.00001818349572014, -10.63820163952186704]
    [-1.91996554166344624, 1.44680160889520160, -0.00001061801082243, -160.96600446663796902]
    [-0.00001942303164906, -0.00000813188243822, 2.40405960332644719, 79.74741302430629730]
  #1595 objects/buildingsets/human/hightech/prop/light/lamp/lamp_planter_1_d.cgf
    [0.89879451216367234, 0.43837052859349246, -0.00000016493241347, -12.97318649711087346]
    [-0.43837052859311121, 0.89879451216327932, 0.00000103332922512, -167.72139716625679284]
    [0.00000060122133793, -0.00000085644900101, 1.00000014771689094, 79.74741991236805916]
  #1596 objects/buildingsets/human/hightech/loc/stanton/orison/organics/rock/rock_sharp_a.cgf
    [0.22395193515210018, -1.67549809159624630, 0.07277040242920928, -14.62938190391287208]
    [1.59349356039427636, 0.23547823830071096, 0.51775682317040350, -161.28248633886687458]
    [-0.52284573192706130, 0.00000385656498415, 1.60915387588059033, 79.36627244576811790]
  #1597 objects/planets/flora/tree/apaaj_01/apaaj_01_med_c.cgf
    [-0.99862959378404170, -0.05233457210145941, -0.00000021539586657, -11.26513875881209970]
    [0.05233457210121182, -0.99862959378354865, 0.00000102810490290, -164.06551360373850912]
    [-0.00000026890612053, 0.00000101542334474, 0.99999998650863320, 78.74741626530885696]
  #1598 objects/planets/flora/grass/cypress_debris_01/cypress_debris_01.cgf
    [-0.70710798437807876, 0.70710622357024366, 0.00000040869400561, 10.69804973667487502]
    [-0.70710622357034469, -0.70710798437781608, -0.00000062909349241, -299.26058474916499108]
    [-0.00000015584505802, -0.00000073382677132, 1.00000045649119840, 79.74741558730602264]
  #1599 objects/buildingsets/human/hightech/prop/light/lamp/lamp_planter_1_large_b.cgf
    [-0.90769817882471615, -0.31254498305934991, -0.00000054732099356, -8.91012976644560695]
    [0.31254498305855288, -0.90769817882442216, 0.00000115388283386, -162.23725695186294615]
    [-0.00000089316916344, 0.00000091282786425, 0.96000018243537055, 79.69740081764757633]
  #1600 objects/planets/flora/tree/apaaj_01/apaaj_01_leafpile_c.cgf
    [-1.48628760065464460, 1.33826308661295967, -0.00000028089274140, -10.18302778387442231]
    [-1.33826308661234905, -1.48628760065349064, 0.00000226776731339, -163.26498703798279166]
    [0.00000130869111947, 0.00000187323166578, 1.99999973021134281, 79.74741565622389317]
  #1601 objects/planets/flora/tree/cypress_01/cypress_01_a_mega_wind.cgf
    [-0.70710798437807876, 0.70710622357024366, 0.00000040869400561, 11.80225716577842832]
    [-0.70710622357034469, -0.70710798437781608, -0.00000062909349241, -92.08308878599200398]
    [-0.00000015584505802, -0.00000073382677132, 1.00000045649119840, 79.74741582199931145]
  #1602 objects/planets/flora/tree/apaaj_01/apaaj_01_leafpile_c.cgf
    [1.46270839233280059, 1.36399807846812315, 0.00000027762419701, -9.18863844359293580]
    [-1.36399807846788246, 1.46270839233222638, 0.00000155339931044, -166.72348154941573739]
    [0.00000085637450942, -0.00000132542344633, 2.00000164976510098, 79.74741968698799610]
  #1603 objects/buildingsets/human/hightech/prop/light/lamp/lamp_planter_1_large_b.cgf
    [-0.56731192017688381, -0.19533854370477388, -0.00000000332462293, -8.45623521460220218]
    [0.19533854370468604, -0.56731192017663801, 0.00000055954753211, -161.63166095840279013]
    [-0.00000018531217372, 0.00000052798095807, 0.59999996785930898, 79.69740025699138641]
  #1604 objects/buildingsets/human/hightech/loc/stanton/orison/organics/rock/rock_sharp_a.cgf
    [-3.75275983833195070, 2.93198560467308988, -0.00001155967994327, 54.50334778660908341]
    [-2.93198560469534586, -3.75275983831340554, 0.00001192921382532, -73.63013678963761777]
    [-0.00000176477208169, 0.00001651720080343, 4.76232569130516126, 79.74742313101887703]
  #1605 objects/planets/flora/tree/apaaj_01/apaaj_01_leafpile_d.cgf
    [0.44990141120582061, -1.94874085578528700, -0.00000020580880626, -12.14553178241476417]
    [1.94874085578321088, 0.44990141120502702, 0.00000297462112707, -164.47293650393839926]
    [-0.00000285208523889, -0.00000086967689658, 2.00000055070065308, 79.74741653166711330]
  #1606 objects/planets/flora/grass/cypress_debris_01/cypress_debris_01.cgf
    [-0.70710798437807876, 0.70710622357024366, 0.00000040869400561, 11.84185810340568423]
    [-0.70710622357034469, -0.70710798437781608, -0.00000062909349241, -298.53996125410776585]
    [-0.00000015584505802, -0.00000073382677132, 1.00000045649119840, 79.74741565436124802]
  #1607 objects/planets/flora/grass/cypress_debris_01/cypress_debris_01.cgf
    [0.00000321910358402, -1.00000175018485460, 0.00000156215695069, 11.22434154478833079]
    [1.00000175018607163, 0.00000321910345856, -0.00000008032266596, -92.41413937194738537]
    [0.00000008031763722, 0.00000156215720925, 1.00000175019003290, 79.74741580709815025]
  #1608 objects/buildingsets/human/hightech/prop/light/light_street_3_a.cgf
    [0.00000024430014125, -0.99999990601272193, 0.00000037046128440, 18.34925016434863210]
    [0.99999990601275945, 0.00000024430023351, 0.00000024907082518, -90.22860566410236061]
    [-0.00000024907091568, 0.00000037046122355, 0.99999990601272104, 79.85010891407728195]
  #1609 objects/planets/flora/grass/cypress_debris_01/cypress_debris_01.cgf
    [-0.70710798437807876, 0.70710622357024366, 0.00000040869400561, 12.61010565934702754]
    [-0.70710622357034469, -0.70710798437781608, -0.00000062909349241, -91.77171444799751043]
    [-0.00000015584505802, -0.00000073382677132, 1.00000045649119840, 79.74741574749350548]
  #1610 objects/buildingsets/human/hightech/prop/light/light_street_3_a.cgf
    [0.00000024430014125, -0.99999990601272193, 0.00000037046128440, 18.34923322917893529]
    [0.99999990601275945, 0.00000024430023351, 0.00000024907082518, -196.71996146836318076]
    [-0.00000024907091568, 0.00000037046122355, 0.99999990601272104, 79.85010878369212151]
  #1611 objects/buildingsets/human/hightech/prop/light/lamp/lamp_planter_1_d.cgf
    [0.71934012308752227, 0.69465650123068845, -0.00000085596471449, -11.28178705042228103]
    [-0.69465650123099953, 0.71934012308772455, -0.00000009742175776, -168.84386516420636326]
    [0.00000054805569009, 0.00000066468154172, 0.99999893369224335, 79.85096793621778488]
  #1612 objects/buildingsets/human/hightech/prop/light/lamp/lamp_planter_1_large_b.cgf
    [0.39073161273680773, -0.92050492297546205, 0.00000104331570800, -10.07663396233692765]
    [0.92050492297455189, 0.39073161273796658, 0.00000136333010193, -157.06788578431587666]
    [-0.00000166260807866, 0.00000042768096772, 1.00000025320602282, 79.73751616105437279]
  #1613 objects/buildingsets/human/hightech/prop/light/lamp/lamp_planter_1_large_b.cgf
    [-0.37460494033947950, -0.92718466818358425, -0.00000088664170168, 23.74638345232233405]
    [0.92718466818399770, -0.37460494033944730, -0.00000020840268023, -18.48002741520758718]
    [-0.00000013891257307, -0.00000090014914394, 1.00000013512069374, 80.54440455138683319]
  #1614 objects/buildingsets/human/hightech/prop/light/light_street_3_a.cgf
    [0.00000024430014125, -0.99999990601272193, 0.00000037046128440, 18.38930628681555390]
    [0.99999990601275945, 0.00000024430023351, 0.00000024907082518, -244.01306285010650754]
    [-0.00000024907091568, 0.00000037046122355, 0.99999990601272104, 79.85010876134037971]
  #1615 objects/buildingsets/human/hightech/prop/light/light_street_3_a.cgf
    [-0.00000051972279730, 0.99999969954745982, 0.00000037046131720, -18.61765626026317477]
    [-0.99999969954734169, -0.00000051972302367, 0.00000061119766430, -197.06491298263426870]
    [0.00000061119785683, -0.00000037046099955, 0.99999969954740819, 79.85010939091444016]
  #1616 objects/buildingsets/human/hightech/prop/light/light_street_3_a.cgf
    [0.00000024430014125, -0.99999990601272193, 0.00000037046128440, 18.38929429976269603]
    [0.99999990601275945, 0.00000024430023351, 0.00000024907082518, -270.77280446700751781]
    [-0.00000024907091568, 0.00000037046122355, 0.99999990601272104, 79.85010902583599091]
  #1617 objects/buildingsets/human/hightech/prop/light/light_street_3_a.cgf
    [-0.00000051972279730, 0.99999969954745982, 0.00000037046131720, -18.61772007541731000]
    [-0.99999969954734169, -0.00000051972302367, 0.00000061119766430, -297.22838646010495722]
    [0.00000061119785683, -0.00000037046099955, 0.99999969954740819, 79.85010891780257225]
  #1618 objects/buildingsets/human/hightech/prop/light/light_street_3_a.cgf
    [-0.00000051972279730, 0.99999969954745982, 0.00000037046131720, -18.57761009922251105]
    [-0.99999969954734169, -0.00000051972302367, 0.00000061119766430, -275.15994775621220469]
    [0.00000061119785683, -0.00000037046099955, 0.99999969954740819, 79.85010859370231628]
  #1619 objects/buildingsets/human/hightech/prop/light/light_street_3_a.cgf
    [0.64278753902761343, 0.76604573661159714, 0.00000063896346697, -42.43261384731158614]
    [-0.76604573661109909, 0.64278753902792674, -0.00000087661986423, -114.06855489080771804]
    [-0.00000108224764087, 0.00000007400501550, 1.00000094545415896, 79.85010837018489838]
  #1620 objects/buildingsets/human/hightech/prop/light/light_street_2_a.cgf
    [0.89100768486922677, 0.45399032405837941, 0.00000067280888823, 16.30967934662476182]
    [-0.45399032405836376, 0.89100768486946968, -0.00000018454062444, -19.09781902085524052]
    [-0.00000068325689564, -0.00000014102147605, 1.00000095441685333, 79.74999458529055119]
  #1621 objects/buildingsets/human/hightech/prop/light/light_street_3_a.cgf
    [0.00000024430014125, -0.99999990601272193, 0.00000037046128440, 18.38928148755803704]
    [0.99999990601275945, 0.00000024430023351, 0.00000024907082518, -296.64107001456432045]
    [-0.00000024907091568, 0.00000037046122355, 0.99999990601272104, 79.85010876506567001]
  #1622 objects/buildingsets/human/hightech/prop/light/light_street_3_a.cgf
    [-0.00000051972279730, 0.99999969954745982, 0.00000037046131720, -57.88602329837158322]
    [-0.99999969954734169, -0.00000051972302367, 0.00000061119766430, -82.12914240790996701]
    [0.00000061119785683, -0.00000037046099955, 0.99999969954740819, 79.85010934248566628]
  #1623 objects/buildingsets/human/hightech/prop/light/light_street_3_a.cgf
    [0.00000024430014125, -0.99999990601272193, 0.00000037046128440, 18.38932064035907388]
    [0.99999990601275945, 0.00000024430023351, 0.00000024907082518, -142.45538163452874869]
    [-0.00000024907091568, 0.00000037046122355, 0.99999990601272104, 79.85010882094502449]
  #1624 objects/buildingsets/human/hightech/prop/light/light_street_3_a.cgf
    [0.00000024430014125, -0.99999990601272193, 0.00000037046128440, 18.38933357736095786]
    [0.99999990601275945, 0.00000024430023351, 0.00000024907082518, -115.69564106361940503]
    [-0.00000024907091568, 0.00000037046122355, 0.99999990601272104, 79.85010855272412300]
  #1625 objects/buildingsets/human/hightech/prop/light/light_street_3_a.cgf
    [0.00000024430014125, -0.99999990601272193, 0.00000037046128440, 18.34922287287190557]
    [0.99999990601275945, 0.00000024430023351, 0.00000024907082518, -218.54602745000738651]
    [-0.00000024907091568, 0.00000037046122355, 0.99999990601272104, 79.85010912455618382]
  #1626 objects/buildingsets/human/hightech/prop/light/light_street_3_a.cgf
    [0.00000024430014125, -0.99999990601272193, 0.00000037046128440, -18.61764114117249846]
    [0.99999990601275945, 0.00000024430023351, 0.00000024907082518, -173.75280842033680528]
    [-0.00000024907091568, 0.00000037046122355, 0.99999990601272104, 79.85010850802063942]
  #1627 objects/buildingsets/human/hightech/prop/light/light_street_3_a.cgf
    [0.64278753902761343, 0.76604573661159714, 0.00000063896346697, -31.50096171023324132]
    [-0.76604573661109909, 0.64278753902792674, -0.00000087661986423, -127.09641417535021901]
    [-0.00000108224764087, 0.00000007400501550, 1.00000094545415896, 79.85010898113250732]
  #1628 objects/buildingsets/human/hightech/prop/light/lamp/lamp_planter_1_d.cgf
    [0.71934012308752227, 0.69465650123068845, -0.00000085596471449, -11.28178705042228103]
    [-0.69465650123099953, 0.71934012308772455, -0.00000009742175776, -168.84386516420636326]
    [0.00000054805569009, 0.00000066468154172, 0.99999893369224335, 79.85096793621778488]
  #1629 objects/buildingsets/human/hightech/prop/light/lamp/lamp_planter_1_large_b.cgf
    [-0.74921476369708606, -1.85436715422658560, 0.00000006408961154, 24.41595670627430081]
    [1.85436715422655096, -0.74921476369705742, 0.00000041926830654, -19.73495028831530362]
    [-0.00000036473023274, 0.00000021648382964, 2.00000007620397646, 80.54440533556044102]
  #1630 objects/buildingsets/human/hightech/prop/light/light_street_3_a.cgf
    [0.00000024430014125, -0.99999990601272193, 0.00000037046128440, 18.38936936436221004]
    [0.99999990601275945, 0.00000024430023351, 0.00000024907082518, -42.29189894080627710]
    [-0.00000024907091568, 0.00000037046122355, 0.99999990601272104, 79.85010874457657337]
  #1631 objects/buildingsets/human/hightech/prop/light/light_street_3_a.cgf
    [-0.49999785686266307, 0.86602579270562419, 0.00000020400373955, 7.47232175944373012]
    [-0.86602579270556157, -0.49999785686270459, 0.00000032926585688, -335.28794696088880301]
    [0.00000038715444175, -0.00000001204028633, 0.99999926524900640, 79.85010928288102150]
  #1632 objects/buildingsets/human/hightech/prop/light/lamp/lamp_planter_1_large_b.cgf
    [0.78146322547361535, -1.84100984595092365, 0.00000208663141600, -10.49053867580369115]
    [1.84100984594910333, 0.78146322547593305, 0.00000272666020386, -158.42871104076039046]
    [-0.00000332521615733, 0.00000085536193544, 2.00000050641204519, 79.73751609027385712]
  #1633 objects/buildingsets/human/hightech/prop/light/light_street_3_a.cgf
    [0.00000024430014125, -0.99999990601272193, 0.00000037046128440, 18.38935696752741933]
    [0.99999990601275945, 0.00000024430023351, 0.00000024907082518, -68.16016506683081388]
    [-0.00000024907091568, 0.00000037046122355, 0.99999990601272104, 79.85010918416082859]
  #1634 objects/buildingsets/human/hightech/prop/light/light_street_3_a.cgf
    [-0.00000051972279730, 0.99999969954745982, 0.00000037046131720, -18.61768865259364247]
    [-0.99999969954734169, -0.00000051972302367, 0.00000061119766430, -249.69291462667752057]
    [0.00000061119785683, -0.00000037046099955, 0.99999969954740819, 79.85010847449302673]
  #1635 objects/buildingsets/human/hightech/prop/light/light_street_3_a.cgf
    [0.60181617305085533, 0.79863559445080978, 0.00000072220690053, -1.40393251972272992]
    [-0.79863559445075560, 0.60181617305120527, -0.00000043227197622, -182.56989986693952233]
    [-0.00000077986298747, -0.00000031663163041, 1.00000075943430589, 79.85010934993624687]
  #1636 objects/buildingsets/human/hightech/prop/light/light_street_2_a.cgf
    [0.89100768486922677, 0.45399032405837941, 0.00000067280888823, 44.76294304756447673]
    [-0.45399032405836376, 0.89100768486946968, -0.00000018454062444, -33.59545450331643224]
    [-0.00000068325689564, -0.00000014102147605, 1.00000095441685333, 79.74999496899545193]
  #1637 objects/buildingsets/human/hightech/prop/light/light_street_3_a.cgf
    [-0.00000051972279730, 0.99999969954745982, 0.00000037046131720, -18.61773606250062585]
    [-0.99999969954734169, -0.00000051972302367, 0.00000061119766430, -323.09665011556353420]
    [0.00000061119785683, -0.00000037046099955, 0.99999969954740819, 79.85010924749076366]
  #1638 objects/buildingsets/human/hightech/prop/light/light_street_3_a.cgf
    [0.64278753902761343, 0.76604573661159714, 0.00000063896346697, -53.86980206565931439]
    [-0.76604573661109909, 0.64278753902792674, -0.00000087661986423, -100.43822037556674331]
    [-0.00000108224764087, 0.00000007400501550, 1.00000094545415896, 79.85010875016450882]
  #1639 objects/buildingsets/human/hightech/prop/light/lamp/lamp_planter_1_large_b.cgf
    [0.43837262708609542, 0.89879328241516832, 0.00000010336996289, 38.17347719380632043]
    [-0.89879328241517320, 0.43837262708609787, -0.00000000058147377, -26.96283966489136219]
    [-0.00000004583718864, -0.00000009265332955, 0.99999996234649824, 80.54440545663237572]
  #1640 objects/buildingsets/human/hightech/prop/light/light_street_3_a.cgf
    [-0.54463815969825935, -0.83867092998764259, -0.00000001660345199, 8.32703073741868138]
    [0.83867092998718518, -0.54463815969798268, 0.00000103392242256, -196.51190609519835562]
    [-0.00000087616370486, 0.00000054918886804, 0.99999982690237255, 79.85010852664709091]
  #1641 objects/buildingsets/human/hightech/prop/light/light_street_3_a.cgf
    [-0.64278820716295892, -0.76604677377266484, -0.00000000329337975, -20.37098984094336629]
    [0.76604677377266039, -0.64278820716295471, -0.00000011120657350, -140.36062266631051898]
    [0.00000008307231096, -0.00000007400499638, 1.00000216943528031, 79.85010937973856926]
  #1642 objects/buildingsets/human/hightech/prop/light/light_street_3_a.cgf
    [0.00000024430014125, -0.99999990601272193, 0.00000037046128440, 18.34917511558160186]
    [0.99999990601275945, 0.00000024430023351, 0.00000024907082518, -319.96461937855929136]
    [-0.00000024907091568, 0.00000037046122355, 0.99999990601272104, 79.85010903328657150]
  #1643 objects/buildingsets/human/hightech/prop/light/lamp/lamp_planter_1_d.cgf
    [0.71934012308752227, 0.69465650123068845, -0.00000085596471449, -11.28178705042228103]
    [-0.69465650123099953, 0.71934012308772455, -0.00000009742175776, -168.84386516420636326]
    [0.00000054805569009, 0.00000066468154172, 0.99999893369224335, 79.85096793621778488]
  #1644 objects/buildingsets/human/hightech/prop/light/lamp/lamp_planter_1_large_b.cgf
    [0.87674525417219074, 1.79758656483033641, 0.00000020673992578, 37.41799641354009509]
    [-1.79758656483034618, 0.87674525417219562, -0.00000000116294754, -25.75768153450917453]
    [-0.00000009167437728, -0.00000018530665911, 1.99999992469299626, 80.54440519213676453]
  #1645 objects/buildingsets/human/hightech/prop/light/light_street_3_a.cgf
    [0.00000024430014125, -0.99999990601272193, 0.00000037046128440, 18.38930993108078837]
    [0.99999990601275945, 0.00000024430023351, 0.00000024907082518, -168.32364813913591206]
    [-0.00000024907091568, 0.00000037046122355, 0.99999990601272104, 79.85010937228798866]
  #1646 objects/buildingsets/human/hightech/prop/light/light_street_3_a.cgf
    [-0.00000051972279730, 0.99999969954745982, 0.00000037046131720, -18.61767171183601022]
    [-0.99999969954734169, -0.00000051972302367, 0.00000061119766430, -222.93317710550036281]
    [0.00000061119785683, -0.00000037046099955, 0.99999969954740819, 79.85010902024805546]
  #1647 objects/planets/flora/tree/cypress_01/cypress_01_a_subtle_wind.cgf
    [-0.70710798437807876, 0.70710622357024366, 0.00000040869400561, -2.19774328125640750]
    [-0.70710622357034469, -0.70710798437781608, -0.00000062909349241, -377.08308911963831633]
    [-0.00000015584505802, -0.00000073382677132, 1.00000045649119840, 79.74741610884666443]
  #1648 objects/buildingsets/human/hightech/prop/light/light_street_3_a.cgf
    [-0.49999785686266307, 0.86602579270562419, 0.00000020400373955, -4.22417100006714463]
    [-0.86602579270556157, -0.49999785686270459, 0.00000032926585688, -355.46667152794543654]
    [0.00000038715444175, -0.00000001204028633, 0.99999926524900640, 79.85010915622115135]
  #1649 objects/planets/flora/tree/cypress_01/cypress_01_a_subtle_wind.cgf
    [-0.70710798437807876, 0.70710622357024366, 0.00000040869400561, -10.19774301489815116]
    [-0.70710622357034469, -0.70710798437781608, -0.00000062909349241, -459.58308923721779138]
    [-0.00000015584505802, -0.00000073382677132, 1.00000045649119840, 79.74741588346660137]
  #1650 objects/planets/flora/grass/cypress_debris_01/cypress_debris_01.cgf
    [-0.70710798437807876, 0.70710622357024366, 0.00000040869400561, -2.80195026611909270]
    [-0.70710622357034469, -0.70710798437781608, -0.00000062909349241, -377.76058469619601965]
    [-0.00000015584505802, -0.00000073382677132, 1.00000045649119840, 79.74741588905453682]
  #1651 objects/planets/flora/grass/cypress_debris_01/cypress_debris_01.cgf
    [-0.70710798437807876, 0.70710622357024366, 0.00000040869400561, -10.80194999882951379]
    [-0.70710622357034469, -0.70710798437781608, -0.00000062909349241, -460.26058481424115598]
    [-0.00000015584505802, -0.00000073382677132, 1.00000045649119840, 79.74741566367447376]
  #1652 objects/planets/flora/grass/cypress_debris_01/cypress_debris_01.cgf
    [-0.70710798437807876, 0.70710622357024366, 0.00000040869400561, -1.65814189938828349]
    [-0.70710622357034469, -0.70710798437781608, -0.00000062909349241, -377.03996120160445571]
    [-0.00000015584505802, -0.00000073382677132, 1.00000045649119840, 79.74741595797240734]
  #1653 objects/planets/flora/grass/cypress_debris_01/cypress_debris_01.cgf
    [-0.70710798437807876, 0.70710622357024366, 0.00000040869400561, -9.65814163209870458]
    [-0.70710622357034469, -0.70710798437781608, -0.00000062909349241, -459.53996131871826947]
    [-0.00000015584505802, -0.00000073382677132, 1.00000045649119840, 79.74741573259234428]
  #1654 objects/buildingsets/human/hightech/loc/stanton/orison/flag/flag_pole_a.cgf
    [-0.00000384450135201, -1.00000137291169033, -0.00000009605513777, -24.14176653278991580]
    [1.00000137291097047, -0.00000384450123632, -0.00000120380384577, -506.13420905172824860]
    [0.00000120380347648, -0.00000009605976579, 1.00000137291835611, 81.39766870811581612]
  #1655 objects/buildingsets/human/hightech/loc/stanton/orison/flag/flag_base_b.cgf
    [-0.00000384450135201, -1.00000137291169033, -0.00000009605513777, -23.38146993471309543]
    [1.00000137291097047, -0.00000384450123632, -0.00000120380384577, -506.13420517963822931]
    [0.00000120380347648, -0.00000009605976579, 1.00000137291835611, 79.74999738670885563]
  #1656 objects/planets/flora/tree/cypress_01/cypress_01_a_subtle_wind.cgf
    [-0.70710798437807876, 0.70710622357024366, 0.00000040869400561, -3.69774278299883008]
    [-0.70710622357034469, -0.70710798437781608, -0.00000062909349241, -397.58308895851951092]
    [-0.00000015584505802, -0.00000073382677132, 1.00000045649119840, 79.74741543084383011]
  #1657 objects/planets/flora/grass/cypress_debris_01/cypress_debris_01.cgf
    [-0.70710798437807876, 0.70710622357024366, 0.00000040869400561, -4.30194976693019271]
    [-0.70710622357034469, -0.70710798437781608, -0.00000062909349241, -398.26058453531004488]
    [-0.00000015584505802, -0.00000073382677132, 1.00000045649119840, 79.74741521105170250]
  #1658 objects/planets/flora/grass/cypress_debris_01/cypress_debris_01.cgf
    [-0.70710798437807876, 0.70710622357024366, 0.00000040869400561, -3.15814140206202865]
    [-0.70710622357034469, -0.70710798437781608, -0.00000062909349241, -397.53996104048565030]
    [-0.00000015584505802, -0.00000073382677132, 1.00000045649119840, 79.74741527996957302]
  #1659 objects/buildingsets/human/hightech/prop/light/lamp/lamp_planter_1_large_b.cgf
    [-0.10418675650721207, 0.59088560434268456, -0.00000016831066645, -5.82905404688790441]
    [-0.59088560434264437, -0.10418675650711674, 0.00000030952744982, -435.18861657031811774]
    [0.00000027559902698, 0.00000021950147826, 0.60000056470874841, 79.71259769238531590]
  #1660 objects/buildingsets/human/hightech/prop/light/lamp/lamp_planter_1_d.cgf
    [-0.99863014733927713, -0.05233240824886892, -0.00000102614838188, 2.75112363556399941]
    [0.05233240824766588, -0.99863014733918642, 0.00000116615644456, -421.51107676234096289]
    [-0.00000108577002232, 0.00000111085769271, 1.00000042606322581, 79.78071163408458233]
  #1661 objects/buildingsets/human/hightech/loc/stanton/orison/organics/rock/rock_sharp_a.cgf
    [0.08883815703273393, 2.54413358092568620, -0.00005201698370986, -4.59109221165999770]
    [-2.54413358113317267, 0.08883815783386735, 0.00003882880324607, -431.91114654345437884]
    [0.00004062041805209, 0.00005063026953381, 2.54568417016546933, 78.97598635777831078]
  #1662 objects/planets/flora/tree/apaaj_01/apaaj_01_leafpile_c.cgf
    [-1.99725918756808318, -0.10466914420291881, -0.00000043079173314, 4.47309602750465274]
    [0.10466914420242363, -1.99725918756709708, 0.00000205620980580, -443.43819758587051183]
    [-0.00000053781224107, 0.00000203084668948, 1.99999997301726617, 79.74743213132023811]
  #1663 objects/buildingsets/human/hightech/prop/light/lamp/lamp_planter_1_large_b.cgf
    [-0.13891567189294143, 0.78784745289050995, -0.00000022441421642, 6.41968596400693059]
    [-0.78784745289045632, -0.13891567189281434, 0.00000041270325604, -432.51664729358162731]
    [0.00000036746536004, 0.00000029266863044, 0.80000073307676511, 79.69740657322108746]
  #1664 objects/buildingsets/human/hightech/prop/light/lamp/lamp_planter_1_large_b.cgf
    [-0.20837658706570647, 1.18177126440625924, -0.00000036921525023, 5.39292295137420297]
    [-1.18177126440629854, -0.20837658706562681, 0.00000027702479943, -433.31497915461659431]
    [0.00000020870314599, 0.00000041171062332, 1.20000171808770539, 79.69740721583366394]
  #1665 objects/planets/flora/tree/apaaj_01/apaaj_01_small_b.cgf
    [-0.99862959378404170, -0.05233457210145941, -0.00000021539586657, 3.69729598565027118]
    [0.05233457210121182, -0.99862959378354865, 0.00000102810490290, -441.97606640588492155]
    [-0.00000026890612053, 0.00000101542334474, 0.99999998650863320, 79.74743034504354000]
  #1666 objects/planets/flora/tree/apaaj_01/apaaj_01_leafpile_c.cgf
    [-1.99725918756808318, -0.10466914420291881, -0.00000043079173314, -0.97619199519976974]
    [0.10466914420242363, -1.99725918756709708, 0.00000205620980580, -424.86578081781044602]
    [-0.00000053781224107, 0.00000203084668948, 1.99999997301726617, 79.74741046503186226]
  #1667 objects/buildingsets/human/hightech/loc/stanton/orison/organics/rock/rock_sharp_a.cgf
    [-3.75275983833195070, 2.93198560467308988, -0.00001155967994327, -1.99665221339091659]
    [-2.93198560469534586, -3.75275983831340554, 0.00001192921382532, -436.63013733888510615]
    [-0.00000176477208169, 0.00001651720080343, 4.76232569130516126, 79.74742316082119942]
  #1668 objects/buildingsets/human/hightech/prop/light/lamp/lamp_planter_1_d.cgf
    [0.61566438085154251, 0.78800858427293718, -0.00000019827581288, -1.14048386225476861]
    [-0.78800858427242160, 0.61566438085139552, 0.00000101626671737, -446.93862098711542785]
    [0.00000092289817953, -0.00000046943613947, 1.00000007936805657, 79.75570768676698208]
  #1669 objects/buildingsets/human/hightech/prop/light/lamp/lamp_planter_1_f.cgf
    [-1.49999977322166012, -0.00000095260038713, -0.00000054118694633, -8.87308426806703210]
    [0.00000054118744984, -0.00000079284201291, -1.49999977322175315, -478.97078952298033983]
    [0.00000095260010108, -1.49999977322154820, 0.00000079284235697, 84.83049478195607662]
  #1670 objects/buildingsets/human/hightech/prop/light/lamp/lamp_planter_1_large_b.cgf
    [-0.16670334435079684, 0.94541534560883589, -0.00000022230430489, -5.15990763762965798]
    [-0.94541534560844287, -0.16670334435050566, 0.00000094335546932, -435.54218849632889032]
    [0.00000089042060641, 0.00000038273997589, 0.96000009412995668, 79.69740723446011543]
  #1671 objects/planets/flora/tree/apaaj_01/apaaj_01_leafpile_c.cgf
    [-1.99725918756808318, -0.10466914420291881, -0.00000043079173314, 2.46631090203300118]
    [0.10466914420242363, -1.99725918756709708, 0.00000205620980580, -426.47963600652292371]
    [-0.00000053781224107, 0.00000203084668948, 1.99999997301726617, 79.74741303175687790]
  #1672 objects/planets/flora/tree/apaaj_01/apaaj_01_large_c.cgf
    [-0.12186959003093657, -0.99254614544289166, -0.00000023467153001, 2.35673081083223224]
    [0.99254614544228414, -0.12186959003112265, 0.00000110267839326, -431.05805976339615881]
    [-0.00000112305848520, -0.00000009853935648, 1.00000002390331710, 78.74741801433265209]
  #1673 objects/planets/flora/tree/apaaj_01/apaaj_01_leafpile_c.cgf
    [-1.99725918756808318, -0.10466914420291881, -0.00000043079173314, 2.39432409359142184]
    [0.10466914420242363, -1.99725918756709708, 0.00000205620980580, -442.12900300568435341]
    [-0.00000053781224107, 0.00000203084668948, 1.99999997301726617, 79.74743021465837955]
  #1674 objects/buildingsets/human/hightech/prop/light/lamp/lamp_planter_1_f.cgf
    [1.49999948822983131, -0.00000017236440278, 0.00000054271940329, -8.87886729789897799]
    [-0.00000054271946286, -0.00000051836194558, 1.49999948822975160, -492.53214966389350593]
    [-0.00000017236421523, -1.49999948822983997, -0.00000051836200795, 84.83049837686121464]
  #1675 objects/buildingsets/human/hightech/loc/stanton/orison/organics/rock/rock_sharp_a.cgf
    [2.03973128789056179, -1.03929348573677127, 0.00000772014425967, 1.46846464695408940]
    [1.03929348574889269, 2.03973128789777469, -0.00000223159517090, -440.23471368255559355]
    [-0.00000586557913655, 0.00000549323454713, 2.28924325406663565, 79.34302391111850739]
  #1676 objects/buildingsets/human/hightech/loc/stanton/orison/base/base_08x08x04_canopy_cap_002.cgf
    [-1.00000012325478527, -0.00000016924750857, 0.00000016398527482, -19.49999798974022269]
    [0.00000016924758603, -1.00000012325468712, 0.00000047237892092, -478.74999905074946582]
    [0.00000016398519487, 0.00000047237894867, 1.00000012325468823, 79.75000088661909103]
  #1677 objects/planets/flora/tree/apaaj_01/apaaj_01_leafpile_c.cgf
    [-1.33826223894260576, -1.48628890379125966, -0.00000071257600360, -1.48634699033573270]
    [1.48628890378966272, -1.33826223894233931, 0.00000244312041751, -428.33053919032681733]
    [-0.00000229239801194, 0.00000110522092371, 2.00000013142667976, 79.74741415306925774]
  #1678 objects/buildingsets/human/hightech/loc/stanton/orison/base/base_08x08x04_canopy_corner_001.cgf
    [-1.00000012325478527, -0.00000016924750857, 0.00000016398527482, -19.49999798974022269]
    [0.00000016924758603, -1.00000012325468712, 0.00000047237892092, -478.74999905074946582]
    [0.00000016398519487, 0.00000047237894867, 1.00000012325468823, 79.75000088661909103]
  #1679 objects/planets/flora/tree/cypress_01/cypress_01_a_subtle_wind.cgf
    [-0.70710798437807876, 0.70710622357024366, 0.00000040869400561, 19.30225694226101041]
    [-0.70710622357034469, -0.70710798437781608, -0.00000062909349241, -511.08308952848892659]
    [-0.00000015584505802, -0.00000073382677132, 1.00000045649119840, 79.74741611070930958]
  #1680 objects/planets/flora/grass/cypress_debris_01/cypress_debris_01.cgf
    [-0.70710798437807876, 0.70710622357024366, 0.00000040869400561, 18.69804995926097035]
    [-0.70710622357034469, -0.70710798437781608, -0.00000062909349241, -511.76058510504662991]
    [-0.00000015584505802, -0.00000073382677132, 1.00000045649119840, 79.74741589277982712]
  #1681 objects/planets/flora/tree/cypress_01/cypress_01_a_subtle_wind.cgf
    [-0.70710798437807876, 0.70710622357024366, 0.00000040869400561, 20.80225664703175426]
    [-0.70710622357034469, -0.70710798437781608, -0.00000062909349241, -538.58308935700915754]
    [-0.00000015584505802, -0.00000073382677132, 1.00000045649119840, 79.74741602130234241]
  #1682 objects/planets/flora/grass/cypress_debris_01/cypress_debris_01.cgf
    [-0.70710798437807876, 0.70710622357024366, 0.00000040869400561, 19.84185832506045699]
    [-0.70710622357034469, -0.70710798437781608, -0.00000062909349241, -511.03996161045506597]
    [-0.00000015584505802, -0.00000073382677132, 1.00000045649119840, 79.74741595983505249]
  #1683 objects/planets/flora/grass/cypress_debris_01/cypress_debris_01.cgf
    [-0.70710798437807876, 0.70710622357024366, 0.00000040869400561, 20.19804966123774648]
    [-0.70710622357034469, -0.70710798437781608, -0.00000062909349241, -539.26058493356686085]
    [-0.00000015584505802, -0.00000073382677132, 1.00000045649119840, 79.74741580337285995]
  #1684 objects/planets/flora/grass/cypress_debris_01/cypress_debris_01.cgf
    [-0.70710798437807876, 0.70710622357024366, 0.00000040869400561, 21.34185802703723311]
    [-0.70710622357034469, -0.70710798437781608, -0.00000062909349241, -538.53996143850963563]
    [-0.00000015584505802, -0.00000073382677132, 1.00000045649119840, 79.74741587229073048]
  #1685 objects/buildingsets/human/hightech/loc/stanton/orison/flag/flag_pole_a.cgf
    [0.00000262204729689, 1.00000225590868475, 0.00000070442197460, 24.37882517324760556]
    [-1.00000225590770353, 0.00000262204840145, -0.00000156801484528, -506.13420301442965865]
    [-0.00000156801669229, -0.00000070441786319, 1.00000225591089342, 81.39767002500593662]
  #1686 objects/buildingsets/human/hightech/loc/stanton/orison/flag/flag_base_b.cgf
    [0.00000262204729689, 1.00000225590868475, 0.00000070442197460, 23.61852997029200196]
    [-1.00000225590770353, 0.00000262204840145, -0.00000156801484528, -506.13420488254632801]
    [-0.00000156801669229, -0.00000070441786319, 1.00000225591089342, 79.74999744258821011]
  #1687 objects/buildingsets/human/hightech/delta/int/garage/garage_addon_light_a.cgf
    [5.00000613746433942, 0.00001242868457813, 0.00000970128270529, 0.30340744415298104]
    [-0.00001242869132288, 5.00000613747254175, 0.00000347620764376, -597.38565059180837125]
    [-0.00000970127406433, -0.00000347623175856, 5.00000613747857781, 80.13196988403797150]
  #1688 objects/buildingsets/human/hightech/prop/light/light_attachment_5_a.cgf
    [0.00000648852720503, -2.49999455717456476, -4.33012939886000314, -24.13975578872486949]
    [-4.99999933967647525, -0.00000065391490760, -0.00000711476382912, -323.44683055579662323]
    [0.00000299106733071, 4.33012939886481529, -2.49999455717285946, 37.04974895901978016]
  #1689 objects/buildingsets/human/hightech/prop/structure/structure_post_2_a.cgf
    [-0.00000324680806283, 2.49999297799489018, -4.33012600800785918, -14.51457555079832673]
    [4.99999561352298283, 0.00000086233838024, -0.00000325121859145, -451.44673146679997444]
    [-0.00000087879873165, -4.33012600800899072, -2.49999297799488396, 42.62844162620604038]
  #1690 objects/buildingsets/human/hightech/prop/structure/structure_post_2_a.cgf
    [-0.00000324680806283, 2.49999297799489018, -4.33012600800785918, -14.51455984963104129]
    [4.99999561352298283, 0.00000086233838024, -0.00000325121859145, -387.44678268069401383]
    [-0.00000087879873165, -4.33012600800899072, -2.49999297799488396, 42.62843549624085426]
  #1691 objects/buildingsets/human/hightech/delta/int/garage/garage_addon_light_a.cgf
    [-5.00000061627392611, -0.00000084623754284, 0.00000081992637408, 0.30345707619562745]
    [0.00000084623793015, -5.00000061627343584, 0.00000236189460514, -547.04355665063485503]
    [0.00000081992597434, 0.00000236189474391, 5.00000061627344028, 80.13189227133989334]
  #1692 objects/buildingsets/human/hightech/prop/structure/structure_post_2_a.cgf
    [-0.00000954795253407, -2.49998984550594727, 4.33012970512210327, 14.62456719251349568]
    [-4.99999724908059129, 0.00000438417868606, -0.00000849381813334, -386.36840096360538155]
    [0.00000045007959188, -4.33012970513041040, -2.49998984550975090, 42.62843896821141243]
  #1693 objects/buildingsets/human/hightech/prop/light/light_attachment_5_a.cgf
    [0.00000648852720503, -2.49999455717456476, -4.33012939886000314, -24.13978699175640941]
    [-4.99999933967647525, -0.00000065391490760, -0.00000711476382912, -451.44672699167858809]
    [0.00000299106733071, 4.33012939886481529, -2.49999455717285946, 37.04976203851401806]
  #1694 objects/buildingsets/human/hightech/prop/light/light_street_3_a.cgf
    [0.00000024430014125, -0.99999990601272193, 0.00000037046128440, 18.38918669288977981]
    [0.99999990601275945, 0.00000024430023351, 0.00000024907082518, -498.22314501670189202]
    [-0.00000024907091568, 0.00000037046122355, 0.99999990601272104, 79.85010886378586292]
  #1695 objects/buildingsets/human/hightech/prop/light/light_attachment_5_a.cgf
    [-0.00000374425740473, 2.49999258770321475, 4.33013378546596694, 24.24978714669123292]
    [5.00000215385999525, 0.00000144183779492, 0.00000349104947983, -386.36841044551692903]
    [0.00000049684924178, 4.33013378546734629, -2.49999258770358024, 37.04976787045598030]
  #1696 objects/buildingsets/human/hightech/prop/light/light_attachment_5_a.cgf
    [0.00000648852720503, -2.49999455717456476, -4.33012939886000314, -24.13977129058912396]
    [-4.99999933967647525, -0.00000065391490760, -0.00000711476382912, -387.44677820510696620]
    [0.00000299106733071, 4.33012939886481529, -2.49999455717285946, 37.04975590668618679]
  #1697 objects/buildingsets/human/hightech/prop/light/light_street_3_a.cgf
    [-0.00000051972279730, 0.99999969954745982, 0.00000037046131720, -18.57773878285661340]
    [-0.99999969954734169, -0.00000051972302367, 0.00000061119766430, -476.74200196459423751]
    [0.00000061119785683, -0.00000037046099955, 0.99999969954740819, 79.85010888613760471]
  #1698 objects/buildingsets/human/hightech/prop/light/light_street_3_a.cgf
    [0.00000024430014125, -0.99999990601272193, 0.00000037046128440, 18.38923372933641076]
    [0.99999990601275945, 0.00000024430023351, 0.00000024907082518, -398.05966194369830191]
    [-0.00000024907091568, 0.00000037046122355, 0.99999990601272104, 79.85010867565870285]
  #1699 objects/buildingsets/human/hightech/prop/structure/structure_post_2_a.cgf
    [-0.00000954795253407, -2.49998984550594727, 4.33012970512210327, 14.62455198960378766]
    [-4.99999724908059129, 0.00000438417868606, -0.00000849381813334, -450.36837507330346853]
    [0.00000045007959188, -4.33012970513041040, -2.49998984550975090, 42.62843247316777706]
  #1700 objects/buildingsets/human/hightech/prop/light/light_attachment_5_a.cgf
    [-0.00000374425740473, 2.49999258770321475, 4.33013378546596694, 24.24977194471284747]
    [5.00000215385999525, 0.00000144183779492, 0.00000349104947983, -450.36838455544784665]
    [0.00000049684924178, 4.33013378546734629, -2.49999258770358024, 37.04976137541234493]
  #1701 objects/buildingsets/human/hightech/prop/light/light_street_3_a.cgf
    [-0.00000051972279730, 0.99999969954745982, 0.00000037046131720, -18.61778514506295323]
    [-0.99999969954734169, -0.00000051972302367, 0.00000061119766430, -398.64696832676418126]
    [0.00000061119785683, -0.00000037046099955, 0.99999969954740819, 79.85010886751115322]
  #1702 objects/buildingsets/human/hightech/prop/light/light_street_3_a.cgf
    [-0.00000051972279730, 0.99999969954745982, 0.00000037046131720, -18.57775346701964736]
    [-0.99999969954734169, -0.00000051972302367, 0.00000061119766430, -498.56806614249944687]
    [0.00000061119785683, -0.00000037046099955, 0.99999969954740819, 79.85010900348424911]
  #1703 objects/buildingsets/human/hightech/prop/light/lamp/lamp_planter_1_large_b.cgf
    [0.39073161273680773, -0.92050492297546205, 0.00000104331570800, 6.44528781762346625]
    [0.92050492297455189, 0.39073161273796658, 0.00000136333010193, -430.49250615714117885]
    [-0.00000166260807866, 0.00000042768096772, 1.00000025320602282, 79.73751546628773212]
  #1704 objects/buildingsets/human/hightech/prop/light/light_street_3_a.cgf
    [0.49999963019136273, 0.86602628298501927, 0.00000034182136026, -4.18944309512153268]
    [-0.86602628298358419, 0.49999963019119165, -0.00000166536911501, -462.94615497824270278]
    [-0.00000161316304819, 0.00000053665735018, 1.00000057650462093, 79.85010923631489277]
  #1705 objects/buildingsets/human/hightech/prop/light/light_street_3_a.cgf
    [0.49999963019136273, 0.86602628298501927, 0.00000034182136026, 7.43759381724521518]
    [-0.86602628298358419, 0.49999963019119165, -0.00000166536911501, -483.16496140323579311]
    [-0.00000161316304819, 0.00000053665735018, 1.00000057650462093, 79.85010905563831329]
  #1706 objects/buildingsets/human/hightech/prop/light/light_street_3_a.cgf
    [0.00000024430014125, -0.99999990601272193, 0.00000037046128440, 18.34912807727232575]
    [0.99999990601275945, 0.00000024430023351, 0.00000024907082518, -420.12810245179571211]
    [-0.00000024907091568, 0.00000037046122355, 0.99999990601272104, 79.85010922141373158]
  #1707 objects/buildingsets/human/hightech/prop/light/lamp/lamp_planter_1_d.cgf
    [0.88294696783505278, -0.46947164234209915, -0.00000048196344849, 5.72654027817770839]
    [0.46947164234234640, 0.88294696783455928, 0.00000093362400160, -443.22033999545965344]
    [-0.00000001276183448, -0.00000105060919358, 0.99999948548568263, 79.85096801072359085]
  #1708 objects/buildingsets/human/hightech/prop/light/light_street_3_a.cgf
    [0.00000024430014125, -0.99999990601272193, 0.00000037046128440, 18.38919909065589309]
    [0.99999990601275945, 0.00000024430023351, 0.00000024907082518, -472.35487889044452459]
    [-0.00000024907091568, 0.00000037046122355, 0.99999990601272104, 79.85010842233896255]
  #1709 objects/buildingsets/human/hightech/prop/light/light_street_3_a.cgf
    [-0.00000051972279730, 0.99999969954745982, 0.00000037046131720, -18.61781765753403306]
    [-0.99999969954734169, -0.00000051972302367, 0.00000061119766430, -451.27497008186765015]
    [0.00000061119785683, -0.00000037046099955, 0.99999969954740819, 79.85010935552418232]
  #1710 objects/buildingsets/human/hightech/prop/light/lamp/lamp_planter_1_large_b.cgf
    [0.78146322547361535, -1.84100984595092365, 0.00000208663141600, 6.03138256957754493]
    [1.84100984594910333, 0.78146322547593305, 0.00000272666020386, -431.85333094710949808]
    [-0.00000332521615733, 0.00000085536193544, 2.00000050641204519, 79.73751609772443771]
  #1711 objects/buildingsets/human/hightech/prop/light/light_street_3_a.cgf
    [-0.00000051972279730, 0.99999969954745982, 0.00000037046131720, -18.57767444895580411]
    [-0.99999969954734169, -0.00000051972302367, 0.00000061119766430, -375.32342076580971479]
    [0.00000061119785683, -0.00000037046099955, 0.99999969954740819, 79.85010882280766964]
  #1712 objects/buildingsets/human/hightech/prop/light/lamp/lamp_planter_1_d.cgf
    [-0.58778298074830049, 0.80901787228076960, 0.00000057318241607, -3.84547698358073831]
    [-0.80901787228093991, -0.58778298074792767, -0.00000070082533764, -424.33945436531212181]
    [-0.00000023007349825, -0.00000087564857185, 0.99999937506309000, 79.85096783190965652]
  #1713 objects/buildingsets/human/hightech/prop/light/light_street_3_a.cgf
    [0.00000024430014125, -0.99999990601272193, 0.00000037046128440, 18.38921149214729667]
    [0.99999990601275945, 0.00000024430023351, 0.00000024907082518, -445.59513785131275654]
    [-0.00000024907091568, 0.00000037046122355, 0.99999990601272104, 79.85010885819792747]
  #1714 objects/buildingsets/human/hightech/prop/light/light_street_3_a.cgf
    [-0.00000051972279730, 0.99999969954745982, 0.00000037046131720, -18.61780081177130342]
    [-0.99999969954734169, -0.00000051972302367, 0.00000061119766430, -424.51523073459975421]
    [0.00000061119785683, -0.00000037046099955, 0.99999969954740819, 79.85010861046612263]
  #1715 objects/planets/flora/tree/cypress_01/cypress_01_a_mega_wind.cgf
    [-0.70710798437807876, 0.70710622357024366, 0.00000040869400561, -251.87820544606074691]
    [-0.70710622357034469, -0.70710798437781608, -0.00000062909349241, -95.98135999788064510]
    [-0.00000015584505802, -0.00000073382677132, 1.00000045649119840, 81.53776924870908260]
  #1716 objects/planets/flora/grass/cypress_debris_01/cypress_debris_01.cgf
    [0.00000321910358402, -1.00000175018485460, 0.00000156215695069, -252.45612106705084443]
    [1.00000175018607163, 0.00000321910345856, -0.00000008032266596, -96.31241058383602649]
    [0.00000008031763722, 0.00000156215720925, 1.00000175019003290, 81.53776923567056656]
  #1717 objects/planets/flora/grass/cypress_debris_01/cypress_debris_01.cgf
    [-0.70710798437807876, 0.70710622357024366, 0.00000040869400561, -251.07035695156082511]
    [-0.70710622357034469, -0.70710798437781608, -0.00000062909349241, -95.66998565918765962]
    [-0.00000015584505802, -0.00000073382677132, 1.00000045649119840, 81.53776917606592178]
  #1718 objects/buildingsets/human/hightech/prop/light/lamp/lamp_planter_1_f.cgf
    [1.49999948822983131, -0.00000017236440278, 0.00000054271940329, -8.87886755028739572]
    [-0.00000054271946286, -0.00000051836194558, 1.49999948822975160, -345.53215010976418853]
    [-0.00000017236421523, -1.49999948822983997, -0.00000051836200795, 84.83049883879721165]
  #1719 objects/planets/flora/grass/cypress_debris_01/cypress_debris_01.cgf
    [0.00000321910358402, -1.00000175018485460, 0.00000156215695069, -245.73536701267585158]
    [1.00000175018607163, 0.00000321910345856, -0.00000008032266596, -107.80859969626180828]
    [0.00000008031763722, 0.00000156215720925, 1.00000175019003290, 81.53776945918798447]
  #1720 objects/buildingsets/human/brand/decal/logo/secondary_logo_txt_lrg.cgf
    [0.00000174627922678, 0.00000353209935635, 2.12821233889877348, -225.61437195586040616]
    [-0.00000078937782633, -2.12821233889934369, 0.00000353210000406, -143.75094863900449127]
    [2.12821233890155836, -0.00000078938072455, -0.00000174627791660, 93.20673690736293793]
  #1721 objects/buildingsets/citysets/hightech/addon/large/ht_lrg_addon_banner_001_a.cgf
    [-0.99999988499439008, -0.00000017279518136, 0.00000020466053574, -226.37488673115149140]
    [0.00000017279517741, -0.99999988499441084, -0.00000001931332130, -140.91464517859276384]
    [0.00000020466053907, -0.00000001931328594, 0.99999988499440506, 81.88547870144248009]
  #1722 objects/planets/flora/tree/cypress_01/cypress_01_a_mega_wind.cgf
    [-0.70710798437807876, 0.70710622357024366, 0.00000040869400561, -245.15745139261707664]
    [-0.70710622357034469, -0.70710798437781608, -0.00000062909349241, -107.47754910984076560]
    [-0.00000015584505802, -0.00000073382677132, 1.00000045649119840, 81.53776947036385536]
  #1723 objects/buildingsets/human/brand/decal/logo/secondary_logo_txt_lrg.cgf
    [0.00000126205944362, -0.00000280428625662, -2.12821284768969798, -226.15438870200887322]
    [-0.00000134293155680, 2.12821284768964825, -0.00000280428705300, -143.72270773327909410]
    [2.12821284769112173, 0.00000134293321978, 0.00000126205767406, 93.20673678629100323]
  #1724 objects/planets/flora/grass/cypress_debris_01/cypress_debris_01.cgf
    [-0.70710798437807876, 0.70710622357024366, 0.00000040869400561, -244.34960289625450969]
    [-0.70710622357034469, -0.70710798437781608, -0.00000062909349241, -107.16617477161344141]
    [-0.00000015584505802, -0.00000073382677132, 1.00000045649119840, 81.53776939772069454]
  #1725 objects/buildingsets/human/hightech/loc/stanton/orison/flag/flag_pole_a.cgf
    [-0.00000384450135201, -1.00000137291169033, -0.00000009605513777, -24.14176606619730592]
    [1.00000137291097047, -0.00000384450123632, -0.00000120380384577, -355.63420889468397945]
    [0.00000120380347648, -0.00000009605976579, 1.00000137291835611, 81.39766824059188366]
  #1726 objects/buildingsets/human/hightech/loc/stanton/orison/flag/flag_base_b.cgf
    [-0.00000384450135201, -1.00000137291169033, -0.00000009605513777, -23.38146946718916297]
    [1.00000137291097047, -0.00000384450123632, -0.00000120380384577, -355.63420502259396017]
    [0.00000120380347648, -0.00000009605976579, 1.00000137291835611, 79.74999691918492317]
  #1727 objects/planets/flora/grass/cypress_debris_01/cypress_debris_01.cgf
    [0.00000321910358402, -1.00000175018485460, 0.00000156215695069, -223.32342521613463759]
    [1.00000175018607163, 0.00000321910345856, -0.00000008032266596, -108.26139154226984829]
    [0.00000008031763722, 0.00000156215720925, 1.00000175019003290, 81.53776922449469566]
  #1728 objects/buildingsets/human/hightech/prop/light/light_street_3_a.cgf
    [-0.00000051972279730, 0.99999969954745982, 0.00000037046131720, -18.61775332270190120]
    [-0.99999969954734169, -0.00000051972302367, 0.00000061119766430, -349.85638888401445001]
    [0.00000061119785683, -0.00000037046099955, 0.99999969954740819, 79.85010929219424725]
