# IncludedObjects
# Cgfs: 23, Materials: 2, Palettes: 1, Placements: 662

[CGFs]
      0: objects/planets/geology/scree/angular_01/angular_01_bld_i.cgf
      1: objects/planets/geology/angular_01/angular_01_bld_k.cgf
      2: objects/planets/geology/scree/angular_01/angular_01_plt_f.cgf
      3: objects/planets/geology/angular_01/angular_01_bld_l.cgf
      4: objects/planets/flora/mushroom/armillaria_01/armillaria_01_small_b.cgf
      5: objects/planets/flora/mushroom/armillaria_01/armillaria_01_small_hanging_a.cgf
      6: objects/planets/geology/scree/angular_01/angular_01_grdc_b.cgf
      7: objects/planets/geology/scree/angular_01/angular_01_bld_d.cgf
      8: objects/planets/geology/scree/angular_01/angular_01_plt_e.cgf
      9: objects/planets/geology/scree/angular_01/angular_01_bld_c.cgf
     10: objects/planets/flora/mushroom/armillaria_01/armillaria_01_med_b.cgf
     11: data/objects/planets/geology/scree/angular_01/angular_01_plt_e.cgf
     12: objects/planets/geology/scree/angular_01/angular_01_grdc_a.cgf
     13: objects/planets/geology/scree/angular_01/angular_01_grdc_c.cgf
     14: objects/planets/geology/scree/angular_01/angular_01_bld_h.cgf
     15: objects/planets/flora/mushroom/armillaria_01/armillaria_01_med_hanging_a.cgf
     16: objects/planets/flora/mushroom/armillaria_01/armillaria_01_big_hanging_a.cgf
     17: objects/planets/flora/mushroom/armillaria_01/armillaria_01_med_a.cgf
     18: objects/planets/flora/mushroom/armillaria_01/armillaria_01_small_a.cgf
     19: objects/planets/geology/scree/angular_01/angular_01_bld_g.cgf
     20: objects/planets/geology/scree/angular_01/angular_01_bld_f.cgf
     21: objects/planets/geology/scree/angular_01/angular_01_plt_d.cgf
     22: objects/planets/geology/scree/angular_01/angular_01_plt_c.cgf

[Materials]
      0: objects/planets/flora/mushroom/armillaria_01/decals/armillaria_starfield_01_small
      1: objects/planets/flora/mushroom/armillaria_01/decals/armillaria_starfield_01

[Palettes]
      0: Libs/Foundry/Records/TintPalettes/default

[Placements]
  #0 objects/planets/geology/scree/angular_01/angular_01_bld_i.cgf
    [0.10452826004137183, -0.99452200365995358, -5.5223384393529702E-08, 11.241202999999587]
    [0.98227797367060221, 0.10324137196127343, -0.15643329079265134, 38.591748999999709]
    [0.15557634204912901, 0.016351644040697437, 0.9876886141101695, -5.5242449999999996]
  #1 objects/planets/geology/angular_01/angular_01_bld_k.cgf
    [0.12646885346481079, -0.47852910273927934, 0.86891688573046955, -12.587730000000192]
    [0.31709320199214497, -0.81048917609697413, -0.49250403455476166, 31.965363999999681]
    [0.93992476173700523, 0.33781388460791451, 0.049236663295207719, -4.7230829999999999]
  #2 objects/planets/geology/scree/angular_01/angular_01_plt_f.cgf
    [0.34558430369155974, -0.93687220168672014, 0.053305627289965969, -0.10278400000061083]
    [-0.9381502304863597, -0.34621627174631198, -0.0028215897209508301, 14.274966999999833]
    [0.021098749548002331, -0.049033601100070268, -0.99857401923079758, -2.9266069999999997]
  #3 objects/planets/geology/angular_01/angular_01_bld_l.cgf
    [-0.9975647462755971, 3.5772869903554082E-07, 0.069757002650278579, -9.8959940000004281]
    [0.056434404062712079, -0.58778542169193038, 0.80704703612323703, 18.50687599999992]
    [0.041002407941064731, 0.80901777513048934, 0.58635356611580614, -4.2918279999999998]
  #4 objects/planets/geology/angular_01/angular_01_bld_l.cgf
    [1, 0, 0, 11.701342999999724]
    [0, 1, 0, 28.978979999999865]
    [0, 0, 1, -7.991922999999999]
  #5 objects/planets/geology/scree/angular_01/angular_01_bld_i.cgf
    [-0.43545422947622692, -0.89426621813410057, 0.10328230880120361, -6.4691600000005565]
    [0.89938637196458382, -0.43709141971927917, 0.0074118086913216447, 31.25687599999992]
    [0.038515686824425743, 0.096118219333416119, 0.99462431096194559, -8.2878399999999992]
  #6 objects/planets/geology/angular_01/angular_01_bld_k.cgf
    [0.86607966183994589, 0.3342333966673261, 0.371744685397847, 1.4927089999991949]
    [-0.49415836121905182, 0.68483698167502738, 0.53554260128364839, 12.812469999999848]
    [-0.075588283527432312, -0.64752328166991624, 0.75828758812927721, -2.2655020000000006]
  #7 objects/planets/geology/angular_01/angular_01_bld_k.cgf
    [-0.97574823720235948, -0.21875047539738907, 0.0081301821143882503, 2.7117929999994885]
    [0.20832186759007407, -0.91654218922449415, 0.34140138782181906, 18.038608999999724]
    [-0.067229977179681488, 0.33481507976239172, 0.93988376158088383, -5.1639810000000006]
  #8 objects/planets/flora/mushroom/armillaria_01/armillaria_01_small_b.cgf
    [-0.81819947706535456, -0.49397553589236781, 0.29417326679342976, -1.4887240000007296]
    [0.5354218307306734, -0.46826352850816044, 0.70288893594378876, 45.613006999999925]
    [-0.20945931378930022, 0.73261010301184459, 0.64761821936846431, -6.9536439999999997]
  #9 objects/planets/flora/mushroom/armillaria_01/armillaria_01_small_hanging_a.cgf
    [-0.97547536945833568, 0.094036703082858525, 0.19901204808388215, -15.23974200000066]
    [-0.18596854492394871, 0.13156456053042759, -0.97370804656242627, 27.763333999999759]
    [-0.11774717452280707, -0.9868377567335237, -0.1108500699420344, -3.0310770000000007]
  #10 objects/planets/geology/scree/angular_01/angular_01_grdc_b.cgf
    [0.38032811730593435, -0.89537932381642982, -0.23161637958436807, -5.6215240000001359]
    [0.90332949227552539, 0.41335233789963083, -0.11460990690758237, 35.258751999999731]
    [0.1983585369853757, -0.16563655652710271, 0.96603218350636699, -5.2572400000000004]
  #11 objects/planets/flora/mushroom/armillaria_01/armillaria_01_small_b.cgf
    [0.56046535961769117, 0.82817539203609647, 0.0020297304489680494, -4.3114770000001954]
    [-0.80405119786045298, 0.54472337091422451, -0.23828163905395625, 31.172088999999687]
    [-0.19844462955446301, 0.13191659606329798, 0.97119398669642198, -8.1416979999999981]
  #12 objects/planets/geology/scree/angular_01/angular_01_bld_d.cgf
    [-0.84552593570745505, -0.53241129182771907, -0.040304207880022529, -6.0429020000001401]
    [-0.033042600494409609, 0.1275167800860228, -0.99128602236767327, 24.362004999999954]
    [0.5329112490753628, -0.83682615155317408, -0.12541097829976572, -5.0964479999999996]
  #13 objects/planets/geology/scree/angular_01/angular_01_plt_e.cgf
    [0.31743543646810352, -0.92874797000362241, 0.19147410992787298, 11.979595999999219]
    [0.91423659828202131, 0.35335298907215967, 0.19827629802804078, 43.601060999999845]
    [-0.25180661015993772, 0.112112694250637, 0.96126196104487582, -6.584509999999999]
  #14 objects/planets/geology/scree/angular_01/angular_01_bld_c.cgf
    [0.59912584131075997, 0.71329294932670573, -0.36367719041070795, -2.1843840000001364]
    [-0.71481066654678604, 0.27190332597434608, -0.64429340864668982, 37.831322999999884]
    [-0.36068496139311956, 0.64597326096011176, 0.67277381701426653, -8.294785000000001]
  #15 objects/planets/flora/mushroom/armillaria_01/armillaria_01_med_b.cgf
    [0.65443214114574688, 0.74606451889204062, -0.1229084045536208, 2.1885229999998046]
    [-0.7541417985280553, 0.65579129071571718, -0.034757738108495112, 8.2992859999999382]
    [0.054670741465600137, 0.11543693644556215, 0.99180925250564189, -0.478599]
  #16 objects/planets/geology/scree/angular_01/angular_01_grdc_b.cgf
    [0.14594623352253946, 0.98923329857933207, 0.010781679438562767, 5.4352579999995214]
    [-0.98308572314251874, 0.14380317770522782, 0.11341152386026407, 41.89215699999977]
    [0.11064006771063069, -0.027151312543047181, 0.99348912845247306, -8.2344299999999997]
  #17 data/objects/planets/geology/scree/angular_01/angular_01_plt_e.cgf
    [-0.10450968820854646, -0.99439404829036604, -0.016058489410711717, 15.659983999999895]
    [0.99168437141598198, -0.10297847452158232, -0.077182993990910997, 41.593732999999702]
    [0.075096643378686323, -0.023991327533284829, 0.99688744783117267, -5.2970700000000006]
  #18 data/objects/planets/geology/scree/angular_01/angular_01_plt_e.cgf
    [0.81914710565251569, -0.57340503555654843, -0.014305825926849576, 14.364074000000073]
    [0.57355477454961235, 0.81910078343531378, 0.010430691393583718, 37.924312999999984]
    [0.0057369023348237558, -0.016749445662415121, 0.9998432458028369, -5.3970329999999995]
  #19 data/objects/planets/geology/scree/angular_01/angular_01_plt_e.cgf
    [0.10454160230831946, -0.99437095121023245, -0.017258601447589738, 15.823077999999441]
    [0.99450416511209327, 0.10462422772388404, -0.0039536180568302296, 39.810913999999684]
    [0.0057370296641743338, -0.016750430152638603, 0.99984343980855028, -5.4129329999999998]
  #20 data/objects/planets/geology/scree/angular_01/angular_01_plt_e.cgf
    [0.99983097078111671, 0.017561589553843845, -0.0054424296475617129, 12.905351999999766]
    [-0.017467677647204721, 0.9997054749632156, 0.01684764575308309, 37.995126999999684]
    [0.005736698156577567, -0.01674973140531982, 0.9998432559123186, -5.3808429999999996]
  #21 objects/planets/geology/angular_01/angular_01_bld_l.cgf
    [-0.42899534021561259, -0.52309947025339576, -0.73643149452305012, -15.05093400000078]
    [0.82248189994520382, 0.1108778095371785, -0.55788084699719753, 19.756466999999702]
    [0.3734808243636667, -0.8450292654129794, 0.38267351392509796, -4.7532520000000007]
  #22 data/objects/planets/geology/scree/angular_01/angular_01_plt_e.cgf
    [0.86602542443567943, -0.5000000183648049, 0, -4.0905810000003839]
    [0.5000000183648049, 0.86602542443567943, 0, 38.543273999999656]
    [0, 0, 1.0000000270669016, -5.6126750000000003]
  #23 data/objects/planets/geology/scree/angular_01/angular_01_plt_e.cgf
    [-0.88294840217125059, 0.46947173500245715, 0, -5.169503000000077]
    [-0.46947173500245715, -0.88294840217125059, 0, 43.05985899999996]
    [0, 0, 1.0000007954311743, -5.3274979999999994]
  #24 data/objects/planets/geology/scree/angular_01/angular_01_plt_e.cgf
    [0.95409642555873331, -0.27563827784410783, -0.11714758158542131, -2.4195840000002136]
    [0.27358380865712068, 0.96126143433248523, -0.033591068066483563, 39.021840999999768]
    [0.12186843613028954, -5.6357217675721629E-07, 0.99254626573423266, -5.7388939999999993]
  #25 data/objects/planets/geology/scree/angular_01/angular_01_plt_e.cgf
    [-0.71934036563995274, -0.69465746917839233, 0, -6.519467000000077]
    [0.69465746917839233, -0.71934036563995274, 0, 42.340427999999974]
    [0, 0, 0.999999780562151, -5.3125609999999996]
  #26 data/objects/planets/geology/scree/angular_01/angular_01_plt_e.cgf
    [-0.12187023539556469, -0.99254634492109051, 0, -7.1685649999999441]
    [0.99254634492109051, -0.12187023539556469, 0, 40.388672999999926]
    [0, 0, 1.0000003005457478, -5.5490789999999999]
  #27 data/objects/planets/geology/scree/angular_01/angular_01_plt_e.cgf
    [0.95630499776457423, 0.29237092791051067, 0, -5.9801960000004328]
    [-0.29237092791051067, 0.95630499776457423, -0, 38.3160969999999]
    [-0, 0, 1.0000000041183776, -5.6126750000000003]
  #28 data/objects/planets/geology/scree/angular_01/angular_01_plt_e.cgf
    [-0.78686668851264674, 0.61431775955623424, 0.058730060345310628, 9.3093369999996867]
    [-0.61042787425800249, -0.78877866915448147, 0.072116132737101976, 25.958154999999806]
    [0.090627479404490979, 0.020895371877707819, 0.99566297440253071, -5.4100820000000001]
  #29 data/objects/planets/geology/scree/angular_01/angular_01_plt_e.cgf
    [-0.71902779309436904, 0.69425855248093571, 0.031619680740662237, 10.232244999999239]
    [-0.692302602322167, -0.71152936107872788, -0.12016149252600485, 26.740045000000009]
    [-0.060924943340318373, -0.10829007237599168, 0.9922485175846858, -5.4168410000000007]
  #30 data/objects/planets/geology/scree/angular_01/angular_01_plt_e.cgf
    [0.9854074113496889, -0.17019696738738957, 0.0010758172837273088, 1.2955159999992247]
    [0.17003926610497438, 0.98472997058879652, 0.03727552065708295, 16.749206999999842]
    [-0.007403585156789497, -0.036548717486537749, 0.99930241149038679, -2.8696080000000004]
  #31 data/objects/planets/geology/scree/angular_01/angular_01_plt_e.cgf
    [-0.54998959629433963, -0.82905240037232664, 0.10089340783153754, 9.773761999999806]
    [0.82958690648691058, -0.55625648103119529, -0.048581994969921098, 33.42310899999984]
    [0.096399828280216773, 0.056980374574612261, 0.99370832157120914, -4.0772020000000007]
  #32 data/objects/planets/geology/scree/angular_01/angular_01_plt_e.cgf
    [-0.14415426084526703, 0.98577295909844498, 0.086413408838546521, 8.7513439999993352]
    [-0.96824147156860207, -0.15853663847552471, 0.19331487793803168, 28.536274999999932]
    [0.20426467352792554, -0.05580199286606051, 0.97732192023782716, -5.3716789999999994]
  #33 data/objects/planets/geology/scree/angular_01/angular_01_plt_e.cgf
    [-0.73990454427818353, -0.66947919151712776, 0.065867269152887042, 3.8054819999997562]
    [0.66681369802936818, -0.7428305158383518, -0.059681961456699677, 30.035232999999607]
    [0.088884065728815062, -0.0002377572155290082, 0.9960417591620413, -5.810365]
  #34 data/objects/planets/geology/scree/angular_01/angular_01_plt_e.cgf
    [-0.49458490037114405, 0.8627730273587958, 0.10490176092271801, 9.3459389999998166]
    [-0.86845402398581162, -0.49533770028522572, -0.020592978334322339, 29.625196999999844]
    [0.034194800853339181, -0.10128754018123567, 0.99426729286259719, -5.362806]
  #35 data/objects/planets/geology/scree/angular_01/angular_01_plt_e.cgf
    [-0.61487631280209831, 0.78643096481346697, 0.058729647137296448, 11.638245999999526]
    [-0.7831193257242367, -0.61767250738646584, 0.072114556169671523, 28.471939999999904]
    [0.09298900767041568, -0.0016507928069371036, 0.99566361450592111, -5.4463680000000005]
  #36 data/objects/planets/geology/scree/angular_01/angular_01_plt_e.cgf
    [0.99983097078111671, 0.017561589553843845, -0.0054424296475617129, 1.9550799999997253]
    [-0.017467677647204721, 0.9997054749632156, 0.01684764575308309, 27.266046999999617]
    [0.005736698156577567, -0.01674973140531982, 0.9998432559123186, -5.5746080000000005]
  #37 data/objects/planets/geology/scree/angular_01/angular_01_plt_e.cgf
    [-0.75363679151303464, 0.65716066753290192, 0.012921075193098741, 7.5083139999997002]
    [-0.65087416160211264, -0.74887839155580993, 0.12465749507360599, 27.290389999999661]
    [0.091596522287595142, 0.085536672643901121, 0.99211343373443139, -5.3558820000000003]
  #38 data/objects/planets/geology/scree/angular_01/angular_01_plt_e.cgf
    [-0.99327400752958428, -0.048989286842754644, 0.10490301052953302, 1.703111999999237]
    [0.047080852879979949, -0.9986776990866143, -0.020593506660132748, 30.930055999999695]
    [0.1057732723121238, -0.015516088395776634, 0.99426812869702397, -5.7253389999999991]
  #39 data/objects/planets/geology/scree/angular_01/angular_01_plt_e.cgf
    [-0.98769153049593417, 0.1563234010973476, -0.0054419731254249475, 3.0361499999999069]
    [-0.15639408839707086, -0.98755161864316598, 0.016848437472154771, 27.834806999999728]
    [-0.0027404227026585301, 0.017492141097124454, 0.99984383545571309, -5.5746080000000005]
  #40 data/objects/planets/geology/scree/angular_01/angular_01_plt_e.cgf
    [-0.9901955628330783, 0.13839180684796473, -0.018858915127318208, 3.2099499999994805]
    [-0.13702376240646358, -0.98869605619335066, -0.060825985733338257, 17.255380999999943]
    [-0.027063617984312335, -0.057645639920213113, 0.99796780725458711, -2.8049030000000004]
  #41 data/objects/planets/geology/scree/angular_01/angular_01_plt_e.cgf
    [-0.68906992508868459, -0.5575943659020749, -0.46289219116873476, -3.6454800000001342]
    [0.48891286986493837, -0.82916847858189235, 0.27100158486450715, 18.651270999999724]
    [-0.53492510056190046, -0.03957494703607127, 0.84397095894846286, -4.685166999999999]
  #42 data/objects/planets/geology/scree/angular_01/angular_01_plt_e.cgf
    [-0.48935718830790759, 0.87207921957201662, -0.0027659721351081276, -3.2467050000004747]
    [-0.87132328823792626, -0.48906050007890306, -0.040197365543425248, 32.175002999999833]
    [-0.036408009907677848, -0.017260811482846854, 0.99918806776368518, -5.4157749999999991]
  #43 data/objects/planets/geology/scree/angular_01/angular_01_plt_e.cgf
    [1, 0, 0, -5.071407000000363]
    [0, 1, 0, 31.652288999999655]
    [0, 0, 1, -5.0791390000000005]
  #44 data/objects/planets/geology/scree/angular_01/angular_01_plt_e.cgf
    [0.17358388264734831, 0.98481270287709854, 0.0036482573619997434, -7.541812000000391]
    [-0.98420393361604519, 0.17360515457933945, -0.034707365255678302, 33.015282999999727]
    [-0.034813597696575882, 0.0024340090779241793, 0.99939122612720266, -5.1144369999999997]
  #45 data/objects/planets/geology/scree/angular_01/angular_01_plt_e.cgf
    [-0.68906992508868459, -0.5575943659020749, -0.46289219116873476, -2.4747880000004443]
    [0.48891286986493837, -0.82916847858189235, 0.27100158486450715, 17.78023499999972]
    [-0.53492510056190046, -0.03957494703607127, 0.84397095894846286, -3.796136999999999]
  #46 data/objects/planets/geology/scree/angular_01/angular_01_plt_e.cgf
    [-0.35078671683559376, -0.93298991974125856, -0.080491781814197638, -2.7298930000006294]
    [0.9360447992946157, -0.35188090928264348, -0.00063038293291947352, 33.881267999999636]
    [-0.027735374378707062, -0.075565027164287257, 0.99675529276972163, -5.4530269999999996]
  #47 objects/planets/geology/angular_01/angular_01_bld_k.cgf
    [0.54463912168112683, 0.82592928643160268, -0.14563343348495356, 6.2649649999993926]
    [-0.83867054504970262, 0.53636479617260657, -0.094575780686047078, 18.529120999999577]
    [-2.6018865735494778E-07, 0.17364813630132622, 0.98480778873779751, -2.3811299999999997]
  #48 data/objects/planets/geology/scree/angular_01/angular_01_plt_e.cgf
    [-0.91829653030280822, -0.3873047716382253, -0.081999161295140149, -3.797949000000699]
    [0.39402432067840909, -0.91423350632354594, -0.09444202868582352, 35.452597999999853]
    [-0.038388582948092276, -0.11903560784335819, 0.99214626286531993, -5.4997459999999991]
  #49 data/objects/planets/geology/scree/angular_01/angular_01_plt_e.cgf
    [-0.99327236163556587, -0.048989113287044889, 0.1049024772459792, 0.058199000000058732]
    [0.066398032257276154, -0.98328819852342308, 0.16949946105817468, 17.20239999999967]
    [0.094846002896041004, 0.17532493480962438, 0.97992849244765479, -2.8928210000000005]
  #50 data/objects/planets/geology/scree/angular_01/angular_01_plt_e.cgf
    [-0.81507534013845184, 0.57031017927686833, -0.10196528816150166, -5.7351480000006632]
    [-0.56651473803730013, -0.82141813711727629, -0.065815851280656812, 35.044617000000017]
    [-0.1212916821682386, 0.004119964375403449, 0.99260756818031037, -5.4997459999999991]
  #51 data/objects/planets/geology/scree/angular_01/angular_01_plt_e.cgf
    [0.88294746418540426, 0.46947191011151829, 0, -2.5167050000000017]
    [-0.46947191011151829, 0.88294746418540426, -0, 41.863182999999935]
    [-0, 0, 1.0000000494475954, -5.3274979999999994]
  #52 objects/planets/geology/scree/angular_01/angular_01_grdc_b.cgf
    [0.99894802547742767, 0.011390170446554704, -0.044418797447732347, 12.062545999999202]
    [0.011390160547509775, 0.87666939990540937, 0.48095836687487525, 30.268523999999616]
    [0.044418799986111659, -0.48095836664044384, 0.87561746380545991, -8.0771179999999987]
  #53 objects/planets/geology/scree/angular_01/angular_01_grdc_b.cgf
    [0.95196182422340392, -0.22398073456552223, -0.20880916898132884, -0.3959500000000844]
    [0.24176543109866466, 0.96824737738091049, 0.06361167979703744, 10.142302999999629]
    [0.18793114386088564, -0.11103873209116298, 0.97588536131487358, -1.6150259999999994]
  #54 objects/planets/flora/mushroom/armillaria_01/armillaria_01_small_hanging_a.cgf
    [-0.65449024197838668, -0.75013862154536826, -0.094518049595013781, 5.6787569999996776]
    [0.75301092503066835, -0.65796262844748798, 0.0076691869900088255, 29.402312999999594]
    [-0.067942328615435629, -0.066153746006143641, 0.99549315012702333, -8.212416000000001]
  #55 objects/planets/geology/angular_01/angular_01_bld_l.cgf
    [-0.64278830923689623, 0.76604408164290649, 0, 3.7983589999994365]
    [-0.76604408164290649, -0.64278830923689623, 0, 42.85760399999981]
    [0, 0, 1.0000001727558609, -7.917711999999999]
  #56 objects/planets/geology/angular_01/angular_01_bld_k.cgf
    [-0.62185056586162968, 0.10826335883172034, 0.77561803742892887, 6.521614999999656]
    [0.78096090859492606, 0.15951631762806376, 0.60386838364831474, 7.7210329999998066]
    [-0.058346843078410884, 0.98124207546247977, -0.18374454102891449, 0.24868299999999977]
  #57 objects/planets/geology/scree/angular_01/angular_01_grdc_b.cgf
    [0.38829066385023225, -0.90488798930749981, 0.17437926434521547, -3.563919000000169]
    [0.91864196592248126, 0.39506515296244621, 0.0045281365527608903, 36.517547999999806]
    [-0.072988625638707463, 0.15843387384518376, 0.98466817192675804, -5.1785179999999995]
  #58 objects/planets/geology/angular_01/angular_01_bld_l.cgf
    [0.80901703419719906, 0.58778498732645268, 0, 4.4582639999998719]
    [-0.58778498732645268, 0.80901703419719906, -0, 43.200674999999592]
    [-0, 0, 0.99999987647378741, -8.0482410000000009]
  #59 objects/planets/flora/mushroom/armillaria_01/armillaria_01_med_b.cgf
    [0.97763849763391142, 0.033318259750978747, 0.20763645019799637, -1.8626370000001771]
    [-0.015977056229324535, 0.99628339238755648, -0.084641418150555162, 29.378108999999768]
    [-0.20968484818389649, 0.079431288290310598, 0.97453731012321332, -4.3075149999999995]
  #60 objects/planets/geology/scree/angular_01/angular_01_grdc_a.cgf
    [0.081045200624681318, 0.99651369604944118, 0.019822879577111693, 2.1211719999992056]
    [-0.98558331838124169, 0.083088088184389203, -0.14738626002319427, 31.834807999999612]
    [-0.1485194111807161, -0.0075921473172407836, 0.98888076192976271, -5.268413999999999]
  #61 objects/planets/geology/scree/angular_01/angular_01_grdc_c.cgf
    [-0.69449548489594137, 0.71942647724678543, -0.010101300973417842, -4.66169600000012]
    [-0.71876748849769823, -0.69435479287068702, -0.03528725098587767, 32.642383999999765]
    [-0.032400461783535332, -0.017246345691466453, 0.99932639543966217, -8.1121510000000008]
  #62 objects/planets/geology/scree/angular_01/angular_01_bld_d.cgf
    [-0.71475182634591872, -0.621179138715234, 0.32135099937425621, 8.2980799999995725]
    [0.68643663874014182, -0.71107026157861897, 0.15226287969268745, 28.445738999999776]
    [0.13392060397477754, 0.32941724478565759, 0.93463881318267372, -8.4802229999999987]
  #63 objects/planets/flora/mushroom/armillaria_01/armillaria_01_small_hanging_a.cgf
    [-0.35658855002159634, -0.77834701750948465, 0.51673896402042896, -1.4746810000006008]
    [0.73050050596427774, -0.57708952730345076, -0.36515109047069094, 29.748556999999892]
    [0.58241930547394316, 0.24726954608299551, 0.77436693808586621, -4.2797510000000001]
  #64 objects/planets/geology/angular_01/angular_01_bld_l.cgf
    [-0.40575731987821528, 0.71162534020647827, 0.57354107871126236, 10.15466699999979]
    [-0.87995124384702961, -0.47379662596908834, -0.034663555795533957, 43.721861999999874]
    [0.24707448724085201, -0.51875343740966062, 0.81844246307138047, -7.835672999999999]
  #65 objects/planets/geology/scree/angular_01/angular_01_bld_h.cgf
    [0.61513824892608526, -0.66825313786218465, 0.41837836756139163, -2.9967950000000201]
    [-0.61935755409108895, -0.73793811271973375, -0.26803235249458757, 17.7707419999997]
    [0.48785134507992783, -0.094248955064886175, -0.8678225507387578, -4.5753929999999992]
  #66 objects/planets/geology/scree/angular_01/angular_01_bld_c.cgf
    [0.25225252868990794, -0.78430903641070104, 0.56677043959673001, 11.642016999999214]
    [0.96634507978070028, 0.23472237238379678, -0.10527738937093878, 32.038670999999795]
    [-0.050463675844959817, 0.57425210259401382, 0.81712219044227086, -4.7542859999999996]
  #67 objects/planets/geology/scree/angular_01/angular_01_bld_d.cgf
    [-0.271064270345235, -0.93646491347478966, 0.22261469134167058, -1.6075660000005882]
    [-0.95036645315268098, 0.2236773924031564, -0.21626766396760419, 24.854207999999744]
    [0.15273323047878401, -0.27018801525357572, -0.95061594261254367, -5.6862749999999993]
  #68 objects/planets/geology/scree/angular_01/angular_01_grdc_a.cgf
    [-0.35512422892433371, 0.93207203530351268, -0.071621152589759374, 3.9785619999993287]
    [-0.93019370986603278, -0.35994078380027056, -0.071995699490554524, 7.24288899999965]
    [-0.092884501499360797, 0.041054106063036701, 0.99483069726401241, -0.19839399999999952]
  #69 objects/planets/geology/scree/angular_01/angular_01_bld_i.cgf
    [0.54735594236532081, 0.82247346191035342, -0.15472082115332603, -16.782563000000664]
    [-0.82300364072273235, 0.56253876000659597, 0.078834044264889408, 23.689690999999584]
    [0.15187539432801059, 0.084185531008774503, 0.98480775619116212, -4.7448380000000006]
  #70 objects/planets/geology/scree/angular_01/angular_01_grdc_b.cgf
    [-0.88709231735732219, 0.42495337542336481, -0.18022624393581846, 5.2935429999997723]
    [-0.40712810520978054, -0.904309939462692, -0.12833506589621044, 39.387524999999641]
    [-0.21751684126802284, -0.040469888887660219, 0.97521703310571373, -8.2326699999999988]
  #71 objects/planets/flora/mushroom/armillaria_01/armillaria_01_small_hanging_a.cgf
    [-0.63607106165086702, -0.17787083487963853, -0.75085140304973907, 7.2260669999996026]
    [-0.09596426675261048, -0.94728128041920467, 0.30569804400124662, 49.787525999999616]
    [-0.76564138006587334, 0.26650028273676313, 0.58546830423538099, -5.905964]
  #72 objects/planets/geology/scree/angular_01/angular_01_grdc_b.cgf
    [0.16397626963400005, 0.96986106441762177, -0.18022662646713852, 4.6023289999993722]
    [-0.98149838189189276, 0.14209547786280197, -0.12833604200936075, 40.077361999999994]
    [-0.098858724979660501, 0.19793617421216803, 0.97521718688594505, -8.2326699999999988]
  #73 objects/planets/geology/scree/angular_01/angular_01_grdc_b.cgf
    [-0.59316466039529803, 0.78727956254260556, 0.1683625163951831, -9.3617110000004686]
    [-0.77837996930429354, -0.61422278136951125, 0.1298243393921677, 38.68505899999991]
    [0.20562020793210473, -0.054042817427379215, 0.97713820150505493, -4.9809539999999997]
  #74 objects/planets/flora/mushroom/armillaria_01/armillaria_01_small_b.cgf
    [0.48215963442180837, 0.38702333852007936, -0.78596137498012464, 4.5166479999998046]
    [-0.86342478745786944, 0.36188001381661916, -0.35148364483865302, 36.797332999999981]
    [0.14839132024215235, 0.84808964834297051, 0.50864941269595043, -3.2590700000000004]
  #75 objects/planets/geology/scree/angular_01/angular_01_grdc_b.cgf
    [0.59597131906296252, -0.80140906618577457, 0.050614269614522672, 4.9907690000000002]
    [0.80210522167168241, 0.59710354616151617, 0.0097302275090296615, 31.69601399999965]
    [-0.038019850346732102, 0.034799031532517774, 0.99867093037848309, -5.0606979999999995]
  #76 objects/planets/flora/mushroom/armillaria_01/armillaria_01_med_b.cgf
    [0.71485444797224684, -0.66773491810912844, 0.20763743212835242, -0.77863800000068295]
    [0.69318117932127898, 0.71577630108278711, -0.084641865006451655, 22.946461999999883]
    [-0.092103619461025313, 0.20443696293675756, 0.9745370990045169, -5.0687199999999999]
  #77 objects/planets/geology/scree/angular_01/angular_01_grdc_a.cgf
    [-0.30901754215247906, 0.95047760267595738, 0.033190620334277131, 3.637124999999287]
    [-0.9510569333466844, -0.30882930237702438, -0.010784403149415174, 48.351098999999977]
    [-9.7528396494730403E-08, -0.034898719596193423, 0.99939142041309592, -8.165420000000001]
  #78 objects/planets/geology/scree/angular_01/angular_01_grdc_b.cgf
    [0.47779818778705185, -0.85017457837850852, -0.22116135149286983, -3.7440950000000157]
    [0.85859478947796453, 0.39869699542913262, 0.32226690597219282, 15.472381999999925]
    [-0.18580673991143898, -0.34386648205739062, 0.9204520429054277, -3.3002340000000006]
  #79 objects/planets/geology/angular_01/angular_01_bld_l.cgf
    [-0.81915210675699535, 0, 0.57357677273668306, 3.432528999999704]
    [0, 1.0000002441136966, 0, 27.577225999999882]
    [-0.57357677273668306, 0, -0.81915210675699535, -8.0336810000000014]
  #80 objects/planets/flora/mushroom/armillaria_01/armillaria_01_small_b.cgf
    [0.84551865012746252, -0.19773157795026342, 0.4959836004427175, -4.533502000000226]
    [-0.48103659756867478, -0.68523706788228533, 0.54685761322288451, 30.912260999999944]
    [0.23173541081667939, -0.70096482110129898, -0.67449708338304737, -6.2752089999999994]
  #81 objects/planets/flora/mushroom/armillaria_01/armillaria_01_med_hanging_a.cgf
    [-0.0091245372852962851, -0.55893872854968329, -0.82915828961527849, 6.2710989999995945]
    [0.9793254066780096, -0.17256821653703147, 0.10555182218853698, 28.663544000000002]
    [-0.20208344649035853, -0.81105298042706986, 0.54895771447907249, -6.9945309999999994]
  #82 objects/planets/geology/scree/angular_01/angular_01_grdc_b.cgf
    [-0.86552035743830469, -0.49548175135060246, -0.073299995858429126, -1.476517000000058]
    [0.47605829933892418, -0.76828810841906403, -0.42790468862449327, 32.980193999999756]
    [0.15570340697890081, -0.4052551800962364, 0.9008469528808799, -8.12575]
  #83 objects/planets/geology/scree/angular_01/angular_01_grdc_b.cgf
    [0.99881205199486767, -0.00017574376438921237, 0.048728244637623992, 3.545455999999831]
    [-0.0064949348983471423, 0.99059074558106053, 0.13670324982003138, 27.995330999999624]
    [-0.048293773221825244, -0.13685734107025813, 0.98941283981193162, -8.2519799999999996]
  #84 objects/planets/geology/angular_01/angular_01_bld_k.cgf
    [0.6455432782293874, 0.33423350345677133, -0.68670405382486366, 0.10373999999956141]
    [0.33423381046374179, 0.68483618960130166, 0.64752433915250673, 12.219762999999602]
    [0.68670390439794093, -0.64752449762075837, 0.33037915961095543, -2.2655020000000006]
  #85 objects/planets/flora/mushroom/armillaria_01/armillaria_01_small_b.cgf
    [0.0099955694435649514, 0.71208638205370178, -0.70202012532680846, 7.12902799999938]
    [0.99531138770727179, 0.060456329136690676, 0.075494748467959866, 49.190759999999955]
    [0.096200381342400554, -0.69948352377999945, -0.70814367883120399, -4.7657889999999989]
  #86 objects/planets/flora/mushroom/armillaria_01/armillaria_01_small_hanging_a.cgf
    [0.48652639031454342, 0.41825390212950914, -0.76704080004622266, 7.0301689999996597]
    [0.77934489338204238, -0.6045666076593943, 0.16467118180530244, 48.999781999999868]
    [-0.39485371055802848, -0.67790761487924067, -0.62010294064929694, -4.6055920000000006]
  #87 objects/planets/geology/scree/angular_01/angular_01_bld_i.cgf
    [0.10453002974183247, -0.99452141145477257, 0, 9.7034869999997682]
    [0.99452141145477257, 0.10453002974183247, 0, 35.927421999999751]
    [0, 0, 0.99999968247986026, -5.3454179999999996]
  #88 objects/planets/geology/angular_01/angular_01_bld_l.cgf
    [0.95630440337473599, 0.29237290147688572, 0, 0.36034899999958725]
    [-0.29237290147688572, 0.95630440337473599, -0, 45.899723999999878]
    [-0, 0, 1.0000000127159612, -8.0960940000000008]
  #89 objects/planets/geology/scree/angular_01/angular_01_grdc_b.cgf
    [-0.22495045995370155, 0.97437036323603787, 0, 2.5657439999995404]
    [-0.97437036323603787, -0.22495045995370155, -0, 31.321952999999667]
    [-0, 0, 1.0000001570930426, -5.4013020000000003]
  #90 objects/planets/geology/angular_01/angular_01_bld_k.cgf
    [0.68321585700305776, -0.23889209311929976, 0.6900335934200672, -4.2140150000004724]
    [-0.23889193025099167, 0.81984746022687049, 0.52036572435553341, 14.77533799999992]
    [-0.69003364980563542, -0.52036564958515807, 0.50306346749817155, -2.6468820000000006]
  #91 objects/planets/geology/scree/angular_01/angular_01_bld_d.cgf
    [-0.98813939429527475, -0.026321186729651173, -0.15128120081551588, -10.484418000000005]
    [0.015852935440745598, 0.96244705302290778, -0.27100299576703279, 33.271469999999681]
    [0.1527333985379529, -0.27018722102634252, -0.95061540262841493, -5.4118640000000005]
  #92 objects/planets/flora/mushroom/armillaria_01/armillaria_01_small_b.cgf
    [-0.4706263488114224, 0.85076999915946327, -0.23388346786838007, 4.3125459999992017]
    [-0.28946547351836727, 0.10152871227706295, 0.95178878351851381, 34.865935999999692]
    [0.8334991347642301, 0.51563800996539388, 0.19848643085539033, -4.0276240000000003]
  #93 objects/planets/geology/angular_01/angular_01_bld_k.cgf
    [-0.9465801912640982, -0.31387972190627289, -0.073916452309851499, -8.259569000000738]
    [0.31992496525803987, -0.9428348430594834, -0.093320177653344577, 23.178631999999652]
    [-0.04039973206192965, -0.1119828519401548, 0.99288764860898748, -4.4734729999999994]
  #94 objects/planets/geology/scree/angular_01/angular_01_grdc_a.cgf
    [-0.25881800839921326, -0.96592629543430386, 0, 0.14178199999969365]
    [0.96592629543430386, -0.25881800839921326, 0, 38.239642000000003]
    [0, 0, 1.0000001848415696, -8.1732019999999999]
  #95 objects/planets/flora/mushroom/armillaria_01/armillaria_01_big_hanging_a.cgf
    [0.63160309771904355, 0.41202284398613653, -0.65674522288836601, -7.9102660000007745]
    [0.75744090602517655, -0.14720327746992584, 0.63609280280732428, 13.863349999999627]
    [0.16540975071885397, -0.89920406801631725, -0.40505708638590565, -2.6729250000000002]
  #96 objects/planets/flora/mushroom/armillaria_01/armillaria_01_small_b.cgf
    [-0.41921794529229739, 0.81119729983307465, -0.40769640173862504, -2.1630400000003647]
    [0.20439231551316589, -0.35320612410611429, -0.91294595467381956, 41.583953999999721]
    [-0.88457967227732515, -0.46605308231965836, -0.017732139077815821, -6.2970730000000001]
  #97 objects/planets/flora/mushroom/armillaria_01/armillaria_01_med_hanging_a.cgf
    [-0.97765871818429995, -0.099229006348179202, -0.18528229260561116, 7.7734149999996589]
    [0.13710265973636052, 0.36707948492301551, -0.9200260894875083, 27.872640999999931]
    [0.15930720117827082, -0.92487769404587439, -0.34527519401911722, -7.3396560000000006]
  #98 objects/planets/geology/scree/angular_01/angular_01_grdc_a.cgf
    [-0.64278830923689623, -0.76604408164290649, 0, 3.2031209999995554]
    [0.76604408164290649, -0.64278830923689623, 0, 38.060921999999664]
    [0, 0, 1.0000001727558609, -8.2283690000000007]
  #99 objects/planets/flora/mushroom/armillaria_01/armillaria_01_med_a.cgf
    [0.97763849763391142, 0.033318259750978747, 0.20763645019799637, -0.83271100000001752]
    [-0.015977056229324535, 0.99628339238755648, -0.084641418150555162, 22.089895999999953]
    [-0.20968484818389649, 0.079431288290310598, 0.97453731012321332, -5.0687199999999999]
  #100 objects/planets/geology/scree/angular_01/angular_01_grdc_a.cgf
    [0.79146316252094751, 0.60936821844563971, 0.047504624564898797, -3.7565590000003795]
    [-0.60853733759445827, 0.77833970779837125, 0.15449873996935679, 31.029133000000002]
    [0.057171879102519328, -0.15118838000011053, 0.98685039526118323, -4.983109999999999]
  #101 objects/planets/geology/angular_01/angular_01_bld_k.cgf
    [1, 0, 0, 7.0838299999995797]
    [0, 1, 0, 38.604568999999628]
    [0, 0, 1, -7.8880080000000001]
  #102 objects/planets/geology/angular_01/angular_01_bld_k.cgf
    [0.99999960835067914, 0, 0, 6.7214939999994385]
    [0, -0.10452896986161286, -0.99452144831631539, 47.96428399999968]
    [0, 0.99452144831631539, -0.10452896986161286, -8.1664600000000007]
  #103 objects/planets/flora/mushroom/armillaria_01/armillaria_01_med_b.cgf
    [0.13299737243386053, 0.99087810329343262, 0.021717092029472872, -3.5764240000007703]
    [-0.9895249003233253, 0.13399309135889087, -0.053718449857747909, 40.886186999999609]
    [-0.056138394283417332, -0.014345195314653151, 0.99831961054843654, -8.1061639999999997]
  #104 objects/planets/geology/scree/angular_01/angular_01_plt_f.cgf
    [-0.99320495051712976, 0.10617456138143087, -0.047641882114921527, -12.892622000000301]
    [0.1044548874493005, 0.99383133976362792, 0.037246539964304215, 26.288296999999602]
    [0.051302659813554273, 0.032017038695346479, -0.99816922737427694, -5.2766949999999992]
  #105 objects/planets/geology/scree/angular_01/angular_01_bld_h.cgf
    [0.039537211178253429, 0.59575216211405735, -0.8021943853810668, -9.3159330000007685]
    [-0.19396056861358602, 0.79212764874677943, 0.57871646562218093, 18.048383999999714]
    [0.98021210379365142, 0.13271326646406012, 0.14687097109061012, -3.1477999999999993]
  #106 objects/planets/geology/scree/angular_01/angular_01_grdc_b.cgf
    [-0.95490654333903835, -0.28847731125460085, -0.070240836075825333, 2.8474719999994704]
    [0.29489442965032919, -0.9490041787932576, -0.11147997428761508, 38.902133999999933]
    [-0.034499413364894801, -0.12716662375512058, 0.99128092938037904, -4.6099729999999992]
  #107 objects/planets/geology/scree/angular_01/angular_01_grdc_b.cgf
    [-0.017357146413173388, -0.99984729914112747, -0.0018252268675640992, 0.98460999999952037]
    [0.98465630529413539, -0.017410399982619246, 0.17363197286640833, 40.364337999999861]
    [-0.17363730445220465, 0.0012165349035795196, 0.98480852460259216, -4.8251929999999996]
  #108 objects/planets/geology/scree/angular_01/angular_01_plt_e.cgf
    [0.25917001973940074, 0.63177049574022182, -0.73054577785492436, 9.8565969999999652]
    [-0.64880736372577319, 0.6741927383725439, 0.35286448994219577, 40.05309699999998]
    [0.71545796354832347, 0.38253154667178529, 0.58462783902017612, -7.5105060000000003]
  #109 objects/planets/flora/mushroom/armillaria_01/armillaria_01_small_hanging_a.cgf
    [-0.81210581431261886, 0.32609104484628043, -0.48388885902835715, 14.976119999999355]
    [0.10556230223025621, -0.73348553103672209, -0.67145753936395114, 33.319060999999692]
    [-0.57388186743314362, -0.59637509781336873, 0.56124504095858951, -5.8495219999999994]
  #110 objects/planets/flora/mushroom/armillaria_01/armillaria_01_big_hanging_a.cgf
    [-0.99382058981172927, 0.026240359706967618, -0.10784988027743735, -3.3492390000001251]
    [0.089034607140165214, -0.39174734892076291, -0.91575453656102213, 41.45660799999996]
    [-0.066279649099893839, -0.91969830706767375, 0.38699037453041613, -7.5304239999999991]
  #111 objects/planets/flora/mushroom/armillaria_01/armillaria_01_small_hanging_a.cgf
    [0.81892117489095728, 0.55062645160126833, -0.16179033514193722, 3.4037229999994452]
    [0.55658946504701168, -0.69327724211376784, 0.45779070042863446, 40.837920999999824]
    [0.13990628701750885, -0.46494587727740372, -0.87421339184941005, -5.8653930000000001]
  #112 objects/planets/geology/scree/angular_01/angular_01_bld_c.cgf
    [-0.31607929186329048, 0.53372353326427524, 0.78436755943624725, 5.2588709999999992]
    [-0.94222323776599526, -0.079915001075207007, -0.32531271081497892, 36.691305999999713]
    [-0.11094434852592235, -0.84187420654390144, 0.52814635176919555, -8.1663139999999999]
  #113 objects/planets/flora/mushroom/armillaria_01/armillaria_01_big_hanging_a.cgf
    [-0.83752689156890114, 0.11324379473685921, 0.53453266854887782, -15.007786000000124]
    [-0.53383955091505519, 0.038934291320737328, -0.84468933918430544, 27.895604999999705]
    [-0.11646744039086897, -0.99280440611754062, 0.027845491840715123, -4.0082689999999994]
  #114 objects/planets/geology/scree/angular_01/angular_01_bld_h.cgf
    [0.16972621015415054, 0.66637897450244232, -0.72603836660914489, -11.400786000000153]
    [-0.6058176217016461, -0.51052910443448296, -0.6102005216498736, 22.140677999999753]
    [-0.77728865724591845, 0.54341395797963277, 0.31705401345896844, -4.3328350000000002]
  #115 objects/planets/geology/angular_01/angular_01_bld_k.cgf
    [-0.98480858431016194, 0.17364866315185978, 0, 6.7303369999999632]
    [-0.17364866315185978, -0.98480858431016194, 0, 16.946375999999873]
    [0, 0, 1.0000009029722994, -2.3811299999999997]
  #116 objects/planets/flora/mushroom/armillaria_01/armillaria_01_small_a.cgf
    [0.96259804841243557, 0.25008321899041402, -0.10422753469604579, -3.6096430000006876]
    [-0.25552555075280464, 0.96587175936499881, -0.042407966120652105, 41.710233999999673]
    [0.090064911713156601, 0.067454623691835316, 0.99364892373390445, -6.8120439999999993]
  #117 objects/planets/geology/scree/angular_01/angular_01_plt_e.cgf
    [-0.046843104476632792, 0.99703101517420245, 0.06110152314541651, 0.75119300000005751]
    [0.99623326154610792, 0.051098424016389588, -0.070048250793612737, 39.619268999999804]
    [-0.072962524210685581, 0.057590134838701824, -0.99566980682205319, -5.1823229999999993]
  #118 objects/planets/geology/scree/angular_01/angular_01_bld_d.cgf
    [0.087520961317325702, -0.95442549711041846, 0.28533048780701964, 0.47082999999929598]
    [-0.98438508742503283, -0.12677836858411823, -0.12212567457717427, 27.029297999999926]
    [0.15273348179712143, -0.27018632682141785, -0.95061730881225182, -5.7909619999999995]
  #119 objects/planets/geology/scree/angular_01/angular_01_plt_e.cgf
    [0.097008195569180181, 0.97624742490556338, 0.19372476578275161, 6.3965689999995448]
    [0.99251162709305996, -0.080372520972698563, -0.091977374813013463, 29.662108999999873]
    [-0.074222567979100082, 0.20119675135961662, -0.97673424592610558, -5.6313299999999993]
  #120 objects/planets/geology/scree/angular_01/angular_01_bld_h.cgf
    [-0.54407095966294272, -0.7045843690021325, -0.45557531320263783, 6.8311530000000857]
    [0.20345320900185404, 0.41598101904857471, -0.88632262282338692, 53.054911999999604]
    [0.81399925724085442, -0.57491031208315146, -0.08297319122560623, -4.0652699999999991]
  #121 objects/planets/geology/scree/angular_01/angular_01_bld_d.cgf
    [-0.55874318648220322, -0.056926899236279908, -0.8273851249125298, -2.9357090000003154]
    [0.75403009840941593, 0.38052595594532784, -0.53538712420831314, 28.737483999999768]
    [0.34531931234129781, -0.92301684178497168, -0.16969162480480943, -5.0001869999999995]
  #122 objects/planets/geology/angular_01/angular_01_bld_l.cgf
    [1, 0, 0, -8.6518519999999626]
    [0, 1, 0, 18.823673999999755]
    [0, 0, 1, -4.6104940000000001]
  #123 objects/planets/flora/mushroom/armillaria_01/armillaria_01_big_hanging_a.cgf
    [-0.69596658479815565, 0.19069835382445843, 0.69228866779469245, 13.083717999999863]
    [-0.68483470318212736, 0.11365329353983625, -0.71978004074085888, 32.495104999999967]
    [-0.21594186955233083, -0.97504667353932684, 0.051497983048412715, -5.0246369999999994]
  #124 objects/planets/geology/scree/angular_01/angular_01_grdc_a.cgf
    [-0.37786718946087255, 0.92055985577892252, 0.098928574879715084, 7.8044309999995676]
    [-0.92040426243825257, -0.38507282797843972, 0.067644916355068752, 28.925370999999814]
    [0.1003658541782928, -0.065493457318096346, 0.9927931437283829, -8.2166689999999996]
  #125 objects/planets/geology/scree/angular_01/angular_01_plt_f.cgf
    [0.16813408784309031, 0.98574214203031862, -0.006714564004597549, 12.501999000000069]
    [0.98527173674027546, -0.1678305974512555, 0.032775337970436309, 40.833465999999589]
    [0.031181095636518642, -0.012126311217944205, -0.99944105343450462, -8.5519040000000004]
  #126 objects/planets/geology/angular_01/angular_01_bld_k.cgf
    [0.99422053446242598, 0.046471489764938388, -0.096777819696786324, -2.6445340000000215]
    [-0.033371541018781467, 0.9905769883929294, 0.13282916550748355, 24.503150999999889]
    [0.10203864952197399, -0.12883185785515128, 0.98640279972144751, -4.8303909999999997]
  #127 objects/planets/geology/scree/angular_01/angular_01_grdc_b.cgf
    [-0.53115466342328133, -0.83896108490756272, 0.11840096241791941, 8.5987629999999626]
    [0.8455651459955249, -0.53375443899662556, 0.011204869299891399, 35.624586999999792]
    [0.053796596252281552, 0.10606725804500755, 0.99290252762773568, -8.2615930000000013]
  #128 objects/planets/geology/angular_01/angular_01_bld_l.cgf
    [-0.51286467918689527, -0.60385226930023006, 0.61019183593293891, 1.8473199999998542]
    [-0.33577728907562759, 0.79526633932364388, 0.50478399401676588, 13.305159999999887]
    [-0.7900792693896419, 0.05399727155568515, -0.6106233386311043, -2.343837999999999]
  #129 objects/planets/geology/scree/angular_01/angular_01_plt_e.cgf
    [-0.83150420958635984, 0.55475611153042026, -0.029081586584727117, 5.4880169999996724]
    [0.55143145027412954, 0.83059391639645264, 0.077694492805133866, 31.015879999999925]
    [0.067256506058576693, 0.04856681257118501, -0.99655263766042101, -5.5124149999999998]
  #130 objects/planets/geology/angular_01/angular_01_bld_l.cgf
    [0.55849830993084415, -0.38177243197636274, -0.73643063944487452, -13.612747000000127]
    [-0.18214042210068698, 0.80968713671972181, -0.55788192836257433, 21.62643399999979]
    [0.80926209794313042, 0.44570975930465612, 0.38267258331269471, -4.7532520000000007]
  #131 objects/planets/flora/mushroom/armillaria_01/armillaria_01_small_b.cgf
    [0.58065176444560529, 0.81414368972197793, -0.0037220913334566046, -5.2655790000007983]
    [-0.81126209697693452, 0.5789693738268249, 0.081538624043866539, 34.331267999999909]
    [0.068539123765904597, -0.044325948250021854, 0.99666336937651312, -8.1172219999999982]
  #132 objects/planets/geology/scree/angular_01/angular_01_bld_d.cgf
    [-0.32441957598012328, -0.50000081595630874, -0.80296501877625426, 8.534349999999904]
    [0.18730325509191628, -0.86602591338659252, 0.46359282413486369, 25.905278999999609]
    [-0.92718451667793589, 6.2569099481596954E-07, 0.37460722182942346, -7.9943210000000002]
  #133 objects/planets/geology/scree/angular_01/angular_01_grdc_a.cgf
    [0.98480766070799386, 0.17364874095171032, 0, 7.4785939999992479]
    [-0.17364874095171032, 0.98480766070799386, -0, 42.776705999999649]
    [-0, 0, 1.0000000069116326, -8.253108000000001]
  #134 objects/planets/geology/angular_01/angular_01_bld_l.cgf
    [-0.37749999487609776, -0.51949961831764502, -0.76655910234043567, 6.2319799999995666]
    [0.22205246584038899, 0.75287249222277575, -0.61957620178076256, 15.203923999999915]
    [0.89899133100790052, -0.40410656263749839, -0.16885327876756343, -2.133686]
  #135 objects/planets/geology/scree/angular_01/angular_01_grdc_b.cgf
    [-0.09150818570102888, 0.92269279037993812, -0.37451985775349733, 1.0939969999999448]
    [-0.98355727945103444, -0.14255159117280963, -0.11088272730272353, 43.160537999999633]
    [-0.15569902796644566, 0.35821490163879838, 0.92056545354218045, -5.0331459999999995]
  #136 objects/planets/flora/mushroom/armillaria_01/armillaria_01_small_hanging_a.cgf
    [-0.25463665365050581, -0.61075539589206851, 0.74975829391039894, -4.0429229999999734]
    [0.92829824277358775, 0.062864766265721517, 0.36648311271716533, 14.122283999999581]
    [-0.27096498918158896, 0.78931954608518085, 0.55095563077868848, -2.0832269999999999]
  #137 objects/planets/flora/mushroom/armillaria_01/armillaria_01_small_b.cgf
    [0.55764846214517705, 0.79528363206189057, 0.2378062554792387, -3.9647979999999734]
    [-0.80006317455698928, 0.59129724559125252, -0.10132207053490756, 31.512908999999581]
    [-0.22119400373518708, -0.13375795241456034, 0.9660133025900588, -8.1358280000000001]
  #138 objects/planets/geology/scree/angular_01/angular_01_bld_c.cgf
    [-0.60693324416752459, -0.78973287141492454, -0.089176952149095129, 2.1908859999994093]
    [0.35593212213521408, -0.16977512607491374, -0.91895986357519988, 38.435019999999895]
    [0.71059331647587765, -0.58948867524030113, 0.3841337530168728, -8.294785000000001]
  #139 objects/planets/flora/mushroom/armillaria_01/armillaria_01_med_hanging_a.cgf
    [0.32938119436390989, -0.52083837911102282, -0.78755037368787406, 4.8374260000000504]
    [0.93517297279374401, 0.064913275148831814, 0.34819241392808487, 35.320317999999588]
    [-0.13022948670335383, -0.8511837809814975, 0.50845514181540796, -3.9460290000000002]
  #140 objects/planets/flora/mushroom/armillaria_01/armillaria_01_small_b.cgf
    [-0.15156373470521833, -0.44895353729308074, 0.88060758489772506, -16.464310000000296]
    [0.91387861936329895, 0.27581975080970894, 0.29790920938948501, 20.529755000000023]
    [-0.3766362519699934, 0.84992043705306197, 0.3684846635705416, -4.4298729999999997]
  #141 objects/planets/geology/scree/angular_01/angular_01_plt_f.cgf
    [0.68199836618593868, -0.73135339686454304, 0, -4.2797340000006443]
    [-0.73135339686454304, -0.68199836618593856, -0, 32.874296999999842]
    [0, 0, -0.99999978129277378, -8.3677710000000012]
  #142 objects/planets/geology/angular_01/angular_01_bld_k.cgf
    [-0.31302156554425348, 0.70703708262068676, 0.63412589648575857, 4.1825019999996584]
    [-0.94919885044072916, -0.2102378955175303, -0.23413918702509554, 31.948803999999654]
    [-0.032227800369203863, -0.67520232551288095, 0.73692793256584754, -4.8289090000000003]
  #143 objects/planets/flora/mushroom/armillaria_01/armillaria_01_small_hanging_a.cgf
    [0.72540193364470018, 0.68124735314745155, 0.098463103455572923, 7.6390849999997954]
    [0.125012907266837, 0.010276548569910691, -0.99210234845713596, 27.75631999999996]
    [-0.67687865376979095, 0.73198178981929796, -0.077710048846424074, -8.0070680000000003]
  #144 objects/planets/flora/mushroom/armillaria_01/armillaria_01_small_b.cgf
    [-0.02648130196393516, 0.75133808108187217, 0.65938534404573645, -4.0478060000004916]
    [-0.54427896134228082, 0.54243661899600237, -0.63993916116468685, 45.024871999999959]
    [-0.83848575197571007, -0.37583614204624471, 0.39457323964675062, -3.9965549999999999]
  #145 objects/planets/geology/scree/angular_01/angular_01_plt_e.cgf
    [0.24495188619414687, 0.33755833399818136, 0.90887543409260874, 15.141108999999233]
    [0.44973874205090275, -0.87003643694400501, 0.20192392722750246, 40.72892499999989]
    [0.85891515730433321, 0.35929455831793278, -0.3649298330017981, -7.4821750000000007]
  #146 objects/planets/geology/scree/angular_01/angular_01_bld_h.cgf
    [0.26368130222856823, 0.76561431439914251, 0.58677683112464163, -2.3702780000003258]
    [-0.098423424629630732, 0.62648425415490094, -0.77319497274791671, 35.119486999999936]
    [-0.9595755089839052, 0.14612446059988474, 0.24054654783465684, -6.7198380000000002]
  #147 objects/planets/geology/scree/angular_01/angular_01_plt_f.cgf
    [-0.99320560979545069, 0.10923979463010956, -0.04011988173233811, -11.078033000000687]
    [0.10445541598542488, 0.98881297457198081, 0.106481399125017, 31.073417999999947]
    [0.051303057534197297, 0.10156716771418216, -0.99350512213091291, -5.1235980000000003]
  #148 objects/planets/flora/mushroom/armillaria_01/armillaria_01_small_b.cgf
    [1.200743337009865, 0.65030544282393243, 0.015075808302967427, 5.0864719999999579]
    [-0.65043136669470791, 1.2007184328251923, 0.011103721424544849, 28.623260999999729]
    [-0.0079678216642380673, -0.016943625449962484, 1.3654883513639151, -8.1973489999999991]
  #149 objects/planets/geology/angular_01/angular_01_bld_k.cgf
    [-0.31302156554425348, 0.70703708262068676, 0.63412589648575857, 6.7949479999997493]
    [-0.94919885044072916, -0.2102378955175303, -0.23413918702509554, 32.706765999999789]
    [-0.032227800369203863, -0.67520232551288095, 0.73692793256584754, -4.8289090000000003]
  #150 objects/planets/geology/scree/angular_01/angular_01_plt_e.cgf
    [-0.50906209179000339, 0.85633851928318738, 0.086835038201511339, -0.32061700000031124]
    [0.85763199844177762, 0.51319374913651206, -0.033162145002500844, 34.668018999999731]
    [-0.072961213780628462, 0.057590910778370724, -0.99567070110783562, -5.1823229999999993]
  #151 objects/planets/flora/mushroom/armillaria_01/armillaria_01_small_b.cgf
    [-0.78054881908635165, 0.61376299558006286, -0.11848076575486174, -4.1384350000007544]
    [-0.61558942629955293, -0.78767377253227167, -0.02487673345388074, 41.296700999999757]
    [-0.10859265548580195, 0.053518024026824637, 0.9926442574523745, -8.1326049999999981]
  #152 objects/planets/flora/mushroom/armillaria_01/armillaria_01_small_b.cgf
    [0.55258103407394144, 0.37102518080998759, -0.74632055438330491, 3.8711399999992864]
    [-0.82720284105730324, 0.3536523331860405, -0.43665242571994228, 37.20455899999979]
    [0.10192896760398139, 0.85864439458095798, 0.50233469233788808, -4.0584999999999996]
  #153 objects/planets/flora/mushroom/armillaria_01/armillaria_01_small_hanging_a.cgf
    [-0.40333059660085779, 0.73471493306911173, -0.54545267163491051, 5.3940889999994397]
    [-0.89665971530000221, -0.1984119706407837, 0.39577046995370274, 35.196258999999827]
    [0.18255411478936864, 0.64871170565552938, 0.73881481992565545, -2.9905809999999997]
  #154 objects/planets/geology/scree/angular_01/angular_01_grdc_b.cgf
    [0.38024021834162836, -0.91782348047859319, 0.11409341131619062, -3.5907740000002377]
    [0.92036523014971516, 0.38767512862451192, 0.051339158987298107, 37.951873999999862]
    [-0.091351469364568783, 0.085486401235651349, 0.99214255816228591, -5.2179460000000004]
  #155 objects/planets/geology/angular_01/angular_01_bld_l.cgf
    [0.98149320685396546, -0.021513617798623236, -0.19028123278548265, 9.3627759999999398]
    [-0.17389277252300131, -0.51626271520070721, -0.83858977513411592, 36.182525999999598]
    [-0.080194058167746982, 0.85615925594741893, -0.51044974276786514, -8.0731469999999987]
  #156 objects/planets/geology/scree/angular_01/angular_01_plt_f.cgf
    [0.51506276248540783, -0.85698184173357039, -0.017155084391565715, 2.0400939999999537]
    [-0.85714584965218421, -0.51503970560325152, -0.0060759655030913915, 39.925084999999854]
    [-0.0036285541995472285, 0.01783389670535989, -0.99983529093714585, -8.5193119999999993]
  #157 objects/planets/flora/mushroom/armillaria_01/armillaria_01_small_b.cgf
    [0.97479411597242838, -0.12065555622937296, -0.18766634821806608, 13.388717999999244]
    [0.10172506689029309, 0.98899174053392069, -0.10745854065100394, 43.043181999999888]
    [0.19856593934683059, 0.085659581738756388, 0.97633702880954176, -8.2258940000000003]
  #158 objects/planets/geology/scree/angular_01/angular_01_bld_d.cgf
    [0.076815102362334783, 0.049400004693126068, -0.99582065309910839, 11.852307999999539]
    [0.21672616777488093, 0.97406338025648276, 0.065038396338472679, 28.801751999999851]
    [0.97320547768907972, -0.22081635884368989, 0.064116514380747378, -7.3211439999999994]
  #159 objects/planets/geology/scree/angular_01/angular_01_plt_e.cgf
    [0.31866661109940125, 0.92919570304911892, 0.18720850322357538, 10.113820999999916]
    [0.89938378306066613, -0.35876839769020935, 0.24978817998460071, 43.084551999999803]
    [0.29926658519059934, 0.088773135168182679, -0.95003101461715678, -6.8282040000000004]
  #160 objects/planets/geology/scree/angular_01/angular_01_grdc_a.cgf
    [0.75332213532139924, 0.65758078393419406, -0.0096730488641751135, 10.332373999999618]
    [-0.64959840388326617, 0.74631134864705184, 0.14505715905105179, 27.75154799999973]
    [0.10260589138129941, -0.10299115651423592, 0.9893761405920094, -8.2982089999999999]
  #161 objects/planets/geology/scree/angular_01/angular_01_plt_e.cgf
    [0.46327746190722335, -0.54099849784815845, -0.7019221219066204, 12.169004999999743]
    [0.83687926053164907, 0.5276484267546977, 0.14567184917597401, 40.516065999999682]
    [0.29155984495100912, -0.65491053562787016, 0.69719803050698226, -5.6729580000000004]
  #162 objects/planets/geology/scree/angular_01/angular_01_grdc_a.cgf
    [-0.99862859975700657, -0.052336066074963744, 0, 12.687975999999253]
    [0.052336066074963744, -0.99862859975700657, 0, 45.136283999999705]
    [0, 0, 0.99999907203199068, -8.2961509999999983]
  #163 objects/planets/geology/angular_01/angular_01_bld_k.cgf
    [1, 0, 0, 9.8720249999996668]
    [0, 1, 0, 30.428993999999875]
    [0, 0, 1, -8.1856660000000012]
  #164 objects/planets/geology/angular_01/angular_01_bld_k.cgf
    [0.76353104674996886, -0.055011457499883502, 0.64342402669264454, -4.1773900000007416]
    [-0.6045583649036137, 0.28935096126691895, 0.74214931285538532, 46.25502299999971]
    [-0.22700203084269446, -0.9556412290657984, 0.1876707681969782, -7.8564199999999991]
  #165 objects/planets/geology/angular_01/angular_01_bld_l.cgf
    [-0.27563903538767048, -0.96126081453353251, 0, -4.6950850000002902]
    [0.96126081453353251, -0.27563903538767048, 0, 15.525796999999784]
    [0, 0, 0.99999961569348428, -2.530397999999999]
  #166 objects/planets/geology/scree/angular_01/angular_01_plt_f.cgf
    [0.30538439463835715, 0.95200910150148155, -0.020510117635830973, 3.5631359999997585]
    [0.95175725519734355, -0.30584060168090155, -0.024925414708937332, 30.605014999999639]
    [-0.030002024036927522, -0.011908810920312629, -0.99947970541271214, -8.5412919999999986]
  #167 objects/planets/flora/mushroom/armillaria_01/armillaria_01_small_hanging_a.cgf
    [0.59001918489252314, 0.56267018264119328, -0.57903300831259907, -3.4225380000007135]
    [-0.70859419386383582, 0.017113812360826309, -0.70540838068397571, 41.743729999999687]
    [-0.38700287798861799, 0.82650407178867191, 0.40880238433199284, -6.7013930000000004]
  #168 objects/planets/geology/angular_01/angular_01_bld_k.cgf
    [0.97245783891354998, 0.15826291136947082, -0.17111214335963246, 12.837708000000021]
    [0.15826301415094701, 0.09060121413646062, 0.9832319164538631, 38.872815999999602]
    [0.17111204829621302, -0.98323193299777367, 0.063058671457748225, -8.0774550000000005]
  #169 objects/planets/geology/scree/angular_01/angular_01_bld_g.cgf
    [0.98802332279525995, 0.1416902388291042, 0.061105042798416179, -7.7914240000000063]
    [-0.12378340040042789, 0.96423320237341259, -0.23437584698140729, 33.520032999999785]
    [-0.09212827915549171, 0.22400500905894075, 0.9702237744554516, -5.3674620000000006]
  #170 objects/planets/geology/scree/angular_01/angular_01_grdc_b.cgf
    [-0.39267455029756054, -0.90790592380304813, 0.14667688221888384, -3.6286600000003091]
    [0.91691105720667121, -0.39884390787870094, -0.014079311975404933, 46.082186999999976]
    [0.071283851090293032, 0.12896103045839097, 0.98908454739842988, -8.1858450000000005]
  #171 objects/planets/geology/scree/angular_01/angular_01_grdc_b.cgf
    [-0.037577016459978387, 0.99633061120986732, 0.076901021570739428, -5.7380040000007284]
    [-0.99514376186233244, -0.030303642368558169, -0.09365398338655119, 34.666082999999617]
    [-0.090979927340795325, -0.080046789716111302, 0.99263067169803532, -8.1716139999999982]
  #172 objects/planets/geology/angular_01/angular_01_bld_l.cgf
    [0.25882002723089614, 0, 0.96592581878434502, 6.8625509999992573]
    [0, 1.0000002469449742, 0, 22.578076999999666]
    [-0.96592581878434502, 0, 0.25882002723089614, -5.1584639999999995]
  #173 objects/planets/geology/angular_01/angular_01_bld_k.cgf
    [0.32741809530395499, 0.55029483822517267, -0.76809707835808905, -9.1122430000004897]
    [0.55029488333019605, 0.54975839649122604, 0.62844362257880615, 24.635693999999603]
    [0.76809704604308127, -0.62844366207488955, -0.12282357815080089, -4.7536060000000004]
  #174 objects/planets/flora/mushroom/armillaria_01/armillaria_01_med_hanging_a.cgf
    [-0.44470823074454707, -0.23971837639850677, 0.86300038611177488, 12.967818999999508]
    [-0.74450408534919321, -0.43672788304108512, -0.50495781999783651, 32.221160999999938]
    [0.4979440062000644, -0.86706622186282301, 0.015745173803872747, -5.7600849999999992]
  #175 objects/planets/geology/angular_01/angular_01_bld_l.cgf
    [1, 0, 0, 7.3506919999999809]
    [0, 1, 0, 27.851629999999659]
    [0, 0, 1, -8.1269759999999991]
  #176 objects/planets/flora/mushroom/armillaria_01/armillaria_01_med_hanging_a.cgf
    [0.27430913353469866, 0.16668218173685218, -0.94708185470350559, 7.3254649999998946]
    [0.96026826382285779, -0.10001915549951595, 0.26052546897672868, 49.161197999999786]
    [-0.05130156636812936, -0.980920847358416, -0.18749648120316767, -5.0854509999999999]
  #177 objects/planets/flora/mushroom/armillaria_01/armillaria_01_small_b.cgf
    [0.55380077879658662, -0.006314335836365783, -0.83262560482287384, 7.3247529999998733]
    [0.82868119320490108, 0.10169182201188581, 0.55040605429430112, 49.884002999999666]
    [0.081195742943902346, -0.99479619708675282, 0.061549564002836177, -5.4933330000000007]
  #178 objects/planets/geology/angular_01/angular_01_bld_k.cgf
    [-0.80567867085260547, 0.42720284634777805, -0.41034035120933116, 4.8864139999996041]
    [-0.062471795543093268, 0.62758650108090197, 0.77603611697376229, 34.874739999999747]
    [0.58904902217036437, 0.65087057711840823, -0.47894502580854664, -7.8712659999999994]
  #179 objects/planets/geology/scree/angular_01/angular_01_grdc_b.cgf
    [0.59597131906296252, -0.80140906618577457, 0.050614269614522672, 6.7258079999992333]
    [0.80210522167168241, 0.59710354616151617, 0.0097302275090296615, 32.205457999999908]
    [-0.038019850346732102, 0.034799031532517774, 0.99867093037848309, -5.1751259999999997]
  #180 objects/planets/flora/mushroom/armillaria_01/armillaria_01_small_b.cgf
    [-0.56852268803058392, 0.36390544509815448, -0.73780420237997879, -2.6655140000002575]
    [-0.79206367107687858, 0.00021445177449265341, 0.6104386585053555, 22.84905099999969]
    [0.22230014615798394, 0.93143601061238424, 0.28811432449600366, -2.096201999999999]
  #181 objects/planets/geology/scree/angular_01/angular_01_grdc_c.cgf
    [-0.069573705291059912, 0.99752570971228804, -0.010101886634921934, -4.504931000000397]
    [-0.99693042358032413, -0.069889549978109505, -0.035288404077387182, 33.021643999999924]
    [-0.035907105014806755, 0.0076157327532818987, 0.99932615823994253, -8.1048979999999986]
  #182 objects/planets/geology/scree/angular_01/angular_01_grdc_a.cgf
    [-0.99606536344282559, 0.07305895800718018, -0.050181184929542252, -14.067308000000594]
    [-0.073546805981947128, -0.99726112624495011, 0.0079425642599660323, 29.126134999999977]
    [-0.049463420786290763, 0.011601967594979173, 0.99870953498430093, -4.9751059999999994]
  #183 objects/planets/flora/mushroom/armillaria_01/armillaria_01_small_hanging_a.cgf
    [-0.098042573834808799, 0.94577049881471187, 0.30968563457818532, -2.9652860000005603]
    [0.44039987890595128, 0.32028864653804456, -0.83872671624011552, 45.509246999999959]
    [-0.89243205643451973, 0.054154606886901463, -0.44791927640754159, -3.9618289999999989]
  #184 objects/planets/geology/scree/angular_01/angular_01_plt_e.cgf
    [0.1723010777814605, -0.75013562555058166, -0.63844285556443281, 10.375763999999435]
    [0.20621754956784474, 0.66124310423025523, -0.72127129244428689, 43.190891999999621]
    [0.96321703618222165, -0.0073822986837389836, 0.26862397663009069, -7.5334650000000005]
  #185 objects/planets/geology/scree/angular_01/angular_01_grdc_a.cgf
    [-0.052198417814289765, -0.99804545463810201, 0.034369343686412875, 7.6355709999997998]
    [0.99860621072894984, -0.052436407839260714, -0.0060593034260311655, 25.653477999999723]
    [0.0078496625901268244, 0.034005142856112884, 0.99939115925051203, -8.3339560000000006]
  #186 objects/planets/flora/mushroom/armillaria_01/armillaria_01_small_b.cgf
    [0.98684478130392339, -0.1480211713402669, -0.065016541862621416, 13.627975999999762]
    [0.12145130207312323, 0.94419332693257729, -0.30618390367268017, 42.454314999999951]
    [0.10670988288561482, 0.29425963786858955, 0.94974960209704329, -8.2551379999999988]
  #187 objects/planets/geology/scree/angular_01/angular_01_bld_i.cgf
    [0.2923711543053879, -0.95630518417683674, 0, 9.7425100000000384]
    [0.95630518417683674, 0.2923711543053879, 0, 34.333280999999715]
    [0, 0, 1.0000002485766484, -5.3454179999999996]
  #188 objects/planets/geology/scree/angular_01/angular_01_grdc_a.cgf
    [0.59793346679719128, -0.80154824474176556, 0, -2.590277000000242]
    [0.80154824474176556, 0.59793346679719128, 0, 24.731806999999662]
    [0, 0, 1.0000020096803373, -4.7311319999999997]
  #189 objects/planets/geology/scree/angular_01/angular_01_grdc_a.cgf
    [0.52969601827071644, -0.84749097870236478, 0.034369021659005815, 4.6409169999997175]
    [0.84808682837943572, 0.52982267566897578, -0.0060600560902833306, 26.636434999999892]
    [-0.013073643753706815, 0.032357901177544779, 0.99939086771589314, -8.3339560000000006]
  #190 objects/planets/flora/mushroom/armillaria_01/armillaria_01_small_b.cgf
    [-0.53907248826994159, 0.58391254423980499, -0.60699815912399591, -3.4221590000006472]
    [-0.17973376236555733, -0.78382881944548544, -0.5943971135383197, 41.968830999999682]
    [-0.82285867508731003, -0.21132509220668175, 0.52748941064959998, -6.485449]
  #191 objects/planets/geology/scree/angular_01/angular_01_grdc_a.cgf
    [-0.069757342255972632, 0.99756396262776104, 0, 12.012492999999267]
    [-0.99756396262776104, -0.069757342255972632, -0, 24.478939999999966]
    [-0, 0, 0.99999997316610856, -5.2388629999999994]
  #192 objects/planets/geology/angular_01/angular_01_bld_k.cgf
    [-0.04328655788980721, 0.96435157675547634, -0.26106063880509522, -3.0550160000002506]
    [0.59990284213657219, -0.1838641325154233, -0.77865968663393614, 6.5121970000000147]
    [-0.79890124591251011, -0.19031648378851199, -0.57055830735855728, -0.40376499999999993]
  #193 objects/planets/geology/scree/angular_01/angular_01_grdc_b.cgf
    [0.668771539550438, 0.73397944496413914, 0.118400581424689, 7.0168059999996331]
    [-0.7400316885378494, 0.67247858259711701, 0.011204969086311056, 33.156199999999899]
    [-0.071397641917570115, -0.095113751595339913, 0.9929026369238344, -8.2615930000000013]
  #194 objects/planets/geology/scree/angular_01/angular_01_grdc_a.cgf
    [0.51503724874380818, 0.85716751434818494, 0, 9.8943749999998545]
    [-0.85716751434818494, 0.51503724874380818, -0, 32.158016999999745]
    [-0, 0, 0.9999997576236892, -5.196618]
  #195 objects/planets/geology/scree/angular_01/angular_01_bld_d.cgf
    [0.066259862293190475, -0.99698735533450988, 0.0403125361208507, 10.652803999999378]
    [0.20663979742795532, -0.025814573749432249, -0.97807610057580718, 30.173123999999916]
    [0.97617051860027437, 0.073137389218802598, 0.20430687098195274, -7.6221760000000005]
  #196 objects/planets/geology/angular_01/angular_01_bld_k.cgf
    [0.6946585498610045, -0.71933966989494158, 0, 7.9078599999993457]
    [0.71933966989494158, 0.6946585498610045, 0, 28.841493999999784]
    [0, 0, 1.0000000307897781, -8.1856660000000012]
  #197 objects/planets/flora/mushroom/armillaria_01/armillaria_01_small_hanging_a.cgf
    [0.66530460224462351, -0.25956883987158857, 0.69999539202463112, -0.79048099999999977]
    [0.4084561406337367, 0.91139329341899544, -0.050255259877409891, 23.340789999999743]
    [-0.62492648580980514, 0.31935251264781145, 0.7123767298661664, -4.9189730000000003]
  #198 objects/planets/flora/mushroom/armillaria_01/armillaria_01_small_hanging_a.cgf
    [0.62504235452108292, 0.75978587159109834, 0.17901787866449378, -5.4301300000006449]
    [-0.71278899117053318, 0.46205145242241064, 0.5276743559020789, 30.772919000000002]
    [0.31820406285444247, -0.45742081406636415, 0.83036876731849107, -8.0346679999999999]
  #199 objects/planets/flora/mushroom/armillaria_01/armillaria_01_small_b.cgf
    [0.030946867279109513, 0.024796927800778537, 0.99921320122926527, -16.891556000000492]
    [0.65263264329687509, 0.7566703211700706, -0.038990712962197478, 20.625945999999658]
    [-0.75704196848162064, 0.65332591802683726, 0.0072332928495501122, -2.1146199999999995]
  #200 objects/planets/flora/mushroom/armillaria_01/armillaria_01_small_a.cgf
    [-0.10162875572528784, -0.99067572006303273, -0.090716933639210434, 5.9406300000000556]
    [0.99395078571253681, -0.097304487406953161, -0.050892245710719493, 28.248123999999734]
    [0.041590623375226302, -0.095340457150368416, 0.99457366023799276, -7.6193769999999992]
  #201 objects/planets/geology/scree/angular_01/angular_01_grdc_b.cgf
    [0.94852193772204552, -0.27878487372331573, -0.15028352668249642, -1.7641040000007706]
    [0.29255744488294116, 0.95301249665030185, 0.078596012754851882, 46.202132999999776]
    [0.1213106988382251, -0.11851660626456911, 0.98551384512646412, -8.1755840000000006]
  #202 objects/planets/geology/angular_01/angular_01_bld_k.cgf
    [0.60503057832264229, 0.79245644961301775, 0.077139279302622085, 10.510021999999481]
    [-0.35757749652815657, 0.1838794657777649, 0.91560164356119866, 23.370213999999578]
    [0.71139020721489654, -0.58155035137298527, 0.39461735332690584, -5.0875879999999993]
  #203 objects/planets/geology/angular_01/angular_01_bld_l.cgf
    [-0.81915154254944833, 0.030019282122640014, -0.57279077825720859, 2.4822149999999965]
    [-1.0688612502361442E-06, -0.99862940246035536, -0.052335448381848407, 27.814779999999701]
    [-0.57357687623762776, -0.042870057841259433, 0.81802897736141955, -8.0336810000000014]
  #204 objects/planets/flora/mushroom/armillaria_01/armillaria_01_small_b.cgf
    [0.53152573396619507, 0.84679241849135645, -0.020568392858449309, -5.9490960000002815]
    [-0.84460662482754756, 0.53168123737431883, 0.06288700811021472, 33.323550999999952]
    [0.064188068179674054, -0.016053861753336306, 0.99780871418007211, -8.1133680000000012]
  #205 objects/planets/flora/mushroom/armillaria_01/armillaria_01_small_b.cgf
    [-0.32541383592736794, -0.61595681003856095, 0.71742721404443455, -16.899090000000797]
    [0.81658602367343813, 0.19948111394184043, 0.5416579317420992, 20.044920999999704]
    [-0.47675136625461506, 0.76210449234015509, 0.43806807852971358, -2.2469829999999993]
  #206 objects/planets/geology/scree/angular_01/angular_01_grdc_a.cgf
    [-0.59795932073072, 0.76053260212265539, -0.2530498669941289, -5.4053130000002056]
    [-0.78694873383737107, -0.49712050227424043, 0.36548915148922412, 16.40233999999964]
    [0.1521701823254541, 0.41768503762176762, 0.89575826442399542, -4.1394220000000006]
  #207 objects/planets/geology/angular_01/angular_01_bld_l.cgf
    [0.80901703419719906, 0.58778498732645268, 0, 9.5300139999999374]
    [-0.58778498732645268, 0.80901703419719906, -0, 47.176646999999775]
    [-0, 0, 0.99999987647378741, -8.0482410000000009]
  #208 objects/planets/flora/mushroom/armillaria_01/armillaria_01_big_hanging_a.cgf
    [-0.84750223683022929, 0.093664235780443375, -0.52246333244765453, 15.231979999999567]
    [0.5294249186990162, 0.078547518169529359, -0.84471326916228351, 33.061248999999862]
    [-0.038081206351464343, -0.99250101389064482, -0.11615732175693537, -4.2950930000000005]
  #209 objects/planets/flora/mushroom/armillaria_01/armillaria_01_small_b.cgf
    [0.18151467282463998, -0.12112007317963895, 0.97590101406103269, -6.7911819999999352]
    [-0.87835740161982334, 0.42627773211875425, 0.21627761775642246, 32.932885999999598]
    [-0.4422003351333707, -0.89644724373254658, -0.029011043333254501, -6.8252940000000004]
  #210 objects/planets/flora/mushroom/armillaria_01/armillaria_01_big_hanging_a.cgf
    [0.056925403175566214, 0.018631043417465677, 0.99820453710338342, -6.7191920000004757]
    [-0.98038529320356449, 0.19000717890147364, 0.052362811568599128, 32.528045999999904]
    [-0.18869046224641159, -0.98160586356560864, 0.029081837461818673, -6.8479350000000005]
  #211 objects/planets/flora/mushroom/armillaria_01/armillaria_01_med_hanging_a.cgf
    [-0.94973175223866024, -0.041452361620032657, -0.3103085546502492, -2.492142000000058]
    [0.31265948263981003, -0.17602337920822592, -0.93341304708625306, 41.642127999999957]
    [-0.015929384432895509, -0.98351287244832708, 0.18013545742954029, -6.1982969999999993]
  #212 objects/planets/flora/mushroom/armillaria_01/armillaria_01_small_b.cgf
    [0.80496936776049244, -0.59328443042758927, 0.0061531037479634013, 5.628074999999626]
    [0.59271096856116068, 0.80457316090388953, 0.036819771952905228, 29.675539999999728]
    [-0.02679522011130012, -0.02599177699935357, 0.99930295847348116, -8.2079039999999992]
  #213 objects/planets/flora/mushroom/armillaria_01/armillaria_01_big_hanging_a.cgf
    [-0.30681879181800009, 0.2710324235930614, 0.91236149629948116, -15.443240999999944]
    [-0.95134499298657049, -0.11590532111310729, -0.2854969464604904, 27.672311999999692]
    [0.028368625062545633, -0.95556644325769058, 0.29340729236527474, -1.592778]
  #214 objects/planets/geology/scree/angular_01/angular_01_grdc_b.cgf
    [0.64933282478994081, 0.73150330072565362, -0.20801364590207486, -0.84565700000075594]
    [-0.61355852646079356, 0.66550143954211305, 0.42503369487408738, 11.576141000000007]
    [0.44934696000001989, -0.14835979306582053, 0.88095207278483167, -2.1479840000000001]
  #215 objects/planets/geology/scree/angular_01/angular_01_grdc_a.cgf
    [0.51503724874380818, 0.85716751434818494, 0, 11.175564999999551]
    [-0.85716751434818494, 0.51503724874380818, -0, 33.474609999999757]
    [-0, 0, 0.9999997576236892, -5.1748520000000005]
  #216 objects/planets/geology/scree/angular_01/angular_01_grdc_a.cgf
    [-0.0662749716884386, 0.99522637180357798, 0.07163951323722377, -11.799601000000621]
    [-0.99779083337516228, -0.066434566082709118, -0.00015532026363608103, 31.86712499999976]
    [0.0046047608709691695, -0.071491539069821725, 0.99743063863169568, -4.8070340000000007]
  #217 objects/planets/geology/scree/angular_01/angular_01_plt_e.cgf
    [-0.96762942790793749, -0.2252518231292997, 0.11381104329603418, 3.2556899999999587]
    [-0.16515595566216812, 0.22419485865938657, -0.96044688703366654, 17.459437999999864]
    [0.1908267478854079, -0.94815416925744289, -0.25413947108596641, -3.6999079999999998]
  #218 objects/planets/geology/scree/angular_01/angular_01_grdc_a.cgf
    [-0.96558259221396325, -0.2552076366317505, -0.050180746887188821, -22.202598000000762]
    [0.25513570116602857, -0.96687201224955399, 0.0079418800654472346, 22.395440999999664]
    [-0.050545218802955774, -0.005134362014056322, 0.99870796868895884, -4.9336569999999993]
  #219 objects/planets/flora/mushroom/armillaria_01/armillaria_01_small_b.cgf
    [0.70668413961818211, 0.65310683786489176, -0.27211745633225831, 6.7944799999995666]
    [-0.084192856232596397, -0.30424578556066595, -0.9488651062308473, 27.780730999999832]
    [-0.70250125598892277, 0.69345863986051937, -0.16001882711509574, -7.9409210000000003]
  #220 objects/planets/flora/mushroom/armillaria_01/armillaria_01_med_a.cgf
    [-0.95593485121304955, -0.26484604129871941, 0.12667692998015906, -14.519193000000087]
    [0.2691443268041665, -0.96293638671848969, 0.01779765229427065, 27.503741999999875]
    [0.11726807549343143, 0.051107724332558044, 0.99178531393045455, -4.8812199999999999]
  #221 objects/planets/flora/mushroom/armillaria_01/armillaria_01_small_b.cgf
    [-0.70533751552134938, -0.42824086122963073, 0.56489627419068744, -1.7489770000001954]
    [0.64278595342856371, -0.050398003776021369, 0.76438557411385688, 45.421599999999671]
    [-0.29887163447899934, 0.90225764203565617, 0.31081496121511792, -6.4100100000000007]
  #222 objects/planets/geology/angular_01/angular_01_bld_l.cgf
    [0.80901703419719906, 0.58778498732645268, 0, 12.797975999999835]
    [-0.58778498732645268, 0.80901703419719906, -0, 45.0204719999997]
    [-0, 0, 0.99999987647378741, -8.0482410000000009]
  #223 objects/planets/geology/scree/angular_01/angular_01_plt_e.cgf
    [-0.43747899438374926, 0.45334507236273736, -0.77658897538453564, -7.3162879999999859]
    [0.89783475134032276, 0.17214524451753396, -0.40528858351433311, 24.715084999999817]
    [-0.050049481616089658, -0.8745537845128899, -0.48233887385896812, -5.5691979999999992]
  #224 objects/planets/geology/scree/angular_01/angular_01_bld_f.cgf
    [0.83003037969909743, -0.50384423220218733, 0.23914477589637242, 0.96349299999928917]
    [0.54860049493075136, 0.66037800609671182, -0.51277485450325233, 30.91699699999981]
    [0.10043271938801833, 0.55681374275935869, 0.82454314025162323, -5.9120219999999994]
  #225 objects/planets/geology/scree/angular_01/angular_01_bld_c.cgf
    [-0.73047499182944131, 0.56826570343471583, 0.37879011409512719, 7.7603540000000066]
    [-0.43814256473515573, 0.035509595818764964, -0.89820472916627525, 39.022508000000016]
    [-0.52386921383457119, -0.82207951733953921, 0.22304234551248941, -8.1663139999999999]
  #226 objects/planets/flora/mushroom/armillaria_01/armillaria_01_small_b.cgf
    [0.8339262641113151, 0.28731046519130338, 0.47119056428962813, -5.2225640000006024]
    [-0.4979820467291084, 0.023747191277190015, 0.86686262885223564, 30.058309000000008]
    [0.2378691497851485, -0.95754354091951221, 0.16287878954145374, -7.2963940000000003]
  #227 objects/planets/flora/mushroom/armillaria_01/armillaria_01_med_hanging_a.cgf
    [0.98586275131034118, -0.13529632745706835, -0.098821293111413785, -1.4218290000007983]
    [0.12131267785518259, 0.16962194639762987, 0.97801213597207592, 45.322967999999946]
    [-0.11555941496557914, -0.97617591021991901, 0.18363747584821505, -6.4773050000000003]
  #228 objects/planets/flora/mushroom/armillaria_01/armillaria_01_small_a.cgf
    [-0.10162622863660724, -0.99366040128058208, 0.048042020920449881, 7.1247779999994236]
    [0.99395133934154867, -0.10343785222243995, -0.036854646150229459, 29.897130999999717]
    [0.041590430009197973, 0.044006100129749863, 0.99816362309850215, -7.3417419999999991]
  #229 objects/planets/flora/mushroom/armillaria_01/armillaria_01_med_hanging_a.cgf
    [0.7895078548204032, -0.55444874058008609, -0.26317272279194109, 7.164785999999367]
    [0.56768665752114222, 0.49675783645169097, 0.65647501976236, 29.669913999999608]
    [-0.2332491089480101, -0.66769318310783576, 0.70694880096225332, -7.2935449999999991]
  #230 objects/planets/geology/scree/angular_01/angular_01_grdc_b.cgf
    [0.96925445770589225, 0.0070843690402927562, 0.24595846606504826, -5.6478670000005877]
    [0.0070843558329505268, 0.99836760552674109, -0.056673584973490503, 37.497816999999941]
    [-0.24595846644546046, 0.056673583322534402, 0.96762208368437663, -8.1425300000000007]
  #231 objects/planets/geology/scree/angular_01/angular_01_grdc_b.cgf
    [0.059994682099730252, 0.99531475906044176, -0.075822095911066756, -5.8563990000002377]
    [-0.99679590522321238, 0.055711832244379894, -0.057392828736268123, 36.938689999999951]
    [-0.052899746333312764, 0.079022426288799644, 0.99546817864432136, -4.8061479999999994]
  #232 objects/planets/flora/mushroom/armillaria_01/armillaria_01_med_a.cgf
    [0.80770083376333046, 0.57582301046147799, 0.12667774555750461, 3.693105999999716]
    [-0.58225684011132572, 0.81281008749313299, 0.017797788385359298, 36.402084999999715]
    [-0.092716572089488469, -0.08813427114872284, 0.99178425827772065, -4.5034199999999993]
  #233 objects/planets/flora/mushroom/armillaria_01/armillaria_01_small_b.cgf
    [0.36456593137595744, -0.65332449938163339, -0.66351988609393953, 12.004439999999704]
    [-0.50970511357130155, 0.45632160338592564, -0.7293635242709634, 45.851531999999679]
    [0.77928957258110609, 0.60410061400848769, -0.16664353955470657, -7.652601999999999]
  #234 objects/planets/geology/angular_01/angular_01_bld_k.cgf
    [-0.80798001345061199, 0.57990729955421494, -0.10428797986029828, 12.65706499999942]
    [-0.58784307478748354, -0.78132883497814565, 0.20968054752729401, 28.645231999999851]
    [0.040112071051006934, 0.23072263978787769, 0.97219249441690681, -4.8024250000000004]
  #235 objects/planets/geology/angular_01/angular_01_bld_k.cgf
    [0.87370149854834878, 0.48594695710098457, 0.022392218145196534, -14.040281000000505]
    [-0.40116344844282847, 0.69370126343132688, 0.59820281666173847, 30.118071999999756]
    [0.27516130575105635, -0.53163359291233003, 0.80103192434465365, -4.7230829999999999]
  #236 objects/planets/flora/mushroom/armillaria_01/armillaria_01_med_a.cgf
    [0.98886648334816785, -0.078074687813600593, 0.12667843176108998, -12.225274000000354]
    [0.076430238072222129, 0.99691607329455989, 0.017797903112219366, 35.309064999999919]
    [-0.12767733024646064, -0.0079176871482339144, 0.99178415666483177, -4.8826650000000003]
  #237 objects/planets/geology/scree/angular_01/angular_01_bld_f.cgf
    [0.96360832847678923, -0.23478619475283696, 0.1278047249934825, 2.2814399999997477]
    [-0.16753668900128957, -0.15787805292685073, 0.97314212421902713, 30.613730999999916]
    [-0.20830281518899818, -0.95914002045818003, -0.19146794516792789, -5.8699459999999997]
  #238 objects/planets/geology/scree/angular_01/angular_01_grdc_b.cgf
    [0.37073157056994227, -0.92756757456373484, 0.046655745442882465, 2.1186979999993127]
    [0.92106706889898604, 0.36076025455846666, -0.14658702092231068, 39.44503799999984]
    [0.11913781328659478, 0.097317494475543706, 0.98809703374538471, -4.6495799999999994]
  #239 objects/planets/geology/scree/angular_01/angular_01_bld_h.cgf
    [-0.23764189659859464, -0.61861766790501782, 0.74889261497291604, -7.3111870000002455]
    [0.2743329793398443, -0.78233563223313762, -0.55919049867562487, 24.009551999999985]
    [0.9318097360790667, 0.072558792150409931, 0.35562265992780334, -3.354266]
  #240 objects/planets/geology/angular_01/angular_01_bld_k.cgf
    [-0.67629522249445939, -0.70883097365622361, -0.20046086275560523, 7.956927999999607]
    [0.67203800178007356, -0.70514386843139398, 0.2261375326146389, 22.676401999999598]
    [-0.30164686451975187, 0.018218404956552019, 0.95324623971260614, -5.0875879999999993]
  #241 objects/planets/flora/mushroom/armillaria_01/armillaria_01_big_hanging_a.cgf
    [0.82339658410565997, -0.19322205749421023, -0.53355755225529067, 3.6670359999998254]
    [0.55021730385924761, 0.041780723711325123, 0.83397580867063559, 34.76571899999999]
    [-0.13885007599858776, -0.98026525359806782, 0.14071619939198313, -3.655651999999999]
  #242 objects/planets/geology/scree/angular_01/angular_01_plt_f.cgf
    [0.99549449010925117, 0.074868329160316813, 0.058184654720206848, -11.553703999999925]
    [-0.080825988184886774, 0.99087316722630714, 0.1078773687985049, 19.905934999999772]
    [-0.049577014735699608, -0.11209415842805794, 0.99246008476424219, -4.8693889999999991]
  #243 objects/planets/geology/scree/angular_01/angular_01_grdc_b.cgf
    [-0.78688591564309696, -0.61528648503314587, -0.047274790636128862, 3.3057179999996151]
    [0.61092184714441888, -0.78753179869582035, 0.081055360440787164, 39.18270799999982]
    [-0.087102589948777329, 0.034900087537009093, 0.99558873609826137, -8.2471309999999995]
  #244 objects/planets/geology/scree/angular_01/angular_01_plt_f.cgf
    [-0.61257385732691338, -0.79014864879343227, -0.020510043542065114, 6.3024199999999837]
    [-0.78975596713488727, 0.61291641251297035, -0.024925156040174434, 33.110899999999674]
    [0.032265483895693364, 0.00092942923410182393, -0.99948004205528451, -8.5412919999999986]
  #245 objects/planets/flora/mushroom/armillaria_01/armillaria_01_small_b.cgf
    [0.8746423590282032, 0.46691088999312291, 0.13035135913133455, 3.7438729999994393]
    [0.39192480996338147, -0.83933984122782546, 0.37669627883852658, 40.665745999999672]
    [0.28529318140594168, -0.2783870757802086, -0.91711773993844303, -6.0889569999999997]
  #246 objects/planets/flora/mushroom/armillaria_01/armillaria_01_small_b.cgf
    [-0.42780151598053551, 0.8924181653646357, 0.143439538368207, 2.8227999999999156]
    [-0.8574791972697573, -0.4508892738407807, 0.24784573649804251, 35.477752999999666]
    [0.28585749822189244, -0.016967645029944356, 0.95812150056648293, -4.5379940000000003]
  #247 objects/planets/geology/scree/angular_01/angular_01_bld_h.cgf
    [0.049050772856785115, -0.28522282796143184, -0.95720485030122004, -2.8473050000002331]
    [0.053006320156323151, 0.95775127389061465, -0.28266940537089574, 36.394634999999653]
    [0.99738834816433619, -0.036872769341803717, 0.062097078638440814, -6.6852740000000006]
  #248 objects/planets/geology/scree/angular_01/angular_01_plt_e.cgf
    [-0.47648328763228853, -0.78248510623683543, 0.40084915183967879, -0.56091400000059366]
    [-0.21629243201917062, -0.33759146952801189, -0.9161052837742425, 17.506768999999622]
    [0.85216228962815177, -0.52320967654027717, -0.0083889162744790052, -4.834547999999999]
  #249 objects/planets/flora/mushroom/armillaria_01/armillaria_01_med_hanging_a.cgf
    [-0.96607958412512962, 0.23034416580986483, 0.1167437840011486, -4.2947580000000016]
    [-0.013891934151920492, 0.40506450682144174, -0.9141810915611599, 45.6049009999997]
    [-0.25786539122392532, -0.88479467634010578, -0.388125146593302, -2.3379109999999992]
  #250 objects/planets/geology/scree/angular_01/angular_01_grdc_a.cgf
    [-0.88823579999302538, 0.45485741446305028, -0.064350483680300177, -1.4868740000001708]
    [-0.45900923414328143, -0.87307689793454679, 0.16445772069239148, 29.34384]
    [0.018621901436155892, 0.17561478136001915, 0.98428235887164206, -5.1923550000000001]
  #251 objects/planets/geology/scree/angular_01/angular_01_grdc_b.cgf
    [0.99996016259751741, 0.00046807945268742931, -0.0089136291213541084, 5.7886199999993551]
    [0.00046807928389716992, 0.99450009336908884, 0.10473463541349606, 26.417937999999594]
    [0.0089136291302177543, -0.10473463541274169, 0.99446025663433602, -8.2656829999999992]
  #252 objects/planets/geology/scree/angular_01/angular_01_plt_f.cgf
    [-0.96133211365186855, -0.10449265593037932, -0.25479295042333144, -11.233698000000004]
    [-0.10180488283392954, 0.99451959858490602, -0.023751406881840929, 19.441262999999708]
    [0.25587873799903882, 0.0031061800192909478, -0.96670265260466048, -4.8023809999999996]
  #253 objects/planets/geology/scree/angular_01/angular_01_grdc_c.cgf
    [0.95630838531967211, 0.29218518545703354, -0.010102080511277742, -5.508734000000004]
    [-0.29235903188209006, 0.95565731074187332, -0.035288289367912368, 32.523744999999963]
    [-0.00065658829144223682, 0.036699922193179038, 0.99932609646039261, -8.0856080000000006]
  #254 objects/planets/flora/mushroom/armillaria_01/armillaria_01_big_hanging_a.cgf
    [-0.13734178971076472, -0.018007984354640197, 0.99036054909100502, 8.5116829999997208]
    [-0.9497371263867449, 0.28635269718553724, -0.1265013655045904, 28.404755000000023]
    [-0.28131422903756942, -0.95795559250487239, -0.056431012988842427, -7.4078550000000005]
  #255 objects/planets/flora/mushroom/armillaria_01/armillaria_01_med_hanging_a.cgf
    [-0.87897358309687112, 0.06343030515024152, 0.47263107962019063, -4.2260280000000421]
    [-0.45266911775024504, -0.42269961667317529, -0.78512024857095442, 45.182342999999946]
    [0.14998070165729513, -0.90404631035663763, 0.40025511699101035, -3.5689169999999999]
  #256 objects/planets/flora/mushroom/armillaria_01/armillaria_01_small_a.cgf
    [0.94356852353153053, -0.18381834844815798, -0.27547960183078957, -3.0476830000006885]
    [-0.012347961420125841, 0.81171431257313653, -0.58392393123010355, 41.699231999999938]
    [0.33094670885178151, 0.55437392109319428, 0.76363838717187471, -5.5546909999999992]
  #257 objects/planets/geology/scree/angular_01/angular_01_bld_h.cgf
    [-0.27881310033243628, 0.055528980864721356, -0.9587387682133296, -9.272185000000718]
    [-0.14820663262370928, 0.98387902995958432, 0.10008539733747573, 15.659260999999788]
    [0.94884049630980005, 0.16999654407659273, -0.26608856772259004, -3.4865780000000006]
  #258 objects/planets/geology/angular_01/angular_01_bld_k.cgf
    [0.99999960835067914, 0, 0, 2.838301999999203]
    [0, -0.10452896986161286, -0.99452144831631539, 45.389534999999796]
    [0, 0.99452144831631539, -0.10452896986161286, -8.1664600000000007]
  #259 objects/planets/geology/scree/angular_01/angular_01_grdc_a.cgf
    [0.05668513003394831, 0.99810004494852067, 0.024157943756302529, 1.0907440000000861]
    [-0.99818381516954502, 0.056162156877500743, 0.021803513665830235, 43.140947999999753]
    [0.020405320540080304, -0.025349997009177318, 0.99947061511833779, -5.2139079999999991]
  #260 objects/planets/geology/scree/angular_01/angular_01_grdc_b.cgf
    [-0.037577016459978387, 0.99633061120986732, 0.076901021570739428, -5.8476829999999609]
    [-0.99514376186233244, -0.030303642368558169, -0.09365398338655119, 35.196065999999973]
    [-0.090979927340795325, -0.080046789716111302, 0.99263067169803532, -7.8452270000000004]
  #261 objects/planets/geology/scree/angular_01/angular_01_grdc_b.cgf
    [0.46947173665147585, -0.88294727236291981, 0, 6.1070399999998699]
    [0.88294727236291981, 0.46947173665147585, 0, 31.756703000000016]
    [0, 0, 0.99999979864381616, -5.1771749999999992]
  #262 objects/planets/geology/angular_01/angular_01_bld_k.cgf
    [0.33078089639026342, 0.9017100887212669, -0.27839184599387123, 8.9336209999992207]
    [-0.84762344698047731, 0.15419427449017278, -0.5076984570369697, 31.141116999999667]
    [-0.41487057758597962, 0.40390858748864311, 0.81531549858980434, -8.132795999999999]
  #263 objects/planets/geology/angular_01/angular_01_bld_k.cgf
    [0.22653409825241502, 0.49657181426535607, -0.83791352704921074, -2.519177000000127]
    [-0.8384246151601229, 0.5372456234889682, 0.091715036615704945, 43.629140000000007]
    [0.49570839233205993, 0.68175062634737138, 0.53804239280227906, -7.8172690000000005]
  #264 objects/planets/flora/mushroom/armillaria_01/armillaria_01_small_hanging_a.cgf
    [-0.36238239392669053, -0.54564061761535321, -0.75561651424264131, -1.3841630000006262]
    [0.73304384471389561, 0.33383452542996644, -0.59262317789124852, 22.798681999999644]
    [0.5756098695426739, -0.7686558564501984, 0.27900260222044704, -0.68749400000000005]
  #265 objects/planets/geology/scree/angular_01/angular_01_grdc_a.cgf
    [0.13917308061571812, -0.9902684533717141, 0, 16.820197000000007]
    [0.9902684533717141, 0.13917308061571812, 0, 41.383488999999827]
    [0, 0, 1.0000003780555664, -5.2306959999999991]
  #266 objects/planets/geology/scree/angular_01/angular_01_grdc_b.cgf
    [-0.97545263242119751, 0.2202029103577457, -0.0019423367314516968, -4.8736109999999826]
    [-0.21634108722220957, -0.9599174289495731, -0.17820212141777969, 36.531623999999738]
    [-0.041105089484296829, -0.17340744034862923, 0.9839924612260339, -4.7733769999999991]
  #267 objects/planets/geology/angular_01/angular_01_bld_l.cgf
    [-0.81915154254944833, 0.030019282122640014, -0.57279077825720859, 1.7858899999991991]
    [-1.0688612502361442E-06, -0.99862940246035536, -0.052335448381848407, 32.342720999999983]
    [-0.57357687623762776, -0.042870057841259433, 0.81802897736141955, -8.0336810000000014]
  #268 objects/planets/geology/scree/angular_01/angular_01_grdc_b.cgf
    [0.27067503304615703, -0.92579749148216517, 0.26388168410541668, -8.126419000000169]
    [0.96252558525654575, 0.25551175172781498, -0.090872187224949053, 36.541717999999946]
    [0.016704375699934243, 0.27858977269424762, 0.96026465848648279, -4.9630439999999991]
  #269 objects/planets/geology/scree/angular_01/angular_01_plt_e.cgf
    [0.97763849763391142, 0.033318259750978747, 0.20763645019799637, -1.8626370000001771]
    [-0.015977056229324535, 0.99628339238755648, -0.084641418150555162, 29.378108999999768]
    [-0.20968484818389649, 0.079431288290310598, 0.97453731012321332, -4.607926]
  #270 objects/planets/geology/angular_01/angular_01_bld_l.cgf
    [-0.51967922250513332, -0.30552226414281386, 0.79786570374204724, 2.719677000000047]
    [-0.82137331644895339, -0.078333721601570205, -0.56498648876232316, 32.980347999999594]
    [0.23511573771313415, -0.94895732442053471, -0.21023942471979976, -7.8120729999999989]
  #271 objects/planets/flora/mushroom/armillaria_01/armillaria_01_med_hanging_a.cgf
    [-0.9042888697236916, -0.35028242538727372, -0.24406028292137091, -2.7702820000004067]
    [0.38993298763972578, -0.4449047427541597, -0.80623420552976721, 41.195127999999841]
    [0.17382596004397063, -0.82423513118567482, 0.53890865949168798, -7.8982739999999998]
  #272 objects/planets/flora/mushroom/armillaria_01/armillaria_01_big_hanging_a.cgf
    [-0.99540341365004392, -0.062408071516163399, -0.072633885700371589, -3.7570920000007391]
    [0.064546862333675126, 0.12304630733157178, -0.99029880009187266, 45.615090999999666]
    [0.070740026188705923, -0.99043588561307627, -0.11845256364099317, -3.1045129999999999]
  #273 objects/planets/flora/mushroom/armillaria_01/armillaria_01_small_b.cgf
    [0.069908473682119193, 0.1177862174026378, -0.99057465698080827, 4.595314999999573]
    [-0.93613186970208773, 0.35080333310638118, -0.024353290635105093, 15.915559999999914]
    [0.34462859224205544, 0.92901150005081368, 0.13478762902368724, -0.2683529999999994]
  #274 objects/planets/geology/scree/angular_01/angular_01_bld_d.cgf
    [-0.98813939429527475, -0.026321186729651173, -0.15128120081551588, -3.5241770000002361]
    [0.015852935440745598, 0.96244705302290778, -0.27100299576703279, 25.584864999999809]
    [0.1527333985379529, -0.27018722102634252, -0.95061540262841493, -5.513001]
  #275 objects/planets/geology/scree/angular_01/angular_01_bld_h.cgf
    [0.24159097542775937, -0.67714999970071277, -0.69505488058375575, -21.660217999999986]
    [-0.33334731216299718, 0.61476924812189582, -0.71479923724319594, 27.140492999999879]
    [0.9113248480051882, 0.40438380036182731, -0.077203445126215881, -3.8819889999999999]
  #276 objects/planets/flora/mushroom/armillaria_01/armillaria_01_small_b.cgf
    [0.76046053496891464, 0.22496958454734467, 0.60917021806589711, -5.742142000000058]
    [-0.61056194641154904, -0.071784832690305472, 0.78870840060495762, 30.665496999999959]
    [0.22116459514126158, -0.97171781789740008, 0.082768339549503883, -7.2526400000000004]
  #277 objects/planets/geology/scree/angular_01/angular_01_bld_c.cgf
    [0.49807261086589422, -0.70806115781590873, 0.5005728174151387, 13.198900999999751]
    [0.80654517477595589, 0.59028190356130228, 0.032438091974895861, 32.989709999999832]
    [-0.31844721664376013, 0.38757805092360903, 0.865086526939012, -2.922612]
  #278 objects/planets/geology/scree/angular_01/angular_01_plt_f.cgf
    [-0.99320560979545069, 0.10923979463010956, -0.04011988173233811, -9.0398940000004586]
    [0.10445541598542488, 0.98881297457198081, 0.106481399125017, 24.604464000000007]
    [0.051303057534197297, 0.10156716771418216, -0.99350512213091291, -5.223387999999999]
  #279 objects/planets/geology/angular_01/angular_01_bld_l.cgf
    [0.1391730806157179, -0, -0.99026845337171421, 9.3825069999993502]
    [0, 1.0000003780555664, -0, 23.108529999999973]
    [0.99026845337171421, 0, 0.1391730806157179, -4.8045739999999997]
  #280 objects/planets/flora/mushroom/armillaria_01/armillaria_01_small_hanging_a.cgf
    [-0.5133130608113402, 0.14218570752719217, 0.84634211169469786, -15.754095000000234]
    [-0.82701288420933161, -0.34540541864071334, -0.44356152896498091, 27.588169999999991]
    [0.22926280728589898, -0.92762080895211751, 0.29489022338280996, -0.70594800000000024]
  #281 objects/planets/geology/scree/angular_01/angular_01_grdc_c.cgf
    [0.99922971891530166, 0.0013009020797626846, -0.0392208771035924, 11.077193999999508]
    [0.0013009025463352078, 0.99780295036773248, 0.066238814909101038, 38.782439999999951]
    [0.039220877088116834, -0.066238814918264319, 0.99703266892775966, -8.2488279999999996]
  #282 objects/planets/geology/angular_01/angular_01_bld_l.cgf
    [0.76195586945323424, 0.48181891248224551, 0.43275136353715676, 7.6666629999999714]
    [-0.63869569570370732, 0.44845328730409367, 0.62526587261642985, 33.762158999999883]
    [0.10719615365487449, -0.75282145210113038, 0.64943729486457913, -8.1507320000000014]
  #283 objects/planets/flora/mushroom/armillaria_01/armillaria_01_med_b.cgf
    [0.65443214114574688, 0.74606451889204062, -0.1229084045536208, -7.8966130000007979]
    [-0.7541417985280553, 0.65579129071571718, -0.034757738108495112, 14.884025999999722]
    [0.054670741465600137, 0.11543693644556215, 0.99180925250564189, -4.4696419999999994]
  #284 objects/planets/flora/mushroom/armillaria_01/armillaria_01_small_b.cgf
    [-0.21101691091815897, -0.91435450573392707, 0.34558187773993232, -16.197220000000016]
    [0.50896771313544631, 0.19905607293068797, 0.83745309115598865, 20.268523999999616]
    [-0.83451954043261667, 0.35260693519145714, 0.42337290768618602, -4.3386299999999993]
  #285 objects/planets/geology/scree/angular_01/angular_01_bld_i.cgf
    [0.75668322219749251, -0.61558352103513703, 0.22020030829261988, 13.112997999999607]
    [0.43562393806751543, 0.22358018813256147, -0.87191996763150215, 42.639932999999928]
    [0.48750695556548868, 0.75569145423377204, 0.43734213171232111, -4.9106580000000006]
  #286 objects/planets/geology/angular_01/angular_01_bld_k.cgf
    [0.504336555333044, -0.424172472463482, -0.75214489554213149, -22.391257000000223]
    [-0.42417229965204528, 0.63700694395987079, -0.64366109474308719, 26.743983999999728]
    [0.75214499299919757, 0.64366098086041423, 0.14134370362741477, -4.5111439999999989]
  #287 objects/planets/geology/scree/angular_01/angular_01_bld_d.cgf
    [0.75898621520868514, 0.53824760414657669, -0.36637214540197577, -3.6619960000007268]
    [0.37409235037781785, 0.10005789657680397, 0.92197746062157404, 22.215499999999793]
    [0.53291082338865703, -0.83682557390168022, -0.12541180308139982, -5.2306119999999998]
  #288 objects/planets/flora/mushroom/armillaria_01/armillaria_01_small_b.cgf
    [0.25932429745019464, 0.9657846587867952, -0.0032330927082606428, -3.2133330000006026]
    [-0.93408178118854368, 0.24995815076146941, -0.25497392063496943, 44.629607999999735]
    [-0.24544181813216773, 0.069140921344770859, 0.96694229310336599, -5.0192769999999998]
  #289 objects/planets/geology/scree/angular_01/angular_01_grdc_b.cgf
    [-0.87069676865754553, -0.48629177205876006, 0.07354405334624535, -6.098641000000498]
    [0.46919313254993839, -0.77646159662487235, 0.42067383046734169, 38.004279999999653]
    [-0.1474659951399655, 0.40078545345364119, 0.90422678509468757, -5.1785889999999997]
  #290 objects/planets/geology/scree/angular_01/angular_01_bld_g.cgf
    [-0.82440541373678722, -0.51762430128059467, 0.22896318969897117, -2.6369629999999233]
    [-0.483715426950802, 0.85438464203282549, 0.18986736133448015, 34.092702999999801]
    [-0.29390210146093576, 0.045774576940600116, -0.95474058705735831, -5.5597249999999994]
  #291 objects/planets/geology/angular_01/angular_01_bld_l.cgf
    [0.73284364967044258, 0.61874624502697972, 0.28300704840867713, 10.740961999999854]
    [-0.34553872523697637, 0.69676457187758256, -0.62858717834849864, 42.178744999999708]
    [-0.58612532324203825, 0.36286627796963261, 0.72442038196971958, -7.633076]
  #292 objects/planets/geology/scree/angular_01/angular_01_grdc_b.cgf
    [-0.36398839973515695, 0.92529885641687226, 0.10646750867995271, 3.8387999999995372]
    [-0.92672601793030118, -0.34834433005743759, -0.14084024510249107, 42.404497999999876]
    [-0.093231924692856308, -0.14993036137857849, 0.98429139698953072, -8.1789239999999985]
  #293 objects/planets/geology/angular_01/angular_01_bld_k.cgf
    [0.3037738267038626, 0.88484389068386538, -0.35323247619609116, -4.967384000000493]
    [0.056670876256982257, -0.38687747940333794, -0.92038831947459909, 15.67564399999992]
    [-0.95105746666773416, 0.25957183198577338, -0.16766809489462237, -3.0663609999999997]
  #294 objects/planets/geology/scree/angular_01/angular_01_plt_f.cgf
    [0.088191885286347901, 0.99605082330645822, 0.010319935811651517, 4.3389189999998052]
    [0.98054676128126839, -0.088633720817951026, 0.17513898706390615, 24.377367999999933]
    [0.17536189045925912, -0.0053266536852411362, -0.98449041968424589, -5.5198349999999996]
  #295 objects/planets/flora/mushroom/armillaria_01/armillaria_01_big_hanging_a.cgf
    [-0.96592665483689899, 0.088520763247445441, 0.24320829092522184, -3.5188290000005509]
    [-0.25881692042916565, -0.33036520049190127, -0.90767457650227734, 45.344405999999708]
    [-4.9049935697304614E-07, -0.93969325293050554, 0.34201913867753647, -3.9365230000000002]
  #296 objects/planets/geology/angular_01/angular_01_bld_l.cgf
    [-0.99026802499938316, -0.13917216578055047, 0, 3.2926989999996295]
    [0.13917216578055047, -0.99026802499938316, 0, 45.509828999999627]
    [0, 0, 0.99999982653209918, -8.0482410000000009]
  #297 objects/planets/flora/mushroom/armillaria_01/armillaria_01_big_hanging_a.cgf
    [0.98563702559331157, -0.1688543110541714, 0.0028963847592496706, 4.5360510000000431]
    [0.001118123756009367, 0.02367506048564141, 0.99971933808291935, 34.823782999999821]
    [-0.16887544879442579, -0.98535690324679071, 0.023523810173076087, -3.0050599999999994]
  #298 objects/planets/flora/mushroom/armillaria_01/armillaria_01_small_b.cgf
    [0.79374909036053576, -0.605596854268458, -0.056699899046308684, 6.8512359999995169]
    [0.60489147648573471, 0.77615927685572095, 0.1779975435942974, 29.910465999999815]
    [-0.063786598330851624, -0.17558266984769311, 0.98239607227554926, -8.1582429999999988]
  #299 objects/planets/geology/scree/angular_01/angular_01_grdc_a.cgf
    [-0.37728536530419743, -0.92473673360061648, -0.050181349233011326, -22.420955000000504]
    [0.92572328002925319, -0.37811876283945278, 0.0079404757128957396, 26.506530999999995]
    [-0.026317353458578021, -0.043458208342369624, 0.9987087774664406, -4.9336569999999993]
  #300 objects/planets/geology/scree/angular_01/angular_01_plt_e.cgf
    [-0.96525578043858007, -0.0022580676644762929, -0.26129963772378856, -0.93607100000008359]
    [-0.20789770169251306, 0.61243652095219803, 0.76269349980787926, 48.297784999999749]
    [0.15830712294502533, 0.79051738130710536, -0.59162694824566442, -8.3340889999999987]
  #301 objects/planets/flora/mushroom/armillaria_01/armillaria_01_med_a.cgf
    [0.95793291118823254, 0.28683999916384695, -0.0093445835111131033, -6.4184110000005603]
    [-0.28471771063387852, 0.95392839776248961, 0.094638289780440837, 33.512420999999904]
    [0.036060111102364498, -0.087996565392337842, 0.99546785059353449, -8.1700850000000003]
  #302 objects/planets/geology/scree/angular_01/angular_01_grdc_c.cgf
    [0.99940811361085202, 0.00047659190469664844, -0.034397603084747964, 8.9028779999998733]
    [0.00047659175018033832, 0.99961624413558825, 0.027697240107725861, 36.7021179999997]
    [0.034397603086888849, -0.027697240105067071, 0.99902435785192967, -8.2463289999999994]
  #303 objects/planets/geology/scree/angular_01/angular_01_grdc_c.cgf
    [0.99994895496062819, -0.00017830528196032287, -0.010102301911227881, -5.1969020000005912]
    [-0.00017830560870429278, 0.99937716662096532, -0.035288069758668161, 32.881133999999747]
    [0.010102301905460855, 0.035288069760319146, 0.99932612116982777, -8.0810040000000001]
  #304 objects/planets/geology/angular_01/angular_01_bld_l.cgf
    [0.88612767237470924, 0.17276582838525867, 0.43003452759706701, -13.808547999999973]
    [0.17276581614615724, 0.73788159005108322, -0.65244364505030972, 31.132294000000002]
    [-0.43003453251411039, 0.65244364180941916, 0.62400927336004386, -4.5341599999999991]
  #305 objects/planets/flora/mushroom/armillaria_01/armillaria_01_small_b.cgf
    [-0.33666091816849975, -0.36858713387148462, -0.86648951545143027, 4.9394990000000689]
    [-0.8559609256595847, 0.50328282238751076, 0.1184838550122137, 15.179900999999973]
    [0.39241744276578355, 0.78156960975908774, -0.48493156752174615, -0.67629800000000007]
  #306 objects/planets/geology/scree/angular_01/angular_01_grdc_b.cgf
    [0.95587871362417831, -0.18177585583136247, -0.2307672415206789, 1.2837369999997463]
    [0.23896209075563432, 0.93804929937090298, 0.25091976369659602, 9.2599789999999302]
    [0.17085988617573059, -0.29499346919658292, 0.94009885071171251, -1.0589040000000001]
  #307 objects/planets/flora/mushroom/armillaria_01/armillaria_01_med_hanging_a.cgf
    [0.12606033429377267, 0.048247453216748441, 0.99084905943663426, -4.2411650000003647]
    [-0.92194872307421161, 0.37443034407698034, 0.099062367561286543, 13.769636999999875]
    [-0.36622428558220405, -0.92599945135141115, 0.091682451741391627, -1.4933579999999997]
  #308 objects/planets/flora/mushroom/armillaria_01/armillaria_01_med_a.cgf
    [-0.4314197598200184, -0.87455924627818782, -0.22140185086922751, 5.4739599999993516]
    [0.89940619616242112, -0.43607671929139807, -0.030020879048585462, 28.517086999999719]
    [-0.070293307815440312, -0.21208225673906156, 0.9747182317136498, -8.1966350000000006]
  #309 objects/planets/flora/mushroom/armillaria_01/armillaria_01_small_b.cgf
    [-0.33294272760877058, 0.20448562556091793, -0.92050726012647777, 7.2617169999994076]
    [0.54392615035147285, 0.8390686848668395, -0.01034078883949008, 49.252240999999685]
    [0.77025471759050068, -0.50413115147643472, -0.39058712090234743, -4.9035059999999993]
  #310 objects/planets/geology/angular_01/angular_01_bld_k.cgf
    [-0.62714730866651713, -0.77889109467906914, -0.0036623619604952821, 10.43663799999922]
    [-0.043686960493333829, 0.039869640025282323, -0.99824864553890214, 41.367363999999725]
    [0.77767358174772938, -0.62588942431314509, -0.059031566282472726, -8.0049299999999981]
  #311 objects/planets/geology/angular_01/angular_01_bld_l.cgf
    [0.85630954160158335, 0.2867639857123026, -0.42953557724677816, -11.107550000000629]
    [-0.49510519890865634, 0.69250031748545038, -0.52470427762351302, 32.971764999999778]
    [0.14698720228628251, 0.66197443564021952, 0.73497281281902316, -4.5736289999999995]
  #312 objects/planets/geology/angular_01/angular_01_bld_l.cgf
    [-0.087154648485092218, -0.9961951728047076, 0, -2.0932640000000902]
    [0.9961951728047076, -0.087154648485092218, 0, 45.153589000000011]
    [0, 0, 1.0000003775359094, -8.0960940000000008]
  #313 objects/planets/geology/scree/angular_01/angular_01_plt_e.cgf
    [-0.16676445967137582, 0.98385476597183918, 0.06495143354874712, -1.218738000000485]
    [0.455747845038528, 0.13532919420437495, -0.87976086818734922, 45.782322999999906]
    [-0.87434706552276931, -0.1171114124477964, -0.47095796026952358, -7.749007999999999]
  #314 objects/planets/geology/angular_01/angular_01_bld_l.cgf
    [-0.091856960352683661, 0.78690974196038588, 0.61019211454396383, -3.5899690000005648]
    [0.81061946385279937, -0.29679840010955794, 0.50478297745113798, 13.746583999999984]
    [0.57832295775526232, 0.541001689007784, -0.61062164130741337, -2.343837999999999]
  #315 objects/planets/flora/mushroom/armillaria_01/armillaria_01_med_hanging_a.cgf
    [0.87737671373357606, -0.39405561782552806, 0.27373476767833771, -4.7268700000004173]
    [-0.44620230787533194, -0.46037544494314792, 0.76743625202216459, 30.72388299999966]
    [-0.17639176120924585, -0.79547160259260119, -0.5797510904034251, -6.3465440000000006]
  #316 objects/planets/geology/scree/angular_01/angular_01_plt_e.cgf
    [-0.99878430782338323, -0.014120446128080322, -0.047205455205743187, 1.1648699999996097]
    [0.040103498977212118, 0.32363978687740008, -0.94532895505956482, 17.178658999999698]
    [0.02862606102526492, -0.94607385383244147, -0.3226804104359024, -3.0099759999999991]
  #317 objects/planets/geology/scree/angular_01/angular_01_grdc_b.cgf
    [-0.53115466342328133, -0.83896108490756272, 0.11840096241791941, 9.5293929999997999]
    [0.8455651459955249, -0.53375443899662556, 0.011204869299891399, 37.089556999999786]
    [0.053796596252281552, 0.10606725804500755, 0.99290252762773568, -8.2860209999999981]
  #318 objects/planets/flora/mushroom/armillaria_01/armillaria_01_small_hanging_a.cgf
    [0.050302531615601907, 0.45030625766486226, 0.89145642164246564, -15.605779000000439]
    [-0.63108843963964567, 0.70613900565485632, -0.3210852038207766, 27.597944999999982]
    [-0.7740785869231368, -0.54643627356472135, 0.31970355372820353, -1.1884629999999996]
  #319 objects/planets/geology/angular_01/angular_01_bld_l.cgf
    [0.96332503720800688, 0.25352388327989972, -0.087913963980381857, 3.5649229999999079]
    [0.24112228208718806, -0.67409642241954348, 0.69817792154300551, 33.871100999999726]
    [0.11774238632340785, -0.69377085961845086, -0.71050480404781036, -7.9603019999999995]
  #320 objects/planets/geology/scree/angular_01/angular_01_grdc_b.cgf
    [0.48828009173246872, 0.83264184011747455, -0.2613248051503585, 2.27055399999972]
    [-0.76661394067631106, 0.55233370799691828, 0.32746156515607722, 6.0829769999995733]
    [0.41699658711052356, 0.040442264767395666, 0.90800815262970769, -0.096614999999999895]
  #321 objects/planets/geology/scree/angular_01/angular_01_bld_h.cgf
    [0.48393886415447818, 0.51886281117533017, -0.70468687579625944, -22.146310000000085]
    [0.47574557955020619, -0.83186030844313918, -0.28578594219224529, 21.57493199999999]
    [-0.73448509397992379, -0.19694883699962426, -0.64941653528777932, -4.2476779999999996]
  #322 objects/planets/geology/scree/angular_01/angular_01_bld_h.cgf
    [-0.036516859397109122, -0.50904738810276307, -0.85996342524923552, -17.071879000000081]
    [0.47335215361260491, 0.7490674025643731, -0.46350359459948409, 27.37324099999978]
    [0.88011594393633807, -0.42399127373342121, 0.21360510796287241, -4.6501589999999995]
  #323 objects/planets/geology/angular_01/angular_01_bld_k.cgf
    [-0.81950813682817902, 0.51593913624995913, -0.24942291885644613, 7.0280290000000605]
    [-0.035352267963166532, 0.38889791212639907, 0.92060154365849534, 32.657097999999678]
    [0.57197482629490226, 0.76325866698137812, -0.30046559945448442, -7.8712659999999994]
  #324 objects/planets/geology/scree/angular_01/angular_01_grdc_a.cgf
    [0.99646292108644452, 0.0036347272517652631, 0.083954923505225626, 8.9456449999997858]
    [0.003634722413541765, 0.99626492694042146, -0.086272693620090629, 39.199050999999599]
    [-0.083954923714690544, 0.086272693416253127, 0.99272785126531959, -8.292072000000001]
  #325 objects/planets/geology/scree/angular_01/angular_01_bld_i.cgf
    [0.3731960803927819, -0.92198577162891493, 0.10328186814579245, -6.4227000000000771]
    [0.92662849382646306, 0.37590549030926229, 0.0074107070269804724, 34.442464999999629]
    [-0.045656782658778344, 0.09293826479751853, 0.99462463217440056, -8.61768]
  #326 objects/planets/geology/angular_01/angular_01_bld_k.cgf
    [-0.12187023539556469, -0.99254634492109051, 0, 1.5035939999997936]
    [0.99254634492109051, -0.12187023539556469, 0, 45.478038999999626]
    [0, 0, 1.0000003005457478, -7.9902550000000003]
  #327 objects/planets/geology/scree/angular_01/angular_01_grdc_b.cgf
    [0.94899351077977012, -0.27910107820842323, 0.14667629431783361, -1.9876160000003438]
    [0.28412691148604169, 0.9586833222554737, -0.014078937198542616, 45.206277999999656]
    [-0.13668666848423497, 0.055035501688756275, 0.98908436388741761, -8.1858450000000005]
  #328 objects/planets/flora/mushroom/armillaria_01/armillaria_01_small_b.cgf
    [0.23283344390854044, 0.62291953207844564, -0.74683306987680387, -2.5776640000003681]
    [-0.94735080913962288, -0.02829192352404224, -0.31894482562751153, 22.637314999999944]
    [-0.21980632868264408, 0.78177401717327, 0.58353607793569828, -1.8485810000000003]
  #329 objects/planets/flora/mushroom/armillaria_01/armillaria_01_small_hanging_a.cgf
    [0.9863720801548751, 0.16327390882630016, 0.020291856751068534, 7.619949999999335]
    [-0.16420167912920355, 0.96910028670227377, 0.18407186680098939, 29.421521999999641]
    [0.010389288954252248, -0.18489530624932615, 0.982703311109143, -7.1397109999999993]
  #330 objects/planets/flora/mushroom/armillaria_01/armillaria_01_small_hanging_a.cgf
    [-0.51092936396138089, 0.76177122258546692, -0.39831642462078443, 6.1553189999995084]
    [-0.59883080668338162, -0.64784303322236925, -0.47085162621806254, 28.100799999999708]
    [-0.61672768273280276, -0.0020477758438210971, 0.78717403196824509, -7.4389279999999998]
  #331 objects/planets/geology/scree/angular_01/angular_01_grdc_b.cgf
    [-0.97888216848397269, -0.16664739555149516, 0.1184011612399509, 5.8735289999995075]
    [0.16913448252421809, -0.9855295237133509, 0.011205976688833681, 35.487020999999913]
    [0.11482036512888433, 0.030995042316299824, 0.99290285542263901, -8.2393119999999982]
  #332 objects/planets/flora/mushroom/armillaria_01/armillaria_01_big_hanging_a.cgf
    [-0.8717823338923788, 0.29854186960823748, -0.38841742581108896, -2.71324900000036]
    [0.45225747432810381, 0.18569297605562718, -0.87234229395788565, 41.752982999999858]
    [-0.18830433212557593, -0.93615738687688621, -0.29690168030565001, -5.8187150000000001]
  #333 objects/planets/geology/angular_01/angular_01_bld_k.cgf
    [0.95363470405407635, 0.27203067180337753, 0.12876226143243294, 2.1765159999995376]
    [-0.041192412786362036, 0.54177705234826834, -0.8395119807512913, 42.612118000000009]
    [-0.29813351287607553, 0.79528390798149673, 0.52786311611358683, -7.8823250000000007]
  #334 objects/planets/flora/mushroom/armillaria_01/armillaria_01_med_b.cgf
    [0.19063036422953389, -0.98050060765248004, -0.047671743094015021, 7.6255979999996271]
    [0.8229217707414902, 0.1331395184913384, 0.55232924992107202, 29.692569999999705]
    [-0.53521378526360364, -0.14452127688268282, 0.83225823940336785, -7.7250469999999991]
  #335 objects/planets/geology/scree/angular_01/angular_01_bld_c.cgf
    [0.19942724186122784, -0.75634180462038103, 0.62303624566771221, -3.2310120000001916]
    [-0.36712719141655442, -0.64716825288374091, -0.66812363482405579, 37.250279999999748]
    [0.9085398803325726, -0.095491573824609724, -0.40673696512891871, -8.294785000000001]
  #336 objects/planets/geology/scree/angular_01/angular_01_grdc_b.cgf
    [-0.68147742816018375, -0.72219676853435932, 0.11840096599631147, 7.9194419999994352]
    [0.72818352044550672, -0.68528945094747529, 0.011206038276089228, 34.58160399999997]
    [0.073046025093216671, 0.093854367297350874, 0.99290184926781344, -8.2615930000000013]
  #337 objects/planets/geology/scree/angular_01/angular_01_grdc_a.cgf
    [-0.98858714916140134, -0.13340409817423574, 0.069976036991679119, -2.6704920000001948]
    [0.13769308692094795, -0.9886229011259442, 0.060524572144795487, 30.972984999999881]
    [0.061105752404517884, 0.069469105431473319, 0.99570978757037298, -5.0310890000000006]
  #338 objects/planets/flora/mushroom/armillaria_01/armillaria_01_med_hanging_a.cgf
    [-0.45988452231457083, -0.350428105363286, -0.81590855484812119, 4.1523129999995945]
    [0.87366777576547217, -0.3428602698926837, -0.34518379696254786, 36.933752999999797]
    [-0.15878049153427004, -0.87157752326913907, 0.46383378187398311, -3.8443560000000003]
  #339 objects/planets/geology/scree/angular_01/angular_01_plt_e.cgf
    [0.47326974153340379, 0.044684928627302528, -0.87978277476437139, -6.564436000000569]
    [0.22296968204785625, -0.97226759113576633, 0.070561845101661025, 42.426789999999983]
    [-0.85223177276255169, -0.22955981845751186, -0.47010851631657474, -7.749007999999999]
  #340 objects/planets/geology/scree/angular_01/angular_01_bld_d.cgf
    [0.94163799350389166, 0.33645257253362693, 0.010829841298605652, -10.315917000000809]
    [0.30669751694388397, -0.84421202298926312, -0.43959347490370654, 34.029739999999947]
    [-0.1387596920128627, 0.41725945946492826, -0.89813140530582447, -3.3755060000000006]
  #341 objects/planets/geology/scree/angular_01/angular_01_grdc_b.cgf
    [-0.88709231735732219, 0.42495337542336481, -0.18022624393581846, 6.9115669999991951]
    [-0.40712810520978054, -0.904309939462692, -0.12833506589621044, 38.188556999999946]
    [-0.21751684126802284, -0.040469888887660219, 0.97521703310571373, -8.1954269999999987]
  #342 objects/planets/geology/scree/angular_01/angular_01_grdc_b.cgf
    [0.3412711435505163, -0.93560064092817963, 0.090471364623299314, -5.1005400000003647]
    [0.82533075149791268, 0.34432311959353612, 0.44751576563017947, 38.160857999999735]
    [-0.44984750499909765, -0.078055432549275813, 0.88968769365318956, -5.1776259999999992]
  #343 objects/planets/flora/mushroom/armillaria_01/armillaria_01_med_hanging_a.cgf
    [-0.033895325913896927, 0.074207676037899836, -0.99666750840112517, 4.4990699999998469]
    [0.99882567022863278, 0.037083101560237017, -0.031207670135048698, 15.392474999999649]
    [0.034643642674747774, -0.99655399201447659, -0.075377407931668791, -0.179087]
  #344 objects/planets/geology/angular_01/angular_01_bld_l.cgf
    [-0.73577239643992043, -0.58614936092453573, -0.33921462187849144, -3.7802130000000034]
    [-0.27728941209396374, -0.19623104634936644, 0.94053315239845203, 12.170045999999729]
    [-0.61785776271646353, 0.78607948421755935, -0.018151636692467509, -2.2872739999999991]
  #345 objects/planets/flora/mushroom/armillaria_01/armillaria_01_small_hanging_a.cgf
    [0.80604858904032872, 0.5753404042740502, -0.13881299504617153, -5.3202080000000933]
    [-0.56499567624396996, 0.81785946826904965, 0.10902170548155632, 30.365017999999964]
    [0.17625411827680823, -0.009448050077160897, 0.98429933273269321, -4.7286250000000001]
  #346 objects/planets/geology/scree/angular_01/angular_01_plt_f.cgf
    [0.64288714902043909, 0.76564588217010665, 0.021965898840446706, 4.1939009999996415]
    [-0.7659599574728807, 0.64266719487419088, 0.016858948728175421, 44.590350999999828]
    [-0.0012087779168353096, -0.027663400370087493, 0.99961656604292526, -8.5388389999999994]
  #347 objects/planets/geology/scree/angular_01/angular_01_grdc_a.cgf
    [-0.8746206983226601, 0.4848095995357018, 0, -1.0142470000000685]
    [-0.4848095995357018, -0.8746206983226601, 0, 18.792783999999756]
    [0, 0, 1.0000008568678256, -5.4349599999999993]
  #348 objects/planets/geology/scree/angular_01/angular_01_grdc_a.cgf
    [0.55919214817975305, 0.82903787076925506, 0, 9.5096549999998388]
    [-0.82903787076925506, 0.55919214817975305, -0, 23.38010499999973]
    [-0, 0, 0.9999998248777382, -5.2388629999999994]
  #349 objects/planets/geology/angular_01/angular_01_bld_k.cgf
    [-0.20146300687732027, -0.97670273840016553, -0.073917521244241988, -12.799404000000322]
    [0.9764818975377173, -0.19435492266126758, -0.093320148434290665, 18.700222999999824]
    [0.076779834112963088, -0.090979707211426397, 0.99288817710487176, -4.2393109999999998]
  #350 objects/planets/flora/mushroom/armillaria_01/armillaria_01_big_hanging_a.cgf
    [0.87469747422860544, -0.045135891377627177, 0.4825629261907548, -5.5289350000002742]
    [-0.48127770614480719, 0.036692226125999185, 0.87579983327016542, 30.178519999999935]
    [-0.05723631707429655, -0.9983067312693048, 0.010371699778965389, -7.1511070000000005]
  #351 objects/planets/geology/scree/angular_01/angular_01_bld_i.cgf
    [-0.047492957789825728, -0.9977756488231897, -0.046770258013969002, 7.9282499999999345]
    [0.97766042511191964, -0.056031475675809399, 0.20258294686974063, 47.822103999999854]
    [-0.20475301118472175, -0.036104179922975474, 0.978147215945399, -7.8457739999999996]
  #352 objects/planets/flora/mushroom/armillaria_01/armillaria_01_med_hanging_a.cgf
    [-0.76446821906948759, -0.3579287914371494, -0.53616745364790286, -0.48765300000013667]
    [0.60416907182256396, -0.10766843935264105, -0.78954889391261662, 22.77064399999972]
    [0.22487394411980252, -0.92752072941035468, 0.29855857353004545, 0.98558199999999996]
  #353 objects/planets/flora/mushroom/armillaria_01/armillaria_01_med_b.cgf
    [-0.0090872122860955716, -0.81028084138458201, -0.58596551323376578, 7.4420860000000175]
    [0.99663741192554511, -0.055035506411569617, 0.060647870743518593, 49.441199999999753]
    [-0.081390993141550252, -0.58344601563509302, 0.80805906660114635, -5.4700999999999995]
  #354 objects/planets/flora/mushroom/armillaria_01/armillaria_01_med_hanging_a.cgf
    [-0.78235683404806111, -0.056714884690832842, -0.62023909817694944, 11.637826999999561]
    [0.58326694156454906, 0.28253700624136768, -0.76155620135132363, 46.193573000000015]
    [0.21843257982907904, -0.95757589505648399, -0.18796527900264481, -7.5091919999999996]
  #355 objects/planets/geology/angular_01/angular_01_bld_k.cgf
    [0.30593749540709519, -0.15603933015003157, -0.93917698135055716, -3.2871130000003177]
    [-0.42953001016527581, 0.85775079520112596, -0.2824304686956346, 21.240176999999676]
    [0.84965030760886173, 0.48981090915428499, 0.19539461098505514, -5.0841090000000007]
  #356 objects/planets/flora/mushroom/armillaria_01/armillaria_01_big_hanging_a.cgf
    [0.68463373307022535, 0.064619301612494628, 0.72601675763383144, -16.871047999999973]
    [-0.72607522693713766, -0.026941377633593347, 0.68708679361714498, 20.324920999999904]
    [0.063958981653963909, -0.99754591021868189, 0.028473507607429269, -3.2818859999999992]
  #357 objects/planets/geology/angular_01/angular_01_bld_k.cgf
    [-0.86667738024072993, 0.18722018435267596, 0.46240674062809956, 0.90735199999926408]
    [-0.35396649861763324, 0.4223840081416389, -0.83444624761027264, 42.007840999999644]
    [-0.35153820427334131, -0.88687170710618646, -0.29980083171852695, -7.8823250000000007]
  #358 objects/planets/geology/angular_01/angular_01_bld_k.cgf
    [0.48836503642712475, 0.588748999541155, -0.64410686131942219, 4.4738729999999123]
    [0.0065330406350586068, 0.73562605157038974, 0.67735594313104985, 21.733810999999605]
    [0.87261466446509439, -0.33500502959535139, 0.35540782148149735, -5.1561870000000001]
  #359 objects/planets/geology/scree/angular_01/angular_01_grdc_b.cgf
    [-0.77998000540111478, -0.57544389394609829, 0.24595909420913889, -5.9058030000005601]
    [0.5810937657059807, -0.81186122383570325, -0.056672291458777085, 36.632306999999855]
    [0.23229633350888559, 0.098722024299024727, 0.96762220690008083, -8.1157299999999992]
  #360 objects/planets/geology/scree/angular_01/angular_01_grdc_a.cgf
    [0.94551829805740839, -0.3255690594084843, 0, 10.697060999999849]
    [0.3255690594084843, 0.94551829805740839, 0, 42.13727499999959]
    [0, 0, 1.0000000322027511, -8.2712229999999991]
  #361 objects/planets/geology/scree/angular_01/angular_01_bld_d.cgf
    [-0.54463869812290422, -0.83867086401727953, 0, 0.027247999999417516]
    [0.83867086401727953, -0.54463869812290422, 0, 27.697740999999951]
    [0, 0, 1.0000000648222491, -5.3310529999999998]
  #362 objects/planets/geology/angular_01/angular_01_bld_k.cgf
    [-0.40673805017079778, 0.91354557557655713, 0, 4.6115190000000439]
    [-0.91354557557655713, -0.40673805017079778, -0, 44.854025999999976]
    [-0, 0, 1.0000006800558914, -7.8305029999999993]
  #363 objects/planets/flora/mushroom/armillaria_01/armillaria_01_small_b.cgf
    [-0.62333345409866259, 0.51825565279700214, 0.58554868627000145, -4.3036650000003647]
    [0.061642133216909908, 0.77906190182204815, -0.62390991432178966, 45.400115999999798]
    [-0.77952320880204717, -0.3528093141067955, -0.51756152819311574, -2.3350739999999996]
  #364 objects/planets/geology/scree/angular_01/angular_01_grdc_b.cgf
    [-0.36398839973515695, 0.92529885641687226, 0.10646750867995271, 4.4543889999995372]
    [-0.92672601793030118, -0.34834433005743759, -0.14084024510249107, 43.007320999999592]
    [-0.093231924692856308, -0.14993036137857849, 0.98429139698953072, -8.1789239999999985]
  #365 objects/planets/geology/scree/angular_01/angular_01_bld_i.cgf
    [1, 0, 0, 7.928541999999652]
    [0, 1, 0, 32.987270999999964]
    [0, 0, 1, -5.3079639999999992]
  #366 objects/planets/geology/scree/angular_01/angular_01_grdc_b.cgf
    [0.96722073779454754, 0.041550307531871868, 0.25051473062746671, -8.7167509999999311]
    [0.041550317263328015, 0.94733170459821447, -0.31754720363362088, 33.390838999999687]
    [-0.25051472901340971, 0.31754720490695926, 0.91455243542417497, -4.9028029999999996]
  #367 objects/planets/flora/mushroom/armillaria_01/armillaria_01_med_b.cgf
    [-0.22696535164500367, -0.93894961211976613, -0.25856441794049284, 11.7956609999992]
    [0.90758376321696277, -0.10762566053616257, -0.40583695385116925, 45.76590299999998]
    [0.3532331313307136, -0.32678057816584005, 0.87660482079213065, -8.0473910000000011]
  #368 objects/planets/flora/mushroom/armillaria_01/armillaria_01_small_b.cgf
    [0.21028558034473208, -0.10535439935780597, 0.97194658090153041, -6.6806180000003224]
    [-0.87277623192314036, 0.42772167775989123, 0.23519257270468447, 32.375457999999981]
    [-0.44050125377831084, -0.89774960194998665, -0.0020071147243366375, -7.5570549999999992]
  #369 objects/planets/geology/scree/angular_01/angular_01_grdc_b.cgf
    [0.9269661663339831, -0.02162266727546884, -0.37452129895528674, 0.80912799999987328]
    [-0.021622673799509724, 0.9935983201643257, -0.1108821662106797, 44.230681999999888]
    [0.3745212985786267, 0.11088216748290582, 0.92056447817871756, -5.0331459999999995]
  #370 objects/planets/flora/mushroom/armillaria_01/armillaria_01_small_a.cgf
    [-0.57670615124753821, 0.73484845797034504, 0.35693736540669746, -15.737254000000576]
    [-0.81115560280642562, -0.5670129919352912, -0.14324586871512385, 27.497209999999995]
    [0.097124286564240603, -0.37214316423496485, 0.92307792854351778, -0.67210599999999943]
  #371 objects/planets/geology/scree/angular_01/angular_01_bld_g.cgf
    [-0.91987849473127381, 0.39214218514020088, -0.0070974200036167832, -5.1265730000004623]
    [-0.39051354200276994, -0.91743760177909039, -0.076221599042499227, 31.441715999999815]
    [-0.03640110231421826, -0.067342893326713185, 0.99706680131022829, -5.5058189999999998]
  #372 objects/planets/geology/scree/angular_01/angular_01_grdc_a.cgf
    [0.83867094686910526, 0.54463850771132416, 0, 11.206816999999319]
    [-0.54463850771132416, 0.83867094686910526, -0, 46.849313999999595]
    [-0, 0, 1.0000000306021695, -8.3001100000000001]
  #373 objects/planets/flora/mushroom/armillaria_01/armillaria_01_med_hanging_a.cgf
    [0.94134161793120064, -0.33744351376094611, 0.0028979586417059553, 4.1865689999995084]
    [0.0052105683484579271, 0.023121114863585025, 0.99971937503376618, 34.808318999999756]
    [-0.33741572743591691, -0.94106208820730008, 0.0235231335234064, -3.5536810000000001]
  #374 objects/planets/flora/mushroom/armillaria_01/armillaria_01_small_b.cgf
    [-0.54281026766378315, 0.82813125812085642, -0.1398425508549008, -2.7250100000001112]
    [-0.21190871461720084, -0.29616812271598164, -0.93133208156051561, 41.362488999999641]
    [-0.81268198969567673, -0.47590268836992772, 0.33625127689604012, -7.6640839999999999]
  #375 objects/planets/geology/angular_01/angular_01_bld_k.cgf
    [0.9657528336396306, 0.10826371521868333, 0.23579613885886688, 5.4710869999998977]
    [0.21724079662416046, 0.1595155082091928, -0.96299565198371528, 6.4374109999998836]
    [-0.14187067144340423, 0.98124062157275604, 0.13053329834332256, 0.24868299999999977]
  #376 objects/planets/geology/angular_01/angular_01_bld_k.cgf
    [0.45174568895137029, -0.37842225818587583, 0.80791259894420198, 2.2183390000000145]
    [0.88848442965755969, 0.1088579199601219, -0.4458090533260371, 0.93532299999969837]
    [0.080756369899553135, 0.91920992612181851, 0.38539831466832913, -0.026752000000000109]
  #377 objects/planets/geology/scree/angular_01/angular_01_grdc_a.cgf
    [0.98180060501368149, 0.16015741382460011, -0.10206466237666852, 1.5386679999992339]
    [-0.16123778073998107, 0.98691275132430045, -0.002370622243995711, 1.7149029999995946]
    [0.10034924300209416, 0.018784157814331629, 0.99477495211650324, -0.29886299999999988]
  #378 objects/planets/geology/scree/angular_01/angular_01_bld_d.cgf
    [-0.29543130093709252, 0.95451329424044462, -0.040304265973069638, -14.785347000000002]
    [0.13172241539082852, -0.001087597311144452, -0.99128590160783159, 24.368600999999671]
    [-0.94623954050809966, -0.29816590107036001, -0.12540950414014559, -4.1427240000000003]
  #379 objects/planets/geology/angular_01/angular_01_bld_l.cgf
    [1, 0, 0, 13.047007999999551]
    [0, 1, 0, 27.23346199999969]
    [0, 0, 1, -4.9641390000000003]
  #380 objects/planets/flora/mushroom/armillaria_01/armillaria_01_small_hanging_a.cgf
    [0.22676947812768281, -0.95993499158436291, 0.16462063658962248, -16.3390330000002]
    [0.93607088732907739, 0.26149335804669593, 0.23535516960959457, 21.075412999999571]
    [-0.26897292792063099, 0.10072523963206349, 0.95786613282671773, -4.8926319999999999]
  #381 objects/planets/geology/scree/angular_01/angular_01_grdc_a.cgf
    [0.9229305365144308, -0.36875738449786155, 0.11053160102221375, -0.7936150000005]
    [0.37248110023127629, 0.92792773601726053, -0.014421004730310908, 22.368641999999909]
    [-0.097247485400577011, 0.054480517483133886, 0.99376799026487417, -5.2140999999999993]
  #382 objects/planets/geology/scree/angular_01/angular_01_grdc_a.cgf
    [-0.37728536530419743, -0.92473673360061648, -0.050181349233011326, -16.729749000000083]
    [0.92572328002925319, -0.37811876283945278, 0.0079404757128957396, 23.922610999999961]
    [-0.026317353458578021, -0.043458208342369624, 0.9987087774664406, -4.9336569999999993]
  #383 objects/planets/geology/scree/angular_01/angular_01_grdc_a.cgf
    [-0.95608795841666006, -0.28875051803631357, -0.050181929212909857, -9.9741540000004534]
    [0.28872368518249214, -0.9573791558281014, 0.007940876250069142, 25.263541999999688]
    [-0.050336083483025242, -0.0068965378805833245, 0.99870815976438176, -4.9751059999999994]
  #384 objects/planets/geology/scree/angular_01/angular_01_bld_c.cgf
    [-0.92278645654029079, 0.30676384010051544, -0.2331525836950257, 11.275031999999555]
    [0.33091351232409105, 0.32097720114217676, -0.8873944494751671, 32.166007999999692]
    [-0.19738396145131501, -0.89602935666460548, -0.39770590768564879, -3.4344779999999995]
  #385 objects/planets/geology/scree/angular_01/angular_01_grdc_a.cgf
    [0.94551829805740839, -0.3255690594084843, 0, 4.5138109999998051]
    [0.3255690594084843, 0.94551829805740839, 0, 44.211733999999979]
    [0, 0, 1.0000000322027511, -8.2823530000000005]
  #386 objects/planets/geology/angular_01/angular_01_bld_k.cgf
    [-0.13947937221941081, 0.58976149347165863, 0.79544163805873846, -3.3334500000000844]
    [-0.80884298605382388, -0.53126113151462284, 0.25206179414490298, 9.4167179999999462]
    [0.57124341803737577, -0.60822981263178189, 0.55112427490457616, -1.2684179999999996]
  #387 objects/planets/flora/mushroom/armillaria_01/armillaria_01_small_b.cgf
    [-0.72784874066830274, 0.66342390370766069, 0.1735145714461368, -3.1542509999999311]
    [0.26107116438566597, 0.50206304763370024, -0.82448584895943233, 45.391570999999658]
    [-0.63409812303866708, -0.55480067771888297, -0.53862616922016515, -3.4897959999999992]
  #388 objects/planets/flora/mushroom/armillaria_01/armillaria_01_small_b.cgf
    [-0.88615912625576632, 0.12943344748123864, 0.28954913888740758, 8.1726129999997283]
    [-0.19396390652526799, 0.45868123052485188, -0.79866091048289445, 27.773709999999937]
    [-0.25093768972152203, -0.81162074249062299, -0.40518115015372569, -7.5485359999999995]
  #389 objects/planets/geology/scree/angular_01/angular_01_bld_c.cgf
    [-0.59560468704216563, 0.75767054850687277, -0.26681564220818349, -2.5913020000007236]
    [0.49749553028051258, 0.087145932155929778, -0.86307819697166044, 41.942596999999751]
    [-0.63067697306353465, -0.64679294728857017, -0.42884219616713215, -8.294785000000001]
  #390 objects/planets/geology/scree/angular_01/angular_01_grdc_a.cgf
    [1, 0, 0, 14.502224999999271]
    [0, 1, 0, 40.225746999999956]
    [0, 0, 1, -8.2692230000000002]
  #391 objects/planets/flora/mushroom/armillaria_01/armillaria_01_small_hanging_a.cgf
    [-0.28182220732623559, 0.58801825721867007, -0.75816176407646585, 5.1963349999996353]
    [0.90184979292251899, 0.43204793498264177, -0.00014406629282802071, 15.350066999999854]
    [0.32747775853579758, -0.68378914800324619, -0.65206533921810084, -0.98770299999999978]
  #392 objects/planets/flora/mushroom/armillaria_01/armillaria_01_med_hanging_a.cgf
    [0.16942798606271106, 0.15205706172901606, -0.97374131274822695, -7.5146240000003672]
    [0.98477068957018965, 0.012967580309924058, 0.1733720492464893, 14.825178999999935]
    [0.03898952600064752, -0.98828630895849823, -0.14754431545471683, -3.5843979999999993]
  #393 objects/planets/geology/scree/angular_01/angular_01_plt_e.cgf
    [-0.037181721211484123, -0.98742291291681172, 0.15367132666974603, -3.4706280000000334]
    [-0.22682776607996061, -0.14142451970250933, -0.96361280385220027, 31.122922000000017]
    [0.97322559056404601, -0.070685658089904707, -0.21871637706735869, -4.4830029999999992]
  #394 objects/planets/flora/mushroom/armillaria_01/armillaria_01_small_hanging_a.cgf
    [-0.66400792235008976, -0.733926434482014, 0.14299248519843116, 7.1504369999993287]
    [0.62483694179926297, -0.439597549337857, 0.64523962508318056, 29.815642999999909]
    [-0.41069898735892946, 0.51779085196926466, 0.75048008527720544, -8.1300990000000013]
  #395 objects/planets/geology/scree/angular_01/angular_01_grdc_b.cgf
    [0.79863594915555935, -0.60144766969782504, 0.021003838802523548, 2.974515999999312]
    [0.60181430743156339, 0.79814941709115095, -0.027872697765219171, 46.108302999999978]
    [-2.3257784643912089E-07, 0.034900551931159415, 0.99939071007681179, -8.2664450000000009]
  #396 objects/planets/flora/mushroom/armillaria_01/armillaria_01_small_hanging_a.cgf
    [0.63856253344927461, 0.58573621518163066, -0.49915028977308024, -0.83542800000032003]
    [-0.60558687774519282, -0.017771271653501973, -0.79558076276871714, 22.67584799999986]
    [-0.47487099201644251, 0.8103069188952563, 0.34336609153031356, 0.28074300000000019]
  #397 objects/planets/geology/scree/angular_01/angular_01_grdc_b.cgf
    [0.93009429866236748, -0.36381691084233109, 0.050614486579567491, 8.0672799999993003]
    [0.36380732118502873, 0.93142339463159207, 0.0097297613509357422, 32.063876999999593]
    [-0.050683369252085761, 0.0093643253316033296, 0.99867085707111325, -5.1751259999999997]
  #398 objects/planets/flora/mushroom/armillaria_01/armillaria_01_small_hanging_a.cgf
    [-0.12106062938392111, -0.50564869300510162, 0.85420335882321352, -14.558060000000296]
    [0.19541856995996476, -0.85583242371365253, -0.47891763382096902, 28.016082999999981]
    [0.97321917442959871, 0.10894914745928909, 0.20242079127382837, -4.728108999999999]
  #399 objects/planets/flora/mushroom/armillaria_01/armillaria_01_small_hanging_a.cgf
    [0.21385097519452281, -0.56252441167338829, -0.79864574556450341, 12.99565099999927]
    [0.1650392374378902, -0.78500145328329285, 0.5971061452350489, 30.925261999999748]
    [-0.96282438208776833, -0.25949948909978238, -0.075034689595417287, -4.6493259999999994]
  #400 objects/planets/flora/mushroom/armillaria_01/armillaria_01_big_hanging_a.cgf
    [0.96798820130197194, -0.39973316987364149, -1.2869237506214886, 17.752152999999453]
    [1.3475166320470671, 0.30191599298040456, 0.9197859340139537, 37.384626999999909]
    [0.01258067436340711, -1.5817776806353547, 0.5007809906008166, -4.7194069999999995]
  #401 objects/planets/geology/scree/angular_01/angular_01_grdc_b.cgf
    [0.87795582697668051, 0.4015780254347297, 0.26063157730083197, -5.1845240000002377]
    [-0.42842907436937866, 0.90199563643926672, 0.053409398051300898, 38.82467699999961]
    [-0.21364048734585248, -0.15855322466966262, 0.96395994773339044, -8.1859359999999981]
  #402 objects/planets/geology/scree/angular_01/angular_01_grdc_a.cgf
    [-0.3731836998238508, 0.92365446503341575, -0.087155372062994146, -4.173413000000437]
    [-0.92264654623446984, -0.37933362814182442, -0.069491386172580216, 21.126836999999796]
    [-0.097247007034708469, 0.054480558499495742, 0.99376787623579199, -5.1395899999999992]
  #403 objects/planets/geology/angular_01/angular_01_bld_k.cgf
    [0.84469918533075283, -0.40135434305659928, 0.35411521931767115, -4.4901880000006713]
    [-0.0072385365700892157, -0.670105059395257, -0.74223070800286683, 44.537566999999854]
    [0.53519202239114161, 0.6243985198763039, -0.56894252652301802, -7.989446]
  #404 objects/planets/flora/mushroom/armillaria_01/armillaria_01_small_a.cgf
    [0.95828807146297978, 0.28512768090783963, -0.019650928348462951, -4.6039100000007238]
    [-0.27732525449448259, 0.94428182046329812, 0.17726400671079964, 31.141656999999668]
    [0.069098890182185305, -0.16442028596165725, 0.98396712051417323, -8.08202]
  #405 objects/planets/flora/mushroom/armillaria_01/armillaria_01_small_b.cgf
    [0.52200038784245473, 0.81557872886625171, -0.24969301994625495, -2.4716340000004493]
    [-0.33523431337155357, -0.073008999831406046, -0.939301502808638, 41.524871999999959]
    [-0.78430429192200313, 0.57402151097425957, 0.23529928752165463, -6.8766290000000003]
  #406 objects/planets/geology/scree/angular_01/angular_01_plt_e.cgf
    [0.36998915275858774, 0.42978182328307329, 0.82364742827585957, -4.6555630000002566]
    [0.099801772410104045, 0.8630439841920754, -0.49517084169269115, 30.09933299999966]
    [-0.92365962776001098, 0.26540938305629586, 0.27642399736797857, -4.4830029999999992]
  #407 objects/planets/geology/scree/angular_01/angular_01_plt_e.cgf
    [-0.10452896986161286, -0.99452144831631539, 0, 1.1032109999996464]
    [0.99452144831631539, -0.10452896986161286, 0, 37.597788999999921]
    [0, 0, 0.99999960835067914, -4.9258730000000002]
  #408 objects/planets/flora/mushroom/armillaria_01/armillaria_01_small_b.cgf
    [-0.053948495385656707, -0.99838729016844707, 0.017651426671606081, -15.405716000000211]
    [0.97147833969459219, -0.048390291737331385, 0.23213661787324405, 20.600066999999854]
    [-0.23090818421545034, 0.02967141188914443, 0.97252260229088894, -4.8787370000000001]
  #409 objects/planets/geology/scree/angular_01/angular_01_grdc_b.cgf
    [-0.99984782088827373, -0.017453335214800372, 0, 3.606815999999526]
    [0.017453335214800372, -0.99984782088827373, 0, 31.247160999999778]
    [0, 0, 1.0000001419225648, -5.4088559999999992]
  #410 objects/planets/flora/mushroom/armillaria_01/armillaria_01_small_a.cgf
    [0.80770083376333046, 0.57582301046147799, 0.12667774555750461, -5.3361880000002202]
    [-0.58225684011132572, 0.81281008749313299, 0.017797788385359298, 30.477789999999914]
    [-0.092716572089488469, -0.08813427114872284, 0.99178425827772065, -4.6177710000000003]
  #411 objects/planets/geology/scree/angular_01/angular_01_plt_f.cgf
    [0.17830841683562795, -0.98317765198044915, 0.039593554863923061, -5.9861250000003565]
    [0.97873864710155101, 0.17307041698354206, -0.11007782651355451, 30.077270999999655]
    [0.10137359424612144, 0.05837955006963845, 0.99313395822430184, -5.3152199999999992]
  #412 objects/planets/flora/mushroom/armillaria_01/armillaria_01_small_b.cgf
    [-0.90537596088768257, -0.42420603129592177, -0.018557609602588603, -1.3588410000002114]
    [-0.0029723940422285975, -0.037372020948940585, 0.99929738783764588, 45.320281999999679]
    [-0.42460135036956292, 0.90479464381573804, 0.032574809316221975, -6.3099440000000007]
  #413 objects/planets/geology/scree/angular_01/angular_01_grdc_b.cgf
    [-0.9260511320582947, -0.22494875574091197, -0.30302715733430302, -3.3685680000007778]
    [0.11794531233387927, -0.93522934969540095, 0.33381591745260308, 14.494856999999683]
    [-0.35849170714251755, 0.27339023526248152, 0.89260269725735808, -2.8680469999999998]
  #414 objects/planets/flora/mushroom/armillaria_01/armillaria_01_big_hanging_a.cgf
    [0.55070484121153684, 0.029496035650315028, 0.83417898874121454, -6.441634000000704]
    [-0.82189939496946229, 0.19351416392677737, 0.53575561258728421, 32.061561999999867]
    [-0.14562275208645084, -0.9806542080421925, 0.13081193307237829, -7.5914949999999992]
  #415 objects/planets/geology/scree/angular_01/angular_01_grdc_b.cgf
    [0.98603611745220177, 0.015893400368917711, 0.16577139007579755, 11.517624000000069]
    [0.015893384900102701, 0.98191045596924764, -0.188677597074593, 29.914519999999811]
    [-0.16577139155887585, 0.18867759577156626, 0.96794658398986888, -8.0585330000000006]
  #416 objects/planets/flora/mushroom/armillaria_01/armillaria_01_small_hanging_a.cgf
    [0.55481792472788849, -0.31760168792743337, -0.76896398131539268, -2.4789980000005016]
    [0.8283156576752535, 0.12431835117122579, 0.54629432099026531, 23.008001999999578]
    [-0.077907688868213948, -0.94003908520967805, 0.33204860582074508, -1.8996699999999995]
  #417 objects/planets/geology/scree/angular_01/angular_01_grdc_b.cgf
    [0.96016497733759787, -0.23849693146553369, -0.14561035369128672, 2.8252409999995507]
    [0.23646152334816964, 0.97113372898608163, -0.031387474057938375, 7.4067079999999805]
    [0.14889294609362833, -0.0042940928493989932, 0.98884396974267263, -0.29656899999999986]
  #418 objects/planets/geology/scree/angular_01/angular_01_grdc_c.cgf
    [0.99936203504468302, -0.0060566619270463855, 0.035197162861166663, 8.6073309999992489]
    [0.0071516262085032844, 0.99949171006144055, -0.031067286280837322, 38.247867999999926]
    [-0.034991108438400059, 0.03129918338524379, 0.99889738410183726, -8.2429619999999986]
  #419 objects/planets/geology/angular_01/angular_01_bld_l.cgf
    [0.46947216637914935, 0.88294771747470857, 2.7913051895730797E-07, 12.570867999999791]
    [0.77959636941329635, -0.4145190685270902, -0.46947228823823911, 25.924961999999596]
    [-0.41451920654112384, 0.22040430311643944, -0.88294765268099651, -5.143978999999999]
  #420 objects/planets/geology/scree/angular_01/angular_01_grdc_a.cgf
    [1.0000000005679703, -0, 0, 12.711964999999509]
    [0, 0.99756411930375677, 0.069755494505169907, 31.202430999999706]
    [-0, -0.069755494505169907, 0.99756411930375677, -8.2706780000000002]
  #421 objects/planets/geology/scree/angular_01/angular_01_bld_h.cgf
    [-0.20801688638733298, 0.29332064360819432, 0.93310837304323324, 7.0794479999995019]
    [0.1304675983809668, 0.95377250718099094, -0.27073136344129989, 49.381339999999909]
    [-0.96938456846744669, 0.065423737369223328, -0.23666971466205963, -7.5850689999999998]
  #422 objects/planets/geology/angular_01/angular_01_bld_l.cgf
    [0.89365838424635891, -0.12990313722667371, -0.42953473524486852, -9.2992290000001958]
    [-0.12990327854837982, 0.84131504925922318, -0.52470405724499314, 33.773213999999825]
    [0.42953469250526594, 0.52470409223260583, 0.73497332271708193, -4.3652220000000002]
  #423 objects/planets/geology/scree/angular_01/angular_01_grdc_b.cgf
    [-0.86634533889837384, -0.46633560441413507, 0.17881586544728267, -0.97505200000068726]
    [0.49419726987439644, -0.74865984803392072, 0.44190015422198636, 46.609099999999671]
    [-0.072201579821014689, 0.47120886229826542, 0.87906051889151482, -8.1632759999999998]
  #424 objects/planets/flora/mushroom/armillaria_01/armillaria_01_small_hanging_a.cgf
    [0.01347223642651856, -0.83960826839992886, -0.54302650759678039, 13.414107999999942]
    [0.37107384386436043, -0.50009663073191213, 0.78243779037245698, 31.229217999999946]
    [-0.92850634608386584, -0.21204397901774455, 0.30481904421627931, -4.118735]
  #425 objects/planets/geology/scree/angular_01/angular_01_plt_f.cgf
    [0.93941219665503184, -0.29799305252461783, 0.16942533717587774, -7.5199700000002849]
    [0.29559588008982823, 0.95448368919222204, 0.039800027566041452, 21.450460000000021]
    [-0.17357384567963971, 0.012692799825024702, 0.98473909863623998, -5.2823090000000006]
  #426 objects/planets/flora/mushroom/armillaria_01/armillaria_01_small_hanging_a.cgf
    [0.71701372520406237, -0.67787801920250645, -0.16239565806316167, 5.4561009999997623]
    [0.69668896235502054, 0.70450192411720791, 0.13528181494393218, 28.020232999999735]
    [0.022703488902935803, -0.21013821833242496, 0.97740785836537869, -8.2654600000000009]
  #427 objects/planets/geology/scree/angular_01/angular_01_grdc_a.cgf
    [-0.76117477087925189, 0.62440106620897606, -0.17531767747446456, 3.0893969999997353]
    [-0.62670052489666106, -0.77772139185094469, -0.048947932466113148, 36.823106999999709]
    [-0.1669114484156079, 0.072613748805246431, 0.98329437261345098, -4.6514459999999991]
  #428 objects/planets/flora/mushroom/armillaria_01/armillaria_01_small_b.cgf
    [0.97665309139387568, -0.21434699758590067, -0.014287151294754056, 11.59721399999944]
    [0.21284373902200579, 0.97452037727943031, -0.070764369718896325, 45.534636999999748]
    [0.029091249979015764, 0.066071309117424454, 0.99739074603767586, -8.1710379999999994]
  #429 objects/planets/geology/angular_01/angular_01_bld_k.cgf
    [-0.69575698826817989, -0.70868944129870504, -0.11697280895903074, 4.9756199999992532]
    [0.074805254632841586, -0.23345872533156217, 0.96948560918351068, 26.052558999999746]
    [-0.71437212720216936, 0.66577582437809812, 0.2154441099644081, -7.7816959999999993]
  #430 objects/planets/geology/scree/angular_01/angular_01_plt_f.cgf
    [-0.80569915201135933, -0.59216087265534534, 0.013959847982790284, 6.9757540000000517]
    [-0.59215978368360034, 0.8058074295718789, 0.0046558614691165189, 44.976490000000013]
    [-0.014005964709169812, -0.0045152357953608018, -0.99989196696930416, -8.5379289999999983]
  #431 objects/planets/flora/mushroom/armillaria_01/armillaria_01_med_b.cgf
    [0.80770083376333046, 0.57582301046147799, 0.12667774555750461, 3.7437270000000353]
    [-0.58225684011132572, 0.81281008749313299, 0.017797788385359298, 35.339478999999756]
    [-0.092716572089488469, -0.08813427114872284, 0.99178425827772065, -4.5034199999999993]
  #432 objects/planets/geology/scree/angular_01/angular_01_plt_e.cgf
    [0.73447399248613066, -0.67446504220688919, 0.075136159845936912, 2.9481419999992795]
    [-0.21629194543119565, -0.33759126710753001, -0.91610616853527005, 17.638455999999678]
    [0.64324671007096768, 0.65660461811324722, -0.39383324741479714, -4.834547999999999]
  #433 objects/planets/flora/mushroom/armillaria_01/armillaria_01_med_a.cgf
    [0.80770083376333046, 0.57582301046147799, 0.12667774555750461, 3.1718489999993835]
    [-0.58225684011132572, 0.81281008749313299, 0.017797788385359298, 34.848804999999629]
    [-0.092716572089488469, -0.08813427114872284, 0.99178425827772065, -4.5034199999999993]
  #434 objects/planets/flora/mushroom/armillaria_01/armillaria_01_small_b.cgf
    [0.81208453028555561, -0.55919521870852951, 0.16678952012090859, 7.9721620000000257]
    [0.35405197660388704, 0.24495935526812146, -0.90257489058097629, 27.748586999999588]
    [0.46385906751029848, 0.79201953424009719, 0.39691201020922784, -6.6972409999999991]
  #435 objects/planets/geology/scree/angular_01/angular_01_bld_d.cgf
    [0.2720015977868806, -0.95643775671080256, 0.10602357848915255, -15.569794000000002]
    [-0.34539226041301457, 0.0058022769596270665, 0.93843996658557005, 23.627345999999761]
    [-0.89817502086421108, -0.29187703228644984, -0.32876812615501899, -3.8174819999999992]
  #436 objects/planets/flora/mushroom/armillaria_01/armillaria_01_small_hanging_a.cgf
    [-0.78431102454542112, 0.58960404718483894, -0.19293652475088144, 4.9502409999995507]
    [-0.18695167207950816, 0.071909736640248009, 0.97973429068609397, 34.863006999999925]
    [0.59152895731854527, 0.80448572118016215, 0.053827830478724414, -2.453860999999999]
  #437 objects/planets/geology/angular_01/angular_01_bld_k.cgf
    [-0.44355953318338254, -0.01972762116119111, 0.89602808596161709, 14.898136999999224]
    [-0.87975894626908169, -0.18129225391079948, -0.43949730884049354, 39.793748999999934]
    [0.17111313897019623, -0.98323166597798395, 0.06305833835825031, -8.0774550000000005]
  #438 objects/planets/flora/mushroom/armillaria_01/armillaria_01_med_hanging_a.cgf
    [0.32061039570951133, 0.096778253719197946, 0.9422541780886442, -6.6947780000000421]
    [-0.9230727819280502, 0.25506501604164961, 0.28788620878870991, 32.135711999999785]
    [-0.2124749533052171, -0.96206850044796133, 0.17110986826951349, -6.7696209999999999]
  #439 objects/planets/geology/angular_01/angular_01_bld_k.cgf
    [0.96575351689949329, -0.11642743111722928, -0.23187410566457053, 3.0603719999999157]
    [0.21724071516313589, -0.12581026604849951, 0.967976782588434, 7.9376249999995707]
    [-0.14187113614019883, -0.98519908304783255, -0.096208889870118386, -0.072396999999999601]
  #440 objects/planets/geology/scree/angular_01/angular_01_grdc_a.cgf
    [1, 0, 0, -5.5443270000005214]
    [0, 1, 0, 43.709650999999667]
    [0, 0, 1, -8.2905440000000006]
  #441 objects/planets/flora/mushroom/armillaria_01/armillaria_01_big_hanging_a.cgf
    [-0.63316964348621074, 2.0682702334309643E-05, 0.77401123166701613, 8.2377879999994548]
    [-0.76627249154575705, -0.14107147152112712, -0.6268352999233866, 27.892923999999766]
    [0.10917809246695606, -0.98999799196867577, 0.089338147676046351, -6.7365389999999996]
  #442 objects/planets/geology/scree/angular_01/angular_01_bld_i.cgf
    [-0.97437035314759157, 0.22003514490219764, -0.046770120840071011, 8.6616749999993772]
    [-0.22495090396690073, -0.95307782933788043, 0.20258389945293351, 43.243020999999771]
    [1.2422850133777123E-08, 0.20791267522917156, 0.97814764415579791, -7.8457739999999996]
  #443 objects/planets/geology/scree/angular_01/angular_01_bld_i.cgf
    [-0.10747899150531273, 0.54902701136431697, -0.82886482381643167, 11.550307999999859]
    [-0.86647936670895942, 0.35707061977259047, 0.34887443091424164, 39.988112000000001]
    [0.48750493580631432, 0.75569120827918979, 0.43734314248299, -5.520416]
  #444 objects/planets/geology/scree/angular_01/angular_01_grdc_b.cgf
    [1, 0, 0, 3.9459319999996296]
    [0, 1, 0, 45.910729999999603]
    [0, 0, 1, -8.2398769999999999]
  #445 objects/planets/geology/angular_01/angular_01_bld_l.cgf
    [0.95630440337473599, 0.29237290147688572, 0, 2.1820389999993495]
    [-0.29237290147688572, 0.95630440337473599, -0, 47.988194999999905]
    [-0, 0, 1.0000000127159612, -8.0960940000000008]
  #446 objects/planets/geology/scree/angular_01/angular_01_grdc_b.cgf
    [0.99993226433231319, 0.0036889729502605504, 0.011038944589449049, 5.4337419999992562]
    [-0.0037788406434371615, 0.99995980108701621, 0.008131214253123905, 29.030603999999585]
    [-0.011008505006048183, -0.0081723778920791412, 0.99990600814723818, -8.2857580000000013]
  #447 objects/planets/geology/scree/angular_01/angular_01_grdc_b.cgf
    [0.99923934473428255, -0.0017367312535498151, -0.038957898299191301, 11.127975999999762]
    [-0.0017367324305807071, 0.99603469196939864, -0.08894873970003904, 29.509002999999666]
    [0.038957898246719608, 0.088948739723020656, 0.99527403563351335, -8.1875099999999996]
  #448 objects/planets/geology/scree/angular_01/angular_01_bld_f.cgf
    [-0.1896157734878342, -0.20664843185154871, 0.95986625037260331, 4.3199899999999616]
    [0.91836878951319989, 0.30850741774948609, 0.2478363859243814, 28.980966999999964]
    [-0.34734069649139176, 0.92850446059956815, 0.1312815362266718, -6.0045290000000007]
  #449 objects/planets/flora/mushroom/armillaria_01/armillaria_01_small_b.cgf
    [0.2646270701140675, 0.52139939754417008, -0.81124274783350825, -2.5477730000002339]
    [-0.92396441347719072, -0.10381372296238506, -0.36811966459492557, 21.834054999999807]
    [-0.27615555453337459, 0.84697402148726253, 0.45428265489131198, -2.7161129999999991]
  #450 objects/planets/flora/mushroom/armillaria_01/armillaria_01_small_hanging_a.cgf
    [0.43270868171560239, -0.018420135855017374, -0.90134568338750476, 7.3809049999999843]
    [0.071612037393545408, 0.99733442051007537, 0.013996976974953723, 48.956023999999616]
    [0.89868518317959967, -0.070603809098196912, 0.43287433427327893, -5.2620019999999998]
  #451 objects/planets/flora/mushroom/armillaria_01/armillaria_01_big_hanging_a.cgf
    [0.65269313797638229, -0.23028702059779096, -0.72177550389732659, 13.451705999999831]
    [0.72032515580186895, -0.10660746838701295, 0.68539538942615419, 31.354949999999917]
    [-0.23478428354781422, -0.96726576393037345, 0.096299555402062656, -6.1419550000000003]
  #452 objects/planets/flora/mushroom/armillaria_01/armillaria_01_big_hanging_a.cgf
    [-0.3287793646381077, -0.4363991676854474, -0.8375316408469432, 4.6831509999992704]
    [0.9444064142963654, -0.15200703013735245, -0.29153000019357589, 36.333465999999589]
    [-8.7247959591735499E-05, -0.88681958865399058, 0.46211509730317479, -3.3731549999999997]
  #453 objects/planets/flora/mushroom/armillaria_01/armillaria_01_med_a.cgf
    [0.95912974614177482, 0.28285478961111515, -0.0079560945064026129, -3.7377470000001267]
    [-0.28283473508290496, 0.95916203103496067, 0.0035654216020273317, 31.062224999999671]
    [0.0086396803370233834, -0.0011694420332211801, 0.99996199413214371, -8.1836880000000001]
  #454 objects/planets/geology/scree/angular_01/angular_01_grdc_b.cgf
    [1, 0, 0, 16.539687999999842]
    [0, 1, 0, 40.441175999999814]
    [0, 0, 1, -5.2453110000000001]
  #455 objects/planets/geology/scree/angular_01/angular_01_grdc_b.cgf
    [-0.77236199894628166, -0.62074381869014139, 0.13465752510636678, 1.939010999999482]
    [0.58848548957020896, -0.7790980893044438, -0.2160777423372508, 41.822967999999946]
    [0.23904051136805735, -0.087646298987651444, 0.96704516705516519, -8.1835009999999997]
  #456 objects/planets/geology/scree/angular_01/angular_01_bld_f.cgf
    [0.76429172371704979, 0.59573396661629963, -0.24689878451790481, 3.8581919999996899]
    [-0.63108737806542592, 0.76969955539368851, -0.096390473556534018, 30.113945999999942]
    [0.13261481826445895, 0.22948516981616962, 0.9642352796544611, -6.1167880000000006]
  #457 objects/planets/flora/mushroom/armillaria_01/armillaria_01_big_hanging_a.cgf
    [0.040006235944568425, -0.50871487831993067, -0.86000433645633523, 5.9564869999994698]
    [0.9819120408274965, 0.17942293268333642, -0.060456102814419925, 28.995184999999765]
    [0.18505953157225991, -0.84203050352434672, 0.50669160834871418, -7.4839820000000001]
  #458 objects/planets/geology/scree/angular_01/angular_01_bld_h.cgf
    [0.15496167078887549, -0.052797617170201379, -0.98650863486430151, -6.6546790000002147]
    [-0.12317096136120112, 0.98974689161441287, -0.072318733889107714, 16.193455999999969]
    [0.98021211445178347, 0.1327158491481516, 0.14686969912547443, -3.1477999999999993]
  #459 objects/planets/geology/scree/angular_01/angular_01_grdc_a.cgf
    [0.069757417386184975, 0.99756396088222321, 0, 7.3972869999997783]
    [-0.99756396088222321, 0.069757417386184975, -0, 48.50981499999989]
    [-0, 0, 0.99999997666570961, -8.2263529999999996]
  #460 objects/planets/flora/mushroom/armillaria_01/armillaria_01_big_hanging_a.cgf
    [0.31174463892548421, 0.60063750168728525, -0.73624022028289782, 5.0259249999999156]
    [0.94012210112114536, -0.082617882627048653, 0.33067281525387016, 15.699187999999594]
    [0.13778789997280722, -0.79524126359942737, -0.59042833399490935, -0.60250199999999943]
  #461 objects/planets/geology/scree/angular_01/angular_01_grdc_b.cgf
    [0.26631033235538037, -0.96331715342212709, 0.033154777463891658, -0.34370400000079826]
    [0.86406832719086235, 0.25383369146123058, 0.43468926084039944, 6.7660829999999805]
    [-0.42715934180534421, -0.08711423228771599, 0.89997020934393723, -0.50274099999999944]
  #462 objects/planets/flora/mushroom/armillaria_01/armillaria_01_med_hanging_a.cgf
    [-0.4369145085685312, 0.12382772917108795, 0.89093888853657632, -15.356608000000051]
    [-0.89941730889599136, -0.046479999585167527, -0.43461225421402411, 27.573296999999911]
    [-0.012406211216620134, -0.99121440694888729, 0.13168060903699583, -2.2709660000000005]
  #463 objects/planets/geology/scree/angular_01/angular_01_grdc_a.cgf
    [0.081045200624681318, 0.99651369604944118, 0.019822879577111693, 4.8324020000000019]
    [-0.98558331838124169, 0.083088088184389203, -0.14738626002319427, 31.646769999999833]
    [-0.1485194111807161, -0.0075921473172407836, 0.98888076192976271, -5.1757680000000006]
  #464 objects/planets/flora/mushroom/armillaria_01/armillaria_01_small_b.cgf
    [0.4275303288685407, 0.37061010066501898, -0.82453895813420308, -3.9281770000006873]
    [-0.037991302104634299, -0.90392794502229223, -0.42599231621073319, 41.550506999999925]
    [-0.90320152854186819, 0.21345010140839787, -0.37237692644253989, -7.9640099999999991]
  #465 objects/planets/geology/scree/angular_01/angular_01_grdc_b.cgf
    [0.61902302635713746, -0.78536586024701616, 0.0032685026001220631, 2.8391339999998308]
    [0.77648697973685499, 0.61138986176948018, -0.15254550775347311, 31.025895999999648]
    [0.11780572078604534, 0.096967144925960647, 0.98829090336100944, -5.37371]
  #466 objects/planets/geology/scree/angular_01/angular_01_grdc_b.cgf
    [-0.96814104736518647, -0.23180658251459499, -0.094695645325283573, -0.34175099999993108]
    [0.18855847065219108, -0.92372531907854105, 0.33343047637038542, 12.6864929999997]
    [-0.16476425609328751, 0.3049522712330236, 0.93800612829441232, -2.4758399999999989]
  #467 objects/planets/geology/scree/angular_01/angular_01_bld_h.cgf
    [-0.77279451494266116, 0.58350378920872581, -0.24961982703348803, -1.6910130000005665]
    [-0.42959700462870676, -0.1914330183803396, 0.88249527221536317, 17.749884999999722]
    [0.46715430393309282, 0.78922418858489374, 0.39861024681251722, -5.3767290000000001]
  #468 objects/planets/geology/scree/angular_01/angular_01_grdc_a.cgf
    [-0.74314319910784021, -0.66913226767251299, 0, 17.972163999999793]
    [0.66913226767251299, -0.74314319910784021, 0, 37.891987999999856]
    [0, 0, 0.99999990301039265, -5.187568999999999]
  #469 objects/planets/geology/scree/angular_01/angular_01_grdc_b.cgf
    [0.46947173665147585, -0.88294727236291981, 0, 12.287264999999934]
    [0.88294727236291981, 0.46947173665147585, 0, 37.811365999999907]
    [0, 0, 0.99999979864381616, -5.2111980000000004]
  #470 objects/planets/geology/scree/angular_01/angular_01_bld_i.cgf
    [-0.43545422947622692, -0.89426621813410057, 0.10328230880120361, -6.2204220000003261]
    [0.89938637196458382, -0.43709141971927917, 0.0074118086913216447, 35.343817999999828]
    [0.038515686824425743, 0.096118219333416119, 0.99462431096194559, -8.2878399999999992]
  #471 objects/planets/geology/scree/angular_01/angular_01_bld_g.cgf
    [-0.20777574558892006, 0.96312105846349594, -0.17095748020309207, 0.9526529999993727]
    [-0.77088991485121616, -0.26880820955129253, -0.57746885578945295, 31.979278999999678]
    [-0.60212737230084468, 0.011805378869422168, 0.79831237889944828, -8.157667]
  #472 objects/planets/geology/scree/angular_01/angular_01_grdc_a.cgf
    [-0.0662749716884386, 0.99522637180357798, 0.07163951323722377, -11.695183000000725]
    [-0.99779083337516228, -0.066434566082709118, -0.00015532026363608103, 35.070357999999942]
    [0.0046047608709691695, -0.071491539069821725, 0.99743063863169568, -4.9600230000000005]
  #473 objects/planets/geology/scree/angular_01/angular_01_grdc_a.cgf
    [0.3219413959919053, -0.94542855867811793, -0.050181663402031534, -13.339767000000393]
    [0.94671989033894, 0.32195965107917185, 0.0079406342818552165, 24.6681609999996]
    [0.0086491700528706066, -0.050064407236973175, 0.99870834999243008, -4.9751059999999994]
  #474 objects/planets/geology/scree/angular_01/angular_01_grdc_b.cgf
    [-0.38961213068976108, 0.915457021369246, 0.10069656204166613, 2.816939999999704]
    [-0.86059510370708281, -0.32294658355845568, -0.393802665817787, 42.167693999999756]
    [-0.32798997401850377, -0.24008938784450259, 0.91366220823106803, -8.1566159999999996]
  #475 objects/planets/geology/angular_01/angular_01_bld_l.cgf
    [0.80901703419719906, 0.58778498732645268, 0, 12.681968999999299]
    [-0.58778498732645268, 0.80901703419719906, -0, 43.604058999999779]
    [-0, 0, 0.99999987647378741, -8.0482410000000009]
  #476 objects/planets/geology/angular_01/angular_01_bld_k.cgf
    [0.22534872768737116, -0.93706789935483281, 0.26668967199858062, -6.8996740000002319]
    [-0.96593851048260082, -0.17914582310442892, 0.18673844342608667, 16.798090999999658]
    [-0.12721015336302466, -0.29968684369732362, -0.9455194608353642, -4.7514270000000005]
  #477 objects/planets/flora/mushroom/armillaria_01/armillaria_01_small_hanging_a.cgf
    [-0.71959978702041516, 0.57708196380277355, -0.38620399839197406, -3.9417030000004161]
    [-0.59111305539630177, -0.80092972626782311, -0.095382934117372253, 41.260174000000006]
    [-0.36436585605742755, 0.15965260860482314, 0.91746909610376182, -8.0993840000000006]
  #478 objects/planets/geology/scree/angular_01/angular_01_grdc_a.cgf
    [0.05668513003394831, 0.99810004494852067, 0.024157943756302529, -0.55260200000066106]
    [-0.99818381516954502, 0.056162156877500743, 0.021803513665830235, 45.299728999999843]
    [0.020405320540080304, -0.025349997009177318, 0.99947061511833779, -5.2139079999999991]
  #479 objects/planets/geology/angular_01/angular_01_bld_k.cgf
    [0.22535094708590345, -0.23382477107788743, -0.94580304472743493, -8.5428750000000946]
    [-0.96593739772983678, -0.18037316859119873, -0.18555574918904763, 17.244158999999854]
    [-0.12720993142134793, 0.95540146996986097, -0.26650729232993131, -4.7514270000000005]
  #480 objects/planets/geology/angular_01/angular_01_bld_k.cgf
    [0.87370149854834878, 0.48594695710098457, 0.022392218145196534, -12.951285000000098]
    [-0.40116344844282847, 0.69370126343132688, 0.59820281666173847, 24.806786999999986]
    [0.27516130575105635, -0.53163359291233003, 0.80103192434465365, -4.7230829999999999]
  #481 objects/planets/geology/scree/angular_01/angular_01_plt_f.cgf
    [-0.034788566918263583, 0.99439280054840928, 0.099861520934319686, 1.3908919999994396]
    [0.99807676315944305, 0.029439276222785738, 0.054550099822988252, 35.589873999999782]
    [0.051304385650672461, 0.10156720320566391, -0.9935046918762066, -5.0129359999999989]
  #482 objects/planets/flora/mushroom/armillaria_01/armillaria_01_small_b.cgf
    [-0.44421494601226935, -0.70006542409628136, 0.55908905217842031, -1.2997590000004493]
    [0.75413529818777636, -0.62907880061895061, -0.18851763625881296, 29.593230999999832]
    [0.48368597075799519, 0.33788659212562755, 0.80739062237257853, -4.5386370000000005]
  #483 objects/planets/geology/scree/angular_01/angular_01_plt_e.cgf
    [-0.16676367995341856, 0.064951868387716397, -0.98385510610939542, -4.0791250000002037]
    [0.45574850660931954, -0.87976077677889819, -0.13532928116618298, 45.505252999999811]
    [-0.87434713572354072, -0.47095856549225801, 0.11711044282089282, -7.749007999999999]
  #484 objects/planets/geology/scree/angular_01/angular_01_bld_c.cgf
    [-0.93488080270764629, -0.075990321175401929, -0.34673081951237678, 5.7860279999995328]
    [0.070342650278985286, 0.91778078307811917, -0.39080589958136741, 40.816571999999724]
    [0.34792053929567529, -0.38974711119331307, -0.85267074128061415, -8.294785000000001]
  #485 objects/planets/flora/mushroom/armillaria_01/armillaria_01_small_b.cgf
    [0.67799784835255406, 0.68915395621911468, 0.25570699967464455, -6.1323810000003505]
    [-0.73245124098680314, 0.66269744811912568, 0.15603717268346637, 31.862564999999904]
    [-0.061922731140981208, -0.29308572860120691, 0.95407895820215027, -7.9856950000000007]
  #486 objects/planets/geology/scree/angular_01/angular_01_plt_e.cgf
    [0.31251665045432503, 0.67796294531646406, -0.6653571762676419, 9.0393619999995281]
    [-0.37312757753554593, 0.73175448275840282, 0.57036108903891147, 39.426006999999572]
    [0.87356152508880569, 0.070015753834569816, 0.48165199069838011, -7.2894730000000001]
  #487 objects/planets/geology/scree/angular_01/angular_01_grdc_b.cgf
    [0.14594623352253946, 0.98923329857933207, 0.010781679438562767, 4.81207699999959]
    [-0.98308572314251874, 0.14380317770522782, 0.11341152386026407, 41.361789999999928]
    [0.11064006771063069, -0.027151312543047181, 0.99348912845247306, -8.2344299999999997]
  #488 objects/planets/flora/mushroom/armillaria_01/armillaria_01_small_b.cgf
    [-0.8290528028649955, -0.55876424181286677, 0.021239310348517608, -14.157748000000538]
    [0.55916383978998641, -0.82830643966742368, 0.035233200931628759, 27.11051899999984]
    [-0.0020943982684311444, 0.041086497147631906, 0.9991519651279902, -4.9047809999999989]
  #489 objects/planets/flora/mushroom/armillaria_01/armillaria_01_med_hanging_a.cgf
    [-0.35886005645343888, -0.53667196527934757, -0.76367708437672221, -2.2388490000003003]
    [0.91666093102814727, -0.048419797685234731, -0.39672192825129415, 22.244229999999789]
    [0.17593244455056797, -0.84240058909762017, 0.50932214764246975, -1.8103939999999996]
  #490 objects/planets/geology/scree/angular_01/angular_01_plt_f.cgf
    [0.54465724096816537, -0.83856037210017342, 0.012764328745828439, -3.5447340000000622]
    [-0.83865203697908042, -0.54453559115375116, 0.011903223170262415, 39.879948999999669]
    [-0.0030309430796665636, -0.017188024732949263, -0.99984664877869878, -8.450254000000001]
  #491 objects/planets/geology/scree/angular_01/angular_01_grdc_a.cgf
    [-0.069757342255972632, 0.99756396262776104, 0, 13.139280999999755]
    [-0.99756396262776104, -0.069757342255972632, -0, 27.057386999999835]
    [-0, 0, 0.99999997316610856, -5.2273439999999995]
  #492 objects/planets/geology/scree/angular_01/angular_01_plt_e.cgf
    [0.60615348903742394, -0.37349643683992073, -0.70219515000955912, 13.186162999999397]
    [0.72673335025047925, 0.61882555756482394, 0.29818322595277802, 42.276614999999765]
    [0.32316598624047421, -0.69105355094505827, 0.64653569457900295, -5.4611999999999989]
  #493 objects/planets/geology/angular_01/angular_01_bld_l.cgf
    [1.0000004407765573, 0, 0, -10.350510000000213]
    [0, -0.58778684054091179, -0.80901638527303132, 17.787914000000001]
    [0, 0.80901638527303132, -0.58778684054091179, -4.2918279999999998]
  #494 objects/planets/geology/scree/angular_01/angular_01_grdc_b.cgf
    [1, 0, 0, 3.9214719999999943]
    [0, 1, 0, 38.629998999999771]
    [0, 0, 1, -8.2502139999999997]
  #495 objects/planets/geology/scree/angular_01/angular_01_grdc_b.cgf
    [0.82431452383908699, -0.56338654439406377, 0.055688346253557973, -6.6428140000007261]
    [0.54590243368300362, 0.81706478758650847, 0.18546075140036802, 34.013787999999749]
    [-0.14998707681568552, -0.12247758573196538, 0.98107244498373103, -8.1716139999999982]
  #496 objects/planets/flora/mushroom/armillaria_01/armillaria_01_big_hanging_a.cgf
    [-0.96405847886421303, 0.15758939231283023, -0.21391081302626239, -2.9734710000002451]
    [0.17233114426918897, -0.24190017221069185, -0.95487553459514996, 41.845292999999856]
    [-0.20222321630800869, -0.95741887034044526, 0.20604824840588606, -6.5797630000000007]
  #497 objects/planets/geology/scree/angular_01/angular_01_plt_e.cgf
    [-0.35342611444519739, 0.23969084917773126, 0.90423359451341212, 12.580198999999993]
    [0.056340817187433494, 0.97031599493882947, -0.2351865159454071, 44.003807999999935]
    [-0.93376432194898074, -0.032175795007196417, -0.35643936969536971, -7.5228569999999992]
  #498 objects/planets/geology/scree/angular_01/angular_01_grdc_b.cgf
    [0.98146613153172846, -0.17893252199168558, -0.068610580729950757, -1.5253450000000157]
    [0.19140814772102277, 0.93276198215548378, 0.30548000292922967, 7.7367859999999382]
    [0.0093370338123654455, -0.3129508967511197, 0.94972342425598766, -1.0424099999999994]
  #499 objects/planets/geology/scree/angular_01/angular_01_grdc_a.cgf
    [-0.34201990533557569, -0.93969323571824537, 0, 15.178011999999399]
    [0.93969323571824537, -0.34201990533557569, 0, 35.756174999999985]
    [0, 0, 1.0000004964500675, -5.2775329999999991]
  #500 objects/planets/flora/mushroom/armillaria_01/armillaria_01_small_hanging_a.cgf
    [-0.4373601694164409, -0.57574038580456099, -0.69082544303092341, 4.2119599999996353]
    [-0.88534396285785555, 0.41041284489786889, 0.21846754118454337, 15.319304999999986]
    [0.15774299355725493, 0.70716688785157888, -0.68922626407235998, 0.24341300000000032]
  #501 objects/planets/flora/mushroom/armillaria_01/armillaria_01_small_hanging_a.cgf
    [0.98473495506479136, -0.16722684322484796, 0.048294456847922308, -5.3188020000006873]
    [-0.14194601626846343, -0.61093698054312917, 0.77885007392565475, 30.606170999999904]
    [-0.10073976435696499, -0.77381605830684141, -0.62534815196609239, -6.3456950000000001]
  #502 objects/planets/geology/scree/angular_01/angular_01_grdc_a.cgf
    [0.75453100243652349, 0.65598930808295874, -0.019007676717731143, 14.548043999999209]
    [-0.65599748562088833, 0.75473377031855449, 0.0066732698912657703, 32.804787999999917]
    [0.01872332642553241, 0.0074337980071032678, 0.99979721615234673, -8.2253919999999994]
  #503 objects/planets/geology/angular_01/angular_01_bld_k.cgf
    [0.96575351689949329, -0.11642743111722928, -0.23187410566457053, 4.4504809999998542]
    [0.21724071516313589, -0.12581026604849951, 0.967976782588434, 8.0437949999995908]
    [-0.14187113614019883, -0.98519908304783255, -0.096208889870118386, 0.24868299999999977]
  #504 objects/planets/geology/scree/angular_01/angular_01_grdc_a.cgf
    [-0.30901705825259262, 0.95105624158827706, 0, 0.93626299999959883]
    [-0.95105624158827706, -0.30901705825259262, -0, 48.86525599999959]
    [-0, 0, 0.99999975847752354, -8.2694879999999991]
  #505 objects/planets/geology/scree/angular_01/angular_01_grdc_a.cgf
    [0.97805046011935326, -0.09651787556495417, -0.18466614778500143, -2.843141000000287]
    [0.17234618239792734, 0.87281112135328909, 0.45661529632271086, 7.3448399999997491]
    [0.11710712981789083, -0.47841930889068918, 0.87028781101850072, -1.0475880000000002]
  #506 objects/planets/flora/mushroom/armillaria_01/armillaria_01_small_b.cgf
    [-0.42780151598053551, 0.8924181653646357, 0.143439538368207, 3.0921109999999317]
    [-0.8574791972697573, -0.4508892738407807, 0.24784573649804251, 36.497457999999824]
    [0.28585749822189244, -0.016967645029944356, 0.95812150056648293, -4.5281600000000006]
  #507 objects/planets/geology/scree/angular_01/angular_01_grdc_a.cgf
    [0.70036139104856232, -0.68742010760148553, -0.19221798009565494, -3.2538600000007136]
    [0.69494315380697125, 0.71815234079219314, -0.036214122519853675, 35.50851399999965]
    [0.16293608926113348, -0.10821758340595351, 0.98068395507239348, -8.1116139999999994]
  #508 objects/planets/geology/scree/angular_01/angular_01_grdc_b.cgf
    [0.97911236254877565, -0.015904403347838644, -0.20269684294433249, -0.39643800000067131]
    [-0.015904388189171226, 0.98788995849407613, -0.15433878003987117, 32.135467999999946]
    [0.20269684413374151, 0.15433877847779168, 0.96700233170220418, -8.2159939999999985]
  #509 objects/planets/geology/scree/angular_01/angular_01_bld_c.cgf
    [0.11778022231371493, -0.85775325438979966, -0.071464224951527211, 9.8431649999993169]
    [-0.85978832740468403, -0.12061022072986925, 0.030613205428878604, 32.739861999999903]
    [-0.040147389988272171, 0.066576954508919886, -0.86526045664755158, -4.9489759999999992]
  #510 objects/planets/geology/scree/angular_01/angular_01_grdc_a.cgf
    [0.40673667986365442, -0.91354575520513526, 0, 0.88669899999968038]
    [0.91354575520513526, 0.40673667986365442, 0, 45.731956999999966]
    [0, 0, 1.0000002867998738, -8.2694879999999991]
  #511 objects/planets/geology/angular_01/angular_01_bld_k.cgf
    [0.99637255334985408, 0.057094809657461484, 0.063108350022461249, 1.9076580000000831]
    [0.057094848539036812, 0.10143877584597986, -0.99320244624470222, 31.516659999999774]
    [-0.063108314845855981, 0.99320244847983252, 0.097810956095260707, -5.0176790000000002]
  #512 objects/planets/geology/scree/angular_01/angular_01_bld_g.cgf
    [-0.7133063395882856, 0.67881523856124992, -0.17436916120718224, -5.5900620000002164]
    [-0.67027666822576226, -0.73342153017619571, -0.11323742175659268, 35.325554000000011]
    [-0.20475331624966234, 0.036102597565029967, 0.97814791750211527, -5.884735]
  #513 objects/planets/geology/angular_01/angular_01_bld_l.cgf
    [0.95630440337473599, 0.29237290147688572, 0, -1.8306400000001304]
    [-0.29237290147688572, 0.95630440337473599, -0, 47.856823999999961]
    [-0, 0, 1.0000000127159612, -8.0960940000000008]
  #514 objects/planets/geology/scree/angular_01/angular_01_plt_f.cgf
    [0.056568749324818465, -0.99697423019583753, 0.05330646149347109, 3.2537130000000616]
    [-0.99838122906597726, -0.056799451428276519, -0.0028216445323970508, 13.648730999999771]
    [0.0058408869400296331, -0.053060574389803897, -0.99857382170618192, -2.8273160000000006]
  #515 objects/planets/flora/mushroom/armillaria_01/armillaria_01_med_b.cgf
    [0.95828807146297978, 0.28512768090783963, -0.019650928348462951, -5.6894070000007559]
    [-0.27732525449448259, 0.94428182046329812, 0.17726400671079964, 34.324187999999594]
    [0.069098890182185305, -0.16442028596165725, 0.98396712051417323, -8.1643329999999992]
  #516 objects/planets/geology/scree/angular_01/angular_01_plt_e.cgf
    [-0.83037931916830465, -0.55475230183468149, 0.052170059367211162, -13.438110000000052]
    [-0.531841568976409, 0.76118233233263977, -0.3711437021438298, 19.942405999999664]
    [0.16618175890863454, -0.33593598458849072, -0.92710963885198983, -4.8102259999999992]
  #517 objects/planets/flora/mushroom/armillaria_01/armillaria_01_small_hanging_a.cgf
    [-0.28216668090267172, 0.95936355375547089, 0.00203011196016341, -4.395635000000766]
    [-0.9318682019781781, -0.27357555533750805, -0.23828272095193692, 30.98941799999966]
    [-0.22804430221089589, -0.069127221034662026, 0.97119401201907007, -8.1434670000000011]
  #518 objects/planets/flora/mushroom/armillaria_01/armillaria_01_big_hanging_a.cgf
    [-0.99607551401733818, 0.084069094474035974, 0.027675020611078637, 6.6715759999997317]
    [-0.033686114017222768, -0.070946127565921849, -0.99691115037511269, 27.98553899999979]
    [-0.081845984226024668, -0.99393107576638695, 0.073499663457444978, -7.7789670000000006]
  #519 objects/planets/geology/angular_01/angular_01_bld_k.cgf
    [-0.54499439255697824, -0.83835099808562075, -0.012160768400856203, -0.26750300000003335]
    [0.68377968047759552, -0.45281084009355865, 0.57219477440599575, 38.174538999999641]
    [-0.48520678977649623, 0.30352778340773784, 0.82002708738929975, -7.8823250000000007]
  #520 objects/planets/geology/scree/angular_01/angular_01_grdc_b.cgf
    [-0.88709231735732219, 0.42495337542336481, -0.18022624393581846, 6.0372889999998733]
    [-0.40712810520978054, -0.904309939462692, -0.12833506589621044, 38.713890999999876]
    [-0.21751684126802284, -0.040469888887660219, 0.97521703310571373, -8.2326699999999988]
  #521 objects/planets/geology/scree/angular_01/angular_01_bld_d.cgf
    [-0.32441957598012328, -0.50000081595630874, -0.80296501877625426, 6.2281689999999799]
    [0.18730325509191628, -0.86602591338659252, 0.46359282413486369, 28.874864999999772]
    [-0.92718451667793589, 6.2569099481596954E-07, 0.37460722182942346, -8.0675430000000006]
  #522 objects/planets/flora/mushroom/armillaria_01/armillaria_01_small_b.cgf
    [0.65191761536487924, 0.27248508108632719, 0.70764115313472198, 8.3833469999999579]
    [0.60429168661380395, 0.37705828931548702, -0.70189693131927477, 27.900115999999798]
    [-0.45807824496902877, 0.88520033059830483, 0.0811504432658154, -6.3197160000000006]
  #523 objects/planets/geology/scree/angular_01/angular_01_grdc_b.cgf
    [-0.43837082161289403, -0.89879371293733246, 0, 15.20173799999975]
    [0.89879371293733246, -0.43837082161289403, 0, 37.595818999999665]
    [0, 0, 0.99999955782852212, -5.2750729999999999]
  #524 objects/planets/geology/scree/angular_01/angular_01_bld_g.cgf
    [-0.98695663475532225, -0.081905854180692836, -0.13858598485240112, 12.072419999999511]
    [-0.06139905914849926, 0.98733699556821308, -0.14626638626883059, 28.785828999999922]
    [0.14881128882668132, -0.13584966421524478, -0.97948869931432936, -6.0641129999999999]
  #525 objects/planets/geology/scree/angular_01/angular_01_grdc_a.cgf
    [0.73135398515716288, -0.68199823124900083, 0, -4.266208000000006]
    [0.68199823124900083, 0.73135398515716288, 0, 45.487398999999641]
    [0, 0, 1.0000001195160075, -8.2905440000000006]
  #526 objects/planets/geology/scree/angular_01/angular_01_grdc_a.cgf
    [-0.17364881499894083, 0.98420724364626733, 0.034368586436066176, 2.3278649999992922]
    [-0.98480713755505189, -0.17354304224955949, -0.006059986577990375, 28.529377999999724]
    [1.4636154709604503E-07, -0.034898756008163868, 0.99939035714729285, -8.3339560000000006]
  #527 objects/planets/geology/scree/angular_01/angular_01_grdc_b.cgf
    [0.73135398515716288, 0.68199823124900083, 0, 17.086397999999463]
    [-0.68199823124900083, 0.73135398515716288, -0, 38.893306999999822]
    [-0, 0, 1.0000001195160075, -5.2453110000000001]
  #528 objects/planets/flora/mushroom/armillaria_01/armillaria_01_big_hanging_a.cgf
    [1.2681489309231182, -0.26407169259658125, -1.0368350631007848, 17.529797999999573]
    [1.0697273733615091, 0.34460334478290028, 1.2206123050965052, 36.914115999999922]
    [0.021074951651626692, -1.6013985118767577, 0.43363714148959531, -3.2371310000000006]
  #529 objects/planets/geology/scree/angular_01/angular_01_grdc_c.cgf
    [0.99459830717897435, -0.0022911190564316249, 0.1037735374315648, 10.359467999999652]
    [0.011114534252482199, 0.99635914951744553, -0.084527517661973833, 40.012015999999676]
    [-0.10320205146188483, 0.085224320984177704, 0.99100259365337517, -8.2519509999999983]
  #530 objects/planets/geology/scree/angular_01/angular_01_plt_e.cgf
    [0.73621166433501328, 0.67171487420568865, 0.082421416923113222, 5.7936999999992622]
    [0.67340240649078376, -0.73921729444043249, 0.009421647005488103, 28.006814999999733]
    [0.067255937501451174, 0.048566410930915731, -0.99655392202318782, -5.5741749999999994]
  #531 objects/planets/flora/mushroom/armillaria_01/armillaria_01_med_b.cgf
    [0.66724902798288932, -0.70478768732243335, -0.24093331756043446, 13.955785999999534]
    [0.73331254610974383, 0.67828103320121447, 0.046726467592038093, 42.392457999999806]
    [0.13048853371092026, -0.20785804977022415, 0.96941404300318701, -8.2167479999999991]
  #532 objects/planets/geology/angular_01/angular_01_bld_k.cgf
    [0.4483079997319, -0.89384257420278757, 0.0081299965908925888, 0.25029799999992974]
    [0.8389186558189391, 0.42386605201660255, 0.34139971557172438, 17.719482999999855]
    [-0.30860352107676642, -0.14623176609767111, 0.93988342058397267, -5.1639810000000006]
  #533 objects/planets/flora/mushroom/armillaria_01/armillaria_01_small_b.cgf
    [0.67638632285255873, -0.35987754622086965, 0.6426414540854285, -15.370547000000442]
    [0.72880635844956465, 0.20085771021613966, -0.65459591860567534, 27.709314999999606]
    [0.10649497014635419, 0.91112165845059834, 0.39813878153321375, -4.2660819999999999]
  #534 objects/planets/flora/mushroom/armillaria_01/armillaria_01_small_b.cgf
    [-0.26322282103501315, 0.95258359190426278, -0.15263974842481379, -5.7729030000000421]
    [-0.96442194845281626, -0.25578989130033053, 0.066801816809774872, 29.879363999999896]
    [0.024590602003429309, 0.16479283304011161, 0.98602194212389116, -4.7742169999999993]
  #535 objects/planets/flora/mushroom/armillaria_01/armillaria_01_big_hanging_a.cgf
    [-0.82052505703029988, -0.43084479539792048, -0.37565007343447249, -0.099075000000084401]
    [0.50459496885906074, -0.23718983698271792, -0.83013642447588865, 22.751677999999629]
    [0.26855936549471532, -0.87069818428546941, 0.41202199418773777, 1.6730150000000004]
  #536 objects/planets/geology/scree/angular_01/angular_01_bld_d.cgf
    [0.37460849089114168, -0.67809896310075668, -0.63233761560412372, -17.2533540000004]
    [-0.92718340357455331, -0.27397236110985645, -0.25548124549126117, 20.482933999999659]
    [-1.4619058966837302E-06, 0.68199818687701619, -0.73135426327347941, -4.8447380000000004]
  #537 objects/planets/geology/scree/angular_01/angular_01_plt_d.cgf
    [-0.52689522839631131, -0.23541218297019206, -0.81667846802411403, 9.0661049999998795]
    [0.8241196363719141, 0.093496567656654345, -0.55864694979428153, 46.626930999999786]
    [0.20786880711455694, -0.96738859496969443, 0.14474482057447732, -6.2655070000000004]
  #538 objects/planets/geology/scree/angular_01/angular_01_grdc_a.cgf
    [-0.92999024249466822, 0.36053464953433512, 0.071640766691035543, -8.8252220000003945]
    [-0.36147384325634185, -0.93238196065124868, -0.00015555012077049976, 36.374021999999968]
    [0.06674049451730818, -0.026040930081404883, 0.99743022836401851, -5.0174809999999992]
  #539 objects/planets/geology/angular_01/angular_01_bld_l.cgf
    [-0.81915210675699535, 0.57357677273668306, 0, 0.85926799999924697]
    [-0.57357677273668306, -0.81915210675699535, 0, 48.609956999999667]
    [0, 0, 1.0000002441136966, -8.0482410000000009]
  #540 objects/planets/geology/angular_01/angular_01_bld_k.cgf
    [0.1788318574273963, 0.00065276236450129751, -0.98387983949497426, 11.002341999999771]
    [0.96881915474671432, -0.17441831194827942, 0.17597867980885651, 37.88904199999979]
    [-0.17149172008940497, -0.98467183581775186, -0.031823946681218171, -8.2190830000000012]
  #541 objects/planets/geology/scree/angular_01/angular_01_grdc_b.cgf
    [-0.30548708424045562, -0.95213213971303789, 0.011040445860334522, 6.1128629999993791]
    [0.95218611744234605, -0.30541011355781872, 0.0081315339099700384, 29.478694999999789]
    [-0.0043704312594428762, 0.012996638762789973, 0.99990591970871601, -8.2684619999999995]
  #542 objects/planets/geology/scree/angular_01/angular_01_bld_h.cgf
    [0.26368189680118809, -0.4745130991137243, 0.83982665610550289, -2.3862269999999626]
    [-0.09842204046636932, 0.85286017650267021, 0.51277895581118083, 30.544239999999718]
    [-0.95957521616926833, -0.21786802046619283, 0.17818127401154868, -8.2597470000000008]
  #543 objects/planets/geology/scree/angular_01/angular_01_plt_c.cgf
    [0.99863014417705431, 0.011457081737990144, -0.051047038558681736, 6.7922009999992952]
    [0.0039690669659580482, -0.98950527216363637, -0.14443958112108563, 34.809581999999864]
    [-0.05216618996037823, 0.14403916608014625, -0.98819564711984087, -5.6246719999999994]
  #544 objects/planets/geology/scree/angular_01/angular_01_bld_h.cgf
    [-0.10993475382490769, -0.30731097273270896, 0.94523782291304925, -6.9034320000000662]
    [-0.37211074497341606, 0.89456603972149251, 0.24755892223509657, 25.325473999999758]
    [-0.92165512492615931, -0.32451778462967079, -0.21269758833203603, -3.1477999999999993]
  #545 objects/planets/flora/mushroom/armillaria_01/armillaria_01_small_b.cgf
    [0.2520544406389586, 0.10557622997939399, 0.96193626006247623, 8.4712369999997463]
    [0.83741688699651129, 0.47436797467028274, -0.27149057402744231, 28.145965999999589]
    [-0.48497491289005645, 0.87397244468919977, 0.031155249906396329, -7.6802059999999992]
  #546 objects/planets/geology/angular_01/angular_01_bld_l.cgf
    [-0.95630539659292424, -0.29237158190605844, 2.7755591623083561E-17, 5.3027819999997519]
    [-1.2786114247397766E-07, 4.1821540836084833E-07, -1.0000005767292386, 22.238839999999982]
    [0.29237158190603046, -0.95630539659283276, -4.3732436425243107E-07, -4.8090599999999997]
  #547 objects/planets/flora/mushroom/armillaria_01/armillaria_01_small_hanging_a.cgf
    [0.64635999685148093, -0.76283112415013976, -0.017536137409618388, -0.29145800000060262]
    [0.75395623320243876, 0.64203696861095205, -0.13906334876347021, 22.586150999999973]
    [0.11734069414574311, 0.076663502280777271, 0.99012825155769679, -5.1977380000000002]
  #548 objects/planets/geology/scree/angular_01/angular_01_grdc_a.cgf
    [-0.59708883701172644, 0.80200631445776716, -0.016453298973213449, -4.5635150000007343]
    [-0.80072583820118926, -0.59465238162437251, 0.07229519919547632, 29.919494999999642]
    [0.048197214797495704, 0.056341240309205204, 0.9972475178647644, -4.9492450000000003]
  #549 objects/planets/flora/mushroom/armillaria_01/armillaria_01_small_b.cgf
    [0.69524606509393261, 0.35026598984111451, -0.62765078110635308, -1.1558680000007371]
    [-0.5640318327626187, -0.27540988369478075, -0.77847051664469391, 22.754837999999836]
    [-0.44553322916841143, 0.89524409521383586, 0.0060835337523600132, 0.08136399999999977]
  #550 objects/planets/flora/mushroom/armillaria_01/armillaria_01_med_a.cgf
    [0.63953236387810741, 0.76852212665564112, 0.01929939965152544, -15.977493000000322]
    [-0.7501018958064849, 0.61831244652222261, 0.2346001594563808, 20.589812999999594]
    [0.16836232326068595, -0.16451088033966901, 0.97190054470088139, -4.8442169999999996]
  #551 objects/planets/geology/scree/angular_01/angular_01_grdc_a.cgf
    [-0.5741553908724103, 0.81524936337177767, -0.075598886313308147, -7.4263300000002346]
    [-0.81860518876235533, -0.56988483947840862, 0.071539804457159739, 17.93857399999979]
    [0.015240112245315858, 0.10296054687272847, 0.99456925034115673, -5.0263049999999998]
  #552 objects/planets/geology/scree/angular_01/angular_01_bld_h.cgf
    [0.86602542443567943, -0.5000000183648049, 0, 3.2361919999993916]
    [0.5000000183648049, 0.86602542443567943, 0, 17.464721999999711]
    [0, 0, 1.0000000270669016, -4.874166999999999]
  #553 objects/planets/geology/scree/angular_01/angular_01_grdc_a.cgf
    [-0.82778275675594992, 0.55825995205570178, -0.055866016314677705, -0.30431100000078004]
    [-0.55286613862959022, -0.82860029558250503, -0.088091209254830966, 33.936529999999948]
    [-0.095468416792742872, -0.042033966288436093, 0.9945443204320944, -5.2177149999999992]
  #554 objects/planets/geology/angular_01/angular_01_bld_l.cgf
    [1, 0, 0, 7.7092849999999089]
    [0, 1, 0, 31.660292999999911]
    [0, 0, 1, -7.991922999999999]
  #555 objects/planets/flora/mushroom/armillaria_01/armillaria_01_small_b.cgf
    [0.79165939643327754, -0.60658186655774127, -0.073033607482320656, 7.5430149999992864]
    [0.60766760539011344, 0.76934536554127253, 0.19709860095715398, 29.952605999999832]
    [-0.063368367645068327, -0.20041510996715931, 0.97765960451401857, -8.1698400000000007]
  #556 objects/planets/geology/scree/angular_01/angular_01_grdc_b.cgf
    [0.99612694460446283, 0.00030293730369071448, 0.087926189659850967, 5.3008350000000064]
    [0.0003029368807656649, 0.99997630347294042, -0.0068772878355483295, 44.823310999999649]
    [-0.087926189661308107, 0.006877287816918938, 0.99610324989433685, -8.2333449999999999]
  #557 objects/planets/flora/mushroom/armillaria_01/armillaria_01_small_b.cgf
    [0.59354147812764291, -0.55557006368144113, -0.5822799520693801, 11.44877599999927]
    [-0.35187439970998741, 0.4715467140805828, -0.80859608443734665, 46.325896999999713]
    [0.72380414828160267, 0.68482488658026452, 0.084391671091045575, -7.7998400000000006]
  #558 objects/planets/geology/scree/angular_01/angular_01_grdc_b.cgf
    [-0.017357146413173388, -0.99984729914112747, -0.0018252268675640992, 1.7282069999992018]
    [0.98465630529413539, -0.017410399982619246, 0.17363197286640833, 40.738585999999941]
    [-0.17363730445220465, 0.0012165349035795196, 0.98480852460259216, -4.7186239999999993]
  #559 objects/planets/geology/angular_01/angular_01_bld_l.cgf
    [0.99984527424864911, -0.0023535243013336001, 0.017431143739569568, -3.2209630000006655]
    [-0.0023535200868708603, 0.96419566474642193, 0.26518132911928188, 11.249254999999721]
    [-0.017431144308598864, -0.26518132908187791, 0.96404096085203994, -1.756507]
  #560 objects/planets/geology/scree/angular_01/angular_01_grdc_a.cgf
    [-0.88222787404670711, -0.46755793089179082, 0.055356312442784279, -6.1383680000008098]
    [0.46653000123354155, -0.88396151107237109, -0.031025259124308969, 24.595247999999629]
    [0.063438931391594913, -0.0015459672979026952, 0.99798490658980143, -4.9600230000000005]
  #561 objects/planets/geology/angular_01/angular_01_bld_k.cgf
    [-0.78519655293038215, -0.56152656354655905, -0.26106009264388236, 1.0264029999998456]
    [-0.1725283901849039, 0.60325856104431341, -0.7786598380424824, 10.390747999999803]
    [0.59472548971760564, -0.56636128684059217, -0.57055636436886537, -1.1162099999999997]
  #562 objects/planets/geology/scree/angular_01/angular_01_plt_f.cgf
    [0.54350283997888793, -0.83339040977632473, 0.10032378106713177, 3.3026509999999689]
    [-0.83937964052478353, -0.54055772054642603, 0.056911712766440782, 39.441254999999728]
    [0.0068011195579302927, -0.11514142986073425, -0.99332571149762217, -4.7966030000000002]
  #563 objects/planets/geology/scree/angular_01/angular_01_grdc_a.cgf
    [0.9888527393658928, -0.13565607489584303, -0.061381928157089212, -3.009106000000429]
    [0.14696923712672097, 0.95537464791587512, 0.25624085811959485, 9.4781669999997575]
    [0.023882108341147477, -0.26240572283265873, 0.96466208251268504, -1.7964799999999999]
  #564 objects/planets/flora/mushroom/armillaria_01/armillaria_01_med_a.cgf
    [0.38309780296342205, 0.92362734736040641, -0.012208578000210401, -3.0957459999999628]
    [-0.87992403152862086, 0.36088605321410872, -0.30902331325997251, 45.260955999999624]
    [-0.28101641394627946, 0.12912874431253341, 0.95097633792290048, -4.7550359999999996]
  #565 objects/planets/geology/scree/angular_01/angular_01_grdc_b.cgf
    [1, 0, 0, -0.27169800000046962]
    [0, 1, 0, 43.414231999999629]
    [0, 0, 1, -5.1394569999999993]
  #566 objects/planets/geology/scree/angular_01/angular_01_plt_f.cgf
    [-0.16986439777157178, 0.98521586081563761, -0.02227249477267907, 7.164839000000029]
    [-0.98489543137012248, -0.170492451630882, -0.030225539855348052, 36.085497999999916]
    [-0.03357596897123187, 0.016801832953256157, 0.99929506291857995, -8.7328849999999996]
  #567 objects/planets/flora/mushroom/armillaria_01/armillaria_01_small_hanging_a.cgf
    [0.95828807146297978, 0.28512768090783963, -0.019650928348462951, -6.1156420000006619]
    [-0.27732525449448259, 0.94428182046329812, 0.17726400671079964, 34.038915999999972]
    [0.069098890182185305, -0.16442028596165725, 0.98396712051417323, -8.1564139999999981]
  #568 objects/planets/flora/mushroom/armillaria_01/armillaria_01_small_hanging_a.cgf
    [0.43297852269631754, 0.71930859686061355, -0.54325487140749729, -2.292435000000296]
    [-0.40056934143337769, -0.38636009522583509, -0.83082560953701956, 41.464812999999594]
    [-0.80751155752050463, 0.57734056954396118, 0.12084728036372976, -5.6613479999999994]
  #569 objects/planets/flora/mushroom/armillaria_01/armillaria_01_med_hanging_a.cgf
    [0.65772419241875812, -0.054585634847289718, -0.75127866315714276, 13.397318999999698]
    [0.73203442765152371, -0.18877283580357282, 0.65459204680117877, 31.316863999999896]
    [-0.17755229646437001, -0.9805027075285252, -0.084201882931634844, -5.0596839999999998]
  #570 objects/planets/geology/scree/angular_01/angular_01_bld_h.cgf
    [-0.95262089662350791, -0.24057621976155494, 0.18610716006846381, -4.1830100000006496]
    [0.21840259412509788, -0.11518243005493738, 0.96903698583353981, 18.947684999999638]
    [-0.21169104710151671, 0.96377147473826197, 0.16226771177650817, -5.4049389999999997]
  #571 objects/planets/geology/angular_01/angular_01_bld_k.cgf
    [0.90351601215524913, 0.4122811640280386, -0.11697113110972589, 6.4292569999997795]
    [0.013826248899476085, 0.2447589721186384, 0.96948495004054858, 25.625768999999764]
    [0.42833029144198165, -0.877562804192065, 0.21544343591326701, -8.0327270000000013]
  #572 objects/planets/geology/scree/angular_01/angular_01_grdc_b.cgf
    [0.87651770333343815, 0.36351727654300275, -0.31555012411624334, -3.3214140000000043]
    [-0.33034406554452161, 0.93105154391628764, 0.15497030800304101, 43.46097299999974]
    [0.35012781885268041, -0.03159410796016577, 0.93616894748736978, -8.1214109999999984]
  #573 objects/planets/geology/scree/angular_01/angular_01_grdc_b.cgf
    [0.93403574298997882, -0.064037040232922116, 0.35139230055761889, -8.2221220000001267]
    [0.057451157780060262, 0.99792273541532861, 0.02914857126394689, 34.719451999999819]
    [-0.35252894332621748, -0.007037912702348853, 0.93577447737043207, -5.0007729999999997]
  #574 objects/planets/geology/angular_01/angular_01_bld_k.cgf
    [0.70738777700510591, 0.70672082347083098, -0.012160180198290306, -0.27770200000031764]
    [-0.57469309511908728, 0.58508092449814397, 0.57219561128761798, 41.364184000000023]
    [0.4114973131530606, -0.39777587763347039, 0.82002681163892699, -7.8823250000000007]
  #575 objects/planets/geology/scree/angular_01/angular_01_grdc_b.cgf
    [-0.97888216848397269, -0.16664739555149516, 0.1184011612399509, 6.5650769999992917]
    [0.16913448252421809, -0.9855295237133509, 0.011205976688833681, 32.190501999999924]
    [0.11482036512888433, 0.030995042316299824, 0.99290285542263901, -8.2615930000000013]
  #576 objects/planets/geology/scree/angular_01/angular_01_bld_d.cgf
    [1, 0, 0, -13.566008000000693]
    [0, 1, 0, 22.024564999999711]
    [0, 0, 1, -4.8447380000000004]
  #577 objects/planets/flora/mushroom/armillaria_01/armillaria_01_small_hanging_a.cgf
    [0.37549638781309563, 0.86391034742878758, 0.33565086924934767, -16.558547999999973]
    [-0.52975873149258779, -0.097102001014749847, 0.84257167023900703, 20.271941999999854]
    [0.76049870534389186, -0.49419656482765734, 0.42120257141411371, -4.0521500000000001]
  #578 objects/planets/flora/mushroom/armillaria_01/armillaria_01_med_a.cgf
    [-0.95593485121304955, -0.26484604129871941, 0.12667692998015906, -5.3905640000002677]
    [0.2691443268041665, -0.96293638671848969, 0.01779765229427065, 29.768513999999868]
    [0.11726807549343143, 0.051107724332558044, 0.99178531393045455, -4.8507129999999998]
  #579 objects/planets/flora/mushroom/armillaria_01/armillaria_01_small_b.cgf
    [-0.015116344984536513, -0.51672091034124124, 0.85601951370173557, -15.061477000000195]
    [0.11183433420011619, -0.8516192841413609, -0.51208992128365605, 27.779021999999713]
    [0.99361108524213526, 0.087991514377258384, 0.070660566012957657, -3.2751419999999998]
  #580 objects/planets/flora/mushroom/armillaria_01/armillaria_01_small_hanging_a.cgf
    [-0.359107726285123, 0.25992930066589115, 0.89636974513554957, 8.4532970000000205]
    [0.79427638793082989, 0.58943468644679775, 0.14728234926704481, 28.854129999999714]
    [-0.49006834310592157, 0.76485543044774584, -0.41812618910648286, -7.621942999999999]
  #581 objects/planets/geology/scree/angular_01/angular_01_bld_f.cgf
    [0.49375039147615102, 0.54205947286230327, -0.6799859445773353, -0.69799700000021403]
    [0.23383356303137903, -0.83590914966429353, -0.49656476348298151, 30.659984999999779]
    [-0.83757460667246764, 0.086175561576942034, -0.53948248986385183, -8.1910379999999989]
  #582 objects/planets/flora/mushroom/armillaria_01/armillaria_01_big_hanging_a.cgf
    [-0.67376562177211985, -0.64058666242745887, -0.36835737631785259, -1.9794190000002345]
    [0.64863223982632312, -0.27389167850988821, -0.7101113347571758, 22.811980999999832]
    [0.35399808788411613, -0.71737759807006751, 0.60004439620023498, -1.3269220000000006]
  #583 objects/planets/geology/angular_01/angular_01_bld_k.cgf
    [0.17883442383619133, 0.00065343114274436277, -0.98387865021418386, 10.370473999999376]
    [0.87693889745332632, 0.45329264666842345, 0.15969759884871565, 37.208698999999797]
    [0.44608944781611559, -0.89136116472081206, 0.080491335204700726, -8.2190830000000012]
  #584 objects/planets/geology/scree/angular_01/angular_01_plt_e.cgf
    [-0.43747899438374926, 0.45334507236273736, -0.77658897538453564, 0.24730999999974301]
    [0.89783475134032276, 0.17214524451753396, -0.40528858351433311, 28.433390999999574]
    [-0.050049481616089658, -0.8745537845128899, -0.48233887385896812, -4.9795880000000006]
  #585 objects/planets/geology/scree/angular_01/angular_01_grdc_a.cgf
    [1, 0, 0, -6.4136850000004415]
    [0, 1, 0, 40.689045999999962]
    [0, 0, 1, -8.2290889999999983]
  #586 objects/planets/geology/angular_01/angular_01_bld_l.cgf
    [-0.38894670337244452, -0.63289745380080464, -0.66944921892624321, 8.3961149999995541]
    [0.91500292824794616, -0.18083386353608993, -0.36065182227334702, 35.272661999999855]
    [0.10719647870234732, -0.7528219634042701, 0.64943743977595569, -8.1507320000000014]
  #587 objects/planets/flora/mushroom/armillaria_01/armillaria_01_small_b.cgf
    [-0.20230729569787709, -0.31245721000434612, 0.92813854585229882, -16.772415000000365]
    [0.87032591933076364, 0.37715798252468752, 0.31667579735760765, 20.602752999999666]
    [-0.44900274222055808, 0.87184933240056761, 0.19563790364909256, -1.4738599999999993]
  #588 objects/planets/geology/scree/angular_01/angular_01_grdc_a.cgf
    [-0.80592257556806579, -0.59201970333706599, 0, 1.4635079999998197]
    [0.59201970333706599, -0.80592257556806579, 0, 35.699686999999813]
    [0, 0, 0.99999926347451495, -4.632663]
  #589 objects/planets/geology/scree/angular_01/angular_01_grdc_b.cgf
    [0.46224794613721798, -0.88674515266570253, 0.0030839472927246887, -2.9740750000000844]
    [0.88539704378037831, 0.46173169160187938, 0.05362424871767113, 12.739226999999573]
    [-0.04897500762625058, -0.022057184984663275, 0.99855624249897013, -2.5753709999999996]
  #590 objects/planets/flora/mushroom/armillaria_01/armillaria_01_small_b.cgf
    [0.75316184727005153, 0.65782624074811202, 0.0035087259991531295, 3.6407359999993787]
    [0.65383900726079325, -0.7479884196597113, -0.11405401789219835, 41.080904999999802]
    [-0.072403223403040465, 0.088195257221352047, -0.99346857635391506, -5.9025139999999992]
  #591 objects/planets/geology/scree/angular_01/angular_01_grdc_c.cgf
    [0.98149496283235482, 0.02355404537251236, -0.19003372779834457, 10.321822999999313]
    [0.023554026046588326, 0.97001933840445342, 0.2418835748826576, 38.010955999999624]
    [0.19003373019372727, -0.24188357300074598, 0.95151431482699278, -8.2341470000000001]
  #592 objects/planets/geology/scree/angular_01/angular_01_grdc_b.cgf
    [0.2567604978477348, -0.96201008475827043, -0.09279188326392282, -1.947863000000325]
    [0.95829600186007347, 0.2409472787488259, 0.15366480310673178, 6.8025729999999385]
    [-0.12546915794440661, -0.12837716198069524, 0.98375631368637262, -0.5643779999999996]
  #593 objects/planets/geology/scree/angular_01/angular_01_bld_d.cgf
    [-0.87769787402456945, -0.050862823412453198, 0.47650525393988508, -1.8844320000007428]
    [-0.015818031978582652, -0.99073346312227784, -0.13488823825342353, 30.475840999999946]
    [0.47895101388568467, -0.12592863117377801, 0.86876104197507775, -4.6820940000000002]
  #594 objects/planets/geology/scree/angular_01/angular_01_bld_g.cgf
    [-0.20777574558892006, 0.96312105846349594, -0.17095748020309207, 0.45910899999944377]
    [-0.77088991485121616, -0.26880820955129253, -0.57746885578945295, 33.146644999999808]
    [-0.60212737230084468, 0.011805378869422168, 0.79831237889944828, -8.157667]
  #595 objects/planets/geology/scree/angular_01/angular_01_grdc_a.cgf
    [0.67542165096857676, -0.72871836302161253, -0.11302766326432501, -1.0692900000003647]
    [0.66462885742403133, 0.66795250089801095, -0.33482540269270084, 32.693573000000015]
    [0.31949051182643712, 0.15102687113293506, 0.93547678160053083, -8.263857999999999]
  #596 objects/planets/geology/scree/angular_01/angular_01_plt_e.cgf
    [-0.21912572411371051, 0.97301122160169906, 0.072337081320131724, 0.50619399999959569]
    [0.97296450881801033, 0.22345493660088656, -0.058374048637435824, 32.589128999999957]
    [-0.072962697848105385, 0.057590169395194096, -0.99567032233408603, -5.1823229999999993]
  #597 objects/planets/flora/mushroom/armillaria_01/armillaria_01_med_hanging_a.cgf
    [0.79270908125862816, 0.15201791936870532, 0.59034093870787507, -5.8144120000006296]
    [-0.59961966923734933, 0.019929022885743899, 0.80003665262542512, 30.870136999999886]
    [0.10985501348312289, -0.9881765760587593, 0.10695087552233298, -7.2859769999999999]
  #598 objects/planets/geology/scree/angular_01/angular_01_grdc_b.cgf
    [-0.97015130433835062, 0.22742637786706577, 0.08417064493180984, -8.324402000000191]
    [-0.22652529475903721, -0.97379563301637884, 0.020232747710937322, 40.099645999999666]
    [0.086566423353985775, 0.00056204614557115395, 0.99624642864062574, -5.410035999999999]
  #599 objects/planets/geology/angular_01/angular_01_bld_k.cgf
    [0.68059784525681777, 0.73257548768358205, -0.010975349366492288, 3.3682969999999841]
    [0.29988715391798132, -0.26487923024838234, 0.91646463036757497, 13.818801999999778]
    [0.66847213731278865, -0.62703498996863372, -0.39996606532090451, -2.366409]
  #600 objects/planets/flora/mushroom/armillaria_01/armillaria_01_small_hanging_a.cgf
    [-0.39399413339962491, 0.65669633944969719, -0.64305346719494172, 3.6011199999993551]
    [-0.61330810179189166, -0.7089425049220518, -0.34821389699818484, 37.44967699999961]
    [-0.68455899394755926, 0.25719576889910917, 0.68207663890305659, -4.4105979999999994]
  #601 objects/planets/geology/scree/angular_01/angular_01_bld_d.cgf
    [-6.4012100026111661E-07, -1.0000004267473106, 0, 2.3555200000000696]
    [1.0000004267473106, -6.4012100026111661E-07, 0, 23.119686000000002]
    [0, 0, 1.0000004267475153, -5.6404240000000003]
  #602 objects/planets/geology/scree/angular_01/angular_01_grdc_a.cgf
    [-0.84761668833099613, -0.52574918973224527, 0.071639255803206403, -6.2214770000000499]
    [0.52709396444870493, -0.8498060790200852, -0.00015657461755129445, 43.76704699999982]
    [0.060961841490370199, 0.037627933370716529, 0.99742981523799767, -5.1344319999999994]
  #603 objects/planets/geology/scree/angular_01/angular_01_grdc_b.cgf
    [-0.90912912772136789, 0.1822594493019257, -0.37451987734486764, 1.1682309999996505]
    [-0.15124160424299171, -0.98225786161466588, -0.11088231013043147, 42.312152999999853]
    [-0.38808455590536223, -0.044163363708097349, 0.92056471311439869, -5.0331459999999995]
  #604 objects/planets/geology/scree/angular_01/angular_01_grdc_a.cgf
    [-0.78801194652027007, -0.61566118763539623, 0, -0.33147900000039954]
    [0.61566118763539623, -0.78801194652027007, 0, 41.416862999999921]
    [0, 0, 1.0000007629093546, -8.1732019999999999]
  #605 objects/planets/flora/mushroom/armillaria_01/armillaria_01_small_b.cgf
    [0.60310160786524447, -0.39258912789293576, -0.65115943688412192, 5.7337699999998222]
    [0.50662284223537934, 0.82724142016808244, -0.029518019518012827, 28.282465999999658]
    [0.56698159697500639, -0.32157704273032922, 0.71901770442257762, -7.7748879999999998]
  #606 objects/planets/geology/scree/angular_01/angular_01_grdc_b.cgf
    [0.46947173665147585, -0.88294727236291981, 0, 13.159377999999379]
    [0.88294727236291981, 0.46947173665147585, 0, 34.993886999999631]
    [0, 0, 0.99999979864381616, -5.2111980000000004]
  #607 objects/planets/geology/scree/angular_01/angular_01_grdc_a.cgf
    [0.55919250295498524, 0.82903839727987294, -3.1156924287053582E-07, 5.8348349999996572]
    [0.82891212777724399, -0.55910733980473759, -0.017452407450273197, 22.715397999999823]
    [-0.014468883449647958, 0.0097589926543639859, -0.99984815497135926, -5.3398460000000005]
  #608 objects/planets/flora/mushroom/armillaria_01/armillaria_01_big_hanging_a.cgf
    [-0.96530765495796933, 0.14347128294238334, -0.21816573830763131, 14.830009999999675]
    [0.24410046793799403, 0.19918010608097836, -0.949073977103431, 33.346209999999701]
    [-0.092710624811289263, -0.96940313772616715, -0.22729158307043298, -4.9898560000000005]
  #609 objects/planets/geology/angular_01/angular_01_bld_k.cgf
    [0.99999960835067914, 0, 0, 2.8741549999995186]
    [0, -0.10452896986161286, -0.99452144831631539, 47.649008999999751]
    [0, 0.99452144831631539, -0.10452896986161286, -8.1664600000000007]
  #610 objects/planets/flora/mushroom/armillaria_01/armillaria_01_small_hanging_a.cgf
    [0.038319347978350175, 0.9966468963170737, -0.07229434000834091, -2.6059110000005603]
    [-0.92663085500350639, 0.0083619859914275656, -0.37587925682449314, 40.880095999999867]
    [-0.37401439289306526, 0.081393619018978819, 0.92384424696861545, -8.0587240000000016]
  #611 objects/planets/flora/mushroom/armillaria_01/armillaria_01_small_a.cgf
    [0.51564538687535044, 0.81863633801627111, -0.25287300998867945, -1.9127720000005866]
    [-0.83397062013532897, 0.54722637199841562, 0.070969575508111199, 23.029173999999784]
    [0.19647701609226445, 0.17429349378567274, 0.96489322636171448, -0.90247499999999992]
  #612 objects/planets/geology/angular_01/angular_01_bld_k.cgf
    [0.43260977667702827, -0.88734038472732202, -0.15961277898917672, 3.6762289999996938]
    [0.89472649345423028, 0.40074935107174142, 0.19714176621888913, 19.471853999999894]
    [-0.11096710997307598, -0.22809519001674314, 0.96729483677763783, -5.3284449999999994]
  #613 objects/planets/flora/mushroom/armillaria_01/armillaria_01_small_hanging_a.cgf
    [-0.24844924822106768, 0.96864181651036751, 0.0025388356742817408, -4.7929229999999734]
    [-0.95372950284832436, -0.24416448321851761, -0.17545422152807186, 29.421111999999994]
    [-0.16933236482070918, -0.046012821722091417, 0.98448454217529302, -4.8291209999999998]
  #614 objects/planets/flora/mushroom/armillaria_01/armillaria_01_small_hanging_a.cgf
    [0.25506838405911203, 0.9660038063205526, 0.042156391607914463, -3.454544000000169]
    [-0.85659168884797998, 0.24597353494221927, -0.45359463668601319, 44.794402999999875]
    [-0.44854341347940974, 0.079586820566946742, 0.89021072782909438, -4.9939980000000004]
  #615 objects/planets/flora/mushroom/armillaria_01/armillaria_01_med_hanging_a.cgf
    [-0.072326768584277334, -0.036716835757208577, 0.99670469024426644, -16.909134000000449]
    [-0.99522738551847656, -0.062974979495427685, -0.074539453367947872, 20.351775999999973]
    [0.065504325788442286, -0.99733923665236057, -0.031986831250890857, -1.9245080000000003]
  #616 objects/planets/geology/scree/angular_01/angular_01_grdc_b.cgf
    [-0.36274707017863395, -0.87683692295371707, -0.31554940597131093, -2.7664020000001983]
    [0.89194084800712847, -0.42476520869559975, 0.15497062665254088, 44.265306999999666]
    [-0.2699183964092014, -0.22523628041195679, 0.93616907193788657, -8.1214109999999984]
  #617 objects/planets/geology/scree/angular_01/angular_01_grdc_b.cgf
    [-0.89743780486000124, 0.42495380501930891, 0.11840016120839605, 6.0667849999999817]
    [-0.42672925618487551, -0.90430941696287415, 0.011205734008546615, 36.853809999999612]
    [0.11183235887016725, -0.040468384677159977, 0.99290220138624785, -8.1954269999999987]
  #618 objects/planets/geology/scree/angular_01/angular_01_grdc_a.cgf
    [0.59604351653609944, 0.80070451415034838, -0.06003837479689602, 4.3578719999995883]
    [-0.80136291301340157, 0.59790071610552309, 0.018232234116948919, 13.943167999999787]
    [0.050495614420198245, 0.037245318275918413, 0.99802964796872107, -2.5625369999999998]
  #619 objects/planets/geology/scree/angular_01/angular_01_bld_h.cgf
    [-0.72287344345765525, -0.10209495965094639, 0.68339710934642828, 4.0034439999999449]
    [-0.34904307812346536, 0.90751730976190514, -0.23362848114500315, 48.980865999999878]
    [-0.59634211612402388, -0.4074186505327122, -0.69165535408925671, -5.2273749999999994]
  #620 objects/planets/flora/mushroom/armillaria_01/armillaria_01_small_b.cgf
    [-0.99590885610951618, -0.088279490532613913, 0.019281885782227906, -5.4897000000000844]
    [0.087651912977768726, -0.99565986372162785, -0.031274385214563286, 30.528777999999875]
    [0.021959091951954949, -0.029456350257853821, 0.9993245873866583, -4.8478850000000007]
  #621 objects/planets/geology/scree/angular_01/angular_01_grdc_a.cgf
    [0.51503724874380818, 0.85716751434818494, 0, 10.26162099999965]
    [-0.85716751434818494, 0.51503724874380818, -0, 36.839482999999746]
    [-0, 0, 0.9999997576236892, -5.2273439999999995]
  #622 objects/planets/geology/scree/angular_01/angular_01_plt_f.cgf
    [-0.99320670333888572, -0.10532546309027081, 0.049488777632463968, -15.435456000000158]
    [0.10445340210152615, -0.99433182302861278, -0.019896239495074786, 23.003523999999743]
    [0.051303792025077011, -0.014591791577749572, 0.99857756252903684, -5.258159]
  #623 objects/planets/geology/scree/angular_01/angular_01_grdc_a.cgf
    [0.61566174521430672, 0.78801047190090678, 0, 3.0023609999998371]
    [-0.78801047190090678, 0.61566174521430672, -0, 33.384372999999869]
    [-0, 0, 0.99999994417290627, -8.2877800000000015]
  #624 objects/planets/flora/mushroom/armillaria_01/armillaria_01_small_hanging_a.cgf
    [0.4819843337190502, 0.30097780496840454, -0.82286338708296403, -2.503168000000187]
    [-0.86011354978151133, 0.34155684032848938, -0.37887240219222873, 22.068055999999615]
    [0.16702237684662002, 0.89036620363593277, 0.42349998806527223, -2.4257809999999997]
  #625 objects/planets/geology/angular_01/angular_01_bld_k.cgf
    [0.3274196780245377, -0.94450158382714189, -0.026700999491779415, -7.0305520000001707]
    [0.55029490802828296, 0.21358374810810565, -0.8071910105580764, 25.344579999999951]
    [0.76809615246008311, 0.24959681783958163, 0.58968598413384654, -4.7536060000000004]
  #626 objects/planets/geology/angular_01/angular_01_bld_l.cgf
    [1, 0, 0, 10.955156999999417]
    [0, 1, 0, 29.859674999999697]
    [0, 0, 1, -7.991922999999999]
  #627 objects/planets/geology/scree/angular_01/angular_01_bld_d.cgf
    [0.68299094241973424, -0.72581540974600245, -0.081946431664293148, -5.2763690000001588]
    [0.73003018458381852, 0.67461425477336079, 0.10932241749871606, 36.672625999999582]
    [-0.024065666078124822, -0.13448959939895147, 0.9906226554467602, -5.2840189999999998]
  #628 objects/planets/geology/angular_01/angular_01_bld_l.cgf
    [1, 0, 0, 4.3783960000000661]
    [0, 1, 0, 26.896899999999732]
    [0, 0, 1, -8.0336810000000014]
  #629 objects/planets/geology/scree/angular_01/angular_01_grdc_a.cgf
    [0.98497384778065988, 0.16193235108721127, -0.060036867343979061, 6.0464899999997215]
    [-0.16111593234780075, 0.98676708415551306, 0.018231032660671522, 16.534283999999843]
    [0.062194598743052283, -0.0082841945621605229, 0.99802965716886183, -2.6835230000000001]
  #630 objects/planets/geology/angular_01/angular_01_bld_k.cgf
    [0.13174644330839833, 0.43010164136607004, -0.89311582359615727, 12.191736999999193]
    [0.43010175690783164, 0.78694329295740151, 0.44241739789728057, 23.842993999999635]
    [0.89311576795420344, -0.44241751022265913, -0.081310474528192178, -4.8590939999999998]
  #631 objects/planets/geology/scree/angular_01/angular_01_bld_d.cgf
    [-0.86602587900346473, -0.49999993088320377, 0, 1.7578619999994771]
    [0.49999993088320377, -0.86602587900346473, 0, 28.833120999999664]
    [0, 0, 1.0000003769933949, -8.5044560000000011]
  #632 objects/planets/geology/angular_01/angular_01_bld_k.cgf
    [1, 0, 0, 6.9647239999994781]
    [0, 1, 0, 42.216191999999864]
    [0, 0, 1, -7.8399340000000004]
  #633 objects/planets/flora/mushroom/armillaria_01/armillaria_01_small_hanging_a.cgf
    [-0.67635670038554196, 0.71794426164498137, 0.16462020241286676, -15.499954000000798]
    [-0.67991533797629899, -0.69449623450661935, 0.23535563190314859, 20.234344999999848]
    [0.28330003010233828, 0.047256507012239185, 0.957867462395944, -4.808967]
  #634 objects/planets/flora/mushroom/armillaria_01/armillaria_01_med_a.cgf
    [0.94859534121063771, 0.30687773221710168, -0.077387784122199973, 13.830156999999417]
    [-0.30830407581296737, 0.95126059323338541, -0.0069147398332413531, 42.95268599999963]
    [0.071494115136613981, 0.030418321109788826, 0.99697504997380748, -8.1743209999999991]
  #635 objects/planets/flora/mushroom/armillaria_01/armillaria_01_small_b.cgf
    [0.68002708862304972, 0.72985199349946417, 0.069853951140178117, 7.1672249999992346]
    [-0.71394395147389023, 0.63748207611186836, 0.28965666737730522, 29.530690999999933]
    [0.16687582526802311, -0.2468461431481915, 0.95457833032190509, -7.0373539999999997]
  #636 objects/planets/geology/scree/angular_01/angular_01_bld_g.cgf
    [0.33000136462180729, 0.92773648421932309, -0.17436961583737104, -5.444126000000324]
    [-0.94263983356966152, 0.31401960866118306, -0.11323637787917931, 35.403415999999652]
    [-0.050298024281912358, 0.20173583954222116, 0.97814794766880186, -5.5530889999999991]
  #637 objects/planets/geology/scree/angular_01/angular_01_grdc_b.cgf
    [-0.78688591564309696, -0.61528648503314587, -0.047274790636128862, 2.2997709999999643]
    [0.61092184714441888, -0.78753179869582035, 0.081055360440787164, 39.569501999999829]
    [-0.087102589948777329, 0.034900087537009093, 0.99558873609826137, -8.2497219999999984]
  #638 objects/planets/geology/scree/angular_01/angular_01_grdc_a.cgf
    [-0.41853168194216855, 0.90788125362487904, 0.024158669709744972, -3.0104350000001432]
    [-0.90770967891439469, -0.41903280021998246, 0.021804401846729566, 45.056592999999793]
    [0.029919071020885816, -0.012803220348232839, 0.99947071369446772, -5.185092]
  #639 objects/planets/geology/scree/angular_01/angular_01_grdc_b.cgf
    [1, 0, 0, 1.7999249999993481]
    [0, 1, 0, 39.581348999999591]
    [0, 0, 1, -8.2511979999999987]
  #640 objects/planets/geology/scree/angular_01/angular_01_bld_c.cgf
    [-0.64239942588693277, -0.54509499672082495, 0.53869897616521545, 3.0803539999997156]
    [-0.089136469409303101, -0.6450075704301953, -0.75896119048365684, 24.985091000000011]
    [0.76117004157597534, -0.53557337815564454, 0.36576425354258935, -6.141127]
  #641 objects/planets/geology/scree/angular_01/angular_01_grdc_a.cgf
    [-0.99702684798321628, 0.05360524395139226, 0.055355603968487051, -8.3559830000003785]
    [-0.05537919466037125, -0.99798341879647134, -0.031024849318368519, 22.161252999999761]
    [0.0535808722266908, -0.033998151381663184, 0.99798472759016121, -4.8750100000000005]
  #642 objects/planets/geology/scree/angular_01/angular_01_grdc_b.cgf
    [-0.78688591564309696, -0.61528648503314587, -0.047274790636128862, 0.36530999999922642]
    [0.61092184714441888, -0.78753179869582035, 0.081055360440787164, 41.027714999999716]
    [-0.087102589948777329, 0.034900087537009093, 0.99558873609826137, -8.2497219999999984]
  #643 objects/planets/flora/mushroom/armillaria_01/armillaria_01_small_hanging_a.cgf
    [-0.61086470091230083, 0.064008564896220865, -0.78914292021705934, 5.7614319999993313]
    [0.04328191403430906, -0.99253600408036635, -0.11401001820525367, 28.572361000000001]
    [-0.79055064406166176, -0.10380034659654021, 0.60353499894338025, -7.7526289999999998]
  #644 objects/planets/geology/scree/angular_01/angular_01_grdc_a.cgf
    [-0.8746206983226601, 0.4848095995357018, 0, 4.1297230000000127]
    [-0.4848095995357018, -0.8746206983226601, 0, 20.088782999999694]
    [0, 0, 1.0000008568678256, -5.4349599999999993]
  #645 objects/planets/geology/scree/angular_01/angular_01_bld_d.cgf
    [0.5622075552866167, 0.39293246283934341, -0.72768598611754265, 12.528152999999293]
    [0.055542146671963784, 0.85998749708608779, 0.50728367287434228, 29.947836999999708]
    [0.8251290109358187, -0.32561593091988078, 0.46166712121339498, -5.9377129999999996]
  #646 objects/planets/geology/scree/angular_01/angular_01_plt_e.cgf
    [-0.11105277101275933, -0.9905292168918598, -0.080746866137241788, -13.012032999999974]
    [0.98957526574624233, -0.1177103959844696, 0.082981684469720984, 20.449918999999682]
    [-0.09170048707962565, -0.070689723565574833, 0.9932748297971622, -4.4858629999999993]
  #647 objects/planets/flora/mushroom/armillaria_01/armillaria_01_small_a.cgf
    [0.80770083376333046, 0.57582301046147799, 0.12667774555750461, 3.4946079999999711]
    [-0.58225684011132572, 0.81281008749313299, 0.017797788385359298, 37.190955999999915]
    [-0.092716572089488469, -0.08813427114872284, 0.99178425827772065, -4.5057049999999998]
  #648 objects/planets/geology/scree/angular_01/angular_01_grdc_a.cgf
    [-0.61973480313907747, 0.78232140972794129, -0.062470111909701809, -3.3724410000004355]
    [-0.75729655945978325, -0.57521753507786966, 0.30923653987177829, 12.299800999999661]
    [0.20598840751629452, 0.23895298374948487, 0.94893138674441302, -2.5623709999999997]
  #649 objects/planets/flora/mushroom/armillaria_01/armillaria_01_med_b.cgf
    [-0.89281619635123932, -0.4363753473664016, -0.11161239943237834, 6.2774819999995088]
    [0.39547873505338921, -0.87806146150824493, 0.26945532449345128, 29.793533000000025]
    [-0.21558604225870381, 0.19643359689256892, 0.95652393193185226, -8.1740600000000008]
  #650 objects/planets/geology/angular_01/angular_01_bld_l.cgf
    [-0.6494976588911322, 0.66436675173810422, 0.3698211795289103, -6.5765480000000025]
    [0.22172633140579953, -0.29974977803894476, 0.92789309679250487, 17.26094699999976]
    [0.72731583208707873, 0.68466413977863605, 0.047379221657985401, -4.649271999999999]
  #651 objects/planets/geology/scree/angular_01/angular_01_bld_c.cgf
    [0.98420473186578528, -0.15398936430656493, 0.087343956635045475, -6.789878000000499]
    [0.095842319060631342, 0.048642557182481595, -0.99420762258948525, 39.099394999999731]
    [0.14884871835956404, 0.98687477555078695, 0.062632912526132345, -8.294785000000001]
  #652 objects/planets/geology/scree/angular_01/angular_01_plt_e.cgf
    [-0.89990377530249688, -0.416750300975326, 0.12842706114339986, 4.9580779999996594]
    [-0.23319302041503695, 0.21101506351668209, -0.94926012578186647, 17.763987999999699]
    [0.36850419078575958, -0.88419056645423888, -0.28707635180785385, -3.4277579999999999]
  #653 objects/planets/geology/scree/angular_01/angular_01_plt_e.cgf
    [-0.34795776159824982, 0.74977490047309991, 0.56281710371039106, 14.527793999999631]
    [0.51514818423466036, -0.34866855509630934, 0.7829768096384776, 42.173552999999629]
    [0.78329294768185698, 0.56237703969176189, -0.26492323568207943, -7.7248670000000006]
  #654 objects/planets/flora/mushroom/armillaria_01/armillaria_01_small_hanging_a.cgf
    [0.16688036320500071, 0.92381839770155416, -0.34454367232294236, -3.284059999999954]
    [-0.98260729521318102, 0.18469146097254377, 0.019282046850445381, 42.136406999999963]
    [0.08144739077148179, 0.33533335951712195, 0.93857215504432978, -6.2579359999999999]
  #655 objects/planets/geology/angular_01/angular_01_bld_l.cgf
    [0.99999999617734914, -0, 0, -12.64242700000068]
    [0, 0.98162709146649207, 0.19080944854417806, 21.807287999999971]
    [-0, -0.19080944854417806, 0.98162709146649207, -4.2762540000000007]
  #656 objects/planets/flora/mushroom/armillaria_01/armillaria_01_small_hanging_a.cgf
    [0.034258557417086291, -0.64872167321780383, 0.7602537640551803, -15.397883999999976]
    [0.0031723500162930611, -0.76062587458906272, -0.64918214618077241, 28.034143999999742]
    [0.99940759015426273, 0.0246518441904999, -0.023999982061096894, -1.4720539999999991]
  #657 objects/planets/geology/scree/angular_01/angular_01_grdc_b.cgf
    [-0.54463869812290422, -0.83867086401727953, 0, 4.6805089999998017]
    [0.83867086401727953, -0.54463869812290422, 0, 30.92669799999976]
    [0, 0, 1.0000000648222491, -5.4014739999999994]
  #658 objects/planets/geology/scree/angular_01/angular_01_bld_h.cgf
    [-0.20801791365373665, 0.73313372190464643, -0.6474913455694753, 4.1359579999998459]
    [0.13046809500511777, -0.63525978238292435, -0.76119947073977767, 48.179151999999704]
    [-0.96938546149963722, -0.24281990008033277, 0.036494826209959114, -7.2160959999999994]
  #659 objects/planets/geology/scree/angular_01/angular_01_grdc_a.cgf
    [0.95976753382636282, -0.2781068249385984, 0.038767246833347549, 0.85835899999983667]
    [0.27926384839469831, 0.95979236628344267, -0.028466490746438963, 41.353866999999809]
    [-0.029291781855135451, 0.038147503695601742, 0.99884272233878213, -5.2465470000000005]
  #660 objects/planets/flora/mushroom/armillaria_01/armillaria_01_small_b.cgf
    [0.57793005623378702, 0.81020548402219184, 0.097798058790851336, -6.3134310000004916]
    [-0.81601198793275997, 0.57209194445462808, 0.082678771044502108, 33.032195999999658]
    [0.011037309133939046, -0.12758690094116198, 0.99176625121880058, -8.113078999999999]
  #661 objects/planets/flora/mushroom/armillaria_01/armillaria_01_small_b.cgf
    [0.1018525683286212, 0.92878305773453029, -0.35635492915460371, -1.8613830000003873]
    [-0.97215118760242059, 0.1689312801572157, 0.16243472710682957, 22.327250999999706]
    [0.21106603779549535, 0.3298863498121184, 0.92012329252093716, -1.6005999999999991]
