# IncludedObjects
# Cgfs: 82, Materials: 5, Palettes: 6, Placements: 252

[CGFs]
      0: Data/ObjectContainers/PU/loc/mod/ugf/util/rm/sub/side/road/sub_ind_side_road_003_occu_001//Brush/designer_331.cgf
      1: Data/ObjectContainers/PU/loc/mod/ugf/util/rm/sub/side/road/sub_ind_side_road_003_occu_001//Brush/designer_329.cgf
      2: Data/ObjectContainers/PU/loc/mod/ugf/util/rm/sub/side/road/sub_ind_side_road_003_occu_001//Brush/designer_334.cgf
      3: objects/buildingsets/human/lowtech/prop/storage/canister/canister_gas_1_a.cgf
      4: objects/buildingsets/human/lowtech/prop/light/light_wall_03_a.cgf
      5: objects/buildingsets/human/lowtech/prop/utilitarian/light/light_mobile_1_b_b.cgf
      6: objects/buildingsets/human/lowtech/alpha/int/stairs/util_stairs_a_cap_a.cgf
      7: data/objects/buildingsets/human/utilitarian/ugf/int/road/ugf_sub_road_floor_a.cgf
      8: objects/buildingsets/human/lowtech/alpha/int/hangar/floor/hangar_walkway_str_08m_addon_a.cgf
      9: objects/buildingsets/human/lowtech/bravo/int/walkway/addon/walkway_addon_railing_cable_f.cgf
     10: Data/ObjectContainers/PU/loc/mod/ugf/util/rm/sub/side/road/sub_ind_side_road_003_occu_001//Brush/designer_271.cgf
     11: Data/ObjectContainers/PU/loc/mod/ugf/util/rm/sub/side/road/sub_ind_side_road_003_occu_001//Brush/designer_272.cgf
     12: Data/ObjectContainers/PU/loc/mod/ugf/util/rm/sub/side/road/sub_ind_side_road_003_occu_001//Brush/designer_276.cgf
     13: Data/ObjectContainers/PU/loc/mod/ugf/util/rm/sub/side/road/sub_ind_side_road_003_occu_001//Brush/designer_277.cgf
     14: Data/ObjectContainers/PU/loc/mod/ugf/util/rm/sub/side/road/sub_ind_side_road_003_occu_001//Brush/designer_278.cgf
     15: Data/ObjectContainers/PU/loc/mod/ugf/util/rm/sub/side/road/sub_ind_side_road_003_occu_001//Brush/designer_283.cgf
     16: Data/ObjectContainers/PU/loc/mod/ugf/util/rm/sub/side/road/sub_ind_side_road_003_occu_001//Brush/designer_285.cgf
     17: objects/buildingsets/human/universal/prop/cable/cable_addons_pile_3_a.cgf
     18: objects/buildingsets/human/lowtech/prop/utilitarian/improvised/improvised_cablespool_1_b.cgf
     19: data/objects/buildingsets/human/utilitarian/int/room_b/room_b_sm/addon/ladder/room_b_sm_refinery_ladder_mid_1m_a.cgf
     20: objects/buildingsets/human/lowtech/alpha/int/hangar/floor/hangar_walkway_cnr_04m_addon_a.cgf
     21: objects/buildingsets/human/lowtech/alpha/int/hangar/floor/hangar_walkway_str_04m_addon_a.cgf
     22: data/objects/buildingsets/human/utilitarian/ugf/int/common/road/set_a/floor/util_ugf_road_set_a_floor_a_straight_1m_a.cgf
     23: data/objects/buildingsets/human/utilitarian/ugf/int/common/road/set_a/floor/util_ugf_road_set_a_floor_a_cnr_in_2m_a.cgf
     24: data/objects/buildingsets/human/utilitarian/ugf/int/common/road/set_a/floor/util_ugf_road_set_a_floor_a_straight_4m_a.cgf
     25: data/objects/buildingsets/human/utilitarian/ugf/int/common/road/set_a/floor/util_ugf_road_set_a_floor_a_cnr_out_2m_a.cgf
     26: data/objects/buildingsets/human/utilitarian/ugf/int/common/road/set_a/floor/util_ugf_road_set_a_floor_a_straight_2m_a.cgf
     27: data/objects/buildingsets/human/utilitarian/ugf/int/common/road/set_a/floor/util_ugf_road_set_a_floor_a_straight_10m_a.cgf
     28: data/objects/buildingsets/human/utilitarian/ugf/int/common/road/set_a/floor/util_ugf_road_set_a_floor_a_straight_12m_a.cgf
     29: data/objects/buildingsets/human/lowtech/prop/utilitarian/light/light_mobile_2_b.cgf
     30: objects/buildingsets/human/lowtech/prop/light/light_hazard_1_a.cgf
     31: objects/buildingsets/human/lowtech/alpha/int/stairs/util_stairs_a_rail_cornerout_005x005_a.cgf
     32: objects/buildingsets/human/lowtech/alpha/int/stairs/util_stairs_platform_02x02_a.cgf
     33: objects/buildingsets/human/lowtech/alpha/int/stairs/util_stairs_platform_01x02_a.cgf
     34: objects/buildingsets/human/lowtech/alpha/int/stairs/util_stairs_a_rail_addon_light_a.cgf
     35: objects/buildingsets/human/lowtech/alpha/int/scaffold/util_scaffold_beam_v_straight_02_b.cgf
     36: data/objects/buildingsets/human/lowtech/alpha/int/stairs/util_stairs_a_rail_straight_01x01_b.cgf
     37: objects/buildingsets/human/lowtech/alpha/int/stairs/util_stairs_a_rail_straight_02x01_a.cgf
     38: data/objects/buildingsets/human/utilitarian/int/room_b/room_b_sm/addon/ladder/room_b_sm_refinery_ladder_start_a.cgf
     39: objects/buildingsets/human/lowtech/alpha/int/scaffold/util_scaffold_beam_v_straight_02_b_mirror.cgf
     40: data/objects/buildingsets/human/utilitarian/int/trim/set_a/util_trim_set_a_straight_4m_a.cgf
     41: data/objects/buildingsets/human/utilitarian/int/trim/set_a/util_trim_set_a_straight_1m_a.cgf
     42: data/objects/buildingsets/human/lowtech/alpha/int/stairs/util_stairs_platform_tri_02_b.cgf
     43: objects/buildingsets/human/lowtech/alpha/int/roomsm/floor/roomsm_floor_straight_04x01x0025_a.cgf
     44: objects/buildingsets/human/lowtech/alpha/int/roomsm/floor/roomsm_floor_straight_04x02x0025_a.cgf
     45: Data/ObjectContainers/PU/loc/mod/ugf/util/rm/sub/side/road/sub_ind_side_road_003_occu_001//Brush/designer_284.cgf
     46: Data/ObjectContainers/PU/loc/mod/ugf/util/rm/sub/side/road/sub_ind_side_road_003_occu_001//Brush/designer_275.cgf
     47: objects/buildingsets/human/lowtech/alpha/int/roomsm/floor/roomsm_floor_straight_04x02x0025_b.cgf
     48: objects/buildingsets/human/lowtech/alpha/int/hangar/roomsm/addon/roomsm_addon_rib_02x02x04_a.cgf
     49: objects/buildingsets/human/lowtech/alpha/int/hangar/roomsm/addon/roomsm_addon_rib_beam_01x04x02_b.cgf
     50: objects/buildingsets/human/lowtech/alpha/int/hangar/roomsm/ceiling/roomsm_ceiling_02x04x0025_a.cgf
     51: data/objects/buildingsets/human/lowtech/alpha/int/stairs/util_railing_45_set/util_stairs_a_rail_angle_45_cnr_in_2m_a_mirror.cgf
     52: data/objects/buildingsets/human/utilitarian/int/trim/set_a/util_trim_set_a_cnr_out_1m_a.cgf
     53: data/objects/buildingsets/human/utilitarian/int/trim/set_a/util_trim_set_a_cnr_in_1m_a.cgf
     54: data/objects/buildingsets/human/utilitarian/int/trim/set_a/util_trim_set_a_straight_2m_a.cgf
     55: objects/buildingsets/human/lowtech/alpha/int/roomsm/floor/roomsm_floor_straight_02x01x0025_a.cgf
     56: data/objects/buildingsets/human/lowtech/alpha/int/stairs/util_stairs_a_rail_straight_005x01_a.cgf
     57: data/objects/buildingsets/human/lowtech/alpha/int/stairs/util_stairs_a_rail_straight_01x01_a.cgf
     58: objects/buildingsets/human/lowtech/prop/light/light_ceiling_1_b.cgf
     59: data/objects/buildingsets/human/lowtech/alpha/int/stairs/util_railing_45_set/util_stairs_a_rail_angle_45_cnr_in_2m_a.cgf
     60: Data/ObjectContainers/PU/loc/mod/ugf/util/rm/sub/side/road/sub_ind_side_road_003_occu_001//Brush/designer_333.cgf
     61: objects/buildingsets/human/lowtech/alpha/int/stairs/util_stairs_platform_03x04_a.cgf
     62: Data/ObjectContainers/PU/loc/mod/ugf/util/rm/sub/side/road/sub_ind_side_road_003_occu_001//Brush/designer_330.cgf
     63: Data/ObjectContainers/PU/loc/mod/ugf/util/rm/sub/side/road/sub_ind_side_road_003_occu_001//Brush/designer_332.cgf
     64: objects/buildingsets/human/lowtech/alpha/int/stairs/util_stairs_platform_01x03_a.cgf
     65: objects/buildingsets/human/lowtech/alpha/int/stairs/util_stairs_a_rail_straight_04x01_a.cgf
     66: data/objects/buildingsets/human/lowtech/alpha/int/stairs/util_stairs_platform_04x04_a_addon_a.cgf
     67: data/objects/buildingsets/human/lowtech/alpha/int/stairs/util_stairs_a_rail_straight_03x01_cover.cgf
     68: objects/buildingsets/human/utilitarian/int/room_b/room_b_sm/addon/ladder/room_b_sm_refinery_ladder_end_a.cgf
     69: data/objects/buildingsets/human/lowtech/alpha/int/stairs/util_stairs_platform_01x03_a.cgf
     70: Data/ObjectContainers/PU/loc/mod/ugf/util/rm/sub/side/road/sub_ind_side_road_003_occu_001//Brush/designer_289.cgf
     71: Data/ObjectContainers/PU/loc/mod/ugf/util/rm/sub/side/road/sub_ind_side_road_003_occu_001//Brush/designer_288.cgf
     72: Data/ObjectContainers/PU/loc/mod/ugf/util/rm/sub/side/road/sub_ind_side_road_003_occu_001//Brush/designer_287.cgf
     73: Data/ObjectContainers/PU/loc/mod/ugf/util/rm/sub/side/road/sub_ind_side_road_003_occu_001//Brush/designer_286.cgf
     74: Data/ObjectContainers/PU/loc/mod/ugf/util/rm/sub/side/road/sub_ind_side_road_003_occu_001//Brush/designer_282.cgf
     75: Data/ObjectContainers/PU/loc/mod/ugf/util/rm/sub/side/road/sub_ind_side_road_003_occu_001//Brush/designer_281.cgf
     76: Data/ObjectContainers/PU/loc/mod/ugf/util/rm/sub/side/road/sub_ind_side_road_003_occu_001//Brush/designer_280.cgf
     77: Data/ObjectContainers/PU/loc/mod/ugf/util/rm/sub/side/road/sub_ind_side_road_003_occu_001//Brush/designer_279.cgf
     78: Data/ObjectContainers/PU/loc/mod/ugf/util/rm/sub/side/road/sub_ind_side_road_003_occu_001//Brush/designer_274.cgf
     79: Data/ObjectContainers/PU/loc/mod/ugf/util/rm/sub/side/road/sub_ind_side_road_003_occu_001//Brush/designer_273.cgf
     80: objects/buildingsets/human/lowtech/alpha/int/stairs/util_stairs_a_end_b.cgf
     81: data/objects/buildingsets/human/lowtech/alpha/int/stairs/util_stairs_a_rail_straight_02x01_cover.cgf

[Materials]
      0: materials/design/whitebox/wb_cover_a
      1: objects/buildingsets/human/utilitarian/ugf/util_ugf_a
      2: materials/design/whitebox/wb_art_grey_b
      3: materials/design/whitebox/wb_art_grey_a
      4: materials/design/whitebox/wb_art_grey_c

[Palettes]
      0: Libs/Foundry/Records/TintPalettes/default
      1: Libs/Foundry/Records/TintPalettes/Generic/gen_grey_darkgrey_orange_a<132>
      2: Libs/Foundry/Records/TintPalettes/Brand/UGF/UGF_lightgrey_darkgrey_yellow
      3: Libs/Foundry/Records/TintPalettes/Generic/gen_darkgrey_white_orange_a
      4: Libs/Foundry/Records/TintPalettes/Generic/gen_grey_darkgrey_orange_a<321>
      5: Libs/Foundry/Records/TintPalettes/generic/gen_grey_darkgrey_yellow<232>

[Placements]
  #0 Data/ObjectContainers/PU/loc/mod/ugf/util/rm/sub/side/road/sub_ind_side_road_003_occu_001//Brush/designer_331.cgf
    [-0.00000064012100026, -1.00000042674731060, 0.00000000000000000, 5.25000000000000000]
    [1.00000042674731060, -0.00000064012100026, 0.00000000000000000, -0.50000000000000000]
    [0.00000000000000000, 0.00000000000000000, 1.00000042674751533, 0.25000000000000000]
  #1 Data/ObjectContainers/PU/loc/mod/ugf/util/rm/sub/side/road/sub_ind_side_road_003_occu_001//Brush/designer_329.cgf
    [-0.00000064012100026, -1.00000042674731060, 0.00000000000000000, -5.00000000000000000]
    [1.00000042674731060, -0.00000064012100026, 0.00000000000000000, -0.50000000000000000]
    [0.00000000000000000, 0.00000000000000000, 1.00000042674751533, 0.25000000000000000]
  #2 Data/ObjectContainers/PU/loc/mod/ugf/util/rm/sub/side/road/sub_ind_side_road_003_occu_001//Brush/designer_334.cgf
    [-0.00000064012100026, -1.00000042674731060, 0.00000000000000000, 4.00000000000000000]
    [1.00000042674731060, -0.00000064012100026, 0.00000000000000000, 0.25000000000000000]
    [0.00000000000000000, 0.00000000000000000, 1.00000042674751533, 0.25000000000000000]
  #3 objects/buildingsets/human/lowtech/prop/storage/canister/canister_gas_1_a.cgf
    [0.50000002667169330, -0.50000002667169363, 0.70710704522299217, -6.00000000000000000]
    [-0.50000018670196067, 0.50000018670196023, 0.70710681890601834, 2.37500000000000000]
    [-0.70710693206451436, -0.70710693206451436, -0.00000000000000044, 0.25000000000000000]
  #4 objects/buildingsets/human/lowtech/prop/light/light_wall_03_a.cgf
    [-0.35172399878478450, 0.00000070344799579, 0.00000000000000000, -6.37500000000000000]
    [-0.00000070344799579, -0.35172399878478450, 0.00000000000000000, 17.58698199999997769]
    [0.00000000000000000, 0.00000000000000000, 0.35172399878548788, -0.00441700000000000]
  #5 objects/buildingsets/human/lowtech/prop/light/light_wall_03_a.cgf
    [-0.35172399878478450, 0.00000070344799579, 0.00000000000000000, -2.37500000000000000]
    [-0.00000070344799579, -0.35172399878478450, 0.00000000000000000, 17.58698199999997769]
    [0.00000000000000000, 0.00000000000000000, 0.35172399878548788, -0.00441700000000000]
  #6 objects/buildingsets/human/lowtech/prop/light/light_wall_03_a.cgf
    [-0.35172399878478450, 0.00000070344799579, 0.00000000000000000, 1.62500000000000000]
    [-0.00000070344799579, -0.35172399878478450, 0.00000000000000000, 17.58698199999997769]
    [0.00000000000000000, 0.00000000000000000, 0.35172399878548788, -0.00441700000000000]
  #7 objects/buildingsets/human/lowtech/prop/light/light_wall_03_a.cgf
    [-0.35172399878478450, 0.00000070344799579, 0.00000000000000000, -10.37500000000000000]
    [-0.00000070344799579, -0.35172399878478450, 0.00000000000000000, 17.58698199999997769]
    [0.00000000000000000, 0.00000000000000000, 0.35172399878548788, -0.00441700000000000]
  #8 objects/buildingsets/human/lowtech/prop/light/light_wall_03_a.cgf
    [-0.35172399878478450, 0.00000070344799579, 0.00000000000000000, 5.62500000000000000]
    [-0.00000070344799579, -0.35172399878478450, 0.00000000000000000, 17.58698199999997769]
    [0.00000000000000000, 0.00000000000000000, 0.35172399878548788, -0.00441700000000000]
  #9 objects/buildingsets/human/lowtech/prop/utilitarian/light/light_mobile_1_b_b.cgf
    [-1.00000000000000000, 0.00000000000000000, 0.00000000000000000, 6.25000000000000000]
    [0.00000000000000000, -1.00000000000000000, 0.00000000000000000, 1.87500000000000000]
    [0.00000000000000000, 0.00000000000000000, 1.00000000000000000, 0.00000000000000000]
  #10 objects/buildingsets/human/lowtech/alpha/int/stairs/util_stairs_a_cap_a.cgf
    [-0.00000064012100026, 1.00000042674731060, 0.00000000000000000, 6.00000399999998990]
    [-1.00000042674731060, -0.00000064012100026, -0.00000000000000000, 8.49999100000002272]
    [-0.00000000000000000, 0.00000000000000000, 1.00000042674751533, 0.00000000000000000]
  #11 data/objects/buildingsets/human/utilitarian/ugf/int/road/ugf_sub_road_floor_a.cgf
    [-0.00000064012100026, 1.00000042674731060, 0.00000000000000000, -8.00000000000000000]
    [-1.00000042674731060, -0.00000064012100026, -0.00000000000000000, 15.00000099999999748]
    [-0.00000000000000000, 0.00000000000000000, 1.00000042674751533, -0.25000000000000000]
  #12 objects/buildingsets/human/lowtech/alpha/int/hangar/floor/hangar_walkway_str_08m_addon_a.cgf
    [1.00000000000000000, 0.00000000000000000, 0.00000000000000000, 6.00038500000005115]
    [0.00000000000000000, 1.00000000000000000, 0.00000000000000000, 0.00000099999999748]
    [0.00000000000000000, 0.00000000000000000, 1.00000000000000000, -0.25000000000000000]
  #13 objects/buildingsets/human/lowtech/bravo/int/walkway/addon/walkway_addon_railing_cable_f.cgf
    [-0.70710823567003778, 0.70710613896567265, 0.00000000000000000, -5.87500000000000000]
    [-0.70710613896567265, -0.70710823567003778, 0.00000000000000000, 12.75000000000000000]
    [0.00000000000000000, 0.00000000000000000, 1.00000057435750267, 0.00000000000000000]
  #14 objects/buildingsets/human/lowtech/prop/storage/canister/canister_gas_1_a.cgf
    [0.70710739454380356, 0.70710630719099521, 0.00000000000000000, -8.84717000000000553]
    [-0.70710630719099521, 0.70710739454380356, -0.00000000000000000, 5.41275699999999915]
    [-0.00000000000000000, 0.00000000000000000, 1.00000009854390126, 0.00000000000000000]
  #15 Data/ObjectContainers/PU/loc/mod/ugf/util/rm/sub/side/road/sub_ind_side_road_003_occu_001//Brush/designer_271.cgf
    [0.64659702777862549, 0.00000000000000000, 0.00000000000000000, 0.00000000000000000]
    [0.00000000000000000, 0.64659702777862549, 0.00000000000000000, 32.25000000000000000]
    [0.00000000000000000, 0.00000000000000000, 0.64659702777862549, 3.00000000000000000]
  #16 Data/ObjectContainers/PU/loc/mod/ugf/util/rm/sub/side/road/sub_ind_side_road_003_occu_001//Brush/designer_272.cgf
    [-0.42261921521360130, -0.90630756604056173, 0.00000000000000000, 0.00000000000000000]
    [-0.00000016099674093, 0.00000007507420097, -1.00000020266502743, 32.75000000000000000]
    [0.90630756604054741, -0.42261921521359463, -0.00000017764032826, 3.00000000000000000]
  #17 Data/ObjectContainers/PU/loc/mod/ugf/util/rm/sub/side/road/sub_ind_side_road_003_occu_001//Brush/designer_276.cgf
    [1.00000042674751533, 0.00000000000000000, 0.00000000000000000, 0.00000000000000000]
    [0.00000000000000000, -0.00000064012100026, -1.00000042674731060, 32.75000000000000000]
    [0.00000000000000000, 1.00000042674731060, -0.00000064012100026, 3.00000000000000000]
  #18 Data/ObjectContainers/PU/loc/mod/ugf/util/rm/sub/side/road/sub_ind_side_road_003_occu_001//Brush/designer_277.cgf
    [0.70710687969162633, -0.70710661078533699, -0.00000054838249190, 0.00000000000000000]
    [0.00000059541649737, 0.00000137094682859, -0.99999994916080936, 32.75000000000000000]
    [0.70710661078529902, 0.70710687969051023, 0.00000139042894629, 3.00000000000000000]
  #19 Data/ObjectContainers/PU/loc/mod/ugf/util/rm/sub/side/road/sub_ind_side_road_003_occu_001//Brush/designer_278.cgf
    [0.70710687969162633, 0.70710661078533699, 0.00000054838249190, 0.00000000000000000]
    [-0.00000059541649737, 0.00000137094682859, -0.99999994916080936, 32.75000000000000000]
    [-0.70710661078529902, 0.70710687969051023, 0.00000139042894629, 3.00000000000000000]
  #20 Data/ObjectContainers/PU/loc/mod/ugf/util/rm/sub/side/road/sub_ind_side_road_003_occu_001//Brush/designer_283.cgf
    [-0.34202019757448854, 0.93969308743077995, 0.00000000000000000, 0.00000000000000000]
    [0.00000038553910161, 0.00000014032470960, -1.00000045705685325, 32.75000000000000000]
    [-0.93969308743070090, -0.34202019757445962, -0.00000041028212628, 3.00000000000000000]
  #21 Data/ObjectContainers/PU/loc/mod/ugf/util/rm/sub/side/road/sub_ind_side_road_003_occu_001//Brush/designer_285.cgf
    [0.69526398181915283, 0.00000000000000000, 0.00000000000000000, 0.00000000000000000]
    [0.00000000000000000, 0.69526398181915283, 0.00000000000000000, 33.25000000000000000]
    [0.00000000000000000, 0.00000000000000000, 0.69526398181915283, 3.00000000000000000]
  #22 objects/buildingsets/human/universal/prop/cable/cable_addons_pile_3_a.cgf
    [1.00000000000000000, 0.00000000000000000, 0.00000000000000000, -6.25000000000000000]
    [0.00000000000000000, 1.00000000000000000, 0.00000000000000000, 11.12500000000000000]
    [0.00000000000000000, 0.00000000000000000, 1.00000000000000000, 0.00000000000000000]
  #23 objects/buildingsets/human/lowtech/prop/utilitarian/improvised/improvised_cablespool_1_b.cgf
    [-0.70710823567003778, 0.70710613896567265, 0.00000000000000000, -9.00000000000000000]
    [-0.70710613896567265, -0.70710823567003778, 0.00000000000000000, 4.50000000000000000]
    [0.00000000000000000, 0.00000000000000000, 1.00000057435750267, 0.00000000000000000]
  #24 data/objects/buildingsets/human/utilitarian/int/room_b/room_b_sm/addon/ladder/room_b_sm_refinery_ladder_mid_1m_a.cgf
    [1.00000000000000000, 0.00000000000000000, 0.00000000000000000, 8.99810899999999947]
    [0.00000000000000000, 1.00000000000000000, 0.00000000000000000, 12.47348299999998744]
    [0.00000000000000000, 0.00000000000000000, 1.00000000000000000, -0.75000000000000000]
  #25 objects/buildingsets/human/lowtech/alpha/int/hangar/floor/hangar_walkway_cnr_04m_addon_a.cgf
    [-0.99999999999933320, -0.00000199999999495, 0.00000000000000000, -5.99997399999995196]
    [0.00000199999999495, -0.99999999999933320, 0.00000000000000000, 1.99995499999999993]
    [0.00000000000000000, 0.00000000000000000, 1.00000000000133338, -0.25000000000000000]
  #26 objects/buildingsets/human/lowtech/alpha/int/hangar/floor/hangar_walkway_str_04m_addon_a.cgf
    [0.00000222586295115, -1.00000042674518408, 0.00000000000000000, -6.00007600000003549]
    [1.00000042674518408, 0.00000222586295115, 0.00000000000000000, 16.00000699999998233]
    [0.00000000000000000, 0.00000000000000000, 1.00000042674766121, -0.25000000000000000]
  #27 objects/buildingsets/human/lowtech/alpha/int/hangar/floor/hangar_walkway_cnr_04m_addon_a.cgf
    [1.00000000000000000, 0.00000000000000000, 0.00000000000000000, 6.00000399999998990]
    [0.00000000000000000, 1.00000000000000000, 0.00000000000000000, 16.00000000000000000]
    [0.00000000000000000, 0.00000000000000000, 1.00000000000000000, -0.25000000000000000]
  #28 data/objects/buildingsets/human/utilitarian/ugf/int/common/road/set_a/floor/util_ugf_road_set_a_floor_a_straight_1m_a.cgf
    [-0.00000064012100026, -1.00000042674731060, 0.00000000000000000, -6.00000099999999748]
    [1.00000042674731060, -0.00000064012100026, 0.00000000000000000, 15.99999700000000757]
    [0.00000000000000000, 0.00000000000000000, 1.00000042674751533, -0.25000000000000000]
  #29 data/objects/buildingsets/human/utilitarian/ugf/int/common/road/set_a/floor/util_ugf_road_set_a_floor_a_cnr_in_2m_a.cgf
    [1.00000000000000000, 0.00000000000000000, 0.00000000000000000, 6.00000399999998990]
    [0.00000000000000000, 1.00000000000000000, 0.00000000000000000, 14.00000000000000000]
    [0.00000000000000000, 0.00000000000000000, 1.00000000000000000, -0.25000000000000000]
  #30 objects/buildingsets/human/lowtech/prop/utilitarian/improvised/improvised_cablespool_1_b.cgf
    [-0.70710823567003778, 0.70710613896567265, 0.00000000000000000, -8.00000000000000000]
    [-0.70710613896567265, -0.70710823567003778, 0.00000000000000000, 4.50000000000000000]
    [0.00000000000000000, 0.00000000000000000, 1.00000057435750267, 0.00000000000000000]
  #31 objects/buildingsets/human/lowtech/alpha/int/hangar/floor/hangar_walkway_str_04m_addon_a.cgf
    [-0.00000064012100026, 1.00000042674731060, 0.00000000000000000, -10.00001899999995203]
    [-1.00000042674731060, -0.00000064012100026, -0.00000000000000000, 5.00001500000001897]
    [-0.00000000000000000, 0.00000000000000000, 1.00000042674751533, -0.25000000000000000]
  #32 objects/buildingsets/human/lowtech/alpha/int/hangar/floor/hangar_walkway_str_08m_addon_a.cgf
    [-0.99999999999933320, -0.00000199999999495, 0.00000000000000000, -9.00000000000000000]
    [0.00000199999999495, -0.99999999999933320, 0.00000000000000000, 16.00002599999999120]
    [0.00000000000000000, 0.00000000000000000, 1.00000000000133338, -0.25000000000000000]
  #33 objects/buildingsets/human/lowtech/alpha/int/hangar/floor/hangar_walkway_str_08m_addon_a.cgf
    [0.00000222586295115, -1.00000042674518408, 0.00000000000000000, 6.00000000000000000]
    [1.00000042674518408, 0.00000222586295115, 0.00000000000000000, 16.00000000000000000]
    [0.00000000000000000, 0.00000000000000000, 1.00000042674766121, -0.25000000000000000]
  #34 data/objects/buildingsets/human/utilitarian/ugf/int/common/road/set_a/floor/util_ugf_road_set_a_floor_a_straight_4m_a.cgf
    [-1.00000000000000000, 0.00000000000000000, 0.00000000000000000, -9.00000099999999748]
    [0.00000000000000000, -1.00000000000000000, 0.00000000000000000, 14.00000000000000000]
    [0.00000000000000000, 0.00000000000000000, 1.00000000000000000, -0.25000000000000000]
  #35 data/objects/buildingsets/human/utilitarian/ugf/int/common/road/set_a/floor/util_ugf_road_set_a_floor_a_cnr_out_2m_a.cgf
    [-0.00000064012100026, 1.00000042674731060, 0.00000000000000000, -7.00000000000000000]
    [-1.00000042674731060, -0.00000064012100026, -0.00000000000000000, 5.00000000000000000]
    [-0.00000000000000000, 0.00000000000000000, 1.00000042674751533, -0.25000000000000000]
  #36 data/objects/buildingsets/human/utilitarian/ugf/int/common/road/set_a/floor/util_ugf_road_set_a_floor_a_straight_2m_a.cgf
    [-1.00000000000000000, 0.00000000000000000, 0.00000000000000000, -6.00000000000000000]
    [0.00000000000000000, -1.00000000000000000, 0.00000000000000000, 4.00000000000000000]
    [0.00000000000000000, 0.00000000000000000, 1.00000000000000000, -0.25000000000000000]
  #37 objects/buildingsets/human/lowtech/alpha/int/hangar/floor/hangar_walkway_str_04m_addon_a.cgf
    [-0.99999999999933320, -0.00000199999999495, 0.00000000000000000, -5.99998100000004797]
    [0.00000199999999495, -0.99999999999933320, 0.00000000000000000, 5.00000699999998233]
    [0.00000000000000000, 0.00000000000000000, 1.00000000000133338, -0.25000000000000000]
  #38 objects/buildingsets/human/lowtech/alpha/int/hangar/floor/hangar_walkway_cnr_04m_addon_a.cgf
    [-0.99999999999933320, -0.00000199999999495, 0.00000000000000000, -9.00001599999995960]
    [0.00000199999999495, -0.99999999999933320, 0.00000000000000000, 4.99995999999998730]
    [0.00000000000000000, 0.00000000000000000, 1.00000000000133338, -0.25000000000000000]
  #39 data/objects/buildingsets/human/utilitarian/ugf/int/common/road/set_a/floor/util_ugf_road_set_a_floor_a_straight_2m_a.cgf
    [-1.00000000000000000, 0.00000000000000000, 0.00000000000000000, -8.99999900000000252]
    [0.00000000000000000, -1.00000000000000000, 0.00000000000000000, 10.00000899999997728]
    [0.00000000000000000, 0.00000000000000000, 1.00000000000000000, -0.25000000000000000]
  #40 objects/buildingsets/human/lowtech/alpha/int/hangar/floor/hangar_walkway_str_04m_addon_a.cgf
    [0.00000222586295115, -1.00000042674518408, 0.00000000000000000, -2.00000000000000000]
    [1.00000042674518408, 0.00000222586295115, 0.00000000000000000, 16.00000000000000000]
    [0.00000000000000000, 0.00000000000000000, 1.00000042674766121, -0.25000000000000000]
  #41 data/objects/buildingsets/human/utilitarian/ugf/int/common/road/set_a/floor/util_ugf_road_set_a_floor_a_cnr_in_2m_a.cgf
    [-0.99999999999933320, -0.00000199999999495, 0.00000000000000000, -9.00000999999997475]
    [0.00000199999999495, -0.99999999999933320, 0.00000000000000000, 6.99991599999998471]
    [0.00000000000000000, 0.00000000000000000, 1.00000000000133338, -0.25000000000000000]
  #42 data/objects/buildingsets/human/utilitarian/ugf/int/common/road/set_a/floor/util_ugf_road_set_a_floor_a_straight_10m_a.cgf
    [-0.00000064012100026, -1.00000042674731060, 0.00000000000000000, 3.99999900000000252]
    [1.00000042674731060, -0.00000064012100026, 0.00000000000000000, 16.00000000000000000]
    [0.00000000000000000, 0.00000000000000000, 1.00000042674751533, -0.25000000000000000]
  #43 objects/buildingsets/human/lowtech/alpha/int/hangar/floor/hangar_walkway_str_08m_addon_a.cgf
    [1.00000000000000000, 0.00000000000000000, 0.00000000000000000, 5.99998700000003282]
    [0.00000000000000000, 1.00000000000000000, 0.00000000000000000, 8.00000000000000000]
    [0.00000000000000000, 0.00000000000000000, 1.00000000000000000, -0.25000000000000000]
  #44 objects/buildingsets/human/lowtech/alpha/int/hangar/floor/hangar_walkway_str_04m_addon_a.cgf
    [-0.99999999999933320, -0.00000199999999495, 0.00000000000000000, -9.00001399999996465]
    [0.00000199999999495, -0.99999999999933320, 0.00000000000000000, 8.00001300000002402]
    [0.00000000000000000, 0.00000000000000000, 1.00000000000133338, -0.25000000000000000]
  #45 data/objects/buildingsets/human/utilitarian/ugf/int/common/road/set_a/floor/util_ugf_road_set_a_floor_a_straight_1m_a.cgf
    [-1.00000000000000000, 0.00000000000000000, 0.00000000000000000, -8.99999800000000505]
    [0.00000000000000000, -1.00000000000000000, 0.00000000000000000, 8.00001099999997223]
    [0.00000000000000000, 0.00000000000000000, 1.00000000000000000, -0.25000000000000000]
  #46 data/objects/buildingsets/human/utilitarian/ugf/int/common/road/set_a/floor/util_ugf_road_set_a_floor_a_cnr_in_2m_a.cgf
    [0.00000222586295115, -1.00000042674518408, 0.00000000000000000, -6.99999300000001767]
    [1.00000042674518408, 0.00000222586295115, 0.00000000000000000, 15.99992200000002640]
    [0.00000000000000000, 0.00000000000000000, 1.00000042674766121, -0.25000000000000000]
  #47 objects/buildingsets/human/lowtech/alpha/int/hangar/floor/hangar_walkway_cnr_04m_addon_a.cgf
    [0.00000222586295115, -1.00000042674518408, 0.00000000000000000, -8.99999700000000757]
    [1.00000042674518408, 0.00000222586295115, 0.00000000000000000, 15.99999600000001010]
    [0.00000000000000000, 0.00000000000000000, 1.00000042674766121, -0.25000000000000000]
  #48 data/objects/buildingsets/human/utilitarian/ugf/int/common/road/set_a/floor/util_ugf_road_set_a_floor_a_straight_12m_a.cgf
    [1.00000000000000000, 0.00000000000000000, 0.00000000000000000, 6.00000000000000000]
    [0.00000000000000000, 1.00000000000000000, 0.00000000000000000, 2.00000000000000000]
    [0.00000000000000000, 0.00000000000000000, 1.00000000000000000, -0.25000000000000000]
  #49 data/objects/buildingsets/human/lowtech/prop/utilitarian/light/light_mobile_2_b.cgf
    [0.00000222586295115, 1.00000042674518408, 0.00000000000000000, -1.79733499999997548]
    [-1.00000042674518408, 0.00000222586295115, -0.00000000000000000, 11.93750000000000000]
    [-0.00000000000000000, 0.00000000000000000, 1.00000042674766121, -8.25000000000000000]
  #50 objects/buildingsets/human/lowtech/prop/light/light_hazard_1_a.cgf
    [-0.00000123318269808, -0.35172414888111136, 0.00000000000000000, 8.12500000000000000]
    [0.35172414888111136, -0.00000123318269808, 0.00000000000000000, 15.91301800000002231]
    [0.00000000000000000, 0.00000000000000000, 0.35172414888327319, -5.87941700000000012]
  #51 objects/buildingsets/human/lowtech/alpha/int/stairs/util_stairs_a_rail_cornerout_005x005_a.cgf
    [-0.00000064012100026, 1.00000042674731060, 0.00000000000000000, 9.49999800000000505]
    [-1.00000042674731060, -0.00000064012100026, -0.00000000000000000, 16.00000000000000000]
    [-0.00000000000000000, 0.00000000000000000, 1.00000042674751533, -7.00000000000000000]
  #52 data/objects/buildingsets/human/utilitarian/int/room_b/room_b_sm/addon/ladder/room_b_sm_refinery_ladder_mid_1m_a.cgf
    [1.00000000000000000, 0.00000000000000000, 0.00000000000000000, 8.99810899999999947]
    [0.00000000000000000, 1.00000000000000000, 0.00000000000000000, 12.47348299999998744]
    [0.00000000000000000, 0.00000000000000000, 1.00000000000000000, -2.75000000000000000]
  #53 objects/buildingsets/human/lowtech/alpha/int/stairs/util_stairs_platform_02x02_a.cgf
    [-1.00000000000000000, 0.00000000000000000, 0.00000000000000000, 7.00000000000000000]
    [0.00000000000000000, -1.00000000000000000, 0.00000000000000000, 13.00000000000000000]
    [0.00000000000000000, 0.00000000000000000, 1.00000000000000000, -7.00000000000000000]
  #54 objects/buildingsets/human/lowtech/alpha/int/stairs/util_stairs_platform_01x02_a.cgf
    [-1.00000000000000000, 0.00000000000000000, 0.00000000000000000, 7.00000000000000000]
    [0.00000000000000000, -1.00000000000000000, 0.00000000000000000, 16.00000000000000000]
    [0.00000000000000000, 0.00000000000000000, 1.00000000000000000, -7.00000000000000000]
  #55 objects/buildingsets/human/lowtech/alpha/int/stairs/util_stairs_a_rail_addon_light_a.cgf
    [-1.00000000000000000, 0.00000000000000000, 0.00000000000000000, 5.00000199999999495]
    [0.00000000000000000, -1.00000000000000000, 0.00000000000000000, 10.37499300000001767]
    [0.00000000000000000, 0.00000000000000000, 1.00000000000000000, -7.00000000000000000]
  #56 objects/buildingsets/human/lowtech/alpha/int/scaffold/util_scaffold_beam_v_straight_02_b.cgf
    [-1.00000000000000000, 0.00000000000000000, 0.00000000000000000, 5.62500000000000000]
    [0.00000000000000000, -1.00000000000000000, 0.00000000000000000, 13.12499900000000252]
    [0.00000000000000000, 0.00000000000000000, 1.00000000000000000, -9.25000000000000000]
  #57 objects/buildingsets/human/lowtech/prop/light/light_hazard_1_a.cgf
    [-0.35172399878478450, 0.00000070344799579, 0.00000000000000000, 5.08698200000003453]
    [-0.00000070344799579, -0.35172399878478450, 0.00000000000000000, 10.37500000000000000]
    [0.00000000000000000, 0.00000000000000000, 0.35172399878548788, -5.87941700000000012]
  #58 objects/buildingsets/human/lowtech/alpha/int/stairs/util_stairs_platform_01x02_a.cgf
    [-1.00000000000000000, 0.00000000000000000, 0.00000000000000000, 9.00000000000000000]
    [0.00000000000000000, -1.00000000000000000, 0.00000000000000000, 16.00000000000000000]
    [0.00000000000000000, 0.00000000000000000, 1.00000000000000000, -7.00000000000000000]
  #59 data/objects/buildingsets/human/utilitarian/int/room_b/room_b_sm/addon/ladder/room_b_sm_refinery_ladder_mid_1m_a.cgf
    [1.00000000000000000, 0.00000000000000000, 0.00000000000000000, 8.99810899999999947]
    [0.00000000000000000, 1.00000000000000000, 0.00000000000000000, 12.47348299999998744]
    [0.00000000000000000, 0.00000000000000000, 1.00000000000000000, -3.75000000000000000]
  #60 objects/buildingsets/human/lowtech/alpha/int/stairs/util_stairs_platform_02x02_a.cgf
    [-1.00000000000000000, 0.00000000000000000, 0.00000000000000000, 7.00000000000000000]
    [0.00000000000000000, -1.00000000000000000, 0.00000000000000000, 15.00000000000000000]
    [0.00000000000000000, 0.00000000000000000, 1.00000000000000000, -7.00000000000000000]
  #61 objects/buildingsets/human/lowtech/prop/light/light_hazard_1_a.cgf
    [0.35172399878501892, 0.00000000000000000, 0.00000000000000000, 9.91301799999996547]
    [0.00000000000000000, 0.35172399878501892, 0.00000000000000000, 14.37500000000000000]
    [0.00000000000000000, 0.00000000000000000, 0.35172399878501892, -5.87941700000000012]
  #62 data/objects/buildingsets/human/lowtech/alpha/int/stairs/util_stairs_a_rail_straight_01x01_b.cgf
    [-1.00000000000000000, 0.00000000000000000, 0.00000000000000000, 10.00000000000000000]
    [0.00000000000000000, -1.00000000000000000, 0.00000000000000000, 15.50000000000000000]
    [0.00000000000000000, 0.00000000000000000, 1.00000000000000000, -7.00000000000000000]
  #63 objects/buildingsets/human/lowtech/alpha/int/stairs/util_stairs_platform_01x02_a.cgf
    [-0.00000064012100026, 1.00000042674731060, 0.00000000000000000, 8.99999900000000252]
    [-1.00000042674731060, -0.00000064012100026, -0.00000000000000000, 12.00000199999999495]
    [-0.00000000000000000, 0.00000000000000000, 1.00000042674751533, -7.00000000000000000]
  #64 objects/buildingsets/human/lowtech/alpha/int/stairs/util_stairs_a_rail_straight_02x01_a.cgf
    [1.00000000000000000, 0.00000000000000000, 0.00000000000000000, 5.00000099999999748]
    [0.00000000000000000, 1.00000000000000000, 0.00000000000000000, 11.49999900000000252]
    [0.00000000000000000, 0.00000000000000000, 1.00000000000000000, -7.00000000000000000]
  #65 objects/buildingsets/human/lowtech/alpha/int/scaffold/util_scaffold_beam_v_straight_02_b.cgf
    [-1.00000000000000000, 0.00000000000000000, 0.00000000000000000, -2.37500000000000000]
    [0.00000000000000000, -1.00000000000000000, 0.00000000000000000, 13.12499900000000252]
    [0.00000000000000000, 0.00000000000000000, 1.00000000000000000, -10.25000000000000000]
  #66 objects/buildingsets/human/lowtech/alpha/int/stairs/util_stairs_platform_02x02_a.cgf
    [-1.00000000000000000, 0.00000000000000000, 0.00000000000000000, 9.00000000000000000]
    [0.00000000000000000, -1.00000000000000000, 0.00000000000000000, 15.00000000000000000]
    [0.00000000000000000, 0.00000000000000000, 1.00000000000000000, -7.00000000000000000]
  #67 data/objects/buildingsets/human/utilitarian/int/room_b/room_b_sm/addon/ladder/room_b_sm_refinery_ladder_start_a.cgf
    [1.00000000000000000, 0.00000000000000000, 0.00000000000000000, 8.99810899999999947]
    [0.00000000000000000, 1.00000000000000000, 0.00000000000000000, 12.47348299999998744]
    [0.00000000000000000, 0.00000000000000000, 1.00000000000000000, -6.75000000000000000]
  #68 objects/buildingsets/human/lowtech/alpha/int/stairs/util_stairs_a_rail_straight_02x01_a.cgf
    [-1.00000000000000000, 0.00000000000000000, 0.00000000000000000, 10.00000000000000000]
    [0.00000000000000000, -1.00000000000000000, 0.00000000000000000, 13.50000000000000000]
    [0.00000000000000000, 0.00000000000000000, 1.00000000000000000, -7.00000000000000000]
  #69 objects/buildingsets/human/lowtech/alpha/int/stairs/util_stairs_a_rail_cornerout_005x005_a.cgf
    [-1.00000000000000000, 0.00000000000000000, 0.00000000000000000, 10.00000000000000000]
    [0.00000000000000000, -1.00000000000000000, 0.00000000000000000, 8.50000000000000000]
    [0.00000000000000000, 0.00000000000000000, 1.00000000000000000, -7.00000000000000000]
  #70 objects/buildingsets/human/lowtech/alpha/int/stairs/util_stairs_platform_01x02_a.cgf
    [-0.00000064012100026, 1.00000042674731060, 0.00000000000000000, 9.00000000000000000]
    [-1.00000042674731060, -0.00000064012100026, -0.00000000000000000, 16.00000000000000000]
    [-0.00000000000000000, 0.00000000000000000, 1.00000042674751533, -7.00000000000000000]
  #71 data/objects/buildingsets/human/lowtech/alpha/int/stairs/util_stairs_a_rail_straight_01x01_b.cgf
    [1.00000000000000000, 0.00000000000000000, 0.00000000000000000, 5.00000199999999495]
    [0.00000000000000000, 1.00000000000000000, 0.00000000000000000, 14.49999900000000252]
    [0.00000000000000000, 0.00000000000000000, 1.00000000000000000, -7.00000000000000000]
  #72 objects/buildingsets/human/lowtech/alpha/int/stairs/util_stairs_platform_01x02_a.cgf
    [-1.00000000000000000, 0.00000000000000000, 0.00000000000000000, 6.99999900000000252]
    [0.00000000000000000, -1.00000000000000000, 0.00000000000000000, 11.00000499999998738]
    [0.00000000000000000, 0.00000000000000000, 1.00000000000000000, -7.00000000000000000]
  #73 data/objects/buildingsets/human/lowtech/alpha/int/stairs/util_stairs_a_rail_straight_01x01_b.cgf
    [-0.00000064012100026, 1.00000042674731060, 0.00000000000000000, 5.49999800000000505]
    [-1.00000042674731060, -0.00000064012100026, -0.00000000000000000, 16.00000000000000000]
    [-0.00000000000000000, 0.00000000000000000, 1.00000042674751533, -7.00000000000000000]
  #74 objects/buildingsets/human/lowtech/alpha/int/scaffold/util_scaffold_beam_v_straight_02_b_mirror.cgf
    [1.00000000000000000, 0.00000000000000000, 0.00000000000000000, -2.37500000000000000]
    [0.00000000000000000, 1.00000000000000000, 0.00000000000000000, 9.12500000000000000]
    [0.00000000000000000, 0.00000000000000000, 1.00000000000000000, -10.25000000000000000]
  #75 objects/buildingsets/human/lowtech/alpha/int/scaffold/util_scaffold_beam_v_straight_02_b.cgf
    [0.00000000000000000, -1.00000000000000000, 0.00000000000000000, 5.62502700000004552]
    [0.00000000000000000, 0.00000000000000000, -1.00000000000000000, 12.87499900000000252]
    [1.00000000000000000, 0.00000000000000000, 0.00000000000000000, -7.50000000000000000]
  #76 objects/buildingsets/human/lowtech/alpha/int/stairs/util_stairs_platform_02x02_a.cgf
    [-1.00000000000000000, 0.00000000000000000, 0.00000000000000000, 9.00000000000000000]
    [0.00000000000000000, -1.00000000000000000, 0.00000000000000000, 13.00000000000000000]
    [0.00000000000000000, 0.00000000000000000, 1.00000000000000000, -7.00000000000000000]
  #77 data/objects/buildingsets/human/lowtech/alpha/int/stairs/util_stairs_a_rail_straight_01x01_b.cgf
    [-1.00000000000000000, 0.00000000000000000, 0.00000000000000000, 10.00000000000000000]
    [0.00000000000000000, -1.00000000000000000, 0.00000000000000000, 14.50000000000000000]
    [0.00000000000000000, 0.00000000000000000, 1.00000000000000000, -7.00000000000000000]
  #78 data/objects/buildingsets/human/utilitarian/int/room_b/room_b_sm/addon/ladder/room_b_sm_refinery_ladder_mid_1m_a.cgf
    [1.00000000000000000, 0.00000000000000000, 0.00000000000000000, 8.99810899999999947]
    [0.00000000000000000, 1.00000000000000000, 0.00000000000000000, 12.47348299999998744]
    [0.00000000000000000, 0.00000000000000000, 1.00000000000000000, -1.75000000000000000]
  #79 objects/buildingsets/human/lowtech/alpha/int/stairs/util_stairs_platform_02x02_a.cgf
    [-1.00000000000000000, 0.00000000000000000, 0.00000000000000000, 9.00000000000000000]
    [0.00000000000000000, -1.00000000000000000, 0.00000000000000000, 11.00000000000000000]
    [0.00000000000000000, 0.00000000000000000, 1.00000000000000000, -7.00000000000000000]
  #80 objects/buildingsets/human/lowtech/alpha/int/scaffold/util_scaffold_beam_v_straight_02_b.cgf
    [-1.00000000000000000, 0.00000000000000000, 0.00000000000000000, 8.62500000000000000]
    [0.00000000000000000, -1.00000000000000000, 0.00000000000000000, 16.12499900000000252]
    [0.00000000000000000, 0.00000000000000000, 1.00000000000000000, -9.25000000000000000]
  #81 objects/buildingsets/human/lowtech/prop/light/light_hazard_1_a.cgf
    [0.35172399878501892, 0.00000000000000000, 0.00000000000000000, 9.91301799999996547]
    [0.00000000000000000, 0.35172399878501892, 0.00000000000000000, 10.37500000000000000]
    [0.00000000000000000, 0.00000000000000000, 0.35172399878501892, -5.87941700000000012]
  #82 objects/buildingsets/human/lowtech/alpha/int/stairs/util_stairs_a_rail_addon_light_a.cgf
    [-0.00000064012100026, -1.00000042674731060, 0.00000000000000000, 8.12499300000001767]
    [1.00000042674731060, -0.00000064012100026, 0.00000000000000000, 15.99999800000000505]
    [0.00000000000000000, 0.00000000000000000, 1.00000042674751533, -7.00000000000000000]
  #83 objects/buildingsets/human/lowtech/alpha/int/scaffold/util_scaffold_beam_v_straight_02_b.cgf
    [-1.00000000000000000, 0.00000000000000000, 0.00000000000000000, 5.62500000000000000]
    [0.00000000000000000, -1.00000000000000000, 0.00000000000000000, 15.12499900000000252]
    [0.00000000000000000, 0.00000000000000000, 1.00000000000000000, -9.25000000000000000]
  #84 objects/buildingsets/human/lowtech/prop/light/light_hazard_1_a.cgf
    [-0.35172399878478450, 0.00000070344799579, 0.00000000000000000, 5.08698200000003453]
    [-0.00000070344799579, -0.35172399878478450, 0.00000000000000000, 14.37500000000000000]
    [0.00000000000000000, 0.00000000000000000, 0.35172399878548788, -5.87941700000000012]
  #85 objects/buildingsets/human/lowtech/alpha/int/stairs/util_stairs_a_rail_addon_light_a.cgf
    [1.00000000000000000, 0.00000000000000000, 0.00000000000000000, 9.99999800000000505]
    [0.00000000000000000, 1.00000000000000000, 0.00000000000000000, 14.37500699999998233]
    [0.00000000000000000, 0.00000000000000000, 1.00000000000000000, -7.00000000000000000]
  #86 objects/buildingsets/human/lowtech/alpha/int/stairs/util_stairs_a_rail_addon_light_a.cgf
    [1.00000000000000000, 0.00000000000000000, 0.00000000000000000, 9.99999800000000505]
    [0.00000000000000000, 1.00000000000000000, 0.00000000000000000, 10.37500699999998233]
    [0.00000000000000000, 0.00000000000000000, 1.00000000000000000, -7.00000000000000000]
  #87 data/objects/buildingsets/human/lowtech/alpha/int/stairs/util_stairs_a_rail_straight_01x01_b.cgf
    [-0.00000064012100026, 1.00000042674731060, 0.00000000000000000, 8.49999800000000505]
    [-1.00000042674731060, -0.00000064012100026, -0.00000000000000000, 16.00000000000000000]
    [-0.00000000000000000, 0.00000000000000000, 1.00000042674751533, -7.00000000000000000]
  #88 data/objects/buildingsets/human/utilitarian/int/trim/set_a/util_trim_set_a_straight_4m_a.cgf
    [1.00000000000000000, 0.00000000000000000, 0.00000000000000000, -7.49999800000000505]
    [0.00000000000000000, 1.00000000000000000, 0.00000000000000000, 15.49999700000000757]
    [0.00000000000000000, 0.00000000000000000, 1.00000000000000000, -2.50000000000000000]
  #89 data/objects/buildingsets/human/utilitarian/int/trim/set_a/util_trim_set_a_straight_1m_a.cgf
    [-0.99999999999933320, -0.00000199999999495, 0.00000000000000000, -6.50002099999994698]
    [0.00000199999999495, -0.99999999999933320, 0.00000000000000000, 5.49999500000001262]
    [0.00000000000000000, 0.00000000000000000, 1.00000000000133338, -2.50000000000000000]
  #90 data/objects/buildingsets/human/utilitarian/int/trim/set_a/util_trim_set_a_straight_4m_a.cgf
    [-0.00000350610905807, 1.00000042674396106, 0.00000000000000000, 5.50000000000000000]
    [-1.00000042674396106, -0.00000350610905807, -0.00000000000000000, 14.49996700000002647]
    [-0.00000000000000000, 0.00000000000000000, 1.00000042675010747, -2.50000000000000000]
  #91 objects/buildingsets/human/lowtech/alpha/int/stairs/util_stairs_platform_01x02_a.cgf
    [-1.00000000000000000, 0.00000000000000000, 0.00000000000000000, 8.99999900000000252]
    [0.00000000000000000, -1.00000000000000000, 0.00000000000000000, 9.00000499999998738]
    [0.00000000000000000, 0.00000000000000000, 1.00000000000000000, -7.00000000000000000]
  #92 data/objects/buildingsets/human/utilitarian/int/trim/set_a/util_trim_set_a_straight_4m_a.cgf
    [0.00000222586295115, -1.00000042674518408, 0.00000000000000000, -8.50001899999995203]
    [1.00000042674518408, 0.00000222586295115, 0.00000000000000000, 6.49999900000000252]
    [0.00000000000000000, 0.00000000000000000, 1.00000042674766121, -2.50000000000000000]
  #93 data/objects/buildingsets/human/lowtech/alpha/int/stairs/util_stairs_platform_tri_02_b.cgf
    [-1.00000000000000000, 0.00000000000000000, 0.00000000000000000, 6.99999900000000252]
    [0.00000000000000000, -1.00000000000000000, 0.00000000000000000, 10.00000499999998738]
    [0.00000000000000000, 0.00000000000000000, 1.00000000000000000, -7.00000000000000000]
  #94 objects/buildingsets/human/lowtech/alpha/int/scaffold/util_scaffold_beam_v_straight_02_b.cgf
    [-1.00000000000000000, 0.00000000000000000, 0.00000000000000000, 7.62501599999995960]
    [0.00000000000000000, -1.00000000000000000, 0.00000000000000000, 13.12499900000000252]
    [0.00000000000000000, 0.00000000000000000, 1.00000000000000000, -10.25000000000000000]
  #95 data/objects/buildingsets/human/lowtech/alpha/int/stairs/util_stairs_a_rail_straight_01x01_b.cgf
    [1.00000000000000000, 0.00000000000000000, 0.00000000000000000, 5.00000099999999748]
    [0.00000000000000000, 1.00000000000000000, 0.00000000000000000, 13.49999900000000252]
    [0.00000000000000000, 0.00000000000000000, 1.00000000000000000, -7.00000000000000000]
  #96 objects/buildingsets/human/lowtech/alpha/int/roomsm/floor/roomsm_floor_straight_04x01x0025_a.cgf
    [-0.00000064012127343, -1.00000085349446177, 0.00000000000000000, 5.49998300000004292]
    [-1.00000085349446177, 0.00000064012127299, 0.00000000000000000, 11.49998799999997345]
    [-0.00000000000000000, 0.00000000000000000, -1.00000085349466694, -1.75000000000000000]
  #97 objects/buildingsets/human/lowtech/alpha/int/roomsm/floor/roomsm_floor_straight_04x02x0025_a.cgf
    [-0.00000064012127343, -1.00000085349446177, 0.00000000000000000, 0.49998300000004292]
    [-1.00000085349446177, 0.00000064012127299, 0.00000000000000000, 7.49998699999997598]
    [-0.00000000000000000, 0.00000000000000000, -1.00000085349466694, -1.75000000000000000]
  #98 data/objects/buildingsets/human/utilitarian/int/room_b/room_b_sm/addon/ladder/room_b_sm_refinery_ladder_mid_1m_a.cgf
    [1.00000000000000000, 0.00000000000000000, 0.00000000000000000, 8.99810899999999947]
    [0.00000000000000000, 1.00000000000000000, 0.00000000000000000, 12.47348299999998744]
    [0.00000000000000000, 0.00000000000000000, 1.00000000000000000, -4.75000000000000000]
  #99 objects/buildingsets/human/lowtech/alpha/int/stairs/util_stairs_platform_01x02_a.cgf
    [-0.00000064012100026, 1.00000042674731060, 0.00000000000000000, 9.00000000000000000]
    [-1.00000042674731060, -0.00000064012100026, -0.00000000000000000, 14.00002699999998867]
    [-0.00000000000000000, 0.00000000000000000, 1.00000042674751533, -7.00000000000000000]
  #100 Data/ObjectContainers/PU/loc/mod/ugf/util/rm/sub/side/road/sub_ind_side_road_003_occu_001//Brush/designer_284.cgf
    [-0.93968692425164224, -0.34202071188282190, -0.00000000000000003, 0.00000000000000000]
    [0.00000021027805001, -0.00000057772973164, -0.99999484146967765, 32.75000000000000000]
    [0.34202071188275729, -0.93968692425146449, 0.00000061480769414, 3.00000000000000000]
  #101 Data/ObjectContainers/PU/loc/mod/ugf/util/rm/sub/side/road/sub_ind_side_road_003_occu_001//Brush/designer_275.cgf
    [-0.90630763589828101, 0.42261846858621077, 0.00000031015658492, 0.00000000000000000]
    [0.00000029407072352, 0.00000136452889442, -0.99999995043791512, 32.75000000000000000]
    [-0.42261846858622226, -0.90630763589730678, -0.00000136096274289, 3.00000000000000000]
  #102 objects/buildingsets/human/lowtech/alpha/int/roomsm/floor/roomsm_floor_straight_04x02x0025_b.cgf
    [-0.00000064012127343, -1.00000085349446177, 0.00000000000000000, -4.50001699999995708]
    [-1.00000085349446177, 0.00000064012127299, 0.00000000000000000, 11.49998699999997598]
    [-0.00000000000000000, 0.00000000000000000, -1.00000085349466694, -1.75000000000000000]
  #103 objects/buildingsets/human/lowtech/alpha/int/hangar/roomsm/addon/roomsm_addon_rib_02x02x04_a.cgf
    [-0.00000350611055429, 1.00000085349125789, 0.00000000000000000, -3.49998300000004292]
    [1.00000085349125789, 0.00000350611055440, 0.00000000000000000, 7.99984499999999343]
    [0.00000000000000000, 0.00000000000000000, -1.00000085349740431, -6.00000000000000000]
  #104 objects/buildingsets/human/lowtech/alpha/int/hangar/roomsm/addon/roomsm_addon_rib_beam_01x04x02_b.cgf
    [-1.00000000000000000, 0.00000000000000000, 0.00000000000000000, 3.49998300000004292]
    [0.00000000000000000, -1.00000000000000000, 0.00000000000000000, 15.49998799999997345]
    [0.00000000000000000, 0.00000000000000000, 1.00000000000000000, -1.25000000000000000]
  #105 objects/buildingsets/human/lowtech/alpha/int/hangar/roomsm/ceiling/roomsm_ceiling_02x04x0025_a.cgf
    [-1.00000000000000000, 0.00000000000000000, 0.00000000000000000, 2.49998400000004040]
    [0.00000000000000000, -1.00000000000000000, 0.00000000000000000, 3.49998799999997345]
    [0.00000000000000000, 0.00000000000000000, 1.00000000000000000, -1.75000000000000000]
  #106 objects/buildingsets/human/lowtech/alpha/int/scaffold/util_scaffold_beam_v_straight_02_b.cgf
    [-1.00000000000000000, 0.00000000000000000, 0.00000000000000000, 7.12500000000000000]
    [0.00000000000000000, -1.00000000000000000, 0.00000000000000000, 16.12499900000000252]
    [0.00000000000000000, 0.00000000000000000, 1.00000000000000000, -9.25000000000000000]
  #107 data/objects/buildingsets/human/lowtech/alpha/int/stairs/util_railing_45_set/util_stairs_a_rail_angle_45_cnr_in_2m_a_mirror.cgf
    [1.00000000000000000, 0.00000000000000000, 0.00000000000000000, 5.00000099999999748]
    [0.00000000000000000, 1.00000000000000000, 0.00000000000000000, 10.99999900000000252]
    [0.00000000000000000, 0.00000000000000000, 1.00000000000000000, -7.00000000000000000]
  #108 data/objects/buildingsets/human/utilitarian/int/trim/set_a/util_trim_set_a_cnr_out_1m_a.cgf
    [0.00000222586295115, -1.00000042674518408, 0.00000000000000000, -8.50000000000000000]
    [1.00000042674518408, 0.00000222586295115, 0.00000000000000000, 14.49999900000000252]
    [0.00000000000000000, 0.00000000000000000, 1.00000042674766121, -2.50000000000000000]
  #109 objects/buildingsets/human/lowtech/alpha/int/stairs/util_stairs_a_rail_cornerout_005x005_a.cgf
    [1.00000000000000000, 0.00000000000000000, 0.00000000000000000, 4.99999500000001262]
    [0.00000000000000000, 1.00000000000000000, 0.00000000000000000, 15.50000000000000000]
    [0.00000000000000000, 0.00000000000000000, 1.00000000000000000, -7.00000000000000000]
  #110 data/objects/buildingsets/human/utilitarian/int/trim/set_a/util_trim_set_a_cnr_in_1m_a.cgf
    [0.00000222586295115, -1.00000042674518408, 0.00000000000000000, -5.50002300000005562]
    [1.00000042674518408, 0.00000222586295115, 0.00000000000000000, 4.49999300000001767]
    [0.00000000000000000, 0.00000000000000000, 1.00000042674766121, -2.50000000000000000]
  #111 data/objects/buildingsets/human/utilitarian/int/trim/set_a/util_trim_set_a_cnr_out_1m_a.cgf
    [1.00000000000000000, 0.00000000000000000, 0.00000000000000000, 4.50000199999999495]
    [0.00000000000000000, 1.00000000000000000, 0.00000000000000000, 15.49997000000001890]
    [0.00000000000000000, 0.00000000000000000, 1.00000000000000000, -2.50000000000000000]
  #112 objects/buildingsets/human/lowtech/alpha/int/hangar/roomsm/addon/roomsm_addon_rib_02x02x04_a.cgf
    [-0.00000064012127343, -1.00000085349446177, 0.00000000000000000, 3.50001799999995455]
    [-1.00000085349446177, 0.00000064012127299, 0.00000000000000000, 7.99985099999997828]
    [-0.00000000000000000, 0.00000000000000000, -1.00000085349466694, -6.00000000000000000]
  #113 objects/buildingsets/human/lowtech/alpha/int/stairs/util_stairs_platform_01x02_a.cgf
    [-0.00000064012100026, 1.00000042674731060, 0.00000000000000000, 8.99999900000000252]
    [-1.00000042674731060, -0.00000064012100026, -0.00000000000000000, 10.00000399999998990]
    [-0.00000000000000000, 0.00000000000000000, 1.00000042674751533, -7.00000000000000000]
  #114 objects/buildingsets/human/lowtech/alpha/int/hangar/roomsm/addon/roomsm_addon_rib_beam_01x04x02_b.cgf
    [-1.00000000000000000, 0.00000000000000000, 0.00000000000000000, 3.49998300000004292]
    [0.00000000000000000, -1.00000000000000000, 0.00000000000000000, 7.99998799999997345]
    [0.00000000000000000, 0.00000000000000000, 1.00000000000000000, -1.25000000000000000]
  #115 objects/buildingsets/human/lowtech/alpha/int/hangar/roomsm/ceiling/roomsm_ceiling_02x04x0025_a.cgf
    [-1.00000000000000000, 0.00000000000000000, 0.00000000000000000, -6.50001699999995708]
    [0.00000000000000000, -1.00000000000000000, 0.00000000000000000, 11.49998699999997598]
    [0.00000000000000000, 0.00000000000000000, 1.00000000000000000, -1.75000000000000000]
  #116 data/objects/buildingsets/human/utilitarian/int/trim/set_a/util_trim_set_a_straight_2m_a.cgf
    [-0.00000350610905807, 1.00000042674396106, 0.00000000000000000, 5.49997199999995701]
    [-1.00000042674396106, -0.00000350610905807, -0.00000000000000000, 2.49996700000002647]
    [-0.00000000000000000, 0.00000000000000000, 1.00000042675010747, -2.50000000000000000]
  #117 objects/buildingsets/human/lowtech/alpha/int/hangar/roomsm/ceiling/roomsm_ceiling_02x04x0025_a.cgf
    [-1.00000000000000000, 0.00000000000000000, 0.00000000000000000, 4.49998400000004040]
    [0.00000000000000000, -1.00000000000000000, 0.00000000000000000, 3.49998799999997345]
    [0.00000000000000000, 0.00000000000000000, 1.00000000000000000, -1.75000000000000000]
  #118 objects/buildingsets/human/lowtech/alpha/int/scaffold/util_scaffold_beam_v_straight_02_b.cgf
    [-1.00000000000000000, 0.00000000000000000, 0.00000000000000000, 7.62501599999995960]
    [0.00000000000000000, -1.00000000000000000, 0.00000000000000000, 11.12499900000000252]
    [0.00000000000000000, 0.00000000000000000, 1.00000000000000000, -10.25000000000000000]
  #119 objects/buildingsets/human/lowtech/alpha/int/roomsm/floor/roomsm_floor_straight_02x01x0025_a.cgf
    [-0.00000064012127343, -1.00000085349446177, 0.00000000000000000, -4.50001699999995708]
    [-1.00000085349446177, 0.00000064012127299, 0.00000000000000000, 5.49998799999997345]
    [-0.00000000000000000, 0.00000000000000000, -1.00000085349466694, -1.75000000000000000]
  #120 data/objects/buildingsets/human/lowtech/alpha/int/stairs/util_stairs_a_rail_straight_01x01_b.cgf
    [-1.00000000000000000, 0.00000000000000000, 0.00000000000000000, 10.00000000000000000]
    [0.00000000000000000, -1.00000000000000000, 0.00000000000000000, 9.50000000000000000]
    [0.00000000000000000, 0.00000000000000000, 1.00000000000000000, -7.00000000000000000]
  #121 objects/buildingsets/human/lowtech/alpha/int/roomsm/floor/roomsm_floor_straight_04x01x0025_a.cgf
    [-0.00000064012127343, -1.00000085349446177, 0.00000000000000000, -1.50001699999995708]
    [-1.00000085349446177, 0.00000064012127299, 0.00000000000000000, 11.49998699999997598]
    [-0.00000000000000000, 0.00000000000000000, -1.00000085349466694, -1.75000000000000000]
  #122 objects/buildingsets/human/lowtech/alpha/int/hangar/roomsm/ceiling/roomsm_ceiling_02x04x0025_a.cgf
    [-1.00000000000000000, 0.00000000000000000, 0.00000000000000000, -2.50001599999995960]
    [0.00000000000000000, -1.00000000000000000, 0.00000000000000000, 7.49998699999997598]
    [0.00000000000000000, 0.00000000000000000, 1.00000000000000000, -1.75000000000000000]
  #123 objects/buildingsets/human/lowtech/alpha/int/roomsm/floor/roomsm_floor_straight_04x01x0025_a.cgf
    [-0.00000064012127343, -1.00000085349446177, 0.00000000000000000, 5.49998300000004292]
    [-1.00000085349446177, 0.00000064012127299, 0.00000000000000000, 7.49998799999997345]
    [-0.00000000000000000, 0.00000000000000000, -1.00000085349466694, -1.75000000000000000]
  #124 objects/buildingsets/human/lowtech/alpha/int/roomsm/floor/roomsm_floor_straight_04x02x0025_b.cgf
    [-0.00000064012127343, -1.00000085349446177, 0.00000000000000000, 0.49998300000004292]
    [-1.00000085349446177, 0.00000064012127299, 0.00000000000000000, 11.49998699999997598]
    [-0.00000000000000000, 0.00000000000000000, -1.00000085349466694, -1.75000000000000000]
  #125 objects/buildingsets/human/lowtech/alpha/int/hangar/roomsm/ceiling/roomsm_ceiling_02x04x0025_a.cgf
    [-1.00000000000000000, 0.00000000000000000, 0.00000000000000000, 2.49998300000004292]
    [0.00000000000000000, -1.00000000000000000, 0.00000000000000000, 15.49998799999997345]
    [0.00000000000000000, 0.00000000000000000, 1.00000000000000000, -1.75000000000000000]
  #126 objects/buildingsets/human/lowtech/alpha/int/hangar/roomsm/addon/roomsm_addon_rib_beam_01x04x02_b.cgf
    [-1.00000000000000000, 0.00000000000000000, 0.00000000000000000, -3.50001699999995708]
    [0.00000000000000000, -1.00000000000000000, 0.00000000000000000, 3.99998799999997345]
    [0.00000000000000000, 0.00000000000000000, 1.00000000000000000, -1.25000000000000000]
  #127 objects/buildingsets/human/lowtech/alpha/int/hangar/roomsm/addon/roomsm_addon_rib_02x02x04_a.cgf
    [-1.00000000000000000, 0.00000000000000000, 0.00000000000000000, -3.49998300000004292]
    [0.00000000000000000, 1.00000000000000000, 0.00000000000000000, 7.99984499999999343]
    [0.00000000000000000, 0.00000000000000000, -1.00000000000000000, -6.00000000000000000]
  #128 objects/buildingsets/human/lowtech/alpha/int/hangar/roomsm/addon/roomsm_addon_rib_02x02x04_a.cgf
    [1.00000000000000000, 0.00000000000000000, 0.00000000000000000, -4.49998300000004292]
    [0.00000000000000000, -1.00000000000000000, 0.00000000000000000, 7.99984499999999343]
    [0.00000000000000000, 0.00000000000000000, -1.00000000000000000, -6.00000000000000000]
  #129 data/objects/buildingsets/human/lowtech/alpha/int/stairs/util_stairs_a_rail_straight_005x01_a.cgf
    [1.00000000000000000, 0.00000000000000000, 0.00000000000000000, 5.00000099999999748]
    [0.00000000000000000, 1.00000000000000000, 0.00000000000000000, 10.99999900000000252]
    [0.00000000000000000, 0.00000000000000000, 1.00000000000000000, -7.00000000000000000]
  #130 objects/buildingsets/human/lowtech/alpha/int/scaffold/util_scaffold_beam_v_straight_02_b.cgf
    [-1.00000000000000000, 0.00000000000000000, 0.00000000000000000, 7.62500000000000000]
    [0.00000000000000000, -1.00000000000000000, 0.00000000000000000, 15.12499900000000252]
    [0.00000000000000000, 0.00000000000000000, 1.00000000000000000, -9.25000000000000000]
  #131 objects/buildingsets/human/lowtech/alpha/int/stairs/util_stairs_a_rail_straight_02x01_a.cgf
    [-0.00000064012100026, 1.00000042674731060, 0.00000000000000000, 6.50000399999998990]
    [-1.00000042674731060, -0.00000064012100026, -0.00000000000000000, 15.99999900000000252]
    [-0.00000000000000000, 0.00000000000000000, 1.00000042674751533, -7.00000000000000000]
  #132 data/objects/buildingsets/human/lowtech/alpha/int/stairs/util_stairs_a_rail_straight_01x01_a.cgf
    [-0.00000064012100026, -1.00000042674731060, 0.00000000000000000, 9.50000099999999748]
    [1.00000042674731060, -0.00000064012100026, 0.00000000000000000, 7.99999900000000252]
    [0.00000000000000000, 0.00000000000000000, 1.00000042674751533, -7.00000000000000000]
  #133 objects/buildingsets/human/lowtech/alpha/int/hangar/roomsm/addon/roomsm_addon_rib_02x02x04_a.cgf
    [-0.00000064012100026, -1.00000042674731060, 0.00000000000000000, 3.50001799999995455]
    [1.00000042674731060, -0.00000064012100026, 0.00000000000000000, 7.99985099999997828]
    [0.00000000000000000, 0.00000000000000000, 1.00000042674751533, -6.00000000000000000]
  #134 data/objects/buildingsets/human/utilitarian/int/trim/set_a/util_trim_set_a_cnr_out_1m_a.cgf
    [-0.99999999999933320, -0.00000199999999495, 0.00000000000000000, -7.50001999999994950]
    [0.00000199999999495, -0.99999999999933320, 0.00000000000000000, 5.49999700000000757]
    [0.00000000000000000, 0.00000000000000000, 1.00000000000133338, -2.50000000000000000]
  #135 data/objects/buildingsets/human/utilitarian/int/trim/set_a/util_trim_set_a_straight_4m_a.cgf
    [1.00000000000000000, 0.00000000000000000, 0.00000000000000000, 0.50000199999999495]
    [0.00000000000000000, 1.00000000000000000, 0.00000000000000000, 15.49997799999999870]
    [0.00000000000000000, 0.00000000000000000, 1.00000000000000000, -2.50000000000000000]
  #136 objects/buildingsets/human/lowtech/alpha/int/hangar/roomsm/addon/roomsm_addon_rib_02x02x04_a.cgf
    [-0.00000350611055429, 1.00000085349125789, 0.00000000000000000, 3.50001799999995455]
    [1.00000085349125789, 0.00000350611055440, 0.00000000000000000, 7.99985099999997828]
    [0.00000000000000000, 0.00000000000000000, -1.00000085349740431, -6.00000000000000000]
  #137 objects/buildingsets/human/lowtech/alpha/int/hangar/roomsm/addon/roomsm_addon_rib_beam_01x04x02_b.cgf
    [-1.00000000000000000, 0.00000000000000000, 0.00000000000000000, -3.50001699999995708]
    [0.00000000000000000, -1.00000000000000000, 0.00000000000000000, 15.49998799999997345]
    [0.00000000000000000, 0.00000000000000000, 1.00000000000000000, -1.25000000000000000]
  #138 objects/buildingsets/human/lowtech/alpha/int/hangar/roomsm/addon/roomsm_addon_rib_02x02x04_a.cgf
    [1.00000000000000000, 0.00000000000000000, 0.00000000000000000, -3.49998300000004292]
    [0.00000000000000000, 1.00000000000000000, 0.00000000000000000, 7.99984499999999343]
    [0.00000000000000000, 0.00000000000000000, 1.00000000000000000, -6.00000000000000000]
  #139 data/objects/buildingsets/human/utilitarian/int/trim/set_a/util_trim_set_a_straight_4m_a.cgf
    [-0.00000350610905807, 1.00000042674396106, 0.00000000000000000, 5.49998100000004797]
    [-1.00000042674396106, -0.00000350610905807, -0.00000000000000000, 6.49996700000002647]
    [-0.00000000000000000, 0.00000000000000000, 1.00000042675010747, -2.50000000000000000]
  #140 objects/buildingsets/human/lowtech/alpha/int/hangar/roomsm/ceiling/roomsm_ceiling_02x04x0025_a.cgf
    [-1.00000000000000000, 0.00000000000000000, 0.00000000000000000, 4.49998300000004292]
    [0.00000000000000000, -1.00000000000000000, 0.00000000000000000, 15.49998799999997345]
    [0.00000000000000000, 0.00000000000000000, 1.00000000000000000, -1.75000000000000000]
  #141 objects/buildingsets/human/lowtech/alpha/int/hangar/roomsm/ceiling/roomsm_ceiling_02x04x0025_a.cgf
    [-0.00000064012100026, -1.00000042674731060, 0.00000000000000000, -4.50001599999995960]
    [1.00000042674731060, -0.00000064012100026, 0.00000000000000000, 5.49998799999997345]
    [0.00000000000000000, 0.00000000000000000, 1.00000042674751533, -1.75000000000000000]
  #142 objects/buildingsets/human/lowtech/alpha/int/scaffold/util_scaffold_beam_v_straight_02_b.cgf
    [-1.00000000000000000, 0.00000000000000000, 0.00000000000000000, 5.62500000000000000]
    [0.00000000000000000, -1.00000000000000000, 0.00000000000000000, 11.12499900000000252]
    [0.00000000000000000, 0.00000000000000000, 1.00000000000000000, -9.25000000000000000]
  #143 objects/buildingsets/human/lowtech/alpha/int/roomsm/floor/roomsm_floor_straight_04x01x0025_a.cgf
    [-0.00000064012127343, -1.00000085349446177, 0.00000000000000000, -4.50001699999995708]
    [-1.00000085349446177, 0.00000064012127299, 0.00000000000000000, 3.49998699999997598]
    [-0.00000000000000000, 0.00000000000000000, -1.00000085349466694, -1.75000000000000000]
  #144 objects/buildingsets/human/lowtech/alpha/int/stairs/util_stairs_a_rail_straight_02x01_a.cgf
    [-1.00000000000000000, 0.00000000000000000, 0.00000000000000000, 10.00000000000000000]
    [0.00000000000000000, -1.00000000000000000, 0.00000000000000000, 11.50000000000000000]
    [0.00000000000000000, 0.00000000000000000, 1.00000000000000000, -7.00000000000000000]
  #145 objects/buildingsets/human/lowtech/alpha/int/roomsm/floor/roomsm_floor_straight_04x01x0025_a.cgf
    [-0.00000064012127343, -1.00000085349446177, 0.00000000000000000, -1.50001699999995708]
    [-1.00000085349446177, 0.00000064012127299, 0.00000000000000000, 3.49998699999997598]
    [-0.00000000000000000, 0.00000000000000000, -1.00000085349466694, -1.75000000000000000]
  #146 objects/buildingsets/human/lowtech/alpha/int/hangar/roomsm/ceiling/roomsm_ceiling_02x04x0025_a.cgf
    [-1.00000000000000000, 0.00000000000000000, 0.00000000000000000, -2.50001599999995960]
    [0.00000000000000000, -1.00000000000000000, 0.00000000000000000, 3.49998699999997598]
    [0.00000000000000000, 0.00000000000000000, 1.00000000000000000, -1.75000000000000000]
  #147 objects/buildingsets/human/lowtech/alpha/int/roomsm/floor/roomsm_floor_straight_04x01x0025_a.cgf
    [-0.00000064012127343, -1.00000085349446177, 0.00000000000000000, 5.49998300000004292]
    [-1.00000085349446177, 0.00000064012127299, 0.00000000000000000, 3.49998799999997345]
    [-0.00000000000000000, 0.00000000000000000, -1.00000085349466694, -1.75000000000000000]
  #148 objects/buildingsets/human/lowtech/alpha/int/roomsm/floor/roomsm_floor_straight_04x02x0025_b.cgf
    [-0.00000064012127343, -1.00000085349446177, 0.00000000000000000, 0.49998300000004292]
    [-1.00000085349446177, 0.00000064012127299, 0.00000000000000000, 15.49998699999997598]
    [-0.00000000000000000, 0.00000000000000000, -1.00000085349466694, -1.75000000000000000]
  #149 objects/buildingsets/human/lowtech/alpha/int/hangar/roomsm/addon/roomsm_addon_rib_beam_01x04x02_b.cgf
    [-1.00000000000000000, 0.00000000000000000, 0.00000000000000000, -3.50001699999995708]
    [0.00000000000000000, -1.00000000000000000, 0.00000000000000000, 7.99998799999997345]
    [0.00000000000000000, 0.00000000000000000, 1.00000000000000000, -1.25000000000000000]
  #150 objects/buildingsets/human/lowtech/alpha/int/hangar/roomsm/ceiling/roomsm_ceiling_02x04x0025_a.cgf
    [-1.00000000000000000, 0.00000000000000000, 0.00000000000000000, 2.49998300000004292]
    [0.00000000000000000, -1.00000000000000000, 0.00000000000000000, 11.49998799999997345]
    [0.00000000000000000, 0.00000000000000000, 1.00000000000000000, -1.75000000000000000]
  #151 objects/buildingsets/human/lowtech/alpha/int/hangar/roomsm/addon/roomsm_addon_rib_02x02x04_a.cgf
    [0.00000222586295115, 1.00000042674518408, 0.00000000000000000, -3.49998300000004292]
    [-1.00000042674518408, 0.00000222586295115, -0.00000000000000000, 7.99984499999999343]
    [-0.00000000000000000, 0.00000000000000000, 1.00000042674766121, -6.00000000000000000]
  #152 objects/buildingsets/human/lowtech/alpha/int/hangar/roomsm/addon/roomsm_addon_rib_02x02x04_a.cgf
    [-1.00000000000000000, 0.00000000000000000, 0.00000000000000000, -4.49998300000004292]
    [0.00000000000000000, -1.00000000000000000, 0.00000000000000000, 7.99984499999999343]
    [0.00000000000000000, 0.00000000000000000, 1.00000000000000000, -6.00000000000000000]
  #153 objects/buildingsets/human/lowtech/alpha/int/scaffold/util_scaffold_beam_v_straight_02_b.cgf
    [-1.00000000000000000, 0.00000000000000000, 0.00000000000000000, 5.62500000000000000]
    [0.00000000000000000, -1.00000000000000000, 0.00000000000000000, 9.12499900000000252]
    [0.00000000000000000, 0.00000000000000000, 1.00000000000000000, -9.25000000000000000]
  #154 data/objects/buildingsets/human/utilitarian/int/trim/set_a/util_trim_set_a_straight_4m_a.cgf
    [1.00000000000000000, 0.00000000000000000, 0.00000000000000000, -3.49999800000000505]
    [0.00000000000000000, 1.00000000000000000, 0.00000000000000000, 15.49998799999997345]
    [0.00000000000000000, 0.00000000000000000, 1.00000000000000000, -2.50000000000000000]
  #155 objects/buildingsets/human/lowtech/alpha/int/hangar/roomsm/addon/roomsm_addon_rib_beam_01x04x02_b.cgf
    [-1.00000000000000000, 0.00000000000000000, 0.00000000000000000, -3.50001699999995708]
    [0.00000000000000000, -1.00000000000000000, 0.00000000000000000, 11.49998799999997345]
    [0.00000000000000000, 0.00000000000000000, 1.00000000000000000, -1.25000000000000000]
  #156 objects/buildingsets/human/lowtech/alpha/int/hangar/roomsm/addon/roomsm_addon_rib_02x02x04_a.cgf
    [1.00000000000000000, 0.00000000000000000, 0.00000000000000000, 3.50001799999995455]
    [0.00000000000000000, 1.00000000000000000, 0.00000000000000000, 7.99985099999997828]
    [0.00000000000000000, 0.00000000000000000, 1.00000000000000000, -6.00000000000000000]
  #157 data/objects/buildingsets/human/utilitarian/int/trim/set_a/util_trim_set_a_straight_4m_a.cgf
    [0.00000222586295115, -1.00000042674518408, 0.00000000000000000, -8.50000999999997475]
    [1.00000042674518408, 0.00000222586295115, 0.00000000000000000, 10.49999900000000252]
    [0.00000000000000000, 0.00000000000000000, 1.00000042674766121, -2.50000000000000000]
  #158 objects/buildingsets/human/lowtech/alpha/int/hangar/roomsm/addon/roomsm_addon_rib_02x02x04_a.cgf
    [1.00000000000000000, 0.00000000000000000, 0.00000000000000000, 2.50001799999995455]
    [0.00000000000000000, -1.00000000000000000, 0.00000000000000000, 7.99985099999997828]
    [0.00000000000000000, 0.00000000000000000, -1.00000000000000000, -6.00000000000000000]
  #159 data/objects/buildingsets/human/utilitarian/int/trim/set_a/util_trim_set_a_straight_4m_a.cgf
    [-0.00000350610905807, 1.00000042674396106, 0.00000000000000000, 5.49999100000002272]
    [-1.00000042674396106, -0.00000350610905807, -0.00000000000000000, 10.49996700000002647]
    [-0.00000000000000000, 0.00000000000000000, 1.00000042675010747, -2.50000000000000000]
  #160 objects/buildingsets/human/lowtech/alpha/int/hangar/roomsm/ceiling/roomsm_ceiling_02x04x0025_a.cgf
    [-1.00000000000000000, 0.00000000000000000, 0.00000000000000000, -2.50001699999995708]
    [0.00000000000000000, -1.00000000000000000, 0.00000000000000000, 15.49998799999997345]
    [0.00000000000000000, 0.00000000000000000, 1.00000000000000000, -1.75000000000000000]
  #161 objects/buildingsets/human/lowtech/alpha/int/hangar/roomsm/ceiling/roomsm_ceiling_02x04x0025_a.cgf
    [-1.00000000000000000, 0.00000000000000000, 0.00000000000000000, 4.49998300000004292]
    [0.00000000000000000, -1.00000000000000000, 0.00000000000000000, 11.49998799999997345]
    [0.00000000000000000, 0.00000000000000000, 1.00000000000000000, -1.75000000000000000]
  #162 objects/buildingsets/human/lowtech/alpha/int/hangar/roomsm/addon/roomsm_addon_rib_02x02x04_a.cgf
    [-1.00000000000000000, 0.00000000000000000, 0.00000000000000000, 3.50001799999995455]
    [0.00000000000000000, 1.00000000000000000, 0.00000000000000000, 7.99985099999997828]
    [0.00000000000000000, 0.00000000000000000, -1.00000000000000000, -6.00000000000000000]
  #163 objects/buildingsets/human/lowtech/alpha/int/roomsm/floor/roomsm_floor_straight_04x01x0025_a.cgf
    [-0.00000064012127343, -1.00000085349446177, 0.00000000000000000, -1.50001699999995708]
    [-1.00000085349446177, 0.00000064012127299, 0.00000000000000000, 7.49998699999997598]
    [-0.00000000000000000, 0.00000000000000000, -1.00000085349466694, -1.75000000000000000]
  #164 objects/buildingsets/human/lowtech/alpha/int/roomsm/floor/roomsm_floor_straight_04x01x0025_a.cgf
    [-0.00000064012127343, -1.00000085349446177, 0.00000000000000000, -1.50001699999995708]
    [-1.00000085349446177, 0.00000064012127299, 0.00000000000000000, 15.49998699999997598]
    [-0.00000000000000000, 0.00000000000000000, -1.00000085349466694, -1.75000000000000000]
  #165 data/objects/buildingsets/human/utilitarian/int/trim/set_a/util_trim_set_a_straight_2m_a.cgf
    [0.00000222586295115, -1.00000042674518408, 0.00000000000000000, -5.50003200000003289]
    [1.00000042674518408, 0.00000222586295115, 0.00000000000000000, 0.49999300000001767]
    [0.00000000000000000, 0.00000000000000000, 1.00000042674766121, -2.50000000000000000]
  #166 objects/buildingsets/human/lowtech/prop/light/light_ceiling_1_b.cgf
    [-0.22875959545234184, 0.10068845020201367, 0.00556119527676856, 8.50884599999994862]
    [0.01540720477749467, 0.02127296116156156, 0.24861641653935865, 31.43750000000000000]
    [0.09965795973194558, 0.22783621425893677, -0.02567087732685831, -0.89759599999999995]
  #167 objects/buildingsets/human/lowtech/prop/light/light_ceiling_1_b.cgf
    [0.23929873842236138, 0.06931843309617218, -0.02076115894670437, -8.78993500000001404]
    [0.01540722521954959, 0.02127329054985342, 0.24861621350681889, 31.43750000000000000]
    [0.07070140238179790, -0.23925375449619504, 0.01609067304291792, -0.98389899999999997]
  #168 data/objects/buildingsets/human/lowtech/prop/utilitarian/light/light_mobile_2_b.cgf
    [-0.70710823567003778, -0.70710613896567265, 0.00000000000000000, 7.03033000000004904]
    [0.70710613896567265, -0.70710823567003778, 0.00000000000000000, 24.37500000000000000]
    [0.00000000000000000, 0.00000000000000000, 1.00000057435750267, -9.00000000000000000]
  #169 objects/buildingsets/human/lowtech/alpha/int/roomsm/floor/roomsm_floor_straight_04x02x0025_a.cgf
    [-0.00000064012127343, -1.00000085349446177, 0.00000000000000000, 0.49998300000004292]
    [-1.00000085349446177, 0.00000064012127299, 0.00000000000000000, 3.49998699999997598]
    [-0.00000000000000000, 0.00000000000000000, -1.00000085349466694, -1.75000000000000000]
  #170 data/objects/buildingsets/human/lowtech/alpha/int/stairs/util_railing_45_set/util_stairs_a_rail_angle_45_cnr_in_2m_a.cgf
    [-0.00000064012100026, -1.00000042674731060, 0.00000000000000000, 8.00000099999999748]
    [1.00000042674731060, -0.00000064012100026, 0.00000000000000000, 7.99999900000000252]
    [0.00000000000000000, 0.00000000000000000, 1.00000042674751533, -7.00000000000000000]
  #171 data/objects/buildingsets/human/lowtech/alpha/int/stairs/util_stairs_a_rail_straight_005x01_a.cgf
    [-0.00000064012100026, -1.00000042674731060, 0.00000000000000000, 8.50000099999999748]
    [1.00000042674731060, -0.00000064012100026, 0.00000000000000000, 7.99999900000000252]
    [0.00000000000000000, 0.00000000000000000, 1.00000042674751533, -7.00000000000000000]
  #172 objects/buildingsets/human/lowtech/alpha/int/roomsm/floor/roomsm_floor_straight_04x02x0025_b.cgf
    [-0.00000064012127343, -1.00000085349446177, 0.00000000000000000, -4.50001699999995708]
    [-1.00000085349446177, 0.00000064012127299, 0.00000000000000000, 15.49998699999997598]
    [-0.00000000000000000, 0.00000000000000000, -1.00000085349466694, -1.75000000000000000]
  #173 objects/buildingsets/human/lowtech/alpha/int/hangar/roomsm/addon/roomsm_addon_rib_02x02x04_a.cgf
    [-0.00000064012100026, -1.00000042674731060, 0.00000000000000000, -3.49998300000004292]
    [1.00000042674731060, -0.00000064012100026, 0.00000000000000000, 7.99984499999999343]
    [0.00000000000000000, 0.00000000000000000, 1.00000042674751533, -6.00000000000000000]
  #174 objects/buildingsets/human/lowtech/alpha/int/hangar/roomsm/ceiling/roomsm_ceiling_02x04x0025_a.cgf
    [-1.00000000000000000, 0.00000000000000000, 0.00000000000000000, 2.49998300000004292]
    [0.00000000000000000, -1.00000000000000000, 0.00000000000000000, 7.49998799999997345]
    [0.00000000000000000, 0.00000000000000000, 1.00000000000000000, -1.75000000000000000]
  #175 objects/buildingsets/human/lowtech/alpha/int/hangar/roomsm/addon/roomsm_addon_rib_beam_01x04x02_b.cgf
    [-1.00000000000000000, 0.00000000000000000, 0.00000000000000000, 3.49998300000004292]
    [0.00000000000000000, -1.00000000000000000, 0.00000000000000000, 3.99998799999997345]
    [0.00000000000000000, 0.00000000000000000, 1.00000000000000000, -1.25000000000000000]
  #176 objects/buildingsets/human/lowtech/alpha/int/hangar/roomsm/addon/roomsm_addon_rib_02x02x04_a.cgf
    [-0.00000064012127343, -1.00000085349446177, 0.00000000000000000, -3.49998300000004292]
    [-1.00000085349446177, 0.00000064012127299, 0.00000000000000000, 7.99984499999999343]
    [-0.00000000000000000, 0.00000000000000000, -1.00000085349466694, -6.00000000000000000]
  #177 objects/buildingsets/human/lowtech/alpha/int/hangar/roomsm/addon/roomsm_addon_rib_beam_01x04x02_b.cgf
    [-1.00000000000000000, 0.00000000000000000, 0.00000000000000000, 3.49998300000004292]
    [0.00000000000000000, -1.00000000000000000, 0.00000000000000000, 11.49998799999997345]
    [0.00000000000000000, 0.00000000000000000, 1.00000000000000000, -1.25000000000000000]
  #178 objects/buildingsets/human/lowtech/alpha/int/hangar/roomsm/ceiling/roomsm_ceiling_02x04x0025_a.cgf
    [-1.00000000000000000, 0.00000000000000000, 0.00000000000000000, 4.49998300000004292]
    [0.00000000000000000, -1.00000000000000000, 0.00000000000000000, 7.49998799999997345]
    [0.00000000000000000, 0.00000000000000000, 1.00000000000000000, -1.75000000000000000]
  #179 objects/buildingsets/human/lowtech/alpha/int/hangar/roomsm/addon/roomsm_addon_rib_02x02x04_a.cgf
    [0.00000222586295115, 1.00000042674518408, 0.00000000000000000, 3.50001799999995455]
    [-1.00000042674518408, 0.00000222586295115, -0.00000000000000000, 7.99985099999997828]
    [-0.00000000000000000, 0.00000000000000000, 1.00000042674766121, -6.00000000000000000]
  #180 objects/buildingsets/human/lowtech/alpha/int/hangar/roomsm/addon/roomsm_addon_rib_02x02x04_a.cgf
    [-1.00000000000000000, 0.00000000000000000, 0.00000000000000000, 2.50001799999995455]
    [0.00000000000000000, -1.00000000000000000, 0.00000000000000000, 7.99985099999997828]
    [0.00000000000000000, 0.00000000000000000, 1.00000000000000000, -6.00000000000000000]
  #181 objects/buildingsets/human/lowtech/alpha/int/hangar/roomsm/ceiling/roomsm_ceiling_02x04x0025_a.cgf
    [-1.00000000000000000, 0.00000000000000000, 0.00000000000000000, -2.50001699999995708]
    [0.00000000000000000, -1.00000000000000000, 0.00000000000000000, 11.49998799999997345]
    [0.00000000000000000, 0.00000000000000000, 1.00000000000000000, -1.75000000000000000]
  #182 objects/buildingsets/human/lowtech/alpha/int/hangar/roomsm/ceiling/roomsm_ceiling_02x04x0025_a.cgf
    [-1.00000000000000000, 0.00000000000000000, 0.00000000000000000, -6.50001699999995708]
    [0.00000000000000000, -1.00000000000000000, 0.00000000000000000, 15.49998699999997598]
    [0.00000000000000000, 0.00000000000000000, 1.00000000000000000, -1.75000000000000000]
  #183 data/objects/buildingsets/human/utilitarian/int/trim/set_a/util_trim_set_a_straight_2m_a.cgf
    [0.00000222586295115, -1.00000042674518408, 0.00000000000000000, -5.50002800000004299]
    [1.00000042674518408, 0.00000222586295115, 0.00000000000000000, 2.49999300000001767]
    [0.00000000000000000, 0.00000000000000000, 1.00000042674766121, -2.50000000000000000]
  #184 objects/buildingsets/human/lowtech/alpha/int/roomsm/floor/roomsm_floor_straight_04x01x0025_a.cgf
    [-0.00000064012127343, -1.00000085349446177, 0.00000000000000000, 5.49998300000004292]
    [-1.00000085349446177, 0.00000064012127299, 0.00000000000000000, 15.49998799999997345]
    [-0.00000000000000000, 0.00000000000000000, -1.00000085349466694, -1.75000000000000000]
  #185 objects/buildingsets/human/lowtech/prop/light/light_hazard_1_a.cgf
    [0.00000078288941793, 0.35172414888154158, 0.00000000000000000, 8.12500000000000000]
    [-0.35172414888154158, 0.00000078288941793, -0.00000000000000000, 8.08698199999997769]
    [-0.00000000000000000, 0.00000000000000000, 0.35172414888241288, -5.87941700000000012]
  #186 objects/buildingsets/human/lowtech/alpha/int/stairs/util_stairs_a_rail_addon_light_a.cgf
    [-0.00000064012100026, 1.00000042674731060, 0.00000000000000000, 8.12500699999998233]
    [-1.00000042674731060, -0.00000064012100026, -0.00000000000000000, 8.00000199999999495]
    [-0.00000000000000000, 0.00000000000000000, 1.00000042674751533, -7.00000000000000000]
  #187 objects/buildingsets/human/lowtech/alpha/int/stairs/util_stairs_a_rail_addon_light_a.cgf
    [-1.00000000000000000, 0.00000000000000000, 0.00000000000000000, 5.00000199999999495]
    [0.00000000000000000, -1.00000000000000000, 0.00000000000000000, 14.37499300000001767]
    [0.00000000000000000, 0.00000000000000000, 1.00000000000000000, -7.00000000000000000]
  #188 objects/buildingsets/human/lowtech/alpha/int/stairs/util_stairs_a_rail_addon_light_a.cgf
    [1.00000000000000000, 0.00000000000000000, 0.00000000000000000, 9.99999800000000505]
    [0.00000000000000000, 1.00000000000000000, 0.00000000000000000, 2.37500699999998233]
    [0.00000000000000000, 0.00000000000000000, 1.00000000000000000, 1.00000000000000000]
  #189 Data/ObjectContainers/PU/loc/mod/ugf/util/rm/sub/side/road/sub_ind_side_road_003_occu_001//Brush/designer_333.cgf
    [-0.00000064012100026, -1.00000042674731060, 0.00000000000000000, 5.25000000000000000]
    [1.00000042674731060, -0.00000064012100026, 0.00000000000000000, 1.00000000000000000]
    [0.00000000000000000, 0.00000000000000000, 1.00000042674751533, 0.25000000000000000]
  #190 objects/buildingsets/human/lowtech/alpha/int/stairs/util_stairs_a_rail_cornerout_005x005_a.cgf
    [-0.00000064012100026, 1.00000042674731060, 0.00000000000000000, -7.50000000000000000]
    [-1.00000042674731060, -0.00000064012100026, -0.00000000000000000, 3.00000000000000000]
    [-0.00000000000000000, 0.00000000000000000, 1.00000042674751533, 1.00000000000000000]
  #191 objects/buildingsets/human/lowtech/alpha/int/stairs/util_stairs_platform_03x04_a.cgf
    [-0.00000064012100026, -1.00000042674731060, 0.00000000000000000, 10.00000000000000000]
    [1.00000042674731060, -0.00000064012100026, 0.00000000000000000, 2.00000000000000000]
    [0.00000000000000000, 0.00000000000000000, 1.00000042674751533, 1.00000000000000000]
  #192 Data/ObjectContainers/PU/loc/mod/ugf/util/rm/sub/side/road/sub_ind_side_road_003_occu_001//Brush/designer_330.cgf
    [-0.00000064012100026, -1.00000042674731060, 0.00000000000000000, 4.00000099999999748]
    [1.00000042674731060, -0.00000064012100026, 0.00000000000000000, 1.50000299999999243]
    [0.00000000000000000, 0.00000000000000000, 1.00000042674751533, 0.25000000000000000]
  #193 Data/ObjectContainers/PU/loc/mod/ugf/util/rm/sub/side/road/sub_ind_side_road_003_occu_001//Brush/designer_332.cgf
    [-0.00000064012100026, -1.00000042674731060, 0.00000000000000000, 4.75000000000000000]
    [1.00000042674731060, -0.00000064012100026, 0.00000000000000000, 3.00000199999999495]
    [0.00000000000000000, 0.00000000000000000, 1.00000042674751533, 0.25000000000000000]
  #194 objects/buildingsets/human/lowtech/prop/light/light_hazard_1_a.cgf
    [0.35172399878501892, 0.00000000000000000, 0.00000000000000000, -7.08698200000003453]
    [0.00000000000000000, 0.35172399878501892, 0.00000000000000000, 2.62500000000000000]
    [0.00000000000000000, 0.00000000000000000, 0.35172399878501892, 2.12058299999999988]
  #195 objects/buildingsets/human/lowtech/prop/light/light_hazard_1_a.cgf
    [-0.35172399878478450, 0.00000070344799579, 0.00000000000000000, -9.91301799999996547]
    [-0.00000070344799579, -0.35172399878478450, 0.00000000000000000, 2.62500000000000000]
    [0.00000000000000000, 0.00000000000000000, 0.35172399878548788, 2.12058299999999988]
  #196 objects/buildingsets/human/lowtech/prop/light/light_hazard_1_a.cgf
    [-0.35172399878478450, 0.00000070344799579, 0.00000000000000000, 7.08698200000003453]
    [-0.00000070344799579, -0.35172399878478450, 0.00000000000000000, 2.62500000000000000]
    [0.00000000000000000, 0.00000000000000000, 0.35172399878548788, 2.12058299999999988]
  #197 objects/buildingsets/human/lowtech/alpha/int/stairs/util_stairs_platform_01x03_a.cgf
    [1.00000000000000000, 0.00000000000000000, 0.00000000000000000, -10.00000000000000000]
    [0.00000000000000000, 1.00000000000000000, 0.00000000000000000, 2.00000000000000000]
    [0.00000000000000000, 0.00000000000000000, 1.00000000000000000, 1.00000000000000000]
  #198 objects/buildingsets/human/lowtech/prop/light/light_hazard_1_a.cgf
    [-0.35172399878478450, 0.00000070344799579, 0.00000000000000000, 7.08698200000003453]
    [-0.00000070344799579, -0.35172399878478450, 0.00000000000000000, 10.62500000000000000]
    [0.00000000000000000, 0.00000000000000000, 0.35172399878548788, 2.12058299999999988]
  #199 objects/buildingsets/human/lowtech/prop/light/light_hazard_1_a.cgf
    [0.35172399878501892, 0.00000000000000000, 0.00000000000000000, 9.91301799999996547]
    [0.00000000000000000, 0.35172399878501892, 0.00000000000000000, 10.37500000000000000]
    [0.00000000000000000, 0.00000000000000000, 0.35172399878501892, 2.12058299999999988]
  #200 objects/buildingsets/human/lowtech/alpha/int/stairs/util_stairs_a_rail_straight_04x01_a.cgf
    [-1.00000000000000000, 0.00000000000000000, 0.00000000000000000, 10.00000000000000000]
    [0.00000000000000000, -1.00000000000000000, 0.00000000000000000, 6.00000000000000000]
    [0.00000000000000000, 0.00000000000000000, 1.00000000000000000, 1.00000000000000000]
  #201 objects/buildingsets/human/lowtech/prop/light/light_hazard_1_a.cgf
    [0.35172399878501892, 0.00000000000000000, 0.00000000000000000, 9.91301799999996547]
    [0.00000000000000000, 0.35172399878501892, 0.00000000000000000, 2.37500000000000000]
    [0.00000000000000000, 0.00000000000000000, 0.35172399878501892, 2.12058299999999988]
  #202 objects/buildingsets/human/lowtech/alpha/int/stairs/util_stairs_a_rail_addon_light_a.cgf
    [1.00000000000000000, 0.00000000000000000, 0.00000000000000000, 9.99999800000000505]
    [0.00000000000000000, 1.00000000000000000, 0.00000000000000000, 6.37500699999998233]
    [0.00000000000000000, 0.00000000000000000, 1.00000000000000000, 1.00000000000000000]
  #203 objects/buildingsets/human/lowtech/alpha/int/stairs/util_stairs_a_rail_addon_light_a.cgf
    [1.00000000000000000, 0.00000000000000000, 0.00000000000000000, -7.00000199999999495]
    [0.00000000000000000, 1.00000000000000000, 0.00000000000000000, 2.62500699999998233]
    [0.00000000000000000, 0.00000000000000000, 1.00000000000000000, 1.00000000000000000]
  #204 objects/buildingsets/human/lowtech/alpha/int/stairs/util_stairs_a_rail_cornerout_005x005_a.cgf
    [1.00000000000000000, 0.00000000000000000, 0.00000000000000000, -10.00000000000000000]
    [0.00000000000000000, 1.00000000000000000, 0.00000000000000000, 2.50000000000000000]
    [0.00000000000000000, 0.00000000000000000, 1.00000000000000000, 1.00000000000000000]
  #205 data/objects/buildingsets/human/lowtech/alpha/int/stairs/util_stairs_platform_04x04_a_addon_a.cgf
    [-1.00000000000000000, 0.00000000000000000, 0.00000000000000000, -3.25000000000000000]
    [0.00000000000000000, -1.00000000000000000, 0.00000000000000000, 14.50000000000000000]
    [0.00000000000000000, 0.00000000000000000, 1.00000000000000000, 0.00000000000000000]
  #206 objects/buildingsets/human/lowtech/alpha/int/stairs/util_stairs_a_rail_addon_light_a.cgf
    [-1.00000000000000000, 0.00000000000000000, 0.00000000000000000, -9.99999800000000505]
    [0.00000000000000000, -1.00000000000000000, 0.00000000000000000, 2.62499300000001767]
    [0.00000000000000000, 0.00000000000000000, 1.00000000000000000, 1.00000000000000000]
  #207 objects/buildingsets/human/lowtech/alpha/int/stairs/util_stairs_a_rail_addon_light_a.cgf
    [-1.00000000000000000, 0.00000000000000000, 0.00000000000000000, 7.00000199999999495]
    [0.00000000000000000, -1.00000000000000000, 0.00000000000000000, 10.62499300000001767]
    [0.00000000000000000, 0.00000000000000000, 1.00000000000000000, 1.00000000000000000]
  #208 objects/buildingsets/human/lowtech/prop/light/light_hazard_1_a.cgf
    [0.35172399878501892, 0.00000000000000000, 0.00000000000000000, 9.91301799999996547]
    [0.00000000000000000, 0.35172399878501892, 0.00000000000000000, 6.37500000000000000]
    [0.00000000000000000, 0.00000000000000000, 0.35172399878501892, 2.12058299999999988]
  #209 data/objects/buildingsets/human/lowtech/alpha/int/stairs/util_stairs_a_rail_straight_03x01_cover.cgf
    [1.00000000000000000, 0.00000000000000000, 0.00000000000000000, 7.00000000000000000]
    [0.00000000000000000, 1.00000000000000000, 0.00000000000000000, 9.37500000000000000]
    [0.00000000000000000, 0.00000000000000000, 1.00000000000000000, 1.00000000000000000]
  #210 objects/buildingsets/human/lowtech/alpha/int/stairs/util_stairs_a_rail_cornerout_005x005_a.cgf
    [1.00000000000000000, 0.00000000000000000, 0.00000000000000000, 7.00000399999998990]
    [0.00000000000000000, 1.00000000000000000, 0.00000000000000000, 5.49999100000002272]
    [0.00000000000000000, 0.00000000000000000, 1.00000000000000000, 1.00000000000000000]
  #211 objects/buildingsets/human/utilitarian/int/room_b/room_b_sm/addon/ladder/room_b_sm_refinery_ladder_end_a.cgf
    [1.00000000000000000, 0.00000000000000000, 0.00000000000000000, 8.99810899999999947]
    [0.00000000000000000, 1.00000000000000000, 0.00000000000000000, 12.47348299999998744]
    [0.00000000000000000, 0.00000000000000000, 1.00000000000000000, 0.25000000000000000]
  #212 data/objects/buildingsets/human/lowtech/alpha/int/stairs/util_stairs_platform_01x03_a.cgf
    [-0.00000064012100026, -1.00000042674731060, 0.00000000000000000, 8.00000399999998990]
    [1.00000042674731060, -0.00000064012100026, 0.00000000000000000, 9.00000000000000000]
    [0.00000000000000000, 0.00000000000000000, 1.00000042674751533, 1.00000000000000000]
  #213 objects/buildingsets/human/lowtech/alpha/int/stairs/util_stairs_a_rail_straight_04x01_a.cgf
    [1.00000000000000000, 0.00000000000000000, 0.00000000000000000, 7.00000000000000000]
    [0.00000000000000000, 1.00000000000000000, 0.00000000000000000, 1.50000000000000000]
    [0.00000000000000000, 0.00000000000000000, 1.00000000000000000, 1.00000000000000000]
  #214 data/objects/buildingsets/human/lowtech/alpha/int/stairs/util_stairs_platform_01x03_a.cgf
    [-0.00000064012100026, -1.00000042674731060, 0.00000000000000000, 10.00000199999999495]
    [1.00000042674731060, -0.00000064012100026, 0.00000000000000000, 6.00000799999997980]
    [0.00000000000000000, 0.00000000000000000, 1.00000042674751533, 1.00000000000000000]
  #215 objects/buildingsets/human/lowtech/alpha/int/stairs/util_stairs_a_rail_cornerout_005x005_a.cgf
    [-0.00000064012100026, 1.00000042674731060, 0.00000000000000000, 7.50000499999998738]
    [-1.00000042674731060, -0.00000064012100026, -0.00000000000000000, 8.99999400000001515]
    [-0.00000000000000000, 0.00000000000000000, 1.00000042674751533, 1.00000000000000000]
  #216 data/objects/buildingsets/human/lowtech/alpha/int/stairs/util_stairs_platform_01x03_a.cgf
    [-0.00000064012100026, -1.00000042674731060, 0.00000000000000000, 9.00000099999999748]
    [1.00000042674731060, -0.00000064012100026, 0.00000000000000000, 9.00000000000000000]
    [0.00000000000000000, 0.00000000000000000, 1.00000042674751533, 1.00000000000000000]
  #217 objects/buildingsets/human/lowtech/alpha/int/stairs/util_stairs_a_rail_addon_light_a.cgf
    [1.00000000000000000, 0.00000000000000000, 0.00000000000000000, 9.99999800000000505]
    [0.00000000000000000, 1.00000000000000000, 0.00000000000000000, 10.37500699999998233]
    [0.00000000000000000, 0.00000000000000000, 1.00000000000000000, 1.00000000000000000]
  #218 objects/buildingsets/human/lowtech/alpha/int/stairs/util_stairs_a_rail_addon_light_a.cgf
    [-1.00000000000000000, 0.00000000000000000, 0.00000000000000000, 7.00000199999999495]
    [0.00000000000000000, -1.00000000000000000, 0.00000000000000000, 2.62499300000001767]
    [0.00000000000000000, 0.00000000000000000, 1.00000000000000000, 1.00000000000000000]
  #219 data/objects/buildingsets/human/lowtech/alpha/int/stairs/util_stairs_a_rail_straight_005x01_a.cgf
    [1.00000000000000000, 0.00000000000000000, 0.00000000000000000, -9.99999900000000252]
    [0.00000000000000000, 1.00000000000000000, 0.00000000000000000, 1.99999900000000252]
    [0.00000000000000000, 0.00000000000000000, 1.00000000000000000, 1.00000000000000000]
  #220 objects/buildingsets/human/lowtech/alpha/int/stairs/util_stairs_a_rail_straight_02x01_a.cgf
    [-0.00000064012100026, 1.00000042674731060, 0.00000000000000000, -9.50000899999997728]
    [-1.00000042674731060, -0.00000064012100026, -0.00000000000000000, 3.00000799999997980]
    [-0.00000000000000000, 0.00000000000000000, 1.00000042674751533, 1.00000000000000000]
  #221 data/objects/buildingsets/human/lowtech/alpha/int/stairs/util_stairs_a_rail_straight_01x01_b.cgf
    [1.00000000000000000, 0.00000000000000000, 0.00000000000000000, 10.00000000000000000]
    [0.00000000000000000, 1.00000000000000000, 0.00000000000000000, 10.00000000000000000]
    [0.00000000000000000, 0.00000000000000000, 1.00000000000000000, 1.00000000000000000]
  #222 data/objects/buildingsets/human/lowtech/alpha/int/stairs/util_stairs_a_rail_straight_03x01_cover.cgf
    [1.00000000000000000, 0.00000000000000000, 0.00000000000000000, 7.00000000000000000]
    [0.00000000000000000, 1.00000000000000000, 0.00000000000000000, 2.50000000000000000]
    [0.00000000000000000, 0.00000000000000000, 1.00000000000000000, 1.00000000000000000]
  #223 Data/ObjectContainers/PU/loc/mod/ugf/util/rm/sub/side/road/sub_ind_side_road_003_occu_001//Brush/designer_289.cgf
    [0.00000000000000000, 1.00000000000000000, 0.00000000000000000, 0.00000000000000000]
    [0.00000000000000000, 0.00000000000000000, -1.00000000000000000, 32.75000000000000000]
    [-1.00000000000000000, 0.00000000000000000, 0.00000000000000000, 3.00000000000000000]
  #224 Data/ObjectContainers/PU/loc/mod/ugf/util/rm/sub/side/road/sub_ind_side_road_003_occu_001//Brush/designer_288.cgf
    [0.93969206911762648, 0.34202042448986103, -0.00000000000000006, 0.00000000000000000]
    [-0.00000021027880304, 0.00000057773544903, -0.99999957776511728, 32.75000000000000000]
    [-0.34202042448979642, 0.93969206911744896, 0.00000061481332459, 3.00000000000000000]
  #225 Data/ObjectContainers/PU/loc/mod/ugf/util/rm/sub/side/road/sub_ind_side_road_003_occu_001//Brush/designer_287.cgf
    [-1.00000085349466716, 0.00000000000000000, 0.00000000000000000, 0.00000000000000000]
    [0.00000000000000000, 0.00000064012127265, -1.00000085349446199, 32.75000000000000000]
    [-0.00000000000000000, -1.00000085349446199, -0.00000064012127299, 3.00000000000000000]
  #226 Data/ObjectContainers/PU/loc/mod/ugf/util/rm/sub/side/road/sub_ind_side_road_003_occu_001//Brush/designer_286.cgf
    [-0.70710679100341001, -0.70710665512938764, -0.00000054838252645, 0.00000000000000000]
    [-0.00000050134851768, 0.00000127687869430, -0.99999991780491126, 32.75000000000000000]
    [0.70710665512942261, -0.70710679100246943, -0.00000125739657343, 3.00000000000000000]
  #227 Data/ObjectContainers/PU/loc/mod/ugf/util/rm/sub/side/road/sub_ind_side_road_003_occu_001//Brush/designer_282.cgf
    [0.00000000000000000, -1.00000000000000000, 0.00000000000000000, 0.00000000000000000]
    [0.00000000000000000, 0.00000000000000000, -1.00000000000000000, 32.75000000000000000]
    [1.00000000000000000, 0.00000000000000000, 0.00000000000000000, 3.00000000000000000]
  #228 Data/ObjectContainers/PU/loc/mod/ugf/util/rm/sub/side/road/sub_ind_side_road_003_occu_001//Brush/designer_281.cgf
    [0.15632000565528872, 0.00000000000000000, 0.00000000000000000, 0.00000000000000000]
    [0.00000000000000000, 0.15632000565528872, 0.00000000000000000, 33.25000000000000000]
    [0.00000000000000000, 0.00000000000000000, 0.15632000565528872, 3.00000000000000000]
  #229 Data/ObjectContainers/PU/loc/mod/ugf/util/rm/sub/side/road/sub_ind_side_road_003_occu_001//Brush/designer_280.cgf
    [0.42261890223665177, 0.90630765676094627, 0.00000000000000006, 0.00000000000000000]
    [0.00000016099675685, -0.00000007507414514, -1.00000015261558750, 32.75000000000000000]
    [-0.90630765676093195, 0.42261890223664506, -0.00000017764031914, 3.00000000000000000]
  #230 Data/ObjectContainers/PU/loc/mod/ugf/util/rm/sub/side/road/sub_ind_side_road_003_occu_001//Brush/designer_279.cgf
    [0.90630767033740589, -0.42261844914787672, 0.00000031015657063, 0.00000000000000000]
    [-0.00000029407070991, -0.00000136452893503, -0.99999997343535973, 32.75000000000000000]
    [0.42261844914788821, 0.90630767033643167, -0.00000136096278371, 3.00000000000000000]
  #231 Data/ObjectContainers/PU/loc/mod/ugf/util/rm/sub/side/road/sub_ind_side_road_003_occu_001//Brush/designer_274.cgf
    [0.34201944100196624, -0.93969326324677860, 0.00000000000000017, 0.00000000000000000]
    [-0.00000038553917379, -0.00000014032439954, -1.00000036350718835, 32.75000000000000000]
    [0.93969326324669955, 0.34201944100193765, -0.00000041028208795, 3.00000000000000000]
  #232 Data/ObjectContainers/PU/loc/mod/ugf/util/rm/sub/side/road/sub_ind_side_road_003_occu_001//Brush/designer_273.cgf
    [-0.70710679100341001, 0.70710665512938764, 0.00000054838252645, 0.00000000000000000]
    [0.00000050134851768, 0.00000127687869430, -0.99999991780491126, 32.75000000000000000]
    [-0.70710665512942261, -0.70710679100246943, -0.00000125739657343, 3.00000000000000000]
  #233 data/objects/buildingsets/human/lowtech/alpha/int/stairs/util_stairs_a_rail_straight_01x01_b.cgf
    [-0.00000064012100026, -1.00000042674731060, 0.00000000000000000, 8.50000000000000000]
    [1.00000042674731060, -0.00000064012100026, 0.00000000000000000, 12.00000000000000000]
    [0.00000000000000000, 0.00000000000000000, 1.00000042674751533, 1.00000000000000000]
  #234 data/objects/buildingsets/human/lowtech/alpha/int/stairs/util_stairs_platform_01x03_a.cgf
    [-0.00000064012100026, -1.00000042674731060, 0.00000000000000000, 9.00001099999997223]
    [1.00000042674731060, -0.00000064012100026, 0.00000000000000000, 6.00000799999997980]
    [0.00000000000000000, 0.00000000000000000, 1.00000042674751533, 1.00000000000000000]
  #235 objects/buildingsets/human/lowtech/alpha/int/stairs/util_stairs_a_rail_cornerout_005x005_a.cgf
    [-1.00000000000000000, 0.00000000000000000, 0.00000000000000000, 8.00000499999998738]
    [0.00000000000000000, -1.00000000000000000, 0.00000000000000000, 6.49999400000001515]
    [0.00000000000000000, 0.00000000000000000, 1.00000000000000000, 1.00000000000000000]
  #236 objects/buildingsets/human/lowtech/alpha/int/stairs/util_stairs_a_rail_straight_04x01_a.cgf
    [-1.00000000000000000, 0.00000000000000000, 0.00000000000000000, 10.00000000000000000]
    [0.00000000000000000, -1.00000000000000000, 0.00000000000000000, 10.00000000000000000]
    [0.00000000000000000, 0.00000000000000000, 1.00000000000000000, 1.00000000000000000]
  #237 data/objects/buildingsets/human/lowtech/alpha/int/stairs/util_stairs_platform_04x04_a_addon_a.cgf
    [-1.00000000000000000, 0.00000000000000000, 0.00000000000000000, 4.25000000000000000]
    [0.00000000000000000, -1.00000000000000000, 0.00000000000000000, 14.50000000000000000]
    [0.00000000000000000, 0.00000000000000000, 1.00000000000000000, 0.00000000000000000]
  #238 objects/buildingsets/human/lowtech/alpha/int/stairs/util_stairs_a_rail_straight_02x01_a.cgf
    [1.00000000000000000, 0.00000000000000000, 0.00000000000000000, 7.00000000000000000]
    [0.00000000000000000, 1.00000000000000000, 0.00000000000000000, 9.50000000000000000]
    [0.00000000000000000, 0.00000000000000000, 1.00000000000000000, 1.00000000000000000]
  #239 data/objects/buildingsets/human/lowtech/alpha/int/stairs/util_stairs_a_rail_straight_01x01_b.cgf
    [1.00000000000000000, 0.00000000000000000, 0.00000000000000000, 10.00000000000000000]
    [0.00000000000000000, 1.00000000000000000, 0.00000000000000000, 10.50000000000000000]
    [0.00000000000000000, 0.00000000000000000, 1.00000000000000000, 1.00000000000000000]
  #240 objects/buildingsets/human/lowtech/alpha/int/stairs/util_stairs_a_end_b.cgf
    [-0.00000064012100026, 1.00000042674731060, 0.00000000000000000, 6.50000399999998990]
    [-1.00000042674731060, -0.00000064012100026, -0.00000000000000000, 8.49999200000002020]
    [-0.00000000000000000, 0.00000000000000000, 1.00000042674751533, 0.50000000000000000]
  #241 objects/buildingsets/human/lowtech/alpha/int/stairs/util_stairs_a_rail_cornerout_005x005_a.cgf
    [1.00000000000000000, 0.00000000000000000, 0.00000000000000000, 7.00000399999998990]
    [0.00000000000000000, 1.00000000000000000, 0.00000000000000000, 11.49999100000002272]
    [0.00000000000000000, 0.00000000000000000, 1.00000000000000000, 1.00000000000000000]
  #242 data/objects/buildingsets/human/lowtech/alpha/int/stairs/util_stairs_platform_01x03_a.cgf
    [-0.00000064012100026, -1.00000042674731060, 0.00000000000000000, 10.00000000000000000]
    [1.00000042674731060, -0.00000064012100026, 0.00000000000000000, 9.00000000000000000]
    [0.00000000000000000, 0.00000000000000000, 1.00000042674751533, 1.00000000000000000]
  #243 data/objects/buildingsets/human/lowtech/alpha/int/stairs/util_stairs_a_rail_straight_02x01_cover.cgf
    [-0.00000064012100026, 1.00000042674731060, 0.00000000000000000, -9.50000000000000000]
    [-1.00000042674731060, -0.00000064012100026, -0.00000000000000000, 3.00000000000000000]
    [-0.00000000000000000, 0.00000000000000000, 1.00000042674751533, 1.00000000000000000]
  #244 objects/buildingsets/human/lowtech/prop/utilitarian/improvised/improvised_cablespool_1_b.cgf
    [-0.70710823567003778, 0.70710613896567265, 0.00000000000000000, -8.25000000000000000]
    [-0.70710613896567265, -0.70710823567003778, 0.00000000000000000, 4.50000000000000000]
    [0.00000000000000000, 0.00000000000000000, 1.00000057435750267, 0.75000000000000000]
  #245 objects/buildingsets/human/lowtech/alpha/int/stairs/util_stairs_a_rail_cornerout_005x005_a.cgf
    [-0.00000064012100026, -1.00000042674731060, 0.00000000000000000, 7.50000399999998990]
    [1.00000042674731060, -0.00000064012100026, 0.00000000000000000, 8.99999100000002272]
    [0.00000000000000000, 0.00000000000000000, 1.00000042674751533, 1.00000000000000000]
  #246 objects/buildingsets/human/lowtech/alpha/int/stairs/util_stairs_a_rail_cornerout_005x005_a.cgf
    [-0.00000064012100026, 1.00000042674731060, 0.00000000000000000, 9.50000399999998990]
    [-1.00000042674731060, -0.00000064012100026, -0.00000000000000000, 11.99999100000002272]
    [-0.00000000000000000, 0.00000000000000000, 1.00000042674751533, 1.00000000000000000]
  #247 data/objects/buildingsets/human/lowtech/alpha/int/stairs/util_stairs_a_rail_straight_005x01_a.cgf
    [-1.00000000000000000, 0.00000000000000000, 0.00000000000000000, -6.99999900000000252]
    [0.00000000000000000, -1.00000000000000000, 0.00000000000000000, 2.49999900000000252]
    [0.00000000000000000, 0.00000000000000000, 1.00000000000000000, 1.00000000000000000]
  #248 objects/buildingsets/human/lowtech/prop/light/light_ceiling_1_b.cgf
    [0.09128874824087631, -0.23230179843461074, 0.01421952046311216, -3.87285999999994601]
    [0.01540723111241862, 0.02127280443832258, 0.24861625227309431, 31.43750000000000000]
    [-0.23222604838304400, -0.08990716383534650, 0.02208438853628807, 11.71731600000000029]
  #249 objects/buildingsets/human/lowtech/prop/light/light_ceiling_1_b.cgf
    [-0.09965739044155297, -0.22783625435465885, 0.02567122665507424, 3.21009700000001885]
    [0.01540739607756033, 0.02127327159209226, 0.24861622273664158, 31.43750000000000000]
    [-0.22875966170294570, 0.10068791021451090, 0.00556130022077085, 11.75884600000000013]
  #250 objects/buildingsets/human/lowtech/prop/light/light_ceiling_1_b.cgf
    [0.22875953278413300, -0.10068848091927844, -0.00556119697333562, -8.97743500000001404]
    [0.01540715696869263, 0.02127283400495540, 0.24861638519768287, 31.43750000000000000]
    [-0.09965799825277548, -0.22783616325067596, 0.02567074289310856, 6.32860099999999992]
  #251 objects/buildingsets/human/lowtech/prop/light/light_ceiling_1_b.cgf
    [0.23222618795412039, 0.08990696195952104, -0.02208440817325897, 8.56250000000000000]
    [0.01540712453751604, 0.02127316640019627, 0.24861628701605887, 31.43750000000000000]
    [0.09128857215796148, -0.23230190668045567, 0.01421991599278494, 6.87500000000000000]
