# IncludedObjects
# Cgfs: 84, Materials: 11, Palettes: 3, Placements: 694

[CGFs]
      0: objects/spaceships/derelicts/metal_plate_edge_trim/derelicts_metal_plate_edge_trim_rust_04x0025_b.cgf
      1: objects/spaceships/derelicts/metal_beam/derelicts_metal_beam_04x02_a_brk_a.cgf
      2: objects/spaceships/derelicts/metal_plate/derelicts_metal_plate_04x04_b.cgf
      3: objects/spaceships/derelicts/metal_plate/derelicts_metal_plate_04x01_a.cgf
      4: objects/spaceships/derelicts/metal_beam/derelicts_metal_beam_16x0016x0024_a.cgf
      5: objects/spaceships/derelicts/metal_beam/derelicts_metal_beam_04x04x0024_a_brk_a.cgf
      6: objects/spaceships/derelicts/metal_plate/derelicts_metal_plate_corner_04x04_b.cgf
      7: objects/spaceships/derelicts/metal_plate_edge_trim/derelicts_metal_plate_edge_trim_rust_01x01_c.cgf
      8: objects/spaceships/derelicts/metal_plate_edge_trim/derelicts_metal_plate_edge_trim_rust_02x01_c.cgf
      9: objects/spaceships/derelicts/metal_plate_edge_trim/derelicts_metal_plate_edge_trim_rust_02x0025_a.cgf
     10: objects/spaceships/derelicts/metal_plate/derelicts_metal_plate_corner_04x04_d.cgf
     11: objects/spaceships/derelicts/metal_plate_edge_trim/derelicts_metal_plate_edge_trim_rust_02x01_b.cgf
     12: objects/spaceships/derelicts/metal_beam/derelicts_metal_beam_02x02_a_brk_a.cgf
     13: objects/spaceships/derelicts/metal_beam/derelicts_metal_beam_04x04x0024_a.cgf
     14: objects/spaceships/derelicts/metal_beam/derelicts_metal_beam_04x0016x0024_a_brk_b.cgf
     15: objects/spaceships/derelicts/wreckage/wreckage_girder_02.cgf
     16: objects/spaceships/derelicts/metal_beam/derelicts_metal_beam_04x0016x0024_a.cgf
     17: objects/spaceships/derelicts/wreckage/wreckage_internals_02.cgf
     18: objects/spaceships/derelicts/wreckage/wreckage_internals_01.cgf
     19: objects/spaceships/derelicts/metal_plate/derelicts_metal_plate_02x04_a.cgf
     20: objects/spaceships/derelicts/aegs/reclaimer/ext/aegs_reclaimer_derelict_truster_04_a.cgf
     21: objects/spaceships/derelicts/metal_plate_edge_trim/derelicts_metal_plate_edge_trim_rust_02x0025_b.cgf
     22: objects/spaceships/derelicts/metal_beam/derelicts_metal_beam_04x02_a.cgf
     23: objects/spaceships/derelicts/wreckage/wreckage_pipes_large_02.cgf
     24: objects/spaceships/derelicts/aegs/reclaimer/ext/aegs_rclmr_drlct_rear_ovgr_detail_01.cgf
     25: objects/spaceships/derelicts/wreckage/wreckage_girder_03.cgf
     26: objects/spaceships/derelicts/metal_plate/derelicts_metal_plate_04x02_a.cgf
     27: objects/spaceships/derelicts/metal_plate/derelicts_metal_plate_04x04_d.cgf
     28: objects/spaceships/derelicts/aegs/reclaimer/ext/aegs_rclmr_drlct_rear_ovgr_panels_01.cgf
     29: objects/spaceships/derelicts/aegs/reclaimer/ext/aegs_rclmr_drlct_rear_ovgr_frame_01.cgf
     30: objects/spaceships/derelicts/aegs/reclaimer/ext/aegs_rclmr_drlct_rear_ovgr_01.cgf
     31: objects/spaceships/derelicts/aegs/reclaimer/ext/aegs_rclmr_drlct_rear_ovgr_worn_edges_01.cgf
     32: objects/spaceships/derelicts/aegs/reclaimer/ext/aegs_rclmr_drlct_rear_ovgr_cables_01.cgf
     33: objects/spaceships/derelicts/wreckage/wreckage_pipes_large_01.cgf
     34: objects/spaceships/derelicts/metal_plate/derelicts_metal_plate_01x01_b.cgf
     35: objects/spaceships/derelicts/metal_plate/derelicts_metal_plate_02x01_b.cgf
     36: objects/spaceships/derelicts/metal_plate/derelicts_metal_plate_04x04_c.cgf
     37: objects/spaceships/derelicts/metal_plate/derelicts_metal_plate_02x04_b.cgf
     38: objects/spaceships/derelicts/metal_plate/derelicts_metal_plate_straight_04x04_a.cgf
     39: objects/spaceships/derelicts/metal_plate/derelicts_metal_plate_02x005_b.cgf
     40: objects/spaceships/derelicts/metal_plate/derelicts_metal_plate_01x005_b.cgf
     41: objects/spaceships/derelicts/metal_beam/derelicts_metal_beam_04x02x0024_a.cgf
     42: objects/spaceships/derelicts/metal_plate/derelicts_metal_plate_straight_04x02_a.cgf
     43: objects/spaceships/derelicts/metal_plate/derelicts_metal_plate_04x01_b.cgf
     44: objects/spaceships/derelicts/metal_plate/derelicts_metal_plate_04x02_b.cgf
     45: objects/spaceships/derelicts/metal_plate/derelicts_metal_plate_04x02_c.cgf
     46: objects/spaceships/derelicts/wreckage/wreckage_pipes_medium_01.cgf
     47: objects/spaceships/derelicts/metal_plate/derelicts_metal_plate_08x04_b.cgf
     48: objects/spaceships/derelicts/metal_beam/derelicts_metal_beam_04x02x0024_a_brk_a.cgf
     49: objects/spaceships/derelicts/aegs/reclaimer/int/door/aegs_reclaimer_derelict_static_cargo_door_ext_a.cgf
     50: objects/spaceships/derelicts/wreckage/wreckage_pipes_medium_03.cgf
     51: objects/spaceships/derelicts/metal_plate/derelicts_metal_plate_04x04_a.cgf
     52: objects/spaceships/derelicts/metal_plate/derelicts_metal_plate_02x01_c.cgf
     53: objects/spaceships/derelicts/metal_plate/derelicts_metal_plate_04x04_e.cgf
     54: objects/spaceships/derelicts/metal_plate/derelicts_metal_plate_02x02_b.cgf
     55: objects/spaceships/derelicts/metal_plate/derelicts_metal_plate_04x01_c.cgf
     56: objects/spaceships/derelicts/metal_plate/derelicts_metal_plate_08x04_a.cgf
     57: objects/spaceships/derelicts/metal_plate_edge_trim/derelicts_metal_plate_edge_trim_rust_01x01_b.cgf
     58: objects/spaceships/derelicts/metal_plate_edge_trim/derelicts_metal_plate_edge_trim_rust_01x0025_b.cgf
     59: objects/spaceships/derelicts/metal_plate_edge_trim/derelicts_metal_plate_edge_trim_rust_02x01_a.cgf
     60: objects/spaceships/derelicts/metal_plate_edge_trim/derelicts_metal_plate_edge_trim_rust_01x0025_a.cgf
     61: objects/spaceships/derelicts/metal_plate_edge_trim/derelicts_metal_plate_edge_trim_rust_04x0025_a.cgf
     62: objects/spaceships/derelicts/metal_plate_edge_trim/derelicts_metal_plate_edge_trim_rust_04x01_c.cgf
     63: objects/spaceships/derelicts/wreckage/debris_large_d.cgf
     64: objects/planets/terrain_extension/crashpile_01/crashpile_norocks_01_d.cgf
     65: objects/spaceships/derelicts/metal_plate/derelicts_metal_plate_02x02_d.cgf
     66: objects/spaceships/derelicts/metal_plate/derelicts_metal_plate_02x04_e.cgf
     67: objects/spaceships/derelicts/metal_plate/derelicts_metal_plate_04x005_b.cgf
     68: objects/spaceships/derelicts/aegs/reclaimer/ext/aegs_rclmr_drlct_rear_ovgr_top_grill_01.cgf
     69: objects/spaceships/derelicts/aegs/reclaimer/ext/aegs_rclmr_drlct_rear_ovgr_glass_01.cgf
     70: objects/spaceships/derelicts/metal_plate/derelicts_metal_plate_02x01_a.cgf
     71: objects/spaceships/derelicts/metal_plate/derelicts_metal_plate_02x04_c.cgf
     72: objects/spaceships/derelicts/metal_plate/derelicts_metal_plate_02x02_a.cgf
     73: objects/spaceships/derelicts/metal_plate/derelicts_metal_plate_02x04_f.cgf
     74: objects/spaceships/derelicts/aegs/reclaimer/ext/aegs_reclaimer_manned_turret_01.cgf
     75: objects/spaceships/derelicts/metal_plate/derelicts_metal_plate_02x005_a.cgf
     76: objects/spaceships/derelicts/aegs/reclaimer/int/door/aegs_reclaimer_derelict_static_salvage_lift_door_a.cgf
     77: objects/spaceships/derelicts/metal_beam/derelicts_metal_beam_04x0016x0024_a_brk_a.cgf
     78: objects/spaceships/derelicts/metal_beam/derelicts_metal_beam_02x0016x0024_b_brk_a.cgf
     79: objects/spaceships/derelicts/aegs/reclaimer/ext/aegs_reclaimer_manned_turret_int_01_a.cgf
     80: objects/spaceships/derelicts/metal_plate_edge_trim/derelicts_metal_plate_edge_trim_rust_01x01_a.cgf
     81: objects/spaceships/derelicts/metal_beam/derelicts_metal_beam_02x0016x0024_a_brk_a.cgf
     82: objects/spaceships/derelicts/metal_plate_edge_trim/derelicts_metal_plate_edge_trim_rust_04x01_b.cgf
     83: objects/spaceships/derelicts/metal_plate_edge_trim/derelicts_metal_plate_edge_trim_rust_04x01_a.cgf

[Materials]
      0: materials/decals/metal/metal_dented_01
      1: materials/decals/leakings/rust_leakings_a
      2: materials/decals/leakings/rust_leakings_c
      3: materials/decals/metal/metal_dented_02
      4: materials/decals/metal/metal_dented_06
      5: materials/decals/chipped_paint/chipped_paint002a
      6: materials/decals/metal/metal_dented_03
      7: materials/decals/leakings/rust_leakings_b
      8: materials/decals/chipped_paint/chipped_paint002c
      9: materials/decals/chipped_paint/chipped_paint002b
     10: materials/decals/metal/metal_dented_04

[Palettes]
      0: Libs/Foundry/Records/TintPalettes/default
      1: Libs/Foundry/Records/TintPalettes/Brand/AEGS/Reclaimer/aegs_reclaimer_default
      2: Libs/Foundry/Records/TintPalettes/brand/aegs/reclaimer/aegs_reclaimer_derelict

[Placements]
  #0 objects/spaceships/derelicts/metal_plate_edge_trim/derelicts_metal_plate_edge_trim_rust_04x0025_b.cgf
    [-0.34649918518390671, -0.13179669425885024, 1.1033059095600537, 13.240492000000017]
    [0.58662397938159727, 0.95981965549965764, 0.29888880834154402, -33.237214999999992]
    [-0.94367717229050185, 0.64505181522089228, -0.21931150037981123, 8.8160880000000006]
  #1 objects/spaceships/derelicts/metal_beam/derelicts_metal_beam_04x02_a_brk_a.cgf
    [0.011464899851341682, 0.68472758678781664, 0.8014260434831928, -3.2161109999999553]
    [-0.32256988144442122, 0.76530355483877666, -0.64925045687011751, -6.7367169999999987]
    [-1.0035358702439705, -0.23817140057709976, 0.21784663479340685, 6.8270489999999997]
  #2 objects/spaceships/derelicts/metal_plate/derelicts_metal_plate_04x04_b.cgf
    [-0.13465720621316143, -0.021157292825647229, 1.0453167613136749, -6.250287999999955]
    [-0.34793166235258849, 0.99478716029465242, -0.024685820902291274, -4.7507100000000264]
    [-0.98594032317153202, -0.3481640423440443, -0.13405522918269194, 8.8118769999999991]
  #3 objects/spaceships/derelicts/metal_plate/derelicts_metal_plate_04x01_a.cgf
    [1.0540632697740053, -0.0093877545423336362, 0.011465026189660839, 3.2915070000000242]
    [-0.005429669938261595, -1.0035888213448336, -0.32256619445253859, -5.2602010000000519]
    [0.013787510480077723, 0.32247527220530298, -1.0035380196178025, 6.2251880000000002]
  #4 objects/spaceships/derelicts/metal_beam/derelicts_metal_beam_16x0016x0024_a.cgf
    [-0.011465441768216445, 0.68472760846830127, -0.80142606885869305, -4.0671740000000227]
    [0.32257020917634577, 0.76530361562705707, 0.64925028614552061, -8.7590699999999515]
    [1.0035357999578023, -0.23817131672263261, -0.21784724027083596, -2.1180199999999996]
  #5 objects/spaceships/derelicts/metal_beam/derelicts_metal_beam_04x04x0024_a_brk_a.cgf
    [0.0089053217812587755, -0.99990081312816192, -0.010874593327921876, 7.291582999999946]
    [0.95201859405029565, 0.0051509659275475244, 0.30599552572373728, -6.1228250000000344]
    [-0.30590928305121007, -0.013077808917731247, 0.95197041922921166, 6.4168560000000001]
  #6 objects/spaceships/derelicts/metal_plate/derelicts_metal_plate_corner_04x04_b.cgf
    [-0.067775400735791386, -0.022944000465355975, 0.82272556756061466, 8.0189390000000458]
    [0.82206068400369614, 0.038482882770951597, 0.068793830894922442, -6.371625999999992]
    [-0.040249453296472615, 0.82461502059838176, 0.019680978965796819, 4.7966150000000001]
  #7 objects/spaceships/derelicts/metal_plate_edge_trim/derelicts_metal_plate_edge_trim_rust_01x01_c.cgf
    [0.096466368530981492, 0.35553567439354855, 1.2316513167595418, 10.790521000000012]
    [0.34162069081039348, -1.1975988675741904, 0.31894920927130371, -26.712191999999959]
    [1.2355832167248866, 0.30336064134637675, -0.18434418333443719, 6.0142129999999998]
  #8 objects/spaceships/derelicts/metal_plate_edge_trim/derelicts_metal_plate_edge_trim_rust_02x01_c.cgf
    [0.16149692390432002, -0.42680985873923227, -1.4172043168121935, -9.7495679999999538]
    [-0.40893575803531101, -1.3829886600633559, 0.36990525743077285, -26.299405999999976]
    [-1.4224648596391423, 0.34912991587350017, -0.2672414871845965, 7.257161]
  #9 objects/spaceships/derelicts/metal_plate_edge_trim/derelicts_metal_plate_edge_trim_rust_02x0025_a.cgf
    [-0.36425659941832977, 0.096232287864112087, -1.1154267441634926, -10.757775000000038]
    [-0.60749597789784948, 0.96829126550199029, 0.28192376102951311, -30.88014499999997]
    [0.9404180515391366, 0.66277576673225536, -0.24992502158515634, 5.0149759999999999]
  #10 objects/spaceships/derelicts/metal_plate/derelicts_metal_plate_corner_04x04_d.cgf
    [-0.0088429478607681827, 0.024551967178319305, 0.70302217769570807, 10.029584]
    [-0.21975800672229992, 0.66779272672533951, -0.026085853740805052, -5.7459099999999808]
    [-0.66824351841658935, -0.21993465891400521, -0.00072460596661742252, 8.9997849999999993]
  #11 objects/spaceships/derelicts/metal_plate_edge_trim/derelicts_metal_plate_edge_trim_rust_02x01_b.cgf
    [0.13534156553124424, -0.024719872496589069, -0.85817635721613283, -11.860760000000028]
    [-0.30520364796863897, -0.81340984558031815, -0.024702791767039631, -35.806001000000037]
    [-0.80245153464096164, 0.30520226499520442, -0.13534468417935763, 7.1661210000000004]
  #12 objects/spaceships/derelicts/metal_beam/derelicts_metal_beam_02x02_a_brk_a.cgf
    [-0.064785987976138201, 1.0514438402998678, -0.039229354318533811, 11.658145999999988]
    [1.0188320525849877, 0.052873179418883712, -0.26543547484544427, -6.9555890000000318]
    [-0.26278192512089488, -0.054227238325696842, -1.0194485677248026, 7.5344499999999996]
  #13 objects/spaceships/derelicts/metal_plate/derelicts_metal_plate_corner_04x04_d.cgf
    [0.027118870981722044, -0.036858691495088344, -0.77568361421084109, 10.86244899999997]
    [0.73758556448375179, -0.24157369585345784, 0.037265938793118708, -6.6121930000000475]
    [-0.24292214299875636, -0.73760602762600658, 0.026556470170580097, 8.4304570000000005]
  #14 objects/spaceships/derelicts/metal_plate_edge_trim/derelicts_metal_plate_edge_trim_rust_01x01_c.cgf
    [-0.27633562605187395, 0.73030019055550111, -2.4249560297735804, -11.373706999999968]
    [0.69971717021552704, 2.3664115340633081, 0.63293271841787757, -33.646452999999951]
    [2.4339568600051691, -0.59738561751423869, -0.45727007392463137, 6.118277]
  #15 objects/spaceships/derelicts/metal_beam/derelicts_metal_beam_04x04x0024_a.cgf
    [0.0089053217812587755, -0.99990081312816192, -0.010874593327921876, 7.267031999999972]
    [0.95201859405029565, 0.0051509659275475244, 0.30599552572373728, -10.167056000000002]
    [-0.30590928305121007, -0.013077808917731247, 0.95197041922921166, 6.7015969999999996]
  #16 objects/spaceships/derelicts/metal_plate/derelicts_metal_plate_04x04_b.cgf
    [-0.059607337080475588, -0.40481090744366494, 0.97151566386660304, -8.3514450000000124]
    [-0.15532774667641594, 0.96580065576551555, 0.39289944641432439, -5.2338909999999714]
    [-1.0409552569807969, -0.12093309346449367, -0.11425817444063402, 6.9692249999999998]
  #17 objects/spaceships/derelicts/metal_plate_edge_trim/derelicts_metal_plate_edge_trim_rust_02x0025_a.cgf
    [0.22695495826453821, -0.54789673526144889, -1.3242074096104715, -10.157071999999971]
    [-0.35633985739973628, -1.3201778567043729, 0.48515665712640654, -26.521041999999966]
    [-1.3880698837615362, 0.24932758254068052, -0.34106070374193281, 7.0337420000000002]
  #18 objects/spaceships/derelicts/metal_beam/derelicts_metal_beam_04x0016x0024_a_brk_b.cgf
    [0.0089036228542869415, -0.997043944618066, 0.076311264876588847, 0.078828000000044085]
    [0.95201787976674701, 0.03179839797859535, 0.30438483805369132, -7.9858860000000504]
    [-0.3059117409499767, 0.069939584878601843, 0.94948711016132947, 7.5597089999999998]
  #19 objects/spaceships/derelicts/metal_plate_edge_trim/derelicts_metal_plate_edge_trim_rust_01x01_c.cgf
    [0.78013977825007652, -0.17905696842667396, 1.1464591004399816, 11.512284000000022]
    [0.27219922888300657, -1.3146939255514927, -0.39055780935142481, -40.34967400000005]
    [1.1279793644917886, 0.44109684277688532, -0.69867307741521401, 5.397049]
  #20 objects/spaceships/derelicts/wreckage/wreckage_girder_02.cgf
    [0.16867368626925019, -0.23164806088632531, -0.7667243512679377, 9.3554209999999784]
    [0.73705263488163564, -0.26179085403954577, 0.24124019054580376, -3.655744000000027]
    [-0.31349715844593068, -0.74012336269580259, 0.15464413023932214, 6.7618429999999998]
  #21 objects/spaceships/derelicts/metal_plate_edge_trim/derelicts_metal_plate_edge_trim_rust_04x0025_b.cgf
    [0.072011679047821089, -1.3205853941177896, -0.605523139693524, -7.8669750000000249]
    [-1.2553152881761227, 0.24861556718798009, -0.69149372000324338, -55.431022999999982]
    [0.73129172231937556, 0.55680719677046953, -1.1273721214721428, 6.0532769999999996]
  #22 objects/spaceships/derelicts/metal_beam/derelicts_metal_beam_04x0016x0024_a.cgf
    [0.013614297641442997, -1.172463752371776, 0.0092894801089697006, -1.3678780000000188]
    [-0.26014900766681187, 0.006037968008834097, 1.1433411262256628, -6.7557699999999841]
    [-1.1432760116771334, -0.015335790924795487, -0.26005320380069846, 8.737133]
  #23 objects/spaceships/derelicts/metal_beam/derelicts_metal_beam_04x0016x0024_a.cgf
    [0.013614297641442997, -1.172463752371776, 0.0092894801089697006, 2.6971909999999752]
    [-0.26014900766681187, 0.006037968008834097, 1.1433411262256628, -6.4110399999999572]
    [-1.1432760116771334, -0.015335790924795487, -0.26005320380069846, 8.7070980000000002]
  #24 objects/spaceships/derelicts/wreckage/wreckage_internals_02.cgf
    [0.57519317323111641, 0.82098969759205476, -0.057087674156642489, -5.6174029999999675]
    [-0.17861330218235275, 0.056547076539334905, -0.9864228246765987, -5.0941000000000258]
    [-0.80335569605027635, 0.57524657079130037, 0.1784412537532028, 6.9635020000000001]
  #25 objects/spaceships/derelicts/metal_plate_edge_trim/derelicts_metal_plate_edge_trim_rust_02x01_c.cgf
    [0.1371432618086196, 0.30323982159219026, 1.0447390956274296, 10.488707999999974]
    [0.30520912621074364, -1.0214413287801392, 0.25641264151505527, -27.314881000000014]
    [1.0441654833451244, 0.25873860178139346, -0.21216790739893412, 3.9886819999999998]
  #26 objects/spaceships/derelicts/wreckage/wreckage_internals_01.cgf
    [0.076203040794995736, 0.72251758210622796, 1.2970139985863069, -9.9703849999999647]
    [-0.37948461955959129, 1.2650598231497507, -0.68242137992438923, -6.0212770000000546]
    [-1.4353635053529759, -0.29610109727517975, 0.24927819820659433, 6.2538739999999997]
  #27 objects/spaceships/derelicts/metal_plate/derelicts_metal_plate_02x04_a.cgf
    [0.0071308930903717553, 0.0087264048121195887, -0.80203059638643026, -4.3485090000000355]
    [0.76362466598941292, -0.2454393633346425, 0.0041189483642375064, -5.7818009999999731]
    [-0.24537032659528252, -0.76358591271848686, -0.010489711225007126, 7.6486140000000002]
  #28 objects/spaceships/derelicts/wreckage/wreckage_internals_01.cgf
    [-0.0081688054241206998, -0.10376274751514314, 1.4829879817910234, -8.1062160000000176]
    [-1.4601513215740676, -0.27800888110774669, -0.027494934465900098, -5.3346649999999727]
    [0.27924573410171943, -1.4567193091134232, -0.10038658143728346, 5.6565200000000004]
  #29 objects/spaceships/derelicts/wreckage/wreckage_internals_02.cgf
    [-0.60349578923514335, -0.8004155902797071, -0.057087957474484453, -2.207149999999956]
    [0.17653355759830636, -0.062747898586765383, -0.98642279167738178, -7.363617999999974]
    [0.7827899175980142, -0.60293358152959275, 0.17844427938928448, 7.0699490000000003]
  #30 objects/spaceships/derelicts/aegs/reclaimer/ext/aegs_reclaimer_derelict_truster_04_a.cgf
    [-0.056084961922401026, 0.46516579586258899, -0.88344488683757694, -10.546674000000053]
    [-0.97617346530813986, 0.16022222286396881, 0.14633459468833235, -56.912956000000008]
    [0.20961739276174732, 0.8706027971088911, 0.44509653671053701, 17.583317999999998]
  #31 objects/spaceships/derelicts/metal_beam/derelicts_metal_beam_04x02_a_brk_a.cgf
    [0.0089053217812587755, -0.99990081312816192, -0.010874593327921876, -2.2382599999999684]
    [0.95201859405029565, 0.0051509659275475244, 0.30599552572373728, -7.4626610000000255]
    [-0.30590928305121007, -0.013077808917731247, 0.95197041922921166, 8.0990439999999992]
  #32 objects/spaceships/derelicts/wreckage/wreckage_girder_02.cgf
    [0.0032495029916097644, -0.75343398817859009, -0.3198497076171794, -4.6843939999999975]
    [0.80649634940824133, -0.051663354728981738, 0.12989112919869014, -4.2654949999999872]
    [-0.13975066510278561, -0.31566642601112177, 0.74216010965820411, 6.8879989999999998]
  #33 objects/spaceships/derelicts/wreckage/wreckage_girder_02.cgf
    [0.0032506159602365761, -0.49256936338312313, -0.65371429638915801, -4.726835000000051]
    [0.80649648456355738, -0.10968690970962909, 0.086658685521552689, -1.1201160000000527]
    [-0.13975113392688721, -0.64445459859174292, 0.48489732570045457, 6.3850819999999997]
  #34 objects/spaceships/derelicts/wreckage/wreckage_internals_02.cgf
    [-0.35314903778221884, -0.93575414246301281, -0.088199366117450551, 2.5236039999999775]
    [0.27224718496692096, -0.011659515061076126, -0.96637193263921073, -7.6026669999999967]
    [0.89960903374621348, -0.36380960237268029, 0.2578281323485711, 6.4283089999999996]
  #35 objects/spaceships/derelicts/metal_plate_edge_trim/derelicts_metal_plate_edge_trim_rust_02x0025_b.cgf
    [0.20462316116798573, 0.41684430307714987, 1.2537314042576153, 10.831617000000051]
    [0.4060071986812186, -1.2271298795601124, 0.34173477789923529, -27.183576000000016]
    [1.2572826896321592, 0.32842857792667107, -0.31439967027402305, 4.4457249999999995]
  #36 objects/spaceships/derelicts/metal_beam/derelicts_metal_beam_04x02_a.cgf
    [0.0066635528770876851, -0.74818912057938602, -0.008137103584280608, 7.2560240000000249]
    [0.71236070241154936, 0.0038542951114876422, 0.22896495280710435, -8.0614719999999807]
    [-0.22890041998174715, -0.0097856936841809444, 0.71232465454758842, 6.2182130000000004]
  #37 objects/spaceships/derelicts/wreckage/wreckage_internals_01.cgf
    [-0.021153854480070306, -0.13973964449571019, 1.6114387186545023, 9.3344220000000178]
    [-1.6090759150369944, -0.16231201795960226, -0.035198100172554828, -5.419055999999955]
    [0.16473193943650244, -1.6033829980276422, -0.13687858688412216, 4.7375720000000001]
  #38 objects/spaceships/derelicts/metal_beam/derelicts_metal_beam_04x02_a.cgf
    [0.0066635528770876851, -0.74818912057938602, -0.008137103584280608, 3.5430659999999534]
    [0.71236070241154936, 0.0038542951114876422, 0.22896495280710435, -8.0614570000000185]
    [-0.22890041998174715, -0.0097856936841809444, 0.71232465454758842, 6.0718719999999999]
  #39 objects/spaceships/derelicts/wreckage/wreckage_internals_01.cgf
    [0.035816239938687752, 0.031067248866128442, -1.4858782994929889, 9.5344390000000203]
    [-1.4433934228317671, -0.35343798098363821, -0.042181967993888909, -5.5333560000000261]
    [-0.3541396924693449, 1.4436754197345507, 0.021648523543607762, 5.3270330000000001]
  #40 objects/spaceships/derelicts/wreckage/wreckage_pipes_large_02.cgf
    [0.36768407553000587, 0.16952100546907758, -1.801422683972649, -7.1431440000000066]
    [0.88712692309706487, 1.5852430036933634, 0.33024699632608567, -3.5625639999999521]
    [1.5769803042342678, -0.93130010467669355, 0.2342346518156537, 5.5942020000000001]
  #41 objects/spaceships/derelicts/aegs/reclaimer/ext/aegs_rclmr_drlct_rear_ovgr_detail_01.cgf
    [0.99999999935494832, -0, 0, 0.5625]
    [0, 0.96592645274609512, 0.25881670462943923, -3.21875]
    [-0, -0.25881670462943923, 0.96592645274609512, 2.71875]
  #42 objects/spaceships/derelicts/wreckage/wreckage_girder_03.cgf
    [-0.093225540985921784, -0.15615932667926169, -0.79805845886417526, 9.4847770000000082]
    [0.046407665381405241, -0.80299815277651077, 0.15170476524176657, -1.9994289999999637]
    [-0.81186782647634848, -0.027969123945729934, 0.10031151979697382, 4.482361]
  #43 objects/spaceships/derelicts/metal_plate/derelicts_metal_plate_04x02_a.cgf
    [-0.0097319590730572565, 1.043281762974078, 0.024905335456075563, 11.725277000000006]
    [-0.998965599550939, -0.016517769205434442, 0.30157373547805622, -3.3855650000000423]
    [0.30186891791357545, -0.021027364600808014, 0.99879168501320226, 5.9423430000000002]
  #44 objects/spaceships/derelicts/metal_plate/derelicts_metal_plate_04x04_d.cgf
    [-1.054063297209485, 0.0093877396627573776, 0.01146500801761227, 7.4224450000000388]
    [0.0054296613322432361, 1.003588847224973, -0.32256620265058339, -5.3117029999999659]
    [-0.013787488626895193, -0.32247528069392301, -1.0035380456602976, 6.2889350000000004]
  #45 objects/spaceships/derelicts/metal_beam/derelicts_metal_beam_16x0016x0024_a.cgf
    [-0.011465441768216445, 0.68472760846830127, -0.80142606885869305, -2.1458039999999983]
    [0.32257020917634577, 0.76530361562705707, 0.64925028614552061, -10.550400999999965]
    [1.0035357999578023, -0.23817131672263261, -0.21784724027083596, -1.520276]
  #46 objects/spaceships/derelicts/aegs/reclaimer/ext/aegs_rclmr_drlct_rear_ovgr_panels_01.cgf
    [0.99999999935494832, -0, 0, 0.5625]
    [0, 0.96592645274609512, 0.25881670462943923, -3.21875]
    [-0, -0.25881670462943923, 0.96592645274609512, 2.71875]
  #47 objects/spaceships/derelicts/aegs/reclaimer/ext/aegs_rclmr_drlct_rear_ovgr_frame_01.cgf
    [0.99999999935494832, -0, 0, 0.5625]
    [0, 0.96592645274609512, 0.25881670462943923, -3.21875]
    [-0, -0.25881670462943923, 0.96592645274609512, 2.71875]
  #48 objects/spaceships/derelicts/aegs/reclaimer/ext/aegs_rclmr_drlct_rear_ovgr_01.cgf
    [0.99999999935494832, -0, 0, 0.5625]
    [0, 0.96592645274609512, 0.25881670462943923, -3.21875]
    [-0, -0.25881670462943923, 0.96592645274609512, 2.71875]
  #49 objects/spaceships/derelicts/aegs/reclaimer/ext/aegs_rclmr_drlct_rear_ovgr_worn_edges_01.cgf
    [0.99999999935494832, -0, 0, 0.5625]
    [0, 0.96592645274609512, 0.25881670462943923, -3.21875]
    [-0, -0.25881670462943923, 0.96592645274609512, 2.71875]
  #50 objects/spaceships/derelicts/wreckage/wreckage_internals_02.cgf
    [-0.60349578923514335, -0.8004155902797071, -0.057087957474484453, 6.1412189999999782]
    [0.17653355759830636, -0.062747898586765383, -0.98642279167738178, -7.2571269999999686]
    [0.7827899175980142, -0.60293358152959275, 0.17844427938928448, 6.9693009999999997]
  #51 objects/spaceships/derelicts/aegs/reclaimer/ext/aegs_rclmr_drlct_rear_ovgr_cables_01.cgf
    [1, 0, 0, 0.5625]
    [0, 1, 0, -3.21875]
    [0, 0, 1, 2.71875]
  #52 objects/spaceships/derelicts/wreckage/wreckage_pipes_large_01.cgf
    [0.36768359796324573, -0.019704893807613075, -1.8092741706285744, -7.1799949999999626]
    [0.8871239857428288, 1.6110805172311078, 0.1627364018066832, -3.8870249999999942]
    [1.5769820358087285, -0.90171160562191921, 0.33029740322651757, 6.8233110000000003]
  #53 objects/spaceships/derelicts/wreckage/wreckage_internals_02.cgf
    [0.57519317323111641, 0.82098969759205476, -0.057087674156642489, 6.232939999999985]
    [-0.17861330218235275, 0.056547076539334905, -0.9864228246765987, -7.4827619999999797]
    [-0.80335569605027635, 0.57524657079130037, 0.1784412537532028, 5.0430640000000002]
  #54 objects/spaceships/derelicts/metal_plate/derelicts_metal_plate_01x01_b.cgf
    [0.067682502816073478, 0.24137778417118785, 1.0534392677955571, -9.5138970000000427]
    [-0.13678953685291098, 1.0489276233437446, -0.23155541541170907, -27.784903999999983]
    [-1.0720476427065162, -0.11860039252688208, 0.096053347012746884, 3.2951549999999998]
  #55 objects/spaceships/derelicts/metal_beam/derelicts_metal_beam_04x04x0024_a_brk_a.cgf
    [0.0067800060928549242, -1.0541194524250541, 0.0071611075857709256, 7.4846579999999676]
    [0.9853501055169217, 0.0088820258529015792, 0.37452816863342842, -7.7688960000000407]
    [-0.37457211722249456, 0.0042848058558732482, 0.98536411511867328, 2.763134]
  #56 objects/spaceships/derelicts/metal_beam/derelicts_metal_beam_02x02_a_brk_a.cgf
    [0.0085899833649500969, -0.74813369952167785, 0.011043965195767102, 3.6198540000000321]
    [0.69856535800284958, 0.011975381726283483, 0.2678858342135842, -1.0070520000000442]
    [-0.26801574977151621, 0.0072351374530986714, 0.69858070400054317, 1.5035179999999997]
  #57 objects/spaceships/derelicts/metal_beam/derelicts_metal_beam_04x02_a_brk_a.cgf
    [0.0093394342364041087, -0.74813321211667749, 0.010419078185131013, 7.6099950000000263]
    [0.71555008789577268, 0.011975724281191237, 0.2185034073747924, -1.0709229999999934]
    [-0.2186319555202246, 0.0072363146714939071, 0.71557444690925009, 1.4649260000000002]
  #58 objects/spaceships/derelicts/metal_plate/derelicts_metal_plate_02x01_b.cgf
    [0.048538118897893119, 0.37463561524209432, 0.67849245596729424, -11.249335999999971]
    [-0.098098935007553248, 0.67732382871348884, -0.36697252758998644, -34.81036400000005]
    [-0.76881757001432871, -0.062772548519053895, 0.089660231921321665, 2.4645160000000002]
  #59 objects/spaceships/derelicts/metal_beam/derelicts_metal_beam_02x02_a_brk_a.cgf
    [0.0066635528770876851, -0.74818912057938602, -0.008137103584280608, 3.4634190000000444]
    [0.71236070241154936, 0.0038542951114876422, 0.22896495280710435, -5.5242409999999609]
    [-0.22890041998174715, -0.0097856936841809444, 0.71232465454758842, 1.1238270000000004]
  #60 objects/spaceships/derelicts/metal_beam/derelicts_metal_beam_04x02_a_brk_a.cgf
    [0.0073480855615878264, -0.74818932138460648, -0.0075258058921867715, 3.5694449999999733]
    [0.68969375290904766, 0.003854740554816861, 0.29018194451618445, -5.2414790000000266]
    [-0.29011450426774338, -0.0097863727193653327, 0.68966346435938197, 5.1657359999999999]
  #61 objects/spaceships/derelicts/metal_plate/derelicts_metal_plate_04x04_c.cgf
    [0.24385481292315636, 0.039502155053382677, 1.0248122943006774, -4.5570290000000568]
    [-0.32819916766310259, 1.0009945076849032, 0.039511144242760157, -1.1391670000000431]
    [-0.97164086222684476, -0.32820024972608425, 0.24385335659013771, 0.43887300000000007]
  #62 objects/spaceships/derelicts/metal_plate/derelicts_metal_plate_02x01_b.cgf
    [-0.027988983256978059, -0.45696028060539812, 0.88904620159125458, -7.5644019999999728]
    [0.26971439785140106, -0.85985994665843335, -0.43346769836145088, -22.002363999999943]
    [0.96253311122602825, 0.22765632844301389, 0.14731542930714961, -1.7279980000000004]
  #63 objects/spaceships/derelicts/metal_beam/derelicts_metal_beam_04x04x0024_a_brk_a.cgf
    [0.080223764211827781, -0.9962505113599941, -0.032396604640669485, 2.2852599999999939]
    [0.93875486496936311, 0.064587034567820306, 0.33847938221359436, -2.5738900000000058]
    [-0.33511777761504441, -0.057566546728929163, 0.94041620655200742, 0.27305699999999966]
  #64 objects/spaceships/derelicts/metal_beam/derelicts_metal_beam_04x04x0024_a.cgf
    [0.0089079769540508346, -0.999900800527592, -0.010874175608702434, 0.25843899999995301]
    [0.95201858069537293, 0.0051536215341770192, 0.3059955438240109, -9.2866930000000139]
    [-0.30590926857755685, -0.013078223643341864, 0.95197042501801554, 2.3629099999999998]
  #65 objects/spaceships/derelicts/metal_plate/derelicts_metal_plate_02x04_b.cgf
    [0.48775830356822614, 0.92558544180134517, -0.12903889445596159, 0.97374500000000808]
    [-0.87309075230366351, 0.50323167681556935, 0.30941562137030992, -2.5430519999999888]
    [0.33327463839726962, -0.036291575214655619, 0.99943911571759592, 2.6090249999999999]
  #66 objects/spaceships/derelicts/metal_beam/derelicts_metal_beam_04x02_a.cgf
    [0.0093394342364041087, -0.74813321211667749, 0.010419078185131013, 3.5449240000000373]
    [0.71555008789577268, 0.011975724281191237, 0.2185034073747924, -6.748087000000055]
    [-0.2186319555202246, 0.0072363146714939071, 0.71557444690925009, 3.2576559999999999]
  #67 objects/spaceships/derelicts/metal_beam/derelicts_metal_beam_04x02_a.cgf
    [0.0093394342364041087, -0.74813321211667749, 0.010419078185131013, 7.5725519999999733]
    [0.71555008789577268, 0.011975724281191237, 0.2185034073747924, -3.9397639999999683]
    [-0.2186319555202246, 0.0072363146714939071, 0.71557444690925009, 2.3414820000000001]
  #68 objects/spaceships/derelicts/wreckage/wreckage_pipes_large_01.cgf
    [-1.4454288638556876, 0.13897256836833502, 0.42716134384141091, -5.0571419999999989]
    [-0.10237916461155346, 1.2995579021851882, -0.76922854498511106, -5.5185910000000149]
    [-0.43737706282420907, -0.76346622257148944, -1.2316109047934436, 3.6899090000000001]
  #69 objects/spaceships/derelicts/metal_beam/derelicts_metal_beam_04x04x0024_a_brk_a.cgf
    [0.009389261569097496, -1.0541007233078135, 0.0069308317872003745, 7.6872959999999466]
    [1.0035851619716318, 0.011059293747005799, 0.32242680445695304, -7.9035810000000311]
    [-0.32247975746966168, 0.0037264841194933323, 1.0036221644017964, 4.5875870000000001]
  #70 objects/spaceships/derelicts/metal_beam/derelicts_metal_beam_04x02_a_brk_a.cgf
    [0.0066635528770876851, -0.74818912057938602, -0.008137103584280608, -2.2136430000000473]
    [0.71236070241154936, 0.0038542951114876422, 0.22896495280710435, -5.1336469999999963]
    [-0.22890041998174715, -0.0097856936841809444, 0.71232465454758842, 2.2671190000000001]
  #71 objects/spaceships/derelicts/metal_plate/derelicts_metal_plate_straight_04x04_a.cgf
    [-1.1760106263456367, 0.010857629834372849, 0.012401496168685678, 0.63455499999997755]
    [0.0060106556224896763, 1.106457059813577, -0.39873465527638946, -7.5290830000000142]
    [-0.015347874505286463, -0.39863211758935463, -1.1064038847026414, 2.0221960000000001]
  #72 objects/spaceships/derelicts/metal_plate/derelicts_metal_plate_02x005_b.cgf
    [-0.026197506931983541, -0.12554403154540716, 0.99174207046977803, -7.575315000000046]
    [0.27529747169686231, -0.95462679430370223, -0.11357347067233367, -21.330994000000032]
    [0.96100205008817308, 0.2700487498704075, 0.059570798094083798, 0.16353200000000001]
  #73 objects/spaceships/derelicts/metal_beam/derelicts_metal_beam_04x04x0024_a_brk_a.cgf
    [0.084930473887816091, -0.99638691842528926, 0.00089479714613165822, -0.029895000000010441]
    [0.85692252394535584, 0.07350090724116215, 0.51017867640232939, 0.020937000000003536]
    [-0.50840090462753662, -0.042562926255930958, 0.86006848259206681, -0.60798500000000022]
  #74 objects/spaceships/derelicts/metal_beam/derelicts_metal_beam_04x04x0024_a.cgf
    [0.0099941085413887496, -0.99990134024635313, -0.0098838793187491867, 0.29334900000003472]
    [0.91481883129925401, 0.0051518809198170352, 0.40383192979955546, -5.5553850000000011]
    [-0.40374111407820229, -0.013077897342947779, 0.91477994343249425, 1.1639410000000003]
  #75 objects/spaceships/derelicts/metal_plate/derelicts_metal_plate_04x04_b.cgf
    [0.0092947150238461684, 1.0435223304444936, 0.011350292792513147, 4.3055729999999812]
    [0.99355258453857087, -0.0053761940714324241, -0.31934062269650115, -3.3310669999999618]
    [-0.31925059912161208, 0.013649813594206398, -0.99350229620242547, 0.71784599999999976]
  #76 objects/spaceships/derelicts/metal_beam/derelicts_metal_beam_04x0016x0024_a_brk_b.cgf
    [0.013030048576241557, -1.2214218024474728, 0.074145090045013837, 7.2739860000000363]
    [1.0822767892674332, 0.046103728060590828, 0.56928893692887328, -5.4820399999999836]
    [-0.5710040851734709, 0.059512375205477357, 1.0807178669524835, 1.760694]
  #77 objects/spaceships/derelicts/wreckage/wreckage_girder_02.cgf
    [-0.582856225673962, 0.43415674549942695, 0.3765121067780286, 10.396362999999951]
    [-0.0097328444601549845, -0.54365194935633832, 0.61181913644454444, -1.8849510000000009]
    [0.57459439429200687, 0.43119056612868917, 0.3922891838297391, 1.4952040000000002]
  #78 objects/spaceships/derelicts/metal_beam/derelicts_metal_beam_04x02_a.cgf
    [0.0093394342364041087, -0.74813321211667749, 0.010419078185131013, 7.5351100000000315]
    [0.71555008789577268, 0.011975724281191237, 0.2185034073747924, -6.8086049999999432]
    [-0.2186319555202246, 0.0072363146714939071, 0.71557444690925009, 3.218038]
  #79 objects/spaceships/derelicts/wreckage/wreckage_internals_01.cgf
    [0.18921862615743315, -1.0564104579956368, 0.048949103143730889, -12.92470400000002]
    [-1.0376204347263072, -0.19506172754138695, -0.19873981692904974, -3.9697840000000042]
    [0.20431080220956507, -0.012272963458423602, -1.0546607176786598, 5.5391360000000001]
  #80 objects/spaceships/derelicts/wreckage/wreckage_internals_01.cgf
    [0.18630482233027504, -1.1789227501230499, 0.13478665501778053, 12.972368999999958]
    [-1.0444341453297374, -0.22767873189200993, -0.54777321134341739, -3.7453719999999748]
    [0.56319056206395945, -0.032238552052534758, -1.0604305005589623, 5.2769570000000003]
  #81 objects/spaceships/derelicts/metal_plate/derelicts_metal_plate_04x02_a.cgf
    [1.0537792979820757, 0.027344231568952021, -0.0084668559805574847, 3.2980659999999489]
    [-0.023451294136476782, 1.0034850147570165, 0.32208394164770676, -8.1017000000000507]
    [0.016414367292601435, -0.32177681964974175, 1.0037232937360623, 4.8188510000000004]
  #82 objects/spaceships/derelicts/metal_beam/derelicts_metal_beam_04x02_a_brk_a.cgf
    [0.0073484893193421046, -0.74818971491282371, -0.0075256185563037179, 7.2824020000000473]
    [0.68969490941950717, 0.003855212185657667, 0.29018020950968587, -5.2414929999999913]
    [-0.29011276489807397, -0.0097863460461514364, 0.68966462560111319, 5.3120770000000004]
  #83 objects/spaceships/derelicts/metal_beam/derelicts_metal_beam_04x02_a.cgf
    [0.0066635528770876851, -0.74818912057938602, -0.008137103584280608, -2.2400219999999536]
    [0.71236070241154936, 0.0038542951114876422, 0.22896495280710435, -7.9536259999999857]
    [-0.22890041998174715, -0.0097856936841809444, 0.71232465454758842, 3.1732550000000002]
  #84 objects/spaceships/derelicts/metal_plate/derelicts_metal_plate_01x005_b.cgf
    [-0.0088851539715535284, -0.42595822139602574, 0.90469974291505173, -7.6577590000000555]
    [0.27327409384923346, -0.87132939851699265, -0.4075626652153273, -20.89883199999997]
    [0.96189568084917954, 0.24360962639369343, 0.12414518218015116, 2.1294449999999996]
  #85 objects/spaceships/derelicts/metal_beam/derelicts_metal_beam_04x02x0024_a.cgf
    [0.011275820800698683, -0.99990139990772064, -0.0083957452918520786, -1.8867890000000216]
    [0.84971361766032794, 0.005155324320945948, 0.5272197196661923, -3.0250489999999672]
    [-0.52712433641316836, -0.013078811294647079, 0.84968777846174204, 0.27756100000000039]
  #86 objects/spaceships/derelicts/metal_plate/derelicts_metal_plate_straight_04x02_a.cgf
    [-1.0540639697627598, 0.0097816069563699971, 0.011130489410302155, 3.466103999999973]
    [0.0054291245276411812, 0.99172071931631078, -0.35739468304214123, -4.5454730000000154]
    [-0.013787394098419007, -0.35730205012745214, -0.99167311787699697, 3.254127]
  #87 objects/spaceships/derelicts/metal_beam/derelicts_metal_beam_04x04x0024_a_brk_a.cgf
    [-0.041848043355727733, 0.9989429864425784, -0.019000630679737035, 1.4941250000000537]
    [-0.97806770670818499, -0.037075049881827228, 0.2049594463121914, -2.7519079999999576]
    [0.2040384160486382, 0.027161063587250425, 0.97858570103129972, 0.38388299999999997]
  #88 objects/spaceships/derelicts/metal_beam/derelicts_metal_beam_04x04x0024_a_brk_a.cgf
    [0.0095851099140846219, -1.0540621422884433, -0.01130001779139571, 3.536734000000024]
    [0.99780327951329673, 0.0054281626563850395, 0.34003781404799566, -6.1115140000000565]
    [-0.33994603336455975, -0.013787667834944674, 0.99775405744864232, 3.6843349999999999]
  #89 objects/spaceships/derelicts/metal_plate/derelicts_metal_plate_02x04_b.cgf
    [-1.0530709314572397, -0.0080463204582455119, 0.0473830920097386, -0.74491699999998673]
    [-0.025788953704473223, 0.97160200999742674, -0.40815775307756641, -4.2105129999999917]
    [-0.040556510551928292, -0.40889250208041517, -0.97078853441715485, 3.0686810000000002]
  #90 objects/spaceships/derelicts/metal_beam/derelicts_metal_beam_04x02_a.cgf
    [0.0093394342364041087, -0.74813321211667749, 0.010419078185131013, 3.5824119999999766]
    [0.71555008789577268, 0.011975724281191237, 0.2185034073747924, -3.8758930000000191]
    [-0.2186319555202246, 0.0072363146714939071, 0.71557444690925009, 2.380074]
  #91 objects/spaceships/derelicts/metal_plate/derelicts_metal_plate_04x01_b.cgf
    [1.0537122347876926, -0.0088067225602016241, -0.029693530805825631, -0.70569299999999657]
    [0.017921471732443926, 0.99764474654029511, 0.34007722421052522, -2.5182270000000244]
    [0.025260344117056154, -0.34043522028947049, 0.9973637820157647, 2.5095399999999999]
  #92 objects/spaceships/derelicts/metal_plate/derelicts_metal_plate_straight_04x04_a.cgf
    [-1.054063297209485, 0.0093877396627573776, 0.01146500801761227, 3.4145499999999629]
    [0.0054296613322432361, 1.003588847224973, -0.32256620265058339, -8.5283699999999953]
    [-0.013787488626895193, -0.32247528069392301, -1.0035380456602976, 4.5515879999999997]
  #93 objects/spaceships/derelicts/wreckage/wreckage_internals_01.cgf
    [0.12309372859958632, 0.76828269450181719, 0.15602780147630566, 12.580475999999976]
    [-0.690042545566527, 0.031218709948435376, 0.39066829533796749, -3.3542549999999665]
    [0.37208098421253583, -0.19627056071462551, 0.67289571830206185, 2.9333]
  #94 objects/spaceships/derelicts/metal_beam/derelicts_metal_beam_04x02_a.cgf
    [0.0066635528770876851, -0.74818912057938602, -0.008137103584280608, 3.4367879999999786]
    [0.71236070241154936, 0.0038542951114876422, 0.22896495280710435, -8.3713020000000142]
    [-0.22890041998174715, -0.0097856936841809444, 0.71232465454758842, 2.0386649999999999]
  #95 objects/spaceships/derelicts/metal_plate/derelicts_metal_plate_04x02_b.cgf
    [-1.054063297209485, 0.0093877396627573776, 0.01146500801761227, 6.2953820000000178]
    [0.0054296613322432361, 1.003588847224973, -0.32256620265058339, -0.039266999999995278]
    [-0.013787488626895193, -0.32247528069392301, -1.0035380456602976, -0.35197699999999976]
  #96 objects/spaceships/derelicts/metal_plate/derelicts_metal_plate_04x02_c.cgf
    [-0.26455998211704207, -0.21217619022736581, 0.99812639601538888, -7.2075640000000476]
    [0.24723512786148191, -1.0137322734313381, -0.14996230064548019, -8.0792699999999513]
    [0.99002516618184244, 0.19645652028927263, 0.30417433853348547, -2.7162620000000004]
  #97 objects/spaceships/derelicts/metal_plate/derelicts_metal_plate_04x02_a.cgf
    [-0.0090104430278407088, -1.0520210492301902, -0.066614287128239053, -0.74720100000001821]
    [1.0035279487713529, -0.028952394388145265, 0.32149705169799864, -8.2091679999999769]
    [-0.32267229088930821, -0.060666384368567208, 1.0017330591811584, 4.4309630000000002]
  #98 objects/spaceships/derelicts/metal_beam/derelicts_metal_beam_04x04x0024_a_brk_a.cgf
    [0.080223764211827781, -0.9962505113599941, -0.032396604640669485, 5.8146600000000035]
    [0.93875486496936311, 0.064587034567820306, 0.33847938221359436, -3.0546620000000075]
    [-0.33511777761504441, -0.057566546728929163, 0.94041620655200742, 0.56768299999999972]
  #99 objects/spaceships/derelicts/metal_beam/derelicts_metal_beam_04x02x0024_a.cgf
    [0.0093876902625943375, -1.0540617573997206, -0.011463641663012683, -0.62338399999998728]
    [1.0035860306296267, 0.0054299752982162322, 0.32256987880855015, -7.7461090000000468]
    [-0.32247896461294268, -0.013786195156936206, 1.0035352462302911, 3.994983]
  #100 objects/spaceships/derelicts/metal_beam/derelicts_metal_beam_04x04x0024_a.cgf
    [0.0093876902625943375, -1.0540617573997206, -0.011463641663012683, 3.5012090000000171]
    [1.0035860306296267, 0.0054299752982162322, 0.32256987880855015, -7.7673529999999573]
    [-0.32247896461294268, -0.013786195156936206, 1.0035352462302911, 4.0489320000000006]
  #101 objects/spaceships/derelicts/metal_plate/derelicts_metal_plate_04x04_d.cgf
    [-0.014225978638858007, 0.0079858696306768055, -1.1606235674104197, 7.6623439999999619]
    [0.15789504497333656, 1.149933323491658, 0.005976964679323989, -9.7182040000000143]
    [1.149860858589036, -0.15780619512602062, -0.015179870724532731, -2.1342610000000004]
  #102 objects/spaceships/derelicts/wreckage/wreckage_pipes_medium_01.cgf
    [0.86579611898969777, 0.35845520854489632, 1.5908984577465166, 8.3083990000000085]
    [-1.1112198751251188, 1.4479933505545892, 0.27848986503541395, -5.4338850000000321]
    [-1.1935821833959006, -1.088060696499769, 0.89472702611642685, 4.4927440000000001]
  #103 objects/spaceships/derelicts/metal_plate/derelicts_metal_plate_08x04_b.cgf
    [0.21217630111448829, -0.26455982235403808, 0.9981260247493825, -6.8044210000000476]
    [1.0137314499944028, 0.24723725085887546, -0.14996177086385198, -8.3612030000000459]
    [-0.19645866786235461, 0.99002428547201637, 0.30417453811587142, -2.9080019999999998]
  #104 objects/spaceships/derelicts/metal_plate/derelicts_metal_plate_04x02_b.cgf
    [0.061857552916534192, -0.038919641927785395, -1.5978248691894061, -9.0553260000000364]
    [-1.5972929132209199, 0.055215979540459641, -0.063181903725400432, -18.267233000000033]
    [0.056695683276210558, 1.5980681665862544, -0.036730674132707947, -3.3629709999999999]
  #105 objects/spaceships/derelicts/metal_beam/derelicts_metal_beam_04x02_a.cgf
    [0.082174998223395648, 1.0508392883479076, 0.015786974983347146, -5.4957490000000462]
    [1.0162733977360912, -0.075419445659382897, -0.26975073145044265, -6.4847809999999981]
    [-0.26777008714306083, 0.036247291327370458, -1.0189457704659768, 4.9871559999999997]
  #106 objects/spaceships/derelicts/metal_beam/derelicts_metal_beam_04x02x0024_a_brk_a.cgf
    [0.012035104938593361, -1.054062631479824, -0.0086428733133093356, -0.5855420000000322]
    [0.8859042618423304, 0.0054304791955315209, 0.57132453372620629, -3.7000209999999925]
    [-0.5712235719846277, -0.013785967709949404, 0.88587874565066049, 2.6948639999999999]
  #107 objects/spaceships/derelicts/aegs/reclaimer/int/door/aegs_reclaimer_derelict_static_cargo_door_ext_a.cgf
    [-0.99867074804971467, -0.050078437421718219, 0.01215040189652824, 0.36288899999999558]
    [-0.044789418487594199, 0.96013928129715254, 0.27590798044412329, -37.998094000000037]
    [-0.025483134665720768, 0.27499719232495923, -0.96110660138822412, -0.93279300000000021]
  #108 objects/spaceships/derelicts/metal_beam/derelicts_metal_beam_16x0016x0024_a.cgf
    [-1.054063297209485, 0.0093877396627573776, 0.01146500801761227, 7.6199309999999514]
    [0.0054296613322432361, 1.003588847224973, -0.32256620265058339, -7.7737260000000106]
    [-0.013787488626895193, -0.32247528069392301, -1.0035380456602976, 4.5576080000000001]
  #109 objects/spaceships/derelicts/metal_plate/derelicts_metal_plate_corner_04x04_d.cgf
    [0.027117355131552143, 0.0097655258601532582, 0.77649739935884798, 9.9954760000000533]
    [0.73758587910299622, 0.24272601944152145, -0.028811075815468875, -6.7478230000000394]
    [-0.24292107289043452, 0.73808376329957237, -0.00079897122059369749, 3.0667610000000001]
  #110 objects/spaceships/derelicts/wreckage/wreckage_pipes_medium_03.cgf
    [0.90308748747353162, -0.25053135116653391, 1.5908231486614486, 8.5097690000000057]
    [0.015835221505992935, 1.8251757835816504, 0.27844903133728766, -2.8293419999999969]
    [-1.6103519782936617, -0.12255064004520136, 0.89487379271934842, 3.1608019999999999]
  #111 objects/spaceships/derelicts/metal_plate/derelicts_metal_plate_04x04_a.cgf
    [-0.10270859574070258, 0.021758507856805852, -1.0489256081096963, -5.7653420000000324]
    [0.28727805636936254, 1.0142428019559753, -0.0070906036846133183, -6.8794289999999592]
    [1.009053855025138, -0.28654061783247453, -0.10474832524947351, -1.1482659999999996]
  #112 objects/spaceships/derelicts/metal_plate/derelicts_metal_plate_02x01_c.cgf
    [-0.062792615826205697, -0.99769396854562253, 0.02576287829422625, 13.026266999999962]
    [0.84154302571300732, -0.03905230966898985, 0.53877652728745351, -4.5873289999999542]
    [-0.53652802037182878, 0.055511761004474421, 0.8420546425967157, 3.0262449999999999]
  #113 objects/spaceships/derelicts/metal_plate/derelicts_metal_plate_04x04_d.cgf
    [-1.0537791300777415, -0.02747153897386494, -0.0079904892289354382, 7.693463999999949]
    [0.023435529377687666, -0.99771818366560328, 0.33952642062865868, -0.93548099999998158]
    [-0.016410646985961647, 0.33922371510336469, 0.99796139711718579, 2.5569500000000001]
  #114 objects/spaceships/derelicts/metal_plate/derelicts_metal_plate_02x04_b.cgf
    [0.010076896326824276, -0.066051623569520074, -1.0520461492766569, -4.1726670000000468]
    [-1.0159154629254326, 0.28006278521979933, -0.027314273695735143, -1.9487490000000207]
    [0.28121111175239039, 1.0141338572310619, -0.060977793238404639, -2.3549179999999996]
  #115 objects/spaceships/derelicts/metal_beam/derelicts_metal_beam_02x02_a_brk_a.cgf
    [0.082174998223395648, 1.0508392883479076, 0.015786974983347146, -5.1676770000000261]
    [1.0162733977360912, -0.075419445659382897, -0.26975073145044265, -2.427550999999994]
    [-0.26777008714306083, 0.036247291327370458, -1.0189457704659768, 3.918142]
  #116 objects/spaceships/derelicts/metal_plate/derelicts_metal_plate_04x04_e.cgf
    [-0.0017996670042072277, 0.355797533258289, -0.93456145640791866, 7.1944829999999911]
    [-0.99848652419801442, 0.050733318430592554, 0.021237482743664243, 1.4641219999999748]
    [0.054969641357219184, 0.93318512901012107, 0.35516769673032184, -2.9789580000000004]
  #117 objects/spaceships/derelicts/metal_plate/derelicts_metal_plate_04x04_b.cgf
    [1.0537025655193797, 0.017706481308810147, -0.025811129479131605, -1.9999639999999772]
    [0.00020223935241325477, 0.86541620272440523, 0.60193320694971275, 0.32731000000001131]
    [0.031300047676833899, -0.601672757443099, 0.86503123090076706, -0.5809230000000003]
  #118 objects/spaceships/derelicts/wreckage/wreckage_internals_02.cgf
    [-0.59988240673374338, -0.80230606396615667, -0.067658463238940023, -3.2211240000000316]
    [0.26142781035661194, -0.114287374882523, -0.96266582246800425, -8.0551229999999805]
    [0.76153016217144609, -0.59276889720951553, 0.27717943004042717, 3.643996]
  #119 objects/spaceships/derelicts/metal_beam/derelicts_metal_beam_04x04x0024_a_brk_a.cgf
    [-0.0093892617257096272, 1.0541007233074315, 0.0069308317871977871, 3.5214009999999689]
    [-1.0035851619712681, -0.011059293896108173, 0.32242680445628236, -0.86166600000001381]
    [0.32247975746954466, -0.0037264840715895407, 1.0036221644030758, 2.35405]
  #120 objects/spaceships/derelicts/metal_beam/derelicts_metal_beam_16x0016x0024_a.cgf
    [-1.054063297209485, 0.0093877396627573776, 0.01146500801761227, 7.6246889999999894]
    [0.0054296613322432361, 1.003588847224973, -0.32256620265058339, -7.9075990000000047]
    [-0.013787488626895193, -0.32247528069392301, -1.0035380456602976, 4.1411199999999999]
  #121 objects/spaceships/derelicts/metal_plate/derelicts_metal_plate_corner_04x04_d.cgf
    [-0.016399862061876953, 0.0092061958933370176, -1.337980356930206, -4.2551999999999452]
    [0.1820232260953368, 1.3256565218245813, 0.0068903087996952106, -7.7635629999999765]
    [1.3255729835568291, -0.18192079911511702, -0.017499518939671756, -0.26521699999999981]
  #122 objects/spaceships/derelicts/metal_plate/derelicts_metal_plate_02x01_b.cgf
    [1.0541016617966681, 0.0093892896497272445, 0.0069344554239576216, 11.84890299999995]
    [-0.011060432877615848, 1.0035857320086967, 0.32242813799012382, -3.0339950000000044]
    [-0.0037299137675132457, -0.32248112903407561, 1.0036227219402944, 5.1985049999999999]
  #123 objects/spaceships/derelicts/metal_beam/derelicts_metal_beam_04x02_a.cgf
    [0.082174998223395648, 1.0508392883479076, 0.015786974983347146, 10.375944000000004]
    [1.0162733977360912, -0.075419445659382897, -0.26975073145044265, -5.7866209999999683]
    [-0.26777008714306083, 0.036247291327370458, -1.0189457704659768, 3.8984740000000002]
  #124 objects/spaceships/derelicts/metal_beam/derelicts_metal_beam_04x02_a_brk_a.cgf
    [0.04825507584019454, 0.61067192402690773, -0.85791485100568521, -3.2190140000000156]
    [0.38804244832567703, 0.7880702665436875, 0.58278208277395671, -8.3133980000000065]
    [0.97895921706077549, -0.34247875687436619, -0.18871617613950684, 0.067420000000000258]
  #125 objects/spaceships/derelicts/metal_plate/derelicts_metal_plate_04x02_b.cgf
    [1.0537792979820757, 0.027344231568952021, -0.0084668559805574847, 3.3455370000000357]
    [-0.023451294136476782, 1.0034850147570165, 0.32208394164770676, -6.35956699999997]
    [0.016414367292601435, -0.32177681964974175, 1.0037232937360623, 4.2602200000000003]
  #126 objects/spaceships/derelicts/metal_plate/derelicts_metal_plate_04x04_e.cgf
    [-0.083276845528921395, -0.2847634463212102, -0.95497270177734084, -5.3317240000000083]
    [-0.99623985869247089, 0.046733361611039671, 0.072940053241221728, 4.5627419999999574]
    [0.023858446157547116, 0.95745698966256121, -0.28758477358015372, -3.3869179999999997]
  #127 objects/spaceships/derelicts/metal_beam/derelicts_metal_beam_02x02_a_brk_a.cgf
    [0.082174998223395648, 1.0508392883479076, 0.015786974983347146, 10.70297800000003]
    [1.0162733977360912, -0.075419445659382897, -0.26975073145044265, -1.7116600000000517]
    [-0.26777008714306083, 0.036247291327370458, -1.0189457704659768, 2.896439]
  #128 objects/spaceships/derelicts/metal_plate/derelicts_metal_plate_02x02_b.cgf
    [-0.043566438998475766, 0.24495400020672622, -0.96855538339434322, 15.626510000000053]
    [0.35787623559864207, 0.9089665379117351, 0.21378601562531505, -4.7883110000000215]
    [0.93275216049773124, -0.33730905452703963, -0.12726364896284142, 3.3009330000000001]
  #129 objects/spaceships/derelicts/metal_plate/derelicts_metal_plate_04x04_e.cgf
    [-0.16243742441654857, 0.35926652912857399, 0.91899034476675279, 10.047732999999994]
    [0.98654987017870888, 0.041856288885459232, 0.1580158672690789, -18.693115000000034]
    [0.018304272096430492, 0.93229674551954445, -0.36123308471729892, -1.2491479999999999]
  #130 objects/spaceships/derelicts/metal_plate/derelicts_metal_plate_corner_04x04_d.cgf
    [-0.01225597408680062, 0.0068799857868533402, -0.99990114759899684, 7.6771790000000237]
    [0.13602972900471882, 0.99069129696231617, 0.0051492742266644005, -6.6450680000000375]
    [0.9906288669330815, -0.13595318309525278, -0.013077770459150916, -2.0586160000000007]
  #131 objects/spaceships/derelicts/metal_plate/derelicts_metal_plate_02x04_b.cgf
    [-1.0540612822926283, 0.0083525493395398154, 0.012240891623635983, -1.961039000000028]
    [0.0054290689512355621, 1.0278800764147886, -0.23387574704624847, -2.9712939999999435]
    [-0.01378875333501106, -0.23378959507567615, -1.0278215248049676, 0.40530400000000011]
  #132 objects/spaceships/derelicts/metal_beam/derelicts_metal_beam_04x04x0024_a_brk_a.cgf
    [0.0067800060928549242, -1.0541194524250541, 0.0071611075857709256, 7.7329650000000356]
    [0.9853501055169217, 0.0088820258529015792, 0.37452816863342842, -0.91036399999995865]
    [-0.37457211722249456, 0.0042848058558732482, 0.98536411511867328, 2.3469630000000001]
  #133 objects/spaceships/derelicts/metal_plate/derelicts_metal_plate_02x02_b.cgf
    [-0.99993520735041752, 0.0069570446057311093, 0.0091397223788081197, 15.017143000000033]
    [0.00093193151954576252, 0.84222267102518611, -0.53913120648741364, -4.618616999999972]
    [-0.011448427771999762, -0.5390871226761822, -0.84217359348295551, 2.9511820000000002]
  #134 objects/spaceships/derelicts/metal_plate/derelicts_metal_plate_04x01_c.cgf
    [1.0422083570184171, 0.0093887235557098998, -0.1580514521451537, 11.847837000000027]
    [0.039516042134190861, 1.0035856471450311, 0.32018900723285926, -3.7381729999999607]
    [0.1533195749708634, -0.32248158057276632, 0.9918494881867258, 5.4800789999999999]
  #135 objects/spaceships/derelicts/metal_plate/derelicts_metal_plate_04x04_b.cgf
    [1.0536400430616137, 0.032778619343199505, -0.0058507305892806782, 3.4508650000000216]
    [-0.027957655971153496, 0.97153141248481978, 0.40818022159972844, -0.82223599999997532]
    [0.018084203246848961, -0.407821389760957, 0.97191598655630829, 2.5001739999999999]
  #136 objects/spaceships/derelicts/metal_plate/derelicts_metal_plate_08x04_a.cgf
    [-1.054063297209485, 0.0093877396627573776, 0.01146500801761227, 4.2197680000000446]
    [0.0054296613322432361, 1.003588847224973, -0.32256620265058339, -3.2960080000000289]
    [-0.013787488626895193, -0.32247528069392301, -1.0035380456602976, 0.70559599999999989]
  #137 objects/spaceships/derelicts/metal_plate_edge_trim/derelicts_metal_plate_edge_trim_rust_01x01_b.cgf
    [0.070234832061704666, -0.84141271829827069, -0.54575142198819049, -7.9109150000000454]
    [-0.25319115366568901, -0.54424290527429509, 0.80650282610477253, -20.838788000000022]
    [-0.97041960863414878, 0.08109997716067803, -0.24992295939716291, 3.1580349999999999]
  #138 objects/spaceships/derelicts/metal_plate_edge_trim/derelicts_metal_plate_edge_trim_rust_02x0025_b.cgf
    [-0.25327953584542495, 0.18704015353096745, -1.1861335423027428, -10.257946999999945]
    [-0.61030943287978201, 1.0239295839387224, 0.29178403959032334, -32.034453999999982]
    [1.034127262645415, 0.65010115412049585, -0.11830729711777872, -1.2499000000000002]
  #139 objects/spaceships/derelicts/metal_plate_edge_trim/derelicts_metal_plate_edge_trim_rust_01x0025_b.cgf
    [-0.33159878444610225, -0.10490317515052952, -1.3102315719957072, -10.720934000000057]
    [-1.311307242241097, 0.11940844598646552, 0.32231062925426984, -33.146302999999989]
    [0.090469690267257527, 1.3462563459934263, -0.13068392507310109, 0.64975200000000033]
  #140 objects/spaceships/derelicts/metal_plate_edge_trim/derelicts_metal_plate_edge_trim_rust_02x01_a.cgf
    [-0.27153838354337539, -0.11081916963160128, -0.86829292267049651, -10.261292000000026]
    [-0.83129638919410642, 0.31737890819841702, 0.21946189555018755, -29.296181000000047]
    [0.27415287930341226, 0.85260560749258685, -0.19455194292708927, 4.5673110000000001]
  #141 objects/spaceships/derelicts/metal_plate_edge_trim/derelicts_metal_plate_edge_trim_rust_04x0025_b.cgf
    [0.42791447077374811, 0.20672208717190793, -1.6530445601247845, -9.5173429999999826]
    [1.665412638542807, -0.095212796638639491, 0.41920925576442575, -27.439988999999969]
    [-0.041122773067211266, -1.7048758416412524, -0.22384909091556213, 3.3842479999999999]
  #142 objects/spaceships/derelicts/metal_plate/derelicts_metal_plate_02x04_b.cgf
    [-1.0540866669962059, 0.010351445810398407, -0.0077942810514095183, -2.0029610000000275]
    [0.012563651158739933, 0.97165434042100762, -0.40865217752658894, -0.21964900000000398]
    [0.003171421926434412, -0.40871419732778508, -0.97170430264165919, -0.44706199999999985]
  #143 objects/spaceships/derelicts/metal_plate_edge_trim/derelicts_metal_plate_edge_trim_rust_01x01_b.cgf
    [-0.046798864100964739, -0.32133695000762469, -1.576911541802827, -11.05495099999996]
    [0.33141096629448152, 1.5418403515272119, -0.32402574220964903, -34.652872000000002]
    [1.574825138715702, -0.33401867426021731, 0.021328091964105192, 0.88556300000000032]
  #144 objects/spaceships/derelicts/metal_plate_edge_trim/derelicts_metal_plate_edge_trim_rust_01x0025_a.cgf
    [-0.34547496257165727, 0.048985593463713145, 1.1951236403489736, 9.2361580000000458]
    [1.1540283081898068, 0.34077827034503799, 0.31962773379210846, -23.282210999999961]
    [-0.31454533534062562, 1.1964713268380127, -0.13996660288012014, 1.05504]
  #145 objects/spaceships/derelicts/metal_plate_edge_trim/derelicts_metal_plate_edge_trim_rust_04x0025_a.cgf
    [0.24722414179928753, -0.11111519555852178, 0.98357674825748709, 8.9114799999999832]
    [-0.98982927548686028, -0.024889795064877852, 0.2459839144658863, -21.101935000000026]
    [-0.0027949572336263009, -1.0138656193513984, -0.11383442711430662, 2.894863]
  #146 objects/spaceships/derelicts/metal_plate_edge_trim/derelicts_metal_plate_edge_trim_rust_02x0025_b.cgf
    [-0.4310056541348446, -0.18008141294359989, -1.6638543681438156, -7.6787679999999909]
    [-1.6734041231682433, 0.070652633287995814, 0.42583258864044149, -22.008420999999998]
    [0.023649825423073065, 1.7173192591061608, -0.19199425938227774, -1.3643099999999997]
  #147 objects/spaceships/derelicts/metal_plate_edge_trim/derelicts_metal_plate_edge_trim_rust_01x0025_a.cgf
    [-0.022082233544109511, -0.34627665728763291, 1.1956911380995023, 10.543507999999974]
    [-0.35523436275604886, 1.1479046911240787, 0.32587699176669926, -27.336719000000016]
    [-1.1930605050161052, -0.33537999770903559, -0.11916096113106842, 3.012378]
  #148 objects/spaceships/derelicts/metal_plate_edge_trim/derelicts_metal_plate_edge_trim_rust_02x0025_b.cgf
    [0.32773982190277723, -0.11974117511593144, 1.1951247060780472, 9.9217630000000554]
    [-1.1996626644055051, -0.093394311520838866, 0.31962696563991594, -25.041438999999968]
    [0.0589109813852009, -1.2357240616393903, -0.13996407651546927, 2.9304920000000001]
  #149 objects/spaceships/derelicts/metal_plate_edge_trim/derelicts_metal_plate_edge_trim_rust_02x0025_b.cgf
    [-0.054163608118868514, 0.34470075967610531, 1.1951243284368875, 8.9972639999999728]
    [0.66329414053954994, -1.0039687712406071, 0.31962800266401042, -22.210886999999957]
    [1.0522269989260422, 0.65061706344039327, -0.1399651745212136, 0.75000900000000037]
  #150 objects/spaceships/derelicts/metal_plate_edge_trim/derelicts_metal_plate_edge_trim_rust_02x01_c.cgf
    [-0.027886402424365558, -0.14403845335627036, 1.2538343177296052, 12.279012999999964]
    [0.49577349086135625, -1.1545756965296088, -0.12160933576094193, -37.726531000000023]
    [1.1606275104963157, 0.48972758625567164, 0.082072510265146892, -1.4543790000000003]
  #151 objects/spaceships/derelicts/metal_plate_edge_trim/derelicts_metal_plate_edge_trim_rust_02x01_c.cgf
    [-0.074659833520746746, -0.10232642100751059, 1.2566513171289371, 11.708926000000019]
    [0.50018882457006852, -1.1579545887967551, -0.064572672851565857, -41.499309000000039]
    [1.1573479896095693, 0.49384997101121297, 0.10897319440282818, 2.1103889999999996]
  #152 objects/spaceships/derelicts/metal_plate_edge_trim/derelicts_metal_plate_edge_trim_rust_04x0025_a.cgf
    [-0.34547496257165727, 0.048985593463713145, 1.1951236403489736, 10.596479000000045]
    [1.1540283081898068, 0.34077827034503799, 0.31962773379210846, -27.826251999999954]
    [-0.31454533534062562, 1.1964713268380127, -0.13996660288012014, 2.2935759999999998]
  #153 objects/spaceships/derelicts/metal_plate_edge_trim/derelicts_metal_plate_edge_trim_rust_02x01_c.cgf
    [0.10975061504451035, 0.25121398229038056, 1.0616445666356733, 8.564881000000014]
    [0.063778890740870064, -1.0666556650301526, 0.2458064149342607, -21.467254000000025]
    [1.0890959112314684, 0.037149369157202912, -0.12137902939967066, 0.42840599999999984]
  #154 objects/spaceships/derelicts/metal_plate_edge_trim/derelicts_metal_plate_edge_trim_rust_02x01_b.cgf
    [-0.027886402424365558, -0.14403845335627036, 1.2538343177296052, 12.232002999999963]
    [0.49577349086135625, -1.1545756965296088, -0.12160933576094193, -36.703788000000031]
    [1.1606275104963157, 0.48972758625567164, 0.082072510265146892, 0.77918100000000035]
  #155 objects/spaceships/derelicts/metal_plate_edge_trim/derelicts_metal_plate_edge_trim_rust_02x01_c.cgf
    [0.067895534464445573, 0.18640950645708884, 1.6274882967162558, 11.578336000000036]
    [-0.62028179750228629, 1.5105224546764964, -0.1471355472059411, -39.982397999999989]
    [-1.5161520872700363, -0.60963093217674202, 0.13307681408192959, 4.7733799999999995]
  #156 objects/spaceships/derelicts/metal_plate_edge_trim/derelicts_metal_plate_edge_trim_rust_01x01_c.cgf
    [-0.11716040165753157, -0.29591940173124809, 1.232535653035449, 10.199219999999968]
    [-0.1172196417654487, 1.2350146954749981, 0.28537211774494037, -26.808929000000035]
    [-1.2621299393916938, -0.087231861615309034, -0.14091701973609089, 2.7999749999999999]
  #157 objects/spaceships/derelicts/metal_plate_edge_trim/derelicts_metal_plate_edge_trim_rust_02x01_b.cgf
    [0.067762253591235888, 0.086370583190199496, 1.0890842196520363, 11.266088999999965]
    [-0.39820578133380452, 1.0180650401172544, -0.055962201090119922, -43.293225000000007]
    [-1.0173477629837471, -0.39273366878573268, 0.094444865935248729, 6.1539950000000001]
  #158 objects/spaceships/derelicts/metal_plate_edge_trim/derelicts_metal_plate_edge_trim_rust_04x0025_b.cgf
    [-0.34369423124659726, 0.13993859125398025, 1.1031808726132144, 12.050939999999969]
    [1.0735444605825897, 0.34286455697886675, 0.29096865524333287, -31.327239999999961]
    [-0.28998816902459745, 1.1034390141097641, -0.23031668541428901, 5.4168520000000004]
  #159 objects/spaceships/derelicts/metal_plate_edge_trim/derelicts_metal_plate_edge_trim_rust_01x01_c.cgf
    [0.03622069313661843, 0.18707144906434886, 1.6284260236565318, 11.728859000000057]
    [-0.6438888170955186, 1.4995135995948978, -0.15794029263440829, -40.979362000000037]
    [-1.5073732891345104, -0.63603633368155432, 0.10659516700530973, 1.7206250000000001]
  #160 objects/spaceships/derelicts/metal_plate_edge_trim/derelicts_metal_plate_edge_trim_rust_01x01_c.cgf
    [-0.063003168889351716, -0.086350135194168051, 1.0604505381099893, 11.55735500000003]
    [0.42209430304643342, -0.97716335867164639, -0.054490904940276357, -40.318911999999955]
    [0.97665146749572984, 0.41674514218814057, 0.091959156243090062, 4.2557510000000001]
  #161 objects/spaceships/derelicts/metal_plate_edge_trim/derelicts_metal_plate_edge_trim_rust_02x01_b.cgf
    [0.054281581113099282, 0.069187997925875669, 0.87242153459187466, 11.401210999999989]
    [-0.31898679146034137, 0.8155308609062587, -0.044829063207963905, -44.087280999999962]
    [-0.81495628100559436, -0.31460330414233723, 0.075655959428357816, 4.1253299999999999]
  #162 objects/spaceships/derelicts/metal_plate_edge_trim/derelicts_metal_plate_edge_trim_rust_04x01_c.cgf
    [0.16694273784667915, -0.4023472740591798, -1.4237146562712983, -9.3295910000000504]
    [-0.11798075001920807, -1.4318074172350121, 0.39080006617195862, -27.915759999999977]
    [-1.4747634705434831, 0.068998696743122298, -0.1924279474052312, 3.2069719999999999]
  #163 objects/spaceships/derelicts/metal_plate_edge_trim/derelicts_metal_plate_edge_trim_rust_01x01_c.cgf
    [-0.082652609037618202, -0.11328099194180512, 1.3911823195584374, 11.790943999999968]
    [0.55373630534255314, -1.281919735403932, -0.07148551808255145, -41.780330000000049]
    [1.2812481935725384, 0.54671884183246577, 0.12063937010990201, 0.69613200000000042]
  #164 objects/spaceships/derelicts/metal_plate_edge_trim/derelicts_metal_plate_edge_trim_rust_02x01_c.cgf
    [-0.14716384746826741, 0.41957473081705254, -1.4054674444918618, -8.8016860000000179]
    [0.085169130259638209, 1.4125850151132824, 0.41278164275628121, -27.742295000000013]
    [1.4642840952211094, -0.039993882101582966, -0.16526181696112202, -1.4051010000000002]
  #165 objects/spaceships/derelicts/metal_plate_edge_trim/derelicts_metal_plate_edge_trim_rust_01x01_c.cgf
    [-0.17907215505396726, 0.39231269231765498, -1.4094781341452471, -10.096797000000038]
    [0.067260090567809891, 1.42070253036756, 0.38689158213482766, -33.089989999999943]
    [1.4615108413569515, -0.017313796708205122, -0.19050193947151559, -1.1246619999999998]
  #166 objects/spaceships/derelicts/metal_plate_edge_trim/derelicts_metal_plate_edge_trim_rust_02x01_b.cgf
    [0.2093781140361301, -1.1355339706602297, -0.73782666280232501, -8.2894919999999956]
    [-1.2115559440618335, 0.17644065700612693, -0.61535816112766017, -50.15435100000002]
    [0.60494444147693627, 0.74638868797335667, -0.97704192678425972, 3.1762229999999998]
  #167 objects/spaceships/derelicts/metal_plate_edge_trim/derelicts_metal_plate_edge_trim_rust_02x01_c.cgf
    [-0.17907215505396726, 0.39231269231765498, -1.4094781341452471, -10.829870000000028]
    [0.067260090567809891, 1.42070253036756, 0.38689158213482766, -35.515363999999977]
    [1.4615108413569515, -0.017313796708205122, -0.19050193947151559, -0.62655200000000022]
  #168 objects/spaceships/derelicts/metal_plate_edge_trim/derelicts_metal_plate_edge_trim_rust_02x01_c.cgf
    [-0.13060045113659388, 0.37235126409720609, -1.2472802710501165, -8.9269580000000133]
    [0.075583229227970783, 1.2535967601876115, 0.36632274645361296, -27.004611999999952]
    [1.2994770924818611, -0.035492467300241672, -0.14666147122728279, 1.0982960000000004]
  #169 objects/spaceships/derelicts/metal_plate_edge_trim/derelicts_metal_plate_edge_trim_rust_04x0025_b.cgf
    [0.089539429819263855, -1.2426806917669875, -0.57042988416403917, -8.2202869999999848]
    [-1.186474344776429, 0.21353202641325797, -0.65141811980741526, -50.749284999999986]
    [0.67965004496815962, 0.53648078803961452, -1.0620390973826761, 3.3714339999999998]
  #170 objects/spaceships/derelicts/metal_plate_edge_trim/derelicts_metal_plate_edge_trim_rust_04x0025_b.cgf
    [0.4000226199659469, 0.16459530235946737, -1.5508036193888026, -11.137030999999979]
    [1.5591183625972416, -0.078263156055414909, 0.3938608710813723, -34.135413999999969]
    [-0.035119949890498561, -1.5996514747900796, -0.17883882205563623, 2.4786450000000002]
  #171 objects/spaceships/derelicts/metal_plate_edge_trim/derelicts_metal_plate_edge_trim_rust_02x01_c.cgf
    [0.1768715620942147, -0.43229051799885743, -1.4451883885856529, -7.6509059999999636]
    [-0.09515920759474561, -1.4553882966000695, 0.42369535194718866, -21.217274999999972]
    [-1.5054531861417868, 0.041205995922819594, -0.196572862236159, 3.176129]
  #172 objects/spaceships/derelicts/metal_plate_edge_trim/derelicts_metal_plate_edge_trim_rust_02x01_a.cgf
    [-0.29188598810542715, -0.16313725649856664, -0.98998172315544242, -9.6873279999999795]
    [-0.98483462085585882, 0.24365373943036062, 0.25021716871005928, -27.362210000000005]
    [0.19177681351872219, 1.0029427189504405, -0.22181650748508883, 4.1872690000000006]
  #173 objects/spaceships/derelicts/metal_plate_edge_trim/derelicts_metal_plate_edge_trim_rust_01x01_c.cgf
    [0.15162558011537602, -0.35591061394263002, -1.4686945354805543, -7.4997459999999592]
    [-0.087750714256854614, -1.4756516784909226, 0.34853730951953971, -22.005719999999997]
    [-1.5086536434234574, 0.050060751719164062, -0.16788217753896512, 0.23785399999999957]
  #174 objects/spaceships/derelicts/metal_plate_edge_trim/derelicts_metal_plate_edge_trim_rust_04x0025_b.cgf
    [-0.4310056541348446, -0.18008141294359989, -1.6638543681438156, -8.5334340000000566]
    [-1.6734041231682433, 0.070652633287995814, 0.42583258864044149, -25.326713000000041]
    [0.023649825423073065, 1.7173192591061608, -0.19199425938227774, -1.3174130000000002]
  #175 objects/spaceships/derelicts/wreckage/debris_large_d.cgf
    [1.7716666717996785, -0.0015928981730851677, -0.19658899163714388, 9.6955189999999902]
    [0.01495696359219627, 1.7784085130626943, 0.12038278460596762, -6.1736409999999751]
    [0.19602565698806002, -0.1212979318240639, 1.7675727194265169, -1.4164659999999998]
  #176 objects/spaceships/derelicts/wreckage/debris_large_d.cgf
    [1.0769779309869312, -0.62931073103941038, 0.028001250387450882, 11.132464000000027]
    [0.62247724200956267, 1.0716863341424914, 0.14390279514278254, -24.980646999999976]
    [-0.096634100631124278, -0.11024488681285907, 1.239034077652565, 0.30240899999999993]
  #177 objects/planets/terrain_extension/crashpile_01/crashpile_norocks_01_d.cgf
    [0.039921569330370409, 1.1224785708868663, 0.21748917232633677, 9.0154240000000527]
    [-1.1431802575731236, 0.035386719582884918, 0.027204643894489084, -17.135139999999978]
    [0.019964490338201066, -0.21827288391863256, 1.1228587538727191, -0.11831600000000009]
  #178 objects/planets/terrain_extension/crashpile_01/crashpile_norocks_01_d.cgf
    [-0.12157096611414368, 0.99254640699319197, 0.0085009993425959347, -8.9036690000000362]
    [-0.99012864198033601, -0.12186782508828428, 0.069236134823306053, -25.42335300000002]
    [0.069756070381676416, 2.0865916756413425E-08, 0.99756414704606844, -2.2038879999999992]
  #179 objects/planets/terrain_extension/crashpile_01/crashpile_norocks_01_d.cgf
    [0.039921569330370409, 1.1224785708868663, 0.21748917232633677, 11.193626999999992]
    [-1.1431802575731236, 0.035386719582884918, 0.027204643894489084, -26.470033000000058]
    [0.019964490338201066, -0.21827288391863256, 1.1228587538727191, 0.44216699999999953]
  #180 objects/spaceships/derelicts/wreckage/debris_large_d.cgf
    [2.3997272893426826, -0.42190899937472476, 0.054341350508107421, -3.6680450000000064]
    [0.42502633308860949, 2.3909527724810506, -0.20578801056143547, -8.4530620000000454]
    [-0.017686218071617972, 0.21210583527145507, 2.4278281573617453, -3.0545749999999998]
  #181 objects/spaceships/derelicts/wreckage/debris_large_d.cgf
    [-1.602813535063385, 0.43855290186164764, 0.17432110536104278, 6.441571999999951]
    [-0.42348141893286401, -1.6089376544373006, 0.15398323168565556, -3.9117149999999583]
    [0.20827861946002973, 0.10353115516827857, 1.6545782061520387, -2.0619040000000002]
  #182 objects/spaceships/derelicts/wreckage/debris_large_d.cgf
    [-0.33819808616873209, -1.597716032592094, -0.17654792179337395, 3.9389640000000554]
    [1.5911014686678504, -0.30707699159094476, -0.26896741925006257, -0.25145599999996193]
    [0.2286084116877394, -0.22638647356502389, 1.6108168715505731, -2.7306139999999992]
  #183 objects/spaceships/derelicts/wreckage/debris_large_d.cgf
    [1.7716668561376709, 0.059235031329547959, -0.18745739371802794, 3.9754440000000386]
    [0.014955524475363175, 1.6541669161175443, 0.66404868680146234, -6.7978150000000142]
    [0.19602396711584807, -0.66157050812325913, 1.6435788936435647, -1.4369800000000001]
  #184 objects/spaceships/derelicts/metal_plate/derelicts_metal_plate_02x02_b.cgf
    [0.24329018612666423, -0.020895162199710892, 0.44994909406472261, 8.9275499999999965]
    [-0.073690804690737882, 0.50265087015209464, 0.063187639281250443, -80.072556999999961]
    [-0.44436523306515369, -0.094796648941582712, 0.23586870227090692, 45.753149999999998]
  #185 objects/spaceships/derelicts/metal_plate/derelicts_metal_plate_02x02_d.cgf
    [-1.2055988109578848, 0.19085612934491128, -0.0018792502412249426, 8.0348099999999931]
    [-0.18934871458961758, -1.1944487764949914, 0.165339865991038, -69.30623700000001]
    [0.024013703863631688, 0.1635975088262451, 1.2093623459516389, 44.519337999999998]
  #186 objects/spaceships/derelicts/metal_plate/derelicts_metal_plate_02x04_e.cgf
    [0.014389031057563098, -0.094385158139010772, 0.53106341550832092, -11.880493000000001]
    [0.51867781856985951, 0.14821027327750422, 0.012287758204180347, -40.736223999999993]
    [-0.14802104543578057, 0.51016576757084209, 0.094681641779265524, 8.029344]
  #187 objects/spaceships/derelicts/metal_plate/derelicts_metal_plate_01x01_b.cgf
    [0.23957821489661385, 0.12963873285134361, 0.8787472000440002, -13.079277000000047]
    [0.33654593205189715, -0.85554068742106504, 0.034460578636048476, -50.833834000000024]
    [0.82203386685695123, 0.31248119112245687, -0.2702154522384293, 27.582581999999999]
  #188 objects/spaceships/derelicts/metal_plate/derelicts_metal_plate_04x02_b.cgf
    [0.23482370291890686, -0.09364839285518077, 0.88458364459812155, 13.221456999999987]
    [-0.23935477927786131, 0.87449204690128624, 0.15611971935231633, -59.658972999999946]
    [-0.85671905278901117, -0.26998899171899854, 0.19884372297424752, 31.186651999999999]
  #189 objects/spaceships/derelicts/metal_plate/derelicts_metal_plate_04x005_b.cgf
    [-0.25116111708587591, 0.0090772468765006591, 0.89754197276422421, -11.108432999999991]
    [-0.25224886394798351, 0.89374273684898953, -0.079626170238224894, -55.661583999999948]
    [-0.86141424409009171, -0.26436228917717841, -0.23837780131521322, 34.379899000000002]
  #190 objects/spaceships/derelicts/metal_plate/derelicts_metal_plate_02x02_d.cgf
    [0.28490845299981415, -0.01833600016669653, 0.34684952768084898, 8.3340670000000046]
    [-0.052896893633441355, 0.4410867810912471, 0.06676825994275358, -79.880692999999951]
    [-0.34328227801398881, -0.083185773962484874, 0.27758068188740603, 46.400953999999999]
  #191 objects/spaceships/derelicts/aegs/reclaimer/ext/aegs_rclmr_drlct_rear_ovgr_top_grill_01.cgf
    [0.99999999935494832, -0, 0, 0.5625]
    [0, 0.96592645274609512, 0.25881670462943923, -3.21875]
    [-0, -0.25881670462943923, 0.96592645274609512, 2.71875]
  #192 objects/spaceships/derelicts/metal_plate/derelicts_metal_plate_04x01_b.cgf
    [-0.024132033531623159, 0.096516858907213537, -0.77127229309214718, 10.431441999999947]
    [-0.74934057489915684, 0.20216686833546671, 0.048744941732825647, -75.072840000000042]
    [0.20655545733467115, 0.74469581876187574, 0.086728252323852048, 40.657580000000003]
  #193 objects/spaceships/derelicts/metal_plate/derelicts_metal_plate_02x005_b.cgf
    [-0.046997839408296466, -0.083837195893256042, 1.2168564064775937, -13.936237000000006]
    [1.2065787162038539, 0.17522062843404376, 0.058672985989243982, -71.03872100000001]
    [-0.17870643806160755, 1.2050917152921556, 0.076124588927614062, 24.902847000000001]
  #194 objects/spaceships/derelicts/aegs/reclaimer/ext/aegs_rclmr_drlct_rear_ovgr_glass_01.cgf
    [0.9882382907796684, 0.062502083355788871, -0.13956555749922289, -11.751972000000023]
    [-0.023507078104697064, 0.96390189615194899, 0.26521788495623771, -10.520717999999988]
    [0.15110417778096849, -0.2588176941359816, 0.95403401579098535, 13.056805000000001]
  #195 objects/spaceships/derelicts/metal_plate/derelicts_metal_plate_04x02_c.cgf
    [-0.35428848899980309, 0.093583648112243067, 0.50148421546033917, -10.695562999999993]
    [0.085527710206575638, -0.59102090620159953, 0.17071599282753691, -44.569571999999994]
    [0.50292079727993755, 0.16643629479856695, 0.32424417099566827, 7.9019180000000002]
  #196 objects/spaceships/derelicts/metal_plate/derelicts_metal_plate_02x01_a.cgf
    [-0.9999004287502018, 0.0089053938574738135, 0.010875873015523634, 0.7188019999999824]
    [0.005150635890276564, 0.95201807685892181, -0.30599593192101399, -6.4400020000000495]
    [-0.013079052088447483, -0.3059096817077343, -0.95196988560688423, 9.0924429999999994]
  #197 objects/spaceships/derelicts/metal_plate/derelicts_metal_plate_02x005_b.cgf
    [0.04983875702153745, -0.47101953043269529, 0.85507063758152213, -12.997780000000034]
    [-0.96386110512302858, -0.15954772631676822, -0.031707854905737229, -81.474771000000032]
    [0.15484496547877102, -0.84153087880521205, -0.47258640658377526, 28.180776000000002]
  #198 objects/spaceships/derelicts/metal_plate/derelicts_metal_plate_04x01_b.cgf
    [0.2471563023330097, 0.15333530491761893, 0.87281199725879755, -12.837406999999985]
    [0.38531703405846035, -0.83457936168358127, 0.037507444490575116, -50.545131999999967]
    [0.79802461212512854, 0.35547757931217422, -0.28842875225069281, 28.424230000000001]
  #199 objects/spaceships/derelicts/metal_plate/derelicts_metal_plate_01x01_b.cgf
    [-0.24777471341335044, 0.12407221699598044, -0.87727665210513539, 13.133656999999971]
    [0.06481831422080607, 0.91103249859346158, 0.11053922658625584, -59.606694999999945]
    [0.88363274356525823, -0.032037781484008848, -0.25410097013407484, 31.186903000000001]
  #200 objects/spaceships/derelicts/metal_plate/derelicts_metal_plate_02x01_c.cgf
    [0.018813911813617905, 0.53437708309841603, 1.1925456314715384, -7.2830149999999776]
    [1.2461145323776119, 0.35189043913640328, -0.17734036314970097, -5.959557000000018]
    [-0.39360198459858919, 1.1396017573099693, -0.50444348129045569, 15.453262]
  #201 objects/spaceships/derelicts/metal_plate/derelicts_metal_plate_02x01_b.cgf
    [-0.047222534796146284, 0.069345573519721274, -0.58064994111660972, 10.328519000000028]
    [-0.57805333919817414, 0.082543040997770628, 0.056869270285063396, -78.102561000000037]
    [0.088416625853636743, 0.57668966376564779, 0.06168194595338844, 41.463794]
  #202 objects/spaceships/derelicts/metal_plate/derelicts_metal_plate_02x04_c.cgf
    [-0.94374210302378447, 0.01128986242812448, 0.0069695266307095091, 1.5350590000000466]
    [0.0048616948299951834, 0.75556728154567088, -0.565614390990826, -7.3193559999999707]
    [-0.012345007836455346, -0.56552260288948408, -0.75555077838453621, 10.466916999999999]
  #203 objects/spaceships/derelicts/metal_plate/derelicts_metal_plate_02x005_b.cgf
    [0.87541959874488007, 0.0138670297504174, 0.02317772088543503, -11.656996000000049]
    [0.026873883165560851, -0.37204008562536733, -0.79243482016987477, -28.524220000000014]
    [-0.0027010485271237654, 0.79276910591921979, -0.37228863018239455, 24.464189999999999]
  #204 objects/spaceships/derelicts/metal_plate/derelicts_metal_plate_04x01_b.cgf
    [-0.063138973579839316, -0.35535825320210335, 0.50546927759122418, -10.379920999999968]
    [0.58151387251954911, 0.13757160552201164, 0.16935429759404816, -47.854270000000042]
    [-0.2088547216961153, 0.4904689326832084, 0.31872423815893325, 9.1130420000000001]
  #205 objects/spaceships/derelicts/aegs/reclaimer/ext/aegs_reclaimer_derelict_truster_04_a.cgf
    [0.047218317676442821, -0.60730696642957316, 0.79306329889553151, 9.4891360000000304]
    [0.92409432487959908, 0.3279895653316372, 0.19614596812585472, -67.963224999999966]
    [-0.3792371635985477, 0.7236033517147501, 0.57669582986705847, 22.296320999999999]
  #206 objects/spaceships/derelicts/metal_plate/derelicts_metal_plate_02x02_b.cgf
    [-0.25261785347789517, 0.028774435830825829, -0.88513261240409591, -13.124479999999949]
    [-0.14092555557571992, -0.91001666636568201, 0.010636931739329558, -79.537446000000045]
    [-0.87431555944313188, 0.13836613882655746, 0.25402874588584334, 27.875039000000001]
  #207 objects/spaceships/derelicts/metal_plate/derelicts_metal_plate_02x02_a.cgf
    [-0.9999004287502018, 0.0089053938574738135, 0.010875873015523634, 2.9559400000000551]
    [0.005150635890276564, 0.95201807685892181, -0.30599593192101399, -6.4600570000000062]
    [-0.013079052088447483, -0.3059096817077343, -0.95196988560688423, 9.124448000000001]
  #208 objects/spaceships/derelicts/metal_plate/derelicts_metal_plate_02x04_f.cgf
    [0.39750136591265106, -0.15157637254451373, -0.81573102547939269, -12.501247000000035]
    [0.37179825581363307, 0.84115823309313176, 0.024874131530949764, -41.720952000000011]
    [0.74172674187827092, -0.34040750392981273, 0.42469284217744652, 29.049277]
  #209 objects/spaceships/derelicts/wreckage/wreckage_pipes_medium_01.cgf
    [-0.96495353192256994, -0.28859440909647599, -1.5474555789877402, 11.623534999999947]
    [0.48920645122891282, 1.6702071081258862, -0.61654366002226224, -6.5473580000000311]
    [1.4961893429569799, -0.73223104528276406, -0.79642700043251891, 14.112411999999999]
  #210 objects/spaceships/derelicts/metal_plate/derelicts_metal_plate_02x005_b.cgf
    [-0.33044372458109544, -0.084849909617623065, 1.1720027499281171, -12.182497000000012]
    [-0.30980291658529835, 1.1806784757342268, -0.0018702752098020204, -74.57653700000003]
    [-1.1334955253005767, -0.2979628129347669, -0.34115841532605529, 30.832025999999999]
  #211 objects/spaceships/derelicts/wreckage/wreckage_internals_01.cgf
    [-0.06402569829540207, 0.060431021964858465, 0.68810790940240574, -11.342585999999983]
    [-0.67943041495389289, -0.13013789215869162, -0.051789320329139125, -3.2696240000000216]
    [0.12457413308326716, -0.67871637231531123, 0.071197364823263318, 11.296588]
  #212 objects/spaceships/derelicts/metal_plate/derelicts_metal_plate_04x01_b.cgf
    [-0.16995015766379321, -0.025936130358157915, -0.54219576740757869, 10.071536000000037]
    [-0.0039193221104180716, 0.56819289226830505, -0.025951208691881285, -80.228749999999991]
    [0.54280159539821116, -0.0040178925345790463, -0.16994785587154065, 42.651699000000001]
  #213 objects/spaceships/derelicts/wreckage/wreckage_girder_02.cgf
    [0.0032492941033892219, 0.27998036073236965, -0.76914161438334772, -9.5693639999999505]
    [0.80649696657565706, -0.13241761247399661, -0.044795112402696062, -1.5356070000000273]
    [-0.13975145178606704, -0.75766414511647506, -0.27639276078223896, 11.465441999999999]
  #214 objects/spaceships/derelicts/aegs/reclaimer/ext/aegs_rclmr_drlct_rear_ovgr_glass_01.cgf
    [-0.99286501553898798, 0.0566537700409648, 0.10493222378503132, 12.934349999999995]
    [-0.02768821221706036, -0.96541397164504705, 0.25925004645384447, -12.834651000000008]
    [0.11599044854016834, 0.25449474262200966, 0.96009374654497559, 13.710386]
  #215 objects/spaceships/derelicts/wreckage/wreckage_internals_01.cgf
    [-0.06402569829540207, 0.060431021964858465, 0.68810790940240574, -11.472790000000032]
    [-0.67943041495389289, -0.13013789215869162, -0.051789320329139125, -4.6513169999999491]
    [0.12457413308326716, -0.67871637231531123, 0.071197364823263318, 11.549923]
  #216 objects/spaceships/derelicts/metal_plate/derelicts_metal_plate_01x01_b.cgf
    [-0.35878794792485025, 0.012967060335015447, 1.2821559979545032, -13.439869000000044]
    [-0.36034380882922429, 1.276728129372976, -0.11374780185478492, -55.547228000000018]
    [-1.2305464181341912, -0.37764808795307842, -0.34052661247406441, 26.472058000000001]
  #217 objects/spaceships/derelicts/metal_plate/derelicts_metal_plate_04x005_b.cgf
    [-0.049049241530584133, 0.37437526809562499, 1.1607483485580894, -13.739947000000029]
    [1.2054651361756024, 0.1914070524264318, -0.010795549235223559, -75.907778000000008]
    [-0.18533044948723185, 1.1459083283825469, -0.37742035659607248, 25.538404]
  #218 objects/spaceships/derelicts/aegs/reclaimer/ext/aegs_reclaimer_manned_turret_01.cgf
    [-0.36563991027953313, 0.030884437375582566, -0.93024342871366927, -9.0108719999999494]
    [0.35853714864315128, 0.92699376424430802, -0.11014945856063847, -75.397194000000013]
    [0.85892828465466708, -0.37380200869759478, -0.35001926981243409, 20.485343999999998]
  #219 objects/spaceships/derelicts/wreckage/wreckage_internals_01.cgf
    [-0.04238683146572754, -0.057513059887391672, 0.81539693584143058, -11.439067000000023]
    [0.71455483116726204, -0.39913292129989103, 0.0089923806107897845, -3.0457720000000563]
    [0.3969777176274889, 0.71229328060561758, 0.070876883609999192, 13.190466000000001]
  #220 objects/spaceships/derelicts/wreckage/wreckage_girder_03.cgf
    [-0.11506576917404263, 0.78226106333894285, 0.21165842357076875, -9.3829829999999674]
    [-0.074091114864875379, -0.22304091721602018, 0.78405041079369819, 0.15172099999995226]
    [0.80699576590135613, 0.091061346088850859, 0.10216386732118526, 9.5220109999999991]
  #221 objects/spaceships/derelicts/metal_plate/derelicts_metal_plate_01x01_b.cgf
    [-0.36879099586244457, -0.15157621303650015, 0.82910740948604422, -11.295454999999947]
    [-0.37244074171980818, 0.84115866929545302, -0.01188404092308978, -40.603077999999982]
    [-0.75609677868004743, -0.34040856064878278, -0.39854851217767501, 31.274660999999998]
  #222 objects/spaceships/derelicts/metal_plate/derelicts_metal_plate_04x005_b.cgf
    [0.073444062203822588, -0.49864022264722424, 0.75047623859634094, -12.506898999999976]
    [-0.86589130115615676, -0.24728912152767293, -0.079567779713611661, -66.382250999999997]
    [0.24917646542457225, -0.71235995489975612, -0.49769977933099241, 29.719152000000001]
  #223 objects/spaceships/derelicts/wreckage/wreckage_internals_02.cgf
    [-0.086143194439105161, -0.032018018851743928, 1.0478477792568788, 11.726118000000042]
    [-0.59956376815567303, 0.86396184797963271, -0.022890721341307863, -6.937577000000033]
    [-0.85996128397721094, -0.59914567817632169, -0.08900459738597051, 12.059576]
  #224 objects/spaceships/derelicts/metal_plate/derelicts_metal_plate_02x02_b.cgf
    [1.0535717393827886, 0.029482955787287459, 0.019688153534470964, -1.0345660000000407]
    [-0.034129810603361004, 1.0018963659742923, 0.32605077207900024, -4.448851999999988]
    [-0.0095929192496734522, -0.32650375995258962, 1.0022841656609753, 16.584087]
  #225 objects/spaceships/derelicts/wreckage/wreckage_internals_02.cgf
    [-0.024652749870739624, -0.15875144670197786, 0.65817521842941484, 12.471698999999944]
    [-0.66654829299354945, 0.12124140643836269, 0.0042769770868180557, -6.75960699999996]
    [-0.11878557611075581, -0.64738157032436827, -0.1605972832060337, 11.527365]
  #226 objects/spaceships/derelicts/wreckage/wreckage_internals_02.cgf
    [-0.98396224785484032, 0.19153978992845982, -0.05708633588618079, -7.8014309999999796]
    [0.020989422150343332, -0.18616729061193044, -0.98642244000139523, -4.0363929999999755]
    [-0.19876062242945169, -0.96787514424881949, 0.17843756944960457, 12.111750000000001]
  #227 objects/spaceships/derelicts/wreckage/wreckage_internals_01.cgf
    [-0.032963022692383895, -0.044724962454569209, 0.63409802619393818, -11.435610999999994]
    [0.55567551169455565, -0.31039170143396216, 0.0069933781932157938, -2.3072700000000168]
    [0.30871565362417996, 0.5539168343433849, 0.055117835525607256, 13.057013000000001]
  #228 objects/spaceships/derelicts/aegs/reclaimer/ext/aegs_reclaimer_derelict_truster_04_a.cgf
    [0.084639288121251238, 0.83514554070396607, 0.54347794493594281, -9.5176950000000033]
    [0.96407335765691027, 0.069192145827206106, -0.25646669938833322, -63.068967000000043]
    [-0.25179140542450373, 0.54565972242900107, -0.79928512769614768, 19.195183999999998]
  #229 objects/spaceships/derelicts/metal_plate/derelicts_metal_plate_04x02_b.cgf
    [0.03567871188511601, -0.20206553714070744, 1.1935076965809197, -6.3602650000000267]
    [-0.16118045655292679, 1.182600797484153, 0.20503728391410178, -4.3212170000000469]
    [-1.1997132838821305, -0.16489070946999795, 0.0079475774215640414, 13.701575]
  #230 objects/spaceships/derelicts/metal_beam/derelicts_metal_beam_16x0016x0024_a.cgf
    [-1.054063297209485, 0.0093877396627573776, 0.01146500801761227, 7.561525999999958]
    [0.0054296613322432361, 1.003588847224973, -0.32256620265058339, -7.408264000000031]
    [-0.013787488626895193, -0.32247528069392301, -1.0035380456602976, 9.1665169999999989]
  #231 objects/spaceships/derelicts/metal_plate/derelicts_metal_plate_02x005_a.cgf
    [-0.9999004287502018, 0.0089053938574738135, 0.010875873015523634, 2.1822170000000369]
    [0.005150635890276564, 0.95201807685892181, -0.30599593192101399, -6.8624829999999974]
    [-0.013079052088447483, -0.3059096817077343, -0.95196988560688423, 9.244961]
  #232 objects/spaceships/derelicts/wreckage/wreckage_internals_02.cgf
    [-0.0036003355190419735, 0.12511875047168761, 0.64383035627458773, -10.915580999999975]
    [-0.64420044536520926, -0.12161302037898439, 0.020031257116703952, -4.440776000000028]
    [0.12319908916678358, -0.632250554251092, 0.12355732626506037, 9.9872180000000004]
  #233 objects/spaceships/derelicts/metal_beam/derelicts_metal_beam_02x02_a_brk_a.cgf
    [-0.0086424370132488493, 0.012033911878719142, -1.0540626505724928, 5.4153380000000197]
    [0.57132467366703621, 0.8859041785570837, 0.0054297107561435557, -5.9835480000000416]
    [0.88587866190933195, -0.5712237297806666, -0.013784955340419822, 13.577173]
  #234 objects/spaceships/derelicts/metal_beam/derelicts_metal_beam_04x02_a_brk_a.cgf
    [-0.011465441768216445, 0.68472760846830127, -0.80142606885869305, -3.2616540000000214]
    [0.32257020917634577, 0.76530361562705707, 0.64925028614552061, -5.4553550000000541]
    [1.0035357999578023, -0.23817131672263261, -0.21784724027083596, 10.813434000000001]
  #235 objects/spaceships/derelicts/wreckage/wreckage_internals_02.cgf
    [-0.051458987584509105, 0.029268455282766209, 0.67490704426591397, 12.706906000000004]
    [0.17800874235229466, 0.65352808408639607, -0.014768860285515878, -6.2150159999999914]
    [-0.65166636288866875, 0.17620609839996862, -0.057328445328029436, 13.561731]
  #236 objects/spaceships/derelicts/metal_plate/derelicts_metal_plate_04x01_c.cgf
    [-0.15393051425303672, 1.0077485155089978, 0.2683606965115044, -1.976460999999972]
    [0.98905227306363752, 0.227086776869041, -0.28544059641160874, -5.0236159999999472]
    [-0.33068131953646884, 0.21010393242767844, -0.97865997141447358, 16.398468999999999]
  #237 objects/spaceships/derelicts/metal_plate/derelicts_metal_plate_02x04_c.cgf
    [0.0077541690843296266, -0.0094720003767847852, 0.87074714462935565, -4.3275690000000395]
    [0.82904957990488681, 0.26647161604754183, -0.0044841621340395597, -5.7802560000000085]
    [-0.2663965141116611, 0.8290075963821899, 0.011390268622022595, 7.6540340000000002]
  #238 objects/spaceships/derelicts/wreckage/wreckage_pipes_large_01.cgf
    [-1.7631791516712694, 0.16952308698905069, 0.52106465410481184, -8.2159619999999904]
    [-0.12488529980946696, 1.5852411027368747, -0.93832908926077707, -1.5771389999999883]
    [-0.53352611245483006, -0.93130002729472894, -1.5023572538373007, 11.514036000000001]
  #239 objects/spaceships/derelicts/metal_plate/derelicts_metal_plate_02x02_d.cgf
    [-1.0432057486941397, 0.0060370166307928564, 0.013364119842396468, -4.1606910000000425]
    [0.0053730854513057815, 1.0420331276576553, -0.051296882889699927, -3.9875739999999951]
    [-0.013644604123805523, -0.051222989679109446, -1.0419612802230711, 14.483152]
  #240 objects/spaceships/derelicts/aegs/reclaimer/int/door/aegs_reclaimer_derelict_static_salvage_lift_door_a.cgf
    [0.9999324556782927, 0.00078042986322450383, 0.011604199482872047, 0.59145399999999881]
    [-0.0076032006694892757, 0.79888285735457842, 0.60143873669709214, -84.994829999999979]
    [-0.0088010144863633968, -0.60148628711670837, 0.79883475825091499, 24.182559000000001]
  #241 objects/spaceships/derelicts/metal_plate/derelicts_metal_plate_08x04_a.cgf
    [-0.99990227381777985, 0.0089053686430890996, 0.010875889473688886, 5.5578910000000405]
    [0.0051506680941554575, 0.95202126592236658, -0.30599203845563999, -7.4404670000000124]
    [-0.01307903592383859, -0.3059057884208547, -0.95197307481797933, 9.4165910000000004]
  #242 objects/spaceships/derelicts/metal_beam/derelicts_metal_beam_02x02_a_brk_a.cgf
    [0.0089053217812587755, -0.99990081312816192, -0.010874593327921876, 1.573947999999973]
    [0.95201859405029565, 0.0051509659275475244, 0.30599552572373728, -7.4846690000000535]
    [-0.30590928305121007, -0.013077808917731247, 0.95197041922921166, 8.1415190000000006]
  #243 objects/spaceships/derelicts/metal_beam/derelicts_metal_beam_04x02_a.cgf
    [-0.011462979251835901, 0.0093869986067007683, -1.0540617614525782, 5.4608799999999746]
    [0.32257033702721766, 1.0035858760715741, 0.0054295130978861588, -7.2649089999999887]
    [1.0035350967303043, -0.32247943531253381, -0.013785355406738859, 9.5907850000000003]
  #244 objects/spaceships/derelicts/metal_beam/derelicts_metal_beam_04x02_a_brk_a.cgf
    [-0.011464041450820568, -0.082517129764764621, -1.0508691373710071, 9.5146650000000363]
    [0.32256969645076272, 1.0002406190364106, -0.082060586100799249, -7.1122110000000021]
    [1.0035356553282808, -0.32245320924892173, 0.014372235727069535, 9.5893529999999991]
  #245 objects/spaceships/derelicts/metal_plate/derelicts_metal_plate_02x04_b.cgf
    [-0.99539340896277895, -0.095631217095006146, 0.0068654408527288897, -7.8806680000000142]
    [-0.094025736642059279, 0.95965953088902423, -0.2649778258467928, -5.5263860000000022]
    [0.018751661528851958, -0.26440264306262706, -0.96423032523309538, 9.0716160000000006]
  #246 objects/spaceships/derelicts/aegs/reclaimer/ext/aegs_reclaimer_derelict_truster_04_a.cgf
    [0.10452784643962577, -0.69085374856643555, 0.7153989016927963, 10.953328000000056]
    [0.9606350187002759, 0.25631500108060751, 0.10716129058867149, -56.804433000000017]
    [-0.25740017734701648, 0.67603570870599239, 0.69045016502928869, 16.96781]
  #247 objects/spaceships/derelicts/metal_plate/derelicts_metal_plate_04x02_a.cgf
    [-1.05203846327795, -0.066187568433498073, 0.010234585207263442, 1.8294969999999466]
    [-0.06606672566507224, 0.99916687067589671, -0.32950147415355591, -4.79663400000004]
    [0.010987661689359125, -0.32947722151057934, -1.0012964101413744, 16.261478]
  #248 objects/spaceships/derelicts/metal_beam/derelicts_metal_beam_04x0016x0024_a_brk_a.cgf
    [-0.010418457618610535, -1.0541140733718484, -0.0014450296398136771, -7.6820760000000519]
    [0.3229021204322628, -0.0018158044711346817, -1.0034929175260141, -4.7359089999999924]
    [1.0034404757690407, -0.010360271421798605, 0.32290399256569929, 8.6911850000000008]
  #249 objects/spaceships/derelicts/wreckage/wreckage_internals_02.cgf
    [-0.0081745344960108927, -0.10376180014891764, 1.4829865009850143, -4.5424900000000434]
    [1.0724964217698547, 1.0265430629653893, 0.07773713048885228, -4.3428430000000162]
    [-1.0294498038101605, 1.0702920746205864, 0.069211796160261338, 11.713370000000001]
  #250 objects/spaceships/derelicts/metal_beam/derelicts_metal_beam_02x0016x0024_b_brk_a.cgf
    [0.11005750155251041, 0.018859443954156403, 1.2186267425843382, 1.4939570000000231]
    [1.1236039648818166, 0.47243935661542485, -0.10878719795371529, -5.7512209999999868]
    [-0.47214504812592967, 1.1287005119651978, 0.02517295842009749, 15.099584]
  #251 objects/spaceships/derelicts/wreckage/wreckage_pipes_medium_03.cgf
    [-0.93810935109840399, 0.36665821998379172, -1.5474368774895861, 11.561601999999993]
    [1.4137659735620649, 1.014957333121119, -0.61658387803805415, -4.0899819999999636]
    [0.7281929085719735, -1.498156085451932, -0.79643689407479434, 12.513719]
  #252 objects/spaceships/derelicts/metal_plate/derelicts_metal_plate_04x02_b.cgf
    [1.2205270514229969, 0.010250032416512437, -0.013849655456024495, -11.225809000000027]
    [-0.006367445249325406, 1.1800335436062748, 0.3121913691650039, -3.7116630000000441]
    [0.01601036419907393, -0.31208801991679103, 1.1799694468242534, 14.498431999999999]
  #253 objects/spaceships/derelicts/wreckage/wreckage_internals_02.cgf
    [-0.35949235166010357, -0.93575397534596005, -0.057085322964311097, -6.4400879999999461]
    [0.18698631787766362, -0.01165895044106487, -0.98642241112871354, -4.7082299999999577]
    [0.91865682025458262, -0.36380977704655482, 0.17844069070952995, 8.8333589999999997]
  #254 objects/spaceships/derelicts/metal_plate/derelicts_metal_plate_02x04_e.cgf
    [0.017515016234797381, -0.052330267196895097, -1.0239067452913233, 8.2259020000000191]
    [0.23429041814176871, 0.99716268693089949, -0.046955633010092174, -7.4848960000000488]
    [0.99811396137160824, -0.2331488250871637, 0.028989673803359654, 13.488913]
  #255 objects/spaceships/derelicts/metal_plate/derelicts_metal_plate_04x02_a.cgf
    [-0.0095899895589287021, -1.0540609447635665, 0.011299292140798427, 8.8883160000000316]
    [-0.99780398670031933, 0.005433090223926601, -0.34003206147958093, -3.4877050000000054]
    [0.33994022033836252, -0.013788525419425511, -0.99775479970860037, 8.4022609999999993]
  #256 objects/spaceships/derelicts/metal_plate/derelicts_metal_plate_04x02_c.cgf
    [-0.0098462999630350382, -0.99970931627976545, -0.021992894348221499, -6.3765280000000075]
    [0.96435938162888768, -0.015309275778801663, 0.2641514020799593, -5.6103110000000243]
    [-0.26441139824659166, -0.018608146063020217, 0.96423010918489271, 9.1568439999999995]
  #257 objects/spaceships/derelicts/metal_plate/derelicts_metal_plate_02x02_b.cgf
    [1.8261258112801833, -0.071814113469532939, 0.13745182873423864, -6.5531379999999899]
    [0.011673498684342471, 1.6834027069261976, 0.72443412846270994, -5.8935179999999718]
    [-0.15464152593746638, -0.72096033882568356, 1.6778223800616072, 16.809844999999999]
  #258 objects/spaceships/derelicts/wreckage/wreckage_internals_01.cgf
    [-0.008166921232046832, -0.10376169241474412, 1.4829869181769413, -4.7476179999999886]
    [0.55272529352449373, -1.3769074276994204, -0.093295618029748173, -4.193663000000015]
    [1.3800403755669528, 0.55085645465267852, 0.046142334917402265, 10.507391999999999]
  #259 objects/spaceships/derelicts/metal_beam/derelicts_metal_beam_04x0016x0024_a.cgf
    [-0.010418457618610535, -1.0541140733718484, -0.0014450296398136771, -6.2446469999999863]
    [0.3229021204322628, -0.0018158044711346817, -1.0034929175260141, -4.7334319999999934]
    [1.0034404757690407, -0.010360271421798605, 0.32290399256569929, 8.7053100000000008]
  #260 objects/spaceships/derelicts/wreckage/wreckage_internals_01.cgf
    [-0.017338219082200273, -0.11453417161287406, 1.3207754397892446, 8.3684839999999667]
    [-1.3188388472844568, -0.13303484343194752, -0.028849228497571544, -7.1963919999999462]
    [0.13501827176691836, -1.3141727841590893, -0.11218918095380062, 11.524131000000001]
  #261 objects/spaceships/derelicts/metal_beam/derelicts_metal_beam_04x0016x0024_a_brk_b.cgf
    [-1.0541143340358547, -0.0049196222256784857, -0.0092946602609967257, -4.6733930000000328]
    [-0.0018163189730333817, -0.83253383498335942, 0.64664653188999088, -3.5217920000000049]
    [-0.010358299937679949, 0.64663036855464928, 0.832483930594065, 13.970533]
  #262 objects/spaceships/derelicts/metal_beam/derelicts_metal_beam_04x0016x0024_a_brk_a.cgf
    [0.11005867147235837, -1.1662217607944658, 0.35402355512846262, 12.551502000000028]
    [1.1236020570569598, 0.23479529999365562, 0.4241560663020848, -6.1427820000000111]
    [-0.47214858923193742, 0.28690896788519066, 1.0919147118415184, 15.011072]
  #263 objects/spaceships/derelicts/metal_beam/derelicts_metal_beam_04x04x0024_a.cgf
    [0.0089053217812587755, -0.99990081312816192, -0.010874593327921876, 1.5582170000000133]
    [0.95201859405029565, 0.0051509659275475244, 0.30599552572373728, -7.5681730000000016]
    [-0.30590928305121007, -0.013077808917731247, 0.95197041922921166, 9.311356]
  #264 objects/spaceships/derelicts/wreckage/wreckage_internals_02.cgf
    [-0.60349578923514335, -0.8004155902797071, -0.057087957474484453, 8.5192720000000008]
    [0.17653355759830636, -0.062747898586765383, -0.98642279167738178, -6.0652390000000196]
    [0.7827899175980142, -0.60293358152959275, 0.17844427938928448, 13.263724]
  #265 objects/spaceships/derelicts/metal_beam/derelicts_metal_beam_04x0016x0024_a_brk_a.cgf
    [0.0089053217812587755, -0.99990081312816192, -0.010874593327921876, 3.4986539999999877]
    [0.95201859405029565, 0.0051509659275475244, 0.30599552572373728, -7.5158280000000559]
    [-0.30590928305121007, -0.013077808917731247, 0.95197041922921166, 9.1221189999999996]
  #266 objects/spaceships/derelicts/metal_plate/derelicts_metal_plate_02x02_b.cgf
    [0.012236555710696853, 0.10018451987749555, 1.0493231976517605, -4.3497820000000047]
    [-0.2338749541043848, 1.0234964507793933, -0.094991397155311033, -4.0928649999999607]
    [-1.0278222691671317, -0.23169791036554868, 0.03410726880339824, 13.207488]
  #267 objects/spaceships/derelicts/metal_beam/derelicts_metal_beam_16x0016x0024_a.cgf
    [-1.054063297209485, 0.0093877396627573776, 0.01146500801761227, 7.5581270000000131]
    [0.0054296613322432361, 1.003588847224973, -0.32256620265058339, -7.3126389999999901]
    [-0.013787488626895193, -0.32247528069392301, -1.0035380456602976, 9.4640079999999998]
  #268 objects/spaceships/derelicts/metal_beam/derelicts_metal_beam_04x02_a.cgf
    [-0.011465441768216445, 0.68472760846830127, -0.80142606885869305, -3.2161109999999553]
    [0.32257020917634577, 0.76530361562705707, 0.64925028614552061, -6.7367169999999987]
    [1.0035357999578023, -0.23817131672263261, -0.21784724027083596, 6.8270499999999998]
  #269 objects/spaceships/derelicts/metal_plate/derelicts_metal_plate_04x01_b.cgf
    [0.81061747027597619, 0.0072248841056781503, 0.033647094296482931, 7.2700449999999819]
    [-0.017166427634384175, 0.77241780435875174, 0.24771164343534316, -3.4610300000000507]
    [-0.029826827977683882, -0.2482006155931622, 0.77187552349684274, 8.4493659999999995]
  #270 objects/spaceships/derelicts/metal_plate/derelicts_metal_plate_corner_04x04_d.cgf
    [0.012887650733176473, 0.035784425494655353, -1.0246876560007738, 8.1777439999999615]
    [0.32030587199528654, 0.97333963979088434, 0.038019770999488785, -8.7212140000000318]
    [0.97399664569939959, -0.32056330032231067, 0.0010553021128166737, 9.7855159999999994]
  #271 objects/spaceships/derelicts/metal_plate_edge_trim/derelicts_metal_plate_edge_trim_rust_01x0025_a.cgf
    [0.72357898991008895, 0.0659072582244625, 1.420773737687042, 10.852022000000034]
    [-0.3928573304464778, 1.5413108846453298, 0.12857764119580126, -60.900718999999981]
    [-1.3669692382428875, -0.40807514652860599, 0.71510706297063964, 38.117732000000004]
  #272 objects/spaceships/derelicts/metal_plate/derelicts_metal_plate_02x04_f.cgf
    [1.0531581901801659, 0.029484028077325277, -0.035477984253701161, 2.6273340000000189]
    [-0.017020069331310443, 1.0018965047396315, 0.32738949258093136, -4.7818260000000237]
    [0.04287554685747761, -0.32650306997144424, 1.0014128027955442, 16.242921000000003]
  #273 objects/spaceships/derelicts/wreckage/wreckage_pipes_medium_03.cgf
    [0.90308748747353162, -0.25053135116653391, 1.5908231486614486, 6.4592760000000453]
    [0.015835221505992935, 1.8251757835816504, 0.27844903133728766, -2.0080659999999853]
    [-1.6103519782936617, -0.12255064004520136, 0.89487379271934842, 13.429461]
  #274 objects/spaceships/derelicts/metal_beam/derelicts_metal_beam_04x0016x0024_a_brk_b.cgf
    [-1.0541137855682325, 0.01041681854866135, -0.001443083455248157, -4.6500579999999445]
    [-0.001817168545725319, -0.32290333128835891, -1.0034922032905293, -4.2876680000000533]
    [-0.010358112618183521, -1.0034397809822615, 0.32290521979179077, 11.730083]
  #275 objects/spaceships/derelicts/metal_plate_edge_trim/derelicts_metal_plate_edge_trim_rust_04x0025_a.cgf
    [0.19967428869876988, -0.13721314621178599, 0.80617543277312687, 10.861118000000033]
    [0.42156134812153051, 0.72836778923799517, 0.019557372986884702, -75.447697999999946]
    [-0.70073697324333684, 0.39908522094266208, 0.24148452998597761, 39.567079]
  #276 objects/spaceships/derelicts/metal_plate_edge_trim/derelicts_metal_plate_edge_trim_rust_04x0025_b.cgf
    [-0.22335117353429307, 0.092961563845090273, 0.86495190386324472, 15.467887000000019]
    [-0.3229451588525562, -0.83805203844405085, 0.0066783457375924884, -60.214640000000031]
    [0.80776857621652598, -0.30934822381188609, 0.24183258417731837, 23.583559000000001]
  #277 objects/spaceships/derelicts/metal_beam/derelicts_metal_beam_04x0016x0024_a_brk_b.cgf
    [0.013030048576241557, -1.2214218024474728, 0.074145090045013837, -2.0893300000000181]
    [1.0822767892674332, 0.046103728060590828, 0.56928893692887328, -5.9075219999999717]
    [-0.5710040851734709, 0.059512375205477357, 1.0807178669524835, 15.140193]
  #278 objects/spaceships/derelicts/aegs/reclaimer/ext/aegs_reclaimer_manned_turret_int_01_a.cgf
    [-0.36563991027953313, 0.030884437375582566, -0.93024342871366927, -9.0108719999999494]
    [0.35853714864315128, 0.92699376424430802, -0.11014945856063847, -75.397194000000013]
    [0.85892828465466708, -0.37380200869759478, -0.35001926981243409, 20.485343999999998]
  #279 objects/spaceships/derelicts/metal_beam/derelicts_metal_beam_04x02_a.cgf
    [-0.028334916054214475, 1.0488224867006506, 0.10213890267867154, -4.5680459999999812]
    [0.9409327391616007, 0.07118482600581498, -0.46993843473109098, -5.2724299999999857]
    [-0.47445394341620406, 0.078536255670386731, -0.93807747208811498, 13.276311]
  #280 objects/spaceships/derelicts/metal_plate/derelicts_metal_plate_04x02_a.cgf
    [1.0540632697740053, -0.0093877545423336362, 0.011465026189660839, 3.2826019999999971]
    [-0.005429669938261595, -1.0035888213448336, -0.32256619445253859, -6.212221999999997]
    [0.013787510480077723, 0.32247527220530298, -1.0035380196178025, 6.5310980000000001]
  #281 objects/spaceships/derelicts/metal_beam/derelicts_metal_beam_04x0016x0024_a_brk_a.cgf
    [0.085491893134745381, 0.9465920513327758, -0.014652043906642107, 9.3857570000000123]
    [0.87278136003678997, -0.084505972071500873, -0.36697615193003935, -8.3125049999999874]
    [-0.36674772202341754, 0.01955215759591683, -0.8767404857497888, 10.647648]
  #282 objects/spaceships/derelicts/metal_beam/derelicts_metal_beam_04x04x0024_a.cgf
    [0.0089053217812587755, -0.99990081312816192, -0.010874593327921876, 5.5578219999999874]
    [0.95201859405029565, 0.0051509659275475244, 0.30599552572373728, -7.5887709999999515]
    [-0.30590928305121007, -0.013077808917731247, 0.95197041922921166, 9.363669999999999]
  #283 objects/spaceships/derelicts/metal_plate_edge_trim/derelicts_metal_plate_edge_trim_rust_01x0025_b.cgf
    [-0.28729684051247512, -0.068615894136588862, 0.95538118046589249, 15.051812000000041]
    [0.24643283874304481, -0.96914983945667432, 0.0045011282100498526, -39.996252000000027]
    [0.92559829132599969, 0.236730359772369, 0.29534277601026698, 24.854987000000001]
  #284 objects/spaceships/derelicts/metal_plate_edge_trim/derelicts_metal_plate_edge_trim_rust_02x0025_b.cgf
    [0.11690711392819556, 0.034789294158648496, 0.72534686136396853, 13.980502999999999]
    [0.19235272211887436, -0.70992730671770776, 0.0030474638042177356, -34.461650999999961]
    [0.70024195430727809, 0.18920507856324026, -0.12193556183262963, 13.199325999999999]
  #285 objects/spaceships/derelicts/metal_plate_edge_trim/derelicts_metal_plate_edge_trim_rust_02x01_b.cgf
    [-0.12457763359304369, -0.01097719816006041, 0.81659829387359018, 14.473866000000044]
    [-0.21531963997364675, 0.79725812577400212, -0.022131261990465372, -35.518238999999994]
    [-0.78777580889382659, -0.21617548713077125, -0.12308652612612506, 16.242012000000003]
  #286 objects/spaceships/derelicts/metal_beam/derelicts_metal_beam_02x02_a_brk_a.cgf
    [0.0089041939823368173, -0.99168383894067358, 0.12838895509247095, 5.306220000000053]
    [0.95201877092475262, 0.047685691713801534, 0.30230147119890632, -7.4069950000000517]
    [-0.30590982333487071, 0.11953695355825279, 0.94452630540264138, 8.1437989999999996]
  #287 objects/spaceships/derelicts/metal_plate_edge_trim/derelicts_metal_plate_edge_trim_rust_02x01_b.cgf
    [-0.17173847205548712, -0.067381844376028469, 0.63850887369739684, 14.673569000000043]
    [0.20514627690671122, -0.63206818580911461, -0.011524369183450492, -54.810423000000014]
    [0.60839863561085383, 0.19410691142317982, 0.18412388397595839, 26.229771]
  #288 objects/spaceships/derelicts/metal_beam/derelicts_metal_beam_02x0016x0024_b_brk_a.cgf
    [0.11005641833713847, -1.2187709760390071, -0.0024138940261495966, 3.825792999999976]
    [1.1236035979290047, 0.10052335941789563, 0.47426885104229549, -6.4721130000000358]
    [-0.47214772438341723, -0.044869770591226245, 1.1280887217693891, 13.153051]
  #289 objects/spaceships/derelicts/metal_plate/derelicts_metal_plate_01x01_b.cgf
    [-0.57173140611298956, 0.056043948988026025, -1.1739077533591353, 8.2750310000000127]
    [0.30561606794894602, 1.2676254675408913, -0.088326844186596226, -5.9125609999999824]
    [1.1348123882943337, -0.31314834850972084, -0.56764081385163401, 15.316592]
  #290 objects/spaceships/derelicts/metal_plate_edge_trim/derelicts_metal_plate_edge_trim_rust_02x0025_b.cgf
    [0.048095897187397506, 0.22157224646661924, 0.76313182533450541, 14.379158999999959]
    [-0.7784783259313427, 0.166579314927014, 0.00069746862297224055, -63.592899999999986]
    [-0.15948648625439285, -0.7462805973647455, 0.2267310946210177, 27.34064]
  #291 objects/spaceships/derelicts/metal_plate_edge_trim/derelicts_metal_plate_edge_trim_rust_02x01_a.cgf
    [-0.22198620249466194, -0.43904893476057222, 0.92427483591448367, 11.378738999999996]
    [0.98782877812904424, -0.33865277279289596, 0.076383362697007823, -35.616408999999976]
    [0.26691242855891573, 0.88818699938832135, 0.4860117520343426, 32.368231999999999]
  #292 objects/spaceships/derelicts/metal_plate/derelicts_metal_plate_02x02_d.cgf
    [1.0240468704938006, 0.052206678401893851, -0.0058795547860759773, 7.7409720000000561]
    [-0.047392335522534683, 0.96749401909597443, 0.33636496391512871, -5.7636159999999563]
    [0.022673177279788913, -0.33565143399983793, 0.9686362275324415, 15.260273]
  #293 objects/spaceships/derelicts/metal_plate/derelicts_metal_plate_02x01_c.cgf
    [0.0093866280582290337, 0.011466161140866741, -1.0540624403072236, -4.4246460000000525]
    [1.0035868664689696, -0.32256959838264931, 0.0054281999117624016, -3.6398259999999709]
    [-0.32247868513860284, -1.0035360437233829, -0.013788266146611754, 14.312424]
  #294 objects/spaceships/derelicts/metal_plate_edge_trim/derelicts_metal_plate_edge_trim_rust_02x0025_a.cgf
    [0.13976569897481145, 0.036332110023622036, 0.85877740043476136, 14.431817000000024]
    [0.19826423009787472, -0.84795718144982901, 0.0036069124651570451, -33.727520000000027]
    [0.83636710885827648, 0.19494022810868397, -0.14436572658063565, 15.902385000000001]
  #295 objects/spaceships/derelicts/metal_beam/derelicts_metal_beam_04x0016x0024_a_brk_a.cgf
    [-1.0541137855682325, 0.01041681854866135, -0.001443083455248157, -4.6333839999999782]
    [-0.001817168545725319, -0.32290333128835891, -1.0034922032905293, -4.8045660000000225]
    [-0.010358112618183521, -1.0034397809822615, 0.32290521979179077, 10.123781000000001]
  #296 objects/spaceships/derelicts/metal_plate_edge_trim/derelicts_metal_plate_edge_trim_rust_01x01_a.cgf
    [-0.35145941325062668, 0.02293817320105852, 0.67874378091668874, 10.013544000000024]
    [0.036084931822038195, -0.76253827490179427, 0.044455101963136442, -67.836232999999993]
    [0.67817192334855814, 0.05246159171577091, 0.34939035885628522, 41.078153]
  #297 objects/spaceships/derelicts/metal_plate/derelicts_metal_plate_04x02_a.cgf
    [1.0518833462788209, 0.025676084681936027, -0.064411320420815155, 3.4616509999999607]
    [-0.0023218581837182507, 0.99172518643275276, 0.35741071230612703, -5.8749279999999544]
    [0.069301432146251993, -0.35649480637451714, 0.98963398195097885, 16.566957000000002]
  #298 objects/spaceships/derelicts/metal_plate_edge_trim/derelicts_metal_plate_edge_trim_rust_04x0025_b.cgf
    [0.089702235925725876, -0.23787623321348453, 1.1773959363498043, 11.627858999999944]
    [1.157715958454028, 0.33187211842788145, -0.021152799862066057, -73.793702000000053]
    [-0.3202187577293682, 1.1332116214870449, 0.25334591474090529, 36.77028]
  #299 objects/spaceships/derelicts/wreckage/wreckage_pipes_medium_01.cgf
    [0.86579611898969777, 0.35845520854489632, 1.5908984577465166, 6.2579050000000507]
    [-1.1112198751251188, 1.4479933505545892, 0.27848986503541395, -4.6126110000000153]
    [-1.1935821833959006, -1.088060696499769, 0.89472702611642685, 14.761405]
  #300 objects/spaceships/derelicts/metal_plate_edge_trim/derelicts_metal_plate_edge_trim_rust_01x0025_a.cgf
    [0.018996596259569353, -0.04270206502173203, 0.85993081841761576, 10.335058000000004]
    [0.8450650029794029, 0.16559404575324985, -0.010445201838739537, -80.063426000000049]
    [-0.16483209505715896, 0.84405005488117235, 0.045554744924291971, 41.883111999999997]
  #301 objects/spaceships/derelicts/metal_beam/derelicts_metal_beam_04x0016x0024_a_brk_b.cgf
    [0.11005610996935698, 1.2139219047937366, 0.10862651668644593, 8.8838130000000319]
    [1.1236034019167935, -0.058805945750091862, -0.48122314403249328, -5.8710839999999962]
    [-0.47214564094831296, 0.14301723047750287, -1.1198852726628399, 14.884667]
  #302 objects/spaceships/derelicts/metal_beam/derelicts_metal_beam_04x02_a_brk_a.cgf
    [-0.028334916205056744, -1.0488224922841085, -0.10213890322241308, -4.681165999999962]
    [0.94093274827833839, -0.071184825704835045, 0.46993842911132422, -1.5159780000000183]
    [-0.47445393779575612, -0.078536256704768659, 0.93807748115055889, 11.382159999999999]
  #303 objects/spaceships/derelicts/metal_beam/derelicts_metal_beam_04x0016x0024_a_brk_b.cgf
    [0.011236699031191563, 0.0096606363658426203, -1.0540618411617466, 3.7844870000000128]
    [0.93232548843485719, -0.491940700171145, 0.0054302323366826853, -6.9963350000000446]
    [-0.49184232890529972, -0.93229125058295625, -0.013787816247697557, 16.146298000000002]
  #304 objects/spaceships/derelicts/metal_plate_edge_trim/derelicts_metal_plate_edge_trim_rust_01x01_b.cgf
    [-0.25154404911851008, -0.051200734146087432, 0.9212618738373507, 11.969383999999991]
    [0.16443049489215328, -0.94208614386950906, -0.0074614937472776621, -69.075632000000041]
    [0.90791385478630426, 0.15643384020831552, 0.25659355006525991, 35.574929999999995]
  #305 objects/spaceships/derelicts/metal_plate_edge_trim/derelicts_metal_plate_edge_trim_rust_02x0025_b.cgf
    [-0.054279043968496636, -0.16733498102784536, -1.6861693419066248, -13.592642999999953]
    [-1.6475918636004858, 0.39921829164526945, 0.013418892981705623, -50.156658999999991]
    [0.39573867192743245, 1.6391272128226615, -0.17540565498543348, 18.175568999999999]
  #306 objects/spaceships/derelicts/metal_plate_edge_trim/derelicts_metal_plate_edge_trim_rust_01x0025_b.cgf
    [-0.0029748368095502443, -0.031982618961320881, -0.55803735666922472, -11.608930999999984]
    [0.5233107559624095, 0.19592538658812619, -0.014018722922890553, -59.392549000000031]
    [0.19640374754075332, -0.52252060627568775, 0.028900051509983999, 33.462818999999996]
  #307 objects/spaceships/derelicts/metal_plate_edge_trim/derelicts_metal_plate_edge_trim_rust_01x0025_a.cgf
    [-0.91907159858562459, -0.14824355393465249, -1.3074105650129157, -11.023668000000043]
    [0.43792003720314476, 1.4693908774643392, -0.47445508781957385, -54.502775000000042]
    [1.2407757967524045, -0.6284150205546547, -0.8009751083847938, 13.556649]
  #308 objects/spaceships/derelicts/metal_plate_edge_trim/derelicts_metal_plate_edge_trim_rust_01x0025_a.cgf
    [0.0083446161295949624, -0.11322901751393231, 0.66476074469347446, 14.74805200000003]
    [-0.66626807852996572, -0.10390857121759613, -0.0093352595276529112, -33.359023999999977]
    [0.10399281525461539, -0.65664258857561997, -0.11315165025341908, 17.567648999999999]
  #309 objects/spaceships/derelicts/metal_plate_edge_trim/derelicts_metal_plate_edge_trim_rust_02x01_a.cgf
    [-0.088905055456629217, 0.095728229507202445, 0.47899275366867722, 14.352938999999992]
    [-0.40638928114457429, -0.28461515207737581, -0.018547998711464928, -54.426904000000036]
    [0.27100867912759158, -0.39538889989581233, 0.12932120690021956, 27.423085]
  #310 objects/spaceships/derelicts/metal_plate_edge_trim/derelicts_metal_plate_edge_trim_rust_01x01_a.cgf
    [0.09431000540326033, -0.001580854233540352, -0.3274969916581173, -14.363643000000025]
    [0.012004067070402465, 0.34059326478739521, 0.0018127657378179075, -54.004406000000017]
    [0.32728073731735868, -0.012036803800977436, 0.094305832797608485, 23.474059]
  #311 objects/spaceships/derelicts/metal_plate_edge_trim/derelicts_metal_plate_edge_trim_rust_01x01_b.cgf
    [-0.40235501162997878, -0.22568628401172253, -0.62570940299736599, -10.96429999999998]
    [-0.16272745684467274, -0.67565794261855094, 0.34834211709098944, -53.612018000000035]
    [-0.64495451822528171, 0.31126862508056852, 0.30245929252603193, 34.808678999999998]
  #312 objects/spaceships/derelicts/metal_beam/derelicts_metal_beam_02x0016x0024_a_brk_a.cgf
    [0.11005750155251041, 0.018859443954156403, 1.2186267425843382, -0.283237999999983]
    [1.1236039648818166, 0.47243935661542485, -0.10878719795371529, -5.8433750000000373]
    [-0.47214504812592967, 1.1287005119651978, 0.02517295842009749, 15.114538]
  #313 objects/spaceships/derelicts/metal_plate_edge_trim/derelicts_metal_plate_edge_trim_rust_02x01_b.cgf
    [0.11690711392819556, 0.034789294158648496, 0.72534686136396853, 14.211842000000047]
    [0.19235272211887436, -0.70992730671770776, 0.0030474638042177356, -34.040052999999943]
    [0.70024195430727809, 0.18920507856324026, -0.12193556183262963, 14.586017]
  #314 objects/spaceships/derelicts/metal_plate_edge_trim/derelicts_metal_plate_edge_trim_rust_01x01_b.cgf
    [0.20436383141893416, 0.01067841594435001, 0.76078262007404374, 15.263791999999967]
    [-0.058540840356476234, 0.78563330890759209, 0.0046982029862018826, -62.113371000000029]
    [-0.75860213128105902, -0.057750104189182597, 0.2045886874878656, 24.362611000000001]
  #315 objects/spaceships/derelicts/metal_plate_edge_trim/derelicts_metal_plate_edge_trim_rust_02x01_a.cgf
    [-0.40047584335188913, -0.086430054127600464, 0.76969131083655584, 10.945465000000013]
    [0.2985244469456721, -0.81676984038583644, 0.063607796330938715, -33.695082999999954]
    [0.71468736018596013, 0.29273305744619554, 0.40472843192791474, 32.890245]
  #316 objects/spaceships/derelicts/metal_plate_edge_trim/derelicts_metal_plate_edge_trim_rust_04x01_b.cgf
    [-0.24375534270503901, -0.054392210447469835, 0.90141500602815272, 13.34491300000002]
    [0.25750142416200267, -0.8990999277990579, 0.015379503685631266, -56.395076000000017]
    [0.86556371354432171, 0.25216066311325025, 0.2492762534237801, 30.773156]
  #317 objects/spaceships/derelicts/metal_plate_edge_trim/derelicts_metal_plate_edge_trim_rust_01x0025_b.cgf
    [-0.21001479555941635, -0.178547267527183, -0.18737518507543888, -13.86386600000003]
    [0.0096615944865749148, -0.24654067246055161, 0.22409629959465616, -81.396693000000027]
    [-0.25864114196209276, 0.13576955166243074, 0.16051850237050258, 27.422460000000001]
  #318 objects/spaceships/derelicts/metal_plate/derelicts_metal_plate_04x02_a.cgf
    [-0.0092963582841700462, 1.0432814958090089, 0.025071751495984541, 8.882253999999989]
    [-0.99354994335064184, -0.016518398696042699, 0.31896229725527403, -3.4805020000000013]
    [0.3192544162396122, -0.021027541581046374, 0.99337090490132074, 8.4376519999999999]
  #319 objects/spaceships/derelicts/metal_plate_edge_trim/derelicts_metal_plate_edge_trim_rust_02x0025_b.cgf
    [-0.35385010626719937, -0.038853739188030735, 0.68601150612703232, 9.7102200000000494]
    [0.16974999544394176, -0.75266031243620624, 0.044929838894582352, -68.245532000000026]
    [0.66581254016003077, 0.1712429219775809, 0.3531300331763173, 41.727051000000003]
  #320 objects/spaceships/derelicts/metal_plate_edge_trim/derelicts_metal_plate_edge_trim_rust_01x01_b.cgf
    [-0.28239452255666619, -0.0062135002046899172, -0.22376243616243432, -13.721816999999987]
    [-0.014337594632779531, 0.35997742928576676, 0.0080984922736024451, -44.895988999999986]
    [0.22338905255693997, 0.015249413502355598, -0.28234675202257165, 20.371214000000002]
  #321 objects/spaceships/derelicts/metal_plate_edge_trim/derelicts_metal_plate_edge_trim_rust_01x0025_b.cgf
    [-0.1379660873982288, 0.27938833649618966, -1.003758483719541, -13.35479799999996]
    [-0.96127803211738672, -0.42470522596546301, 0.013913787664959744, -66.99034400000005]
    [-0.40191228045132532, 0.91988651797303389, 0.31128586597354246, 27.027685000000002]
  #322 objects/spaceships/derelicts/metal_plate_edge_trim/derelicts_metal_plate_edge_trim_rust_02x01_b.cgf
    [-0.22065169664075937, -0.28338060782702551, -0.70662613136079933, -12.480354000000034]
    [-0.3374379864545109, -0.62309338059579167, 0.35524987543984149, -50.461779999999976]
    [-0.68246660263478776, 0.39970276432629681, 0.052813503224433643, 30.119783999999999]
  #323 objects/spaceships/derelicts/metal_plate/derelicts_metal_plate_04x01_c.cgf
    [-0.40248306047616239, 0.073699760877520004, 0.9715169990224799, -8.2985380000000077]
    [0.97063468398163855, 0.12152627669697434, 0.39289848871857747, -5.2308570000000145]
    [-0.084529547466632521, 1.0445426068055212, -0.11425868144836776, 6.951454]
  #324 objects/spaceships/derelicts/metal_plate_edge_trim/derelicts_metal_plate_edge_trim_rust_02x0025_a.cgf
    [-0.20383517108160171, 0.084818953652233062, -0.7677002351817801, -13.942459999999983]
    [-0.35161167089588874, -0.7171306514446748, 0.014126026158246454, -52.145142999999962]
    [-0.68769698187982575, 0.34152021437473146, 0.2203258660563987, 24.880953000000002]
  #325 objects/spaceships/derelicts/metal_plate_edge_trim/derelicts_metal_plate_edge_trim_rust_01x01_b.cgf
    [0.24302889971722069, -0.077735917365792578, -0.50562864321783973, -14.913094000000001]
    [-0.013132108087528033, -0.56054881527301548, 0.07986749790730939, -58.239738999999986]
    [-0.51140076791904843, -0.02254765256285577, -0.24233675273158667, 22.157778]
  #326 objects/spaceships/derelicts/metal_plate_edge_trim/derelicts_metal_plate_edge_trim_rust_01x01_b.cgf
    [0.22593167822164434, -0.00034280586067676798, 0.78661575428982555, 10.111470000000054]
    [0.011573236277375045, 0.81833174212142901, -0.0029674358347085237, -80.180577999999969]
    [-0.78653068764980649, 0.011942694733892669, 0.22591244999882953, 42.696595000000002]
  #327 objects/spaceships/derelicts/metal_plate_edge_trim/derelicts_metal_plate_edge_trim_rust_02x01_b.cgf
    [0.50374808608545896, -0.1503747563038538, -0.6518121161650221, -12.916668999999956]
    [-0.48112961760856088, -0.64834178525630359, -0.22226326034286345, -42.480540000000019]
    [-0.46474282476742723, 0.50820674779557595, -0.47641761582666819, 14.444042]
  #328 objects/spaceships/derelicts/metal_plate_edge_trim/derelicts_metal_plate_edge_trim_rust_02x01_b.cgf
    [-0.40131798488724646, -0.056100926353484896, 0.78493533510577584, 10.739104999999995]
    [0.26122924315781054, -0.84064694708971066, 0.073477289669956286, -68.324430000000007]
    [0.74231400145392212, 0.26550389006627767, 0.39850285674564079, 39.714086999999999]
  #329 objects/spaceships/derelicts/metal_plate_edge_trim/derelicts_metal_plate_edge_trim_rust_01x0025_b.cgf
    [0.86271291525949734, 0.15385439292639011, -1.1558709340488962, -12.32841099999996]
    [-0.36813244888736607, -1.3283590259360396, -0.45157852345721949, -44.040565000000015]
    [-1.1064299754064904, 0.56193726389060872, -0.75101370528804956, 10.010994999999999]
  #330 objects/spaceships/derelicts/metal_plate_edge_trim/derelicts_metal_plate_edge_trim_rust_02x0025_b.cgf
    [0.072569624940626618, 0.020033523595760511, -0.51067149461694583, -11.602660000000014]
    [0.12629070642038975, 0.49909469986243582, 0.037526070764929038, -58.800342999999998]
    [0.49521447369175925, -0.13021599919961313, 0.06526474197168522, 34.069833000000003]
  #331 objects/spaceships/derelicts/metal_plate_edge_trim/derelicts_metal_plate_edge_trim_rust_02x01_b.cgf
    [-0.19440215041797318, -0.060777083175672292, -0.70933679930108928, -10.022409000000039]
    [-0.13185972094478712, -0.71951063710940244, 0.097786511585051875, -54.039061999999944]
    [-0.69961815490624546, 0.15249699674507702, 0.17867246032475551, 39.024928000000003]
  #332 objects/spaceships/derelicts/metal_plate_edge_trim/derelicts_metal_plate_edge_trim_rust_02x01_c.cgf
    [0.39064755791507344, 0.01584527305956588, -1.4618235107577366, -13.354024999999979]
    [0.31938677864614862, 1.4756373864745198, 0.10134571057574492, -76.66212900000005]
    [1.426594243262058, -0.3347055343846802, 0.37760512990588485, 25.942273]
  #333 objects/spaceships/derelicts/metal_plate_edge_trim/derelicts_metal_plate_edge_trim_rust_01x01_c.cgf
    [-0.24158247102106278, 0.10594879478383509, -1.8944583610270236, -11.692909999999983]
    [0.41457313724981881, 1.866556814163407, 0.051521766827056704, -40.004383999999959]
    [1.8515741256164135, -0.40410423342250634, -0.2587136350558436, 7.5227319999999995]
  #334 objects/spaceships/derelicts/metal_plate_edge_trim/derelicts_metal_plate_edge_trim_rust_02x0025_b.cgf
    [-0.26509372692733452, -0.088488606591106717, 0.96015415148759542, 15.535131999999976]
    [0.31346650600668774, -0.94959924293159259, -0.00096933339437421618, -40.585122999999953]
    [0.91184701443129101, 0.30071906573882978, 0.27947088926296093, 23.137695000000001]
  #335 objects/spaceships/derelicts/metal_plate_edge_trim/derelicts_metal_plate_edge_trim_rust_02x01_a.cgf
    [-0.090594554479791312, 0.04650230154407977, 0.64029159098845834, 14.223484999999982]
    [0.28339469550191754, 0.58311708219846237, -0.0022525209314992788, -35.934687000000054]
    [-0.57604099862839886, 0.27956244962490023, -0.10180748253316926, 14.65579]
  #336 objects/spaceships/derelicts/metal_plate_edge_trim/derelicts_metal_plate_edge_trim_rust_02x0025_b.cgf
    [-0.14742554062832119, 0.063063528515327053, 0.54258819163914052, 14.235591999999997]
    [-0.18449967084096769, -0.53472296680481213, 0.012019342562021458, -55.314992999999959]
    [0.51413891682560919, -0.17380329256733074, 0.15989632285557115, 27.724084000000001]
  #337 objects/spaceships/derelicts/metal_plate_edge_trim/derelicts_metal_plate_edge_trim_rust_01x01_b.cgf
    [-0.28132531572819747, -0.18887849181309441, -0.46466531496459001, -11.328472000000033]
    [-0.084040224009707246, -0.50748113096365588, 0.25716340201231552, -53.746090999999979]
    [-0.49449588506794367, 0.19370258107872601, 0.22064904850148645, 34.204937999999999]
  #338 objects/spaceships/derelicts/metal_plate_edge_trim/derelicts_metal_plate_edge_trim_rust_01x0025_b.cgf
    [-0.07295838899770013, -1.551429033773025, -1.1010979909743099, -13.144147999999973]
    [1.8820195899866534, -0.21994533776998573, 0.1851973822342485, -83.406467000000021]
    [-0.27812064912198048, -1.0813712409002045, 1.54206254833344, 28.266029]
  #339 objects/spaceships/derelicts/metal_plate_edge_trim/derelicts_metal_plate_edge_trim_rust_02x01_a.cgf
    [0.0937464491589243, 0.12253324147124582, -0.50430768646818991, -14.36034600000005]
    [-0.39171626107888746, 0.35287450727097674, 0.012922366304120794, -54.316022999999973]
    [0.34043943470568405, 0.37228244852406134, 0.15373940433232963, 23.489249000000001]
  #340 objects/spaceships/derelicts/metal_plate_edge_trim/derelicts_metal_plate_edge_trim_rust_01x01_b.cgf
    [-0.19280178442462559, -0.045865762623376029, -0.52047292419692104, -10.411143000000038]
    [-0.092696571541466044, -0.54297416288038225, 0.082186769916110416, -54.385828999999944]
    [-0.51420139889694561, 0.11508106422762142, 0.1803372704381985, 37.711608999999996]
  #341 objects/spaceships/derelicts/metal_plate_edge_trim/derelicts_metal_plate_edge_trim_rust_01x01_c.cgf
    [0.36275951785796706, -0.72186912540317416, -0.99921997319862443, -14.038205999999946]
    [0.31188865630260271, 1.0614467671614689, -0.65359489242050495, -55.09190000000001]
    [1.1925858690757491, -0.05801536967107046, 0.47487179175933036, 25.105912]
  #342 objects/spaceships/derelicts/metal_plate_edge_trim/derelicts_metal_plate_edge_trim_rust_02x0025_b.cgf
    [0.023378256123216281, -0.23205248243423848, 0.78499540231647524, 15.238127999999961]
    [0.81453890240869187, 0.084489881828396035, 0.00071795036551533661, -63.718899999999962]
    [-0.081194289976210601, 0.78078536383950692, 0.23322603201728559, 24.437517]
  #343 objects/spaceships/derelicts/metal_plate_edge_trim/derelicts_metal_plate_edge_trim_rust_01x01_a.cgf
    [-0.11917414159810327, 0.01968812210083876, -0.39259667105481072, -12.779509999999959]
    [-0.10002117540174417, -0.39825878830169298, 0.010389721485312566, -63.410695000000032]
    [-0.38015198637706782, 0.098613182128107504, 0.12034181262121632, 28.946686]
  #344 objects/spaceships/derelicts/metal_plate_edge_trim/derelicts_metal_plate_edge_trim_rust_01x0025_b.cgf
    [-0.28290066370359329, -0.036069915360995679, 0.54959563144437606, 9.0489089999999806]
    [0.14649676887982202, -0.60052659171396761, 0.03599571881492613, -67.978959000000032]
    [0.53093793762045671, 0.14647851812153831, 0.28291011389676352, 42.977848999999999]
  #345 objects/spaceships/derelicts/metal_plate_edge_trim/derelicts_metal_plate_edge_trim_rust_04x0025_b.cgf
    [-0.1155624706399765, 0.31795159882429169, -0.99946758347461429, -12.936166999999955]
    [0.94390097639180504, -0.40684383344913261, -0.23856319117360819, -46.606025000000045]
    [-0.45725224589727881, -0.9202001033587287, -0.23986560327067172, 17.251511000000001]
  #346 objects/spaceships/derelicts/metal_plate_edge_trim/derelicts_metal_plate_edge_trim_rust_02x01_b.cgf
    [0.0055944189251292947, -0.2647957862735737, -0.8345727404158213, -14.010675999999989]
    [-0.7808429200546726, 0.3760718459396073, -0.12455547313784399, -36.030533999999989]
    [0.39612220547945315, 0.74505900656247348, -0.23373925657184286, 25.307388]
  #347 objects/spaceships/derelicts/metal_plate_edge_trim/derelicts_metal_plate_edge_trim_rust_02x0025_b.cgf
    [-0.17323998564231199, 0.040807993387249455, -1.0881802202660888, -14.017455000000041]
    [0.33036859730967627, 1.0519017563487738, -0.013147685347546388, -44.918092999999999]
    [1.0376213538735044, -0.32810208684808345, -0.17749513604503137, 20.624503000000001]
  #348 objects/spaceships/derelicts/metal_plate_edge_trim/derelicts_metal_plate_edge_trim_rust_01x01_b.cgf
    [0.33444619742958448, -0.11631758142400624, 1.1700350853014019, 10.511236000000054]
    [-0.084451893678010689, 1.2109282185104786, 0.14452289378826463, -75.416538999999943]
    [-1.1727658582337683, -0.1203711320309223, 0.32326022318637482, 40.741931000000001]
  #349 objects/spaceships/derelicts/metal_plate_edge_trim/derelicts_metal_plate_edge_trim_rust_02x01_b.cgf
    [-0.3749257308149489, -0.0084463685314067703, -0.46187526672026019, -12.276179999999954]
    [0.27203730103574397, 0.47673358283264311, -0.22954347000327138, -47.221183999999994]
    [0.37335748284247344, -0.35584147683285372, -0.29656439460486339, 16.542316]
  #350 objects/spaceships/derelicts/metal_plate_edge_trim/derelicts_metal_plate_edge_trim_rust_01x01_a.cgf
    [-0.26994485886258157, -0.063292391061094855, 0.94450158764166048, 10.997429000000011]
    [0.26947819743187451, -0.94665539372689478, 0.013581947092819359, -68.68888800000002]
    [0.90745285107972162, 0.26229190115543777, 0.2769326349597272, 38.894764000000002]
  #351 objects/spaceships/derelicts/metal_plate_edge_trim/derelicts_metal_plate_edge_trim_rust_01x01_a.cgf
    [-0.063435075599758653, -0.019936942397200726, -0.43616934107432587, -14.390124000000014]
    [-0.0031199147713746964, -0.44071663302377279, 0.020598545815578465, -32.016499999999951]
    [-0.43661360709119024, 0.0060458486375220355, 0.063223337453664472, 23.216183999999998]
  #352 objects/spaceships/derelicts/metal_plate_edge_trim/derelicts_metal_plate_edge_trim_rust_02x0025_b.cgf
    [0.68045616387493979, 0.073974602044726973, 1.3384336846336309, 9.5450369999999793]
    [-0.3953720636737228, 1.4453052554464931, 0.12112477331315027, -60.141307999999981]
    [-1.2808426527782464, -0.40683908083676595, 0.673662839997066, 40.577905000000001]
  #353 objects/spaceships/derelicts/metal_plate_edge_trim/derelicts_metal_plate_edge_trim_rust_01x01_a.cgf
    [-0.10452995543192195, 0.16239430424651385, -0.65447111576836148, -13.826088000000027]
    [-0.56621883480477864, -0.3808026492123408, -0.0040541922222098823, -51.293021999999951]
    [-0.36619746386220658, 0.54244658290982595, 0.1930854348720645, 25.289629999999999]
  #354 objects/spaceships/derelicts/metal_plate_edge_trim/derelicts_metal_plate_edge_trim_rust_01x0025_a.cgf
    [0.068611244997629842, 0.037657042634688893, -0.54507037893578547, -11.464354999999955]
    [0.15421906612508021, 0.52567855491616178, 0.055729797577959705, -58.556659999999965]
    [0.52415288847501329, -0.15959723629994804, 0.054952210711082403, 35.010959999999997]
  #355 objects/spaceships/derelicts/metal_plate_edge_trim/derelicts_metal_plate_edge_trim_rust_02x0025_b.cgf
    [-0.61979356964117949, -0.3530820459249373, -1.3232884690632496, -9.0065580000000409]
    [0.45761999264907688, -1.422392441352321, 0.16518794626272384, -36.474873000000002]
    [-1.2908691823101817, -0.33471806659948633, 0.69391926225793654, 34.935147999999998]
  #356 objects/spaceships/derelicts/metal_plate_edge_trim/derelicts_metal_plate_edge_trim_rust_04x0025_a.cgf
    [0.018843555063878019, 0.366445504888461, -0.82931766150875452, -11.917882999999961]
    [0.87765829841950049, -0.21552772697722952, -0.075291974540248899, -43.077370999999971]
    [-0.22752143406434325, -0.80104348331524644, -0.35912185423646253, 13.406452]
  #357 objects/spaceships/derelicts/metal_plate_edge_trim/derelicts_metal_plate_edge_trim_rust_01x01_a.cgf
    [-0.72601180698737611, 0.27645589825991906, 0.62861461512120731, 9.2978640000000041]
    [-0.091341688756434766, -0.94552915619777933, 0.31033635395614784, -70.588662999999997]
    [0.68061802350643408, 0.16800027681219504, 0.71218842659859183, 44.149341999999997]
  #358 objects/spaceships/derelicts/metal_plate_edge_trim/derelicts_metal_plate_edge_trim_rust_01x01_a.cgf
    [-0.042958733437095262, 0.10724419806132515, 0.72640179549859785, 14.040599000000043]
    [0.67665238114906801, 0.28834245890006421, -0.0025535819320716665, -35.265233999999964]
    [-0.28513583009979615, 0.66810451852802999, -0.11550000006775926, 13.490776]
  #359 objects/spaceships/derelicts/metal_plate_edge_trim/derelicts_metal_plate_edge_trim_rust_02x01_b.cgf
    [-0.22193639365392331, -0.0048000128183859096, 0.78203929819869289, 14.684785000000034]
    [0.025436335775926092, -0.81253447950356683, 0.0022314386462434399, -71.831188999999995]
    [0.78164026052427404, 0.025078803262535025, 0.22197707907064165, 26.398582000000001]
  #360 objects/spaceships/derelicts/metal_plate_edge_trim/derelicts_metal_plate_edge_trim_rust_01x01_b.cgf
    [0.24200747617906784, 0.038835433621765295, -0.8955960170152012, -14.436163999999962]
    [0.010485220479234891, 0.92747221429393734, 0.043050981276248977, -37.078439000000003]
    [0.89637630309462391, -0.021333915082693299, 0.24129322916796633, 22.883659999999999]
  #361 objects/spaceships/derelicts/metal_plate_edge_trim/derelicts_metal_plate_edge_trim_rust_04x0025_b.cgf
    [-0.14742554062832119, 0.063063528515327053, 0.54258819163914052, 13.951878999999963]
    [-0.18449967084096769, -0.53472296680481213, 0.012019342562021458, -55.670053000000053]
    [0.51413891682560919, -0.17380329256733074, 0.15989632285557115, 28.713512999999999]
  #362 objects/spaceships/derelicts/metal_plate_edge_trim/derelicts_metal_plate_edge_trim_rust_02x01_b.cgf
    [-0.097118768427710431, -0.0009040859644334643, -0.44884421443726308, -10.603819000000044]
    [-0.13691390035187481, -0.43728479844958812, 0.030505578530656496, -54.555587999999943]
    [-0.42745354144710479, 0.14026827531420663, 0.092207820876844843, 37.243937000000003]
  #363 objects/spaceships/derelicts/metal_plate_edge_trim/derelicts_metal_plate_edge_trim_rust_01x0025_b.cgf
    [-0.30030432530175705, -0.19599974490907632, -0.58847822754806689, -13.305884999999989]
    [-0.11871653398655008, -0.62357254423605235, 0.26827015997064918, -81.070748999999978]
    [-0.60879299343927873, 0.21828099818361285, 0.23796997514116933, 28.166608]
  #364 objects/spaceships/derelicts/metal_plate_edge_trim/derelicts_metal_plate_edge_trim_rust_01x0025_b.cgf
    [0.50982994666795367, -0.21501754456572028, 0.0075566956581994901, -6.2177739999999631]
    [0.18154215319104219, 0.44035579040515704, 0.28168323896036168, -2.3489640000000236]
    [-0.11546469042569826, -0.257041739850493, 0.47624958989937183, 14.178720999999999]
  #365 objects/spaceships/derelicts/metal_plate_edge_trim/derelicts_metal_plate_edge_trim_rust_01x01_a.cgf
    [0.18492436485068953, -0.010308893013195194, 0.64360482617987214, 15.035151000000042]
    [0.020395047341623902, 0.66939589895026186, 0.0048619733766971382, -63.990769]
    [-0.64336419515008281, 0.018257148354145762, 0.18514765784495554, 25.096695]
  #366 objects/spaceships/derelicts/metal_plate_edge_trim/derelicts_metal_plate_edge_trim_rust_01x01_a.cgf
    [0.21744137454839121, -0.030006738634312073, -0.75018024380881876, -14.141476000000011]
    [0.13676928848248479, 0.76952399152874429, 0.0088623992058842593, -55.189121]
    [0.7382174234549882, -0.13373098380039566, 0.21932308042993839, 24.243010000000002]
  #367 objects/spaceships/derelicts/metal_plate_edge_trim/derelicts_metal_plate_edge_trim_rust_02x01_b.cgf
    [0.038943234123215244, -0.57424745634593444, -1.0594513236769334, -14.158389000000057]
    [-1.1902374581535824, 0.14747877938152029, -0.12368761734625577, -68.604886999999962]
    [0.18849944713097011, 1.0498588916406428, -0.56211928442187209, 24.848209000000001]
  #368 objects/spaceships/derelicts/metal_plate_edge_trim/derelicts_metal_plate_edge_trim_rust_01x0025_b.cgf
    [-0.044863120372585726, -0.13241475288403337, 0.85482570650953604, 13.912164999999959]
    [-0.83081337560293389, 0.2449294260541191, -0.005662687744394033, -34.968510000000038]
    [-0.24085221653562888, -0.82021293840800424, -0.13969359440723908, 12.815280999999999]
  #369 objects/spaceships/derelicts/metal_plate_edge_trim/derelicts_metal_plate_edge_trim_rust_01x0025_a.cgf
    [-0.91907159858562459, -0.14824355393465249, -1.3074105650129157, -11.862207000000012]
    [0.43792003720314476, 1.4693908774643392, -0.47445508781957385, -54.10322599999995]
    [1.2407757967524045, -0.6284150205546547, -0.8009751083847938, 14.688704]
  #370 objects/spaceships/derelicts/metal_plate_edge_trim/derelicts_metal_plate_edge_trim_rust_02x01_b.cgf
    [-0.29351245794282227, -0.071945178961451361, 0.97692089826487427, 11.739367000000016]
    [0.12271531724380627, -1.0144993604770334, -0.037843251915275988, -68.931080999999949]
    [0.97184952598444774, 0.10637223334111111, 0.29982254756423704, 36.444220000000001]
  #371 objects/spaceships/derelicts/metal_plate_edge_trim/derelicts_metal_plate_edge_trim_rust_02x0025_b.cgf
    [-0.0045946314309646191, -0.21108860884957872, 0.7106453520056254, 15.091425999999956]
    [0.74121612630916522, -0.013948497467870507, 0.00064905227866694022, -65.222537999999986]
    [0.013186023376485622, 0.71052330460272339, 0.21113760952321217, 24.935912999999999]
  #372 objects/spaceships/derelicts/metal_plate_edge_trim/derelicts_metal_plate_edge_trim_rust_04x0025_a.cgf
    [0.73830541820207152, -0.0050000307750452727, 0.0080591675298102277, 11.45957199999998]
    [0.002769795462910167, 0.71374238898430487, 0.18907398402644304, -17.47840199999996]
    [-0.0090707619370474935, -0.1890281537094054, 0.71370226244468049, 12.175751]
  #373 objects/spaceships/derelicts/metal_plate_edge_trim/derelicts_metal_plate_edge_trim_rust_01x0025_b.cgf
    [0.55293312648563198, 0.020591405006626002, 0.0075570128001841387, -5.7554609999999684]
    [-0.021569525897026882, 0.47582109679904422, 0.28168279351305248, -2.1801560000000109]
    [0.0039837112328249928, -0.28175598422853876, 0.47624977917475808, 14.061579]
  #374 objects/spaceships/derelicts/metal_plate_edge_trim/derelicts_metal_plate_edge_trim_rust_01x0025_b.cgf
    [-0.37493778924146604, -0.12221897010880267, -0.3943172917970913, -13.509393000000046]
    [-0.22735552421361421, -0.38348165215204638, 0.33504214233170193, -81.158304000000044]
    [-0.34457665166723284, 0.38601333509894104, 0.20799659929315661, 27.727219000000002]
  #375 objects/spaceships/derelicts/metal_plate_edge_trim/derelicts_metal_plate_edge_trim_rust_02x01_a.cgf
    [0.55436015646024228, -0.0019680602904059226, 0.013439269651067494, -4.0613849999999729]
    [-0.012350146519029367, 0.1553360055454992, 0.53218217704354986, -32.770640999999955]
    [-0.0056534158717790484, -0.53232182222838376, 0.15524556924150446, 36.275132999999997]
  #376 objects/spaceships/derelicts/metal_plate_edge_trim/derelicts_metal_plate_edge_trim_rust_01x0025_b.cgf
    [0.25412878450569348, -0.18882850200070062, -1.0811976204959441, -12.55049699999995]
    [0.6798216160934718, 0.89836526634012048, 0.0028905663745645645, -70.594759999999951]
    [0.86167689305561657, -0.65307701070706581, 0.31659009287753148, 29.81626]
  #377 objects/spaceships/derelicts/metal_plate_edge_trim/derelicts_metal_plate_edge_trim_rust_01x01_a.cgf
    [-0.20513360053698571, -0.0069728937227574025, 0.74511885636836439, 11.183230999999978]
    [0.052575477323521316, -0.77104711685737448, 0.0072586639245722706, -68.672952000000009]
    [0.74329439022958599, 0.052614140408231716, 0.20512368735513362, 38.369093999999997]
  #378 objects/spaceships/derelicts/metal_plate_edge_trim/derelicts_metal_plate_edge_trim_rust_02x01_a.cgf
    [0.12249126723440733, -0.047300161664406211, -0.58110157789575134, -11.827497999999991]
    [0.074996866378274268, 0.59013335310091797, -0.032226623565126129, -59.766265999999973]
    [0.57817974641096703, -0.066526535604148992, 0.12729045752043477, 32.323139999999995]
  #379 objects/spaceships/derelicts/metal_plate_edge_trim/derelicts_metal_plate_edge_trim_rust_02x0025_b.cgf
    [-0.02553348841625672, -0.24922294567318226, -0.92059931672851913, -11.25440500000002]
    [-0.92566813071206089, 0.2282565632046448, -0.03611911931069773, -38.132076999999981]
    [0.22968171541303278, 0.89221858439830959, -0.24791015489677048, 10.242436]
  #380 objects/spaceships/derelicts/metal_plate_edge_trim/derelicts_metal_plate_edge_trim_rust_04x0025_b.cgf
    [0.14671127689330643, -0.0255124113488992, -0.5291527573998408, -13.773503000000005]
    [0.1722236421363654, 0.52154171944461991, 0.022604745793510798, -40.060632000000055]
    [0.50099155769930437, -0.171816979109367, 0.14718732067712431, 25.380845000000001]
  #381 objects/spaceships/derelicts/metal_plate_edge_trim/derelicts_metal_plate_edge_trim_rust_01x0025_b.cgf
    [-0.18935459221449313, 0.082311791830910683, -1.1153999502332625, -14.065399999999954]
    [0.24354247137942556, 1.107161076878292, 0.040359089776647025, -59.252412000000049]
    [1.0915948628906154, -0.23273710580563339, -0.20248836149155014, 21.378012999999999]
  #382 objects/spaceships/derelicts/metal_plate_edge_trim/derelicts_metal_plate_edge_trim_rust_01x01_a.cgf
    [0.11192516034446508, -0.022826455501704205, -0.43037072079144878, -14.231975000000034]
    [0.084013329438067802, 0.43727245690038641, -0.0013434345860382085, -36.993996000000038]
    [0.42270765886372708, -0.08086406661172188, 0.11422120544110248, 23.717579000000001]
  #383 objects/spaceships/derelicts/metal_plate_edge_trim/derelicts_metal_plate_edge_trim_rust_02x01_a.cgf
    [0.14505130508522132, 0.16663072360163134, -0.50861983200642691, -6.986582999999996]
    [-0.23214077924181198, 0.49440708454468796, 0.095771112712556741, -29.169078000000013]
    [0.48225573109218056, 0.18787136388814998, 0.19908182519940884, 26.491821000000002]
  #384 objects/spaceships/derelicts/metal_plate_edge_trim/derelicts_metal_plate_edge_trim_rust_01x01_c.cgf
    [0.32127973572177204, -0.0060635192709923048, 0.85783165789166538, 8.1903829999999971]
    [-0.1827110109013497, 0.89451735712848912, 0.074752741915159598, -29.084460000000036]
    [-0.83816979547256398, -0.19731832064579785, 0.31252113916912394, 26.005844]
  #385 objects/spaceships/derelicts/metal_plate_edge_trim/derelicts_metal_plate_edge_trim_rust_02x01_a.cgf
    [0.36007440217292436, -0.067683484060673815, -0.71191922537994068, -10.802442000000042]
    [0.27327751448686421, 0.74960015426218185, 0.066952381483783269, -40.325188000000026]
    [0.66085508060091969, -0.27309735863950946, 0.36021105997516278, 32.172782999999995]
  #386 objects/spaceships/derelicts/metal_plate_edge_trim/derelicts_metal_plate_edge_trim_rust_02x0025_b.cgf
    [1.0035541151887026, 0.045780902770422301, 0.010966701882620838, 14.394608999999946]
    [-0.047062430800914927, 0.97001941311616435, 0.2572634593285999, -17.51691100000005]
    [0.0011345553165154449, -0.25749459963295196, 0.97109848401948218, 12.152808]
  #387 objects/spaceships/derelicts/metal_plate_edge_trim/derelicts_metal_plate_edge_trim_rust_02x0025_a.cgf
    [0.020696999135256838, 0.40534755375393561, -0.93781755409059187, -11.833046999999965]
    [0.98806201024592555, -0.24654865011902183, -0.084758462121686515, -39.678945999999996]
    [-0.25988818365508715, -0.90506568472026006, -0.39692695575668746, 12.538038]
  #388 objects/spaceships/derelicts/metal_plate_edge_trim/derelicts_metal_plate_edge_trim_rust_01x0025_a.cgf
    [-0.16443472251758792, 0.55357439136806819, -0.88311951638729236, -13.39178800000002]
    [0.96917793813999809, -0.24771071736932565, -0.33573350993781409, -42.972972000000027]
    [-0.38345640068377274, -0.86346873637320254, -0.46985784557970173, 15.484456]
  #389 objects/spaceships/derelicts/metal_plate_edge_trim/derelicts_metal_plate_edge_trim_rust_02x01_c.cgf
    [0.0062126166099216798, 1.2433775844254584, -0.0047009055126781569, 13.044469000000049]
    [-1.2026151938340526, 0.0072028093367522495, 0.3157741719435137, -27.142364000000043]
    [0.31579520503613018, 0.0029689485410488874, 1.2026275759312268, 13.425519000000001]
  #390 objects/spaceships/derelicts/metal_plate_edge_trim/derelicts_metal_plate_edge_trim_rust_04x0025_b.cgf
    [-0.14103302547917793, -0.24113383118511406, -1.0255147481367246, -11.305676999999946]
    [-0.82447691028569625, 0.66934160224674821, -0.043999788309245412, -39.974313000000052]
    [0.65579253395696158, 0.78965348883133246, -0.2758620261046511, 10.703859]
  #391 objects/spaceships/derelicts/metal_plate_edge_trim/derelicts_metal_plate_edge_trim_rust_01x01_c.cgf
    [-0.0047030273838110223, -0.61543282981359904, 0.0035601624482523905, 16.035436000000004]
    [0.59562633087804329, -0.0036553361810707664, 0.15494603485655314, -13.656166999999982]
    [-0.15491777410546523, 0.0046294427995362038, 0.59562690735155588, 10.98409]
  #392 objects/spaceships/derelicts/metal_plate_edge_trim/derelicts_metal_plate_edge_trim_rust_01x0025_b.cgf
    [-0.090894404298361819, -0.006808152659555422, 0.55731472274085869, 13.686583000000041]
    [-0.064653181281650721, 0.56099392462132214, -0.0036914153435008874, -36.896330000000034]
    [-0.55359372944111096, -0.064399607564335451, -0.091074239651789776, 11.532956]
  #393 objects/spaceships/derelicts/metal_plate_edge_trim/derelicts_metal_plate_edge_trim_rust_04x0025_a.cgf
    [0.060302574666274353, -0.039830861663862599, -1.0662685910695731, -13.979735000000005]
    [-1.0554741536535266, 0.15440502452040797, -0.065459955132766354, -71.016114000000016]
    [0.15649126752553952, 1.0567517197600043, -0.030625027776045796, 25.276800999999999]
  #394 objects/spaceships/derelicts/metal_plate_edge_trim/derelicts_metal_plate_edge_trim_rust_01x01_b.cgf
    [-0.89744643564246673, 0.072758973468443108, 0.14749303885630941, 9.4961270000000013]
    [-0.021744365006490584, -0.86355764071666097, 0.29368955263842339, -17.440481999999975]
    [0.16301916243716538, 0.2853638073027327, 0.85114653247169647, 21.216023]
  #395 objects/spaceships/derelicts/metal_plate_edge_trim/derelicts_metal_plate_edge_trim_rust_01x01_a.cgf
    [-0.86816361006472054, -0.13313285548215614, -0.020457047354367947, -3.9206779999999526]
    [0.026344670764554722, -0.29868577242794719, 0.82579880691808183, -31.667958999999996]
    [-0.13209392990443861, 0.81542219369856961, 0.29914668900409641, 33.278937999999997]
  #396 objects/spaceships/derelicts/metal_plate_edge_trim/derelicts_metal_plate_edge_trim_rust_01x0025_b.cgf
    [0.005818754144341908, -0.27552058107931426, -0.86837541682099728, -14.024898000000007]
    [-0.81246865792640677, 0.39130572059516955, -0.12959871123539263, -37.317969999999946]
    [0.4121676055011933, 0.77523516139835158, -0.2432069541444089, 26.149915]
  #397 objects/spaceships/derelicts/metal_plate_edge_trim/derelicts_metal_plate_edge_trim_rust_01x01_a.cgf
    [0.35638654096783184, -0.58081056742861381, -0.57910219413546948, -11.885265000000004]
    [0.33032499521034131, 0.67957928738224815, -0.478298048054352, -40.473039999999969]
    [0.7507234271211678, -0.023296136945141818, 0.48536919870049566, 30.395416999999998]
  #398 objects/spaceships/derelicts/metal_plate_edge_trim/derelicts_metal_plate_edge_trim_rust_01x01_c.cgf
    [0.29008652582300443, -0.24055814732199018, 0.68750136364552461, 7.0462459999999965]
    [-0.10266238133602057, 0.71912865193845865, 0.29494229459522692, -26.73131699999999]
    [-0.72110109049693005, -0.19915395913637218, 0.23457932041412199, 27.359204999999999]
  #399 objects/spaceships/derelicts/metal_plate_edge_trim/derelicts_metal_plate_edge_trim_rust_04x0025_a.cgf
    [-0.73669599820441789, -0.04950891578687814, -0.0032394425307319969, 15.78132800000003]
    [0.047014966215205088, -0.7120043987811594, 0.18979449298851819, -13.076501000000007]
    [-0.015849911106540333, 0.18915925532363825, 0.71354759963440928, 10.969110000000001]
  #400 objects/spaceships/derelicts/metal_plate_edge_trim/derelicts_metal_plate_edge_trim_rust_01x01_b.cgf
    [0.0013218887580854527, -0.14635938674225163, -0.55925571330592261, -14.68624699999998]
    [-0.29899783727039381, -0.47881582829198338, 0.12460122883608349, -58.186800999999946]
    [-0.49476086775381845, 0.28897076466706278, -0.076794213649172091, 21.697291]
  #401 objects/spaceships/derelicts/metal_plate_edge_trim/derelicts_metal_plate_edge_trim_rust_01x01_b.cgf
    [0.1988908309879282, 0.017590681945640046, 0.67652947592486157, 14.284374999999955]
    [-0.058694721554258596, 0.70293172665589165, -0.0010216945649365748, -79.071570999999949]
    [-0.67420804915704513, -0.056006089908181428, 0.19966459596682948, 27.798141000000001]
  #402 objects/spaceships/derelicts/metal_plate_edge_trim/derelicts_metal_plate_edge_trim_rust_02x0025_b.cgf
    [-0.28654342427771912, -0.31947514278873484, -0.93564648089418101, -11.894272000000001]
    [-0.43820527641119056, -0.83220231896198238, 0.41835543991448226, -49.568548999999962]
    [-0.886270184421737, 0.51476283036051207, 0.09565681758580151, 31.879781999999999]
  #403 objects/spaceships/derelicts/metal_plate_edge_trim/derelicts_metal_plate_edge_trim_rust_01x01_a.cgf
    [0.011264171836420948, 0.1297897881042829, -0.45232956997918172, -14.366055999999958]
    [-0.4681157103556472, 0.049353042218321756, 0.0025038935462378502, -53.834644000000026]
    [0.048115597179437829, 0.44977016204780462, 0.13025360332990477, 23.445414]
  #404 objects/spaceships/derelicts/metal_plate_edge_trim/derelicts_metal_plate_edge_trim_rust_04x01_a.cgf
    [0.16427762384800834, 0.14771083012595856, -0.50861982024412888, -7.6239540000000261]
    [-0.17015715518899979, 0.51901280629145752, 0.095770548825148918, -28.511306999999988]
    [0.50155673001132828, 0.12769873197406389, 0.19908196556036231, 24.547017]
  #405 objects/spaceships/derelicts/metal_plate_edge_trim/derelicts_metal_plate_edge_trim_rust_01x01_c.cgf
    [-1.1360382401582723, 0.059346046002413951, 0.0054367717162068698, 7.0477580000000444]
    [-0.054805467986322486, -1.0811502844551493, 0.34963526404822087, -19.849762000000055]
    [0.023406673014654624, 0.34889325589805881, 1.08252483500932, 22.147635999999999]
  #406 objects/spaceships/derelicts/metal_plate_edge_trim/derelicts_metal_plate_edge_trim_rust_01x0025_b.cgf
    [0.47381512618277799, -0.01914507849662438, -0.59958653691313235, -13.519203999999945]
    [-0.41423713123600853, -0.56309138558185268, -0.30936550173960575, -41.970494000000031]
    [-0.43391029992786151, 0.51665547566109682, -0.359388778572239, 14.975847999999999]
  #407 objects/spaceships/derelicts/metal_plate_edge_trim/derelicts_metal_plate_edge_trim_rust_02x01_a.cgf
    [0.28996521479332826, -0.15252399877315062, -0.61325714276160914, -10.161354999999958]
    [0.42577023191735175, 0.54575318946391638, 0.065581132523256452, -39.867833000000019]
    [0.46697709040479629, -0.40288659090150458, 0.32100235365003188, 33.354821000000001]
  #408 objects/spaceships/derelicts/metal_plate_edge_trim/derelicts_metal_plate_edge_trim_rust_01x01_c.cgf
    [0.53001766419660645, 0.002166993002444639, -1.3063997515337056, -9.3966070000000173]
    [0.39056687255057437, 1.3450802109062339, 0.16068750829150286, -25.051016000000004]
    [1.2466525276644105, -0.42232482924426279, 0.50507716727067309, 22.142040999999999]
  #409 objects/spaceships/derelicts/metal_plate_edge_trim/derelicts_metal_plate_edge_trim_rust_01x01_a.cgf
    [-0.096025341633937902, 0.10381128828974878, -0.47922261431530483, -13.905227999999966]
    [-0.3598839245686199, -0.34659301236716505, -0.002967911526521488, -51.719249999999988]
    [-0.33303852402486511, 0.34459899025586832, 0.14138189881828081, 25.012432]
  #410 objects/spaceships/derelicts/metal_plate_edge_trim/derelicts_metal_plate_edge_trim_rust_02x0025_b.cgf
    [0.24569982314396072, -0.013401551583158561, -0.87284395173045648, -11.750942000000009]
    [-0.21702259531488399, -0.87922742855751024, -0.047590868296234518, -37.68111399999998]
    [-0.84553968492322562, 0.22177487693055181, -0.2414189593478942, 11.939081]
  #411 objects/spaceships/derelicts/metal_plate_edge_trim/derelicts_metal_plate_edge_trim_rust_01x01_a.cgf
    [-0.36466853528288706, -0.050216528556658896, -0.55175018873383319, -13.86714900000004]
    [-0.13844762147032041, -0.63132817437302613, 0.14896343002731047, -32.428237999999965]
    [-0.53645337785991543, 0.19706889058400059, 0.33662254363031968, 24.644172000000001]
  #412 objects/spaceships/derelicts/metal_plate_edge_trim/derelicts_metal_plate_edge_trim_rust_02x01_c.cgf
    [-0.025372799211805248, -1.0108189974405131, 0.0058493863429756781, 16.469937999999956]
    [0.9783136375744792, -0.023083771617420843, 0.25456355958931121, -17.354124999999954]
    [-0.25434560629785508, 0.012047146896536654, 0.97856845374031232, 11.94347]
  #413 objects/spaceships/derelicts/metal_plate_edge_trim/derelicts_metal_plate_edge_trim_rust_01x0025_b.cgf
    [0.011097060770893667, 0.47468978236895648, 0.019011378972868191, -4.1213209999999663]
    [-0.15405090335285471, -0.014393440919352811, 0.44930625948050262, -32.622577999999976]
    [0.44939975655545999, -0.016655514002996901, 0.15354940388969099, 35.78913]
  #414 objects/spaceships/derelicts/metal_plate_edge_trim/derelicts_metal_plate_edge_trim_rust_01x01_b.cgf
    [-0.89744643564246673, 0.072758973468443108, 0.14749303885630941, 9.4074980000000323]
    [-0.021744365006490584, -0.86355764071666097, 0.29368955263842339, -15.749189000000001]
    [0.16301916243716538, 0.2853638073027327, 0.85114653247169647, 20.658842999999997]
  #415 objects/spaceships/derelicts/metal_plate_edge_trim/derelicts_metal_plate_edge_trim_rust_01x01_c.cgf
    [0.21576065305510475, 0.086839361505684803, 1.1898775373521173, 13.527645000000007]
    [0.33082572666142385, -1.166115683670518, 0.02511650622997735, -34.469605000000001]
    [1.1462565014780919, 0.32021153258361046, -0.23122044725387011, 11.760224000000001]
  #416 objects/spaceships/derelicts/metal_plate_edge_trim/derelicts_metal_plate_edge_trim_rust_04x01_c.cgf
    [-0.013012194893396204, 1.3283409607872361, 0.0077610378441206234, 10.699362999999948]
    [-1.283575052679353, -0.014571676046322656, 0.34196784852660694, -12.129554999999982]
    [0.34203073831568359, -0.0041493591749361368, 1.2836342999060069, 10.613402000000001]
  #417 objects/spaceships/derelicts/metal_plate_edge_trim/derelicts_metal_plate_edge_trim_rust_04x0025_b.cgf
    [0.13125533668962339, 0.039263238166531218, 0.79923880070543385, 13.412519999999972]
    [0.1903214847968768, -0.78820950278399338, 0.0074657872733172644, -35.363951000000043]
    [0.77723998536429806, 0.18637704709426128, -0.13679849158970178, 9.824522]
  #418 objects/spaceships/derelicts/metal_plate_edge_trim/derelicts_metal_plate_edge_trim_rust_02x0025_b.cgf
    [-0.73669599820441789, -0.04950891578687814, -0.0032394425307319969, 12.860230999999999]
    [0.047014966215205088, -0.7120043987811594, 0.18979449298851819, -12.890081000000009]
    [-0.015849911106540333, 0.18915925532363825, 0.71354759963440928, 10.906264]
  #419 objects/spaceships/derelicts/metal_plate_edge_trim/derelicts_metal_plate_edge_trim_rust_02x01_b.cgf
    [-0.89608452769040148, -0.037541396058654503, -0.027146121238156112, 10.281781000000024]
    [0.028306520702439348, -0.85988425403619284, 0.25477747080301649, -8.268224000000032]
    [-0.036674367097903719, 0.25358127360873239, 0.85992166943005988, 16.074837000000002]
  #420 objects/spaceships/derelicts/metal_plate_edge_trim/derelicts_metal_plate_edge_trim_rust_04x01_a.cgf
    [0.22824272069202889, -0.436369464732353, -0.0032165574077918282, 15.219656999999984]
    [0.4221548506246281, 0.21987646708930164, 0.1263448331182663, -29.527884999999969]
    [-0.11051668691403937, -0.061314150167676475, 0.47597272237389526, 14.055401]
  #421 objects/spaceships/derelicts/metal_plate_edge_trim/derelicts_metal_plate_edge_trim_rust_02x0025_a.cgf
    [-0.37904665982231889, 0.1001397249474844, -1.160717700228173, -11.437810000000013]
    [-0.63216315225978481, 1.0076076294992602, 0.29337097395251466, -31.988180000000057]
    [0.97860272483807675, 0.68968747626756066, -0.26007269460127386, 6.8001059999999995]
  #422 objects/spaceships/derelicts/metal_plate_edge_trim/derelicts_metal_plate_edge_trim_rust_01x0025_b.cgf
    [0.014032760303830454, -0.058729576293946623, -0.51264738673077093, -11.607755999999995]
    [0.12763834097459587, 0.49729478137791522, -0.053476901021321771, -58.93569100000002]
    [0.49996495893893195, -0.12530826747635188, 0.028041086829276293, 33.577257000000003]
  #423 objects/spaceships/derelicts/metal_plate_edge_trim/derelicts_metal_plate_edge_trim_rust_01x0025_b.cgf
    [0.67853372578619409, -0.11802406573149396, 0.0094064639978314202, -5.2730109999999968]
    [0.096877189387357815, 0.58490179309342716, 0.3506150043830531, -2.2233639999999468]
    [-0.068065937392652695, -0.34407323498105791, 0.59279576231831965, 14.079478999999999]
  #424 objects/spaceships/derelicts/metal_plate_edge_trim/derelicts_metal_plate_edge_trim_rust_01x01_c.cgf
    [0.44574454786536338, -0.36306413788830788, 0.90885469709581745, 7.2614810000000034]
    [-0.11678203741283459, 0.97181343808790555, 0.44548987406548241, -26.548993999999993]
    [-0.97169665245457015, -0.28334379106765656, 0.36337658465756728, 26.582204999999998]
  #425 objects/spaceships/derelicts/metal_plate_edge_trim/derelicts_metal_plate_edge_trim_rust_01x0025_a.cgf
    [0.19056766819246243, -1.0810482236696035, -1.3946884917798406, -9.9676249999999982]
    [-1.669800108556063, 0.34313516343503581, -0.49412867174777059, -53.258513999999991]
    [0.57060393309938939, 1.3651850734892503, -0.98021332056665178, 11.172933]
  #426 objects/spaceships/derelicts/metal_plate_edge_trim/derelicts_metal_plate_edge_trim_rust_02x01_c.cgf
    [-0.2489250198114599, 0.029438730553172421, 0.49379319769882096, 10.754180000000019]
    [0.12297102059591519, -0.53175358191568822, 0.093692489836589593, -28.593106000000034]
    [0.47914140819157774, 0.15176796665172185, 0.23249090668870989, 23.763437]
  #427 objects/spaceships/derelicts/metal_plate_edge_trim/derelicts_metal_plate_edge_trim_rust_01x0025_b.cgf
    [-0.42671135082722278, 0.61584910527218506, 0.0086515900286374542, -5.1085620000000063]
    [-0.20644396765592446, -0.15292951562579377, 0.70386149125258135, -31.963722999999959]
    [0.5802808446718315, 0.39845952138865615, 0.2567716855905976, 34.011347999999998]
  #428 objects/spaceships/derelicts/metal_plate_edge_trim/derelicts_metal_plate_edge_trim_rust_02x01_b.cgf
    [0.30282217108782428, -0.047699313814622564, 0.84329034417864335, 9.485606999999959]
    [-0.21626729013294843, 0.86160755504271336, 0.12639611045254903, -15.738409000000047]
    [-0.81648165217711532, -0.2459111485488123, 0.27928572305650778, 20.478484999999999]
  #429 objects/spaceships/derelicts/metal_plate_edge_trim/derelicts_metal_plate_edge_trim_rust_02x01_a.cgf
    [-0.030595470677425442, 0.21879068878543836, -0.50862008124783242, -7.5466659999999592]
    [-0.52543171799550259, 0.14916185749147221, 0.095771004838206678, -27.732853999999975]
    [0.17460029287504902, 0.48721782617656612, 0.19908129735728536, 24.739127]
  #430 objects/spaceships/derelicts/metal_plate_edge_trim/derelicts_metal_plate_edge_trim_rust_01x01_b.cgf
    [-0.31096537013546732, -0.011131809340576842, 0.71443528757217911, 8.5610980000000154]
    [0.19150405080229829, -0.75195438312801621, 0.071637720175202188, -27.811712000000057]
    [0.68838063295959162, 0.20416132651997254, 0.30280590425350457, 24.808892]
  #431 objects/spaceships/derelicts/metal_plate_edge_trim/derelicts_metal_plate_edge_trim_rust_02x01_b.cgf
    [0.27334755410303702, -0.031248964886037411, 0.51947994389055085, 10.157085000000052]
    [-0.12878129735460869, 0.56446734320252767, 0.10171917790974797, -28.365072000000055]
    [-0.50423336597516277, -0.16110529443976165, 0.25563370667016233, 24.752223999999998]
  #432 objects/spaceships/derelicts/metal_plate_edge_trim/derelicts_metal_plate_edge_trim_rust_01x0025_b.cgf
    [-0.42671135082722278, 0.61584910527218506, 0.0086515900286374542, -4.9301070000000209]
    [-0.20644396765592446, -0.15292951562579377, 0.70386149125258135, -31.877386000000001]
    [0.5802808446718315, 0.39845952138865615, 0.2567716855905976, 33.768668000000005]
  #433 objects/spaceships/derelicts/metal_plate_edge_trim/derelicts_metal_plate_edge_trim_rust_02x01_a.cgf
    [-0.14032406104098094, 0.0026451861365465179, -0.44374735306232904, -13.117650000000026]
    [-0.04113546671249374, -0.46347865153242307, 0.010245263226743783, -50.664883000000032]
    [-0.4418445243950247, 0.042309514657379033, 0.13997454660810527, 27.654302999999999]
  #434 objects/spaceships/derelicts/metal_plate_edge_trim/derelicts_metal_plate_edge_trim_rust_01x0025_b.cgf
    [0.053716246072521436, -0.21009786506382996, -1.0345924232139894, -13.888052000000016]
    [-0.96094049970873363, 0.41924726641616428, -0.13503005513736874, -38.339696000000004]
    [0.43716810393223271, 0.94736405191800055, -0.16968627583308604, 26.425505000000001]
  #435 objects/spaceships/derelicts/metal_plate_edge_trim/derelicts_metal_plate_edge_trim_rust_02x01_b.cgf
    [-0.26030753084927638, 0.16092554289762734, 0.46152465540754817, 7.2471160000000054]
    [0.068037097783797851, -0.50587500561854126, 0.2147637784599582, -24.176793999999973]
    [0.48401755260642165, 0.15765626170991104, 0.21802192650131555, 23.826539]
  #436 objects/spaceships/derelicts/metal_plate_edge_trim/derelicts_metal_plate_edge_trim_rust_02x01_b.cgf
    [-0.098799237270506254, 0.11324578072090909, 0.4511625704052748, 9.6426480000000083]
    [0.12462515726252084, -0.43792078425967879, 0.13721340299583126, -12.811538000000041]
    [0.44815269938166696, 0.14674583787391116, 0.061305612912894152, 17.511358000000001]
  #437 objects/spaceships/derelicts/metal_plate_edge_trim/derelicts_metal_plate_edge_trim_rust_01x01_b.cgf
    [-0.0095099712997404173, -1.2444640281949018, 0.0071990065054178369, 16.418798000000038]
    [1.2044135785355234, -0.0073914405927696762, 0.31331498713768291, -15.436696999999981]
    [-0.31325784109101085, 0.0093611887466546351, 1.2044147441226869, 11.444981]
  #438 objects/spaceships/derelicts/metal_plate_edge_trim/derelicts_metal_plate_edge_trim_rust_01x01_c.cgf
    [-1.1360382401582723, 0.059346046002413951, 0.0054367717162068698, 6.9127489999999625]
    [-0.054805467986322486, -1.0811502844551493, 0.34963526404822087, -17.390251000000035]
    [0.023406673014654624, 0.34889325589805881, 1.08252483500932, 21.353939]
  #439 objects/spaceships/derelicts/metal_plate_edge_trim/derelicts_metal_plate_edge_trim_rust_02x0025_b.cgf
    [-0.6079862907390069, -0.35012023186175967, -1.3295390040738333, -10.237930000000006]
    [0.48085187482684399, -1.416076244596022, 0.1530196516970487, -35.576003000000014]
    [-1.2880371169295095, -0.36338596914444088, 0.68470175454720617, 32.399815000000004]
  #440 objects/spaceships/derelicts/metal_plate_edge_trim/derelicts_metal_plate_edge_trim_rust_02x01_c.cgf
    [-0.21314424270757026, -0.049769872216471132, 0.84156485760509736, 13.251796000000013]
    [-0.2511928692348494, 0.83236642840909603, -0.01439406956924855, -8.5362149999999701]
    [-0.80474256267572652, -0.2466333444868245, -0.21840402730046701, 14.845544]
  #441 objects/spaceships/derelicts/metal_plate_edge_trim/derelicts_metal_plate_edge_trim_rust_01x0025_b.cgf
    [-0.0960346120311657, -0.078556894267800312, 0.75861462488834075, 13.791190000000029]
    [-0.51008575063364148, 0.57504543903495042, -0.0050250855786487187, -36.39231099999995]
    [-0.56699194150533994, -0.5040253355214952, -0.12397008050294281, 12.13819]
  #442 objects/spaceships/derelicts/metal_plate_edge_trim/derelicts_metal_plate_edge_trim_rust_04x01_c.cgf
    [-0.0059086133817428691, -1.1168482853593809, 0.013622536490113673, 16.46990500000004]
    [1.0975827057671177, -0.0032811704479208267, 0.2070555858800556, -27.238730000000032]
    [-0.20699727054129596, 0.014481682671950798, 1.0975030699629731, 13.443797]
  #443 objects/spaceships/derelicts/metal_plate_edge_trim/derelicts_metal_plate_edge_trim_rust_01x01_b.cgf
    [1.1360373695711565, -0.059346070327839347, 0.005436773944692057, 6.0256349999999657]
    [0.054805490450604025, 1.0811494560622239, 0.34963499754638577, -22.153102999999987]
    [-0.023406682608846711, -0.34889298822050802, 1.0825240087943768, 22.891470000000002]
  #444 objects/spaceships/derelicts/metal_plate_edge_trim/derelicts_metal_plate_edge_trim_rust_02x01_b.cgf
    [0.31586852685398542, -0.48679238070863834, -1.0668737789576532, -12.95595800000001]
    [0.3414579437816741, 1.0952013558584013, -0.39862246694659065, -74.916120999999976]
    [1.1218702932031666, -0.19628188049387216, 0.42171065556647391, 28.533847999999999]
  #445 objects/spaceships/derelicts/metal_plate_edge_trim/derelicts_metal_plate_edge_trim_rust_02x0025_b.cgf
    [-0.044050840349954462, 0.10236543590283495, 0.68139083485658269, 13.499439000000052]
    [0.62278538532038119, 0.29804466727696244, -0.0045131993944941837, -36.675539999999955]
    [-0.29480589567624399, 0.61433160643894325, -0.11134985421786647, 10.390077999999999]
  #446 objects/spaceships/derelicts/metal_plate_edge_trim/derelicts_metal_plate_edge_trim_rust_02x01_b.cgf
    [-0.67604061667905757, -0.028310478975589699, 0.0031236724033184794, 9.4602479999999787]
    [0.028038363326248966, -0.64843899476484279, 0.19126650569102918, -7.147371000000021]
    [-0.0050090648923543299, 0.19122641762435422, 0.64903738137365485, 15.679948]
  #447 objects/spaceships/derelicts/metal_plate_edge_trim/derelicts_metal_plate_edge_trim_rust_01x01_c.cgf
    [-0.28177468005757444, -0.51021661157547693, 1.7414939685992523, 12.869693999999981]
    [-0.55553132593062193, 1.7020041093019809, 0.40876174178318025, -33.167728000000011]
    [-1.7275726263474136, -0.46409075072478334, -0.41548983080635116, 8.684374]
  #448 objects/spaceships/derelicts/metal_plate_edge_trim/derelicts_metal_plate_edge_trim_rust_01x01_b.cgf
    [1.2546009280067887, -0.31363317890767106, 1.0604179991336193, 8.9519129999999905]
    [0.39775707415920747, -1.368389635953684, -0.87531406165137393, -58.608118999999988]
    [1.0318146217972426, 0.90885621836272157, -0.95195302034428175, 8.0268090000000001]
  #449 objects/spaceships/derelicts/metal_plate_edge_trim/derelicts_metal_plate_edge_trim_rust_01x01_c.cgf
    [0.15725602492657426, -0.15897940844755823, 0.49878311589632651, 9.4677669999999807]
    [-0.12436523831092246, 0.49454651960815915, 0.1968388524469073, -12.62393899999995]
    [-0.50851975036713304, -0.17011112257113675, 0.10610549398324083, 18.402010000000001]
  #450 objects/spaceships/derelicts/metal_plate_edge_trim/derelicts_metal_plate_edge_trim_rust_01x01_a.cgf
    [0.036811281071591054, -0.5831663361869216, -0.0038165968199266819, 16.224162999999976]
    [0.56372045228097623, 0.03460266048807812, 0.14991504278881954, -27.800715999999966]
    [-0.14938806429261714, -0.013126031866651504, 0.56476855969630224, 13.586459]
  #451 objects/spaceships/derelicts/metal_plate_edge_trim/derelicts_metal_plate_edge_trim_rust_01x01_b.cgf
    [-0.095530321070837199, 0.030021408713430717, 0.55578274253009408, 10.845760000000041]
    [0.14786040563181774, -0.54227875206592713, 0.054706851705467935, -28.67906000000005]
    [0.53659392684021878, 0.15477161947847831, 0.083871852259932975, 23.212765999999998]
  #452 objects/spaceships/derelicts/metal_plate_edge_trim/derelicts_metal_plate_edge_trim_rust_01x01_b.cgf
    [-1.1360382401582723, 0.059346046002413951, 0.0054367717162068698, 7.1627610000000459]
    [-0.054805467986322486, -1.0811502844551493, 0.34963526404822087, -21.94482000000005]
    [0.023406673014654624, 0.34889325589805881, 1.08252483500932, 22.823723000000001]
  #453 objects/spaceships/derelicts/metal_plate_edge_trim/derelicts_metal_plate_edge_trim_rust_01x01_c.cgf
    [-0.36853630124477599, 0.22783427194161832, 0.65341326831727364, 6.8135600000000522]
    [0.096325081856544606, -0.71620326869984918, 0.30405709419184812, -24.188679999999977]
    [0.68525822380293899, 0.22320569538408552, 0.30866931217397908, 24.882200999999998]
  #454 objects/spaceships/derelicts/metal_plate_edge_trim/derelicts_metal_plate_edge_trim_rust_01x01_b.cgf
    [-0.0047030273838110223, -0.61543282981359904, 0.0035601624482523905, 16.323937999999998]
    [0.59562633087804329, -0.0036553361810707664, 0.15494603485655314, -14.236020000000053]
    [-0.15491777410546523, 0.0046294427995362038, 0.59562690735155588, 11.133206999999999]
  #455 objects/spaceships/derelicts/metal_plate_edge_trim/derelicts_metal_plate_edge_trim_rust_01x01_c.cgf
    [1.0458684822863678, -0.017870987754605539, 0.09748893096901437, 8.3990989999999783]
    [-0.0078658790597720164, 1.0151104252805401, 0.27046866461417518, -17.600467999999978]
    [-0.098800768273447914, -0.26999221912535354, 1.0104488883190186, 21.349015999999999]
  #456 objects/spaceships/derelicts/metal_plate_edge_trim/derelicts_metal_plate_edge_trim_rust_01x01_b.cgf
    [-1.0633963177149184, 0.055551276213046244, 0.0050891373973895645, 6.7332480000000032]
    [-0.051301046030353854, -1.0120182556645039, 0.32727790181428668, -15.649894000000018]
    [0.02190995857000147, 0.32658334013061996, 1.0133049135391501, 20.792738]
  #457 objects/spaceships/derelicts/metal_plate_edge_trim/derelicts_metal_plate_edge_trim_rust_04x0025_b.cgf
    [0.0065199497021783473, 0.2170888792025836, 1.4786805948390394, 15.437594999999988]
    [1.4942608737392369, 0.027182889610604589, -0.010579437393285899, -53.253242999999998]
    [-0.028431043579542317, 1.4784450959741697, -0.21692894394707771, 22.763809999999999]
  #458 objects/spaceships/derelicts/metal_plate_edge_trim/derelicts_metal_plate_edge_trim_rust_01x0025_b.cgf
    [-0.25277751920611741, 0.70530548235066204, 0.008652732814354705, -4.7822029999999813]
    [-0.23899106367831027, -0.094288064340849229, 0.70386092364885644, -31.692099999999982]
    [0.66363692234607208, 0.2346936405700239, 0.25677246310708185, 33.289881999999999]
  #459 objects/spaceships/derelicts/metal_plate_edge_trim/derelicts_metal_plate_edge_trim_rust_01x0025_a.cgf
    [-0.65051782466401142, -0.08177130546178582, -0.0041528030681238868, -9.1155899999999974]
    [0.02426188076113427, -0.22427595438302916, 0.61562073535851491, -30.236305000000016]
    [-0.078199445728085598, 0.61064800193278412, 0.22554621876494282, 29.296728000000002]
  #460 objects/spaceships/derelicts/metal_plate_edge_trim/derelicts_metal_plate_edge_trim_rust_02x01_b.cgf
    [0.35845198890572977, 0.084187271042155634, 1.2557807188465822, 13.665688000000046]
    [-0.4024402042717185, 1.2448354213165935, 0.031419653150758321, -51.099056000000019]
    [-1.1925244619789153, -0.39478831797920655, 0.36686254967206028, 28.859715999999999]
  #461 objects/spaceships/derelicts/metal_plate_edge_trim/derelicts_metal_plate_edge_trim_rust_04x01_c.cgf
    [-0.033070643251049518, 1.1164419452808398, -0.0058632120796956073, 13.176551000000018]
    [-1.0970289301230369, -0.031405170679230515, 0.20763406177963406, -22.766566000000012]
    [0.20737531413228116, 0.011906298985750222, 1.0974627014237863, 12.582295999999999]
  #462 objects/spaceships/derelicts/metal_plate_edge_trim/derelicts_metal_plate_edge_trim_rust_02x01_c.cgf
    [0.19752213559540666, 0.053481511266938828, 0.84514034949838446, 12.879104999999981]
    [0.26589229608002379, -0.82785481539957806, -0.0097554063390818176, -9.0249710000000505]
    [0.80400483162910152, 0.26064076622844695, -0.20440180562980664, 13.322486999999999]
  #463 objects/spaceships/derelicts/metal_plate_edge_trim/derelicts_metal_plate_edge_trim_rust_01x0025_a.cgf
    [-0.097735902881226633, 0.053545231938689646, 0.68139100865726587, 13.597086999999988]
    [0.30726717576848411, 0.61828764995711949, -0.0045132981404380013, -36.953640999999948]
    [-0.61053065544458429, 0.30259939739113312, -0.11135092597402216, 10.987627]
  #464 objects/spaceships/derelicts/metal_plate_edge_trim/derelicts_metal_plate_edge_trim_rust_01x01_b.cgf
    [0.051585907677828328, 0.10013132177688838, 1.2307629267250826, 9.8187279999999646]
    [-0.48827508771068479, 1.1330968375986792, -0.071720043346461773, -61.636676999999963]
    [-1.1341918277446725, -0.48324946383385525, 0.086854031881737306, 12.412582]
  #465 objects/spaceships/derelicts/metal_plate_edge_trim/derelicts_metal_plate_edge_trim_rust_01x01_c.cgf
    [1.0458684822863678, -0.017870987754605539, 0.09748893096901437, 8.5131209999999555]
    [-0.0078658790597720164, 1.0151104252805401, 0.27046866461417518, -20.051135000000045]
    [-0.098800768273447914, -0.26999221912535354, 1.0104488883190186, 22.136248000000002]
  #466 objects/spaceships/derelicts/metal_plate_edge_trim/derelicts_metal_plate_edge_trim_rust_02x0025_b.cgf
    [-0.16567049581674281, -0.030339191075441179, 1.0265781633162272, 15.498436999999967]
    [-0.23529085496895213, 1.0133132428154599, -0.0080243753521775877, -41.966674000000012]
    [-0.99971066088184235, -0.23346458086121111, -0.16823432794612661, 22.682248000000001]
  #467 objects/spaceships/derelicts/metal_plate_edge_trim/derelicts_metal_plate_edge_trim_rust_01x01_c.cgf
    [-0.39035266527839496, 0.21562640817290807, 0.78800834646048734, 9.4721489999999449]
    [0.16704122927870285, -0.83382237252796165, 0.31090928592724354, -12.60362299999997]
    [0.79971815642387467, 0.27941476062151605, 0.31969574147258795, 18.422749]
  #468 objects/spaceships/derelicts/metal_plate_edge_trim/derelicts_metal_plate_edge_trim_rust_01x0025_b.cgf
    [-0.07590250468339492, -0.098147251896929188, 0.75861421808388796, 13.861081000000013]
    [-0.62636870859931348, 0.44556323226740008, -0.00502514579052023, -35.795496999999955]
    [-0.43907932748146566, -0.6186518634479885, -0.12397104977338891, 12.536208]
  #469 objects/spaceships/derelicts/metal_plate_edge_trim/derelicts_metal_plate_edge_trim_rust_01x01_c.cgf
    [-0.30360667757336152, 0.042406674668595622, 0.84329064438030221, 10.191361000000029]
    [0.23127210953978131, -0.85770150731134476, 0.12639536117989156, -14.318076000000019]
    [0.8120656674831247, 0.26012352819829221, 0.2792840013244367, 17.966141999999998]
  #470 objects/spaceships/derelicts/metal_plate_edge_trim/derelicts_metal_plate_edge_trim_rust_02x0025_b.cgf
    [0.35943279160853708, -0.090784016037894988, 1.1033058609793736, 11.11230599999999]
    [-1.0310645808496093, -0.44976454298977853, 0.29888990968168694, -26.27007100000003]
    [0.40302777888977465, -1.0696670558749291, -0.21931368206737117, 7.0220010000000004]
  #471 objects/spaceships/derelicts/metal_plate_edge_trim/derelicts_metal_plate_edge_trim_rust_01x01_b.cgf
    [0.32299056723785613, -0.26307957410799587, 0.65856437385610234, 7.5498340000000326]
    [-0.084621322159807777, 0.70418485643876649, 0.32280601473361148, -26.116634999999974]
    [-0.70410022628973123, -0.20531348957003795, 0.26330599250544984, 25.480664999999998]
  #472 objects/spaceships/derelicts/metal_plate_edge_trim/derelicts_metal_plate_edge_trim_rust_04x0025_a.cgf
    [0.25017059120476676, 0.57979778037508167, 0.011789580814282838, -9.8195799999999736]
    [-0.20208241523209847, 0.075123270173764162, 0.59364044402293892, -30.228244000000018]
    [0.54356890804902536, -0.23891591239998791, 0.21527148917555736, 29.271131]
  #473 objects/spaceships/derelicts/metal_plate_edge_trim/derelicts_metal_plate_edge_trim_rust_01x01_c.cgf
    [1.1360373695711565, -0.059346070327839347, 0.005436773944692057, 5.9093149999999923]
    [0.054805490450604025, 1.0811494560622239, 0.34963499754638577, -20.034040000000005]
    [-0.023406682608846711, -0.34889298822050802, 1.0825240087943768, 22.207636999999998]
  #474 objects/spaceships/derelicts/metal_plate_edge_trim/derelicts_metal_plate_edge_trim_rust_02x01_b.cgf
    [-0.2489250198114599, 0.029438730553172421, 0.49379319769882096, 10.631592999999953]
    [0.12297102059591519, -0.53175358191568822, 0.093692489836589593, -27.035217999999986]
    [0.47914140819157774, 0.15176796665172185, 0.23249090668870989, 23.299916]
  #475 objects/spaceships/derelicts/metal_plate_edge_trim/derelicts_metal_plate_edge_trim_rust_01x0025_b.cgf
    [0.54047319356110568, 0.57388755031430383, 0.0091034269437833566, -5.3511079999999538]
    [-0.20255515736722485, 0.17901376112006445, 0.74058527348280501, -32.472499999999968]
    [0.53702998148316849, -0.51004727101505964, 0.27016966162819234, 35.398792999999998]
  #476 objects/spaceships/derelicts/metal_plate_edge_trim/derelicts_metal_plate_edge_trim_rust_01x0025_a.cgf
    [0.040612117871276832, -0.18986864444192222, 1.1602512155800568, 15.431498000000033]
    [-1.1370738934123019, -0.30142090950088213, -0.0095250066169907804, -34.029229999999984]
    [0.29882427330690881, -1.1211501517141453, -0.19392967928904001, 22.047815999999997]
  #477 objects/spaceships/derelicts/metal_plate_edge_trim/derelicts_metal_plate_edge_trim_rust_01x0025_b.cgf
    [0.45414175231584308, 0.56348346161704488, 0.0098843927908028231, -4.7185140000000274]
    [-0.48820373490018715, 0.38700695411640218, 0.36842743468467132, -2.1327780000000303]
    [0.28154648988449194, -0.23784038740906127, 0.62291216723074561, 13.997786999999999]
  #478 objects/spaceships/derelicts/metal_plate_edge_trim/derelicts_metal_plate_edge_trim_rust_04x0025_b.cgf
    [0.01251150817167852, 0.20232489009735233, 1.3781871640308694, 15.458659000000011]
    [1.3919092803806066, 0.051684779873178162, -0.020223669520868744, -47.478880000000004]
    [-0.054071946910558014, 1.3772745116590381, -0.2017000301952043, 22.650966]
  #479 objects/spaceships/derelicts/metal_plate_edge_trim/derelicts_metal_plate_edge_trim_rust_01x01_c.cgf
    [-0.38683356533551427, 0.21368200715477512, 0.78090680829571979, 8.9011179999999968]
    [0.16553544280358226, -0.82630780861718656, 0.30810562034564065, -10.77753800000005]
    [0.79251085834840362, 0.27689538806389807, 0.3168140371942299, 17.800916999999998]
  #480 objects/spaceships/derelicts/metal_plate_edge_trim/derelicts_metal_plate_edge_trim_rust_01x01_c.cgf
    [0.06933621756339646, 0.13458597092953123, 1.6542608790379723, 9.433351000000016]
    [-0.65628852766657009, 1.5229880658304136, -0.096398497622674023, -65.586454000000003]
    [-1.524459841366697, -0.6495336160042976, 0.1167399858366214, 15.422603000000001]
  #481 objects/spaceships/derelicts/metal_plate_edge_trim/derelicts_metal_plate_edge_trim_rust_02x01_b.cgf
    [0.27334755410303702, -0.031248964886037411, 0.51947994389055085, 10.089031999999975]
    [-0.12878129735460869, 0.56446734320252767, 0.10171917790974797, -26.792277000000013]
    [-0.50423336597516277, -0.16110529443976165, 0.25563370667016233, 24.284635000000002]
  #482 objects/spaceships/derelicts/metal_plate_edge_trim/derelicts_metal_plate_edge_trim_rust_01x01_c.cgf
    [-0.37928773499573215, -0.013577581138026734, 0.87140399086084697, 8.2072950000000446]
    [0.2335793875364732, -0.91716647112214267, 0.087377261821399599, -27.797348000000056]
    [0.839624877975788, 0.24901760069472931, 0.36933555304674781, 25.640257999999999]
  #483 objects/spaceships/derelicts/metal_plate_edge_trim/derelicts_metal_plate_edge_trim_rust_02x01_b.cgf
    [0.16074047159889862, -0.048557108061270303, -0.98408105898399412, -12.699690000000032]
    [-0.2656323736431247, -0.9623063456644626, 0.004094114165051007, -19.873528999999962]
    [-0.94879542867103472, 0.26118868075550894, -0.16786461861367236, 17.705472999999998]
  #484 objects/spaceships/derelicts/metal_plate_edge_trim/derelicts_metal_plate_edge_trim_rust_01x01_c.cgf
    [0.40574741605487502, 0.28153154342113595, -0.83015856542316258, -8.8849649999999656]
    [0.22448789079413861, 0.850898388589997, 0.39828549873612462, -14.20614999999998]
    [0.84736558849963284, -0.36023067842092193, 0.29199252913869439, 18.903249000000002]
  #485 objects/spaceships/derelicts/metal_plate_edge_trim/derelicts_metal_plate_edge_trim_rust_04x0025_a.cgf
    [0.43631693360907992, 0.012278439401701143, 0.00476451499535035, 13.449022000000014]
    [-0.013089354350649104, 0.42175816529601112, 0.1117794526741749, -29.305013000000031]
    [-0.0014592737801073367, -0.11187143139923487, 0.42193433208028164, 14.066604]
  #486 objects/spaceships/derelicts/metal_plate_edge_trim/derelicts_metal_plate_edge_trim_rust_01x01_c.cgf
    [1.2263579859662563, -0.018381672443747776, -0.0007840205784103917, -7.9705310000000509]
    [0.01767246627356547, 1.1623649184975997, 0.39100881127563808, -25.11566700000003]
    [-0.0051170798221542597, -0.39097611266872639, 1.1624989914532633, 23.885341]
  #487 objects/spaceships/derelicts/metal_plate_edge_trim/derelicts_metal_plate_edge_trim_rust_02x01_c.cgf
    [0.17270794046361743, 0.058465834706678425, 1.0584139679168605, 13.025202000000036]
    [0.29262967872451262, -1.0333282332051275, 0.0093299303000601887, -16.581988000000024]
    [1.0188357337858984, 0.28688137381479961, -0.18209678450683595, 12.863541]
  #488 objects/spaceships/derelicts/metal_plate_edge_trim/derelicts_metal_plate_edge_trim_rust_01x01_b.cgf
    [0.24014136529745325, -0.021442563711017243, 1.0182584565697046, 14.975933000000055]
    [-0.035879167147937659, -1.0457087458360506, -0.013559037130541175, -36.079407999999944]
    [1.0178520291668078, -0.031802178929060974, -0.24071520803123031, 21.161835]
  #489 objects/spaceships/derelicts/metal_plate_edge_trim/derelicts_metal_plate_edge_trim_rust_01x01_b.cgf
    [-0.095530321070837199, 0.030021408713430717, 0.55578274253009408, 10.721085000000016]
    [0.14786040563181774, -0.54227875206592713, 0.054706851705467935, -27.256855999999971]
    [0.53659392684021878, 0.15477161947847831, 0.083871852259932975, 22.798672]
  #490 objects/spaceships/derelicts/metal_plate_edge_trim/derelicts_metal_plate_edge_trim_rust_01x01_c.cgf
    [0.32299056723785613, -0.26307957410799587, 0.65856437385610234, 7.6665729999999712]
    [-0.084621322159807777, 0.70418485643876649, 0.32280601473361148, -25.964225000000056]
    [-0.70410022628973123, -0.20531348957003795, 0.26330599250544984, 25.001828]
  #491 objects/spaceships/derelicts/metal_plate_edge_trim/derelicts_metal_plate_edge_trim_rust_01x01_b.cgf
    [1.0642029879508823, -0.036985300911227398, 0.0050907186060550752, 5.7360179999999445]
    [0.033631843007531026, 1.0127587010104655, 0.3272774665731169, -17.543313000000012]
    [-0.016208856694315616, -0.32691547608993188, 1.0133041852872031, 21.409286000000002]
  #492 objects/spaceships/derelicts/metal_plate_edge_trim/derelicts_metal_plate_edge_trim_rust_01x01_c.cgf
    [-0.45887524475706615, 0.056027393349169348, 1.0916027793854493, 9.9587470000000167]
    [0.29638830538495708, -1.1331626508092669, 0.18275274624570248, -16.012919000000011]
    [1.0520882421159232, 0.34366484403239467, 0.42462570906153818, 19.435563999999999]
  #493 objects/spaceships/derelicts/metal_plate_edge_trim/derelicts_metal_plate_edge_trim_rust_01x0025_a.cgf
    [0.47584894901940167, -0.38320119141632292, 0.013383351477305096, -7.470470999999975]
    [0.12356040691274983, 0.17343930133187505, 0.57280548537840514, -32.035597000000053]
    [-0.36298084390668622, -0.44331720599717911, 0.21253058910699935, 34.184905999999998]
  #494 objects/spaceships/derelicts/metal_plate_edge_trim/derelicts_metal_plate_edge_trim_rust_01x0025_b.cgf
    [0.78707198942440781, -0.045371273446668345, -0.0006820692873818298, -4.8256020000000035]
    [0.019856863547894239, 0.33373089502572367, 0.71398230292112275, -32.683325999999965]
    [-0.040801012765928381, -0.71281587486554854, 0.3343204153295421, 35.959000000000003]
  #495 objects/spaceships/derelicts/metal_plate_edge_trim/derelicts_metal_plate_edge_trim_rust_04x0025_a.cgf
    [-0.011060009561264128, -0.21633799618891833, 1.2944541866162813, 15.471347000000037]
    [-1.3124065067291724, 0.0035117750954514592, -0.01062648509904476, -34.882621999999969]
    [-0.0017119983603949324, -1.294496671488804, -0.21635972411928106, 22.328146]
  #496 objects/spaceships/derelicts/metal_plate_edge_trim/derelicts_metal_plate_edge_trim_rust_01x01_b.cgf
    [-0.010340491468981923, -0.099215690369367879, 1.231873680804723, 10.176177000000052]
    [0.46563793297869693, -1.141444940966204, -0.088023897622480918, -58.246670999999992]
    [1.1447872440091973, 0.463382280591151, 0.046930506353941678, 9.6756469999999997]
  #497 objects/spaceships/derelicts/metal_plate_edge_trim/derelicts_metal_plate_edge_trim_rust_02x01_c.cgf
    [0.061815562380078529, 0.11998774805129857, 1.4748269996502785, 10.095962999999983]
    [-0.58510177382761663, 1.3577933277478547, -0.085942397682483587, -56.668464999999969]
    [-1.3591054605304334, -0.57907954701682884, 0.10407750821081925, 11.795513]
  #498 objects/spaceships/derelicts/metal_plate_edge_trim/derelicts_metal_plate_edge_trim_rust_04x0025_a.cgf
    [0.3168736291714771, 0.73001854710819269, -0.00012223538712228729, -8.7843540000000075]
    [-0.2544992394542831, 0.11059345099325188, 0.7458788216877752, -31.027402000000052]
    [0.68422016279896192, -0.29694780754064493, 0.27749010674961999, 31.421001]
  #499 objects/spaceships/derelicts/metal_plate_edge_trim/derelicts_metal_plate_edge_trim_rust_02x01_b.cgf
    [-0.19114869413950436, 0.017066665428125807, 0.81051865209302598, 15.318279999999959]
    [0.028557916470179176, 0.83236864571050073, -0.010791792053145233, -39.637778000000026]
    [-0.8101951628258548, 0.025312967032737888, -0.19160540588499855, 22.810428000000002]
  #500 objects/spaceships/derelicts/metal_plate_edge_trim/derelicts_metal_plate_edge_trim_rust_02x01_c.cgf
    [-0.061817228781262362, -0.11998778512375177, 1.4748274553255936, 10.585212999999953]
    [0.58510195460641901, -1.3577938630291317, -0.085941780127247125, -53.813950999999975]
    [1.3591058804511211, 0.57907963034179377, 0.10407905063776496, 7.2196999999999996]
  #501 objects/spaceships/derelicts/metal_plate_edge_trim/derelicts_metal_plate_edge_trim_rust_01x01_b.cgf
    [-0.30360667757336152, 0.042406674668595622, 0.84329064438030221, 9.8362019999999575]
    [0.23127210953978131, -0.85770150731134476, 0.12639536117989156, -14.057065999999963]
    [0.8120656674831247, 0.26012352819829221, 0.2792840013244367, 18.884657000000001]
  #502 objects/spaceships/derelicts/metal_plate_edge_trim/derelicts_metal_plate_edge_trim_rust_01x0025_b.cgf
    [0.28706402455696201, -0.82766191979970105, 0.0068181237707654607, -7.7638319999999794]
    [0.26088537954634061, 0.097327337262037225, 0.83062789662613901, -29.13914699999998]
    [-0.78549956017635181, -0.27014742350811932, 0.27836541636453888, 26.126156999999999]
  #503 objects/spaceships/derelicts/metal_plate_edge_trim/derelicts_metal_plate_edge_trim_rust_01x01_c.cgf
    [-1.4088396254364208, -0.052675673123617532, -0.00090015371292711502, -6.4426670000000286]
    [0.049640422568792746, -1.3353406741849552, 0.44945048596038745, -20.648759000000041]
    [-0.017645545129714477, 0.44910487009585021, 1.3362627276882464, 22.433064999999999]
  #504 objects/spaceships/derelicts/metal_plate_edge_trim/derelicts_metal_plate_edge_trim_rust_02x0025_a.cgf
    [-0.13122769309189464, -0.042580688182259165, 0.75244098796720682, 15.43572800000004]
    [-0.23708105925227912, 0.7273195986818829, -0.00018849510248420383, -40.012491999999952]
    [-0.71538320271233546, -0.23322596163487366, -0.13796299108779719, 22.294062]
  #505 objects/spaceships/derelicts/metal_plate_edge_trim/derelicts_metal_plate_edge_trim_rust_04x0025_b.cgf
    [0.34936414281469935, -0.24052629010658333, 1.2549095476892189, 11.798937000000024]
    [-1.2382070879674396, -0.38488841358382331, 0.27094333318014441, -28.235268000000019]
    [0.31542681626835312, -1.2444734574329568, -0.32634017638396767, 7.776745]
  #506 objects/spaceships/derelicts/metal_plate_edge_trim/derelicts_metal_plate_edge_trim_rust_02x01_c.cgf
    [-0.38087521744547476, -0.25166866175137215, -0.85126339650383309, -7.1379749999999831]
    [-0.20078131729576859, -0.87788267972034406, 0.34937269508521973, -9.7420379999999795]
    [-0.86468106730744632, 0.31470192585748102, 0.29383969524343434, 18.287412]
  #507 objects/spaceships/derelicts/metal_plate_edge_trim/derelicts_metal_plate_edge_trim_rust_01x01_c.cgf
    [-1.0319220344902802, 0.070739461076149979, 0.81543128654905983, 9.4894829999999502]
    [-0.28601937333349448, 1.1982976406495187, -0.4659088131755737, -66.26704600000005]
    [-0.76689319498500852, -0.54210149673600083, -0.92346961748897394, 13.39542]
  #508 objects/spaceships/derelicts/metal_plate_edge_trim/derelicts_metal_plate_edge_trim_rust_01x01_b.cgf
    [0.096040544718361778, -0.028348999735934032, 0.55578322401578151, 10.602056999999945]
    [-0.15730188188161456, 0.5396163115160294, 0.054706475078751073, -26.964661999999976]
    [-0.53381155461446028, -0.16411281081320692, 0.083872841851731855, 23.263031999999999]
  #509 objects/spaceships/derelicts/metal_plate_edge_trim/derelicts_metal_plate_edge_trim_rust_01x01_b.cgf
    [-0.95108762613911768, 0.20088645264076588, 1.3923203014257173, 13.344785999999999]
    [-0.35838727591988179, 1.5906185765343785, -0.4743099889884313, -46.968654000000015]
    [-1.3603197231075925, -0.55951410915265443, -0.84850048544201018, 11.938659999999999]
  #510 objects/spaceships/derelicts/metal_plate_edge_trim/derelicts_metal_plate_edge_trim_rust_01x01_c.cgf
    [-0.17166129666087129, -0.061469776373057269, 1.0584138756070252, 13.612050999999951]
    [-0.31061933819244819, 1.028063553600679, 0.0093285987670978562, -20.408671000000027]
    [-1.0136735629509741, -0.30461920918864971, -0.18209643440684894, 16.197846999999999]
  #511 objects/spaceships/derelicts/metal_plate_edge_trim/derelicts_metal_plate_edge_trim_rust_01x01_b.cgf
    [0.39032334937826174, -0.26592645066432513, 0.78289792568541872, 9.0875039999999672]
    [-0.15395919787223963, 0.82723286478223101, 0.35774391551784857, -12.458948999999961]
    [-0.81236851526631293, -0.28454747677071268, 0.30836420859553182, 19.237045000000002]
  #512 objects/spaceships/derelicts/metal_plate_edge_trim/derelicts_metal_plate_edge_trim_rust_02x01_c.cgf
    [-0.92295545201772478, 0.21309984571479895, 1.2983362113751353, 13.638645999999994]
    [-0.3308556971605201, 1.4973780588994943, -0.48096640714675953, -51.102252000000021]
    [-1.2734296092317148, -0.54349115255316272, -0.81604511263118973, 14.774786000000001]
  #513 objects/spaceships/derelicts/metal_plate_edge_trim/derelicts_metal_plate_edge_trim_rust_02x0025_b.cgf
    [0.050667743101114195, -0.20395091557617281, 1.4322176570353975, 14.712548999999967]
    [-1.3977156604918326, -0.37654233409825449, -0.0041732873135332318, -50.006400999999983]
    [0.3731411602921908, -1.3827619129650492, -0.21010897131802439, 18.545427]
  #514 objects/spaceships/derelicts/metal_plate_edge_trim/derelicts_metal_plate_edge_trim_rust_01x01_b.cgf
    [0.096040544718361778, -0.028348999735934032, 0.55578322401578151, 10.710269000000039]
    [-0.15730188188161456, 0.5396163115160294, 0.054706475078751073, -28.575945000000047]
    [-0.53381155461446028, -0.16411281081320692, 0.083872841851731855, 23.754185]
  #515 objects/spaceships/derelicts/metal_plate_edge_trim/derelicts_metal_plate_edge_trim_rust_01x01_c.cgf
    [1.0642029879508823, -0.036985300911227398, 0.0050907186060550752, 5.6715239999999767]
    [0.033631843007531026, 1.0127587010104655, 0.3272774665731169, -15.777325000000019]
    [-0.016208856694315616, -0.32691547608993188, 1.0133041852872031, 20.839229]
  #516 objects/spaceships/derelicts/metal_plate_edge_trim/derelicts_metal_plate_edge_trim_rust_01x01_c.cgf
    [0.051585907677828328, 0.10013132177688838, 1.2307629267250826, 9.7678929999999582]
    [-0.48827508771068479, 1.1330968375986792, -0.071720043346461773, -61.155508000000054]
    [-1.1341918277446725, -0.48324946383385525, 0.086854031881737306, 13.530258]
  #517 objects/spaceships/derelicts/metal_plate_edge_trim/derelicts_metal_plate_edge_trim_rust_04x0025_b.cgf
    [-0.00017935081734779434, -0.21697360671188179, 1.4787115553392498, 15.30323599999997]
    [-1.4942747653848403, -0.028103998675843622, -0.0043049811393252148, -53.509620000000041]
    [0.028431240519296356, -1.4784444735325595, -0.21693096900550662, 22.494688]
  #518 objects/spaceships/derelicts/metal_plate_edge_trim/derelicts_metal_plate_edge_trim_rust_01x01_b.cgf
    [-0.33285406938356527, 0.042407351359425326, 0.83218089405651841, 10.280881000000022]
    [0.22672007428279625, -0.85770177952520588, 0.13439092493068838, -16.329040999999961]
    [0.80182381593416863, 0.26012406527886034, 0.30745616638928425, 18.552717000000001]
  #519 objects/spaceships/derelicts/metal_plate_edge_trim/derelicts_metal_plate_edge_trim_rust_01x01_b.cgf
    [0.41092031130242201, -0.0068125470502029169, 0.94359751271426939, 7.6170700000000124]
    [-0.20060705415562616, 1.0050286671164614, 0.094616949516759016, -29.684607000000028]
    [-0.92205178087831308, -0.22169606788471471, 0.39993692740522685, 27.606351]
  #520 objects/spaceships/derelicts/metal_plate_edge_trim/derelicts_metal_plate_edge_trim_rust_01x01_c.cgf
    [-0.16102755238967803, 0.15694936939819717, -1.2863557002982218, -12.732390000000009]
    [0.36735194529084109, 1.2486050325522358, 0.10635781987750334, -23.41711399999997]
    [1.2427375589943579, -0.34874967097270326, -0.19811862944712397, 17.344391999999999]
  #521 objects/spaceships/derelicts/metal_plate_edge_trim/derelicts_metal_plate_edge_trim_rust_01x01_c.cgf
    [0.53770213047957915, -0.12341271666579569, 0.79018299811968673, 12.342240999999945]
    [0.18760978058290934, -0.90613705552184487, -0.26918702998911459, -40.060088999999948]
    [0.77744610062812813, 0.30402037472823407, -0.48155230519928954, 6.5970680000000002]
  #522 objects/spaceships/derelicts/metal_plate_edge_trim/derelicts_metal_plate_edge_trim_rust_02x01_c.cgf
    [0.10793025359172458, 0.084260914547181279, 1.1683888986040811, 13.189270999999962]
    [0.31765363865242158, -1.1314799850663351, 0.052255803382226032, -35.092555999999945]
    [1.1275321219160284, 0.31070017929817439, -0.12656291863567121, 9.5582560000000001]
  #523 objects/spaceships/derelicts/metal_plate_edge_trim/derelicts_metal_plate_edge_trim_rust_01x0025_b.cgf
    [0.27508424799568282, 0.8841435097899073, 0.010693120356096607, -5.5820119999999633]
    [-0.30601195152961402, 0.0846891992131414, 0.86987347199439879, -32.184986999999978]
    [0.82956661833007894, -0.26194164589644237, 0.31733457441535745, 34.618442999999999]
  #524 objects/spaceships/derelicts/metal_plate_edge_trim/derelicts_metal_plate_edge_trim_rust_01x01_b.cgf
    [-0.33625620539663126, 0.011040962147693043, 1.4476435595959927, 15.240848000000028]
    [-0.36040082667555057, 1.4387521452306287, -0.094686445062061725, -35.070373000000018]
    [-1.4021073506035415, -0.37246795285200623, -0.32283837385663655, 22.141819999999999]
  #525 objects/spaceships/derelicts/metal_plate_edge_trim/derelicts_metal_plate_edge_trim_rust_02x01_c.cgf
    [0.34923758506338609, 0.068129145414033573, 1.231171461345254, 14.04961400000002]
    [-0.26187331199394498, 1.2545080135933071, 0.0048632090493755543, -76.343569000000002]
    [-1.2049261870136183, -0.25290255412330148, 0.35578760584581143, 27.430351999999999]
  #526 objects/spaceships/derelicts/metal_plate_edge_trim/derelicts_metal_plate_edge_trim_rust_02x01_c.cgf
    [1.2263579859662563, -0.018381672443747776, -0.0007840205784103917, -7.3050490000000536]
    [0.01767246627356547, 1.1623649184975997, 0.39100881127563808, -13.757428000000004]
    [-0.0051170798221542597, -0.39097611266872639, 1.1624989914532633, 20.196548]
  #527 objects/spaceships/derelicts/metal_plate_edge_trim/derelicts_metal_plate_edge_trim_rust_01x01_c.cgf
    [-0.010437418468065915, -0.12180925784682198, 1.2412610416820713, 10.134009999999989]
    [0.46991810034678766, -1.1502122355712976, -0.10892291176642396, -57.803211000000033]
    [1.155310974526478, 0.46674374815739761, 0.055517873642592738, 10.757469]
  #528 objects/spaceships/derelicts/metal_plate_edge_trim/derelicts_metal_plate_edge_trim_rust_02x0025_a.cgf
    [-1.0264024021916474, -0.038146726265648995, 0.0079927873049441284, -7.5284599999999955]
    [0.019695064339670696, -0.32587490077191966, 0.97387812486266467, -28.892862000000036]
    [-0.033632749134506722, 0.97333001850378453, 0.32637166216378244, 25.385487999999999]
  #529 objects/spaceships/derelicts/metal_plate_edge_trim/derelicts_metal_plate_edge_trim_rust_01x01_b.cgf
    [-1.1985468188933983, 0.25315449449038963, 1.7545810566337587, 11.78639899999996]
    [-0.45163477499363941, 2.0044735139307881, -0.59771926639904194, -51.793359000000009]
    [-1.7142543313041874, -0.70509225873461367, -1.0692676716966432, 12.144442]
  #530 objects/spaceships/derelicts/metal_plate_edge_trim/derelicts_metal_plate_edge_trim_rust_01x01_c.cgf
    [-0.53041376978718602, -0.0069640084193022048, -1.3062234384732609, -8.641591999999946]
    [-0.37723497211338342, -1.3489183950487333, 0.16037417224662892, -20.450357000000054]
    [-1.2505846410558494, 0.40985070683837105, 0.50563562915337246, 22.116776000000002]
  #531 objects/spaceships/derelicts/metal_plate_edge_trim/derelicts_metal_plate_edge_trim_rust_02x01_b.cgf
    [-0.70934115910856332, 0.14982501296170941, 1.0384214738190929, 12.403501000000006]
    [-0.26729218852685999, 1.1863168243730462, -0.35374969959711078, -47.323350000000005]
    [-1.0145548668012563, -0.41729657259980957, -0.63282980693817714, 10.592357]
  #532 objects/spaceships/derelicts/metal_plate_edge_trim/derelicts_metal_plate_edge_trim_rust_02x01_c.cgf
    [-0.51848739269632682, -0.17821435202020172, 1.8226058119694919, 10.156411000000048]
    [0.5566062917853537, -1.8199687217710239, -0.019615432600133324, -82.450987000000055]
    [1.7446609232271779, 0.52766937942726255, 0.54790945096331833, 41.135572000000003]
  #533 objects/spaceships/derelicts/metal_plate_edge_trim/derelicts_metal_plate_edge_trim_rust_01x01_b.cgf
    [-0.22312012421678284, 0.096819195690075424, -1.3929872498777318, -12.402367000000027]
    [0.39908982083214462, 1.3562362474185425, 0.030341076163315588, -19.968666999999982]
    [1.3381011732616359, -0.38835461802392446, -0.24132129119047416, 16.148339]
  #534 objects/spaceships/derelicts/metal_plate_edge_trim/derelicts_metal_plate_edge_trim_rust_01x0025_b.cgf
    [0.21152243269531193, -0.11269569931829093, 1.6334207578789304, 15.084473000000003]
    [-0.74750477958365402, -1.4719780568451282, -0.0047578476218982134, -52.629533000000038]
    [1.4567087208547254, -0.73897612408626689, -0.23962350273749891, 20.986001999999999]
  #535 objects/spaceships/derelicts/metal_plate_edge_trim/derelicts_metal_plate_edge_trim_rust_01x01_c.cgf
    [-0.24080531058188728, -0.060932895984844929, 1.3087597884455082, 15.225258000000053]
    [-0.34244092852804325, 1.2873527012654795, -0.0030712021744654519, -58.986489000000006]
    [-1.2646340230018656, -0.33699021350900515, -0.24837589080815128, 22.876996999999999]
  #536 objects/spaceships/derelicts/metal_plate_edge_trim/derelicts_metal_plate_edge_trim_rust_02x01_c.cgf
    [-0.20653348012301348, -0.048875976290395126, 1.282011660996766, 13.721799000000033]
    [-0.37570853095710155, 1.2438931685781593, -0.013104324949901439, -36.682059999999979]
    [-1.226697134485967, -0.37274624412325968, -0.21183299114554804, 13.001298]
  #537 objects/spaceships/derelicts/metal_plate_edge_trim/derelicts_metal_plate_edge_trim_rust_02x01_a.cgf
    [0.30848295282733129, 0.040144305416050026, 1.0110474805822318, 13.616450999999984]
    [-0.16156172436778443, 1.0453838913776983, 0.0077868030291027117, -77.354407000000037]
    [-0.99886254433146282, -0.15668841637073525, 0.3109865964008619, 29.623142000000001]
  #538 objects/spaceships/derelicts/metal_plate_edge_trim/derelicts_metal_plate_edge_trim_rust_04x0025_a.cgf
    [-0.33747587703546528, -0.7473851242706856, 0.015110763029027949, -6.9736269999999649]
    [0.26053997901049214, -0.10205702395707522, 0.7709773731566455, -31.905070000000023]
    [-0.70066523995246111, 0.32202898410112241, 0.27940719683365944, 33.774097999999995]
  #539 objects/spaceships/derelicts/metal_plate_edge_trim/derelicts_metal_plate_edge_trim_rust_01x01_a.cgf
    [-0.1935857605892555, -0.41456201952094585, 1.520990638339893, 10.443446999999992]
    [1.415193406752937, -0.72090862839298164, -0.01637093892746113, -82.315312999999946]
    [0.69462350336703715, 1.3532105224720452, 0.45724075396976466, 40.712327999999999]
  #540 objects/spaceships/derelicts/metal_plate_edge_trim/derelicts_metal_plate_edge_trim_rust_02x0025_b.cgf
    [-0.14608396772759519, -0.030924537975888018, 1.0176672374078573, 14.813122000000021]
    [-0.23273165402023469, 1.0018835537533792, -0.0029632254225840237, -52.700695999999994]
    [-0.99118056395359577, -0.23068696633940361, -0.1492919018940885, 19.284492999999998]
  #541 objects/spaceships/derelicts/metal_plate_edge_trim/derelicts_metal_plate_edge_trim_rust_02x01_b.cgf
    [0.64983814110130045, 0.027334114342856101, 1.4521715616959558, 8.6978920000000244]
    [-0.4057903635909178, 1.5309585261333214, 0.15277166004142792, -73.159913999999958]
    [-1.3945908286024726, -0.4327329956083249, 0.63221640545393032, 44.283664999999999]
  #542 objects/spaceships/derelicts/metal_plate_edge_trim/derelicts_metal_plate_edge_trim_rust_01x0025_b.cgf
    [-0.4319863765644445, -0.93184948909023912, 0.0079938009498687363, -9.3981469999999945]
    [0.29929941814141381, -0.13039476078728451, 0.97387713052935054, -28.860503999999992]
    [-0.88251188630611477, 0.41191423470199584, 0.32637253941919792, 25.42435]
  #543 objects/spaceships/derelicts/metal_plate_edge_trim/derelicts_metal_plate_edge_trim_rust_02x01_c.cgf
    [-0.48422677082093307, -0.10935258576204306, 1.5658704794935827, 11.43744300000003]
    [0.36642189351696863, -1.601285952154319, 0.0014857747647531721, -69.578428000000031]
    [1.5263169207323055, 0.34972735603948302, 0.4964185190601389, 36.498475999999997]
  #544 objects/spaceships/derelicts/metal_plate_edge_trim/derelicts_metal_plate_edge_trim_rust_02x01_c.cgf
    [-0.032096045030081677, -0.12180917423109752, 1.2408881563185685, 9.8327199999999948]
    [0.47174723974518745, -1.1502103630751743, -0.10070605737692107, -62.594783000000007]
    [1.1541643874298648, 0.46674371262261827, 0.075669815917783087, 11.992927999999999]
  #545 objects/spaceships/derelicts/metal_plate_edge_trim/derelicts_metal_plate_edge_trim_rust_02x01_b.cgf
    [0.3187978374077306, 0.10878691442564545, 1.0923025020244617, 13.418616000000043]
    [-0.27479243270010295, 1.1091279159282921, -0.030262102609047364, -59.321192999999994]
    [-1.0627551305968421, -0.25414972589658325, 0.33548600422637309, 29.506896000000001]
  #546 objects/spaceships/derelicts/metal_plate_edge_trim/derelicts_metal_plate_edge_trim_rust_04x01_c.cgf
    [-0.30961248957312426, 0.097625062473244872, -1.0036577599415506, -7.9398720000000367]
    [-0.2686435804206877, -1.0199427341645111, -0.016336809273522258, -81.596844000000033]
    [-0.97195173677119884, 0.2508099117171827, 0.32422778287082865, 44.551076000000002]
  #547 objects/spaceships/derelicts/metal_plate_edge_trim/derelicts_metal_plate_edge_trim_rust_01x01_c.cgf
    [-1.5883071464453085, -0.031641806626557203, -0.0010152963148504141, -4.8058359999999993]
    [0.0296671898842466, -1.5054390088797005, 0.50645342785898351, -9.0967729999999847]
    [-0.011049551917224724, 0.50633389459836697, 1.5057309589650192, 18.630610000000001]
  #548 objects/spaceships/derelicts/metal_plate_edge_trim/derelicts_metal_plate_edge_trim_rust_02x01_b.cgf
    [0.64396631869198218, -0.050870473333007413, 0.44839183780169084, 8.6267269999999598]
    [0.1885800382725005, -0.67950195325574403, -0.34792287875443956, -62.961417999999981]
    [0.40997635837868057, 0.39246013216441489, -0.54427024087860176, 10.567738]
  #549 objects/spaceships/derelicts/metal_plate_edge_trim/derelicts_metal_plate_edge_trim_rust_01x01_c.cgf
    [0.22477877698415896, -0.092910518110495957, -1.3929875089681183, -12.356469999999945]
    [-0.37535904895586014, -1.3629956360570648, 0.030340460701962401, -15.845563999999968]
    [-1.3446754808814341, 0.36494190607971333, -0.24132409619109235, 16.401792999999998]
  #550 objects/spaceships/derelicts/metal_plate_edge_trim/derelicts_metal_plate_edge_trim_rust_02x0025_a.cgf
    [-0.40562873850453862, -0.93615269400261236, 0.0078434052997481164, -8.2493459999999459]
    [0.32652862001380195, -0.13346156242398369, 0.9573636355445404, -30.881369999999947]
    [-0.87739526201531726, 0.38312426686759027, 0.35266330873238383, 31.021612000000001]
  #551 objects/spaceships/derelicts/metal_plate_edge_trim/derelicts_metal_plate_edge_trim_rust_01x01_c.cgf
    [0.32127964181163116, -0.050950704509385408, 0.85633851057580801, 7.9043540000000121]
    [-0.1827105999518224, 0.88937909086335298, 0.12146561911967896, -29.56198500000005]
    [-0.83816970575799343, -0.21340357464878393, 0.30176594556789504, 27.009747999999998]
  #552 objects/spaceships/derelicts/metal_plate_edge_trim/derelicts_metal_plate_edge_trim_rust_02x01_c.cgf
    [0.24992581674566028, 0.09140426439826578, 1.358496980398749, 13.933842000000027]
    [0.37913487865285772, -1.3312383763427293, 0.019819897072103531, -51.102550999999949]
    [1.3077176794291612, 0.36848520320479339, -0.26537676067475191, 16.055249]
  #553 objects/spaceships/derelicts/metal_plate_edge_trim/derelicts_metal_plate_edge_trim_rust_04x0025_b.cgf
    [-0.10072811397556267, 0.11291216889576126, 1.0239307964325191, 15.120806000000016]
    [0.83646108299089528, 0.6094547186899586, 0.015079430393524185, -58.519266000000016]
    [-0.60126224761694136, 0.82894232289982017, -0.15055869821709328, 21.188056]
  #554 objects/spaceships/derelicts/metal_plate_edge_trim/derelicts_metal_plate_edge_trim_rust_02x0025_b.cgf
    [0.18657297073136833, 0.053755788834247788, 1.160250676870044, 15.072602999999958]
    [0.38000016320487506, -1.1132789058838735, -0.0095260220653682025, -34.794838000000027]
    [1.0975751427464346, 0.37629932806069333, -0.19392888682279999, 20.176735999999998]
  #555 objects/spaceships/derelicts/metal_plate_edge_trim/derelicts_metal_plate_edge_trim_rust_02x01_b.cgf
    [-0.17597334291952824, -0.031709087596928046, 1.0469363918792038, 14.818283999999949]
    [-0.27243291051336749, 1.0264560525753716, -0.014702846532247208, -35.032925999999975]
    [-1.011366196857741, -0.2709804387602649, -0.1782018797834431, 18.200068999999999]
  #556 objects/spaceships/derelicts/metal_plate_edge_trim/derelicts_metal_plate_edge_trim_rust_02x01_c.cgf
    [-0.39484158720783497, 0.083396696764972647, 0.57801691186498738, 11.945073999999977]
    [-0.14878203917585567, 0.66034080229319214, -0.19690700360196758, -43.174143999999956]
    [-0.56473220578599859, -0.23227882860373286, -0.3522534882050225, 7.6696590000000002]
  #557 objects/spaceships/derelicts/metal_plate_edge_trim/derelicts_metal_plate_edge_trim_rust_04x01_a.cgf
    [-0.27631605535863957, -0.024230874243088774, 0.95659487501701657, 13.266310999999973]
    [0.27269670728486939, -0.95638534088201099, 0.054543910809130104, -55.91134599999998]
    [0.91722265345519916, 0.27704042503537218, 0.27196076832732485, 30.647932000000001]
  #558 objects/spaceships/derelicts/metal_plate_edge_trim/derelicts_metal_plate_edge_trim_rust_01x0025_a.cgf
    [0.47915558863473201, 0.019613655062708023, 1.4566026816565589, 11.939192000000048]
    [-0.28322214807905294, 1.5053695283805926, 0.07289680140152266, -58.582445000000007]
    [-1.4289371163600886, -0.29179450534951329, 0.47398399754658632, 35.599209999999999]
  #559 objects/spaceships/derelicts/metal_plate_edge_trim/derelicts_metal_plate_edge_trim_rust_04x01_a.cgf
    [0.22406113381931445, 0.045295433155754725, 0.78510310231115621, 8.6194219999999859]
    [-0.22545137722556838, 0.78578136489213835, 0.019007164625701692, -84.629228000000012]
    [-0.75339912000908504, -0.22167074578132004, 0.22780209754533792, 47.013176999999999]
  #560 objects/spaceships/derelicts/metal_plate_edge_trim/derelicts_metal_plate_edge_trim_rust_01x0025_b.cgf
    [0.5489391168817388, 1.2410169901035202, 0.020143416446753791, -11.922339999999963]
    [-0.42080409776404476, 0.16536421349712077, 1.2796255972721546, -28.582738999999947]
    [1.1676698327253026, -0.52382686850096705, 0.45168092119812381, 24.792897]
  #561 objects/spaceships/derelicts/metal_plate_edge_trim/derelicts_metal_plate_edge_trim_rust_02x01_c.cgf
    [0.91599719372015942, -0.20013083154564737, 1.3329435863038865, 11.015828000000056]
    [0.37054115549642058, -1.5121294510095238, -0.48166958423803291, -48.305189000000041]
    [1.2959514674891173, 0.57380657591344297, -0.8044237815096712, 8.9301019999999998]
  #562 objects/spaceships/derelicts/metal_plate_edge_trim/derelicts_metal_plate_edge_trim_rust_02x01_c.cgf
    [0.34923758506338609, 0.068129145414033573, 1.231171461345254, 13.405222999999978]
    [-0.26187331199394498, 1.2545080135933071, 0.0048632090493755543, -76.181466999999998]
    [-1.2049261870136183, -0.25290255412330148, 0.35578760584581143, 29.760446000000002]
  #563 objects/spaceships/derelicts/metal_plate_edge_trim/derelicts_metal_plate_edge_trim_rust_04x0025_a.cgf
    [0.028097559049192124, -0.20980015053387141, 0.75960288975567758, 14.986462999999958]
    [0.78114213764332951, 0.10778830458737342, 0.00087653061745242647, -75.004418999999984]
    [-0.10406543175916226, 0.75244116337683087, 0.21167146166319789, 25.355329999999999]
  #564 objects/spaceships/derelicts/metal_plate_edge_trim/derelicts_metal_plate_edge_trim_rust_01x01_c.cgf
    [-0.85483188058613668, -0.21573494110636182, 2.1286206122149185, 9.7238059999999678]
    [0.67257760634905883, -2.2031233727050212, 0.046814396348079566, -73.760069000000044]
    [2.0310604715266729, 0.63875712086324254, 0.88039055036680192, 42.011114999999997]
  #565 objects/spaceships/derelicts/metal_plate_edge_trim/derelicts_metal_plate_edge_trim_rust_01x01_c.cgf
    [0.52152226040783911, 0.10542915802876769, 1.8273980685967188, 8.8624059999999645]
    [-0.52475833972205899, 1.8289767376882005, 0.044240868686660079, -85.263926999999967]
    [-1.7536042008862265, -0.51595858574826259, 0.53022968702384676, 45.600650000000002]
  #566 objects/spaceships/derelicts/metal_plate_edge_trim/derelicts_metal_plate_edge_trim_rust_02x01_c.cgf
    [0.78108642603748435, -0.15536906293526467, 1.1832142902410798, 10.612769999999955]
    [0.33079394417413882, -1.3305236179755571, -0.39308253051368852, -52.584707999999978]
    [1.146608463620342, 0.48969272363385791, -0.69261943003524495, 10.611829]
  #567 objects/spaceships/derelicts/metal_plate_edge_trim/derelicts_metal_plate_edge_trim_rust_02x01_c.cgf
    [0.77437238483380366, 0.026898507207026301, 1.4484492988291922, 10.350172000000043]
    [-0.39363332334503387, 1.5845081770155836, 0.18101970910658943, -59.607699000000025]
    [-1.3941957207369016, -0.43242548334103037, 0.75339762741737171, 38.260705999999999]
  #568 objects/spaceships/derelicts/metal_plate_edge_trim/derelicts_metal_plate_edge_trim_rust_02x01_b.cgf
    [0.33102599510304814, 0.09797146556728252, 1.1581584786994188, 13.029320999999982]
    [-0.37164606140272316, 1.1499159887999371, 0.0089500295431282559, -50.195746999999983]
    [-1.1012759304064521, -0.35861189316526904, 0.34510362859660226, 30.960654999999999]
  #569 objects/spaceships/derelicts/metal_plate_edge_trim/derelicts_metal_plate_edge_trim_rust_02x01_c.cgf
    [0.91516117240449268, -0.21004770218104346, 1.344887827330975, 11.415138999999954]
    [0.31931196709960635, -1.542238060628466, -0.45815380472856426, -43.961971999999946]
    [1.3232094214301628, 0.51744082166827854, -0.81959447282240883, 7.091513]
  #570 objects/spaceships/derelicts/metal_plate_edge_trim/derelicts_metal_plate_edge_trim_rust_01x01_c.cgf
    [0.25873464856959927, -0.041098246742932547, -0.98072333282480206, -9.4706330000000207]
    [0.308797736737076, 0.96613431780756498, 0.040980209166558597, -78.58587]
    [0.93174635991689814, -0.30878204914135216, 0.25875337043687396, 39.399952999999996]
  #571 objects/spaceships/derelicts/metal_plate_edge_trim/derelicts_metal_plate_edge_trim_rust_04x0025_b.cgf
    [0.94919040984091152, 0.018697152939987322, 0.0073888675912652637, -11.410012000000052]
    [-0.012945884681600166, 0.30148268122177502, 0.90017065605330659, -29.058645999999953]
    [0.015381253594984934, -0.90006956532346349, 0.3016700310647023, 25.975238999999998]
  #572 objects/spaceships/derelicts/metal_plate_edge_trim/derelicts_metal_plate_edge_trim_rust_02x01_c.cgf
    [0.47789099522697603, 0.066271822501039926, 1.6573252546353963, 10.091048999999998]
    [-0.41532915721197533, 1.6745783769352018, 0.052798750928183633, -73.589166999999975]
    [-1.6058084086463988, -0.41339335078394374, 0.4795665226817471, 41.098342000000002]
  #573 objects/spaceships/derelicts/metal_plate_edge_trim/derelicts_metal_plate_edge_trim_rust_01x01_c.cgf
    [-0.54738113587247295, 0.069404452018232879, -1.1296063993706222, -7.6110720000000356]
    [-0.35710881839835912, -1.2012821234719362, 0.099238374719335831, -63.919120000000021]
    [-1.0739184732935461, 0.364085134597468, 0.54276590796774837, 42.323675999999999]
  #574 objects/spaceships/derelicts/metal_plate_edge_trim/derelicts_metal_plate_edge_trim_rust_04x0025_a.cgf
    [-0.070904107176333539, -0.27193500206202115, -0.95969995620596138, -12.260583999999994]
    [0.96539689388624073, -0.26077249999375485, 0.0025659743712463179, -74.274367999999981]
    [-0.25096112958582617, -0.92630939842106974, 0.28101504147726791, 30.839948]
  #575 objects/spaceships/derelicts/metal_plate_edge_trim/derelicts_metal_plate_edge_trim_rust_01x01_b.cgf
    [-1.3253179086007145, 0.16704005746535844, 1.0062372274460192, 9.9492609999999786]
    [-0.32538187014427727, 1.494380893537083, -0.67663556008147807, -61.955178000000046]
    [-0.96671732025328627, -0.73198815686275465, -1.1517526898119346, 11.114552]
  #576 objects/spaceships/derelicts/metal_plate_edge_trim/derelicts_metal_plate_edge_trim_rust_02x01_c.cgf
    [0.21589960587110363, -0.05201666468921249, -0.87954172236403205, -8.387377000000015]
    [0.27628807253238957, 0.86388485785583247, 0.016729254123279649, -85.519967999999949]
    [0.83663867694531968, -0.27186252695396301, 0.2214463936874263, 43.032817000000001]
  #577 objects/spaceships/derelicts/metal_plate_edge_trim/derelicts_metal_plate_edge_trim_rust_02x01_b.cgf
    [-0.37801819964455413, 0.14957944163145886, -1.2571937080325981, -9.3165340000000469]
    [-0.42404341233788184, -1.2512148142200541, -0.021364954181149389, -69.105260000000044]
    [-1.1929363827666493, 0.39736037479288056, 0.40597451564615056, 39.206445000000002]
  #578 objects/spaceships/derelicts/metal_plate_edge_trim/derelicts_metal_plate_edge_trim_rust_02x01_c.cgf
    [-0.22809457055955282, -0.030798932472898968, 1.3650494346283231, 14.295631999999955]
    [-0.30936849225998686, 1.3491386343808547, -0.021254353837905287, -50.259296999999947]
    [-1.32988708889791, -0.30856447838144657, -0.22918106336071947, 17.887087999999999]
  #579 objects/spaceships/derelicts/metal_plate_edge_trim/derelicts_metal_plate_edge_trim_rust_01x0025_b.cgf
    [-0.079588718053818036, 0.12868718404065072, 1.0239302233896972, 15.165864000000056]
    [0.92958326126375157, 0.45494557510385153, 0.015077858611586946, -59.27184699999998]
    [-0.44818350492341308, 0.92075620557547766, -0.15055701098737131, 21.419114]
  #580 objects/spaceships/derelicts/metal_plate_edge_trim/derelicts_metal_plate_edge_trim_rust_01x01_c.cgf
    [0.84073157281563726, 0.081723131379944428, -0.61459690454816385, -7.9580459999999675]
    [-0.23494886675288382, -0.91628578234293923, -0.44323469843809293, -70.602571000000012]
    [-0.57376567978074822, 0.49495383389304887, -0.71906275792318142, 15.817291000000001]
  #581 objects/spaceships/derelicts/metal_plate_edge_trim/derelicts_metal_plate_edge_trim_rust_02x01_c.cgf
    [0.66416722663286176, -0.07778389336840473, -1.500404278896978, -8.809001999999964]
    [0.4464606755996588, 1.5765856492920884, 0.11589648278716103, -74.031790000000001]
    [1.4345508702527785, -0.45465238975704414, 0.65858670217238657, 41.592498999999997]
  #582 objects/spaceships/derelicts/metal_plate_edge_trim/derelicts_metal_plate_edge_trim_rust_04x0025_b.cgf
    [-0.028787355978569958, 0.41938363984380894, 0.69417534663057301, 8.6289050000000316]
    [-0.79655508736139469, -0.14524718005849988, 0.054717552817074529, -81.206818999999996]
    [0.15251898910299236, -0.67941988521014518, 0.41679412021595169, 46.344847999999999]
  #583 objects/spaceships/derelicts/metal_plate_edge_trim/derelicts_metal_plate_edge_trim_rust_04x01_a.cgf
    [-0.12969574596143693, -0.074749171124965166, -1.255525846826391, -8.4836810000000469]
    [1.1524516816205734, -0.51261220546152897, -0.088529235257450101, -64.532815000000028]
    [-0.5037734730639436, -1.153427442616781, 0.12071039561319429, 15.937357]
  #584 objects/spaceships/derelicts/metal_plate_edge_trim/derelicts_metal_plate_edge_trim_rust_02x01_c.cgf
    [0.62584181803118777, -0.072511204063475998, -1.2830029983451872, -10.691338999999971]
    [0.33919177698766861, 1.3857809368543597, 0.087136003747352198, -55.615586000000008]
    [1.239477110277323, -0.34261621387549052, 0.62397369556917925, 34.268979000000002]
  #585 objects/spaceships/derelicts/metal_plate_edge_trim/derelicts_metal_plate_edge_trim_rust_02x01_c.cgf
    [-0.2924175678564806, 0.10933441013493844, -0.96517156992212338, -8.387106000000017]
    [-0.30932085010218102, -0.96596688515069651, -0.015709713584787649, -77.913493000000017]
    [-0.92077727182937974, 0.28977951992730105, 0.3117936050173869, 42.977705999999998]
  #586 objects/spaceships/derelicts/metal_plate_edge_trim/derelicts_metal_plate_edge_trim_rust_02x01_c.cgf
    [-0.317745705360724, -0.10827580637877532, 1.1159430692036598, 14.311189000000013]
    [0.33890329523903673, -1.1149094510286393, -0.011678600471923978, -57.413874999999962]
    [1.0687362351987419, 0.32135367274373333, 0.33548411857072369, 26.640713000000002]
  #587 objects/spaceships/derelicts/metal_plate_edge_trim/derelicts_metal_plate_edge_trim_rust_02x01_c.cgf
    [-0.69898198604834028, -0.094430873905278379, 1.3073188644721387, 11.991104999999948]
    [0.40574663479584766, -1.4244077969887448, 0.11405137614616766, -55.67349200000001]
    [1.2463424375760788, 0.41075644620927748, 0.69604977578170513, 34.310106000000005]
  #588 objects/spaceships/derelicts/metal_plate_edge_trim/derelicts_metal_plate_edge_trim_rust_04x0025_a.cgf
    [0.08558188637165462, -0.2800483508001973, 1.2002477204953894, 14.345539000000031]
    [1.1939503507204934, 0.31734133297163236, -0.011089049437080639, -59.611292000000049]
    [-0.30578461268464718, 1.1606951917782276, 0.29262325786482374, 27.415479999999999]
  #589 objects/spaceships/derelicts/metal_plate_edge_trim/derelicts_metal_plate_edge_trim_rust_01x01_b.cgf
    [-0.77594360685505026, 0.094977946763655285, -1.5325333068721214, -8.8121999999999616]
    [-0.48625047207510708, -1.6439287038370292, 0.14431397427312559, -59.727700000000027]
    [-1.4564476047735377, 0.49824214433579295, 0.76829861917106257, 38.963236000000002]
  #590 objects/spaceships/derelicts/metal_plate_edge_trim/derelicts_metal_plate_edge_trim_rust_02x01_c.cgf
    [-0.5545518782189568, 0.11433236677995538, -1.1938210091398747, -7.6269419999999855]
    [-0.37631854282639948, -1.2654319098768594, 0.053616353697793488, -68.299276999999961]
    [-1.1387119241855115, 0.36251685335350314, 0.56367096993355281, 43.172808000000003]
  #591 objects/spaceships/derelicts/metal_plate_edge_trim/derelicts_metal_plate_edge_trim_rust_01x01_c.cgf
    [-0.78224614013236371, 0.099183875100899072, -1.6142825660244706, -8.6728650000000016]
    [-0.51033262986947836, -1.7167127663580182, 0.14181873119043198, -55.088481000000002]
    [-1.5347007040270366, 0.52030232033494839, 0.77565063805527057, 38.522796]
  #592 objects/spaceships/derelicts/metal_plate_edge_trim/derelicts_metal_plate_edge_trim_rust_02x01_c.cgf
    [-0.38957642082122457, -0.031250567093527019, 1.3620931071682114, 14.598296000000005]
    [0.21656536415337874, -1.4000908319993004, 0.02981817230007941, -71.771137999999951]
    [1.3451296121890761, 0.21636331113785387, 0.38968867343589242, 25.492947999999998]
  #593 objects/spaceships/derelicts/metal_plate_edge_trim/derelicts_metal_plate_edge_trim_rust_01x01_c.cgf
    [0.2817899330756693, -0.067893765143028223, -1.1479716122648884, -7.9396080000000211]
    [0.36061178930708804, 1.1275355390238304, 0.021833413501218597, -85.450208999999973]
    [1.0919741404099661, -0.35483516903920076, 0.28903015722061198, 44.805996999999998]
  #594 objects/spaceships/derelicts/metal_plate_edge_trim/derelicts_metal_plate_edge_trim_rust_01x01_b.cgf
    [-0.47694743376281001, 0.09833267261794254, -1.0267560052942177, -8.7791429999999764]
    [-0.32365624957606515, -1.0883456535372302, 0.04611327381386518, -68.769596999999976]
    [-0.97935889285914135, 0.31178596409602732, 0.4847904032211085, 40.777256999999999]
  #595 objects/spaceships/derelicts/metal_plate_edge_trim/derelicts_metal_plate_edge_trim_rust_02x01_c.cgf
    [0.84580528084633033, -0.16824264230924987, 1.2812517218793458, 12.181466]
    [0.35820271154663658, -1.4407667408993929, -0.42565261702038676, -51.756237000000056]
    [1.2416128136221145, 0.5302676175710419, -0.75000800623888908, 12.821477]
  #596 objects/spaceships/derelicts/metal_plate_edge_trim/derelicts_metal_plate_edge_trim_rust_04x0025_b.cgf
    [-0.073975062701166772, 0.63333256952760664, 1.3613652160583207, 9.7431569999999965]
    [-1.4453045537296976, -0.39936080871211144, 0.10725388782048403, -54.245938000000024]
    [0.40684166709686848, -1.3035714425607705, 0.62855314578281551, 39.062181000000002]
  #597 objects/spaceships/derelicts/metal_plate_edge_trim/derelicts_metal_plate_edge_trim_rust_02x01_b.cgf
    [0.42189820001584233, -0.12567921723878686, -1.361359225974478, -9.7425960000000487]
    [0.33934477347643993, 1.3897489859907544, -0.023133949513346502, -74.279827999999952]
    [1.3243637462969939, -0.31606136945237107, 0.43961139339452493, 38.357608999999997]
  #598 objects/spaceships/derelicts/metal_plate_edge_trim/derelicts_metal_plate_edge_trim_rust_01x01_b.cgf
    [-1.007960882203939, -0.03248456129292953, -0.27239110956093987, -6.4911730000000034]
    [0.10166202311232317, 0.91917911878861314, -0.48581054330188739, -78.039542999999981]
    [0.25478814012222689, -0.49526942587259654, -0.88375816985896194, 19.321721]
  #599 objects/spaceships/derelicts/metal_plate_edge_trim/derelicts_metal_plate_edge_trim_rust_04x01_a.cgf
    [0.11228401135588234, -0.035060568839547758, -0.70265544101306321, -12.296868000000018]
    [-0.19111347277401836, -0.68631153525714894, 0.0037052093075453487, -35.131725999999958]
    [-0.67707425944047639, 0.18790647823959003, -0.11757216557292743, 9.8074829999999995]
  #600 objects/spaceships/derelicts/metal_plate_edge_trim/derelicts_metal_plate_edge_trim_rust_04x01_c.cgf
    [0.30204767451942677, -0.11898408816410687, -1.0036588759883434, -9.0238490000000411]
    [0.33913760478423194, 0.99871916179009812, -0.016336191830420999, -82.247428000000014]
    [0.95208930127779656, -0.31799995739946613, 0.32422698801197469, 40.917763999999998]
  #601 objects/spaceships/derelicts/metal_plate_edge_trim/derelicts_metal_plate_edge_trim_rust_01x01_c.cgf
    [-0.7430217882265111, -0.054535212992434544, 1.5173879570434854, 10.552065999999968]
    [0.46597974421591426, -1.6159985497404521, 0.17009775022992565, -55.436732000000006]
    [1.4450962527171691, 0.49304794614386221, 0.72534283108208231, 36.958517000000001]
  #602 objects/spaceships/derelicts/metal_plate_edge_trim/derelicts_metal_plate_edge_trim_rust_02x01_b.cgf
    [-0.45563734290681557, 0.096237973221443604, 0.66701729798136933, 12.843968000000018]
    [-0.17169122259810304, 0.76201675748816944, -0.22722631215883912, -42.933122000000026]
    [-0.65168700108173616, -0.26804463315792448, -0.40649149905459053, 9.0099470000000004]
  #603 objects/spaceships/derelicts/metal_plate_edge_trim/derelicts_metal_plate_edge_trim_rust_04x0025_b.cgf
    [0.20865520120809253, -0.0073993082057933167, 0.69407526410240183, 10.863273000000049]
    [0.050488254298395728, 0.72299885608097492, -0.0074702928613992262, -85.154331999999954]
    [-0.69227607078292375, 0.050498706276599074, 0.20865267186805642, 39.366070000000001]
  #604 objects/spaceships/derelicts/metal_plate_edge_trim/derelicts_metal_plate_edge_trim_rust_02x01_c.cgf
    [0.81748165271976392, -0.051587767253781072, -1.4238836909515296, -9.0517489999999725]
    [0.42902737354169224, 1.5743229143973627, 0.18927543310405887, -64.290607000000023]
    [1.3586911259884999, -0.46607765350269853, 0.79693937077229271, 39.562781999999999]
  #605 objects/spaceships/derelicts/metal_plate_edge_trim/derelicts_metal_plate_edge_trim_rust_02x01_c.cgf
    [-0.7873256900195581, -0.0056160951344340236, 1.7578982614773628, 10.260017999999945]
    [0.42624424188318838, -1.8692872669976193, 0.1849338803369005, -68.929584999999975]
    [1.705448235652762, 0.46459999280077269, 0.76531871961482145, 39.848269999999999]
  #606 objects/spaceships/derelicts/metal_plate_edge_trim/derelicts_metal_plate_edge_trim_rust_01x01_b.cgf
    [-0.23831094581066403, -0.029422715131508913, 0.83083387956740673, 14.398956999999996]
    [0.11723470830261352, -0.85684770196371673, 0.0032828805355010131, -76.895527000000016]
    [0.82304717651659509, 0.11352998709459684, 0.24009795033334358, 26.331495]
  #607 objects/spaceships/derelicts/metal_plate_edge_trim/derelicts_metal_plate_edge_trim_rust_01x01_c.cgf
    [0.67144606781043659, 0.026898284830022583, 1.4989388843110185, 9.6460769999999911]
    [-0.40530006671500296, 1.5845085780760702, 0.15311936692861799, -59.627835000000005]
    [-1.4433548255876558, -0.43242359658211255, 0.65430711380533968, 39.798377000000002]
  #608 objects/spaceships/derelicts/metal_plate_edge_trim/derelicts_metal_plate_edge_trim_rust_04x0025_b.cgf
    [0.35082002078895597, 0.20401420709117576, -1.2378941804172434, -12.18616499999996]
    [1.2146502180286156, -0.37699059308854221, 0.28210180105428134, -33.134780999999975]
    [-0.31405198048883021, -1.2301767277997058, -0.29174485003738354, 8.9292350000000003]
  #609 objects/spaceships/derelicts/metal_plate_edge_trim/derelicts_metal_plate_edge_trim_rust_04x0025_b.cgf
    [-0.054575813524295823, -0.665565077367959, -1.5008088722331616, -8.3873879999999872]
    [1.5912065325651896, -0.3912433560359081, 0.11564198929046351, -58.641971000000012]
    [-0.40430918108232122, -1.4499429046529289, 0.65770990713733368, 40.241325000000003]
  #610 objects/spaceships/derelicts/metal_plate_edge_trim/derelicts_metal_plate_edge_trim_rust_01x01_c.cgf
    [0.48921530885966807, 0.058358720240933595, 1.6908522561316133, 11.995237999999972]
    [-0.45315513856097611, 1.7003304487819408, 0.072425796902573919, -58.143680000000018]
    [-1.6300421812607515, -0.45518055256461781, 0.48733136836637864, 34.459726000000003]
  #611 objects/spaceships/derelicts/metal_plate_edge_trim/derelicts_metal_plate_edge_trim_rust_01x01_c.cgf
    [-0.67504509298046933, 0.082627839115787804, -1.3332494453992036, -9.5718530000000328]
    [-0.42302171539569511, -1.4301599485504852, 0.12554867931203403, -59.928970000000049]
    [-1.2670572488084002, 0.43345412995652483, 0.66839416999025314, 37.572690999999999]
  #612 objects/spaceships/derelicts/metal_plate_edge_trim/derelicts_metal_plate_edge_trim_rust_02x01_c.cgf
    [0.066378203184456863, -0.10365176547704948, -1.0373473355331249, -8.4305219999999963]
    [0.39012124124263431, 0.96639446457045364, -0.071598916619406178, -66.250852000000009]
    [0.96676708681847934, -0.38285414878678942, 0.10011667934681834, 13.699473000000001]
  #613 objects/spaceships/derelicts/metal_plate_edge_trim/derelicts_metal_plate_edge_trim_rust_02x01_c.cgf
    [-0.29408846664261074, 0.099237290712764242, -1.1040368047620757, -8.8362540000000536]
    [-0.32975055361102079, -1.0983530109569968, -0.010888896380726296, -73.939596000000051]
    [-1.0583051915825079, 0.31465211870120185, 0.31018945503646844, 41.319409]
  #614 objects/spaceships/derelicts/metal_plate_edge_trim/derelicts_metal_plate_edge_trim_rust_02x0025_b.cgf
    [-0.063313060878848054, 0.13742717808264232, 1.0239301975469293, 14.725389999999948]
    [0.9780976835871098, 0.33826822063189932, 0.015078284854690578, -55.266611000000012]
    [-0.33263222947541016, 0.96851236648628847, -0.15055702666912579, 18.824623000000003]
  #615 objects/spaceships/derelicts/metal_plate_edge_trim/derelicts_metal_plate_edge_trim_rust_02x01_c.cgf
    [-0.554551392713306, 0.11433375967456184, -1.1938207396427458, -7.4995040000000017]
    [-0.37631715072014765, -1.2654320793180864, 0.053614073425864363, -73.22533599999997]
    [-1.138712241559009, 0.3625146316966032, 0.56367099170728507, 44.379249999999999]
  #616 objects/spaceships/derelicts/metal_plate_edge_trim/derelicts_metal_plate_edge_trim_rust_01x01_b.cgf
    [0.58641306521130609, 0.029306248248425645, 1.6017307096058337, 8.7337059999999838]
    [-0.44542955222409625, 1.6413932759033192, 0.13304522973837124, -77.07158400000003]
    [-1.5388283322990408, -0.4639500651625092, 0.57187245613054472, 44.912072999999999]
  #617 objects/spaceships/derelicts/metal_plate_edge_trim/derelicts_metal_plate_edge_trim_rust_01x01_c.cgf
    [0.91599719372015942, -0.20013083154564737, 1.3329435863038865, 12.758871999999997]
    [0.37054115549642058, -1.5121294510095238, -0.48166958423803291, -47.595053000000007]
    [1.2959514674891173, 0.57380657591344297, -0.8044237815096712, 11.409431]
  #618 objects/spaceships/derelicts/metal_plate_edge_trim/derelicts_metal_plate_edge_trim_rust_04x0025_b.cgf
    [-0.63247577585485759, -0.03377542915025545, 1.2353542506093378, 12.290634999999952]
    [0.35860424157706922, -1.3330476146142058, 0.14715150780864314, -55.603208999999993]
    [1.1826427617990891, 0.38614736657542831, 0.61604611873392279, 34.294365999999997]
  #619 objects/spaceships/derelicts/metal_plate_edge_trim/derelicts_metal_plate_edge_trim_rust_02x0025_a.cgf
    [0.1786643717648248, -0.63094484039568632, 1.3527348845479152, 11.62813600000004]
    [1.3700300025501853, 0.61007242560428487, 0.10360234004385234, -61.154765999999995]
    [-0.59245324845690428, 1.2205016432304729, 0.64751749358414668, 36.627689000000004]
  #620 objects/spaceships/derelicts/metal_plate_edge_trim/derelicts_metal_plate_edge_trim_rust_02x01_c.cgf
    [0.53955447013463831, -0.062513710311574502, -1.1061026862059564, -10.352026000000023]
    [0.29242431841909244, 1.1947111763896765, 0.075122337942500617, -60.093486999999982]
    [1.0685780899897215, -0.29537668100901021, 0.53794388607106836, 35.999766999999999]
  #621 objects/spaceships/derelicts/metal_plate_edge_trim/derelicts_metal_plate_edge_trim_rust_02x01_b.cgf
    [0.29802163285794375, -0.037897439542729304, 1.0111470862779579, 14.503794999999968]
    [0.12997836033233914, 1.0467933470868953, 0.00092412312233882549, -65.470608999999968]
    [-1.0034741012390977, 0.12433427618454136, 0.30042013176826982, 26.982569999999999]
  #622 objects/spaceships/derelicts/metal_plate_edge_trim/derelicts_metal_plate_edge_trim_rust_01x0025_b.cgf
    [-0.10086990763262638, -0.66013539451188097, -1.5008086146567474, -8.2580189999999902]
    [1.5600381082513339, -0.50128642557995751, 0.11564166858855716, -60.154151999999954]
    [-0.50446638908738117, -1.4182077265418453, 0.6577085082612395, 40.802407000000002]
  #623 objects/spaceships/derelicts/metal_plate_edge_trim/derelicts_metal_plate_edge_trim_rust_01x01_c.cgf
    [0.59300421001459391, -0.07544384510815362, -1.4768527435010275, -8.2798279999999522]
    [0.43668566091651856, 1.5291475116168223, 0.097228154935856681, -77.594823000000019]
    [1.4128309995541286, -0.44097154873939937, 0.58982408627276728, 43.425082000000003]
  #624 objects/spaceships/derelicts/metal_plate_edge_trim/derelicts_metal_plate_edge_trim_rust_01x01_b.cgf
    [-0.10692285309922137, -0.050605938967568688, -1.0379048821010561, -7.4855350000000271]
    [0.4899748453823502, 0.9176589515878637, -0.095219227712050311, -78.204470000000015]
    [0.91636900659097953, -0.49656931980816937, -0.070190855868750138, 19.737316]
  #625 objects/spaceships/derelicts/metal_plate_edge_trim/derelicts_metal_plate_edge_trim_rust_04x0025_b.cgf
    [0.1152339754963454, 0.065858060268928376, 0.75767072447919837, 14.694669999999974]
    [0.21330503480279422, -0.73835949429305781, 0.031737978180567249, -53.535769999999957]
    [0.73000217325909234, 0.20535104827788345, -0.12887534268465775, 18.351853999999999]
  #626 objects/spaceships/derelicts/metal_plate_edge_trim/derelicts_metal_plate_edge_trim_rust_02x0025_b.cgf
    [0.31982342802831043, 0.14264880549867925, -1.0063172691698783, -10.824521000000004]
    [0.95940349151898019, -0.39061998878187482, 0.249541815896132, -28.455775000000017]
    [-0.33551165166192298, -0.98100840756302843, -0.24569206121737136, 7.7607669999999995]
  #627 objects/spaceships/derelicts/metal_plate_edge_trim/derelicts_metal_plate_edge_trim_rust_02x01_a.cgf
    [0.13737259590178766, 0.073209539413102404, 0.52743097313821119, 14.439445999999975]
    [-0.25624694328908065, 0.48657082441445659, -0.00079691595132501956, -79.203911999999946]
    [-0.46677679049156001, -0.24556769811795731, 0.15566062986780232, 27.279032000000001]
  #628 objects/spaceships/derelicts/metal_plate_edge_trim/derelicts_metal_plate_edge_trim_rust_01x01_c.cgf
    [-0.62810489239988831, 0.082627039168506486, -1.3559953541890224, -10.240373999999974]
    [-0.42714512828005413, -1.430159692390522, 0.11070988071850164, -55.39387099999999]
    [-1.2896114405395847, 0.43345404681504002, 0.62376783002149461, 35.401610000000005]
  #629 objects/spaceships/derelicts/metal_plate_edge_trim/derelicts_metal_plate_edge_trim_rust_04x0025_b.cgf
    [0.22125167906441753, -0.012440030240607688, 0.78608327534562128, 11.687722000000008]
    [0.071236929120746445, 0.81357715733648983, -0.0071752776276082769, -84.984406000000035]
    [-0.78294761642138799, 0.070508370617964736, 0.22148493229151725, 36.629653000000005]
  #630 objects/spaceships/derelicts/metal_plate_edge_trim/derelicts_metal_plate_edge_trim_rust_01x01_c.cgf
    [0.81748165271976392, -0.051587767253781072, -1.4238836909515296, -9.7782210000000305]
    [0.42902737354169224, 1.5743229143973627, 0.18927543310405887, -64.172022999999967]
    [1.3586911259884999, -0.46607765350269853, 0.79693937077229271, 37.997883000000002]
  #631 objects/spaceships/derelicts/metal_plate_edge_trim/derelicts_metal_plate_edge_trim_rust_02x01_c.cgf
    [0.066378203184456863, -0.10365176547704948, -1.0373473355331249, -8.0673130000000128]
    [0.39012124124263431, 0.96639446457045364, -0.071598916619406178, -69.910648000000037]
    [0.96676708681847934, -0.38285414878678942, 0.10011667934681834, 15.549212000000001]
  #632 objects/spaceships/derelicts/metal_plate_edge_trim/derelicts_metal_plate_edge_trim_rust_04x01_b.cgf
    [0.24415616583448022, 0.058557055617115751, 0.84233361216777658, 12.499099999999999]
    [-0.22615903195064005, 0.8493390327145538, 0.0065096881499730015, -58.344432999999981]
    [-0.81351517208796398, -0.21854371418577687, 0.2509955896778473, 32.682845999999998]
  #633 objects/spaceships/derelicts/metal_plate_edge_trim/derelicts_metal_plate_edge_trim_rust_02x0025_a.cgf
    [-0.10703475348588679, 0.53609601681443764, -1.2565067996709138, -12.790464000000043]
    [1.2891353656805413, -0.37741302298153184, -0.2708396838592359, -53.447632999999996]
    [-0.45203792519571262, -1.2032560767172413, -0.47486971196857708, 15.885978]
  #634 objects/spaceships/derelicts/metal_plate_edge_trim/derelicts_metal_plate_edge_trim_rust_02x01_b.cgf
    [-0.12144330724173719, 0.17128276332727055, -1.2468636719755513, -8.5776620000000321]
    [-0.49596487458481942, -1.1578040915933283, -0.11074207442072238, -61.632942999999955]
    [-1.1567305843122873, 0.47844245093418997, 0.17838849413522112, 14.02046]
  #635 objects/spaceships/derelicts/metal_plate_edge_trim/derelicts_metal_plate_edge_trim_rust_04x01_c.cgf
    [0.7465210534205573, 0.15767814703696076, -1.0690362419082469, -12.708562000000029]
    [-0.28648531992081633, -1.2239591289007858, -0.38058478689610364, -51.273014999999987]
    [-1.0419342810543211, 0.44950664121220246, -0.66129516952446832, 15.165889]
  #636 objects/spaceships/derelicts/metal_plate_edge_trim/derelicts_metal_plate_edge_trim_rust_02x0025_b.cgf
    [-0.060285594608926345, -0.73519760745970819, -1.6578262881269004, -8.5903809999999794]
    [1.757681527377035, -0.43217573841706414, 0.12774058077856792, -52.477349000000004]
    [-0.44660852201523071, -1.6016386876089233, 0.7265206252778964, 38.694229]
  #637 objects/spaceships/derelicts/metal_plate_edge_trim/derelicts_metal_plate_edge_trim_rust_04x0025_a.cgf
    [0.0049725615069786885, 0.054768069828983072, -0.81221079297955912, -14.452758000000017]
    [-0.8139185316401456, 0.015218659093341858, -0.0039568094934235663, -32.079664999999977]
    [0.014917692784942125, 0.81208342614279827, 0.05485081129177416, 22.751194000000002]
  #638 objects/spaceships/derelicts/metal_plate_edge_trim/derelicts_metal_plate_edge_trim_rust_01x01_c.cgf
    [0.66416715337552923, -0.05158685525938693, -1.5015332961961907, -9.221930000000043]
    [0.44645979860149793, 1.5743231913791746, 0.14339312453079495, -59.903545000000008]
    [1.4345511811901521, -0.46607589113194992, 0.65055178356207932, 38.216780999999997]
  #639 objects/spaceships/derelicts/metal_plate_edge_trim/derelicts_metal_plate_edge_trim_rust_02x01_c.cgf
    [0.57857502736570632, -0.081768336418211615, -1.1131113932783507, -12.28427499999998]
    [0.33472676230676707, 1.2087816102547038, 0.085188674620371593, -39.014722000000006]
    [1.0647351920934622, -0.33557868652127576, 0.57808132027272263, 28.424638999999999]
  #640 objects/spaceships/derelicts/metal_plate_edge_trim/derelicts_metal_plate_edge_trim_rust_04x0025_a.cgf
    [0.053403070823614444, -0.2199057416574432, 1.2215835262060082, 14.768097000000012]
    [1.2231503696004522, 0.21719421493156663, -0.014372927041674912, -79.758017999999993]
    [-0.21101663455304392, 1.2033058100381455, 0.22584030232789898, 26.167484000000002]
  #641 objects/spaceships/derelicts/metal_plate_edge_trim/derelicts_metal_plate_edge_trim_rust_04x0025_a.cgf
    [-0.05798332541335554, -0.2330269714064532, -0.72799832063583558, -12.547496000000024]
    [0.73645265485830602, -0.21258991425631957, 0.0093917935505089568, -66.35608400000001]
    [-0.20474523536242195, -0.69867671295891831, 0.23994880629575885, 29.783984]
  #642 objects/spaceships/derelicts/metal_plate_edge_trim/derelicts_metal_plate_edge_trim_rust_02x01_c.cgf
    [-0.2924175678564806, 0.10933441013493844, -0.96517156992212338, -8.949848999999972]
    [-0.30932085010218102, -0.96596688515069651, -0.015709713584787649, -78.515841000000023]
    [-0.92077727182937974, 0.28977951992730105, 0.3117936050173869, 41.205356000000002]
  #643 objects/spaceships/derelicts/metal_plate_edge_trim/derelicts_metal_plate_edge_trim_rust_04x0025_a.cgf
    [-0.0034703478157069117, 0.070852200940997756, -0.85550156420945578, -14.384417999999982]
    [0.85837841300107665, -0.0091397646403568247, -0.004238968393718073, -44.234726000000023]
    [-0.0094583738962929469, -0.85545977952274666, -0.070810372397711333, 22.799733]
  #644 objects/spaceships/derelicts/metal_plate_edge_trim/derelicts_metal_plate_edge_trim_rust_02x01_c.cgf
    [0.76729127031209143, -0.051588785644315772, -1.4515451444018768, -8.7469029999999748]
    [0.43537055215595211, 1.5743228307530885, 0.17418584736730885, -69.029785999999945]
    [1.3856757165211282, -0.46607598554676771, 0.74903710647626176, 40.958089000000001]
  #645 objects/spaceships/derelicts/metal_plate_edge_trim/derelicts_metal_plate_edge_trim_rust_01x01_b.cgf
    [-0.5973217378131932, 0.049243965208204572, -1.4762183269800857, -7.6827630000000227]
    [-0.30175046646321579, -1.5628469363934534, 0.069963453890675514, -77.316741999999977]
    [-1.4458880222930621, 0.30581573010826985, 0.5952506545089109, 44.874234000000001]
  #646 objects/spaceships/derelicts/metal_plate_edge_trim/derelicts_metal_plate_edge_trim_rust_02x01_c.cgf
    [0.32938055599554361, -0.052319870714910247, -1.2485052741793141, -9.2192890000000034]
    [0.39311349169991239, 1.2299327033210203, 0.052169599749977584, -78.28589199999999]
    [1.1861553739576836, -0.39309352019964028, 0.32940439037979674, 40.305084000000001]
  #647 objects/spaceships/derelicts/metal_plate_edge_trim/derelicts_metal_plate_edge_trim_rust_01x01_c.cgf
    [-0.062719976122079676, 0.10590358904531763, -1.0373470135661154, -7.93267400000002]
    [-0.42360951434548433, -0.9521906037563157, -0.071597664809253864, -70.09522400000003]
    [-0.95281654901833057, 0.41636003179637193, 0.10011563300152197, 17.240427]
  #648 objects/spaceships/derelicts/metal_plate_edge_trim/derelicts_metal_plate_edge_trim_rust_01x0025_b.cgf
    [0.65555617261844523, 0.046158368556588961, 2.2582504820103795, 12.323077000000012]
    [-0.51840951887874442, 2.2917435213851465, 0.10364812044210285, -58.985043000000019]
    [-2.1984261200285595, -0.5266505170864888, 0.64895420298721396, 34.307491999999996]
  #649 objects/spaceships/derelicts/metal_plate_edge_trim/derelicts_metal_plate_edge_trim_rust_02x01_b.cgf
    [-0.20745697366375632, -0.026352157534961586, 0.73671658919617256, 15.091313000000014]
    [0.10384184228672931, -0.75874674367475559, 0.0021013516523454242, -71.836832999999956]
    [0.72983740709427036, 0.10046445979310965, 0.20911340571494957, 24.966422000000001]
  #650 objects/spaceships/derelicts/metal_plate_edge_trim/derelicts_metal_plate_edge_trim_rust_01x01_b.cgf
    [-0.73791429150885257, 0.090322968650070126, -1.457423265955091, -9.4831960000000208]
    [-0.4624188205959453, -1.5633592235164875, 0.13724098888654768, -55.177693999999974]
    [-1.385066658746654, 0.47382276856029304, 0.73064399761321275, 36.841812000000004]
  #651 objects/spaceships/derelicts/metal_plate_edge_trim/derelicts_metal_plate_edge_trim_rust_01x01_c.cgf
    [-0.91550407668758771, -0.051310288791702081, -0.64309625324091924, -7.0409310000000005]
    [0.26390647828468966, 0.98896193689617151, -0.4545997241419466, -70.16110500000002]
    [0.58869254062521381, -0.52313936263167327, -0.79631623804713803, 14.755967]
  #652 objects/spaceships/derelicts/metal_plate_edge_trim/derelicts_metal_plate_edge_trim_rust_04x01_c.cgf
    [0.12607823846986879, -0.027441632485320035, -0.93951763058454252, -13.905764999999974]
    [-0.25430369766358246, -0.91357341490008548, -0.00744234712594085, -54.113207999999986]
    [-0.90486244851208264, 0.25292828229095765, -0.12881528200637343, 22.181417]
  #653 objects/spaceships/derelicts/metal_plate_edge_trim/derelicts_metal_plate_edge_trim_rust_01x01_c.cgf
    [0.71616640017770727, -0.051587236797769741, -1.4774387828539359, -9.4615599999999631]
    [0.44118400179785355, 1.5743228479379974, 0.15888725513039068, -55.314540999999963]
    [1.4109724577889464, -0.46607643180578134, 0.7002216762576372, 36.899539000000004]
  #654 objects/spaceships/derelicts/metal_plate_edge_trim/derelicts_metal_plate_edge_trim_rust_02x01_c.cgf
    [-0.57705950574404608, 0.091853470744290872, -1.113110712460444, -10.680110000000013]
    [-0.35577171925371076, -1.2027550019967204, 0.08518849923939642, -38.503642000000013]
    [-1.0587157324141492, 0.35410949794608665, 0.57808100890331471, 31.438178000000001]
  #655 objects/spaceships/derelicts/metal_plate_edge_trim/derelicts_metal_plate_edge_trim_rust_01x01_c.cgf
    [-0.8929479358299961, 0.099184736356350375, -1.555783442937489, -7.9265080000000125]
    [-0.49919790234566352, -1.7167127397287911, 0.17707222507811768, -59.631989999999973]
    [-1.4768551680981434, 0.52030328335918408, 0.88081726546146477, 40.651290000000003]
  #656 objects/spaceships/derelicts/metal_plate_edge_trim/derelicts_metal_plate_edge_trim_rust_02x01_b.cgf
    [-0.77555517008423036, 0.094930341537343685, -1.5317660161678328, -8.2553789999999481]
    [-0.48600675029714585, -1.6431057497588355, 0.14424165019339286, -63.380067000000054]
    [-1.4557184950039888, 0.49799241484234336, 0.76791401728205377, 40.913286999999997]
  #657 objects/spaceships/derelicts/metal_plate_edge_trim/derelicts_metal_plate_edge_trim_rust_02x0025_a.cgf
    [0.0039912849148914624, 0.057008124300783086, -0.84519554801852514, -14.432316000000014]
    [-0.8469506300813705, 0.016966111322519437, -0.0028552150990193885, -35.307548999999995]
    [0.016735316889678279, 0.84503467136692012, 0.057076302773600429, 22.819906]
  #658 objects/spaceships/derelicts/metal_plate_edge_trim/derelicts_metal_plate_edge_trim_rust_01x01_c.cgf
    [-0.7014292837438173, 0.18379465717955393, -2.4899166988013497, -12.350776999999994]
    [-0.67632516870344106, -2.5036014489719238, 0.0057213595299793699, -65.920893999999976]
    [-2.4033414050350448, 0.65089783512380772, 0.72508674111877325, 29.272618000000001]
  #659 objects/spaceships/derelicts/metal_plate_edge_trim/derelicts_metal_plate_edge_trim_rust_01x01_c.cgf
    [0.058984175706784325, -0.10802861512607538, -1.0373476969438291, -7.6848489999999856]
    [0.45658145245162396, 0.93682789678289191, -0.071599078981794989, -73.21587199999999]
    [0.93770667232236826, -0.44935828594543364, 0.10011436739462136, 17.576517000000003]
  #660 objects/spaceships/derelicts/metal_plate_edge_trim/derelicts_metal_plate_edge_trim_rust_01x01_b.cgf
    [-0.45645663542867237, -0.05031693295531469, 1.2443572334219011, 9.299635999999964]
    [0.30157171586979586, -1.2903285699023022, 0.058447070239048, -77.620829999999955]
    [1.208309239515607, 0.30303426553799401, 0.45548698526891512, 43.581705999999997]
  #661 objects/spaceships/derelicts/metal_plate_edge_trim/derelicts_metal_plate_edge_trim_rust_04x01_b.cgf
    [-0.33388278322900372, 0.15943829460801592, -1.0995719834757651, -11.660086999999976]
    [-0.3607591125862013, -1.101495491787754, -0.050173437458055081, -50.952235999999971]
    [-1.0508720090088788, 0.32748120763309202, 0.3665800170466213, 31.575710000000001]
  #662 objects/spaceships/derelicts/metal_plate_edge_trim/derelicts_metal_plate_edge_trim_rust_02x01_a.cgf
    [-0.19122071141310354, -0.13104875320970444, -0.69625972821456061, -13.982262999999989]
    [0.27178173799941968, -0.67956916760883224, 0.053265172955869647, -32.478246000000013]
    [-0.65428286829264193, -0.24398507340037404, 0.22561462173612071, 24.542933000000001]
  #663 objects/spaceships/derelicts/metal_plate_edge_trim/derelicts_metal_plate_edge_trim_rust_02x0025_b.cgf
    [-0.6079862907390069, -0.35012023186175967, -1.3295390040738333, -11.439497999999958]
    [0.48085187482684399, -1.416076244596022, 0.1530196516970487, -34.632851999999957]
    [-1.2880371169295095, -0.36338596914444088, 0.68470175454720617, 29.852319999999999]
  #664 objects/spaceships/derelicts/metal_plate_edge_trim/derelicts_metal_plate_edge_trim_rust_02x01_b.cgf
    [0.12441295849784306, -0.059822914610042847, -1.2568588924377775, -8.8973760000000084]
    [0.47568480273354852, 1.1714949365205292, -0.0086731199489533325, -61.772239000000013]
    [1.1649021525693488, -0.47198778951246545, 0.13777569577025386, 11.435686]
  #665 objects/spaceships/derelicts/metal_plate_edge_trim/derelicts_metal_plate_edge_trim_rust_04x0025_b.cgf
    [-0.10109321014991467, 0.28507565941426505, 1.0863629763923388, 14.132444999999962]
    [-1.054340415745135, -0.3999898267805565, 0.0068491899776471675, -71.947763000000009]
    [0.38706451115140333, -1.0150923564319141, 0.30239222431395812, 28.057216]
  #666 objects/spaceships/derelicts/metal_plate_edge_trim/derelicts_metal_plate_edge_trim_rust_01x01_c.cgf
    [-0.63743357510899101, 0.10146350844769229, -1.2295672929635002, -11.92497000000003]
    [-0.39299354521616559, -1.3285906682355724, 0.094101242521654277, -38.790564000000018]
    [-1.1694813572223091, 0.391157419562987, 0.6385619487399995, 29.083456999999999]
  #667 objects/spaceships/derelicts/metal_plate_edge_trim/derelicts_metal_plate_edge_trim_rust_02x0025_b.cgf
    [0.12609754583018995, -0.71369607962830928, -0.61161885023846063, -13.450978999999961]
    [-0.22234165255318691, -0.62223374367764095, 0.68024235451569537, -49.488872000000015]
    [-0.91323814067512132, 0.052946928714715749, -0.25006603980580361, 19.980955999999999]
  #668 objects/spaceships/derelicts/metal_plate_edge_trim/derelicts_metal_plate_edge_trim_rust_04x0025_b.cgf
    [0.11847079129112523, -0.81401564651360614, -1.2527169246148018, -10.412976999999955]
    [-1.3909981689700455, 0.39834138097462335, -0.39039048720439878, -47.881261999999992]
    [0.5450185867539864, 1.193590870360838, -0.7240525316980958, 9.0477850000000011]
  #669 objects/spaceships/derelicts/metal_plate_edge_trim/derelicts_metal_plate_edge_trim_rust_01x01_c.cgf
    [-0.5770580426015236, 0.033468650429649305, -1.1163945730762559, -11.563453999999979]
    [-0.35577059473055811, -1.1966494861548336, 0.148021177867346, -34.155754000000002]
    [-1.0587182237407469, 0.38387867173182394, 0.55875385098936703, 28.888444]
  #670 objects/spaceships/derelicts/metal_plate_edge_trim/derelicts_metal_plate_edge_trim_rust_02x0025_b.cgf
    [0.042193456325046445, -1.7877431556544767, -0.19717018618347915, -13.637518999999998]
    [-1.797146148367559, -0.04978818212371245, 0.066849225830761971, -41.25788]
    [-0.071884590258987593, 0.19539065227665703, -1.786991063030789, 20.550103]
  #671 objects/spaceships/derelicts/metal_plate_edge_trim/derelicts_metal_plate_edge_trim_rust_01x01_c.cgf
    [0.57655573933433035, -0.040092954081043908, -1.1383677383191502, -9.3167670000000271]
    [0.34067806955130653, 1.2235545373265289, 0.12945199993285988, -68.892890999999963]
    [1.0869346831983957, -0.36223186275212915, 0.56326383271046598, 39.776940000000003]
  #672 objects/spaceships/derelicts/metal_plate_edge_trim/derelicts_metal_plate_edge_trim_rust_01x01_a.cgf
    [0.46972986101807285, -0.12275612561157766, -0.94339227506187651, -11.237617999999998]
    [0.43053902037279246, 0.96564434990594572, 0.08872054319494492, -40.827257000000031]
    [0.84834792565198425, -0.42209728318623951, 0.47732994241134441, 31.394192]
  #673 objects/spaceships/derelicts/metal_plate_edge_trim/derelicts_metal_plate_edge_trim_rust_01x0025_a.cgf
    [0.12014377585790338, 0.067290380477838613, -0.8785229394009364, -14.260775999999964]
    [0.48305937674200533, -0.74655198810951384, 0.0088794609783249216, -53.59221100000002]
    [-0.73687460866835341, -0.47843203381545002, -0.1374178931397976, 22.458515999999999]
  #674 objects/spaceships/derelicts/metal_plate_edge_trim/derelicts_metal_plate_edge_trim_rust_04x0025_b.cgf
    [0.12654892174039933, 0.5225678706243575, -1.260384960005877, -13.016612000000009]
    [1.1212141493524561, -0.76113855437104405, -0.20299997229890193, -51.426207999999974]
    [-0.77751286684513443, -1.0125477658128685, -0.49787831871771465, 15.265249000000001]
  #675 objects/spaceships/derelicts/metal_plate_edge_trim/derelicts_metal_plate_edge_trim_rust_02x01_c.cgf
    [0.51859078648956103, -0.073290881423745818, -0.99770808507620101, -11.289531000000011]
    [0.30002334373161677, 1.0834597543520732, 0.076356624294139169, -39.02368899999999]
    [0.95434740505876037, -0.30078694711976212, 0.51814826358691457, 30.341363000000001]
  #676 objects/spaceships/derelicts/metal_plate_edge_trim/derelicts_metal_plate_edge_trim_rust_04x0025_b.cgf
    [-0.11442741409151924, -0.57158535179027403, -0.87933029430660259, -13.114926999999966]
    [0.96823655531669073, -0.39751083302554935, 0.13239457896010093, -39.328265999999985]
    [-0.40305031176643019, -0.79265410943761738, 0.56769280684086609, 27.463843000000001]
  #677 objects/spaceships/derelicts/metal_plate_edge_trim/derelicts_metal_plate_edge_trim_rust_02x01_c.cgf
    [-0.10033168181021708, 0.12351062509784534, -1.0324323666060466, -8.1851319999999532]
    [-0.40975218578453076, -0.95799174250871955, -0.074785560321467145, -66.244890000000055]
    [-0.95565402336442984, 0.39778745489989492, 0.14045796828350945, 15.956678]
  #678 objects/spaceships/derelicts/metal_plate_edge_trim/derelicts_metal_plate_edge_trim_rust_02x01_b.cgf
    [0.78135302320761002, 0.15822143764965035, -1.1145036420058803, -12.167236000000003]
    [-0.3382226810687845, -1.2609915164524295, -0.41613789985725963, -43.800292000000013]
    [-1.0736655947672611, 0.51237809316465233, -0.679982219260168, 10.025455000000001]
  #679 objects/spaceships/derelicts/metal_plate_edge_trim/derelicts_metal_plate_edge_trim_rust_01x0025_a.cgf
    [-0.22663665628832114, -0.28516598709968199, -0.79719056453055126, -12.989500000000021]
    [-0.26485749908054812, -0.75995879943604505, 0.34714512626443145, -51.135404999999992]
    [-0.80416599129525024, 0.33066537966623383, 0.11033619298733574, 28.667466000000001]
  #680 objects/spaceships/derelicts/metal_plate_edge_trim/derelicts_metal_plate_edge_trim_rust_04x01_c.cgf
    [0.33214256833251199, -0.057696642496708979, -1.0861913695478789, -12.402519999999981]
    [0.2774083101825936, 1.1026397694054515, 0.02625733995167014, -56.378606999999988]
    [1.0517534042147558, -0.27260945674041936, 0.33609245804179083, 29.277107999999998]
  #681 objects/spaceships/derelicts/metal_plate_edge_trim/derelicts_metal_plate_edge_trim_rust_01x01_c.cgf
    [-0.57706101817788458, 0.072411344997164673, -1.114544832399351, -10.702479000000039]
    [-0.35576991252115608, -1.2010866732570886, 0.10616768661792265, -34.572660000000042]
    [-1.0587168439469947, 0.36414338584246464, 0.57181399414756717, 30.615722999999999]
  #682 objects/spaceships/derelicts/metal_plate_edge_trim/derelicts_metal_plate_edge_trim_rust_01x01_b.cgf
    [-0.10066759180044224, -0.011379192112587689, -0.77690841252164966, -14.304206000000022]
    [0.044750376919059101, 0.78201655082206623, -0.017252521697025326, -54.113286000000016]
    [0.77570198609108065, -0.046591412579669762, -0.099828856284790268, 22.721122999999999]
  #683 objects/spaceships/derelicts/metal_plate_edge_trim/derelicts_metal_plate_edge_trim_rust_02x01_b.cgf
    [-0.32647295419717409, 0.067506786797542212, -1.1447803344396681, -13.449338000000012]
    [-0.25028177539783214, -1.1657683630036211, 0.0026319060247601118, -67.790058000000045]
    [-1.1191238596720368, 0.24102018123361627, 0.33336890850323175, 26.737449999999999]
  #684 objects/spaceships/derelicts/metal_plate_edge_trim/derelicts_metal_plate_edge_trim_rust_02x0025_b.cgf
    [0.17414055547682994, 0.89644078792352322, -1.6692332755230372, -12.621163000000024]
    [1.5428783142856133, -1.0400570916828036, -0.39759087109186325, -47.20729300000005]
    [-1.099760120059597, -1.317173453731685, -0.82210249880361008, 12.297304]
  #685 objects/spaceships/derelicts/metal_plate_edge_trim/derelicts_metal_plate_edge_trim_rust_01x01_c.cgf
    [-0.17582609947654429, 0.077110562518888814, -1.3788056069771024, -11.960602999999992]
    [0.30173039737622337, 1.3584985911016738, 0.037498042809784991, -37.63144299999999]
    [1.3475940442071794, -0.29411102846271958, -0.1882943251788291, 9.0190950000000001]
  #686 objects/spaceships/derelicts/metal_plate_edge_trim/derelicts_metal_plate_edge_trim_rust_02x01_b.cgf
    [-0.67651978179587424, -0.14353981137687116, -0.96893137852219413, -9.7764479999999594]
    [0.25863900194134903, 1.1096019148911516, -0.34496400687729289, -55.487062000000037]
    [0.94474206025232621, -0.4065594936979659, -0.59940180727989789, 12.065245000000001]
  #687 objects/spaceships/derelicts/metal_plate_edge_trim/derelicts_metal_plate_edge_trim_rust_02x01_c.cgf
    [-0.9200750654800226, -0.20096839070233236, -1.3964124227616159, -9.8699480000000221]
    [0.37974275693333692, 1.5703245179887089, -0.4762041803498982, -51.800688000000036]
    [1.3587315360515926, -0.57496668491710412, -0.81249984541342224, 10.843743]
  #688 objects/spaceships/derelicts/metal_plate_edge_trim/derelicts_metal_plate_edge_trim_rust_02x01_a.cgf
    [-0.21498571736385783, 0.091667672090875313, -0.79857056115632497, -13.383503000000019]
    [-0.32851617167951702, -0.76446936758106021, 0.00068767564185515085, -50.643554999999992]
    [-0.73361776709477389, 0.31546851799536835, 0.23371210469127277, 26.770240000000001]
  #689 objects/spaceships/derelicts/metal_plate_edge_trim/derelicts_metal_plate_edge_trim_rust_04x0025_b.cgf
    [-0.017314308291822317, 0.18786808292864934, -1.3361244093342508, -14.246618000000012]
    [1.3489695848414955, -0.025669221247629419, -0.021090029085196492, -58.96575299999995]
    [-0.028353359142258883, -1.3359900125266526, -0.18748176585496465, 22.528597000000001]
  #690 objects/spaceships/derelicts/metal_plate_edge_trim/derelicts_metal_plate_edge_trim_rust_04x0025_a.cgf
    [-0.11458218705536506, 0.26582817778176659, -0.95718722480995633, -12.907119999999964]
    [-0.91471501870446525, -0.40409168106140603, -0.0027255982843852893, -63.597448999999983]
    [-0.38751572613076019, 0.87524075215151143, 0.28945857874168696, 28.540023000000001]
  #691 objects/spaceships/derelicts/metal_plate_edge_trim/derelicts_metal_plate_edge_trim_rust_04x01_c.cgf
    [0.59975166534897173, 0.12667775771174314, -0.8588584440268191, -12.425952000000052]
    [-0.23016067155904252, -0.98332300964432562, -0.30575981625358417, -47.425879000000009]
    [-0.83708490993598406, 0.36113120284608463, -0.53128170413850584, 12.537552999999999]
  #692 objects/spaceships/derelicts/metal_plate_edge_trim/derelicts_metal_plate_edge_trim_rust_04x01_c.cgf
    [-0.53724149173660907, -0.10309579590735096, -0.81730574947521095, -10.312213000000042]
    [0.22172942538765683, 0.92164743368159718, -0.26200748387740613, -47.565356999999949]
    [0.79338105168718653, -0.32738832684862107, -0.48021791092105059, 9.0182319999999994]
  #693 objects/spaceships/derelicts/metal_plate_edge_trim/derelicts_metal_plate_edge_trim_rust_04x0025_a.cgf
    [0.22914893407731218, -0.29443912452170778, -0.73020281542760679, -12.234542000000033]
    [0.23139956495845332, 0.75209958222050144, -0.23065177965293798, -56.34836800000005]
    [0.75255882895927262, -0.14160368664310674, 0.29326334339772275, 30.864122999999999]
