# IncludedObjects
# Cgfs: 55, Materials: 1, Palettes: 7, Placements: 414

[CGFs]
      0: objects/buildingsets/human/lowtech/alpha/int/roomlg/floor/roomlg_floor_straight_08x04x0025_a.cgf
      1: objects/buildingsets/human/lowtech/alpha/int/hangar/roomsm/ceiling/roomsm_ceiling_alcove_08x04x01_a.cgf
      2: objects/buildingsets/human/lowtech/alpha/int/roomsm/wall/roomsm_wall_straight_08x01x04_b.cgf
      3: objects/buildingsets/human/lowtech/alpha/int/hangar/roomsm/ceiling/roomsm_ceiling_01x04x0025_b.cgf
      4: objects/buildingsets/human/lowtech/alpha/int/roomsm/floor/roomsm_floor_straight_04x02x0025_h.cgf
      5: objects/buildingsets/human/lowtech/alpha/int/roomsm/floor/roomsm_floor_straight_04x02x0025_f.cgf
      6: objects/buildingsets/human/lowtech/alpha/int/hangar/roomsm/ceiling/roomsm_ceiling_08x08x0025_a.cgf
      7: objects/buildingsets/human/lowtech/alpha/int/roomsm/ceiling/roomsm_ceiling_straight_04x01x0025_a.cgf
      8: objects/buildingsets/human/lowtech/alpha/int/roomsm/ceiling/roomsm_ceiling_straight_04x02x0025_b.cgf
      9: objects/buildingsets/human/lowtech/alpha/int/roomsm/floor/roomsm_floor_straight_04x01x0025_a.cgf
     10: objects/buildingsets/human/lowtech/alpha/int/roomsm/trim/roomsm_trim_sml_straight_04x005_a.cgf
     11: objects/buildingsets/human/lowtech/alpha/int/hangar/roomsm/ceiling/roomsm_ceiling_04x04x0025_b.cgf
     12: objects/buildingsets/human/lowtech/alpha/int/hangar/roomsm/ceiling/roomsm_ceiling_02x02x0025_a.cgf
     13: objects/buildingsets/human/lowtech/alpha/int/roomlg/floor/roomlg_floor_straight_08x08x0025_a.cgf
     14: objects/buildingsets/human/lowtech/alpha/ext/understructure/understructure_frame_sm_d.cgf
     15: objects/buildingsets/human/lowtech/alpha/int/hangar/roomsm/addon/roomsm_addon_pillar_beam_01x04x0050_a.cgf
     16: objects/buildingsets/human/lowtech/alpha/int/hangar/roomsm/ceiling/roomsm_ceiling_02x04x0025_a.cgf
     17: objects/buildingsets/human/lowtech/alpha/int/roomsm/trim/roomsm_trim_straight_04x0025x01_a.cgf
     18: objects/buildingsets/human/lowtech/alpha/int/stairs/stairs_04x06x03_a.cgf
     19: objects/buildingsets/human/lowtech/alpha/int/stairs/stairs_base_04x06x0325_a.cgf
     20: objects/buildingsets/human/lowtech/alpha/int/roomsm/floor/roomsm_floor_straight_04x02x0025_c.cgf
     21: objects/buildingsets/human/lowtech/alpha/int/roomsm/wall/roomsm_lg_wall_02x01x04_a.cgf
     22: objects/buildingsets/human/lowtech/alpha/int/roomsm/wall/roomsm_lg_wall_04x01x12_a.cgf
     23: objects/buildingsets/human/lowtech/alpha/int/hangar/roomsm/ceiling/roomsm_ceiling_04x04x0025_c.cgf
     24: objects/buildingsets/human/lowtech/alpha/int/roomlg/fan/roomlg_util_fan_grate_full_a.cgf
     25: objects/buildingsets/human/lowtech/alpha/int/roomsm/trim/roomsm_trim_straight_08x0025x01_a.cgf
     26: objects/buildingsets/human/lowtech/alpha/int/hangar/roomsm/wall/roomsm_wall_cornerin_01x01x08_a.cgf
     27: objects/buildingsets/human/lowtech/alpha/int/hangar/roomsm/wall/roomsm_wall_straight_04x01x04_b.cgf
     28: objects/buildingsets/human/lowtech/alpha/int/roomsm/floor/roomsm_floor_straight_04x02x0025_a.cgf
     29: objects/buildingsets/human/lowtech/alpha/int/roomsm/floor/roomsm_floor_straight_04x04x0025_a.cgf
     30: objects/buildingsets/human/lowtech/alpha/int/hangar/roomsm/ceiling/roomsm_ceiling_04x04x0025_d.cgf
     31: objects/buildingsets/human/lowtech/alpha/int/roomsm/floor/roomsm_floor_straight_04x03x0025_a.cgf
     32: objects/buildingsets/human/lowtech/alpha/int/hangar/roomsm/ceiling/roomsm_ceiling_04x04x0025_a.cgf
     33: objects/buildingsets/human/lowtech/alpha/int/hangar/roomsm/ceiling/roomsm_ceiling_02x02x0025_b.cgf
     34: objects/buildingsets/human/lowtech/alpha/int/roomsm/floor/roomsm_floor_straight_02x02x0025_a.cgf
     35: objects/buildingsets/human/lowtech/alpha/int/roomsm/wall/roomsm_lg_wall_04x01x01_a.cgf
     36: objects/buildingsets/human/lowtech/alpha/int/roomsm/trim/roomsm_trim_sml_straight_02x005_a.cgf
     37: objects/buildingsets/human/lowtech/alpha/int/roomlg/fan/roomlg_util_fan_frame_a.cgf
     38: objects/buildingsets/human/lowtech/alpha/int/roomsm/floor/roomsm_floor_straight_04x01x0025_b.cgf
     39: objects/buildingsets/human/lowtech/alpha/int/roomsm/trim/roomsm_trim_straight_02x0025x01_a.cgf
     40: objects/buildingsets/human/lowtech/alpha/int/roomsm/floor/roomsm_floor_straight_04x02x0025_e.cgf
     41: objects/buildingsets/human/lowtech/alpha/int/roomsm/wall/roomsm_lg_wall_04x01x04_a.cgf
     42: objects/buildingsets/human/lowtech/alpha/int/hangar/roomsm/wall/roomsm_wall_straight_04x01x08_a.cgf
     43: objects/buildingsets/human/lowtech/alpha/int/roomsm/wall/roomsm_lg_wall_02x01x12_a.cgf
     44: objects/buildingsets/human/lowtech/alpha/int/roomsm/floor/roomsm_floor_straight_04x02x0025_g.cgf
     45: objects/buildingsets/human/lowtech/alpha/int/roomsm/wall/roomsm_wall_straight_engineering_04x01x04_c.cgf
     46: objects/buildingsets/human/lowtech/alpha/int/roomsm/wall/roomsm_wall_straight_engineering_04x01x04_g.cgf
     47: objects/buildingsets/human/utilitarian/int/vents/util_a_vent_straight_01x02x02_a.cgf
     48: objects/buildingsets/human/lowtech/alpha/int/roomsm/ceiling/roomsm_ceiling_straight_02x01x0025_a.cgf
     49: objects/buildingsets/human/utilitarian/int/vents/util_a_vent_straight_005x02x02_a.cgf
     50: objects/buildingsets/human/lowtech/alpha/int/hangar/roomsm/wall/roomsm_wall_cornerout_01x01x04_a.cgf
     51: objects/buildingsets/human/lowtech/alpha/int/roomsm/wall/roomsm_wall_straight_engineering_04x01x04_d.cgf
     52: objects/buildingsets/human/lowtech/alpha/int/roomsm/floor/roomsm_floor_straight_04x02x0025_i.cgf
     53: objects/buildingsets/human/lowtech/alpha/int/roomsm/floor/roomsm_floor_straight_02x01x0025_a.cgf
     54: objects/buildingsets/human/lowtech/alpha/int/roomsm/pillar/roomsm_pillar_mid_01x04x02_a.cgf

[Materials]
      0: objects/buildingsets/human/utilitarian/util_a_default

[Palettes]
      0: Libs/Foundry/Records/TintPalettes/Generic/gen_matte_dark_a
      1: Libs/Foundry/Records/TintPalettes/Generic/gen_midgrey_darkgrey_yellow
      2: Libs/Foundry/Records/TintPalettes/generic/gen_glossy_dark_a
      3: Libs/Foundry/Records/TintPalettes/generic/gen_midgrey_darkgrey_yellow<333>
      4: Libs/Foundry/Records/TintPalettes/Generic/gen_grey_darkgrey_blue_a<222>
      5: Libs/Foundry/Records/TintPalettes/generic/gen_darkgrey_white_lightteal
      6: Libs/Foundry/Records/TintPalettes/Generic/gen_grey_darkgrey_yellow

[Placements]
  #0 objects/buildingsets/human/lowtech/alpha/int/roomlg/floor/roomlg_floor_straight_08x04x0025_a.cgf
    [1.00000042674751533, -0.00000000000000000, 0.00000000000000000, -4.00000000000000000]
    [0.00000000000000000, -0.00000064012100026, 1.00000042674731060, 32.75000000000000000]
    [-0.00000000000000000, -1.00000042674731060, -0.00000064012100026, -3.23723299999999981]
  #1 objects/buildingsets/human/lowtech/alpha/int/hangar/roomsm/ceiling/roomsm_ceiling_alcove_08x04x01_a.cgf
    [0.00000120256342034, 0.99999602202072235, -0.00000056998214367, -3.50000100000000014]
    [-0.64278563606008710, 0.00000120962494281, 0.76604090630488286, 38.71540300000015122]
    [0.76604090630489408, -0.00000055483864490, 0.64278563606097250, 0.25671499999999980]
  #2 objects/buildingsets/human/lowtech/alpha/int/hangar/roomsm/ceiling/roomsm_ceiling_alcove_08x04x01_a.cgf
    [0.00000120256342034, 0.99999602202072235, -0.00000056998214367, -3.50000000000000000]
    [-0.64278563606008710, 0.00000120962494281, 0.76604090630488286, 49.00000000000000000]
    [0.76604090630489408, -0.00000055483864490, 0.64278563606097250, -12.00000000000000000]
  #3 objects/buildingsets/human/lowtech/alpha/int/hangar/roomsm/ceiling/roomsm_ceiling_alcove_08x04x01_a.cgf
    [0.00000120256342034, 0.99999602202072235, -0.00000056998214367, -3.50000199999999984]
    [-0.64278563606008710, 0.00000120962494281, 0.76604090630488286, 33.57310500000039610]
    [0.76604090630489408, -0.00000055483864490, 0.64278563606097250, 6.38507299999999844]
  #4 objects/buildingsets/human/lowtech/alpha/int/roomsm/wall/roomsm_wall_straight_08x01x04_b.cgf
    [1.00000000000000000, 0.00000000000000000, 0.00000000000000000, -5.00000000000000000]
    [0.00000000000000000, 1.00000000000000000, 0.00000000000000000, 2.00000000000000000]
    [0.00000000000000000, 0.00000000000000000, 1.00000000000000000, -4.00000000000000000]
  #5 objects/buildingsets/human/lowtech/alpha/int/hangar/roomsm/ceiling/roomsm_ceiling_01x04x0025_b.cgf
    [0.00000000000000000, -1.00000000000000000, 0.00000000000000000, 3.99999899999999986]
    [0.00000000000000000, 0.00000000000000000, -1.00000000000000000, 22.92833499999960623]
    [1.00000000000000000, 0.00000000000000000, 0.00000000000000000, 8.31307100000000077]
  #6 objects/buildingsets/human/lowtech/alpha/int/roomsm/floor/roomsm_floor_straight_04x02x0025_h.cgf
    [1.00000000000000000, 0.00000000000000000, 0.00000000000000000, -4.00000000000000000]
    [0.00000000000000000, 1.00000000000000000, 0.00000000000000000, 31.00000000000000000]
    [0.00000000000000000, 0.00000000000000000, 1.00000000000000000, -3.00000000000000000]
  #7 objects/buildingsets/human/lowtech/alpha/int/roomsm/floor/roomsm_floor_straight_04x02x0025_f.cgf
    [1.00000000000000000, 0.00000000000000000, 0.00000000000000000, -2.00000000000000000]
    [0.00000000000000000, 1.00000000000000000, 0.00000000000000000, 1.00000000000000000]
    [0.00000000000000000, 0.00000000000000000, 1.00000000000000000, 0.00000000000000000]
  #8 objects/buildingsets/human/lowtech/alpha/int/hangar/roomsm/ceiling/roomsm_ceiling_08x08x0025_a.cgf
    [0.00000101618486603, -1.00000021762892555, -0.00000017604062517, 7.99999799999999972]
    [0.96592599551475056, 0.00000102712185817, -0.25881925439724424, 3.00000400000044465]
    [0.25881925439728742, 0.00000009296597295, 0.96592599551528080, 6.00000000000000000]
  #9 objects/buildingsets/human/lowtech/alpha/int/roomsm/ceiling/roomsm_ceiling_straight_04x01x0025_a.cgf
    [-1.00000000000000000, 0.00000000000000000, 0.00000000000000000, 3.00000000000000000]
    [0.00000000000000000, 1.00000000000000000, 0.00000000000000000, 2.00000000000000000]
    [0.00000000000000000, 0.00000000000000000, -1.00000000000000000, 4.00000000000000000]
  #10 objects/buildingsets/human/lowtech/alpha/int/hangar/roomsm/ceiling/roomsm_ceiling_01x04x0025_b.cgf
    [-0.00000064012100026, 1.00000042674731060, 0.00000000000000000, -4.00000200000000028]
    [-1.00000042674731060, -0.00000064012100026, -0.00000000000000000, 3.00002399999993941]
    [-0.00000000000000000, 0.00000000000000000, 1.00000042674751533, 6.00000100000000103]
  #11 objects/buildingsets/human/lowtech/alpha/int/roomlg/floor/roomlg_floor_straight_08x04x0025_a.cgf
    [1.00000003756446532, -0.00000000000000000, 0.00000000000000000, -4.00000000000000000]
    [0.00000000000000000, 0.64278803720613709, 0.76604413342418709, 20.29440799999974843]
    [-0.00000000000000000, -0.76604413342418709, 0.64278803720613709, 11.53960000000000008]
  #12 objects/buildingsets/human/lowtech/alpha/int/hangar/roomsm/ceiling/roomsm_ceiling_alcove_08x04x01_a.cgf
    [0.00000120256342034, -0.99999602202072235, 0.00000056998214367, 3.49999599999999988]
    [0.64278563606008710, 0.00000120962494281, 0.76604090630488286, 23.28850799999963783]
    [-0.76604090630489408, -0.00000055483864490, 0.64278563606097250, 18.64178899999999928]
  #13 objects/buildingsets/human/lowtech/alpha/int/roomsm/ceiling/roomsm_ceiling_straight_04x01x0025_a.cgf
    [-1.00000000000000000, 0.00000000000000000, 0.00000000000000000, 2.00000000000000000]
    [0.00000000000000000, -1.00000000000000000, 0.00000000000000000, 1.00000000000000000]
    [0.00000000000000000, 0.00000000000000000, 1.00000000000000000, 4.00000000000000000]
  #14 objects/buildingsets/human/lowtech/alpha/int/hangar/roomsm/ceiling/roomsm_ceiling_alcove_08x04x01_a.cgf
    [0.00000120256342034, 0.99999602202072235, -0.00000056998214367, -3.50000299999999998]
    [-0.64278563606008710, 0.00000120962494281, 0.76604090630488286, 28.43080699999973149]
    [0.76604090630489408, -0.00000055483864490, 0.64278563606097250, 12.51343100000000064]
  #15 objects/buildingsets/human/lowtech/alpha/int/roomsm/ceiling/roomsm_ceiling_straight_04x02x0025_b.cgf
    [-0.00000064012100026, 1.00000042674731060, 0.00000000000000000, -2.00000000000000000]
    [-1.00000042674731060, -0.00000064012100026, -0.00000000000000000, 3.00000000000000000]
    [-0.00000000000000000, 0.00000000000000000, 1.00000042674751533, 4.00000000000000000]
  #16 objects/buildingsets/human/lowtech/alpha/int/roomlg/floor/roomlg_floor_straight_08x04x0025_a.cgf
    [-0.00000000865072385, 0.99999953094619398, -0.00000129873202587, -0.00366200000000000]
    [-0.64278682194753012, 0.00000098932640749, 0.76604449180443168, 43.38174799999978859]
    [0.76604449180507050, 0.00000084143506557, 0.64278682194697956, -16.97830400000000139]
  #17 objects/buildingsets/human/lowtech/alpha/int/roomlg/floor/roomlg_floor_straight_08x04x0025_a.cgf
    [1.00000000000000000, 0.00000000000000000, 0.00000000000000000, 0.00000000000000000]
    [0.00000000000000000, 1.00000000000000000, 0.00000000000000000, 3.00000000000000000]
    [0.00000000000000000, 0.00000000000000000, 1.00000000000000000, -3.00000000000000000]
  #18 objects/buildingsets/human/lowtech/alpha/int/hangar/roomsm/ceiling/roomsm_ceiling_08x08x0025_a.cgf
    [0.00000101618486603, -1.00000021762892555, -0.00000017604062517, -0.00000200000000000]
    [0.96592599551475056, 0.00000102712185817, -0.25881925439724424, 3.00002099999983329]
    [0.25881925439728742, 0.00000009296597295, 0.96592599551528080, 6.00000000000000000]
  #19 objects/buildingsets/human/lowtech/alpha/int/roomlg/floor/roomlg_floor_straight_08x04x0025_a.cgf
    [-0.00000011813516607, 1.00000014830072903, 0.00000000000000000, 0.00000000000000000]
    [0.76604418012595465, 0.00000009049674320, 0.64278815382413490, 17.87500000000000000]
    [0.64278815382413046, 0.00000007593587414, -0.76604418012595987, 13.50000000000000000]
  #20 objects/buildingsets/human/lowtech/alpha/int/roomlg/floor/roomlg_floor_straight_08x04x0025_a.cgf
    [-0.00000064012100026, -1.00000042674731060, 0.00000000000000000, 2.00000000000000000]
    [1.00000042674731060, -0.00000064012100026, 0.00000000000000000, 21.00000000000000000]
    [0.00000000000000000, 0.00000000000000000, 1.00000042674751533, -3.00000000000000000]
  #21 objects/buildingsets/human/lowtech/alpha/int/hangar/roomsm/ceiling/roomsm_ceiling_alcove_08x04x01_a.cgf
    [0.00000120256342034, -0.99999602202072235, 0.00000056998214367, 3.49999899999999986]
    [0.64278563606008710, 0.00000120962494281, 0.76604090630488286, 38.71540300000015122]
    [-0.76604090630489408, -0.00000055483864490, 0.64278563606097250, 0.25671600000000083]
  #22 objects/buildingsets/human/lowtech/alpha/int/hangar/roomsm/ceiling/roomsm_ceiling_alcove_08x04x01_a.cgf
    [0.00000120256342034, -0.99999602202072235, 0.00000056998214367, 3.49999899999999986]
    [0.64278563606008710, 0.00000120962494281, 0.76604090630488286, 43.85770099999990634]
    [-0.76604090630489408, -0.00000055483864490, 0.64278563606097250, -5.87164200000000136]
  #23 objects/buildingsets/human/lowtech/alpha/int/roomlg/floor/roomlg_floor_straight_08x04x0025_a.cgf
    [1.00000000000000000, 0.00000000000000000, 0.00000000000000000, -4.00000000000000000]
    [0.00000000000000000, 1.00000000000000000, 0.00000000000000000, 3.00000000000000000]
    [0.00000000000000000, 0.00000000000000000, 1.00000000000000000, 0.00000000000000000]
  #24 objects/buildingsets/human/lowtech/alpha/int/hangar/roomsm/ceiling/roomsm_ceiling_alcove_08x04x01_a.cgf
    [0.00000120256342034, -0.99999602202072235, 0.00000056998214367, 3.49999800000000016]
    [0.64278563606008710, 0.00000120962494281, 0.76604090630488286, 33.57310400000005757]
    [-0.76604090630489408, -0.00000055483864490, 0.64278563606097250, 6.38507299999999844]
  #25 objects/buildingsets/human/lowtech/alpha/int/roomsm/floor/roomsm_floor_straight_04x01x0025_a.cgf
    [1.00000000000000000, 0.00000000000000000, 0.00000000000000000, -2.00000000000000000]
    [0.00000000000000000, 1.00000000000000000, 0.00000000000000000, 0.00000000000000000]
    [0.00000000000000000, 0.00000000000000000, 1.00000000000000000, 0.00000000000000000]
  #26 objects/buildingsets/human/lowtech/alpha/int/roomsm/trim/roomsm_trim_sml_straight_04x005_a.cgf
    [1.00000000000000000, 0.00000000000000000, 0.00000000000000000, -1.00000000000000000]
    [0.00000000000000000, 1.00000000000000000, 0.00000000000000000, 3.00000000000000000]
    [0.00000000000000000, 0.00000000000000000, 1.00000000000000000, 4.00000000000000000]
  #27 objects/buildingsets/human/lowtech/alpha/int/roomsm/trim/roomsm_trim_sml_straight_04x005_a.cgf
    [1.00000000000000000, 0.00000000000000000, 0.00000000000000000, 0.00000000000000000]
    [0.00000000000000000, 1.00000000000000000, 0.00000000000000000, 33.00000000000000000]
    [0.00000000000000000, 0.00000000000000000, 1.00000000000000000, -3.00000000000000000]
  #28 objects/buildingsets/human/lowtech/alpha/int/roomlg/floor/roomlg_floor_straight_08x04x0025_a.cgf
    [-0.00000011813516607, 1.00000014830072903, 0.00000000000000000, -4.00000000000000000]
    [0.76604418012595465, 0.00000009049674320, 0.64278815382413490, 17.87500000000000000]
    [0.64278815382413046, 0.00000007593587414, -0.76604418012595987, 13.50000000000000000]
  #29 objects/buildingsets/human/lowtech/alpha/int/roomsm/floor/roomsm_floor_straight_04x02x0025_h.cgf
    [1.00000000000000000, 0.00000000000000000, 0.00000000000000000, 0.00000000000000000]
    [0.00000000000000000, 1.00000000000000000, 0.00000000000000000, 31.00000000000000000]
    [0.00000000000000000, 0.00000000000000000, 1.00000000000000000, -3.00000000000000000]
  #30 objects/buildingsets/human/lowtech/alpha/int/hangar/roomsm/ceiling/roomsm_ceiling_04x04x0025_b.cgf
    [-0.00000064012100026, -1.00000042674731060, 0.00000000000000000, 0.00002200000000000]
    [1.00000042674731060, -0.00000064012100026, 0.00000000000000000, 2.74428100000022823]
    [0.00000000000000000, 0.00000000000000000, 1.00000042674751533, -0.01081299999999885]
  #31 objects/buildingsets/human/lowtech/alpha/int/roomlg/floor/roomlg_floor_straight_08x04x0025_a.cgf
    [1.00000003756446532, -0.00000000000000000, 0.00000000000000000, -4.00000000000000000]
    [0.00000000000000000, 0.64278803720613709, 0.76604413342418709, 17.72325799999998708]
    [-0.00000000000000000, -0.76604413342418709, 0.64278803720613709, 14.60377800000000015]
  #32 objects/buildingsets/human/lowtech/alpha/int/hangar/roomsm/ceiling/roomsm_ceiling_alcove_08x04x01_a.cgf
    [0.00000120256342034, 0.99999602202072235, -0.00000056998214367, -3.50000000000000000]
    [-0.64278563606008710, 0.00000120962494281, 0.76604090630488286, 43.85770099999990634]
    [0.76604090630489408, -0.00000055483864490, 0.64278563606097250, -5.87164299999999884]
  #33 objects/buildingsets/human/lowtech/alpha/int/roomlg/floor/roomlg_floor_straight_08x04x0025_a.cgf
    [-0.00000064012100026, -1.00000042674731060, 0.00000000000000000, 2.00000000000000000]
    [1.00000042674731060, -0.00000064012100026, 0.00000000000000000, 13.00000000000000000]
    [0.00000000000000000, 0.00000000000000000, 1.00000042674751533, -3.00000000000000000]
  #34 objects/buildingsets/human/lowtech/alpha/int/roomlg/floor/roomlg_floor_straight_08x04x0025_a.cgf
    [-0.00000000865072385, 0.99999953094619398, -0.00000129873202587, -0.00366300000000000]
    [-0.64278682194753012, 0.00000098932640749, 0.76604449180443168, 38.23944800000026589]
    [0.76604449180507050, 0.00000084143506557, 0.64278682194697956, -10.84994700000000023]
  #35 objects/buildingsets/human/lowtech/alpha/int/hangar/roomsm/ceiling/roomsm_ceiling_02x02x0025_a.cgf
    [0.00000000000000000, -1.00000000000000000, 0.00000000000000000, 1.00000000000000000]
    [0.00000000000000000, 0.00000000000000000, -1.00000000000000000, 2.12500000000000000]
    [1.00000000000000000, 0.00000000000000000, 0.00000000000000000, 4.00255599999999845]
  #36 objects/buildingsets/human/lowtech/alpha/int/hangar/roomsm/ceiling/roomsm_ceiling_alcove_08x04x01_a.cgf
    [0.00000120256342034, -0.99999602202072235, 0.00000056998214367, 3.49999700000000002]
    [0.64278563606008710, 0.00000120962494281, 0.76604090630488286, 28.43080600000030245]
    [-0.76604090630489408, -0.00000055483864490, 0.64278563606097250, 12.51343100000000064]
  #37 objects/buildingsets/human/lowtech/alpha/int/roomsm/floor/roomsm_floor_straight_04x02x0025_h.cgf
    [1.00000000000000000, 0.00000000000000000, 0.00000000000000000, -2.00000000000000000]
    [0.00000000000000000, 1.00000000000000000, 0.00000000000000000, 29.00000000000000000]
    [0.00000000000000000, 0.00000000000000000, 1.00000000000000000, -3.00000000000000000]
  #38 objects/buildingsets/human/lowtech/alpha/int/hangar/roomsm/ceiling/roomsm_ceiling_01x04x0025_b.cgf
    [0.00000000000000000, -1.00000000000000000, 0.00000000000000000, 3.99999899999999986]
    [0.00000000000000000, 0.00000000000000000, -1.00000000000000000, 23.17833499999960623]
    [1.00000000000000000, 0.00000000000000000, 0.00000000000000000, 7.81307100000000077]
  #39 objects/buildingsets/human/lowtech/alpha/int/roomlg/floor/roomlg_floor_straight_08x08x0025_a.cgf
    [-1.00000075915584263, -0.00000000000000000, 0.00000000000000000, 4.00002100000000027]
    [0.00000000000000000, -0.76604511188150959, -0.64278799372320827, 49.66421699999955308]
    [0.00000000000000000, -0.64278799372320827, 0.76604511188150948, -12.26055699999999860]
  #40 objects/buildingsets/human/lowtech/alpha/ext/understructure/understructure_frame_sm_d.cgf
    [-0.00000000432536154, 0.50000000339860107, 0.00000000000000003, -10.87499900000000075]
    [-0.32139288877127103, -0.00000000278028086, 0.38302299466984813, 39.12512499999957072]
    [0.38302299466984813, 0.00000000331342581, 0.32139288877127109, -1.15942199999999929]
  #41 objects/buildingsets/human/lowtech/alpha/int/hangar/roomsm/addon/roomsm_addon_pillar_beam_01x04x0050_a.cgf
    [-1.00000085349466716, 0.00000000000000000, 0.00000000000000000, -8.00000000000000000]
    [0.00000000000000000, 0.00000064012127265, 1.00000085349446199, 6.75000000000000000]
    [0.00000000000000000, 1.00000085349446199, -0.00000064012127299, -3.75000000000000000]
  #42 objects/buildingsets/human/lowtech/alpha/int/hangar/roomsm/ceiling/roomsm_ceiling_02x04x0025_a.cgf
    [1.00000000000000000, 0.00000000000000000, 0.00000000000000000, -10.00000000000000000]
    [0.00000000000000000, 1.00000000000000000, 0.00000000000000000, 29.00000000000000000]
    [0.00000000000000000, 0.00000000000000000, 1.00000000000000000, 8.00000000000000000]
  #43 objects/buildingsets/human/lowtech/alpha/int/roomsm/trim/roomsm_trim_sml_straight_04x005_a.cgf
    [-1.00000000000000000, 0.00000000000000000, 0.00000000000000000, -4.25000000000000000]
    [0.00000000000000000, -1.00000000000000000, 0.00000000000000000, 36.75000000000000000]
    [0.00000000000000000, 0.00000000000000000, 1.00000000000000000, -3.00000000000000000]
  #44 objects/buildingsets/human/lowtech/alpha/int/hangar/roomsm/ceiling/roomsm_ceiling_02x04x0025_a.cgf
    [1.00000000000000000, 0.00000000000000000, 0.00000000000000000, -10.00000000000000000]
    [0.00000000000000000, 1.00000000000000000, 0.00000000000000000, 13.00000000000000000]
    [0.00000000000000000, 0.00000000000000000, 1.00000000000000000, 9.00000000000000000]
  #45 objects/buildingsets/human/lowtech/alpha/int/roomsm/trim/roomsm_trim_straight_04x0025x01_a.cgf
    [-0.00000064012100026, 1.00000042674731060, 0.00000000000000000, -12.00000000000000000]
    [-1.00000042674731060, -0.00000064012100026, -0.00000000000000000, 13.00000000000000000]
    [-0.00000000000000000, 0.00000000000000000, 1.00000042674751533, 8.00000000000000000]
  #46 objects/buildingsets/human/lowtech/alpha/int/stairs/stairs_04x06x03_a.cgf
    [-1.00000000000000000, 0.00000000000000000, 0.00000000000000000, 0.00000000000000000]
    [0.00000000000000000, -1.00000000000000000, 0.00000000000000000, 12.99999800000023242]
    [0.00000000000000000, 0.00000000000000000, 1.00000000000000000, -3.00000000000000000]
  #47 objects/buildingsets/human/lowtech/alpha/int/hangar/roomsm/ceiling/roomsm_ceiling_02x04x0025_a.cgf
    [1.00000000000000000, 0.00000000000000000, 0.00000000000000000, -10.00000000000000000]
    [0.00000000000000000, 1.00000000000000000, 0.00000000000000000, 33.00000000000000000]
    [0.00000000000000000, 0.00000000000000000, 1.00000000000000000, 8.00000000000000000]
  #48 objects/buildingsets/human/lowtech/alpha/int/hangar/roomsm/addon/roomsm_addon_pillar_beam_01x04x0050_a.cgf
    [0.00000000000000000, 0.00000000000000000, -1.00000000000000000, -6.62500100000000014]
    [-1.00000000000000000, 0.00000000000000000, 0.00000000000000000, 1.99999200000002020]
    [0.00000000000000000, 1.00000000000000000, 0.00000000000000000, -0.00000599999999906]
  #49 objects/buildingsets/human/lowtech/alpha/int/stairs/stairs_base_04x06x0325_a.cgf
    [-1.00000000000000000, 0.00000000000000000, 0.00000000000000000, 0.00000000000000000]
    [0.00000000000000000, -1.00000000000000000, 0.00000000000000000, 12.99999800000023242]
    [0.00000000000000000, 0.00000000000000000, 1.00000000000000000, -3.00000000000000000]
  #50 objects/buildingsets/human/lowtech/alpha/int/roomsm/floor/roomsm_floor_straight_04x02x0025_c.cgf
    [1.00000000000000000, 0.00000000000000000, 0.00000000000000000, -6.00000000000000000]
    [0.00000000000000000, 1.00000000000000000, 0.00000000000000000, 1.00000000000000000]
    [0.00000000000000000, 0.00000000000000000, 1.00000000000000000, 0.00000000000000000]
  #51 objects/buildingsets/human/lowtech/alpha/int/roomsm/wall/roomsm_lg_wall_02x01x04_a.cgf
    [-0.00000064012100026, 1.00000042674731060, 0.00000000000000000, -7.00000000000000000]
    [-1.00000042674731060, -0.00000064012100026, -0.00000000000000000, 2.00000000000000000]
    [-0.00000000000000000, 0.00000000000000000, 1.00000042674751533, 0.00000000000000000]
  #52 objects/buildingsets/human/lowtech/alpha/int/hangar/roomsm/ceiling/roomsm_ceiling_01x04x0025_b.cgf
    [-0.00000064012127299, -0.00000000000000000, -1.00000085349446199, -11.25000000000000000]
    [0.00000000000000000, -1.00000085349466716, 0.00000000000000000, 33.00000000000000000]
    [-1.00000085349446199, 0.00000000000000000, 0.00000064012127265, 9.00000000000000000]
  #53 objects/buildingsets/human/lowtech/alpha/int/roomsm/wall/roomsm_lg_wall_04x01x12_a.cgf
    [-0.00000064012100026, 1.00000042674731060, 0.00000000000000000, -12.00000000000000000]
    [-1.00000042674731060, -0.00000064012100026, -0.00000000000000000, 7.00000000000000000]
    [-0.00000000000000000, 0.00000000000000000, 1.00000042674751533, -4.00000000000000000]
  #54 objects/buildingsets/human/lowtech/alpha/int/hangar/roomsm/ceiling/roomsm_ceiling_04x04x0025_c.cgf
    [0.00000120256822325, -0.00000056998441997, -1.00000001553198437, -4.24997799999999959]
    [0.76604395577594397, 0.64278821464349833, 0.00000055484084245, 26.20693500000015774]
    [0.64278821464261282, -0.76604395577593287, 0.00000120962978225, 9.66631299999999882]
  #55 objects/buildingsets/human/lowtech/alpha/int/roomlg/fan/roomlg_util_fan_grate_full_a.cgf
    [-0.00000013335328409, -0.16383055153486029, 0.11471525771364903, -9.37500000000000000]
    [0.20000009992128862, -0.00000010923662659, 0.00000007648828533, 23.00000000000000000]
    [-0.00000000000005100, 0.11471525771367452, 0.16383055153489673, 3.58647099999999952]
  #56 objects/buildingsets/human/lowtech/alpha/int/roomsm/floor/roomsm_floor_straight_04x01x0025_a.cgf
    [-0.00000064012127343, -1.00000085349446177, 0.00000000000000000, -1.00001000000000007]
    [-1.00000085349446177, 0.00000064012127299, 0.00000000000000000, 7.00000999999974738]
    [-0.00000000000000000, 0.00000000000000000, -1.00000085349466694, 0.12500000000000000]
  #57 objects/buildingsets/human/lowtech/alpha/int/roomsm/trim/roomsm_trim_straight_08x0025x01_a.cgf
    [-0.00000064012100026, 1.00000042674731060, 0.00000000000000000, -12.00000000000000000]
    [-1.00000042674731060, -0.00000064012100026, -0.00000000000000000, 21.00000000000000000]
    [-0.00000000000000000, 0.00000000000000000, 1.00000042674751533, 8.00000000000000000]
  #58 objects/buildingsets/human/lowtech/alpha/int/hangar/roomsm/ceiling/roomsm_ceiling_01x04x0025_b.cgf
    [1.00000000536175371, 0.00000198289001551, -0.00000026105201318, -10.99999399999999916]
    [-0.00000198288999956, 0.96592592080709394, -0.25881871307257359, 6.74296899999990273]
    [-0.00000026105213436, 0.25881871307257359, 0.96592592080909390, 7.00292299999999912]
  #59 objects/buildingsets/human/lowtech/alpha/int/hangar/roomsm/ceiling/roomsm_ceiling_02x04x0025_a.cgf
    [1.00000000000000000, 0.00000000000000000, 0.00000000000000000, -10.00000000000000000]
    [0.00000000000000000, 1.00000000000000000, 0.00000000000000000, 17.00000000000000000]
    [0.00000000000000000, 0.00000000000000000, 1.00000000000000000, 9.00000000000000000]
  #60 objects/buildingsets/human/lowtech/alpha/int/hangar/roomsm/ceiling/roomsm_ceiling_02x04x0025_a.cgf
    [1.00000000536175371, 0.00000198289001551, -0.00000026105201318, -9.99999399999999916]
    [-0.00000198288999956, 0.96592592080709394, -0.25881871307257359, 6.74296899999990273]
    [-0.00000026105213436, 0.25881871307257359, 0.96592592080909390, 7.00292299999999912]
  #61 objects/buildingsets/human/lowtech/alpha/int/hangar/roomsm/ceiling/roomsm_ceiling_04x04x0025_c.cgf
    [-0.57357933754916579, 0.81915116565995061, 0.00000000000000017, -12.06972299999999976]
    [0.00000064939143225, 0.00000045471156392, -1.00000094433193754, 32.97346600000037142]
    [-0.81915116565969315, -0.57357933754898549, -0.00000079276215770, 7.97995999999999839]
  #62 objects/buildingsets/human/lowtech/alpha/int/roomsm/trim/roomsm_trim_sml_straight_04x005_a.cgf
    [-0.57357747764829481, -0.81915359089390460, -0.00000189538169434, -8.83734399999999987]
    [-0.00000070627646842, -0.00000181929368177, 1.00000186416803372, 24.87500600000021223]
    [-0.81915359089579287, 0.57357747764854117, 0.00000046495610906, 5.62249800000000022]
  #63 objects/buildingsets/human/lowtech/alpha/int/hangar/roomsm/ceiling/roomsm_ceiling_01x04x0025_b.cgf
    [-0.00000064012100026, 0.00000000000000000, 1.00000042674731060, -9.75000000000000000]
    [0.00000000000000000, 1.00000042674751533, 0.00000000000000000, 29.00000000000000000]
    [-1.00000042674731060, 0.00000000000000000, -0.00000064012100026, 9.00000000000000000]
  #64 objects/buildingsets/human/lowtech/alpha/int/hangar/roomsm/addon/roomsm_addon_pillar_beam_01x04x0050_a.cgf
    [0.00000120256823322, -0.00000056998442491, -1.00000002400332733, -10.50000999999999962]
    [-0.76604396226535088, -0.64278822008879444, -0.00000055484084704, 39.40546799999992800]
    [-0.64278822008790892, 0.76604396226533977, -0.00000120962979253, 0.04835699999999932]
  #65 objects/buildingsets/human/lowtech/alpha/int/roomsm/wall/roomsm_wall_straight_08x01x04_b.cgf
    [1.00000000000000000, 0.00000000000000000, 0.00000000000000000, -13.00000000000000000]
    [0.00000000000000000, 1.00000000000000000, 0.00000000000000000, 2.00000000000000000]
    [0.00000000000000000, 0.00000000000000000, 1.00000000000000000, -4.00000000000000000]
  #66 objects/buildingsets/human/lowtech/alpha/int/hangar/roomsm/wall/roomsm_wall_cornerin_01x01x08_a.cgf
    [1.00000000000000000, 0.00000000000000000, 0.00000000000000000, -12.00000000000000000]
    [0.00000000000000000, 1.00000000000000000, 0.00000000000000000, 2.00000000000000000]
    [0.00000000000000000, 0.00000000000000000, 1.00000000000000000, 0.00000000000000000]
  #67 objects/buildingsets/human/lowtech/alpha/int/hangar/roomsm/wall/roomsm_wall_straight_04x01x04_b.cgf
    [-0.00000064012100026, 1.00000042674731060, 0.00000000000000000, -12.00000000000000000]
    [-1.00000042674731060, -0.00000064012100026, -0.00000000000000000, 29.00000000000000000]
    [-0.00000000000000000, 0.00000000000000000, 1.00000042674751533, -4.00000000000000000]
  #68 objects/buildingsets/human/lowtech/alpha/int/roomsm/floor/roomsm_floor_straight_04x02x0025_c.cgf
    [-0.00000064012100026, -1.00000042674731060, 0.00000000000000000, -2.00000000000000000]
    [1.00000042674731060, -0.00000064012100026, 0.00000000000000000, 19.00000000000000000]
    [0.00000000000000000, 0.00000000000000000, 1.00000042674751533, -3.00000000000000000]
  #69 objects/buildingsets/human/lowtech/alpha/int/roomsm/floor/roomsm_floor_straight_04x02x0025_a.cgf
    [-0.00000064012100026, 1.00000042674731060, 0.00000000000000000, -4.00000000000000000]
    [-1.00000042674731060, -0.00000064012100026, -0.00000000000000000, 27.00000000000000000]
    [-0.00000000000000000, 0.00000000000000000, 1.00000042674751533, -3.00000000000000000]
  #70 objects/buildingsets/human/lowtech/alpha/int/roomsm/floor/roomsm_floor_straight_04x04x0025_a.cgf
    [1.00000008880430102, 0.00000000000000000, 0.00000000000000000, -8.00000999999999962]
    [0.00000000000000000, 0.76604459836237759, -0.64278756282961280, 36.31047500000022410]
    [0.00000000000000000, 0.64278756282961280, 0.76604459836237759, -2.87500000000000000]
  #71 objects/buildingsets/human/lowtech/alpha/int/hangar/roomsm/ceiling/roomsm_ceiling_01x04x0025_b.cgf
    [1.00000000000000000, 0.00000000000000000, 0.00000000000000000, -11.00000000000000000]
    [0.00000000000000000, 1.00000000000000000, 0.00000000000000000, 21.00000000000000000]
    [0.00000000000000000, 0.00000000000000000, 1.00000000000000000, 8.00000000000000000]
  #72 objects/buildingsets/human/lowtech/alpha/int/roomsm/trim/roomsm_trim_sml_straight_04x005_a.cgf
    [-0.00000064012100026, 1.00000042674731060, 0.00000000000000000, -11.00000000000000000]
    [-1.00000042674731060, -0.00000064012100026, -0.00000000000000000, 7.00000000000000000]
    [-0.00000000000000000, 0.00000000000000000, 1.00000042674751533, 4.00000000000000000]
  #73 objects/buildingsets/human/lowtech/alpha/int/hangar/roomsm/ceiling/roomsm_ceiling_01x04x0025_b.cgf
    [0.00000000000000000, -1.00000000000000000, 0.00000000000000000, -0.00000100000000000]
    [0.00000000000000000, 0.00000000000000000, -1.00000000000000000, 22.92833499999960623]
    [1.00000000000000000, 0.00000000000000000, 0.00000000000000000, 8.31307100000000077]
  #74 objects/buildingsets/human/lowtech/alpha/int/hangar/roomsm/ceiling/roomsm_ceiling_04x04x0025_c.cgf
    [-1.00000085349466716, 0.00000000000000000, 0.00000000000000000, -4.00000000000000000]
    [0.00000000000000000, 0.00000064012127265, 1.00000085349446199, 34.50000000000000000]
    [0.00000000000000000, 1.00000085349446199, -0.00000064012127299, 6.00000000000000000]
  #75 objects/buildingsets/human/lowtech/alpha/int/hangar/roomsm/ceiling/roomsm_ceiling_02x04x0025_a.cgf
    [0.00000000000000000, -1.00000000000000000, 0.00000000000000000, -3.00000000000000000]
    [0.00000000000000000, 0.00000000000000000, -1.00000000000000000, 2.12500100000033854]
    [1.00000000000000000, 0.00000000000000000, 0.00000000000000000, 4.00255500000000097]
  #76 objects/buildingsets/human/lowtech/alpha/int/hangar/roomsm/addon/roomsm_addon_pillar_beam_01x04x0050_a.cgf
    [-1.00000064316034276, 0.00000000000000000, 0.00000000000000000, -8.00000000000000000]
    [0.00000000000000000, 0.64278849824161577, -0.76604453711868936, 6.50000000000000000]
    [-0.00000000000000000, -0.76604453711868936, -0.64278849824161599, 0.00000000000000000]
  #77 objects/buildingsets/human/lowtech/alpha/int/hangar/roomsm/addon/roomsm_addon_pillar_beam_01x04x0050_a.cgf
    [0.00000000000000000, 0.00000000000000000, -1.00000000000000000, -11.50000000000000000]
    [-1.00000000000000000, 0.00000000000000000, 0.00000000000000000, 13.00000000000000000]
    [0.00000000000000000, 1.00000000000000000, 0.00000000000000000, 4.00000000000000000]
  #78 objects/buildingsets/human/lowtech/alpha/int/roomlg/floor/roomlg_floor_straight_08x04x0025_a.cgf
    [-0.00000064012100026, -1.00000042674731060, 0.00000000000000000, -4.00000000000000000]
    [1.00000042674731060, -0.00000064012100026, 0.00000000000000000, 25.00000000000000000]
    [0.00000000000000000, 0.00000000000000000, 1.00000042674751533, -3.00000000000000000]
  #79 objects/buildingsets/human/lowtech/alpha/int/roomsm/trim/roomsm_trim_straight_04x0025x01_a.cgf
    [-0.00000064012100026, -1.00000042674731060, 0.00000000000000000, -8.00000000000000000]
    [1.00000042674731060, -0.00000064012100026, 0.00000000000000000, 25.00000000000000000]
    [0.00000000000000000, 0.00000000000000000, 1.00000042674751533, -4.00000000000000000]
  #80 objects/buildingsets/human/lowtech/alpha/int/hangar/roomsm/ceiling/roomsm_ceiling_01x04x0025_b.cgf
    [1.00000000000000000, 0.00000000000000000, 0.00000000000000000, -11.00000000000000000]
    [0.00000000000000000, 1.00000000000000000, 0.00000000000000000, 13.00000000000000000]
    [0.00000000000000000, 0.00000000000000000, 1.00000000000000000, 9.00000000000000000]
  #81 objects/buildingsets/human/lowtech/alpha/int/hangar/roomsm/ceiling/roomsm_ceiling_04x04x0025_d.cgf
    [0.00000120256822325, -0.00000056998441997, -1.00000001553198437, -4.24997799999999959]
    [0.76604395577594397, 0.64278821464349833, 0.00000055484084245, 28.68232999999963795]
    [0.64278821464261282, -0.76604395577593287, 0.00000120962978225, 6.52178699999999978]
  #82 objects/buildingsets/human/lowtech/alpha/int/roomlg/floor/roomlg_floor_straight_08x04x0025_a.cgf
    [-0.00000000865072385, 0.99999953094619398, -0.00000129873202587, -4.00366300000000042]
    [-0.64278682194753012, 0.00000098932640749, 0.76604449180443168, 38.23944599999958882]
    [0.76604449180507050, 0.00000084143506557, 0.64278682194697956, -10.84994900000000229]
  #83 objects/buildingsets/human/lowtech/alpha/int/hangar/roomsm/ceiling/roomsm_ceiling_04x04x0025_d.cgf
    [0.00000120256822325, -0.00000056998441997, -1.00000001553198437, -4.24997799999999959]
    [0.76604395577594397, 0.64278821464349833, 0.00000055484084245, 31.17313099999955739]
    [0.64278821464261282, -0.76604395577593287, 0.00000120962978225, 3.55336499999999944]
  #84 objects/buildingsets/human/lowtech/alpha/int/roomsm/floor/roomsm_floor_straight_04x03x0025_a.cgf
    [-0.00000064012100026, 1.00000042674731060, 0.00000000000000000, -11.00000000000000000]
    [-1.00000042674731060, -0.00000064012100026, -0.00000000000000000, 13.00000000000000000]
    [-0.00000000000000000, 0.00000000000000000, 1.00000042674751533, -3.00000000000000000]
  #85 objects/buildingsets/human/lowtech/alpha/int/hangar/roomsm/ceiling/roomsm_ceiling_04x04x0025_c.cgf
    [-0.57357707417194825, 0.81915090212095520, 0.00000066168142623, -12.06972400000000079]
    [0.00000026986632357, 0.00000099672744489, -0.99999943023013727, 24.97346500000003289]
    [-0.81915090212117803, -0.57357707417146397, -0.00000079276170545, 7.97996099999999942]
  #86 objects/buildingsets/human/lowtech/alpha/int/roomlg/floor/roomlg_floor_straight_08x04x0025_a.cgf
    [1.00000000000000000, 0.00000000000000000, 0.00000000000000000, -8.00000000000000000]
    [0.00000000000000000, 1.00000000000000000, 0.00000000000000000, 3.00000000000000000]
    [0.00000000000000000, 0.00000000000000000, 1.00000000000000000, -3.00000000000000000]
  #87 objects/buildingsets/human/lowtech/alpha/int/hangar/roomsm/addon/roomsm_addon_pillar_beam_01x04x0050_a.cgf
    [0.00000000000000000, 0.00000000000000000, -1.00000000000000000, -11.50000000000000000]
    [-1.00000000000000000, 0.00000000000000000, 0.00000000000000000, 13.00000000000000000]
    [0.00000000000000000, 1.00000000000000000, 0.00000000000000000, -4.00000000000000000]
  #88 objects/buildingsets/human/lowtech/alpha/int/hangar/roomsm/ceiling/roomsm_ceiling_04x04x0025_c.cgf
    [0.00000206657130024, -0.81915137138536809, -0.57357584392189176, -8.90903899999999993]
    [-0.99999910898612987, -0.00000193999507944, -0.00000083235693165, 33.00000499999987369]
    [-0.00000043090837673, 0.57357584392233374, -0.81915137138755212, 5.52010299999999887]
  #89 objects/buildingsets/human/lowtech/alpha/int/hangar/roomsm/ceiling/roomsm_ceiling_02x04x0025_a.cgf
    [-0.99999818376196381, 0.00000000000000000, 0.00000000000000000, -8.00000000000000000]
    [0.00000000000000000, -0.64278684560411048, 0.76604271332970986, 39.66057499999988067]
    [0.00000000000000000, 0.76604271332970986, 0.64278684560411103, 0.09291100000000085]
  #90 objects/buildingsets/human/lowtech/alpha/int/roomsm/trim/roomsm_trim_sml_straight_04x005_a.cgf
    [-0.00000064012100026, 1.00000042674731060, 0.00000000000000000, -8.00000000000000000]
    [-1.00000042674731060, -0.00000064012100026, -0.00000000000000000, 37.00000000000000000]
    [-0.00000000000000000, 0.00000000000000000, 1.00000042674751533, -3.00000000000000000]
  #91 objects/buildingsets/human/lowtech/alpha/int/roomsm/trim/roomsm_trim_sml_straight_04x005_a.cgf
    [-0.00000064012100026, 1.00000042674731060, 0.00000000000000000, -11.00000000000000000]
    [-1.00000042674731060, -0.00000064012100026, -0.00000000000000000, 17.00000000000000000]
    [-0.00000000000000000, 0.00000000000000000, 1.00000042674751533, 4.00000000000000000]
  #92 objects/buildingsets/human/lowtech/alpha/int/hangar/roomsm/ceiling/roomsm_ceiling_01x04x0025_b.cgf
    [0.00000000000000000, -1.00000000000000000, 0.00000000000000000, -8.00000200000000028]
    [0.00000000000000000, 0.00000000000000000, -1.00000000000000000, 2.75002599999970698]
    [1.00000000000000000, 0.00000000000000000, 0.00000000000000000, 6.00000199999999850]
  #93 objects/buildingsets/human/lowtech/alpha/int/hangar/roomsm/ceiling/roomsm_ceiling_04x04x0025_c.cgf
    [-0.57357706912400164, -0.81915255496849382, -0.00000066168276139, -8.79311700000000052]
    [0.00000105350008745, -0.00000154543468514, 1.00000078126631009, 21.09846999999990658]
    [-0.81915255496808359, 0.57357706912230122, 0.00000174940181870, 5.68565200000000104]
  #94 objects/buildingsets/human/lowtech/alpha/int/roomsm/trim/roomsm_trim_straight_04x0025x01_a.cgf
    [-1.00000000000000000, 0.00000000000000000, 0.00000000000000000, -8.00000000000000000]
    [0.00000000000000000, -1.00000000000000000, 0.00000000000000000, 22.00000000000000000]
    [0.00000000000000000, 0.00000000000000000, 1.00000000000000000, 8.00000000000000000]
  #95 objects/buildingsets/human/lowtech/alpha/int/roomsm/trim/roomsm_trim_sml_straight_04x005_a.cgf
    [-0.57357747764829481, -0.81915359089390460, -0.00000189538169434, -8.83733900000000006]
    [-0.00000070627646842, -0.00000181929368177, 1.00000186416803372, 21.12500499999987369]
    [-0.81915359089579287, 0.57357747764854117, 0.00000046495610906, 5.62249600000000171]
  #96 objects/buildingsets/human/lowtech/alpha/int/hangar/roomsm/ceiling/roomsm_ceiling_04x04x0025_a.cgf
    [-0.99999999999933320, -0.00000199999999495, 0.00000000000000000, -3.99998399999999998]
    [0.00000199999999495, -0.99999999999933320, 0.00000000000000000, 34.50000400000044465]
    [0.00000000000000000, 0.00000000000000000, 1.00000000000133338, 8.00000000000000000]
  #97 objects/buildingsets/human/lowtech/alpha/int/hangar/roomsm/ceiling/roomsm_ceiling_04x04x0025_b.cgf
    [-1.00000085349333356, -0.00000282842681585, -0.00000000000000000, -7.75000000000000000]
    [-0.00000000000181054, 0.00000064012327272, 1.00000085349712853, 6.75000000000000000]
    [-0.00000282842681585, 1.00000085349312862, -0.00000064012327295, 1.25000000000000000]
  #98 objects/buildingsets/human/lowtech/alpha/int/roomlg/floor/roomlg_floor_straight_08x04x0025_a.cgf
    [-0.00000000865072385, 0.99999953094619398, -0.00000129873202587, -4.00366200000000028]
    [-0.64278682194753012, 0.00000098932640749, 0.76604449180443168, 43.38174600000002101]
    [0.76604449180507050, 0.00000084143506557, 0.64278682194697956, -16.97830600000000345]
  #99 objects/buildingsets/human/lowtech/alpha/int/roomsm/trim/roomsm_trim_sml_straight_04x005_a.cgf
    [-0.57357747764829481, -0.81915359089390460, -0.00000189538169434, -8.83733900000000006]
    [-0.00000070627646842, -0.00000181929368177, 1.00000186416803372, 29.12500499999987369]
    [-0.81915359089579287, 0.57357747764854117, 0.00000046495610906, 5.62249600000000171]
  #100 objects/buildingsets/human/lowtech/alpha/int/roomlg/floor/roomlg_floor_straight_08x04x0025_a.cgf
    [-0.00000064012100026, -1.00000042674731060, 0.00000000000000000, -4.00000000000000000]
    [1.00000042674731060, -0.00000064012100026, 0.00000000000000000, 17.00000000000000000]
    [0.00000000000000000, 0.00000000000000000, 1.00000042674751533, -3.00000000000000000]
  #101 objects/buildingsets/human/lowtech/alpha/int/hangar/roomsm/ceiling/roomsm_ceiling_02x02x0025_b.cgf
    [1.14715138823894969, -0.00000184699578059, -1.63830556290508955, -11.51052100000000067]
    [-0.00000184699760164, 2.00000035624289918, -0.00000354804269336, 21.00000499999987369]
    [1.63830556290508955, 0.00000354804364134, 1.14715138823494978, 2.45858099999999880]
  #102 objects/buildingsets/human/lowtech/alpha/ext/understructure/understructure_frame_sm_d.cgf
    [-0.00000000432536154, 0.50000000339860107, 0.00000000000000003, -10.87499599999999944]
    [-0.32139288877127103, -0.00000000278028086, 0.38302299466984813, 33.98283100000026025]
    [0.38302299466984813, 0.00000000331342581, 0.32139288877127109, 4.96893899999999888]
  #103 objects/buildingsets/human/lowtech/alpha/int/roomsm/ceiling/roomsm_ceiling_straight_04x01x0025_a.cgf
    [-1.00000000000000000, 0.00000000000000000, 0.00000000000000000, -2.00000000000000000]
    [0.00000000000000000, -1.00000000000000000, 0.00000000000000000, 1.00000000000000000]
    [0.00000000000000000, 0.00000000000000000, 1.00000000000000000, 4.00000000000000000]
  #104 objects/buildingsets/human/lowtech/alpha/int/hangar/roomsm/ceiling/roomsm_ceiling_01x04x0025_b.cgf
    [1.00000000000000000, 0.00000000000000000, 0.00000000000000000, -11.00000000000000000]
    [0.00000000000000000, 1.00000000000000000, 0.00000000000000000, 29.00000000000000000]
    [0.00000000000000000, 0.00000000000000000, 1.00000000000000000, 9.00000000000000000]
  #105 objects/buildingsets/human/lowtech/alpha/int/hangar/roomsm/ceiling/roomsm_ceiling_04x04x0025_a.cgf
    [0.00000000000000000, 0.00000000000000000, -1.00000000000000000, -4.25000000000000000]
    [1.00000000000000000, 0.00000000000000000, 0.00000000000000000, 32.00000000000000000]
    [0.00000000000000000, -1.00000000000000000, 0.00000000000000000, -3.25677299999999903]
  #106 objects/buildingsets/human/lowtech/alpha/int/roomlg/fan/roomlg_util_fan_grate_full_a.cgf
    [-0.00000013335328409, -0.16383055153486029, 0.11471525771364903, -9.37500000000000000]
    [0.20000009992128862, -0.00000010923662659, 0.00000007648828533, 31.12500000000000000]
    [-0.00000000000005100, 0.11471525771367452, 0.16383055153489673, 3.58647099999999952]
  #107 objects/buildingsets/human/lowtech/alpha/int/roomsm/floor/roomsm_floor_straight_02x02x0025_a.cgf
    [-0.00000064012100026, 1.00000042674731060, 0.00000000000000000, -4.00000000000000000]
    [-1.00000042674731060, -0.00000064012100026, -0.00000000000000000, 15.00000000000000000]
    [-0.00000000000000000, 0.00000000000000000, 1.00000042674751533, -3.00000000000000000]
  #108 objects/buildingsets/human/lowtech/alpha/int/roomsm/wall/roomsm_lg_wall_04x01x01_a.cgf
    [-0.00000064012100026, 1.00000042674731060, 0.00000000000000000, -11.00000000000000000]
    [-1.00000042674731060, -0.00000064012100026, -0.00000000000000000, 18.00000000000000000]
    [-0.00000000000000000, 0.00000000000000000, 1.00000042674751533, 4.00000000000000000]
  #109 objects/buildingsets/human/lowtech/alpha/int/roomsm/trim/roomsm_trim_sml_straight_04x005_a.cgf
    [-0.00000064012100026, 1.00000042674731060, 0.00000000000000000, -11.00000000000000000]
    [-1.00000042674731060, -0.00000064012100026, -0.00000000000000000, 29.00000000000000000]
    [-0.00000000000000000, 0.00000000000000000, 1.00000042674751533, 4.00000000000000000]
  #110 objects/buildingsets/human/lowtech/alpha/int/roomsm/floor/roomsm_floor_straight_04x03x0025_a.cgf
    [-0.00000064012100026, 1.00000042674731060, 0.00000000000000000, -11.00000000000000000]
    [-1.00000042674731060, -0.00000064012100026, -0.00000000000000000, 37.00000000000000000]
    [-0.00000000000000000, 0.00000000000000000, 1.00000042674751533, -3.00000000000000000]
  #111 objects/buildingsets/human/lowtech/alpha/int/hangar/roomsm/ceiling/roomsm_ceiling_04x04x0025_c.cgf
    [-1.00000085349466716, 0.00000000000000000, 0.00000000000000000, -8.00000000000000000]
    [0.00000000000000000, 0.00000064012127265, 1.00000085349446199, 34.50000000000000000]
    [0.00000000000000000, 1.00000085349446199, -0.00000064012127299, 6.00000000000000000]
  #112 objects/buildingsets/human/lowtech/alpha/int/roomsm/floor/roomsm_floor_straight_04x03x0025_a.cgf
    [-0.00000064012100026, 1.00000042674731060, 0.00000000000000000, -11.00000000000000000]
    [-1.00000042674731060, -0.00000064012100026, -0.00000000000000000, 21.00000000000000000]
    [-0.00000000000000000, 0.00000000000000000, 1.00000042674751533, -3.00000000000000000]
  #113 objects/buildingsets/human/lowtech/alpha/int/hangar/roomsm/addon/roomsm_addon_pillar_beam_01x04x0050_a.cgf
    [0.00000120256823322, 0.00000056998442491, 1.00000002400332733, -10.37500999999999962]
    [0.76604396226535088, -0.64278822008879444, -0.00000055484084704, 39.40546799999992800]
    [0.64278822008790892, 0.76604396226533977, -0.00000120962979253, 0.04835699999999932]
  #114 objects/buildingsets/human/lowtech/alpha/int/hangar/roomsm/ceiling/roomsm_ceiling_01x04x0025_b.cgf
    [0.00000139042605962, -0.99999789124697891, 0.00000054838138930, 0.00000000000000000]
    [-0.70710535800945007, -0.00000137094395165, -0.70710522213676708, 33.35305100000005041]
    [0.70710522213672899, 0.00000059541536464, -0.70710535801056640, -5.41867700000000241]
  #115 objects/buildingsets/human/lowtech/alpha/int/hangar/roomsm/ceiling/roomsm_ceiling_02x04x0025_a.cgf
    [-0.00000011813491940, 0.00000000000000000, -0.99999806141147940, -4.24997899999999973]
    [-0.64278687056674222, 0.76604253266626088, 0.00000007593572233, 20.57160600000042905]
    [0.76604253266625555, 0.64278687056674677, -0.00000009049654823, 10.15934000000000026]
  #116 objects/buildingsets/human/lowtech/alpha/int/roomsm/trim/roomsm_trim_sml_straight_02x005_a.cgf
    [1.00000000000000000, 0.00000000000000000, 0.00000000000000000, -11.00000000000000000]
    [0.00000000000000000, 1.00000000000000000, 0.00000000000000000, 25.00000000000000000]
    [0.00000000000000000, 0.00000000000000000, 1.00000000000000000, -3.00000000000000000]
  #117 objects/buildingsets/human/lowtech/alpha/int/roomsm/wall/roomsm_lg_wall_04x01x01_a.cgf
    [-0.00000064012100026, 1.00000042674731060, 0.00000000000000000, -11.00000000000000000]
    [-1.00000042674731060, -0.00000064012100026, -0.00000000000000000, 21.00000000000000000]
    [-0.00000000000000000, 0.00000000000000000, 1.00000042674751533, 4.00000000000000000]
  #118 objects/buildingsets/human/lowtech/alpha/int/roomsm/trim/roomsm_trim_sml_straight_04x005_a.cgf
    [-0.00000064012100026, 1.00000042674731060, 0.00000000000000000, -11.00000000000000000]
    [-1.00000042674731060, -0.00000064012100026, -0.00000000000000000, 13.00000000000000000]
    [-0.00000000000000000, 0.00000000000000000, 1.00000042674751533, 4.00000000000000000]
  #119 objects/buildingsets/human/lowtech/alpha/int/roomsm/floor/roomsm_floor_straight_04x03x0025_a.cgf
    [-0.00000064012100026, 1.00000042674731060, 0.00000000000000000, -11.00000000000000000]
    [-1.00000042674731060, -0.00000064012100026, -0.00000000000000000, 17.00000000000000000]
    [-0.00000000000000000, 0.00000000000000000, 1.00000042674751533, -3.00000000000000000]
  #120 objects/buildingsets/human/lowtech/alpha/ext/understructure/understructure_frame_sm_d.cgf
    [-0.00000000432536154, 0.50000000339860107, 0.00000000000000003, -4.24999899999999986]
    [-0.32139288877127103, -0.00000000278028086, 0.38302299466984813, 39.12512499999957072]
    [0.38302299466984813, 0.00000000331342581, 0.32139288877127109, -1.15942199999999929]
  #121 objects/buildingsets/human/lowtech/alpha/int/hangar/roomsm/ceiling/roomsm_ceiling_02x02x0025_b.cgf
    [-0.00000064012100026, -0.00000000000000000, -1.00000042674731060, -11.25000000000000000]
    [0.00000000000000000, 1.00000042674751533, -0.00000000000000000, 18.00000000000000000]
    [1.00000042674731060, 0.00000000000000000, -0.00000064012100026, 6.00000000000000000]
  #122 objects/buildingsets/human/lowtech/alpha/int/hangar/roomsm/ceiling/roomsm_ceiling_02x04x0025_a.cgf
    [1.50000127590035470, 0.00000424264834052, 0.00000000000000000, -11.12499900000000075]
    [0.00000000000271582, -0.00000096018490671, -1.50000127590604726, 6.89203900000029535]
    [-0.00000424264834052, 1.50000127590004739, -0.00000096018490671, 0.17381400000000014]
  #123 objects/buildingsets/human/lowtech/alpha/int/hangar/roomsm/ceiling/roomsm_ceiling_04x04x0025_c.cgf
    [-0.57357706912400164, -0.81915255496849382, -0.00000066168276139, -8.79311700000000052]
    [0.00000105350008745, -0.00000154543468514, 1.00000078126631009, 29.09846999999990658]
    [-0.81915255496808359, 0.57357706912230122, 0.00000174940181870, 5.68565200000000104]
  #124 objects/buildingsets/human/lowtech/alpha/int/roomlg/fan/roomlg_util_fan_frame_a.cgf
    [-0.00000013335328409, -0.16383055153486029, 0.11471525771364903, -9.37500000000000000]
    [0.20000009992128862, -0.00000010923662659, 0.00000007648828533, 31.12500000000000000]
    [-0.00000000000005100, 0.11471525771367452, 0.16383055153489673, 3.58647099999999952]
  #125 objects/buildingsets/human/lowtech/alpha/int/roomsm/ceiling/roomsm_ceiling_straight_04x02x0025_b.cgf
    [-0.00000064012100026, 1.00000042674731060, 0.00000000000000000, -6.00000000000000000]
    [-1.00000042674731060, -0.00000064012100026, -0.00000000000000000, 3.00000000000000000]
    [-0.00000000000000000, 0.00000000000000000, 1.00000042674751533, 4.00000000000000000]
  #126 objects/buildingsets/human/lowtech/alpha/int/hangar/roomsm/addon/roomsm_addon_pillar_beam_01x04x0050_a.cgf
    [0.00000120256823322, -0.00000056998442491, -1.00000002400332733, -10.50000999999999962]
    [-0.76604396226535088, -0.64278822008879444, -0.00000055484084704, 36.83431899999959569]
    [-0.64278822008790892, 0.76604396226533977, -0.00000120962979253, 3.11253699999999967]
  #127 objects/buildingsets/human/lowtech/alpha/int/roomsm/floor/roomsm_floor_straight_04x01x0025_b.cgf
    [1.00000000000000000, 0.00000000000000000, 0.00000000000000000, -6.00000000000000000]
    [0.00000000000000000, 1.00000000000000000, 0.00000000000000000, 0.00000000000000000]
    [0.00000000000000000, 0.00000000000000000, 1.00000000000000000, 0.00000000000000000]
  #128 objects/buildingsets/human/lowtech/alpha/ext/understructure/understructure_frame_sm_d.cgf
    [-0.00000000432536154, 0.50000000339860107, 0.00000000000000003, -4.24999299999999991]
    [-0.32139288877127103, -0.00000000278028086, 0.38302299466984813, 28.84053599999970174]
    [0.38302299466984813, 0.00000000331342581, 0.32139288877127109, 11.09730000000000061]
  #129 objects/buildingsets/human/lowtech/alpha/int/hangar/roomsm/addon/roomsm_addon_pillar_beam_01x04x0050_a.cgf
    [0.00000000000000000, -1.00000000000000000, 0.00000000000000000, -8.00000000000000000]
    [0.00000000000000000, 0.00000000000000000, -1.00000000000000000, 6.75000000000000000]
    [1.00000000000000000, 0.00000000000000000, 0.00000000000000000, 6.50000000000000000]
  #130 objects/buildingsets/human/lowtech/alpha/int/roomsm/trim/roomsm_trim_sml_straight_04x005_a.cgf
    [1.00000000000000000, 0.00000000000000000, 0.00000000000000000, -4.00000000000000000]
    [0.00000000000000000, 1.00000000000000000, 0.00000000000000000, 33.00000000000000000]
    [0.00000000000000000, 0.00000000000000000, 1.00000000000000000, -3.00000000000000000]
  #131 objects/buildingsets/human/lowtech/alpha/int/hangar/roomsm/ceiling/roomsm_ceiling_02x02x0025_a.cgf
    [-0.00000064012100026, -0.00000000000000000, -1.00000042674731060, -11.25000000000000000]
    [0.00000000000000000, 1.00000042674751533, -0.00000000000000000, 18.00000000000000000]
    [1.00000042674731060, 0.00000000000000000, -0.00000064012100026, 4.00000000000000000]
  #132 objects/buildingsets/human/lowtech/alpha/int/roomsm/trim/roomsm_trim_straight_02x0025x01_a.cgf
    [-1.00000000000000000, 0.00000000000000000, 0.00000000000000000, -7.12500000000000000]
    [0.00000000000000000, -1.00000000000000000, 0.00000000000000000, 30.00000000000000000]
    [0.00000000000000000, 0.00000000000000000, 1.00000000000000000, -4.00000000000000000]
  #133 objects/buildingsets/human/lowtech/alpha/int/hangar/roomsm/addon/roomsm_addon_pillar_beam_01x04x0050_a.cgf
    [1.00000042674751533, 0.00000000000000000, 0.00000000000000000, -8.00000000000000000]
    [0.00000000000000000, -0.00000064012100026, -1.00000042674731060, 6.50000000000000000]
    [0.00000000000000000, 1.00000042674731060, -0.00000064012100026, -3.75000000000000000]
  #134 objects/buildingsets/human/lowtech/alpha/int/hangar/roomsm/ceiling/roomsm_ceiling_01x04x0025_b.cgf
    [1.00000000000000000, 0.00000000000000000, 0.00000000000000000, -11.00000000000000000]
    [0.00000000000000000, 1.00000000000000000, 0.00000000000000000, 33.00000000000000000]
    [0.00000000000000000, 0.00000000000000000, 1.00000000000000000, 8.00000000000000000]
  #135 objects/buildingsets/human/lowtech/alpha/int/roomsm/floor/roomsm_floor_straight_04x02x0025_e.cgf
    [-0.00000064012100026, 1.00000042674731060, 0.00000000000000000, -4.00000000000000000]
    [-1.00000042674731060, -0.00000064012100026, -0.00000000000000000, 31.00000000000000000]
    [-0.00000000000000000, 0.00000000000000000, 1.00000042674751533, -3.00000000000000000]
  #136 objects/buildingsets/human/lowtech/alpha/int/roomsm/wall/roomsm_lg_wall_04x01x04_a.cgf
    [-0.00000064012100026, 1.00000042674731060, 0.00000000000000000, -12.00000000000000000]
    [-1.00000042674731060, -0.00000064012100026, -0.00000000000000000, 25.00000000000000000]
    [-0.00000000000000000, 0.00000000000000000, 1.00000042674751533, 4.00000000000000000]
  #137 objects/buildingsets/human/lowtech/alpha/int/roomsm/trim/roomsm_trim_sml_straight_04x005_a.cgf
    [-0.00000064012100026, 1.00000042674731060, 0.00000000000000000, -11.00000000000000000]
    [-1.00000042674731060, -0.00000064012100026, -0.00000000000000000, 21.00000000000000000]
    [-0.00000000000000000, 0.00000000000000000, 1.00000042674751533, 4.00000000000000000]
  #138 objects/buildingsets/human/lowtech/alpha/int/hangar/roomsm/addon/roomsm_addon_pillar_beam_01x04x0050_a.cgf
    [0.00000000000000000, 0.00000000000000000, -1.00000000000000000, -11.50000000000000000]
    [-1.00000000000000000, 0.00000000000000000, 0.00000000000000000, 7.00000000000000000]
    [0.00000000000000000, 1.00000000000000000, 0.00000000000000000, -4.00000000000000000]
  #139 objects/buildingsets/human/lowtech/alpha/int/hangar/roomsm/ceiling/roomsm_ceiling_02x04x0025_a.cgf
    [-0.00000405311995168, 0.99999999999589306, 0.00000000000000000, -11.75000000000000000]
    [0.00000000000410694, 0.00000000000000000, 1.00000000000410694, 6.75000000000000000]
    [0.99999999999589306, 0.00000405311995168, -0.00000000000410694, 5.25000000000000000]
  #140 objects/buildingsets/human/lowtech/alpha/int/roomsm/ceiling/roomsm_ceiling_straight_04x01x0025_a.cgf
    [-1.00000000000000000, 0.00000000000000000, 0.00000000000000000, -1.00000000000000000]
    [0.00000000000000000, 1.00000000000000000, 0.00000000000000000, 2.00000000000000000]
    [0.00000000000000000, 0.00000000000000000, -1.00000000000000000, 4.00000000000000000]
  #141 objects/buildingsets/human/lowtech/alpha/ext/understructure/understructure_frame_sm_d.cgf
    [-0.00000000432536154, 0.50000000339860107, 0.00000000000000003, -4.25000599999999995]
    [-0.32139288877127103, -0.00000000278028086, 0.38302299466984813, 49.40971300000001065]
    [0.38302299466984813, 0.00000000331342581, 0.32139288877127109, -13.41614400000000273]
  #142 objects/buildingsets/human/lowtech/alpha/int/roomlg/floor/roomlg_floor_straight_08x04x0025_a.cgf
    [0.00000084767346828, 0.00000132677005990, 0.99999954208645336, -4.25000200000000028]
    [-0.64278680596321858, -0.76604451975897681, 0.00000156123896946, 29.20647300000018731]
    [0.76604451976009880, -0.64278680596374527, 0.00000020347476736, 12.44278899999999943]
  #143 objects/buildingsets/human/lowtech/alpha/int/roomsm/trim/roomsm_trim_sml_straight_02x005_a.cgf
    [-1.00000000000000000, 0.00000000000000000, 0.00000000000000000, -9.00000000000000000]
    [0.00000000000000000, -1.00000000000000000, 0.00000000000000000, 29.00000000000000000]
    [0.00000000000000000, 0.00000000000000000, 1.00000000000000000, -3.00000000000000000]
  #144 objects/buildingsets/human/lowtech/alpha/int/hangar/roomsm/addon/roomsm_addon_pillar_beam_01x04x0050_a.cgf
    [-1.00000085349466716, 0.00000000000000000, 0.00000000000000000, -8.00000000000000000]
    [0.00000000000000000, 0.00000064012127265, 1.00000085349446199, 6.75000000000000000]
    [0.00000000000000000, 1.00000085349446199, -0.00000064012127299, 4.25000000000000000]
  #145 objects/buildingsets/human/lowtech/alpha/int/roomsm/floor/roomsm_floor_straight_04x04x0025_a.cgf
    [-0.00000064012100026, 1.00000042674731060, 0.00000000000000000, -12.00000600000000084]
    [-1.00000042674731060, -0.00000064012100026, -0.00000000000000000, 7.00000199999976758]
    [-0.00000000000000000, 0.00000000000000000, 1.00000042674751533, -3.00000000000000000]
  #146 objects/buildingsets/human/lowtech/alpha/int/roomlg/floor/roomlg_floor_straight_08x04x0025_a.cgf
    [0.00000084767346828, 0.00000132677005990, 0.99999954208645336, -4.24999899999999986]
    [-0.64278680596321858, -0.76604451975897681, 0.00000156123896946, 26.14229499999964901]
    [0.76604451976009880, -0.64278680596374527, 0.00000020347476736, 9.87163899999999828]
  #147 objects/buildingsets/human/lowtech/alpha/int/roomsm/trim/roomsm_trim_sml_straight_04x005_a.cgf
    [1.00000000000000000, 0.00000000000000000, 0.00000000000000000, -7.00000000000000000]
    [0.00000000000000000, 1.00000000000000000, 0.00000000000000000, 3.00000000000000000]
    [0.00000000000000000, 0.00000000000000000, 1.00000000000000000, 4.00000000000000000]
  #148 objects/buildingsets/human/lowtech/alpha/int/roomlg/fan/roomlg_util_fan_frame_a.cgf
    [-0.00000013335328409, -0.16383055153486029, 0.11471525771364903, -9.37500000000000000]
    [0.20000009992128862, -0.00000010923662659, 0.00000007648828533, 23.00000000000000000]
    [-0.00000000000005100, 0.11471525771367452, 0.16383055153489673, 3.58647099999999952]
  #149 objects/buildingsets/human/lowtech/alpha/int/roomlg/floor/roomlg_floor_straight_08x04x0025_a.cgf
    [-0.00000064012100026, -1.00000042674731060, 0.00000000000000000, -4.00000000000000000]
    [1.00000042674731060, -0.00000064012100026, 0.00000000000000000, 9.00000000000000000]
    [0.00000000000000000, 0.00000000000000000, 1.00000042674751533, -3.00000000000000000]
  #150 objects/buildingsets/human/lowtech/alpha/int/hangar/roomsm/ceiling/roomsm_ceiling_04x04x0025_b.cgf
    [-0.00000064012100026, -1.00000042674731060, 0.00000000000000000, -3.99997800000000003]
    [1.00000042674731060, -0.00000064012100026, 0.00000000000000000, 2.74428100000022823]
    [0.00000000000000000, 0.00000000000000000, 1.00000042674751533, -0.01081299999999885]
  #151 objects/buildingsets/human/lowtech/alpha/int/roomsm/floor/roomsm_floor_straight_04x04x0025_a.cgf
    [-0.00000064012100026, 1.00000042674731060, 0.00000000000000000, -8.00000600000000084]
    [-1.00000042674731060, -0.00000064012100026, -0.00000000000000000, 7.00000199999976758]
    [-0.00000000000000000, 0.00000000000000000, 1.00000042674751533, 0.00000000000000000]
  #152 objects/buildingsets/human/lowtech/alpha/int/roomsm/trim/roomsm_trim_sml_straight_02x005_a.cgf
    [-0.00000064012100026, 1.00000042674731060, 0.00000000000000000, -11.00000000000000000]
    [-1.00000042674731060, -0.00000064012100026, -0.00000000000000000, 9.00000000000000000]
    [-0.00000000000000000, 0.00000000000000000, 1.00000042674751533, 4.00000000000000000]
  #153 objects/buildingsets/human/lowtech/alpha/int/roomsm/wall/roomsm_wall_straight_08x01x04_b.cgf
    [-0.00000064012100026, 1.00000042674731060, 0.00000000000000000, -12.00000000000000000]
    [-1.00000042674731060, -0.00000064012100026, -0.00000000000000000, 41.00000000000000000]
    [-0.00000000000000000, 0.00000000000000000, 1.00000042674751533, 0.00000000000000000]
  #154 objects/buildingsets/human/lowtech/alpha/int/roomsm/wall/roomsm_lg_wall_04x01x04_a.cgf
    [-0.00000064012100026, 1.00000042674731060, 0.00000000000000000, -12.00000000000000000]
    [-1.00000042674731060, -0.00000064012100026, -0.00000000000000000, 17.00000000000000000]
    [-0.00000000000000000, 0.00000000000000000, 1.00000042674751533, 4.00000000000000000]
  #155 objects/buildingsets/human/lowtech/alpha/int/hangar/roomsm/ceiling/roomsm_ceiling_04x04x0025_b.cgf
    [-1.00000085349333356, -0.00000282842681585, -0.00000000000000000, -7.75000000000000000]
    [-0.00000000000181054, 0.00000064012327272, 1.00000085349712853, 6.75000000000000000]
    [-0.00000282842681585, 1.00000085349312862, -0.00000064012327295, -2.75000000000000000]
  #156 objects/buildingsets/human/lowtech/alpha/int/hangar/roomsm/ceiling/roomsm_ceiling_04x04x0025_a.cgf
    [-0.00000064012327295, -0.00000282842862639, -1.00000085349312862, -4.50000000000000000]
    [-0.00000000000181054, -1.00000085349333356, 0.00000282842862639, 26.62500499999987369]
    [-1.00000085349712853, 0.00000000000362108, 0.00000064012327268, 11.87500000000000000]
  #157 objects/buildingsets/human/lowtech/alpha/int/hangar/roomsm/ceiling/roomsm_ceiling_01x04x0025_b.cgf
    [-0.00000064012100026, 1.00000042674731060, 0.00000000000000000, -8.00000200000000028]
    [-1.00000042674731060, -0.00000064012100026, -0.00000000000000000, 3.00002599999970698]
    [-0.00000000000000000, 0.00000000000000000, 1.00000042674751533, 6.00000199999999850]
  #158 objects/buildingsets/human/lowtech/alpha/int/hangar/roomsm/ceiling/roomsm_ceiling_02x04x0025_a.cgf
    [1.00000000000000000, 0.00000000000000000, 0.00000000000000000, -10.00000000000000000]
    [0.00000000000000000, 1.00000000000000000, 0.00000000000000000, 9.00000000000000000]
    [0.00000000000000000, 0.00000000000000000, 1.00000000000000000, 9.00000000000000000]
  #159 objects/buildingsets/human/lowtech/alpha/int/hangar/roomsm/ceiling/roomsm_ceiling_02x04x0025_a.cgf
    [-0.99999818376196381, 0.00000000000000000, 0.00000000000000000, -8.00000000000000000]
    [0.00000000000000000, -0.64278684560411048, 0.76604271332970986, 37.08942200000001321]
    [0.00000000000000000, 0.76604271332970986, 0.64278684560411103, 3.15708700000000064]
  #160 objects/buildingsets/human/lowtech/alpha/int/hangar/roomsm/wall/roomsm_wall_straight_04x01x08_a.cgf
    [1.00000000000000000, 0.00000000000000000, 0.00000000000000000, -11.00000000000000000]
    [0.00000000000000000, 1.00000000000000000, 0.00000000000000000, 2.00000000000000000]
    [0.00000000000000000, 0.00000000000000000, 1.00000000000000000, 0.00000000000000000]
  #161 objects/buildingsets/human/lowtech/alpha/int/hangar/roomsm/ceiling/roomsm_ceiling_alcove_08x04x01_a.cgf
    [-0.00000011813515886, 0.00000000000000006, -1.00000008796958006, -4.24997399999999992]
    [-0.64278817321420711, 0.76604408509897037, 0.00000007593587633, 38.66541099999994913]
    [0.76604408509896493, 0.64278817321421156, -0.00000009049673163, -11.20955599999999919]
  #162 objects/buildingsets/human/lowtech/alpha/int/roomsm/trim/roomsm_trim_sml_straight_04x005_a.cgf
    [-0.57357747764829481, -0.81915359089390460, -0.00000189538169434, -8.83734399999999987]
    [-0.00000070627646842, -0.00000181929368177, 1.00000186416803372, 32.87500600000021223]
    [-0.81915359089579287, 0.57357747764854117, 0.00000046495610906, 5.62249800000000022]
  #163 objects/buildingsets/human/lowtech/alpha/int/roomsm/wall/roomsm_lg_wall_02x01x12_a.cgf
    [-0.00000064012100026, 1.00000042674731060, 0.00000000000000000, -12.00000000000000000]
    [-1.00000042674731060, -0.00000064012100026, -0.00000000000000000, 9.00000000000000000]
    [-0.00000000000000000, 0.00000000000000000, 1.00000042674751533, -4.00000000000000000]
  #164 objects/buildingsets/human/lowtech/alpha/int/roomsm/floor/roomsm_floor_straight_04x02x0025_a.cgf
    [-0.00000064012100026, 1.00000042674731060, 0.00000000000000000, -4.00000000000000000]
    [-1.00000042674731060, -0.00000064012100026, -0.00000000000000000, 19.00000000000000000]
    [-0.00000000000000000, 0.00000000000000000, 1.00000042674751533, -3.00000000000000000]
  #165 objects/buildingsets/human/lowtech/alpha/int/roomsm/floor/roomsm_floor_straight_04x01x0025_a.cgf
    [1.00000008880430102, 0.00000000000000000, 0.00000000000000000, -12.00000999999999962]
    [0.00000000000000000, 0.76604459836237759, -0.64278756282961280, 39.30978599999980361]
    [0.00000000000000000, 0.64278756282961280, 0.76604459836237759, -0.28471700000000055]
  #166 objects/buildingsets/human/lowtech/alpha/int/roomsm/floor/roomsm_floor_straight_04x02x0025_g.cgf
    [1.00000000000000000, 0.00000000000000000, 0.00000000000000000, -8.00000600000000084]
    [0.00000000000000000, 1.00000000000000000, 0.00000000000000000, 7.00000199999976758]
    [0.00000000000000000, 0.00000000000000000, 1.00000000000000000, -3.00000000000000000]
  #167 objects/buildingsets/human/lowtech/alpha/int/hangar/roomsm/ceiling/roomsm_ceiling_04x04x0025_c.cgf
    [0.00000206657130024, -0.81915137138536809, -0.57357584392189176, -8.90903899999999993]
    [-0.99999910898612987, -0.00000193999507944, -0.00000083235693165, 25.00000499999987369]
    [-0.00000043090837673, 0.57357584392233374, -0.81915137138755212, 5.52010299999999887]
  #168 objects/buildingsets/human/lowtech/alpha/int/roomsm/wall/roomsm_wall_straight_engineering_04x01x04_c.cgf
    [-0.00000064012100026, 1.00000042674731060, 0.00000000000000000, -12.00000000000000000]
    [-1.00000042674731060, -0.00000064012100026, -0.00000000000000000, 17.00000000000000000]
    [-0.00000000000000000, 0.00000000000000000, 1.00000042674751533, -4.00000000000000000]
  #169 objects/buildingsets/human/lowtech/alpha/int/hangar/roomsm/addon/roomsm_addon_pillar_beam_01x04x0050_a.cgf
    [1.00000042674751533, 0.00000000000000000, 0.00000000000000000, -11.37500499999999981]
    [0.00000000000000000, -0.00000064012100026, -1.00000042674731060, 24.99999599999955535]
    [0.00000000000000000, 1.00000042674731060, -0.00000064012100026, -4.25000000000000000]
  #170 objects/buildingsets/human/lowtech/alpha/int/roomsm/wall/roomsm_wall_straight_engineering_04x01x04_g.cgf
    [-0.00000064012100026, 1.00000042674731060, 0.00000000000000000, -12.00000000000000000]
    [-1.00000042674731060, -0.00000064012100026, -0.00000000000000000, 33.00000000000000000]
    [-0.00000000000000000, 0.00000000000000000, 1.00000042674751533, 0.00000000000000000]
  #171 objects/buildingsets/human/lowtech/alpha/int/roomsm/floor/roomsm_floor_straight_04x04x0025_a.cgf
    [1.00000000000000000, 0.00000000000000000, 0.00000000000000000, -8.00000000000000000]
    [0.00000000000000000, 1.00000000000000000, 0.00000000000000000, 33.00000000000000000]
    [0.00000000000000000, 0.00000000000000000, 1.00000000000000000, -3.50000000000000000]
  #172 objects/buildingsets/human/lowtech/alpha/int/roomsm/wall/roomsm_lg_wall_04x01x04_a.cgf
    [-0.00000064012100026, 1.00000042674731060, 0.00000000000000000, -12.00000000000000000]
    [-1.00000042674731060, -0.00000064012100026, -0.00000000000000000, 33.00000000000000000]
    [-0.00000000000000000, 0.00000000000000000, 1.00000042674751533, 4.00000000000000000]
  #173 objects/buildingsets/human/lowtech/alpha/int/roomsm/floor/roomsm_floor_straight_04x02x0025_a.cgf
    [-0.00000064012100026, 1.00000042674731060, 0.00000000000000000, -11.00000000000000000]
    [-1.00000042674731060, -0.00000064012100026, -0.00000000000000000, 29.00000000000000000]
    [-0.00000000000000000, 0.00000000000000000, 1.00000042674751533, -4.00000000000000000]
  #174 objects/buildingsets/human/lowtech/alpha/int/roomsm/trim/roomsm_trim_straight_02x0025x01_a.cgf
    [-1.00000000000000000, 0.00000000000000000, 0.00000000000000000, -9.12500000000000000]
    [0.00000000000000000, -1.00000000000000000, 0.00000000000000000, 30.00000000000000000]
    [0.00000000000000000, 0.00000000000000000, 1.00000000000000000, -4.00000000000000000]
  #175 objects/buildingsets/human/lowtech/alpha/int/hangar/roomsm/ceiling/roomsm_ceiling_02x02x0025_b.cgf
    [0.00000222586390082, 0.00000000000000000, 1.00000085349492740, -11.25000000000000000]
    [0.00000000000000000, -1.00000085349740453, 0.00000000000000000, 20.00000000000000000]
    [1.00000085349492740, 0.00000000000000000, -0.00000222586390093, 5.99999899999999897]
  #176 objects/buildingsets/human/lowtech/alpha/int/hangar/roomsm/ceiling/roomsm_ceiling_01x04x0025_b.cgf
    [-0.00000064011970302, -0.99999840018852326, 0.00000000000000000, 0.00000000000000000]
    [0.99999840018852326, -0.00000064011970302, 0.00000000000000000, 22.41084299999965879]
    [0.00000000000000000, 0.00000000000000000, 0.99999840018872810, 7.82830500000000029]
  #177 objects/buildingsets/human/lowtech/alpha/int/roomsm/wall/roomsm_lg_wall_04x01x04_a.cgf
    [-0.00000064012100026, 1.00000042674731060, 0.00000000000000000, -12.00000000000000000]
    [-1.00000042674731060, -0.00000064012100026, -0.00000000000000000, 41.00000000000000000]
    [-0.00000000000000000, 0.00000000000000000, 1.00000042674751533, -4.00000000000000000]
  #178 objects/buildingsets/human/lowtech/alpha/int/hangar/roomsm/ceiling/roomsm_ceiling_01x04x0025_b.cgf
    [1.00000000000000000, 0.00000000000000000, 0.00000000000000000, -11.00000000000000000]
    [0.00000000000000000, 1.00000000000000000, 0.00000000000000000, 25.00000000000000000]
    [0.00000000000000000, 0.00000000000000000, 1.00000000000000000, 8.00000000000000000]
  #179 objects/buildingsets/human/lowtech/alpha/int/roomsm/wall/roomsm_wall_straight_08x01x04_b.cgf
    [-0.00000064012100026, 1.00000042674731060, 0.00000000000000000, -12.00000000000000000]
    [-1.00000042674731060, -0.00000064012100026, -0.00000000000000000, 21.00000000000000000]
    [-0.00000000000000000, 0.00000000000000000, 1.00000042674751533, 0.00000000000000000]
  #180 objects/buildingsets/human/lowtech/alpha/int/roomsm/trim/roomsm_trim_straight_04x0025x01_a.cgf
    [1.00000000000000000, 0.00000000000000000, 0.00000000000000000, -12.00000000000000000]
    [0.00000000000000000, 1.00000000000000000, 0.00000000000000000, 9.75000000000000000]
    [0.00000000000000000, 0.00000000000000000, 1.00000000000000000, 7.75000000000000000]
  #181 objects/buildingsets/human/lowtech/alpha/int/hangar/roomsm/addon/roomsm_addon_pillar_beam_01x04x0050_a.cgf
    [0.00000120256823322, 0.00000056998442491, 1.00000002400332733, -10.37500999999999962]
    [0.76604396226535088, -0.64278822008879444, -0.00000055484084704, 36.83431899999959569]
    [0.64278822008790892, 0.76604396226533977, -0.00000120962979253, 3.11253699999999967]
  #182 objects/buildingsets/human/lowtech/alpha/int/hangar/roomsm/ceiling/roomsm_ceiling_02x04x0025_a.cgf
    [1.00000000000000000, 0.00000000000000000, 0.00000000000000000, -10.00000000000000000]
    [0.00000000000000000, 1.00000000000000000, 0.00000000000000000, 21.00000000000000000]
    [0.00000000000000000, 0.00000000000000000, 1.00000000000000000, 8.00000000000000000]
  #183 objects/buildingsets/human/lowtech/alpha/int/hangar/roomsm/ceiling/roomsm_ceiling_02x04x0025_a.cgf
    [-1.50000197802149615, 0.00000000000000000, 0.00000000000000000, -8.12499599999999944]
    [0.00000000000000000, 0.96418225204839703, -1.14906854404046799, 6.80143099999986589]
    [-0.00000000000000000, -1.14906854404046799, -0.96418225204839736, 0.03802500000000109]
  #184 objects/buildingsets/human/lowtech/alpha/int/hangar/roomsm/ceiling/roomsm_ceiling_02x02x0025_b.cgf
    [1.14715138823894969, -0.00000184699578059, -1.63830556290508955, -11.51052999999999926]
    [-0.00000184699760164, 2.00000035624289918, -0.00000354804269336, 29.00000499999987369]
    [1.63830556290508955, 0.00000354804364134, 1.14715138823494978, 2.45858799999999889]
  #185 objects/buildingsets/human/lowtech/alpha/int/roomsm/trim/roomsm_trim_sml_straight_04x005_a.cgf
    [1.00000000000000000, 0.00000000000000000, 0.00000000000000000, -8.00000000000000000]
    [0.00000000000000000, 1.00000000000000000, 0.00000000000000000, 33.00000000000000000]
    [0.00000000000000000, 0.00000000000000000, 1.00000000000000000, -3.00000000000000000]
  #186 objects/buildingsets/human/lowtech/alpha/int/roomsm/floor/roomsm_floor_straight_04x03x0025_a.cgf
    [-0.00000064012100026, 1.00000042674731060, 0.00000000000000000, -11.00000000000000000]
    [-1.00000042674731060, -0.00000064012100026, -0.00000000000000000, 33.00000000000000000]
    [-0.00000000000000000, 0.00000000000000000, 1.00000042674751533, -3.00000000000000000]
  #187 objects/buildingsets/human/lowtech/alpha/int/roomsm/floor/roomsm_floor_straight_04x03x0025_a.cgf
    [-0.00000011813515917, -1.00000008796957984, 0.00000000000000000, -8.00000999999999962]
    [0.76604403628827811, -0.00000009049672619, -0.64278823138444041, 36.31047500000022410]
    [0.64278823138443586, -0.00000007593588332, 0.76604403628828344, -2.87500000000000000]
  #188 objects/buildingsets/human/lowtech/alpha/int/hangar/roomsm/ceiling/roomsm_ceiling_alcove_08x04x01_a.cgf
    [-0.00000011813516618, -0.00000000000000006, -1.00000014830072903, -4.24996599999999969]
    [0.64278821199436664, -0.76604413131527449, -0.00000007593588096, 44.02772199999981240]
    [-0.76604413131526916, -0.64278821199437108, 0.00000009049673751, -6.71004099999999681]
  #189 objects/buildingsets/human/lowtech/alpha/int/roomsm/wall/roomsm_lg_wall_04x01x04_a.cgf
    [-0.00000064012100026, 1.00000042674731060, 0.00000000000000000, -12.00000000000000000]
    [-1.00000042674731060, -0.00000064012100026, -0.00000000000000000, 37.00000000000000000]
    [-0.00000000000000000, 0.00000000000000000, 1.00000042674751533, 4.00000000000000000]
  #190 objects/buildingsets/human/lowtech/alpha/int/hangar/roomsm/addon/roomsm_addon_pillar_beam_01x04x0050_a.cgf
    [-1.00000085349466716, 0.00000000000000000, 0.00000000000000000, -8.00000000000000000]
    [0.00000000000000000, 0.00000064012127265, 1.00000085349446199, 6.75000000000000000]
    [0.00000000000000000, 1.00000085349446199, -0.00000064012127299, 0.25000000000000000]
  #191 objects/buildingsets/human/utilitarian/int/vents/util_a_vent_straight_01x02x02_a.cgf
    [1.00000000000000000, 0.00000000000000000, 0.00000000000000000, -11.50000000000000000]
    [0.00000000000000000, 1.00000000000000000, 0.00000000000000000, 19.00000000000000000]
    [0.00000000000000000, 0.00000000000000000, 1.00000000000000000, 7.00000000000000000]
  #192 objects/buildingsets/human/lowtech/alpha/int/roomsm/wall/roomsm_lg_wall_04x01x12_a.cgf
    [-0.00000064012100026, 1.00000042674731060, 0.00000000000000000, -12.00000000000000000]
    [-1.00000042674731060, -0.00000064012100026, -0.00000000000000000, 13.00000000000000000]
    [-0.00000000000000000, 0.00000000000000000, 1.00000042674751533, -4.00000000000000000]
  #193 objects/buildingsets/human/lowtech/alpha/int/roomsm/wall/roomsm_lg_wall_04x01x04_a.cgf
    [-0.00000064012100026, 1.00000042674731060, 0.00000000000000000, -12.00000000000000000]
    [-1.00000042674731060, -0.00000064012100026, -0.00000000000000000, 29.00000000000000000]
    [-0.00000000000000000, 0.00000000000000000, 1.00000042674751533, 4.00000000000000000]
  #194 objects/buildingsets/human/lowtech/alpha/int/roomsm/wall/roomsm_wall_straight_engineering_04x01x04_g.cgf
    [-0.00000064012100026, 1.00000042674731060, 0.00000000000000000, -12.00000000000000000]
    [-1.00000042674731060, -0.00000064012100026, -0.00000000000000000, 25.00000000000000000]
    [-0.00000000000000000, 0.00000000000000000, 1.00000042674751533, 0.00000000000000000]
  #195 objects/buildingsets/human/lowtech/alpha/int/roomsm/wall/roomsm_wall_straight_engineering_04x01x04_g.cgf
    [-0.00000064012100026, 1.00000042674731060, 0.00000000000000000, -12.00000000000000000]
    [-1.00000042674731060, -0.00000064012100026, -0.00000000000000000, 37.00000000000000000]
    [-0.00000000000000000, 0.00000000000000000, 1.00000042674751533, -4.00000000000000000]
  #196 objects/buildingsets/human/lowtech/alpha/int/hangar/roomsm/ceiling/roomsm_ceiling_04x04x0025_a.cgf
    [-0.00000064012327295, -0.00000282842862639, -1.00000085349312862, -4.49999199999999977]
    [-0.00000000000181054, -1.00000085349333356, 0.00000282842862639, 30.50000499999987369]
    [-1.00000085349712853, 0.00000000000362108, 0.00000064012327268, 11.87500000000000000]
  #197 objects/buildingsets/human/lowtech/alpha/int/roomsm/ceiling/roomsm_ceiling_straight_02x01x0025_a.cgf
    [-1.00000000000000000, 0.00000000000000000, 0.00000000000000000, -5.00000000000000000]
    [0.00000000000000000, 1.00000000000000000, 0.00000000000000000, 2.00000000000000000]
    [0.00000000000000000, 0.00000000000000000, -1.00000000000000000, 4.00000000000000000]
  #198 objects/buildingsets/human/lowtech/alpha/int/hangar/roomsm/ceiling/roomsm_ceiling_04x04x0025_a.cgf
    [-0.99999999999933320, -0.00000199999999495, 0.00000000000000000, -3.99999200000000021]
    [0.00000199999999495, -0.99999999999933320, 0.00000000000000000, 30.50000400000044465]
    [0.00000000000000000, 0.00000000000000000, 1.00000000000133338, 8.00000000000000000]
  #199 objects/buildingsets/human/lowtech/alpha/int/hangar/roomsm/addon/roomsm_addon_pillar_beam_01x04x0050_a.cgf
    [1.00000042674751533, 0.00000000000000000, 0.00000000000000000, -8.00000000000000000]
    [0.00000000000000000, -0.00000064012100026, -1.00000042674731060, 6.50000000000000000]
    [0.00000000000000000, 1.00000042674731060, -0.00000064012100026, 4.25000000000000000]
  #200 objects/buildingsets/human/utilitarian/int/vents/util_a_vent_straight_005x02x02_a.cgf
    [1.00000000000000000, 0.00000000000000000, 0.00000000000000000, -12.00000000000000000]
    [0.00000000000000000, 1.00000000000000000, 0.00000000000000000, 27.00000000000000000]
    [0.00000000000000000, 0.00000000000000000, 1.00000000000000000, -3.00000000000000000]
  #201 objects/buildingsets/human/lowtech/alpha/int/roomsm/wall/roomsm_wall_straight_08x01x04_b.cgf
    [-0.00000064012100026, 1.00000042674731060, 0.00000000000000000, -12.00000000000000000]
    [-1.00000042674731060, -0.00000064012100026, -0.00000000000000000, 25.00000000000000000]
    [-0.00000000000000000, 0.00000000000000000, 1.00000042674751533, -4.00000000000000000]
  #202 objects/buildingsets/human/lowtech/alpha/int/roomsm/trim/roomsm_trim_sml_straight_04x005_a.cgf
    [0.00000206657130024, -0.81915137138536809, -0.57357584392189176, -8.90903899999999993]
    [-0.99999910898612987, -0.00000193999507944, -0.00000083235693165, 33.00000499999987369]
    [-0.00000043090837673, 0.57357584392233374, -0.81915137138755212, 5.52010299999999887]
  #203 objects/buildingsets/human/lowtech/alpha/int/roomsm/trim/roomsm_trim_straight_02x0025x01_a.cgf
    [1.00000000000000000, 0.00000000000000000, 0.00000000000000000, -11.00000000000000000]
    [0.00000000000000000, 1.00000000000000000, 0.00000000000000000, 24.00000000000000000]
    [0.00000000000000000, 0.00000000000000000, 1.00000000000000000, -4.00000000000000000]
  #204 objects/buildingsets/human/lowtech/alpha/int/hangar/roomsm/addon/roomsm_addon_pillar_beam_01x04x0050_a.cgf
    [0.00000000000000000, 0.00000000000000000, -1.00000000000000000, -11.50000000000000000]
    [-1.00000000000000000, 0.00000000000000000, 0.00000000000000000, 13.00000000000000000]
    [0.00000000000000000, 1.00000000000000000, 0.00000000000000000, 0.00000000000000000]
  #205 objects/buildingsets/human/lowtech/alpha/int/hangar/roomsm/ceiling/roomsm_ceiling_01x04x0025_b.cgf
    [1.00000000000000000, 0.00000000000000000, 0.00000000000000000, -11.00000000000000000]
    [0.00000000000000000, 1.00000000000000000, 0.00000000000000000, 17.00000000000000000]
    [0.00000000000000000, 0.00000000000000000, 1.00000000000000000, 9.00000000000000000]
  #206 objects/buildingsets/human/lowtech/alpha/int/hangar/roomsm/ceiling/roomsm_ceiling_alcove_08x04x01_a.cgf
    [-0.00000011813515886, 0.00000000000000006, -1.00000008796958006, -4.24997999999999987]
    [-0.64278817321420711, 0.76604408509897037, 0.00000007593587633, 43.80771800000002258]
    [0.76604408509896493, 0.64278817321421156, -0.00000009049673163, -17.33791000000000082]
  #207 objects/buildingsets/human/lowtech/alpha/int/hangar/roomsm/ceiling/roomsm_ceiling_04x04x0025_b.cgf
    [1.00000000000000000, 0.00000000000000000, 0.00000000000000000, -11.50000200000000028]
    [0.00000000000000000, 1.00000000000000000, 0.00000000000000000, 3.00000400000044465]
    [0.00000000000000000, 0.00000000000000000, 1.00000000000000000, 7.00000000000000000]
  #208 objects/buildingsets/human/lowtech/alpha/int/hangar/roomsm/ceiling/roomsm_ceiling_04x04x0025_d.cgf
    [0.00000120256822325, -0.00000056998441997, -1.00000001553198437, -4.24997799999999959]
    [0.76604395577594397, 0.64278821464349833, 0.00000055484084245, 33.74428100000022823]
    [0.64278821464261282, -0.76604395577593287, 0.00000120962978225, 0.48918700000000115]
  #209 objects/buildingsets/human/lowtech/alpha/int/roomsm/floor/roomsm_floor_straight_04x02x0025_g.cgf
    [1.00000000000000000, 0.00000000000000000, 0.00000000000000000, -12.00000600000000084]
    [0.00000000000000000, 1.00000000000000000, 0.00000000000000000, 7.00000199999976758]
    [0.00000000000000000, 0.00000000000000000, 1.00000000000000000, -3.00000000000000000]
  #210 objects/buildingsets/human/lowtech/alpha/int/hangar/roomsm/ceiling/roomsm_ceiling_02x02x0025_a.cgf
    [0.00000000000000000, -1.00000000000000000, 0.00000000000000000, -1.00000000000000000]
    [0.00000000000000000, 0.00000000000000000, -1.00000000000000000, 2.12500000000000000]
    [1.00000000000000000, 0.00000000000000000, 0.00000000000000000, 4.00255599999999845]
  #211 objects/buildingsets/human/lowtech/alpha/ext/understructure/understructure_frame_sm_d.cgf
    [-0.00000000432536154, 0.50000000339860107, 0.00000000000000003, -4.25000300000000042]
    [-0.32139288877127103, -0.00000000278028086, 0.38302299466984813, 44.26741899999979069]
    [0.38302299466984813, 0.00000000331342581, 0.32139288877127109, -7.28778299999999746]
  #212 objects/buildingsets/human/lowtech/alpha/int/hangar/roomsm/addon/roomsm_addon_pillar_beam_01x04x0050_a.cgf
    [-1.00000085349466716, 0.00000000000000000, 0.00000000000000000, -11.37500000000000000]
    [0.00000000000000000, 0.00000064012127265, 1.00000085349446199, 29.00000000000000000]
    [0.00000000000000000, 1.00000085349446199, -0.00000064012127299, -4.25000000000000000]
  #213 objects/buildingsets/human/lowtech/alpha/int/hangar/roomsm/ceiling/roomsm_ceiling_alcove_08x04x01_a.cgf
    [-0.00000011813516618, -0.00000000000000006, -1.00000014830072903, -4.24995999999999974]
    [0.64278821199436664, -0.76604413131527449, -0.00000007593588096, 38.88541499999973894]
    [-0.76604413131526916, -0.64278821199437108, 0.00000009049673751, -0.58168699999999873]
  #214 objects/buildingsets/human/lowtech/alpha/int/hangar/roomsm/ceiling/roomsm_ceiling_01x04x0025_b.cgf
    [0.00000101618404605, -0.00000017604048321, 0.99999941104247470, -7.74999799999999972]
    [-0.25881896539323279, -0.96592523791395357, 0.00000009296581258, 6.74299200000041310]
    [0.96592523791342344, -0.25881896539318960, -0.00000102712103707, 7.00292500000000118]
  #215 objects/buildingsets/human/lowtech/alpha/ext/understructure/understructure_frame_sm_d.cgf
    [-0.00000000432536154, 0.50000000339860107, 0.00000000000000003, -4.24999600000000033]
    [-0.32139288877127103, -0.00000000278028086, 0.38302299466984813, 33.98283100000026025]
    [0.38302299466984813, 0.00000000331342581, 0.32139288877127109, 4.96893899999999888]
  #216 objects/buildingsets/human/lowtech/alpha/int/hangar/roomsm/ceiling/roomsm_ceiling_01x04x0025_b.cgf
    [-0.00000064012100026, -1.00000042674731060, 0.00000000000000000, -8.00000200000000028]
    [1.00000042674731060, -0.00000064012100026, 0.00000000000000000, 2.00002599999970698]
    [0.00000000000000000, 0.00000000000000000, 1.00000042674751533, 6.00000199999999850]
  #217 objects/buildingsets/human/lowtech/alpha/int/roomsm/wall/roomsm_lg_wall_04x01x04_a.cgf
    [-0.00000064012100026, 1.00000042674731060, 0.00000000000000000, -12.00000000000000000]
    [-1.00000042674731060, -0.00000064012100026, -0.00000000000000000, 33.00000000000000000]
    [-0.00000000000000000, 0.00000000000000000, 1.00000042674751533, -4.00000000000000000]
  #218 objects/buildingsets/human/lowtech/alpha/int/roomsm/floor/roomsm_floor_straight_04x01x0025_a.cgf
    [-0.00000064012100026, 1.00000042674731060, 0.00000000000000000, -9.00000000000000000]
    [-1.00000042674731060, -0.00000064012100026, -0.00000000000000000, 29.00000000000000000]
    [-0.00000000000000000, 0.00000000000000000, 1.00000042674751533, -3.00000000000000000]
  #219 objects/buildingsets/human/lowtech/alpha/int/hangar/roomsm/ceiling/roomsm_ceiling_04x04x0025_a.cgf
    [-0.99999999999933320, -0.00000199999999495, 0.00000000000000000, -4.00000000000000000]
    [0.00000199999999495, -0.99999999999933320, 0.00000000000000000, 26.50000400000044465]
    [0.00000000000000000, 0.00000000000000000, 1.00000000000133338, 8.00000000000000000]
  #220 objects/buildingsets/human/lowtech/alpha/int/hangar/roomsm/ceiling/roomsm_ceiling_01x04x0025_b.cgf
    [0.00000000000000000, -1.00000000000000000, 0.00000000000000000, -0.00000100000000000]
    [0.00000000000000000, 0.00000000000000000, -1.00000000000000000, 23.17833499999960623]
    [1.00000000000000000, 0.00000000000000000, 0.00000000000000000, 7.81307100000000077]
  #221 objects/buildingsets/human/lowtech/alpha/int/hangar/roomsm/addon/roomsm_addon_pillar_beam_01x04x0050_a.cgf
    [1.00000042674751533, 0.00000000000000000, 0.00000000000000000, -8.00000000000000000]
    [0.00000000000000000, -0.00000064012100026, -1.00000042674731060, 6.50000000000000000]
    [0.00000000000000000, 1.00000042674731060, -0.00000064012100026, 0.25000000000000000]
  #222 objects/buildingsets/human/lowtech/alpha/int/roomsm/floor/roomsm_floor_straight_04x03x0025_a.cgf
    [-0.00000064012100026, 1.00000042674731060, 0.00000000000000000, -11.00000000000000000]
    [-1.00000042674731060, -0.00000064012100026, -0.00000000000000000, 25.00000000000000000]
    [-0.00000000000000000, 0.00000000000000000, 1.00000042674751533, -3.00000000000000000]
  #223 objects/buildingsets/human/lowtech/alpha/int/roomsm/trim/roomsm_trim_sml_straight_02x005_a.cgf
    [1.00000000000000000, 0.00000000000000000, 0.00000000000000000, -3.00000000000000000]
    [0.00000000000000000, 1.00000000000000000, 0.00000000000000000, 3.00000000000000000]
    [0.00000000000000000, 0.00000000000000000, 1.00000000000000000, 4.00000000000000000]
  #224 objects/buildingsets/human/lowtech/alpha/int/hangar/roomsm/ceiling/roomsm_ceiling_02x04x0025_a.cgf
    [1.00000000000000000, 0.00000000000000000, 0.00000000000000000, -10.00000000000000000]
    [0.00000000000000000, 1.00000000000000000, 0.00000000000000000, 25.00000000000000000]
    [0.00000000000000000, 0.00000000000000000, 1.00000000000000000, 8.00000000000000000]
  #225 objects/buildingsets/human/lowtech/alpha/int/hangar/roomsm/ceiling/roomsm_ceiling_01x04x0025_b.cgf
    [1.00000000000000000, 0.00000000000000000, 0.00000000000000000, -11.00000000000000000]
    [0.00000000000000000, 1.00000000000000000, 0.00000000000000000, 9.00000000000000000]
    [0.00000000000000000, 0.00000000000000000, 1.00000000000000000, 9.00000000000000000]
  #226 objects/buildingsets/human/lowtech/alpha/int/roomsm/trim/roomsm_trim_sml_straight_04x005_a.cgf
    [-0.00000064012100026, -1.00000042674731060, 0.00000000000000000, -9.00000000000000000]
    [1.00000042674731060, -0.00000064012100026, 0.00000000000000000, 25.00000000000000000]
    [0.00000000000000000, 0.00000000000000000, 1.00000042674751533, -3.00000000000000000]
  #227 objects/buildingsets/human/lowtech/alpha/int/roomsm/trim/roomsm_trim_sml_straight_04x005_a.cgf
    [0.00000206657130024, -0.81915137138536809, -0.57357584392189176, -8.90903899999999993]
    [-0.99999910898612987, -0.00000193999507944, -0.00000083235693165, 25.00000499999987369]
    [-0.00000043090837673, 0.57357584392233374, -0.81915137138755212, 5.52010299999999887]
  #228 objects/buildingsets/human/lowtech/alpha/int/roomsm/floor/roomsm_floor_straight_04x01x0025_a.cgf
    [1.00000008880430102, 0.00000000000000000, 0.00000000000000000, -8.00000999999999962]
    [0.00000000000000000, 0.76604459836237759, -0.64278756282961280, 39.30978599999980361]
    [0.00000000000000000, 0.64278756282961280, 0.76604459836237759, -0.28471700000000055]
  #229 objects/buildingsets/human/lowtech/alpha/int/hangar/roomsm/wall/roomsm_wall_cornerout_01x01x04_a.cgf
    [1.00000000000000000, 0.00000000000000000, 0.00000000000000000, -7.00000000000000000]
    [0.00000000000000000, 1.00000000000000000, 0.00000000000000000, 2.00000000000000000]
    [0.00000000000000000, 0.00000000000000000, 1.00000000000000000, 0.00000000000000000]
  #230 objects/buildingsets/human/lowtech/alpha/int/roomsm/trim/roomsm_trim_sml_straight_04x005_a.cgf
    [-0.00000064012100026, -1.00000042674731060, 0.00000000000000000, 11.00000000000000000]
    [1.00000042674731060, -0.00000064012100026, 0.00000000000000000, 17.00000000000000000]
    [0.00000000000000000, 0.00000000000000000, 1.00000042674751533, 4.00000000000000000]
  #231 objects/buildingsets/human/lowtech/alpha/int/roomsm/floor/roomsm_floor_straight_04x04x0025_a.cgf
    [1.00000008880430102, 0.00000000000000000, 0.00000000000000000, 3.99998999999999993]
    [0.00000000000000000, 0.76604459836237759, -0.64278756282961280, 36.31047500000022410]
    [0.00000000000000000, 0.64278756282961280, 0.76604459836237759, -2.87500000000000000]
  #232 objects/buildingsets/human/lowtech/alpha/int/hangar/roomsm/wall/roomsm_wall_straight_04x01x04_b.cgf
    [-0.00000064012100026, -1.00000042674731060, 0.00000000000000000, 12.00000000000000000]
    [1.00000042674731060, -0.00000064012100026, 0.00000000000000000, 3.00000000000000000]
    [0.00000000000000000, 0.00000000000000000, 1.00000042674751533, -4.00000000000000000]
  #233 objects/buildingsets/human/lowtech/alpha/int/roomsm/wall/roomsm_wall_straight_engineering_04x01x04_g.cgf
    [-0.00000064012100026, -1.00000042674731060, 0.00000000000000000, 12.00000000000000000]
    [1.00000042674731060, -0.00000064012100026, 0.00000000000000000, 25.00000000000000000]
    [0.00000000000000000, 0.00000000000000000, 1.00000042674751533, 0.00000000000000000]
  #234 objects/buildingsets/human/lowtech/alpha/ext/understructure/understructure_frame_sm_d.cgf
    [-0.00000000432536154, 0.50000000339860107, 0.00000000000000003, 10.12500400000000056]
    [-0.32139288877127103, -0.00000000278028086, 0.38302299466984813, 33.98283100000026025]
    [0.38302299466984813, 0.00000000331342581, 0.32139288877127109, 4.96893899999999888]
  #235 objects/buildingsets/human/lowtech/alpha/int/roomsm/trim/roomsm_trim_straight_04x0025x01_a.cgf
    [-0.00000064012100026, 1.00000042674731060, 0.00000000000000000, 7.00000000000000000]
    [-1.00000042674731060, -0.00000064012100026, -0.00000000000000000, 7.00000000000000000]
    [-0.00000000000000000, 0.00000000000000000, 1.00000042674751533, -4.00000000000000000]
  #236 objects/buildingsets/human/lowtech/alpha/int/roomsm/floor/roomsm_floor_straight_02x02x0025_a.cgf
    [-0.00000064012100026, 1.00000042674731060, 0.00000000000000000, 2.00000000000000000]
    [-1.00000042674731060, -0.00000064012100026, -0.00000000000000000, 19.00000000000000000]
    [-0.00000000000000000, 0.00000000000000000, 1.00000042674751533, -3.00000000000000000]
  #237 objects/buildingsets/human/lowtech/alpha/int/hangar/roomsm/ceiling/roomsm_ceiling_02x02x0025_b.cgf
    [-1.14715382401130328, 0.00000184699566705, 1.63830546220232853, 11.61932000000000009]
    [0.00000184699748811, -2.00000167085259006, 0.00000354804692147, 33.03596699999980046]
    [1.63830546220232853, 0.00000354804786946, 1.14715382400730315, 2.45858199999999982]
  #238 objects/buildingsets/human/lowtech/alpha/int/roomsm/floor/roomsm_floor_straight_04x03x0025_a.cgf
    [-0.00000064012100026, 1.00000042674731060, 0.00000000000000000, 8.00000000000000000]
    [-1.00000042674731060, -0.00000064012100026, -0.00000000000000000, 13.00000000000000000]
    [-0.00000000000000000, 0.00000000000000000, 1.00000042674751533, -3.00000000000000000]
  #239 objects/buildingsets/human/lowtech/alpha/int/roomlg/floor/roomlg_floor_straight_08x04x0025_a.cgf
    [-0.00000011813515163, 0.00000132677005984, -0.99999954208657094, 4.25000000000000000]
    [0.64278680596255255, -0.76604451976004162, -0.00000109230115023, 21.00000000000000000]
    [-0.76604451976081112, -0.64278680596211135, -0.00000076233385272, 16.00000000000000000]
  #240 objects/buildingsets/human/lowtech/alpha/int/roomlg/fan/roomlg_util_fan_frame_a.cgf
    [-0.00000013335328409, 0.16383055153486029, -0.11471525771364903, 9.50000000000000000]
    [-0.20000009992128862, -0.00000010923662659, 0.00000007648828533, 31.00000000000000000]
    [0.00000000000005100, 0.11471525771367452, 0.16383055153489673, 3.58647099999999952]
  #241 objects/buildingsets/human/lowtech/alpha/int/hangar/roomsm/ceiling/roomsm_ceiling_01x04x0025_b.cgf
    [0.00000139042605962, -0.99999789124697891, 0.00000054838138930, 4.00000000000000000]
    [-0.70710535800945007, -0.00000137094395165, -0.70710522213676708, 33.35305100000005041]
    [0.70710522213672899, 0.00000059541536464, -0.70710535801056640, -5.41867700000000241]
  #242 objects/buildingsets/human/lowtech/alpha/int/hangar/roomsm/ceiling/roomsm_ceiling_04x04x0025_b.cgf
    [-0.00000064012100026, -1.00000042674731060, 0.00000000000000000, 8.00002199999999952]
    [1.00000042674731060, -0.00000064012100026, 0.00000000000000000, 2.74428100000022823]
    [0.00000000000000000, 0.00000000000000000, 1.00000042674751533, -0.01081299999999885]
  #243 objects/buildingsets/human/lowtech/alpha/int/hangar/roomsm/ceiling/roomsm_ceiling_01x04x0025_b.cgf
    [-0.00000064012127299, -0.00000000000000000, -1.00000085349446199, 9.75000000000000000]
    [0.00000000000000000, -1.00000085349466716, 0.00000000000000000, 33.00000000000000000]
    [-1.00000085349446199, 0.00000000000000000, 0.00000064012127265, 9.00000000000000000]
  #244 objects/buildingsets/human/lowtech/alpha/int/roomsm/wall/roomsm_lg_wall_04x01x01_a.cgf
    [-0.00000064012100026, -1.00000042674731060, 0.00000000000000000, 11.00000000000000000]
    [1.00000042674731060, -0.00000064012100026, 0.00000000000000000, 25.00000000000000000]
    [0.00000000000000000, 0.00000000000000000, 1.00000042674751533, 4.00000000000000000]
  #245 objects/buildingsets/human/lowtech/alpha/int/roomsm/trim/roomsm_trim_sml_straight_04x005_a.cgf
    [0.57357524998865395, 0.81915406521313816, -0.00000000000000006, 8.83734399999999987]
    [-0.00000038087181706, 0.00000026668810776, -1.00000097497679508, 21.12500000000000000]
    [-0.81915406521304956, 0.57357524998859188, 0.00000046495794203, 5.62249900000000125]
  #246 objects/buildingsets/human/lowtech/alpha/int/roomsm/trim/roomsm_trim_sml_straight_04x005_a.cgf
    [-0.00000066676665369, 0.81915304373936926, 0.57357648887293611, 8.90903899999999993]
    [1.00000084882727891, 0.00000054618361639, 0.00000038244114247, 29.00000000000000000]
    [-0.00000000000025507, 0.57357648887306356, -0.81915304373955145, 5.52010299999999887]
  #247 objects/buildingsets/human/lowtech/alpha/int/roomsm/wall/roomsm_wall_straight_engineering_04x01x04_d.cgf
    [-0.00000064012100026, -1.00000042674731060, 0.00000000000000000, 12.00000000000000000]
    [1.00000042674731060, -0.00000064012100026, 0.00000000000000000, 13.00000000000000000]
    [0.00000000000000000, 0.00000000000000000, 1.00000042674751533, -4.00000000000000000]
  #248 objects/buildingsets/human/lowtech/alpha/int/hangar/roomsm/ceiling/roomsm_ceiling_01x04x0025_b.cgf
    [1.00000000000000000, 0.00000000000000000, 0.00000000000000000, 10.00000000000000000]
    [0.00000000000000000, 1.00000000000000000, 0.00000000000000000, 17.00000000000000000]
    [0.00000000000000000, 0.00000000000000000, 1.00000000000000000, 8.00000000000000000]
  #249 objects/buildingsets/human/lowtech/alpha/int/roomsm/floor/roomsm_floor_straight_04x02x0025_i.cgf
    [-0.00000064012100026, 1.00000042674731060, 0.00000000000000000, 3.99999400000000005]
    [-1.00000042674731060, -0.00000064012100026, -0.00000000000000000, 6.99999000000025262]
    [-0.00000000000000000, 0.00000000000000000, 1.00000042674751533, 0.00000000000000000]
  #250 objects/buildingsets/human/lowtech/alpha/int/hangar/roomsm/ceiling/roomsm_ceiling_02x04x0025_a.cgf
    [1.00000000536175371, 0.00000198289001551, -0.00000026105201318, 8.99999799999999972]
    [-0.00000198288999956, 0.96592592080709394, -0.25881871307257359, 3.00000400000044465]
    [-0.00000026105213436, 0.25881871307257359, 0.96592592080909390, 6.00000000000000000]
  #251 objects/buildingsets/human/lowtech/alpha/int/hangar/roomsm/ceiling/roomsm_ceiling_02x04x0025_a.cgf
    [-1.00000000000000000, 0.00000000000000000, 0.00000000000000000, 10.00002199999999952]
    [0.00000000000000000, -1.00000000000000000, 0.00000000000000000, 6.74428100000022823]
    [0.00000000000000000, 0.00000000000000000, 1.00000000000000000, -0.01081299999999885]
  #252 objects/buildingsets/human/lowtech/alpha/int/hangar/roomsm/ceiling/roomsm_ceiling_alcove_08x04x01_a.cgf
    [-0.00000011813516618, 0.00000000000000006, 1.00000014830072903, 4.25002000000000013]
    [-0.64278821199436664, -0.76604413131527449, -0.00000007593588096, 49.17002500000035070]
    [0.76604413131526916, -0.64278821199437108, 0.00000009049673751, -12.83839199999999892]
  #253 objects/buildingsets/human/lowtech/alpha/int/hangar/roomsm/ceiling/roomsm_ceiling_02x02x0025_a.cgf
    [0.00000222586390082, 0.00000000000000000, 1.00000085349492740, 11.25000000000000000]
    [0.00000000000000000, -1.00000085349740453, 0.00000000000000000, 28.00000000000000000]
    [1.00000085349492740, 0.00000000000000000, -0.00000222586390093, 4.00000000000000000]
  #254 objects/buildingsets/human/lowtech/alpha/int/roomsm/floor/roomsm_floor_straight_04x02x0025_a.cgf
    [-0.00000064012100026, 1.00000042674731060, 0.00000000000000000, 2.00000000000000000]
    [-1.00000042674731060, -0.00000064012100026, -0.00000000000000000, 27.00000000000000000]
    [-0.00000000000000000, 0.00000000000000000, 1.00000042674751533, -3.00000000000000000]
  #255 objects/buildingsets/human/lowtech/alpha/int/hangar/roomsm/ceiling/roomsm_ceiling_02x04x0025_a.cgf
    [1.00000000000000000, 0.00000000000000000, 0.00000000000000000, 8.00000000000000000]
    [0.00000000000000000, 1.00000000000000000, 0.00000000000000000, 17.00000000000000000]
    [0.00000000000000000, 0.00000000000000000, 1.00000000000000000, 8.00000000000000000]
  #256 objects/buildingsets/human/lowtech/alpha/int/hangar/roomsm/ceiling/roomsm_ceiling_02x02x0025_b.cgf
    [-1.14715382401130328, 0.00000184699566705, 1.63830546220232853, 11.61932000000000009]
    [0.00000184699748811, -2.00000167085259006, 0.00000354804692147, 25.03596699999980046]
    [1.63830546220232853, 0.00000354804786946, 1.14715382400730315, 2.45858199999999982]
  #257 objects/buildingsets/human/lowtech/alpha/int/hangar/roomsm/addon/roomsm_addon_pillar_beam_01x04x0050_a.cgf
    [0.00000120256823322, -0.00000056998442491, -1.00000002400332733, 10.49999000000000038]
    [-0.76604396226535088, -0.64278822008879444, -0.00000055484084704, 36.83431899999959569]
    [-0.64278822008790892, 0.76604396226533977, -0.00000120962979253, 3.11253699999999967]
  #258 objects/buildingsets/human/lowtech/alpha/int/hangar/roomsm/ceiling/roomsm_ceiling_04x04x0025_a.cgf
    [0.00000000000000000, 0.00000000000000000, 1.00000000000000000, 4.24999000000000038]
    [-1.00000000000000000, 0.00000000000000000, 0.00000000000000000, 35.81047500000022410]
    [0.00000000000000000, -1.00000000000000000, 0.00000000000000000, -3.25677299999999903]
  #259 objects/buildingsets/human/lowtech/alpha/int/hangar/roomsm/addon/roomsm_addon_pillar_beam_01x04x0050_a.cgf
    [0.00000000000000000, 0.00000000000000000, 1.00000000000000000, 11.50000000000000000]
    [1.00000000000000000, 0.00000000000000000, 0.00000000000000000, 13.00000000000000000]
    [0.00000000000000000, 1.00000000000000000, 0.00000000000000000, 4.00000000000000000]
  #260 objects/buildingsets/human/lowtech/alpha/int/hangar/roomsm/ceiling/roomsm_ceiling_02x04x0025_a.cgf
    [1.00000000000000000, 0.00000000000000000, 0.00000000000000000, 8.00000000000000000]
    [0.00000000000000000, 1.00000000000000000, 0.00000000000000000, 21.00000000000000000]
    [0.00000000000000000, 0.00000000000000000, 1.00000000000000000, 8.00000000000000000]
  #261 objects/buildingsets/human/lowtech/alpha/int/hangar/roomsm/ceiling/roomsm_ceiling_02x02x0025_b.cgf
    [-0.00000064012100026, -0.00000000000000000, -1.00000042674731060, 11.25000000000000000]
    [0.00000000000000000, 1.00000042674751533, -0.00000000000000000, 26.00000000000000000]
    [1.00000042674731060, 0.00000000000000000, -0.00000064012100026, 6.00000000000000000]
  #262 objects/buildingsets/human/lowtech/alpha/int/roomsm/wall/roomsm_lg_wall_02x01x04_a.cgf
    [-0.00000064012100026, -1.00000042674731060, 0.00000000000000000, 7.00000000000000000]
    [1.00000042674731060, -0.00000064012100026, 0.00000000000000000, 0.00000000000000000]
    [0.00000000000000000, 0.00000000000000000, 1.00000042674751533, 0.00000000000000000]
  #263 objects/buildingsets/human/lowtech/alpha/int/hangar/roomsm/ceiling/roomsm_ceiling_04x04x0025_d.cgf
    [0.00000120256579648, 0.00000056998326991, 0.99999799744535611, 4.25002200000000041]
    [0.76604240983289007, -0.64278691744123417, -0.00000055483972262, 31.41417600000022503]
    [0.64278691744034888, 0.76604240983287897, -0.00000120962734114, 3.26609799999999950]
  #264 objects/buildingsets/human/lowtech/alpha/int/roomsm/floor/roomsm_floor_straight_04x01x0025_a.cgf
    [1.00000008880430102, 0.00000000000000000, 0.00000000000000000, 7.99999000000000038]
    [0.00000000000000000, 0.76604459836237759, -0.64278756282961280, 39.30978599999980361]
    [0.00000000000000000, 0.64278756282961280, 0.76604459836237759, -0.28471700000000055]
  #265 objects/buildingsets/human/lowtech/alpha/int/roomsm/floor/roomsm_floor_straight_04x02x0025_e.cgf
    [-0.00000064012100026, -1.00000042674731060, 0.00000000000000000, 4.00000000000000000]
    [1.00000042674731060, -0.00000064012100026, 0.00000000000000000, 19.00000000000000000]
    [0.00000000000000000, 0.00000000000000000, 1.00000042674751533, -3.00000000000000000]
  #266 objects/buildingsets/human/lowtech/alpha/int/hangar/roomsm/ceiling/roomsm_ceiling_01x04x0025_b.cgf
    [-0.00000064012100026, 1.00000042674731060, 0.00000000000000000, 7.99999799999999972]
    [-1.00000042674731060, -0.00000064012100026, -0.00000000000000000, 3.00001599999995960]
    [-0.00000000000000000, 0.00000000000000000, 1.00000042674751533, 5.99999800000000150]
  #267 objects/buildingsets/human/lowtech/alpha/int/hangar/roomsm/ceiling/roomsm_ceiling_01x04x0025_b.cgf
    [1.00000000000000000, 0.00000000000000000, 0.00000000000000000, 10.00000000000000000]
    [0.00000000000000000, 1.00000000000000000, 0.00000000000000000, 29.00000000000000000]
    [0.00000000000000000, 0.00000000000000000, 1.00000000000000000, 9.00000000000000000]
  #268 objects/buildingsets/human/lowtech/alpha/int/hangar/roomsm/ceiling/roomsm_ceiling_02x04x0025_a.cgf
    [0.00000000000000000, -1.00000000000000000, 0.00000000000000000, 7.00000000000000000]
    [0.00000000000000000, 0.00000000000000000, -1.00000000000000000, 2.12499899999966146]
    [1.00000000000000000, 0.00000000000000000, 0.00000000000000000, 4.00255699999999948]
  #269 objects/buildingsets/human/lowtech/alpha/int/roomsm/floor/roomsm_floor_straight_02x02x0025_a.cgf
    [1.00000000000000000, 0.00000000000000000, 0.00000000000000000, 8.00000000000000000]
    [0.00000000000000000, 1.00000000000000000, 0.00000000000000000, 7.00000000000000000]
    [0.00000000000000000, 0.00000000000000000, 1.00000000000000000, -3.00000000000000000]
  #270 objects/buildingsets/human/lowtech/alpha/int/roomsm/trim/roomsm_trim_sml_straight_04x005_a.cgf
    [0.57357524998865395, 0.81915406521313816, -0.00000000000000006, 8.83734499999999912]
    [-0.00000038087181706, 0.00000026668810776, -1.00000097497679508, 32.87500000000000000]
    [-0.81915406521304956, 0.57357524998859188, 0.00000046495794203, 5.62249900000000125]
  #271 objects/buildingsets/human/lowtech/alpha/int/roomlg/floor/roomlg_floor_straight_08x04x0025_a.cgf
    [-0.00000011813515163, 0.00000132677005984, -0.99999954208657094, 4.24999699999999958]
    [0.64278680596255255, -0.76604451976004162, -0.00000109230115023, 24.06417799999962881]
    [-0.76604451976081112, -0.64278680596211135, -0.00000076233385272, 18.57114999999999938]
  #272 objects/buildingsets/human/lowtech/alpha/int/roomsm/wall/roomsm_lg_wall_04x01x04_a.cgf
    [-0.00000064012100026, -1.00000042674731060, 0.00000000000000000, 12.00000000000000000]
    [1.00000042674731060, -0.00000064012100026, 0.00000000000000000, 33.00000000000000000]
    [0.00000000000000000, 0.00000000000000000, 1.00000042674751533, 4.00000000000000000]
  #273 objects/buildingsets/human/lowtech/alpha/int/hangar/roomsm/ceiling/roomsm_ceiling_01x04x0025_b.cgf
    [-0.99999929212040251, 0.00000000000000000, 0.00000000000000000, 9.00000400000000056]
    [0.00000000000000000, 0.64278686538481056, -0.76604414359100448, 6.80143099999986589]
    [-0.00000000000000000, -0.76604414359100448, -0.64278686538481067, 0.03802500000000109]
  #274 objects/buildingsets/human/lowtech/alpha/int/hangar/roomsm/wall/roomsm_wall_straight_04x01x04_b.cgf
    [-0.00000064012100026, -1.00000042674731060, 0.00000000000000000, 12.00000000000000000]
    [1.00000042674731060, -0.00000064012100026, 0.00000000000000000, 21.00000000000000000]
    [0.00000000000000000, 0.00000000000000000, 1.00000042674751533, -4.00000000000000000]
  #275 objects/buildingsets/human/lowtech/alpha/int/hangar/roomsm/ceiling/roomsm_ceiling_01x04x0025_b.cgf
    [1.00000000000000000, 0.00000000000000000, 0.00000000000000000, 10.00000000000000000]
    [0.00000000000000000, 1.00000000000000000, 0.00000000000000000, 13.00000000000000000]
    [0.00000000000000000, 0.00000000000000000, 1.00000000000000000, 8.00000000000000000]
  #276 objects/buildingsets/human/lowtech/alpha/int/roomsm/floor/roomsm_floor_straight_04x01x0025_a.cgf
    [1.00000008880430102, 0.00000000000000000, 0.00000000000000000, 3.99998999999999993]
    [0.00000000000000000, 0.76604459836237759, -0.64278756282961280, 39.30978599999980361]
    [0.00000000000000000, 0.64278756282961280, 0.76604459836237759, -0.28471700000000055]
  #277 objects/buildingsets/human/lowtech/alpha/int/hangar/roomsm/ceiling/roomsm_ceiling_01x04x0025_b.cgf
    [1.00000000536175371, 0.00000198289001551, -0.00000026105201318, 8.00000600000000084]
    [-0.00000198288999956, 0.96592592080709394, -0.25881871307257359, 6.86370799999986048]
    [-0.00000026105213436, 0.25881871307257359, 0.96592592080909390, 7.03527499999999861]
  #278 objects/buildingsets/human/lowtech/alpha/int/hangar/roomsm/wall/roomsm_wall_cornerout_01x01x04_a.cgf
    [-0.00000064012100026, -1.00000042674731060, 0.00000000000000000, 7.00000000000000000]
    [1.00000042674731060, -0.00000064012100026, 0.00000000000000000, 2.00000000000000000]
    [0.00000000000000000, 0.00000000000000000, 1.00000042674751533, 0.00000000000000000]
  #279 objects/buildingsets/human/lowtech/alpha/int/hangar/roomsm/ceiling/roomsm_ceiling_02x04x0025_a.cgf
    [-0.99999929212040251, 0.00000000000000000, 0.00000000000000000, 10.87500400000000056]
    [0.00000000000000000, 0.64278686538481056, -0.76604414359100448, 6.80143099999986589]
    [-0.00000000000000000, -0.76604414359100448, -0.64278686538481067, 0.03802500000000109]
  #280 objects/buildingsets/human/lowtech/alpha/int/hangar/roomsm/ceiling/roomsm_ceiling_04x04x0025_c.cgf
    [0.57357782099211208, 0.81915060247286142, 0.00000066168118438, 8.90191699999999919]
    [-0.00000105349614393, 0.00000154543370585, -0.99999961313125052, 24.93750100000033854]
    [-0.81915060247245108, 0.57357782099041155, 0.00000174939917536, 5.68565200000000104]
  #281 objects/buildingsets/human/lowtech/alpha/int/roomsm/floor/roomsm_floor_straight_04x03x0025_a.cgf
    [-0.00000011813515917, -1.00000008796957984, 0.00000000000000000, 10.99999000000000038]
    [0.76604403628827811, -0.00000009049672619, -0.64278823138444041, 36.31047500000022410]
    [0.64278823138443586, -0.00000007593588332, 0.76604403628828344, -2.87500000000000000]
  #282 objects/buildingsets/human/lowtech/alpha/int/hangar/roomsm/ceiling/roomsm_ceiling_01x04x0025_b.cgf
    [-0.00000064012100026, 0.00000000000000000, 1.00000042674731060, 11.25000000000000000]
    [0.00000000000000000, 1.00000042674751533, 0.00000000000000000, 29.00000000000000000]
    [-1.00000042674731060, 0.00000000000000000, -0.00000064012100026, 9.00000000000000000]
  #283 objects/buildingsets/human/lowtech/alpha/int/roomsm/trim/roomsm_trim_sml_straight_02x005_a.cgf
    [-0.00000064012100026, -1.00000042674731060, 0.00000000000000000, 11.00000000000000000]
    [1.00000042674731060, -0.00000064012100026, 0.00000000000000000, 7.00000000000000000]
    [0.00000000000000000, 0.00000000000000000, 1.00000042674751533, 4.00000000000000000]
  #284 objects/buildingsets/human/lowtech/alpha/int/roomsm/floor/roomsm_floor_straight_04x01x0025_b.cgf
    [-0.00000064012100026, 1.00000042674731060, 0.00000000000000000, 7.99999400000000005]
    [-1.00000042674731060, -0.00000064012100026, -0.00000000000000000, 7.00000199999976758]
    [-0.00000000000000000, 0.00000000000000000, 1.00000042674751533, -4.00000000000000000]
  #285 objects/buildingsets/human/lowtech/alpha/int/hangar/roomsm/addon/roomsm_addon_pillar_beam_01x04x0050_a.cgf
    [1.00000042674751533, 0.00000000000000000, 0.00000000000000000, 11.37500000000000000]
    [0.00000000000000000, -0.00000064012100026, -1.00000042674731060, 21.00000000000000000]
    [0.00000000000000000, 1.00000042674731060, -0.00000064012100026, -4.25000000000000000]
  #286 objects/buildingsets/human/lowtech/alpha/int/hangar/roomsm/ceiling/roomsm_ceiling_04x04x0025_d.cgf
    [0.00000120256579648, 0.00000056998326991, 0.99999799744535611, 4.25002200000000041]
    [0.76604240983289007, -0.64278691744123417, -0.00000055483972262, 36.47612800000024436]
    [0.64278691744034888, 0.76604240983287897, -0.00000120962734114, -2.76650199999999913]
  #287 objects/buildingsets/human/lowtech/alpha/int/hangar/roomsm/ceiling/roomsm_ceiling_04x04x0025_c.cgf
    [0.00000120256823322, 0.00000056998442491, 1.00000002400332733, 4.25002000000000013]
    [0.76604396226535088, -0.64278822008879444, -0.00000055484084704, 28.84303100000033737]
    [0.64278822008790892, 0.76604396226533977, -0.00000120962979253, 6.33027399999999929]
  #288 objects/buildingsets/human/lowtech/alpha/int/hangar/roomsm/ceiling/roomsm_ceiling_04x04x0025_c.cgf
    [-0.00000066676640496, 0.81915137138693506, 0.57357584392298899, 9.01783900000000038]
    [0.99999910898804278, 0.00000079334227987, 0.00000002946148148, 21.03596800000013900]
    [-0.00000043090893872, 0.57357584392282779, -0.81915137138720595, 5.52010299999999887]
  #289 objects/buildingsets/human/lowtech/alpha/int/roomsm/wall/roomsm_wall_straight_engineering_04x01x04_g.cgf
    [-0.00000064012100026, -1.00000042674731060, 0.00000000000000000, 12.00000000000000000]
    [1.00000042674731060, -0.00000064012100026, 0.00000000000000000, 29.00000000000000000]
    [0.00000000000000000, 0.00000000000000000, 1.00000042674751533, 0.00000000000000000]
  #290 objects/buildingsets/human/lowtech/alpha/int/roomsm/floor/roomsm_floor_straight_02x01x0025_a.cgf
    [-0.00000064012100026, -1.00000042674731060, 0.00000000000000000, 11.00000000000000000]
    [1.00000042674731060, -0.00000064012100026, 0.00000000000000000, 7.00000000000000000]
    [0.00000000000000000, 0.00000000000000000, 1.00000042674751533, -3.00000000000000000]
  #291 objects/buildingsets/human/lowtech/alpha/int/hangar/roomsm/ceiling/roomsm_ceiling_02x04x0025_a.cgf
    [0.00000000000000000, -1.00000000000000000, 0.00000000000000000, 11.50000000000000000]
    [0.00000000000000000, 0.00000000000000000, 1.00000000000000000, 7.00000000000000000]
    [-1.00000000000000000, 0.00000000000000000, 0.00000000000000000, -2.00000000000000000]
  #292 objects/buildingsets/human/lowtech/alpha/int/roomlg/fan/roomlg_util_fan_frame_a.cgf
    [-0.00000013335328409, 0.16383055153486029, -0.11471525771364903, 9.50000000000000000]
    [-0.20000009992128862, -0.00000010923662659, 0.00000007648828533, 23.00000000000000000]
    [0.00000000000005100, 0.11471525771367452, 0.16383055153489673, 3.58647099999999952]
  #293 objects/buildingsets/human/lowtech/alpha/int/roomsm/trim/roomsm_trim_straight_04x0025x01_a.cgf
    [-0.00000064012100026, 1.00000042674731060, 0.00000000000000000, 8.00000000000000000]
    [-1.00000042674731060, -0.00000064012100026, -0.00000000000000000, 25.00000000000000000]
    [-0.00000000000000000, 0.00000000000000000, 1.00000042674751533, -4.00000000000000000]
  #294 objects/buildingsets/human/lowtech/alpha/int/stairs/stairs_base_04x06x0325_a.cgf
    [-1.00000000000000000, 0.00000000000000000, 0.00000000000000000, 4.00000000000000000]
    [0.00000000000000000, -1.00000000000000000, 0.00000000000000000, 12.99999800000023242]
    [0.00000000000000000, 0.00000000000000000, 1.00000000000000000, -3.00000000000000000]
  #295 objects/buildingsets/human/lowtech/alpha/int/hangar/roomsm/ceiling/roomsm_ceiling_04x04x0025_a.cgf
    [-0.00000064012327295, -0.00000282842862639, 1.00000085349312862, 4.37500800000000023]
    [-0.00000000000181054, -1.00000085349333356, -0.00000282842862639, 30.49998700000014651]
    [1.00000085349712853, -0.00000000000362108, 0.00000064012327268, 8.00000000000000000]
  #296 objects/buildingsets/human/lowtech/alpha/int/roomsm/wall/roomsm_wall_straight_08x01x04_b.cgf
    [-0.00000064012100026, -1.00000042674731060, 0.00000000000000000, 12.00000000000000000]
    [1.00000042674731060, -0.00000064012100026, 0.00000000000000000, 13.00000000000000000]
    [0.00000000000000000, 0.00000000000000000, 1.00000042674751533, 0.00000000000000000]
  #297 objects/buildingsets/human/lowtech/alpha/int/roomsm/ceiling/roomsm_ceiling_straight_04x02x0025_b.cgf
    [-0.00000064012100026, 1.00000042674731060, 0.00000000000000000, 2.00000000000000000]
    [-1.00000042674731060, -0.00000064012100026, -0.00000000000000000, 3.00000000000000000]
    [-0.00000000000000000, 0.00000000000000000, 1.00000042674751533, 4.00000000000000000]
  #298 objects/buildingsets/human/lowtech/alpha/int/roomsm/trim/roomsm_trim_sml_straight_04x005_a.cgf
    [-0.00000064012100026, 1.00000042674731060, 0.00000000000000000, 8.00000000000000000]
    [-1.00000042674731060, -0.00000064012100026, -0.00000000000000000, 7.00000000000000000]
    [-0.00000000000000000, 0.00000000000000000, 1.00000042674751533, -3.00000000000000000]
  #299 objects/buildingsets/human/lowtech/alpha/int/roomsm/floor/roomsm_floor_straight_04x02x0025_a.cgf
    [-0.00000064012100026, 1.00000042674731060, 0.00000000000000000, 2.00000000000000000]
    [-1.00000042674731060, -0.00000064012100026, -0.00000000000000000, 31.00000000000000000]
    [-0.00000000000000000, 0.00000000000000000, 1.00000042674751533, -3.00000000000000000]
  #300 objects/buildingsets/human/lowtech/alpha/int/roomsm/trim/roomsm_trim_sml_straight_04x005_a.cgf
    [-1.00000000000000000, 0.00000000000000000, 0.00000000000000000, 8.25000000000000000]
    [0.00000000000000000, -1.00000000000000000, 0.00000000000000000, 36.75000000000000000]
    [0.00000000000000000, 0.00000000000000000, 1.00000000000000000, -3.00000000000000000]
  #301 objects/buildingsets/human/lowtech/alpha/int/hangar/roomsm/addon/roomsm_addon_pillar_beam_01x04x0050_a.cgf
    [0.00000120256823322, 0.00000056998442491, 1.00000002400332733, 10.62499000000000038]
    [0.76604396226535088, -0.64278822008879444, -0.00000055484084704, 36.83431899999959569]
    [0.64278822008790892, 0.76604396226533977, -0.00000120962979253, 3.11253699999999967]
  #302 objects/buildingsets/human/lowtech/alpha/int/roomsm/ceiling/roomsm_ceiling_straight_04x01x0025_a.cgf
    [-1.00000000000000000, 0.00000000000000000, 0.00000000000000000, 6.00000000000000000]
    [0.00000000000000000, -1.00000000000000000, 0.00000000000000000, 1.00000000000000000]
    [0.00000000000000000, 0.00000000000000000, 1.00000000000000000, 4.00000000000000000]
  #303 objects/buildingsets/human/lowtech/alpha/int/hangar/roomsm/ceiling/roomsm_ceiling_01x04x0025_b.cgf
    [1.00000000000000000, 0.00000000000000000, 0.00000000000000000, 10.00000000000000000]
    [0.00000000000000000, 1.00000000000000000, 0.00000000000000000, 25.00000000000000000]
    [0.00000000000000000, 0.00000000000000000, 1.00000000000000000, 8.00000000000000000]
  #304 objects/buildingsets/human/lowtech/alpha/int/hangar/roomsm/ceiling/roomsm_ceiling_04x04x0025_a.cgf
    [-0.99999999999933320, -0.00000199999999495, 0.00000000000000000, 8.00001600000000046]
    [0.00000199999999495, -0.99999999999933320, 0.00000000000000000, 34.49997999999959575]
    [0.00000000000000000, 0.00000000000000000, 1.00000000000133338, 8.00000000000000000]
  #305 objects/buildingsets/human/lowtech/alpha/int/roomsm/floor/roomsm_floor_straight_04x04x0025_a.cgf
    [1.00000000000000000, 0.00000000000000000, 0.00000000000000000, 4.00000000000000000]
    [0.00000000000000000, 1.00000000000000000, 0.00000000000000000, 33.00000000000000000]
    [0.00000000000000000, 0.00000000000000000, 1.00000000000000000, -3.50000000000000000]
  #306 objects/buildingsets/human/lowtech/alpha/int/hangar/roomsm/addon/roomsm_addon_pillar_beam_01x04x0050_a.cgf
    [1.00000042674751533, 0.00000000000000000, 0.00000000000000000, 11.37500000000000000]
    [0.00000000000000000, -0.00000064012100026, -1.00000042674731060, 3.00000000000000000]
    [0.00000000000000000, 1.00000042674731060, -0.00000064012100026, -4.25000000000000000]
  #307 objects/buildingsets/human/lowtech/alpha/int/roomsm/wall/roomsm_lg_wall_04x01x04_a.cgf
    [-0.00000064012100026, -1.00000042674731060, 0.00000000000000000, 12.00000000000000000]
    [1.00000042674731060, -0.00000064012100026, 0.00000000000000000, 3.00000000000000000]
    [0.00000000000000000, 0.00000000000000000, 1.00000042674751533, 4.00000000000000000]
  #308 objects/buildingsets/human/lowtech/alpha/int/roomsm/wall/roomsm_wall_straight_08x01x04_b.cgf
    [-0.00000064012100026, -1.00000042674731060, 0.00000000000000000, 12.00000000000000000]
    [1.00000042674731060, -0.00000064012100026, 0.00000000000000000, 33.00000000000000000]
    [0.00000000000000000, 0.00000000000000000, 1.00000042674751533, 0.00000000000000000]
  #309 objects/buildingsets/human/lowtech/alpha/int/hangar/roomsm/ceiling/roomsm_ceiling_02x04x0025_a.cgf
    [1.00000000536175371, 0.00000198289001551, -0.00000026105201318, 9.00000600000000084]
    [-0.00000198288999956, 0.96592592080709394, -0.25881871307257359, 6.86370799999986048]
    [-0.00000026105213436, 0.25881871307257359, 0.96592592080909390, 7.03527499999999861]
  #310 objects/buildingsets/human/lowtech/alpha/int/hangar/roomsm/ceiling/roomsm_ceiling_01x04x0025_b.cgf
    [-0.00000064012100026, 1.00000042674731060, 0.00000000000000000, 3.99999800000000016]
    [-1.00000042674731060, -0.00000064012100026, -0.00000000000000000, 3.00001799999972718]
    [-0.00000000000000000, 0.00000000000000000, 1.00000042674751533, 5.99999899999999897]
  #311 objects/buildingsets/human/lowtech/alpha/int/hangar/roomsm/addon/roomsm_addon_pillar_beam_01x04x0050_a.cgf
    [0.00000000000000000, 0.00000000000000000, 1.00000000000000000, 11.50000000000000000]
    [1.00000000000000000, 0.00000000000000000, 0.00000000000000000, 13.00000000000000000]
    [0.00000000000000000, 1.00000000000000000, 0.00000000000000000, 0.00000000000000000]
  #312 objects/buildingsets/human/lowtech/alpha/int/hangar/roomsm/ceiling/roomsm_ceiling_04x04x0025_c.cgf
    [0.57357782099164711, -0.81915060247219729, -0.00000066168118421, 12.17852300000000021]
    [-0.00000026986622466, -0.00000099672783805, 0.99999961313165564, 29.06250799999997980]
    [-0.81915060247242011, -0.57357782099116239, -0.00000079276236853, 7.97995900000000091]
  #313 objects/buildingsets/human/lowtech/alpha/int/hangar/roomsm/ceiling/roomsm_ceiling_04x04x0025_c.cgf
    [-1.00000085349466716, 0.00000000000000000, 0.00000000000000000, 8.00000000000000000]
    [0.00000000000000000, 0.00000064012127265, 1.00000085349446199, 34.50000000000000000]
    [0.00000000000000000, 1.00000085349446199, -0.00000064012127299, 6.00000000000000000]
  #314 objects/buildingsets/human/lowtech/alpha/int/roomsm/trim/roomsm_trim_sml_straight_04x005_a.cgf
    [0.57357524998865395, 0.81915406521313816, -0.00000000000000006, 8.83734399999999987]
    [-0.00000038087181706, 0.00000026668810776, -1.00000097497679508, 29.12500000000000000]
    [-0.81915406521304956, 0.57357524998859188, 0.00000046495794203, 5.62249900000000125]
  #315 objects/buildingsets/human/lowtech/alpha/int/roomsm/trim/roomsm_trim_sml_straight_04x005_a.cgf
    [1.00000000000000000, 0.00000000000000000, 0.00000000000000000, 4.00000000000000000]
    [0.00000000000000000, 1.00000000000000000, 0.00000000000000000, 33.00000000000000000]
    [0.00000000000000000, 0.00000000000000000, 1.00000000000000000, -3.00000000000000000]
  #316 objects/buildingsets/human/lowtech/alpha/int/roomsm/trim/roomsm_trim_straight_02x0025x01_a.cgf
    [-1.00000000000000000, 0.00000000000000000, 0.00000000000000000, 11.12500000000000000]
    [0.00000000000000000, -1.00000000000000000, 0.00000000000000000, 26.00000000000000000]
    [0.00000000000000000, 0.00000000000000000, 1.00000000000000000, -4.00000000000000000]
  #317 objects/buildingsets/human/lowtech/alpha/int/roomsm/pillar/roomsm_pillar_mid_01x04x02_a.cgf
    [0.00000000000000000, 0.00000000000000000, 1.00000000000000000, 10.25000000000000000]
    [1.00000000000000000, 0.00000000000000000, 0.00000000000000000, 3.00000000000000000]
    [0.00000000000000000, 1.00000000000000000, 0.00000000000000000, 4.25000000000000000]
  #318 objects/buildingsets/human/lowtech/alpha/int/roomsm/wall/roomsm_lg_wall_02x01x12_a.cgf
    [-0.00000064012100026, -1.00000042674731060, 0.00000000000000000, 12.00000000000000000]
    [1.00000042674731060, -0.00000064012100026, 0.00000000000000000, 7.00000000000000000]
    [0.00000000000000000, 0.00000000000000000, 1.00000042674751533, -4.00000000000000000]
  #319 objects/buildingsets/human/lowtech/alpha/int/roomlg/floor/roomlg_floor_straight_08x04x0025_a.cgf
    [-0.00000064012100026, -1.00000042674731060, 0.00000000000000000, 8.00000000000000000]
    [1.00000042674731060, -0.00000064012100026, 0.00000000000000000, 25.00000000000000000]
    [0.00000000000000000, 0.00000000000000000, 1.00000042674751533, -3.00000000000000000]
  #320 objects/buildingsets/human/lowtech/alpha/ext/understructure/understructure_frame_sm_d.cgf
    [-0.00000000432536154, 0.50000000339860107, 0.00000000000000003, 3.24999800000000016]
    [-0.32139288877127103, -0.00000000278028086, 0.38302299466984813, 44.26742099999955826]
    [0.38302299466984813, 0.00000000331342581, 0.32139288877127109, -7.28778499999999951]
  #321 objects/buildingsets/human/lowtech/alpha/int/roomsm/pillar/roomsm_pillar_mid_01x04x02_a.cgf
    [0.00000000000000000, 0.00000000000000000, 1.00000000000000000, 10.25000000000000000]
    [1.00000000000000000, 0.00000000000000000, 0.00000000000000000, 3.00000000000000000]
    [0.00000000000000000, 1.00000000000000000, 0.00000000000000000, 0.25000000000000000]
  #322 objects/buildingsets/human/lowtech/alpha/int/hangar/roomsm/ceiling/roomsm_ceiling_02x04x0025_a.cgf
    [1.00000000000000000, 0.00000000000000000, 0.00000000000000000, 8.00000000000000000]
    [0.00000000000000000, 1.00000000000000000, 0.00000000000000000, 9.00000000000000000]
    [0.00000000000000000, 0.00000000000000000, 1.00000000000000000, 8.00000000000000000]
  #323 objects/buildingsets/human/lowtech/alpha/int/roomsm/floor/roomsm_floor_straight_04x02x0025_c.cgf
    [1.00000000000000000, 0.00000000000000000, 0.00000000000000000, 2.00000000000000000]
    [0.00000000000000000, 1.00000000000000000, 0.00000000000000000, 1.00000000000000000]
    [0.00000000000000000, 0.00000000000000000, 1.00000000000000000, 0.00000000000000000]
  #324 objects/buildingsets/human/lowtech/alpha/int/roomlg/floor/roomlg_floor_straight_08x04x0025_a.cgf
    [-0.00000064012100026, -1.00000042674731060, 0.00000000000000000, 8.00000000000000000]
    [1.00000042674731060, -0.00000064012100026, 0.00000000000000000, 17.00000000000000000]
    [0.00000000000000000, 0.00000000000000000, 1.00000042674751533, -3.00000000000000000]
  #325 objects/buildingsets/human/lowtech/alpha/int/roomsm/wall/roomsm_wall_straight_08x01x04_b.cgf
    [-0.00000064012100026, -1.00000042674731060, 0.00000000000000000, 11.99999700000000047]
    [1.00000042674731060, -0.00000064012100026, 0.00000000000000000, 33.00000000000000000]
    [0.00000000000000000, 0.00000000000000000, 1.00000042674751533, -4.00000000000000000]
  #326 objects/buildingsets/human/lowtech/alpha/int/hangar/roomsm/wall/roomsm_wall_cornerin_01x01x08_a.cgf
    [-0.00000064012100026, -1.00000042674731060, 0.00000000000000000, 12.00000000000000000]
    [1.00000042674731060, -0.00000064012100026, 0.00000000000000000, 2.00000000000000000]
    [0.00000000000000000, 0.00000000000000000, 1.00000042674751533, 0.00000000000000000]
  #327 objects/buildingsets/human/lowtech/alpha/int/roomsm/pillar/roomsm_pillar_mid_01x04x02_a.cgf
    [0.00000000000000000, 0.00000000000000000, 1.00000000000000000, 10.25000000000000000]
    [1.00000000000000000, 0.00000000000000000, 0.00000000000000000, 7.00000000000000000]
    [0.00000000000000000, 1.00000000000000000, 0.00000000000000000, 4.25000000000000000]
  #328 objects/buildingsets/human/lowtech/alpha/int/roomsm/trim/roomsm_trim_sml_straight_02x005_a.cgf
    [1.00000000000000000, 0.00000000000000000, 0.00000000000000000, 9.00000000000000000]
    [0.00000000000000000, 1.00000000000000000, 0.00000000000000000, 21.00000000000000000]
    [0.00000000000000000, 0.00000000000000000, 1.00000000000000000, -3.00000000000000000]
  #329 objects/buildingsets/human/lowtech/alpha/int/roomsm/pillar/roomsm_pillar_mid_01x04x02_a.cgf
    [0.00000000000000000, 0.00000000000000000, 1.00000000000000000, 10.25000000000000000]
    [1.00000000000000000, 0.00000000000000000, 0.00000000000000000, 7.00000000000000000]
    [0.00000000000000000, 1.00000000000000000, 0.00000000000000000, -3.75000000000000000]
  #330 objects/buildingsets/human/lowtech/alpha/int/hangar/roomsm/ceiling/roomsm_ceiling_02x02x0025_a.cgf
    [0.00000000000000000, -1.00000000000000000, 0.00000000000000000, 3.00000000000000000]
    [0.00000000000000000, 0.00000000000000000, -1.00000000000000000, 2.12500000000000000]
    [1.00000000000000000, 0.00000000000000000, 0.00000000000000000, 4.00255599999999845]
  #331 objects/buildingsets/human/lowtech/alpha/int/hangar/roomsm/ceiling/roomsm_ceiling_02x02x0025_b.cgf
    [0.00000222586390082, 0.00000000000000000, 1.00000085349492740, 11.25000000000000000]
    [0.00000000000000000, -1.00000085349740453, 0.00000000000000000, 28.00000000000000000]
    [1.00000085349492740, 0.00000000000000000, -0.00000222586390093, 6.00000000000000000]
  #332 objects/buildingsets/human/lowtech/alpha/int/hangar/roomsm/addon/roomsm_addon_pillar_beam_01x04x0050_a.cgf
    [0.00000000000000000, 0.00000000000000000, 1.00000000000000000, 11.50000000000000000]
    [1.00000000000000000, 0.00000000000000000, 0.00000000000000000, 13.00000000000000000]
    [0.00000000000000000, 1.00000000000000000, 0.00000000000000000, -4.00000000000000000]
  #333 objects/buildingsets/human/lowtech/alpha/int/hangar/roomsm/ceiling/roomsm_ceiling_02x04x0025_a.cgf
    [1.00000000000000000, 0.00000000000000000, 0.00000000000000000, 8.00000000000000000]
    [0.00000000000000000, 1.00000000000000000, 0.00000000000000000, 25.00000000000000000]
    [0.00000000000000000, 0.00000000000000000, 1.00000000000000000, 8.00000000000000000]
  #334 objects/buildingsets/human/lowtech/alpha/int/roomsm/trim/roomsm_trim_sml_straight_04x005_a.cgf
    [-0.00000066676665369, 0.81915304373936926, 0.57357648887293611, 8.90903899999999993]
    [1.00000084882727891, 0.00000054618361639, 0.00000038244114247, 21.00000000000000000]
    [-0.00000000000025507, 0.57357648887306356, -0.81915304373955145, 5.52010299999999887]
  #335 objects/buildingsets/human/lowtech/alpha/int/roomsm/trim/roomsm_trim_sml_straight_04x005_a.cgf
    [-0.00000064012100026, 1.00000042674731060, 0.00000000000000000, 9.00000000000000000]
    [-1.00000042674731060, -0.00000064012100026, -0.00000000000000000, 25.00000000000000000]
    [-0.00000000000000000, 0.00000000000000000, 1.00000042674751533, -3.00000000000000000]
  #336 objects/buildingsets/human/lowtech/alpha/int/roomsm/wall/roomsm_wall_straight_engineering_04x01x04_c.cgf
    [-0.00000064012100026, -1.00000042674731060, 0.00000000000000000, 12.00000000000000000]
    [1.00000042674731060, -0.00000064012100026, 0.00000000000000000, 17.00000000000000000]
    [0.00000000000000000, 0.00000000000000000, 1.00000042674751533, -4.00000000000000000]
  #337 objects/buildingsets/human/lowtech/alpha/ext/understructure/understructure_frame_sm_d.cgf
    [-0.00000000432536154, 0.50000000339860107, 0.00000000000000003, 3.24999500000000019]
    [-0.32139288877127103, -0.00000000278028086, 0.38302299466984813, 49.40971499999977823]
    [0.38302299466984813, 0.00000000331342581, 0.32139288877127109, -13.41614599999999768]
  #338 objects/buildingsets/human/lowtech/alpha/int/roomsm/floor/roomsm_floor_straight_04x03x0025_a.cgf
    [-0.00000064012100026, 1.00000042674731060, 0.00000000000000000, 8.00000000000000000]
    [-1.00000042674731060, -0.00000064012100026, -0.00000000000000000, 33.00000000000000000]
    [-0.00000000000000000, 0.00000000000000000, 1.00000042674751533, -3.00000000000000000]
  #339 objects/buildingsets/human/lowtech/alpha/int/roomsm/wall/roomsm_lg_wall_04x01x04_a.cgf
    [-0.00000064012100026, -1.00000042674731060, 0.00000000000000000, 12.00000000000000000]
    [1.00000042674731060, -0.00000064012100026, 0.00000000000000000, 13.00000000000000000]
    [0.00000000000000000, 0.00000000000000000, 1.00000042674751533, 4.00000000000000000]
  #340 objects/buildingsets/human/lowtech/alpha/int/roomsm/floor/roomsm_floor_straight_04x01x0025_b.cgf
    [-0.00000064012100026, 1.00000042674731060, 0.00000000000000000, 8.00000000000000000]
    [-1.00000042674731060, -0.00000064012100026, -0.00000000000000000, 7.00000000000000000]
    [-0.00000000000000000, 0.00000000000000000, 1.00000042674751533, 0.00000000000000000]
  #341 objects/buildingsets/human/lowtech/alpha/int/hangar/roomsm/ceiling/roomsm_ceiling_01x04x0025_b.cgf
    [-0.00000064011970302, -0.99999840018852326, 0.00000000000000000, 4.00000000000000000]
    [0.99999840018852326, -0.00000064011970302, 0.00000000000000000, 22.41084299999965879]
    [0.00000000000000000, 0.00000000000000000, 0.99999840018872810, 7.82830500000000029]
  #342 objects/buildingsets/human/lowtech/alpha/ext/understructure/understructure_frame_sm_d.cgf
    [-0.00000000432536154, 0.50000000339860107, 0.00000000000000003, 3.25000199999999984]
    [-0.32139288877127103, -0.00000000278028086, 0.38302299466984813, 39.12512700000024779]
    [0.38302299466984813, 0.00000000331342581, 0.32139288877127109, -1.15942400000000134]
  #343 objects/buildingsets/human/lowtech/alpha/int/roomsm/trim/roomsm_trim_sml_straight_04x005_a.cgf
    [-0.00000064012100026, -1.00000042674731060, 0.00000000000000000, 11.00000000000000000]
    [1.00000042674731060, -0.00000064012100026, 0.00000000000000000, 3.00000000000000000]
    [0.00000000000000000, 0.00000000000000000, 1.00000042674751533, 4.00000000000000000]
  #344 objects/buildingsets/human/lowtech/alpha/int/roomsm/trim/roomsm_trim_sml_straight_04x005_a.cgf
    [0.57357524998865395, 0.81915406521313816, -0.00000000000000006, 8.83734499999999912]
    [-0.00000038087181706, 0.00000026668810776, -1.00000097497679508, 24.87500000000000000]
    [-0.81915406521304956, 0.57357524998859188, 0.00000046495794203, 5.62249900000000125]
  #345 objects/buildingsets/human/lowtech/alpha/int/roomsm/floor/roomsm_floor_straight_04x02x0025_g.cgf
    [1.00000000000000000, 0.00000000000000000, 0.00000000000000000, 4.00000000000000000]
    [0.00000000000000000, 1.00000000000000000, 0.00000000000000000, 7.00000000000000000]
    [0.00000000000000000, 0.00000000000000000, 1.00000000000000000, -3.00000000000000000]
  #346 objects/buildingsets/human/lowtech/alpha/int/roomsm/trim/roomsm_trim_straight_02x0025x01_a.cgf
    [1.00000000000000000, 0.00000000000000000, 0.00000000000000000, 9.12500000000000000]
    [0.00000000000000000, 1.00000000000000000, 0.00000000000000000, 20.00000000000000000]
    [0.00000000000000000, 0.00000000000000000, 1.00000000000000000, -4.00000000000000000]
  #347 objects/buildingsets/human/lowtech/alpha/int/hangar/roomsm/ceiling/roomsm_ceiling_01x04x0025_b.cgf
    [1.00000000000000000, 0.00000000000000000, 0.00000000000000000, 10.00000000000000000]
    [0.00000000000000000, 1.00000000000000000, 0.00000000000000000, 21.00000000000000000]
    [0.00000000000000000, 0.00000000000000000, 1.00000000000000000, 8.00000000000000000]
  #348 objects/buildingsets/human/lowtech/alpha/int/roomlg/fan/roomlg_util_fan_grate_full_a.cgf
    [-0.00000013335328409, 0.16383055153486029, -0.11471525771364903, 9.50000000000000000]
    [-0.20000009992128862, -0.00000010923662659, 0.00000007648828533, 31.00000000000000000]
    [0.00000000000005100, 0.11471525771367452, 0.16383055153489673, 3.58647099999999952]
  #349 objects/buildingsets/human/lowtech/alpha/int/roomsm/floor/roomsm_floor_straight_04x02x0025_f.cgf
    [-0.00000064012100026, -1.00000042674731060, 0.00000000000000000, 10.99999099999999963]
    [1.00000042674731060, -0.00000064012100026, 0.00000000000000000, 3.00000199999976758]
    [0.00000000000000000, 0.00000000000000000, 1.00000042674751533, -4.00000000000000000]
  #350 objects/buildingsets/human/lowtech/alpha/int/hangar/roomsm/ceiling/roomsm_ceiling_alcove_08x04x01_a.cgf
    [-0.00000011813516618, 0.00000000000000006, 1.00000014830072903, 4.25002100000000027]
    [-0.64278821199436664, -0.76604413131527449, -0.00000007593588096, 44.02771899999970628]
    [0.76604413131526916, -0.64278821199437108, 0.00000009049673751, -6.71003999999999934]
  #351 objects/buildingsets/human/lowtech/alpha/int/hangar/roomsm/ceiling/roomsm_ceiling_02x04x0025_a.cgf
    [0.00000000000000000, -1.00000000000000000, 0.00000000000000000, 11.50000000000000000]
    [0.00000000000000000, 0.00000000000000000, 1.00000000000000000, 7.00000000000000000]
    [-1.00000000000000000, 0.00000000000000000, 0.00000000000000000, 0.00000000000000000]
  #352 objects/buildingsets/human/lowtech/alpha/ext/understructure/understructure_frame_sm_d.cgf
    [-0.00000000432536154, 0.50000000339860107, 0.00000000000000003, 3.25000799999999979]
    [-0.32139288877127103, -0.00000000278028086, 0.38302299466984813, 28.84053800000037882]
    [0.38302299466984813, 0.00000000331342581, 0.32139288877127109, 11.09729799999999855]
  #353 objects/buildingsets/human/lowtech/alpha/int/hangar/roomsm/ceiling/roomsm_ceiling_04x04x0025_c.cgf
    [0.57357782099211208, 0.81915060247286142, 0.00000066168118438, 8.90191699999999919]
    [-0.00000105349614393, 0.00000154543370585, -0.99999961313125052, 32.93750100000033854]
    [-0.81915060247245108, 0.57357782099041155, 0.00000174939917536, 5.68565200000000104]
  #354 objects/buildingsets/human/lowtech/alpha/int/hangar/roomsm/ceiling/roomsm_ceiling_02x04x0025_a.cgf
    [1.00000000000000000, 0.00000000000000000, 0.00000000000000000, 8.00000000000000000]
    [0.00000000000000000, 1.00000000000000000, 0.00000000000000000, 13.00000000000000000]
    [0.00000000000000000, 0.00000000000000000, 1.00000000000000000, 8.00000000000000000]
  #355 objects/buildingsets/human/lowtech/alpha/int/hangar/roomsm/ceiling/roomsm_ceiling_02x04x0025_a.cgf
    [1.00000000000000000, 0.00000000000000000, 0.00000000000000000, 8.00000000000000000]
    [0.00000000000000000, 1.00000000000000000, 0.00000000000000000, 33.00000000000000000]
    [0.00000000000000000, 0.00000000000000000, 1.00000000000000000, 8.00000000000000000]
  #356 objects/buildingsets/human/lowtech/alpha/ext/understructure/understructure_frame_sm_d.cgf
    [-0.00000000432536154, 0.50000000339860107, 0.00000000000000003, 10.12500099999999925]
    [-0.32139288877127103, -0.00000000278028086, 0.38302299466984813, 39.12512499999957072]
    [0.38302299466984813, 0.00000000331342581, 0.32139288877127109, -1.15942199999999929]
  #357 objects/buildingsets/human/lowtech/alpha/int/roomsm/wall/roomsm_lg_wall_04x01x12_a.cgf
    [-0.00000064012100026, -1.00000042674731060, 0.00000000000000000, 12.00000000000000000]
    [1.00000042674731060, -0.00000064012100026, 0.00000000000000000, 9.00000000000000000]
    [0.00000000000000000, 0.00000000000000000, 1.00000042674751533, -4.00000000000000000]
  #358 objects/buildingsets/human/lowtech/alpha/int/stairs/stairs_04x06x03_a.cgf
    [-1.00000000000000000, 0.00000000000000000, 0.00000000000000000, 4.00000000000000000]
    [0.00000000000000000, -1.00000000000000000, 0.00000000000000000, 12.99999899999966146]
    [0.00000000000000000, 0.00000000000000000, 1.00000000000000000, -3.00000000000000000]
  #359 objects/buildingsets/human/lowtech/alpha/int/roomsm/floor/roomsm_floor_straight_04x02x0025_c.cgf
    [-0.00000064012100026, 1.00000042674731060, 0.00000000000000000, 2.00000000000000000]
    [-1.00000042674731060, -0.00000064012100026, -0.00000000000000000, 17.00000000000000000]
    [-0.00000000000000000, 0.00000000000000000, 1.00000042674751533, -3.00000000000000000]
  #360 objects/buildingsets/human/lowtech/alpha/int/roomsm/floor/roomsm_floor_straight_04x01x0025_b.cgf
    [1.00000000000000000, 0.00000000000000000, 0.00000000000000000, 2.00000000000000000]
    [0.00000000000000000, 1.00000000000000000, 0.00000000000000000, 0.00000000000000000]
    [0.00000000000000000, 0.00000000000000000, 1.00000000000000000, 0.00000000000000000]
  #361 objects/buildingsets/human/lowtech/alpha/int/hangar/roomsm/addon/roomsm_addon_pillar_beam_01x04x0050_a.cgf
    [0.00000120256823322, -0.00000056998442491, -1.00000002400332733, 10.49999000000000038]
    [-0.76604396226535088, -0.64278822008879444, -0.00000055484084704, 39.40546799999992800]
    [-0.64278822008790892, 0.76604396226533977, -0.00000120962979253, 0.04835699999999932]
  #362 objects/buildingsets/human/lowtech/alpha/int/hangar/roomsm/addon/roomsm_addon_pillar_beam_01x04x0050_a.cgf
    [0.00000120256823322, 0.00000056998442491, 1.00000002400332733, 10.62499000000000038]
    [0.76604396226535088, -0.64278822008879444, -0.00000055484084704, 39.40546799999992800]
    [0.64278822008790892, 0.76604396226533977, -0.00000120962979253, 0.04835699999999932]
  #363 objects/buildingsets/human/lowtech/alpha/int/hangar/roomsm/ceiling/roomsm_ceiling_alcove_08x04x01_a.cgf
    [-0.00000011813515886, -0.00000000000000006, 1.00000008796958006, 4.25002100000000027]
    [0.64278817321420711, 0.76604408509897037, 0.00000007593587633, 38.66541099999994913]
    [-0.76604408509896493, 0.64278817321421156, -0.00000009049673163, -11.20955800000000124]
  #364 objects/buildingsets/human/lowtech/alpha/int/roomsm/wall/roomsm_wall_straight_08x01x04_b.cgf
    [-0.00000064012100026, -1.00000042674731060, 0.00000000000000000, 12.00000000000000000]
    [1.00000042674731060, -0.00000064012100026, 0.00000000000000000, 25.00000000000000000]
    [0.00000000000000000, 0.00000000000000000, 1.00000042674751533, -4.00000000000000000]
  #365 objects/buildingsets/human/lowtech/alpha/int/roomsm/ceiling/roomsm_ceiling_straight_04x01x0025_a.cgf
    [-1.00000000000000000, 0.00000000000000000, 0.00000000000000000, 7.00000000000000000]
    [0.00000000000000000, 1.00000000000000000, 0.00000000000000000, 2.00000000000000000]
    [0.00000000000000000, 0.00000000000000000, -1.00000000000000000, 4.00000000000000000]
  #366 objects/buildingsets/human/lowtech/alpha/int/roomsm/floor/roomsm_floor_straight_04x03x0025_a.cgf
    [-0.00000064012100026, 1.00000042674731060, 0.00000000000000000, 8.00000000000000000]
    [-1.00000042674731060, -0.00000064012100026, -0.00000000000000000, 29.00000000000000000]
    [-0.00000000000000000, 0.00000000000000000, 1.00000042674751533, -3.00000000000000000]
  #367 objects/buildingsets/human/lowtech/alpha/int/hangar/roomsm/ceiling/roomsm_ceiling_04x04x0025_c.cgf
    [0.57357782099164711, -0.81915060247219729, -0.00000066168118421, 12.17852300000000021]
    [-0.00000026986622466, -0.00000099672783805, 0.99999961313165564, 21.06250799999997980]
    [-0.81915060247242011, -0.57357782099116239, -0.00000079276236853, 7.97995900000000091]
  #368 objects/buildingsets/human/lowtech/alpha/int/roomsm/wall/roomsm_lg_wall_04x01x04_a.cgf
    [-0.00000064012100026, -1.00000042674731060, 0.00000000000000000, 12.00000000000000000]
    [1.00000042674731060, -0.00000064012100026, 0.00000000000000000, 29.00000000000000000]
    [0.00000000000000000, 0.00000000000000000, 1.00000042674751533, 4.00000000000000000]
  #369 objects/buildingsets/human/lowtech/alpha/int/roomsm/trim/roomsm_trim_straight_02x0025x01_a.cgf
    [-1.00000000000000000, 0.00000000000000000, 0.00000000000000000, 9.12500000000000000]
    [0.00000000000000000, -1.00000000000000000, 0.00000000000000000, 26.00000000000000000]
    [0.00000000000000000, 0.00000000000000000, 1.00000000000000000, -4.00000000000000000]
  #370 objects/buildingsets/human/lowtech/alpha/int/roomsm/wall/roomsm_wall_straight_engineering_04x01x04_g.cgf
    [-0.00000064012100026, -1.00000042674731060, 0.00000000000000000, 12.00000000000000000]
    [1.00000042674731060, -0.00000064012100026, 0.00000000000000000, 21.00000000000000000]
    [0.00000000000000000, 0.00000000000000000, 1.00000042674751533, 0.00000000000000000]
  #371 objects/buildingsets/human/lowtech/alpha/int/roomsm/floor/roomsm_floor_straight_04x03x0025_a.cgf
    [-0.00000064012100026, 1.00000042674731060, 0.00000000000000000, 8.00000000000000000]
    [-1.00000042674731060, -0.00000064012100026, -0.00000000000000000, 21.00000000000000000]
    [-0.00000000000000000, 0.00000000000000000, 1.00000042674751533, -3.00000000000000000]
  #372 objects/buildingsets/human/lowtech/alpha/int/hangar/roomsm/ceiling/roomsm_ceiling_04x04x0025_b.cgf
    [-0.00000064012100026, -1.00000042674731060, 0.00000000000000000, 4.00002200000000041]
    [1.00000042674731060, -0.00000064012100026, 0.00000000000000000, 2.74428100000022823]
    [0.00000000000000000, 0.00000000000000000, 1.00000042674751533, -0.01081299999999885]
  #373 objects/buildingsets/human/lowtech/alpha/int/roomsm/pillar/roomsm_pillar_mid_01x04x02_a.cgf
    [0.00000000000000000, 0.00000000000000000, 1.00000000000000000, 10.25000000000000000]
    [1.00000000000000000, 0.00000000000000000, 0.00000000000000000, 7.00000000000000000]
    [0.00000000000000000, 1.00000000000000000, 0.00000000000000000, 0.25000000000000000]
  #374 objects/buildingsets/human/lowtech/alpha/int/roomsm/trim/roomsm_trim_sml_straight_02x005_a.cgf
    [-1.00000000000000000, 0.00000000000000000, 0.00000000000000000, 11.00000000000000000]
    [0.00000000000000000, -1.00000000000000000, 0.00000000000000000, 25.00000000000000000]
    [0.00000000000000000, 0.00000000000000000, 1.00000000000000000, -3.00000000000000000]
  #375 objects/buildingsets/human/lowtech/alpha/int/roomsm/trim/roomsm_trim_straight_02x0025x01_a.cgf
    [1.00000000000000000, 0.00000000000000000, 0.00000000000000000, 7.12500000000000000]
    [0.00000000000000000, 1.00000000000000000, 0.00000000000000000, 20.00000000000000000]
    [0.00000000000000000, 0.00000000000000000, 1.00000000000000000, -4.00000000000000000]
  #376 objects/buildingsets/human/lowtech/alpha/int/hangar/roomsm/ceiling/roomsm_ceiling_04x04x0025_c.cgf
    [-1.00000085349466716, 0.00000000000000000, 0.00000000000000000, 12.00000000000000000]
    [0.00000000000000000, 0.00000064012127265, 1.00000085349446199, 34.50000000000000000]
    [0.00000000000000000, 1.00000085349446199, -0.00000064012127299, 6.00000000000000000]
  #377 objects/buildingsets/human/lowtech/alpha/int/hangar/roomsm/ceiling/roomsm_ceiling_02x04x0025_a.cgf
    [1.00000000000000000, 0.00000000000000000, 0.00000000000000000, 8.00000000000000000]
    [0.00000000000000000, 1.00000000000000000, 0.00000000000000000, 29.00000000000000000]
    [0.00000000000000000, 0.00000000000000000, 1.00000000000000000, 8.00000000000000000]
  #378 objects/buildingsets/human/lowtech/alpha/int/hangar/roomsm/ceiling/roomsm_ceiling_01x04x0025_b.cgf
    [1.00000000000000000, 0.00000000000000000, 0.00000000000000000, 10.00000000000000000]
    [0.00000000000000000, 1.00000000000000000, 0.00000000000000000, 33.00000000000000000]
    [0.00000000000000000, 0.00000000000000000, 1.00000000000000000, 8.00000000000000000]
  #379 objects/buildingsets/human/lowtech/alpha/int/hangar/roomsm/ceiling/roomsm_ceiling_01x04x0025_b.cgf
    [-0.00000064012100026, 1.00000042674731060, 0.00000000000000000, -0.00000200000000000]
    [-1.00000042674731060, -0.00000064012100026, -0.00000000000000000, 3.00002099999983329]
    [-0.00000000000000000, 0.00000000000000000, 1.00000042674751533, 6.00000000000000000]
  #380 objects/buildingsets/human/lowtech/alpha/int/roomsm/trim/roomsm_trim_sml_straight_04x005_a.cgf
    [-0.00000064012100026, -1.00000042674731060, 0.00000000000000000, 8.00000000000000000]
    [1.00000042674731060, -0.00000064012100026, 0.00000000000000000, 33.00000000000000000]
    [0.00000000000000000, 0.00000000000000000, 1.00000042674751533, -3.00000000000000000]
  #381 objects/buildingsets/human/lowtech/alpha/int/hangar/roomsm/ceiling/roomsm_ceiling_02x04x0025_a.cgf
    [-0.99999818376196381, 0.00000000000000000, 0.00000000000000000, 10.00000000000000000]
    [0.00000000000000000, -0.64278684560411048, 0.76604271332970986, 39.66057499999988067]
    [0.00000000000000000, 0.76604271332970986, 0.64278684560411103, 0.09291100000000085]
  #382 objects/buildingsets/human/lowtech/alpha/int/roomsm/wall/roomsm_lg_wall_04x01x01_a.cgf
    [-0.00000064012100026, -1.00000042674731060, 0.00000000000000000, 11.00000000000000000]
    [1.00000042674731060, -0.00000064012100026, 0.00000000000000000, 28.00000000000000000]
    [0.00000000000000000, 0.00000000000000000, 1.00000042674751533, 4.00000000000000000]
  #383 objects/buildingsets/human/lowtech/alpha/int/roomsm/floor/roomsm_floor_straight_04x03x0025_a.cgf
    [-0.00000064012100026, 1.00000042674731060, 0.00000000000000000, 8.00000000000000000]
    [-1.00000042674731060, -0.00000064012100026, -0.00000000000000000, 17.00000000000000000]
    [-0.00000000000000000, 0.00000000000000000, 1.00000042674751533, -3.00000000000000000]
  #384 objects/buildingsets/human/lowtech/alpha/int/roomsm/trim/roomsm_trim_sml_straight_04x005_a.cgf
    [-0.00000064012100026, -1.00000042674731060, 0.00000000000000000, 11.00000000000000000]
    [1.00000042674731060, -0.00000064012100026, 0.00000000000000000, 13.00000000000000000]
    [0.00000000000000000, 0.00000000000000000, 1.00000042674751533, 4.00000000000000000]
  #385 objects/buildingsets/human/lowtech/alpha/int/roomsm/wall/roomsm_wall_straight_08x01x04_b.cgf
    [1.00000000000000000, 0.00000000000000000, 0.00000000000000000, 3.00000000000000000]
    [0.00000000000000000, 1.00000000000000000, 0.00000000000000000, 2.00000000000000000]
    [0.00000000000000000, 0.00000000000000000, 1.00000000000000000, -4.00000000000000000]
  #386 objects/buildingsets/human/lowtech/alpha/int/hangar/roomsm/ceiling/roomsm_ceiling_01x04x0025_b.cgf
    [1.00000000000000000, 0.00000000000000000, 0.00000000000000000, 10.00000000000000000]
    [0.00000000000000000, 1.00000000000000000, 0.00000000000000000, 9.00000000000000000]
    [0.00000000000000000, 0.00000000000000000, 1.00000000000000000, 8.00000000000000000]
  #387 objects/buildingsets/human/lowtech/alpha/int/hangar/roomsm/addon/roomsm_addon_pillar_beam_01x04x0050_a.cgf
    [-1.00000085349466716, 0.00000000000000000, 0.00000000000000000, 11.37500000000000000]
    [0.00000000000000000, 0.00000064012127265, 1.00000085349446199, 7.00000300000010611]
    [0.00000000000000000, 1.00000085349446199, -0.00000064012127299, -4.25000000000000000]
  #388 objects/buildingsets/human/lowtech/alpha/int/roomsm/trim/roomsm_trim_sml_straight_04x005_a.cgf
    [1.00000000000000000, 0.00000000000000000, 0.00000000000000000, 3.00000000000000000]
    [0.00000000000000000, 1.00000000000000000, 0.00000000000000000, 3.00000000000000000]
    [0.00000000000000000, 0.00000000000000000, 1.00000000000000000, 4.00000000000000000]
  #389 objects/buildingsets/human/lowtech/alpha/int/hangar/roomsm/ceiling/roomsm_ceiling_04x04x0025_a.cgf
    [-0.00000064012327295, -0.00000282842862639, 1.00000085349312862, 4.37500000000000000]
    [-0.00000000000181054, -1.00000085349333356, -0.00000282842862639, 26.49998700000014651]
    [1.00000085349712853, -0.00000000000362108, 0.00000064012327268, 8.00000000000000000]
  #390 objects/buildingsets/human/lowtech/alpha/ext/understructure/understructure_frame_sm_d.cgf
    [-0.00000000432536154, 0.50000000339860107, 0.00000000000000003, 3.25000499999999981]
    [-0.32139288877127103, -0.00000000278028086, 0.38302299466984813, 33.98283300000002782]
    [0.38302299466984813, 0.00000000331342581, 0.32139288877127109, 4.96893700000000038]
  #391 objects/buildingsets/human/lowtech/alpha/int/roomlg/fan/roomlg_util_fan_grate_full_a.cgf
    [-0.00000013335328409, 0.16383055153486029, -0.11471525771364903, 9.50000000000000000]
    [-0.20000009992128862, -0.00000010923662659, 0.00000007648828533, 23.00000000000000000]
    [0.00000000000005100, 0.11471525771367452, 0.16383055153489673, 3.58647099999999952]
  #392 objects/buildingsets/human/lowtech/alpha/int/hangar/roomsm/ceiling/roomsm_ceiling_01x04x0025_b.cgf
    [1.00000000536175371, 0.00000198289001551, -0.00000026105201318, 7.99999799999999972]
    [-0.00000198288999956, 0.96592592080709394, -0.25881871307257359, 3.00000400000044465]
    [-0.00000026105213436, 0.25881871307257359, 0.96592592080909390, 6.00000000000000000]
  #393 objects/buildingsets/human/lowtech/alpha/int/hangar/roomsm/ceiling/roomsm_ceiling_04x04x0025_a.cgf
    [-0.99999999999933320, -0.00000199999999495, 0.00000000000000000, 8.00000000000000000]
    [0.00000199999999495, -0.99999999999933320, 0.00000000000000000, 26.49997999999959575]
    [0.00000000000000000, 0.00000000000000000, 1.00000000000133338, 8.00000000000000000]
  #394 objects/buildingsets/human/lowtech/alpha/int/hangar/roomsm/addon/roomsm_addon_pillar_beam_01x04x0050_a.cgf
    [-1.00000085349466716, 0.00000000000000000, 0.00000000000000000, 11.37500000000000000]
    [0.00000000000000000, 0.00000064012127265, 1.00000085349446199, 25.00000300000010611]
    [0.00000000000000000, 1.00000085349446199, -0.00000064012127299, -4.25000000000000000]
  #395 objects/buildingsets/human/lowtech/alpha/int/roomsm/trim/roomsm_trim_sml_straight_04x005_a.cgf
    [-0.00000064012100026, -1.00000042674731060, 0.00000000000000000, 11.00000000000000000]
    [1.00000042674731060, -0.00000064012100026, 0.00000000000000000, 9.00000000000000000]
    [0.00000000000000000, 0.00000000000000000, 1.00000042674751533, 4.00000000000000000]
  #396 objects/buildingsets/human/lowtech/alpha/int/hangar/roomsm/ceiling/roomsm_ceiling_alcove_08x04x01_a.cgf
    [-0.00000011813515886, -0.00000000000000006, 1.00000008796958006, 4.25002299999999966]
    [0.64278817321420711, 0.76604408509897037, 0.00000007593587633, 33.52310500000021420]
    [-0.76604408509896493, 0.64278817321421156, -0.00000009049673163, -5.08120699999999914]
  #397 objects/buildingsets/human/utilitarian/int/vents/util_a_vent_straight_01x02x02_a.cgf
    [1.00000000000000000, 0.00000000000000000, 0.00000000000000000, 12.50000000000000000]
    [0.00000000000000000, 1.00000000000000000, 0.00000000000000000, 27.00000000000000000]
    [0.00000000000000000, 0.00000000000000000, 1.00000000000000000, 7.00000199999999850]
  #398 objects/buildingsets/human/lowtech/alpha/int/roomsm/pillar/roomsm_pillar_mid_01x04x02_a.cgf
    [0.00000000000000000, 0.00000000000000000, 1.00000000000000000, 10.25000000000000000]
    [1.00000000000000000, 0.00000000000000000, 0.00000000000000000, 3.00000000000000000]
    [0.00000000000000000, 1.00000000000000000, 0.00000000000000000, -3.75000000000000000]
  #399 objects/buildingsets/human/lowtech/alpha/int/roomsm/floor/roomsm_floor_straight_04x01x0025_a.cgf
    [-0.00000064012100026, 1.00000042674731060, 0.00000000000000000, 8.00000000000000000]
    [-1.00000042674731060, -0.00000064012100026, -0.00000000000000000, 25.00000000000000000]
    [-0.00000000000000000, 0.00000000000000000, 1.00000042674751533, -3.00000000000000000]
  #400 objects/buildingsets/human/lowtech/alpha/int/hangar/roomsm/ceiling/roomsm_ceiling_04x04x0025_a.cgf
    [-0.99999999999933320, -0.00000199999999495, 0.00000000000000000, 8.00000799999999934]
    [0.00000199999999495, -0.99999999999933320, 0.00000000000000000, 30.49997999999959575]
    [0.00000000000000000, 0.00000000000000000, 1.00000000000133338, 8.00000000000000000]
  #401 objects/buildingsets/human/utilitarian/int/vents/util_a_vent_straight_005x02x02_a.cgf
    [1.00000000000000000, 0.00000000000000000, 0.00000000000000000, 12.50000000000000000]
    [0.00000000000000000, 1.00000000000000000, 0.00000000000000000, 5.00000000000000000]
    [0.00000000000000000, 0.00000000000000000, 1.00000000000000000, -2.99999800000000150]
  #402 objects/buildingsets/human/lowtech/alpha/int/roomlg/floor/roomlg_floor_straight_08x04x0025_a.cgf
    [-0.00000064012100026, -1.00000042674731060, 0.00000000000000000, 8.00000000000000000]
    [1.00000042674731060, -0.00000064012100026, 0.00000000000000000, 9.00000000000000000]
    [0.00000000000000000, 0.00000000000000000, 1.00000042674751533, -3.00000000000000000]
  #403 objects/buildingsets/human/lowtech/alpha/int/hangar/roomsm/ceiling/roomsm_ceiling_04x04x0025_d.cgf
    [0.00000120256579648, 0.00000056998326991, 0.99999799744535611, 4.25002200000000041]
    [0.76604240983289007, -0.64278691744123417, -0.00000055483972262, 33.90497799999957351]
    [0.64278691744034888, 0.76604240983287897, -0.00000120962734114, 0.29767599999999916]
  #404 objects/buildingsets/human/lowtech/alpha/int/roomsm/floor/roomsm_floor_straight_04x02x0025_a.cgf
    [-0.00000064012100026, 1.00000042674731060, 0.00000000000000000, 6.00000000000000000]
    [-1.00000042674731060, -0.00000064012100026, -0.00000000000000000, 6.99999800000023242]
    [-0.00000000000000000, 0.00000000000000000, 1.00000042674751533, 0.00000000000000000]
  #405 objects/buildingsets/human/lowtech/alpha/int/hangar/roomsm/wall/roomsm_wall_straight_04x01x08_a.cgf
    [1.00000000000000000, 0.00000000000000000, 0.00000000000000000, 7.00000000000000000]
    [0.00000000000000000, 1.00000000000000000, 0.00000000000000000, 2.00000000000000000]
    [0.00000000000000000, 0.00000000000000000, 1.00000000000000000, 0.00000000000000000]
  #406 objects/buildingsets/human/lowtech/alpha/int/roomsm/floor/roomsm_floor_straight_04x02x0025_a.cgf
    [-0.00000064012100026, 1.00000042674731060, 0.00000000000000000, 9.00000000000000000]
    [-1.00000042674731060, -0.00000064012100026, -0.00000000000000000, 7.00000000000000000]
    [-0.00000000000000000, 0.00000000000000000, 1.00000042674751533, 0.00000000000000000]
  #407 objects/buildingsets/human/lowtech/alpha/int/hangar/roomsm/addon/roomsm_addon_pillar_beam_01x04x0050_a.cgf
    [0.00000000000000000, 0.00000000000000000, 1.00000000000000000, 6.62499899999999986]
    [1.00000000000000000, 0.00000000000000000, 0.00000000000000000, 2.00000000000000000]
    [0.00000000000000000, 1.00000000000000000, 0.00000000000000000, 0.00000000000000000]
  #408 objects/buildingsets/human/lowtech/alpha/int/hangar/roomsm/ceiling/roomsm_ceiling_04x04x0025_c.cgf
    [-0.00000066676640496, 0.81915137138693506, 0.57357584392298899, 9.01783900000000038]
    [0.99999910898804278, 0.00000079334227987, 0.00000002946148148, 29.03596800000013900]
    [-0.00000043090893872, 0.57357584392282779, -0.81915137138720595, 5.52010299999999887]
  #409 objects/buildingsets/human/lowtech/alpha/int/roomsm/floor/roomsm_floor_straight_04x02x0025_a.cgf
    [-0.00000064012100026, 1.00000042674731060, 0.00000000000000000, 9.00000000000000000]
    [-1.00000042674731060, -0.00000064012100026, -0.00000000000000000, 25.00000000000000000]
    [-0.00000000000000000, 0.00000000000000000, 1.00000042674751533, -4.00000000000000000]
  #410 objects/buildingsets/human/lowtech/alpha/int/hangar/roomsm/ceiling/roomsm_ceiling_02x04x0025_a.cgf
    [-0.99999818376196381, 0.00000000000000000, 0.00000000000000000, 10.00000000000000000]
    [0.00000000000000000, -0.64278684560411048, 0.76604271332970986, 37.08942200000001321]
    [0.00000000000000000, 0.76604271332970986, 0.64278684560411103, 3.15708700000000064]
  #411 objects/buildingsets/human/lowtech/alpha/int/roomsm/trim/roomsm_trim_sml_straight_04x005_a.cgf
    [-0.00000064012100026, -1.00000042674731060, 0.00000000000000000, 11.00000000000000000]
    [1.00000042674731060, -0.00000064012100026, 0.00000000000000000, 25.00000000000000000]
    [0.00000000000000000, 0.00000000000000000, 1.00000042674751533, 4.00000000000000000]
  #412 objects/buildingsets/human/lowtech/alpha/int/roomsm/floor/roomsm_floor_straight_04x03x0025_a.cgf
    [-0.00000064012100026, 1.00000042674731060, 0.00000000000000000, 8.00000000000000000]
    [-1.00000042674731060, -0.00000064012100026, -0.00000000000000000, 37.00000000000000000]
    [-0.00000000000000000, 0.00000000000000000, 1.00000042674751533, -3.00000000000000000]
  #413 objects/buildingsets/human/lowtech/alpha/int/roomsm/wall/roomsm_wall_straight_08x01x04_b.cgf
    [-0.00000064012100026, -1.00000042674731060, 0.00000000000000000, 12.00000000000000000]
    [1.00000042674731060, -0.00000064012100026, 0.00000000000000000, 17.00000000000000000]
    [0.00000000000000000, 0.00000000000000000, 1.00000042674751533, 4.00000000000000000]
