# IncludedObjects
# Cgfs: 40, Materials: 13, Palettes: 1, Placements: 758

[CGFs]
      0: objects/buildingsets/human/lowtech/prop/light/light_navigation_01_a.cgf
      1: objects/buildingsets/human/hightech/prop/env/walkway/walkway_tile_1.cgf
      2: objects/characters/human/male_v7/clothing/navy/bdu/m_nvy_bdu_boots_01_left_a.cgf
      3: objects/buildingsets/human/hightech/prop/storage/crate/crate_dry_1_0125x0125x0125_a.cgf
      4: objects/characters/human/male_v7/clothing/navy/bdu/m_nvy_bdu_boots_01_right_a.cgf
      5: objects/buildingsets/human/hightech/prop/storage/crate/crate_dry_1_01x005x005_a.cgf
      6: objects/buildingsets/human/hightech/prop/storage/pallet/pallet_01_018_0016_a.cgf
      7: objects/characters/human/male_v7/clothing/navy/bdu/m_navy_bdu_jumpsuit_01_prop_hanging_a.cgf
      8: objects/buildingsets/human/hightech/prop/tech/collector/collector_water_1_a.cgf
      9: objects/buildingsets/human/hightech/delta/ext/outpost/pipe_a/pipe_a_straight_03x04x03_a.cgf
     10: objects/buildingsets/human/lowtech/prop/light/light_floor_01_b.cgf
     11: objects/buildingsets/human/hightech/delta/ext/outpost/pipe_a/pipe_a_end_04x02x03_a.cgf
     12: objects/buildingsets/human/hightech/delta/ext/outpost/pipe_a/pipe_a_straight_03x02x03_a.cgf
     13: objects/buildingsets/human/hightech/delta/ext/outpost/pipe_a/pipe_a_end_base_07x04x03_a.cgf
     14: objects/buildingsets/human/hightech/delta/ext/outpost/pipe_a/pipe_a_end_07x03x03_a.cgf
     15: objects/buildingsets/human/universal/prop/storage/bag/bag_holdall_1_a.cgf
     16: objects/buildingsets/human/hightech/prop/tech/sensor/sensor_perimeter_1_a.cgf
     17: objects/characters/human/male_v7/clothing/navy/bdu/m_nvy_bdu_pants_01_01_01_prop_folded_3_a.cgf
     18: objects/buildingsets/human/hightech/prop/light/flood_light/flood_light_frame_a.cgf
     19: objects/buildingsets/human/lowtech/alpha/ext/prop/shipping_container_1_025x05x025_a.cgf
     20: objects/buildingsets/human/lowtech/alpha/ext/prop/shipping_container_yellow.cgf
     21: objects/buildingsets/human/hightech/prop/storage/crate/crate_dry_1_0125x0125x0125_stack_a.cgf
     22: objects/buildingsets/human/hightech/delta/ext/outpost/pipe_a/pipe_a_xjunction_06x04x03_a.cgf
     23: objects/buildingsets/human/hightech/delta/ext/outpost/comms/dish/comms_dish_a.cgf
     24: objects/buildingsets/human/hightech/delta/ext/outpost/comms/antenna/comms_antenna_a.cgf
     25: objects/buildingsets/human/hightech/prop/furniture/locker/locker_personal_1_closed_a.cgf
     26: objects/buildingsets/human/hightech/prop/storage/pallet/pallet_shipping_1_025x0125x00125_a.cgf
     27: objects/buildingsets/human/hightech/prop/storage/crate/crate_016x008x008_open_c.cgf
     28: objects/buildingsets/human/lowtech/prop/storage/container/container_dry_2_025x05x025_a.cgf
     29: objects/characters/human/male_v7/clothing/navy/bdu/m_nvy_bdu_shirt_01_01_01_prop_folded_2_a.cgf
     30: objects/buildingsets/human/hightech/prop/storage/crate/crate_dry_1_0125x0125x0125_stack_b.cgf
     31: objects/buildingsets/human/hightech/prop/storage/crate/crate_01x005x005_a.cgf
     32: objects/buildingsets/human/hightech/prop/storage/crate/crate_dry_1_015x0075x0075_a.cgf
     33: objects/buildingsets/human/hightech/delta/ext/outpost/base/base_floor_14x08x02_a.cgf
     34: objects/buildingsets/human/lowtech/prop/storage/container/container_dry_3_025x05x025_a.cgf
     35: objects/buildingsets/human/hightech/delta/ext/outpost/base/base_floor_14x14x02_a.cgf
     36: objects/buildingsets/human/hightech/prop/tech/station/station_weather_1_a.cgf
     37: objects/buildingsets/human/hightech/delta/ext/outpost/power/solar/power_solar_panel_06x03x02_a.cgf
     38: objects/buildingsets/human/hightech/delta/ext/outpost/power/solar/power_solar_panel_05x02x02_a.cgf
     39: objects/buildingsets/human/hightech/prop/tech/regulator/regulator_exterior_1_a.cgf

[Materials]
      0: materials/decals/sand/sand_square_a
      1: materials/decals/sand/sand_streak_b
      2: materials/decals/sand/sand_footprints_a
      3: materials/decals/sand/sand_streak_a
      4: materials/decals/dust/dust_streak_b
      5: objects/buildingsets/human/hightech/delta/ext/hightech_delta_ext_op_a
      6: objects/buildingsets/human/hightech/prop/hightech_prop_main_a
      7: objects/buildingsets/human/hightech/prop/tech/sensor/sensor_perimeter_1_a1
      8: objects/buildingsets/human/lowtech/alpha/ext/prop/shipping_container_grey_a
      9: objects/buildingsets/human/lowtech/alpha/ext/prop/shipping_container_white_a
     10: objects/buildingsets/human/lowtech/alpha/ext/prop/shipping_container_orange_a
     11: objects/buildingsets/human/lowtech/alpha/ext/prop/shipping_container_blue_a
     12: objects/buildingsets/human/lowtech/alpha/ext/prop/shipping_container_red_a

[Palettes]
      0: Libs/Foundry/Records/TintPalettes/default

[Placements]
  #0 objects/buildingsets/human/lowtech/prop/light/light_navigation_01_a.cgf
    [-1.06066266370975915, 1.06066005236095529, 0.00000258090974868, 47.48525355488527566]
    [-1.06066005236172756, -1.06066266371196383, 0.00000058865561095, 30.50211211692658253]
    [0.00000224122289336, -0.00000140873365169, 1.50000167761968939, 18.19852646742947400]
  #1 objects/buildingsets/human/hightech/prop/env/walkway/walkway_tile_1.cgf
    [0.99862953339559801, 0.05233608658051662, 0.00002793720559976, 27.09965098544489592]
    [-0.05233608732616286, 0.99862953339139748, 0.00002666137074598, 26.27512793496134691]
    [-0.00002650356662947, -0.00002808695609522, 1.00000000510882203, -0.69231736031360924]
  #2 objects/buildingsets/human/hightech/prop/env/walkway/walkway_tile_1.cgf
    [0.99744501659964335, -0.03483081651354719, 0.06237189371465864, -6.52351127855945379]
    [0.03489722572453787, 0.99939090603886904, 0.00002464862557150, 24.11144382215570658]
    [-0.06233476190123548, 0.00215202040503765, 0.99805297770755053, -0.25441580952610821]
  #3 objects/buildingsets/human/hightech/prop/env/walkway/walkway_tile_1.cgf
    [0.99862952985461939, 0.05233609178579823, -0.00000342552420072, -4.40032783546485007]
    [-0.05233609167642798, 0.99862952951103190, 0.00002663485257770, 26.27513927881955169]
    [0.00000481479369948, -0.00002641907170051, 1.00000000184582705, -0.25445875222794712]
  #4 objects/buildingsets/human/hightech/prop/env/walkway/walkway_tile_1.cgf
    [0.99939086366537144, 0.03489873540465032, 0.00001801322658179, 17.93686478503514081]
    [-0.03489873588189728, 0.99939086344909478, 0.00002689712642991, 26.29600780791952275]
    [-0.00001706357819431, -0.00002750938096868, 1.00000000969360259, -0.50461128226015717]
  #5 objects/characters/human/male_v7/clothing/navy/bdu/m_nvy_bdu_boots_01_left_a.cgf
    [-0.17354228981794789, 0.03489906515497133, 0.98420981524934370, -8.64542680140584707]
    [-0.00606003241309332, -0.99939275902339375, 0.03436889226984096, 38.84336110833100975]
    [0.98480971826489938, 0.00000011288110271, 0.17364806462524038, 1.19349863997194916]
  #6 objects/buildingsets/human/hightech/prop/storage/crate/crate_dry_1_0125x0125x0125_a.cgf
    [-0.03490125756183039, -0.99939256086042105, 0.00000297608945558, -7.50887854094617069]
    [0.99939256086483319, -0.03490125756225750, -0.00000009168112321, 39.75858525070361793]
    [0.00000019549434636, 0.00000297107654504, 1.00000179423965996, 0.30758640391286463]
  #7 objects/characters/human/male_v7/clothing/navy/bdu/m_nvy_bdu_boots_01_right_a.cgf
    [0.03489695365545342, 0.99558924274799776, 0.08710468273899061, -6.50487774412613362]
    [-0.99939239842500927, 0.03476407170495219, 0.00304248152391148, 38.99484252629918046]
    [0.00000094843848515, -0.08715780199146841, 0.99619600529019392, 0.70046802202705294]
  #8 objects/characters/human/male_v7/clothing/navy/bdu/m_nvy_bdu_boots_01_right_a.cgf
    [-0.99939314990124217, 0.03489910783084250, 0.00000295463398793, -8.72749702772125602]
    [-0.03489910782957355, -0.99939314990553885, 0.00000047996819947, 38.84049521968699992]
    [0.00000296958457646, 0.00000037656197151, 1.00000230789567901, 1.14551267400383949]
  #9 objects/characters/human/male_v7/clothing/navy/bdu/m_nvy_bdu_boots_01_left_a.cgf
    [0.03489695365545342, 0.99558924274799776, 0.08710468273899061, -6.50116612960118800]
    [-0.99939239842500927, 0.03476407170495219, 0.00304248152391148, 39.13457947064307518]
    [0.00000094843848515, -0.08715780199146841, 0.99619600529019392, 0.70046806125901639]
  #10 objects/buildingsets/human/hightech/prop/storage/crate/crate_dry_1_01x005x005_a.cgf
    [0.03489758846802211, 0.99939251070579271, 0.00000235781605085, -8.98625132872257382]
    [-0.99939251070819968, 0.03489758846586994, 0.00000094784536307, 39.76570737836300395]
    [0.00000086498606506, -0.00000238945735873, 1.00000161606610094, 1.55759129568468779]
  #11 objects/buildingsets/human/hightech/prop/env/walkway/walkway_tile_1.cgf
    [1.00000000439754189, -0.00000613560997019, 0.00009834005758629, 97.97117062390316278]
    [-0.00000000994131211, 0.99805301919400169, 0.06237138271061773, -7.41381142503814772]
    [-0.00009853127694773, -0.06237138240883180, 0.99805301434918536, -0.82143403298687190]
  #12 objects/buildingsets/human/hightech/prop/storage/pallet/pallet_01_018_0016_a.cgf
    [0.99939082959731740, -0.03489875421364703, -0.00000039738173266, -6.38019935833290219]
    [0.03489875421371342, 0.99939082959738101, 0.00000016136802027, 39.67292227182770148]
    [0.00000039150812573, -0.00000017513785115, 0.99999997666442608, 0.30758418410550803]
  #13 objects/characters/human/male_v7/clothing/navy/bdu/m_navy_bdu_jumpsuit_01_prop_hanging_a.cgf
    [-0.82949660698668004, -0.00000117369038291, 0.02896515934999100, -6.37470748450141400]
    [-0.02896515935057978, 0.00000039849715721, -0.82949660698739414, 38.47033372201258317]
    [0.00000115906884573, -0.83000216955043338, -0.00000043921351330, 0.67405257676728070]
  #14 objects/buildingsets/human/hightech/prop/tech/collector/collector_water_1_a.cgf
    [0.42261696929314468, 0.90630837265583319, 0.00000035820526202, -6.21432949742302299]
    [-0.90630837265590403, 0.42261696929311593, 0.00000015612758961, 49.68717090346035548]
    [-0.00000000988388071, -0.00000039062660288, 0.99999998454028149, 0.74464310565963387]
  #15 objects/buildingsets/human/hightech/delta/ext/outpost/pipe_a/pipe_a_straight_03x04x03_a.cgf
    [0.99999997523240736, -0.00000005187460766, 0.00000031192073615, -2.00000315008219332]
    [0.00000005187461267, 0.99999997523245587, -0.00000001605446127, -12.69660710630705580]
    [-0.00000031192073531, 0.00000001605447745, 0.99999997523240858, 1.05831583077087998]
  #16 objects/buildingsets/human/lowtech/prop/light/light_floor_01_b.cgf
    [1.00000167207078428, 0.00000017795923913, 0.00000002154702173, -3.65866244735661894]
    [0.00000011060056142, -0.70711007791540603, 0.70710584911656094, -11.28013187498436309]
    [0.00000014107189922, -0.70710584911654717, -0.70711007791541436, 2.11393031082116067]
  #17 objects/buildingsets/human/hightech/delta/ext/outpost/pipe_a/pipe_a_end_04x02x03_a.cgf
    [-0.00000099674960676, 1.00000113034696092, 0.00000238878664934, 5.50000689050648361]
    [-1.00000113034935723, -0.00000099675189027, 0.00000095589887522, -14.69660222940729000]
    [0.00000095590125624, -0.00000238878569655, 1.00000113034700089, 1.05830423871520907]
  #18 objects/buildingsets/human/hightech/delta/ext/outpost/pipe_a/pipe_a_end_04x02x03_a.cgf
    [-0.00000209224663508, -1.00000116777954373, 0.00000216198716395, 5.49999958032276481]
    [1.00000116778187897, -0.00000209224676531, -0.00000006020942840, -7.69659471613704227]
    [0.00000006021395181, 0.00000216198703798, 1.00000116778173043, 1.05830410344060510]
  #19 objects/buildingsets/human/hightech/delta/ext/outpost/pipe_a/pipe_a_straight_03x02x03_a.cgf
    [-0.00000099674960676, 1.00000113034696092, 0.00000238878664934, 3.99999803944956511]
    [-1.00000113034935723, -0.00000099675189027, 0.00000095589887522, -7.69659598747966811]
    [0.00000095590125624, -0.00000238878569655, 1.00000113034700089, 1.05830631195567548]
  #20 objects/buildingsets/human/hightech/delta/ext/outpost/pipe_a/pipe_a_end_base_07x04x03_a.cgf
    [0.99999997523240736, -0.00000005187460766, 0.00000031192073615, 10.00000917725265026]
    [0.00000005187461267, 0.99999997523245587, -0.00000001605446127, -12.69659493537619710]
    [-0.00000031192073531, 0.00000001605447745, 0.99999997523240858, 1.05829816404730082]
  #21 objects/buildingsets/human/hightech/delta/ext/outpost/pipe_a/pipe_a_end_07x03x03_a.cgf
    [-1.00000122227690946, 0.00000035224229941, 0.00000289134530087, -2.00000315008219332]
    [-0.00000035224119289, -1.00000122228101596, 0.00000038270262092, -12.69660710630705580]
    [0.00000289134543567, 0.00000038270160247, 1.00000122227689814, 1.05831583077087998]
  #22 objects/buildingsets/human/hightech/delta/ext/outpost/pipe_a/pipe_a_end_04x02x03_a.cgf
    [-0.00000099674960676, 1.00000113034696092, 0.00000238878664934, 4.00000438827555627]
    [-1.00000113034935723, -0.00000099675189027, 0.00000095589887522, -14.69660386518808082]
    [0.00000095590125624, -0.00000238878569655, 1.00000113034700089, 1.05830540636088699]
  #23 objects/buildingsets/human/hightech/prop/storage/crate/crate_dry_1_0125x0125x0125_a.cgf
    [-0.00000209224663508, -1.00000116777954373, 0.00000216198716395, 102.24517928308341652]
    [1.00000116778187897, -0.00000209224676531, -0.00000006020942840, -7.04283957424922846]
    [0.00000006021395181, 0.00000216198703798, 1.00000116778173043, -0.88433551101479679]
  #24 objects/buildingsets/human/hightech/prop/env/walkway/walkway_tile_1.cgf
    [0.99999998911226384, 0.00000000659836945, 0.00009855227867536, 97.97114613116718829]
    [-0.00000000657658015, 0.99999999396851535, -0.00000022109415394, -0.66381680232007056]
    [-0.00009855227867682, 0.00000022109350473, 0.99999998911223942, -1.07140664814505726]
  #25 objects/buildingsets/human/hightech/prop/env/walkway/walkway_tile_1.cgf
    [0.99999999409370965, 0.00000001180913335, 0.00008536402326185, 84.72111817041877657]
    [-0.00000001281347048, 0.99999999766800629, 0.00001176534375128, 11.33616462894133292]
    [-0.00008536402311700, -0.00001176534480222, 0.99999999402449813, -1.57025986735243350]
  #26 objects/buildingsets/human/hightech/prop/env/walkway/walkway_tile_1.cgf
    [0.99756397734174007, -0.06975754556190507, 0.00010122319412523, 100.99164608342107385]
    [0.06975754679821641, 0.99756398235265953, -0.00000873070865436, -9.25804889175924473]
    [-0.00010036757911371, 0.00001577052203876, 1.00000000198823380, -0.82174996857065707]
  #27 objects/buildingsets/human/hightech/prop/storage/crate/crate_dry_1_0125x0125x0125_a.cgf
    [-0.00000008611249101, -1.00000110600142644, 0.00000204929396348, -22.87511846155393869]
    [1.00000110600351366, -0.00000008611281520, -0.00000015819857183, 95.54020914592547342]
    [0.00000015819874830, 0.00000204929394986, 1.00000110600141734, 8.05376155255362391]
  #28 objects/buildingsets/human/hightech/prop/env/walkway/walkway_tile_1.cgf
    [1.00000000213773066, -0.00000613318334110, 0.00009841973648121, 97.97115225414745510]
    [-0.00000001777653936, 0.99805273633337221, 0.06237587271525631, -2.91381457386887632]
    [-0.00009861064927746, -0.06237587241373251, 0.99805273148070073, -1.00891071523074061]
  #29 objects/buildingsets/human/hightech/prop/env/walkway/walkway_tile_1.cgf
    [0.99999999779992776, -0.00000533124211341, 0.00008522522810051, 84.83427559875417501]
    [0.00000000425242577, 0.99805228490729148, 0.06238300636352575, 4.15539042535237968]
    [-0.00008539181242469, -0.06238300613572233, 0.99805228126853451, -1.44521398912183940]
  #30 objects/buildingsets/human/lowtech/prop/light/light_navigation_01_a.cgf
    [1.49999995224567129, -0.00000010716272902, 0.00000010142815636, 94.30917128105647862]
    [0.00000010716272029, 1.49999995224566929, 0.00000012900289676, -3.45636434666812420]
    [-0.00000010142816558, -0.00000012900288951, 1.49999995224566973, 18.13318303320556879]
  #31 objects/buildingsets/human/universal/prop/storage/bag/bag_holdall_1_a.cgf
    [-0.00000128960314681, 1.20000118106428744, 0.00000297270035670, 103.37027546309400350]
    [-1.20000118106723130, -0.00000128960644417, 0.00000133105361632, -7.16787509477580898]
    [0.00000133105681099, -0.00000297269892626, 1.20000118106424214, -0.00940009288024157]
  #32 objects/buildingsets/human/hightech/prop/env/walkway/walkway_tile_1.cgf
    [0.99805339967532281, -0.00000001719149633, 0.06236516890603794, -13.73962194181513041]
    [-0.00000164254916076, 1.00000000109395559, 0.00002656199445035, 26.17413116086390801]
    [-0.06236516888440991, -0.00002661272668063, 0.99805339932186510, -0.06704044830985367]
  #33 objects/buildingsets/human/hightech/prop/env/walkway/walkway_tile_1.cgf
    [1.00000000240531772, -0.00000326198116614, 0.00005266425447309, 52.07315914495848119]
    [-0.00000003041896473, 0.99805146879802831, 0.06239609943656114, 17.39317076702718623]
    [-0.00005276517123085, -0.06239609935130264, 0.99805146740855943, -1.00561297009699047]
  #34 objects/buildingsets/human/hightech/prop/tech/sensor/sensor_perimeter_1_a.cgf
    [-1.00000119239091512, 0.00000036630252509, 0.00006538764328206, 61.77710588567424566]
    [-0.00000036707080339, -1.00000119445965785, -0.00001174959703636, -12.53515091392910108]
    [0.00006538763897364, -0.00001174962101311, 1.00000119232195539, -0.38109349599108100]
  #35 objects/characters/human/male_v7/clothing/navy/bdu/m_nvy_bdu_pants_01_01_01_prop_folded_3_a.cgf
    [-0.00000037806704937, 0.99999996017057924, 0.00000083149557994, 103.32602692535147071]
    [-0.93969249889900885, -0.00000007087835414, -0.34202036175486056, -7.38174312439514324]
    [-0.34202036175465894, -0.00000091065682470, 0.93969249889864392, -0.42979463923256844]
  #36 objects/buildingsets/human/hightech/prop/env/walkway/walkway_tile_1.cgf
    [0.99939085869425692, 0.03489872115636307, 0.00005453208958049, 54.50693707889877260]
    [-0.03489872196760224, 0.99939086005570510, 0.00001399601964113, 13.36876166090951301]
    [-0.00005401042839151, -0.00001589059422347, 1.00000000449205251, -0.94318091892637312]
  #37 objects/buildingsets/human/hightech/prop/tech/sensor/sensor_perimeter_1_a.cgf
    [-1.00000107864626764, 0.00000032322949066, 0.00002307036708969, 19.77713840187061578]
    [-0.00000032349788346, -1.00000107884471712, -0.00001163366920010, -12.53510033473139629]
    [0.00002307036332778, -0.00001163367666021, 1.00000107857864884, 0.43312034057453275]
  #38 objects/buildingsets/human/hightech/prop/tech/sensor/sensor_perimeter_1_a.cgf
    [-1.00000145121741801, 0.00000036465592045, 0.00000547099560711, 1.78997718705795705]
    [-0.00000036453047482, -1.00000145096950965, 0.00002292923206524, 22.19042019743937999]
    [0.00000547100396694, 0.00002292923007056, 1.00000145095461024, -0.44185201846994460]
  #39 objects/buildingsets/human/hightech/prop/env/walkway/walkway_tile_1.cgf
    [0.99999998521582534, 0.00000001543055606, 0.00001211006790452, 11.57967577665112913]
    [-0.00000001575473483, 0.99999998493085296, 0.00002676935999918, 26.34691239954554476]
    [-0.00001211006748711, -0.00002676936018801, 0.99999998485752617, -0.44201858330052346]
  #40 objects/buildingsets/human/hightech/prop/tech/collector/collector_water_1_a.cgf
    [-0.00000104010069531, 1.00000120528652525, 0.00000220750334750, -7.21432900149375200]
    [-1.00000120528816105, -0.00000104010348896, 0.00000126551012337, 43.68715280669857748]
    [0.00000126551241940, -0.00000220750203124, 1.00000120528626546, 0.43241638049948961]
  #41 objects/buildingsets/human/hightech/prop/light/flood_light/flood_light_frame_a.cgf
    [-1.00000122227690946, 0.00000035224229941, 0.00000289134530087, 94.31146390701178461]
    [-0.00000035224119289, -1.00000122228101596, 0.00000038270262092, -3.64434408416855149]
    [0.00000289134543567, 0.00000038270160247, 1.00000122227689814, -0.94606121443212032]
  #42 objects/buildingsets/human/lowtech/alpha/ext/prop/shipping_container_1_025x05x025_a.cgf
    [-0.00000106609117031, 1.00000114862683209, 0.00000177975943789, 82.88650727644562721]
    [-1.00000114862733414, -0.00000106609378822, 0.00000147094235201, 40.76281351369107142]
    [0.00000147094424940, -0.00000177975786973, 1.00000114862631850, -1.57071200734935701]
  #43 objects/buildingsets/human/lowtech/alpha/ext/prop/shipping_container_1_025x05x025_a.cgf
    [-1.00000315528702877, 0.00000037794324195, 0.00000274143470963, 83.88650660694111139]
    [-0.00000037794133002, -1.00000315529054329, 0.00000069742228559, 42.26281675475183874]
    [0.00000274143497321, 0.00000069742124949, 1.00000315528685690, 0.92929101979825646]
  #44 objects/buildingsets/human/lowtech/alpha/ext/prop/shipping_container_yellow.cgf
    [-0.00000128672937157, -1.00000106452612081, 0.00000136012916953, 80.13649833831004798]
    [1.00000106452698767, -0.00000128672890805, 0.00000034078077375, 43.76281474687857553]
    [-0.00000034077902364, 0.00000136012960803, 1.00000106452689064, -1.57070818124338984]
  #45 objects/buildingsets/human/hightech/prop/env/walkway/walkway_tile_1.cgf
    [0.99796354566526391, 0.01352944646022263, 0.06233540566398357, 77.81183298735413700]
    [-0.01741831662445752, 0.99790724183676083, 0.06227139096983110, 13.56278495234437287]
    [-0.06136245567758492, -0.06323035636328002, 0.99611071586696021, -1.50722590740770102]
  #46 objects/buildingsets/human/hightech/prop/env/walkway/walkway_tile_1.cgf
    [0.99862978725716123, 0.05233105878438865, 0.00008077317107009, 79.97454369498882443]
    [-0.05223413529445056, 0.99668390066330148, 0.06239227118570644, 13.52512517318245955]
    [0.00318454829470987, -0.06231099967240584, 0.99805170016741496, -1.56989606609568000]
  #47 objects/characters/human/male_v7/clothing/navy/bdu/m_nvy_bdu_boots_01_left_a.cgf
    [-0.17364721878069661, 0.00000015155659410, 0.98480886286607860, 101.07738409168086946]
    [0.00000003079407295, -1.00000092648449401, 0.00000015932435780, -7.91784134681802243]
    [0.98480886286608971, 0.00000005799245386, 0.17364721878068978, 0.00157529930584133]
  #48 objects/buildingsets/human/hightech/prop/env/walkway/walkway_tile_1.cgf
    [0.99452186255088693, -0.10452866501773492, 0.00009551521843617, 95.67323663423303515]
    [0.10452866549639882, 0.99452186708728196, -0.00000001945644643, -0.62054285974591039]
    [-0.00009498994028175, 0.00001000342824897, 0.99999998845103721, -1.07118409255053848]
  #49 objects/characters/human/male_v7/clothing/navy/bdu/m_nvy_bdu_boots_01_left_a.cgf
    [0.03489777353700504, 0.96533743351390755, -0.25866175512290179, -6.49744088144507259]
    [-0.99939094658014860, 0.03370874442778002, -0.00903189609413893, 38.71771866883500479]
    [0.00000033560137862, 0.25881939399937309, 0.96592579424819325, 0.71375494892708957]
  #50 objects/buildingsets/human/hightech/prop/env/walkway/walkway_tile_1.cgf
    [0.99984771612720402, 0.01745125460671141, -0.00000143892649214, -2.06306332501117140]
    [-0.01741738850407763, 0.99790225916986730, -0.06235156337717356, 26.31279663767782040]
    [-0.00108667709868202, 0.06234209324791237, 0.99805424916512253, -0.31695227650925517]
  #51 objects/buildingsets/human/hightech/prop/env/walkway/walkway_tile_1.cgf
    [1.00000000893119290, -0.00000024683224900, -0.00000385721355781, -4.43575855391100049]
    [0.00000000583990942, 0.99805411574376013, -0.06235382846518767, 24.06774134104489349]
    [0.00000386509876784, 0.06235382846469940, 0.99805411573630665, -0.31690339732449502]
  #52 objects/buildingsets/human/hightech/prop/storage/crate/crate_dry_1_0125x0125x0125_stack_a.cgf
    [-0.99939314990124217, 0.03489910783084250, 0.00000295463398793, -8.88304406090173870]
    [-0.03489910782957355, -0.99939314990553885, 0.00000047996819947, 39.71059896438964643]
    [0.00000296958457646, 0.00000037656197151, 1.00000230789567901, 0.30758841102942824]
  #53 objects/buildingsets/human/hightech/prop/env/walkway/walkway_tile_1.cgf
    [0.99999999415086349, 0.00000001668385647, 0.00002118300975859, 20.59624141803942621]
    [-0.00000001720353762, 0.99999999407429130, 0.00002453292323894, 24.08616993721807376]
    [-0.00002118300934292, -0.00002453292359786, 0.99999999384993143, -0.50460699212271720]
  #54 objects/buildingsets/human/hightech/prop/env/walkway/walkway_tile_1.cgf
    [0.99452187408393322, -0.10452868481357457, 0.00001140662092528, 11.54833406500983983]
    [0.10452868450771573, 0.99452187387374635, 0.00002474113649554, 24.12944387635798194]
    [-0.00001393029244722, -0.00002341328230640, 1.00000000168407510, -0.50446230848319829]
  #55 objects/buildingsets/human/hightech/prop/tech/collector/collector_water_1_a.cgf
    [-0.25882165170495375, 0.96592630348629671, 0.00000204291131236, -1.21432424231898040]
    [-0.96592630348717823, -0.25882165170747362, 0.00000107977136352, 43.68714465087396093]
    [0.00000157172745711, -0.00000169383164105, 1.00000113557776316, 0.24494143808260560]
  #56 objects/buildingsets/human/hightech/delta/ext/outpost/pipe_a/pipe_a_xjunction_06x04x03_a.cgf
    [-1.00000122227690946, 0.00000035224229941, 0.00000289134530087, 7.00000615848693997]
    [-0.00000035224119289, -1.00000122228101596, 0.00000038270262092, -12.69659876474179327]
    [0.00000289134543567, 0.00000038270160247, 1.00000122227689814, 1.05830341402906924]
  #57 objects/buildingsets/human/lowtech/prop/light/light_floor_01_b.cgf
    [-1.00000175407484115, -0.00000224447032240, -0.00000236756415666, 8.50493942620232701]
    [0.00000008703243572, 0.70710976676977944, -0.70710627624295830, -14.11344256560551003]
    [0.00000326120107003, -0.70710627623940159, -0.70710976676582116, 2.11391317006200552]
  #58 objects/buildingsets/human/lowtech/prop/light/light_floor_01_b.cgf
    [1.00000167207078428, 0.00000017795923913, 0.00000002154702173, 8.51312805234920233]
    [0.00000011060056142, -0.70711007791540603, 0.70710584911656094, -11.25947065214859322]
    [0.00000014107189922, -0.70710584911654717, -0.70711007791541436, 2.11391238821670413]
  #59 objects/buildingsets/human/hightech/prop/env/walkway/walkway_tile_1.cgf
    [0.99939087539203486, -0.03489811073569896, 0.00000945635297711, 9.37914517824538052]
    [0.03483079250289785, 0.99744616079600446, -0.06235360652065625, 24.14854785695206374]
    [0.00216659086211345, 0.06231595477557608, 0.99805412062855892, -0.50443999562412500]
  #60 objects/buildingsets/human/hightech/prop/env/walkway/walkway_tile_1.cgf
    [0.99796736130247354, 0.01353339237955883, 0.06227348151486792, 15.80316987226251513]
    [-0.01741924530873964, 0.99790630231791666, 0.06228623540847470, 28.52482845186023042]
    [-0.06130015580857564, -0.06324438725441867, 0.99611366410312874, -0.44213625276461244]
  #61 objects/buildingsets/human/hightech/prop/env/walkway/walkway_tile_1.cgf
    [0.99939085379617176, 0.03489871863979945, 0.00002026792535359, 20.13196265709120780]
    [-0.03489871917851776, 0.99939085362182611, 0.00002686385381490, 26.24376084355753846]
    [-0.00001931806514803, -0.00002755481444074, 0.99999999924623717, -0.50465176580473781]
  #62 objects/buildingsets/human/hightech/prop/env/walkway/walkway_tile_1.cgf
    [1.00000001005394812, 0.00000001029668065, -0.00001269663675968, -13.20832516218069941]
    [-0.00000000998597624, 1.00000000983512582, 0.00002447139442602, 24.03039281009114347]
    [0.00001269663700785, -0.00002447139429726, 1.00000000975452363, -0.12947955005802214]
  #63 objects/buildingsets/human/hightech/prop/env/walkway/walkway_tile_1.cgf
    [0.99756397010737541, -0.06975754031903242, 0.00003673418101248, 36.39491518109571189]
    [0.06975753935662869, 0.99756397048939094, 0.00002686075245678, 26.33829828287707642]
    [-0.00003851843567401, -0.00002423283290143, 0.99999999408312501, -0.75511440343689173]
  #64 objects/buildingsets/human/hightech/prop/env/walkway/walkway_tile_1.cgf
    [1.00000000473787520, -0.00000050577841055, -0.00000805600043665, -8.67031824961304665]
    [0.00000000249016031, 0.99805425375954604, -0.06235155245365688, 26.34691888463567011]
    [0.00000807186153468, 0.06235155245160556, 0.99805425372703316, -0.19198838039301336]
  #65 objects/buildingsets/human/hightech/prop/env/walkway/walkway_tile_1.cgf
    [0.99790097833060543, 0.01741735871359511, 0.06237210234756059, -6.56306267308536917]
    [-0.01745300866125700, 0.99984768733141738, 0.00002675216335988, 26.31279990146867931]
    [-0.06236213614432005, -0.00111527684908661, 0.99805296764353102, -0.19197151414118707]
  #66 objects/buildingsets/human/hightech/prop/env/walkway/walkway_tile_1.cgf
    [0.99939087608271704, 0.03489776945533225, -0.00001571506017124, -15.86802377959247679]
    [-0.03483084653382995, 0.99744628147775927, -0.06235146712972273, 26.24377214524429291]
    [-0.00216025222078871, 0.06231403542168159, 0.99805424304348778, -0.06707369443029165]
  #67 objects/buildingsets/human/hightech/prop/env/walkway/walkway_tile_1.cgf
    [0.99999999536451234, 0.00000000575119808, 0.00002316359358318, 22.51036302500870079]
    [-0.00000000636756085, 0.99999999527876582, 0.00002660911671594, 26.17411825465387665]
    [-0.00002316359342194, -0.00002660911685630, 0.99999999501048975, -0.56720073020551354]
  #68 objects/buildingsets/human/hightech/prop/tech/collector/collector_water_1_a.cgf
    [-0.34202096610630556, 0.93969228092284829, 0.00000069603640109, 0.78567539050709456]
    [-0.93969228092310386, -0.34202096610626215, -0.00000018422587228, 49.68715542065910995]
    [0.00000006494341469, -0.00000071706917139, 0.99999996204111985, 0.43216184165794402]
  #69 objects/buildingsets/human/hightech/prop/env/walkway/walkway_tile_1.cgf
    [0.99619475704984661, 0.08715503172000183, 0.00001910947165029, 18.26795061433222145]
    [-0.08715503217280143, 0.99619475689710635, 0.00002430149149200, 23.95152599544962868]
    [-0.00001691875825493, -0.00002587450510831, 0.99999999646857740, -0.50455844053067267]
  #70 objects/buildingsets/human/hightech/prop/env/walkway/walkway_tile_1.cgf
    [0.99984769431978471, 0.01745224959692654, 0.00001408912687191, 13.68692796758841723]
    [-0.01741741351629959, 0.99790225480984129, -0.06235155653970054, 26.31279178120894358]
    [-0.00110223450279118, 0.06234181486392441, 0.99805424514384977, -0.50454437965527177]
  #71 objects/buildingsets/human/hightech/delta/ext/outpost/comms/dish/comms_dish_a.cgf
    [-1.00000111526068314, 0.00000020131731974, 0.00000153574253918, -0.49990773026365787]
    [-0.00000020131708353, -1.00000111526185065, 0.00000015380690924, 40.30353272974025458]
    [0.00000153574257014, 0.00000015380660006, 1.00000111526069158, -0.00491884117946029]
  #72 objects/buildingsets/human/hightech/delta/ext/outpost/pipe_a/pipe_a_end_04x02x03_a.cgf
    [-0.00000209224663508, -1.00000116777954373, 0.00000216198716395, 2.49999680684413761]
    [1.00000116778187897, -0.00000209224676531, -0.00000006020942840, -7.69659662013873458]
    [0.00000006021395181, 0.00000216198703798, 1.00000116778173043, 1.05830878298729658]
  #73 objects/buildingsets/human/hightech/delta/ext/outpost/pipe_a/pipe_a_end_07x03x03_a.cgf
    [0.99999997523240736, -0.00000005187460766, 0.00000031192073615, 10.00000917725265026]
    [0.00000005187461267, 0.99999997523245587, -0.00000001605446127, -12.69659493537619710]
    [-0.00000031192073531, 0.00000001605447745, 0.99999997523240858, 1.05829816404730082]
  #74 objects/buildingsets/human/hightech/prop/env/walkway/walkway_tile_1.cgf
    [0.99619475194182561, 0.08715503434751569, 0.00003032875774562, 29.51793928840197623]
    [-0.08715503509715912, 0.99619475204057961, 0.00002433940562186, 23.95152155641699210]
    [-0.00002809204778363, -0.00002689009229698, 0.99999999160807262, -0.69232759729493409]
  #75 objects/buildingsets/human/universal/prop/storage/bag/bag_holdall_1_a.cgf
    [-0.00000165561528773, 0.99939206274814163, 0.03489711067054728, -9.11107962124515325]
    [0.00000058907879623, 0.03489711067156380, -0.99939206274930392, 39.07725347939413041]
    [-1.00000115170773229, -0.00000163404974763, -0.00000064649611859, 0.80758966784924269]
  #76 objects/buildingsets/human/hightech/delta/ext/outpost/comms/antenna/comms_antenna_a.cgf
    [-0.00000198900690036, -1.00000109981264229, 0.00000142229892285, 115.62487446714658290]
    [1.00000109981358665, -0.00000198900637944, 0.00000036621136716, -0.44653018037206493]
    [-0.00000036620853820, 0.00000142229965124, 1.00000109981455365, -0.82330788252875209]
  #77 objects/buildingsets/human/hightech/prop/env/walkway/walkway_tile_1.cgf
    [0.97814709761590923, 0.20791400022856804, 0.00005008372032055, 49.67469047603663057]
    [-0.20750631398468117, 0.97624412812373340, -0.06235792278671443, 19.90696098527405411]
    [-0.01301397924982723, 0.06098482915232235, 0.99805383899426903, -1.06803771213162690]
  #78 objects/buildingsets/human/hightech/prop/furniture/locker/locker_personal_1_closed_a.cgf
    [-0.06107400890661475, 0.00000051128815107, 1.74893588620038609, -9.49894184956792742]
    [1.74893588619920770, -0.00000207731019986, 0.06107400890718091, 39.43893924105213955]
    [0.00000209388841339, 1.75000193388440017, -0.00000043847982042, -0.87991319852881134]
  #79 objects/buildingsets/human/hightech/prop/storage/crate/crate_dry_1_0125x0125x0125_a.cgf
    [-0.99939314990124217, 0.03489910783084250, 0.00000295463398793, -8.88304406090173870]
    [-0.03489910782957355, -0.99939314990553885, 0.00000047996819947, 39.71059896438964643]
    [0.00000296958457646, 0.00000037656197151, 1.00000230789567901, 0.30758841102942824]
  #80 objects/buildingsets/human/universal/prop/storage/bag/bag_holdall_1_a.cgf
    [0.04187656615274010, 1.19927059396534252, 0.00000043205772009, -6.38010275922715664]
    [-1.19927059396511249, 0.04187656615241701, 0.00000087475013926, 39.67289030252140947]
    [0.00000085913977927, -0.00000046232079696, 1.20000150180821241, 1.18252206908073276]
  #81 objects/buildingsets/human/hightech/prop/tech/sensor/sensor_perimeter_1_a.cgf
    [-1.00000140883939714, 0.00000038732491354, 0.00002319462962850, 19.66496789746452123]
    [-0.00000038662915815, -1.00000140865849985, 0.00002999643921505, 29.19041535016731359]
    [0.00002319464123641, 0.00002999643023927, 1.00000140838957985, -0.50472405750770122]
  #82 objects/buildingsets/human/hightech/delta/ext/outpost/pipe_a/pipe_a_straight_03x02x03_a.cgf
    [-0.00000099674960676, 1.00000113034696092, 0.00000238878664934, 2.49999680684413761]
    [-1.00000113034935723, -0.00000099675189027, 0.00000095589887522, -7.69659662013873458]
    [0.00000095590125624, -0.00000238878569655, 1.00000113034700089, 1.05830878298729658]
  #83 objects/buildingsets/human/lowtech/prop/light/light_floor_01_b.cgf
    [1.00000167207078428, 0.00000017795923913, 0.00000002154702173, 11.38813100592233241]
    [0.00000011060056142, -0.70711007791540603, 0.70710584911656094, -11.25946813198970631]
    [0.00000014107189922, -0.70710584911654717, -0.70711007791541436, 2.11390815558843315]
  #84 objects/buildingsets/human/hightech/delta/ext/outpost/pipe_a/pipe_a_end_04x02x03_a.cgf
    [-0.00000099674960676, 1.00000113034696092, 0.00000238878664934, 2.50000386207830161]
    [-1.00000113034935723, -0.00000099675189027, 0.00000095589887522, -14.69660430544172414]
    [0.00000095590125624, -0.00000238878569655, 1.00000113034700089, 1.05830948008224368]
  #85 objects/buildingsets/human/hightech/prop/tech/sensor/sensor_perimeter_1_a.cgf
    [-0.99805417003037267, -0.00772095506570677, 0.06189191950007170, -9.83503221569117159]
    [0.00000276649738898, -0.99231514568275048, -0.12374571023883750, 51.19048398526501842]
    [0.06237165092312782, -0.12350460583735806, 0.99038312720867183, 1.05703841091599315]
  #86 objects/buildingsets/human/hightech/prop/env/walkway/walkway_tile_1.cgf
    [0.99668471631897737, 0.05223413543109027, 0.06237937993925050, 0.09967097046319395]
    [-0.05233771896571628, 0.99862944987424240, 0.00002658971478335, 26.27513765988987871]
    [-0.06229249649279237, -0.00329129599303228, 0.99805251762673342, -0.31694924470502883]
  #87 objects/buildingsets/human/hightech/prop/env/walkway/walkway_tile_1.cgf
    [0.99939086395683663, -0.03489873954454818, 0.00001384548815712, 13.72647894651163369]
    [0.03489873919525510, 0.99939086375934505, 0.00002471477384659, 24.11143789501511492]
    [-0.00001469956866827, -0.00002421652885043, 1.00000001018568518, -0.50448947586119175]
  #88 objects/characters/human/male_v7/clothing/navy/bdu/m_nvy_bdu_pants_01_01_01_prop_folded_3_a.cgf
    [0.91020744481165894, -0.31938243968004421, 0.26366186921343654, -6.26086552266497165]
    [0.38373903071699933, 0.88983866237043918, -0.24684373173899934, 39.19267315987963229]
    [-0.15577894709323928, 0.32585630087276224, 0.93249713536702694, 0.77899884420912713]
  #89 objects/buildingsets/human/hightech/prop/storage/pallet/pallet_shipping_1_025x0125x00125_a.cgf
    [-1.39915006830829936, -0.04885804980803373, -0.00000225474285439, -7.75000227021519095]
    [-0.04885804980962048, 1.39915006830973621, 0.00000095350452088, 39.50001207058085129]
    [0.00000222009349018, 0.00000103161092742, -1.40000286523894446, 0.30758643534500152]
  #90 objects/buildingsets/human/hightech/prop/storage/crate/crate_016x008x008_open_c.cgf
    [-0.03490125756183039, -0.99939256086042105, 0.00000297608945558, -5.97925257997121662]
    [0.99939256086483319, -0.03490125756225750, -0.00000009168112321, 38.93646464165067300]
    [0.00000019549434636, 0.00000297107654504, 1.00000179423965996, 0.43258354102727026]
  #91 objects/characters/human/male_v7/clothing/navy/bdu/m_nvy_bdu_pants_01_01_01_prop_folded_3_a.cgf
    [-0.03279483068987685, -0.99939169867536570, 0.01193677169648300, -6.42240748170297593]
    [0.93912087008986733, -0.03489967676583607, -0.34181246136300464, 39.61644657072611153]
    [0.34202082577149845, 0.00000038962323350, 0.93969330611544499, 0.76212721643969417]
  #92 objects/buildingsets/human/hightech/prop/env/walkway/walkway_tile_1.cgf
    [1.00000000749118478, 0.00000000457382916, 0.00003459865752551, 34.04164598183706403]
    [-0.00000000542041875, 1.00000000779035592, 0.00002446885673003, 24.03037801937898621]
    [-0.00003459865740323, -0.00002446885690292, 1.00000000719182247, -0.75497338746208698]
  #93 objects/buildingsets/human/hightech/delta/ext/outpost/comms/dish/comms_dish_a.cgf
    [-1.00000111526068314, 0.00000020131731974, 0.00000153574253918, -3.49990839592646807]
    [-0.00000020131708353, -1.00000111526185065, 0.00000015380690924, 40.30353291143546812]
    [0.00000153574257014, 0.00000015380660006, 1.00000111526069158, -0.00491982128005475]
  #94 objects/buildingsets/human/lowtech/prop/light/light_floor_01_b.cgf
    [-1.00000175407484115, -0.00000224447032240, -0.00000236756415666, 11.37994255358353257]
    [0.00000008703243572, 0.70710976676977944, -0.70710627624295830, -14.11343800649046898]
    [0.00000326120107003, -0.70710627623940159, -0.70710976676582116, 2.11390855908393860]
  #95 objects/buildingsets/human/lowtech/prop/light/light_floor_01_b.cgf
    [-1.00000175407484115, -0.00000224447032240, -0.00000236756415666, -0.54184769385028630]
    [0.00000008703243572, 0.70710976676977944, -0.70710627624295830, -14.11345016330596991]
    [0.00000326120107003, -0.70710627623940159, -0.70710976676582116, 2.11392611032351851]
  #96 objects/buildingsets/human/hightech/prop/env/walkway/walkway_tile_1.cgf
    [0.99744304770793746, -0.03483074163625037, 0.06240341984133557, 24.97647160326596349]
    [0.03489721879881812, 0.99939090665477504, 0.00002464909920840, 24.11143643743707798]
    [-0.06236626885530860, 0.00215311972250757, 0.99805100740205255, -0.56720755167771131]
  #97 objects/buildingsets/human/hightech/prop/env/walkway/walkway_tile_1.cgf
    [1.00000000558051094, 0.00000000149569361, 0.00000311658233877, 2.51795885991305113]
    [-0.00000000157169687, 1.00000000528801114, 0.00002438673101840, 23.95152742043137550]
    [-0.00000311658230137, -0.00002438673102318, 1.00000000528315458, -0.44189420179463923]
  #98 objects/buildingsets/human/hightech/prop/env/walkway/walkway_tile_1.cgf
    [0.99999999399070094, 0.00000002618426222, 0.00001638484150409, 15.81423187453765422]
    [-0.00000002658576242, 0.99999999382470039, 0.00002450436871430, 24.06773692605202086]
    [-0.00001638484085754, -0.00002450436914661, 0.99999999369046921, -0.50451933196745813]
  #99 objects/buildingsets/human/hightech/prop/env/walkway/walkway_tile_1.cgf
    [0.99999999222735836, 0.00000001742122538, 0.00002771344535398, 27.06422270461916924]
    [-0.00000001810022360, 0.99999999231123415, 0.00002450067851936, 24.06773396834614687]
    [-0.00002771344491883, -0.00002450067901157, 0.99999999192721678, -0.62976088980212808]
  #100 objects/buildingsets/human/lowtech/alpha/ext/prop/shipping_container_1_025x05x025_a.cgf
    [-0.00000406269542248, 1.00000118368664270, 0.00000185252149929, 66.90976635203696787]
    [-1.00000118368736080, -0.00000406269803950, 0.00000141273653787, 31.18740287295076996]
    [0.00000141274406408, -0.00000185251575976, 1.00000118369389779, 1.05593384534586221]
  #101 objects/buildingsets/human/lowtech/alpha/ext/prop/shipping_container_yellow.cgf
    [0.00000057147430848, -1.00000114688351505, 0.00000153459769448, 64.40975356870330870]
    [1.00000114688466102, 0.00000057147469373, 0.00000025110199799, 25.18739890109281987]
    [-0.00000025110287498, 0.00000153459755098, 1.00000114688364694, -1.44407066097483039]
  #102 objects/buildingsets/human/lowtech/alpha/ext/prop/shipping_container_yellow.cgf
    [-0.00000406269542248, 1.00000118368664270, 0.00000185252149929, 64.40975799609441310]
    [-1.00000118368736080, -0.00000406269803950, 0.00000141273653787, 28.18740415674983524]
    [0.00000141274406408, -0.00000185251575976, 1.00000118369389779, -1.44406725268345326]
  #103 objects/buildingsets/human/lowtech/prop/storage/container/container_dry_2_025x05x025_a.cgf
    [-0.00000406269542248, 1.00000118368664270, 0.00000185252149929, 61.90974986634682864]
    [-1.00000118368736080, -0.00000406269803950, 0.00000141273653787, 22.18739839037880301]
    [0.00000141274406408, -0.00000185251575976, 1.00000118369389779, 1.05593537224922329]
  #104 objects/buildingsets/human/lowtech/prop/storage/container/container_dry_2_025x05x025_a.cgf
    [-0.99619573983495513, -0.08715544537417406, 0.00000201815956420, 79.38650079048238695]
    [0.08715544537560392, -0.99619573983667409, 0.00000063156039908, 42.26281039835885167]
    [0.00000195543605367, 0.00000080505056007, 1.00000101186113088, 0.92929344100411981]
  #105 objects/buildingsets/human/hightech/delta/ext/outpost/comms/antenna/comms_antenna_a.cgf
    [-0.00000038942834176, 1.00000100200123820, 0.00000314810503707, -75.87515284074470401]
    [-1.00000100200596465, -0.00000038943047106, 0.00000067635216033, 103.30386522418120876]
    [0.00000067635338630, -0.00000314810477368, 1.00000100200108522, 3.48749468463938683]
  #106 objects/buildingsets/human/hightech/prop/env/walkway/walkway_tile_1.cgf
    [0.99939085173437825, -0.03489871467904469, -0.00001077308434903, -10.87084680970292538]
    [0.03489871493657980, 0.99939085147766360, 0.00002472247019856, 24.14855529883061536]
    [0.00000990373953209, -0.00002508337741195, 0.99999999710270737, -0.19195434416178614]
  #107 objects/buildingsets/human/hightech/prop/env/walkway/walkway_tile_1.cgf
    [0.99999999645236981, 0.00000002053299672, 0.00007403563772599, 73.47115437395405024]
    [-0.00000002140432148, 0.99999999912375304, 0.00001176899029417, 11.33616741368314251]
    [-0.00007403563747921, -0.00001176899184660, 0.99999999638311543, -1.31936980725731701]
  #108 objects/buildingsets/human/hightech/prop/storage/crate/crate_dry_1_0125x0125x0125_a.cgf
    [-0.73135723402350161, -0.68199782476411330, 0.00000253435863755, 48.09767360321711749]
    [0.68199782476649495, -0.73135723402566422, 0.00000010535083799, 34.45005485284491442]
    [0.00000178166852844, 0.00000180547217025, 1.00000221836827818, -1.00585363188292831]
  #109 objects/buildingsets/human/hightech/prop/storage/crate/crate_dry_1_0125x0125x0125_a.cgf
    [0.68199746237389269, -0.73135569716287907, -0.00000108289430979, 49.10328940965700895]
    [0.73135569716306559, 0.68199746237449177, -0.00000028719395760, 33.51230607228353620]
    [0.00000094857130472, -0.00000059611486755, 1.00000084722811478, -1.00585508800577372]
  #110 objects/buildingsets/human/universal/prop/storage/bag/bag_holdall_1_a.cgf
    [-0.81840020618505149, 0.87762691779954005, 0.00000400621371545, 49.84086161700543016]
    [-0.87762691779939139, -0.81840020619306719, 0.00000178630451266, 32.65354813117301092]
    [0.00000403865146107, -0.00000171170281351, 1.20000329346500756, -0.13091945671476424]
  #111 objects/buildingsets/human/hightech/prop/env/walkway/walkway_tile_1.cgf
    [0.81755396756768606, -0.57245844966093518, 0.06242457560830761, 45.89092016231734306]
    [0.57357528406910718, 0.81915284675976885, 0.00003555493899847, 35.29202212922973558]
    [-0.05115562269313000, 0.03577612571127739, 0.99804968073223344, -0.88078105007298291]
  #112 objects/buildingsets/human/lowtech/alpha/ext/prop/shipping_container_1_025x05x025_a.cgf
    [-1.00000315528702877, 0.00000037794324195, 0.00000274143470963, 76.38649691303726286]
    [-0.00000037794133002, -1.00000315529054329, 0.00000069742228559, 42.26280616069561802]
    [0.00000274143497321, 0.00000069742124949, 1.00000315528685690, 0.92929505533538759]
  #113 objects/buildingsets/human/hightech/prop/tech/collector/collector_water_1_a.cgf
    [-0.00000128672937157, -1.00000106452612081, 0.00000136012916953, -72.34312925185076892]
    [1.00000106452698767, -0.00000128672890805, 0.00000034078077375, 110.43755192245589569]
    [-0.00000034077902364, 0.00000136012960803, 1.00000106452689064, 3.23718703933991492]
  #114 objects/buildingsets/human/hightech/prop/env/walkway/walkway_tile_1.cgf
    [0.99804865126513087, -0.00388740891239778, 0.06231970676557828, 62.09618894418235868]
    [-0.00000071881468869, 0.99805939031877522, 0.06226894480834528, 11.21117102922289632]
    [-0.06244083438650672, -0.06214748216950752, 0.99611184148802001, -1.00609710218850523]
  #115 objects/buildingsets/human/hightech/prop/tech/sensor/sensor_perimeter_1_a.cgf
    [-1.00000139013758971, 0.00000038584490469, 0.00001463633458642, 11.23036470240913332]
    [-0.00000038424618442, -1.00000138427916241, 0.00010922954940892, 108.34419576899381354]
    [0.00001463637664471, 0.00010922954377326, 1.00000138417212536, 2.98996599577367306]
  #116 objects/buildingsets/human/hightech/prop/env/walkway/walkway_tile_1.cgf
    [0.99458978064834713, 0.08311248050781760, 0.06231769452085315, 59.76789079129230231]
    [-0.08698660278120594, 0.99426150612718400, 0.06226876911399667, 11.07652853679610416]
    [-0.05678477263440811, -0.06735268557544809, 0.99611200001772759, -0.88095368025824428]
  #117 objects/buildingsets/human/lowtech/alpha/ext/prop/shipping_container_yellow.cgf
    [-0.00000406269542248, 1.00000118368664270, 0.00000185252149929, 64.40976142534054816]
    [-1.00000118368736080, -0.00000406269803950, 0.00000141273653787, 31.18740661538322456]
    [0.00000141274406408, -0.00000185251575976, 1.00000118369389779, -1.44406711717601866]
  #118 objects/buildingsets/human/lowtech/alpha/ext/prop/shipping_container_yellow.cgf
    [0.00000057147430848, -1.00000114688351505, 0.00000153459769448, 64.40975072770379484]
    [1.00000114688466102, 0.00000057147469373, 0.00000025110199799, 22.18739615392405540]
    [-0.00000025110287498, 0.00000153459755098, 1.00000114688364694, -1.44406958296895027]
  #119 objects/buildingsets/human/lowtech/alpha/ext/prop/shipping_container_1_025x05x025_a.cgf
    [-1.00000270839540084, -0.00000233931096097, 0.00000301157383054, 62.40976139239501208]
    [0.00000233931313855, -1.00000270839967409, 0.00000072306802055, 29.68740575731499121]
    [0.00000301157213906, 0.00000072307506554, 1.00000270839787597, 3.55593998683616519]
  #120 objects/characters/human/male_v7/clothing/navy/bdu/m_nvy_bdu_boots_01_right_a.cgf
    [-0.73135723402350161, -0.68199782476411330, 0.00000253435863755, 47.59240841388236731]
    [0.68199782476649495, -0.73135723402566422, 0.00000010535083799, 33.72480858062044717]
    [0.00000178166852844, 0.00000180547217025, 1.00000221836827818, -0.16792842908762395]
  #121 objects/buildingsets/human/hightech/prop/env/walkway/walkway_tile_1.cgf
    [0.99939084330163863, 0.03489871929198451, 0.00003148557389404, 31.38194901554379612]
    [-0.03489872014227324, 0.99939084340662443, 0.00002687284336966, 26.24375433512614109]
    [-0.00003052856674813, -0.00002795528011865, 0.99999998878061558, -0.75494188768789172]
  #122 objects/buildingsets/human/hightech/prop/tech/sensor/sensor_perimeter_1_a.cgf
    [-1.00000104672577317, -0.00000050771037335, 0.00001446973928617, 11.23033631930593401]
    [-0.00000039483229612, -0.99805811847617376, -0.06230638655801547, 71.34400075607118197]
    [0.00001447325921453, -0.06230638655719791, 0.99805811837136149, 1.80578883050475270]
  #123 objects/buildingsets/human/hightech/prop/env/walkway/walkway_tile_1.cgf
    [0.99984771519928850, 0.01745135796048930, 0.00002543718499382, 24.93691906472668052]
    [-0.01745135864161295, 0.99984771515165816, 0.00002680529062190, 26.31278854285483249]
    [-0.00002496552252252, -0.00002724512196545, 1.00000000138268952, -0.62976201076526195]
  #124 objects/buildingsets/human/hightech/prop/env/walkway/walkway_tile_1.cgf
    [0.99805110802217223, -0.00388496648594519, 0.06228061460186478, 22.79166028997860849]
    [-0.00000151962964277, 0.99805860314476214, 0.06228167331154243, 24.03038397460477427]
    [-0.06240166598315829, -0.06216038825649381, 0.99611349772924829, -0.50465334975160658]
  #125 objects/buildingsets/human/hightech/prop/env/walkway/walkway_tile_1.cgf
    [0.99452187766638067, 0.10452867511272698, 0.00000899826300457, 9.14493887417484075]
    [-0.10452867532060731, 0.99452187731816766, 0.00002702074482474, 26.33830639263032936]
    [-0.00000612452673077, -0.00002781329826373, 1.00000000417388235, -0.44199304224457592]
  #126 objects/buildingsets/human/hightech/prop/env/walkway/walkway_tile_1.cgf
    [0.99939086190772308, -0.03489871894913148, 0.00003638065606422, 36.37912219366990030]
    [0.03489871806176734, 0.99939086229448937, 0.00002474725188639, 24.14854193900828250]
    [-0.00003722214231105, -0.00002346253893694, 1.00000000741826267, -0.75505860429257154]
  #127 objects/characters/human/male_v7/clothing/navy/bdu/m_nvy_bdu_pants_01_01_01_prop_folded_3_a.cgf
    [-0.03688491333332963, 0.94144549280536138, -0.33514433930401821, 0.34212260704953223]
    [-0.98710394691621861, -0.08660352936257372, -0.13463828432891123, 38.28026639760355465]
    [-0.15577914518150263, 0.32585587872720656, 0.93249806710153793, 0.34152748389169574]
  #128 objects/characters/human/male_v7/clothing/navy/bdu/m_navy_bdu_jumpsuit_01_prop_hanging_a.cgf
    [0.32430636722899542, 0.00000044767629135, -0.76402123033594049, -0.26442582334857434]
    [0.76402123033598457, 0.00000020604125006, 0.32430636722913475, 38.68871512767509557]
    [0.00000036458251666, -0.83000184350956085, -0.00000033158203646, 0.23658193170558661]
  #129 objects/characters/human/male_v7/clothing/navy/bdu/m_nvy_bdu_shirt_01_01_01_prop_folded_2_a.cgf
    [-0.66050272808174315, -0.75082586016973152, 0.00001275393479386, 1.07870530965737998]
    [0.75082584614747372, -0.66050271885133127, -0.00018279123212200, 39.09316685248631984]
    [0.00014566815043160, -0.00011115793873242, 1.00000164634384836, 1.12961512815672904]
  #130 objects/buildingsets/human/hightech/prop/storage/crate/crate_dry_1_0125x0125x0125_stack_a.cgf
    [0.39073030674288578, -0.92050448759460957, -0.00000130085681584, 1.91969858296215534]
    [0.92050448759468817, 0.39073030674404863, -0.00000079927090608, 40.43788125683204271]
    [0.00000124401745691, -0.00000088514575269, 0.99999934214406638, -0.12988311110530049]
  #131 objects/buildingsets/human/hightech/prop/storage/crate/crate_dry_1_0125x0125x0125_stack_b.cgf
    [-0.39073254628184295, 0.92050570855639979, 0.00000163107246401, 1.38244363467674702]
    [-0.92050570855716740, -0.39073254628309162, 0.00000052080512391, 39.17218574037542567]
    [0.00000111671568900, -0.00000129791426137, 1.00000134110337124, -0.12988509191200137]
  #132 objects/buildingsets/human/hightech/prop/storage/pallet/pallet_01_018_0016_a.cgf
    [-0.39073254628184295, 0.92050570855639979, 0.00000163107246401, 0.82780866278335452]
    [-0.92050570855716740, -0.39073254628309162, 0.00000052080512391, 38.18545899426680990]
    [0.00000111671568900, -0.00000129791426137, 1.00000134110337124, -0.12988611764740199]
  #133 objects/buildingsets/human/hightech/prop/storage/crate/crate_dry_1_01x005x005_a.cgf
    [-0.92050755892881042, -0.39073125701411998, 0.00000288070921635, 2.01326073927339166]
    [0.39073125701559358, -0.92050755893269076, -0.00000005543155748, 40.50812864344334230]
    [0.00000267336665885, 0.00000107455523549, 1.00000254062322735, 1.12011663080193102]
  #134 objects/characters/human/male_v7/clothing/navy/bdu/m_nvy_bdu_boots_01_left_a.cgf
    [-0.92050482107025455, -0.37741712427947505, 0.10112936937674623, 0.01164988335222006]
    [0.39073115443931283, -0.88913937864905923, 0.23824418345385703, 38.69540033955127001]
    [0.00000067005535809, 0.25881931979603934, 0.96592573232281942, 0.27628404949791729]
  #135 objects/characters/human/male_v7/clothing/navy/bdu/m_nvy_bdu_pants_01_01_01_prop_folded_3_a.cgf
    [-0.86499272586019715, -0.39073133091296280, -0.31483068939526154, 0.52534640254452825]
    [0.36716715602838312, -0.92050571903460798, 0.13363851425308990, 38.36181188622140326]
    [-0.34201990508761310, 0.00000085386722577, 0.93969363957424790, 0.32465564738959074]
  #136 objects/characters/human/male_v7/clothing/navy/bdu/m_nvy_bdu_boots_01_left_a.cgf
    [-0.92050683546398615, -0.38924455453527584, -0.03405311369025646, 0.39102686848491430]
    [0.39073128590421052, -0.91700392279368947, -0.08022867143307488, 38.52260383294196799]
    [0.00000173463234813, -0.08715649298192801, 0.99619652561699501, 0.26299682154785842]
  #137 objects/characters/human/male_v7/clothing/navy/bdu/m_nvy_bdu_pants_01_01_01_prop_folded_3_a.cgf
    [-0.86499272586019715, -0.39073133091296280, -0.31483068939526154, 0.64816123584751040]
    [0.36716715602838312, -0.92050571903460798, 0.13363851425308990, 38.30968021947774105]
    [-0.34201990508761310, 0.00000085386722577, 0.93969363957424790, 0.32465560641139746]
  #138 objects/buildingsets/human/universal/prop/storage/bag/bag_holdall_1_a.cgf
    [-0.00000142928136881, -0.39073133230890694, -0.92050581491307837, 1.44206455606035888]
    [-0.00000026876774185, -0.92050581491383499, 0.39073133230964557, 40.91221280017634854]
    [-1.00000096466784050, 0.00000080586650543, 0.00000121064466586, 0.37011680507566780]
  #139 objects/buildingsets/human/hightech/prop/storage/pallet/pallet_shipping_1_025x0125x00125_a.cgf
    [0.54702336135758578, 1.28870816056998749, -0.00000040763017410, 1.24999984842725098]
    [1.28870816056919124, -0.54702336135668028, 0.00000179132392648, 39.49999484678846784]
    [0.00000148964913479, -0.00000107515079111, -1.40000117178073191, -0.12988465500529855]
  #140 objects/buildingsets/human/hightech/prop/storage/crate/crate_016x008x008_open_c.cgf
    [0.92050377192011978, 0.39073187075775917, -0.00000137963346037, -0.00909413374029100]
    [-0.39073187075812765, 0.92050377192099730, 0.00000000268236247, 38.13331726586329751]
    [0.00000127100678537, 0.00000053659801675, 0.99999929447226421, -0.00488650833722204]
  #141 objects/characters/human/male_v7/clothing/navy/bdu/m_nvy_bdu_pants_01_01_01_prop_folded_3_a.cgf
    [0.86499108476318587, 0.39073067877949597, -0.31483100660748503, 0.79446185939013958]
    [-0.36716661181028420, 0.92050428540076024, 0.13363810276770985, 38.24757945234887302]
    [0.34202003630302719, -0.00000033349007700, 0.93969191629380622, 0.32465555763337761]
  #142 objects/buildingsets/human/hightech/prop/storage/crate/crate_01x005x005_a.cgf
    [-0.00000177293506930, -0.92050627410033681, -0.39073314876302556, 1.11425569152925164]
    [-0.00000084931377682, 0.39073314876488513, -0.92050627410086316, 40.77976917717023753]
    [1.00000209709761689, -0.00000130014008229, -0.00000147454006999, 0.31900354300159961]
  #143 objects/characters/human/male_v7/clothing/navy/bdu/m_nvy_bdu_boots_01_right_a.cgf
    [-0.92050482107025455, -0.37741712427947505, 0.10112936937674623, -0.11759224021807313]
    [0.39073115443931283, -0.88913937864905923, 0.23824418345385703, 38.74800170940579847]
    [0.00000067005535809, 0.25881931979603934, 0.96592573232281942, 0.27628404868301004]
  #144 objects/buildingsets/human/hightech/prop/storage/crate/crate_dry_1_015x0075x0075_a.cgf
    [0.30901713446180323, -0.95105574890344247, -0.00000080189320359, 1.96962890459690243]
    [0.95105574890326905, 0.30901713446240164, -0.00000077657657265, 38.66730524384183809]
    [0.00000098636703098, -0.00000052267003294, 0.99999931345609894, 1.12011475919280201]
  #145 objects/buildingsets/human/hightech/prop/furniture/locker/locker_personal_1_closed_a.cgf
    [1.61088309271257213, -0.00000181064154345, -0.68378228537572838, 1.93377952370792627]
    [-0.68378228537788732, -0.00000280478060061, -1.61088309271023156, 41.11088069580728188]
    [0.00000057078408230, 1.75000072919213623, -0.00000328928906419, -1.31738252984359860]
  #146 objects/characters/human/male_v7/clothing/navy/bdu/m_nvy_bdu_boots_01_right_a.cgf
    [0.39073030674288578, -0.92050448759460957, -0.00000130085681584, 1.06538102310150862]
    [0.92050448759468817, 0.39073030674404863, -0.00000079927090608, 40.66462739961571060]
    [0.00000124401745691, -0.00000088514575269, 0.99999934214406638, 0.70803940587211400]
  #147 objects/characters/human/male_v7/clothing/navy/bdu/m_nvy_bdu_boots_01_right_a.cgf
    [-0.92050683546398615, -0.38924455453527584, -0.03405311369025646, 0.26595084345899522]
    [0.39073128590421052, -0.91700392279368947, -0.08022867143307488, 38.58502281014807522]
    [0.00000173463234813, -0.08715649298192801, 0.99619652561699501, 0.26299687684513628]
  #148 objects/buildingsets/human/hightech/prop/storage/crate/crate_dry_1_0125x0125x0125_a.cgf
    [0.39073030674288578, -0.92050448759460957, -0.00000130085681584, 1.91969858296215534]
    [0.92050448759468817, 0.39073030674404863, -0.00000079927090608, 40.43788125683204271]
    [0.00000124401745691, -0.00000088514575269, 0.99999934214406638, -0.12988311110530049]
  #149 objects/buildingsets/human/hightech/prop/storage/crate/crate_dry_1_0125x0125x0125_a.cgf
    [0.92050377192011978, 0.39073187075775917, -0.00000137963346037, 1.38244363467674702]
    [-0.39073187075812765, 0.92050377192099730, 0.00000000268236247, 39.17218574037542567]
    [0.00000127100678537, 0.00000053659801675, 0.99999929447226421, -0.12988509191200137]
  #150 objects/buildingsets/human/universal/prop/storage/bag/bag_holdall_1_a.cgf
    [-1.10460893484734446, -0.46887762795663984, 0.00000276081895478, 0.82773872674442828]
    [0.46887762795803806, -1.10460893485019840, 0.00000007469597105, 38.18538467781036161]
    [0.00000251216212760, 0.00000114749389271, 1.20000297038916726, 0.74504961713682860]
  #151 objects/characters/human/male_v7/clothing/navy/bdu/m_nvy_bdu_boots_01_left_a.cgf
    [0.06784810040320081, -0.92050499579663103, -0.38479597358344875, 1.03329422255046666]
    [0.15984214998135146, 0.39073175710907182, -0.90652078540798464, 40.58903547000954859]
    [0.98480854771977333, -0.00000090245545655, 0.17364583967999145, 0.75602531805634499]
  #152 objects/buildingsets/human/hightech/prop/env/walkway/walkway_tile_1.cgf
    [0.99999999931061889, 0.00000002244537251, 0.00003403787872035, 33.51035038789268583]
    [-0.00000002335080688, 0.99999999953610652, 0.00002660078728155, 26.17411339611862786]
    [-0.00003403787811124, -0.00002660078806095, 0.99999999895681813, -0.75500918726902455]
  #153 objects/buildingsets/human/hightech/prop/env/walkway/walkway_tile_1.cgf
    [0.99939085024821039, 0.03489872182606058, 0.00002929908495097, 29.18685352080501616]
    [-0.03489872261648593, 0.99939085028767605, 0.00002691437492442, 26.29600292877876200]
    [-0.00002834196023450, -0.00002792048077312, 0.99999999581027499, -0.69237671419978142]
  #154 objects/buildingsets/human/hightech/prop/storage/crate/crate_dry_1_0125x0125x0125_stack_b.cgf
    [0.73135343625683913, 0.68199865750706323, -0.00000037271082644, 49.10328940965700895]
    [-0.68199865750666888, 0.73135343625685700, 0.00000080649216000, 33.51230607228353620]
    [0.00000082260990683, -0.00000033564252631, 1.00000000878273609, -1.00585508800577372]
  #155 objects/buildingsets/human/hightech/prop/storage/crate/crate_dry_1_01x005x005_a.cgf
    [-0.68200015575853068, 0.73135547082661223, 0.00000317146660952, 48.06366324797272682]
    [-0.73135547082674390, -0.68200015576445239, 0.00000133730019662, 34.56200069960323162]
    [0.00000314097462583, -0.00000140742696831, 1.00000251857727229, 0.24414920690469444]
  #156 objects/characters/human/male_v7/clothing/navy/bdu/m_nvy_bdu_pants_01_01_01_prop_folded_3_a.cgf
    [-0.64086983508246909, 0.73135529347707895, -0.23325442757869808, 49.57164947234559804]
    [-0.68724915084214322, -0.68199836766587907, -0.25013830168223089, 32.42973340692697093]
    [-0.34201870993962197, -0.00000218486071484, 0.93969438694029972, -0.55131397605873644]
  #157 objects/characters/human/male_v7/clothing/navy/bdu/m_nvy_bdu_boots_01_left_a.cgf
    [-0.68200016544348174, 0.72857221945305217, 0.06374559443782615, 49.37461344827897847]
    [-0.73135557683048780, -0.67940497792557852, -0.05943989941784319, 32.35850779566681013]
    [0.00000281473163403, -0.08715849037880596, 0.99619707035349203, -0.61297252622898668]
  #158 objects/characters/human/male_v7/clothing/navy/bdu/m_nvy_bdu_pants_01_01_01_prop_folded_3_a.cgf
    [-0.64086983508246909, 0.73135529347707895, -0.23325442757869808, 49.66264236217830330]
    [-0.68724915084214322, -0.68199836766587907, -0.25013830168223089, 32.52731171675259247]
    [-0.34201870993962197, -0.00000218486071484, 0.93969438694029972, -0.55131404253188521]
  #159 objects/buildingsets/human/hightech/prop/storage/crate/crate_016x008x008_open_c.cgf
    [0.68199746237389269, -0.73135569716287907, -0.00000108289430979, 49.60357515013311058]
    [0.73135569716306559, 0.68199746237449177, -0.00000028719395760, 31.84937133450875990]
    [0.00000094857130472, -0.00000059611486755, 1.00000084722811478, -0.88085663598030806]
  #160 objects/buildingsets/human/hightech/delta/ext/outpost/comms/dish/comms_dish_a.cgf
    [0.99999990314712250, -0.00000004579951727, 0.00000135100483001, -81.50018497277051210]
    [0.00000004579969804, 0.99999990314802611, -0.00000013380303100, 106.30389150339760818]
    [-0.00000135100482388, 0.00000013380309288, 0.99999990314711451, 3.29949198639951646]
  #161 objects/buildingsets/human/hightech/delta/ext/outpost/comms/dish/comms_dish_a.cgf
    [0.99999990314712250, -0.00000004579951727, 0.00000135100483001, -80.00018210557755083]
    [0.00000004579969804, 0.99999990314802611, -0.00000013380303100, 106.30389151719282381]
    [-0.00000135100482388, 0.00000013380309288, 0.99999990314711451, 3.29949151980690658]
  #162 objects/buildingsets/human/hightech/delta/ext/outpost/comms/dish/comms_dish_a.cgf
    [0.99999990370760139, -0.00000004517125287, 0.00000135017837217, -78.50018117541912943]
    [0.00000004517138977, 0.99999990370850778, -0.00000010139190314, 106.30389189257402904]
    [-0.00000135017836759, 0.00000010139196413, 0.99999990370759728, 3.29948891280218959]
  #163 objects/buildingsets/human/hightech/delta/ext/outpost/comms/dish/comms_dish_a.cgf
    [0.99999990370760139, -0.00000004517125287, 0.00000135017837217, -83.00018614204600453]
    [0.00000004517138977, 0.99999990370850778, -0.00000010139190314, 106.30389105450012721]
    [-0.00000135017836759, 0.00000010139196413, 0.99999990370759728, 3.29949429689440876]
  #164 objects/characters/human/male_v7/clothing/navy/bdu/m_nvy_bdu_pants_01_01_01_prop_folded_3_a.cgf
    [0.92304478966314096, -0.28813302696044396, 0.25488780442164599, -80.74918821477331221]
    [0.35173997791445072, 0.90044260356609074, -0.25589494604702295, 108.44477956308401190]
    [-0.15578004366739948, 0.32585670815602247, 0.93249670323130429, 3.89551534852944314]
  #165 objects/characters/human/male_v7/clothing/navy/bdu/m_navy_bdu_jumpsuit_01_prop_hanging_a.cgf
    [-0.83000170524158523, -0.00000102344552355, -0.00000061507060758, -80.88816882902756333]
    [0.00000061507024892, 0.00000029086912067, -0.83000170524216543, 107.72685257776174694]
    [0.00000102344573910, -0.83000170524176231, -0.00000029086836191, 3.79056945536285639]
  #166 objects/characters/human/male_v7/clothing/navy/bdu/m_nvy_bdu_shirt_01_01_01_prop_folded_2_a.cgf
    [-0.43306015867008402, 0.90136597677069252, 0.00016628927519728, -81.78527336672414094]
    [-0.90136598026027515, -0.43306017552157511, 0.00008225522363901, 108.80518263310659677]
    [0.00014615519461678, -0.00011426593520412, 1.00000085917024140, 4.68360375403426588]
  #167 objects/buildingsets/human/hightech/prop/storage/crate/crate_dry_1_0125x0125x0125_stack_a.cgf
    [-1.00000122227690946, 0.00000035224229941, 0.00000289134530087, -83.35169266269076616]
    [-0.00000035224119289, -1.00000122228101596, 0.00000038270262092, 109.05390038611949421]
    [0.00000289134543567, 0.00000038270160247, 1.00000122227689814, 3.42410328541882336]
  #168 objects/buildingsets/human/hightech/prop/storage/crate/crate_dry_1_0125x0125x0125_stack_b.cgf
    [0.99999997523240736, -0.00000005187460766, 0.00000031192073615, -81.97669009235687554]
    [0.00000005187461267, 0.99999997523245587, -0.00000001605446127, 109.05390038958285004]
    [-0.00000031192073531, 0.00000001605447745, 0.99999997523240858, 3.42410276341252029]
  #169 objects/buildingsets/human/hightech/prop/storage/pallet/pallet_01_018_0016_a.cgf
    [0.99999997523240736, -0.00000005187460766, 0.00000031192073615, -80.85168803308624774]
    [0.00000005187461267, 0.99999997523245587, -0.00000001605446127, 108.92890040064230561]
    [-0.00000031192073531, 0.00000001605447745, 0.99999997523240858, 3.42410115059465170]
  #170 objects/buildingsets/human/hightech/prop/storage/crate/crate_dry_1_01x005x005_a.cgf
    [-0.00000099674960676, 1.00000113034696092, 0.00000238878664934, -83.45291334600187838]
    [-1.00000113034935723, -0.00000099675189027, 0.00000095589887522, 109.11257639591349289]
    [0.00000095590125624, -0.00000238878569655, 1.00000113034700089, 4.67410582490265369]
  #171 objects/characters/human/male_v7/clothing/navy/bdu/m_nvy_bdu_boots_01_left_a.cgf
    [0.00000019644609085, 0.96592575629839683, -0.25881917983064756, -81.00219403672963381]
    [-0.99999996726439888, 0.00000013806813562, -0.00000024373199893, 107.97837002581218258]
    [-0.00000019969234037, 0.25881917983068531, 0.96592575629838628, 3.83027169248089194]
  #172 objects/characters/human/male_v7/clothing/navy/bdu/m_nvy_bdu_pants_01_01_01_prop_folded_3_a.cgf
    [-0.00000037806704937, 0.99999996017057924, 0.00000083149557994, -80.89584242424461991]
    [-0.93969249889900885, -0.00000007087835414, -0.34202036175486056, 108.58157569388276897]
    [-0.34202036175465894, -0.00000091065682470, 0.93969249889864392, 3.87864357023499906]
  #173 objects/characters/human/male_v7/clothing/navy/bdu/m_nvy_bdu_boots_01_left_a.cgf
    [-0.00000133887767343, 0.99619557076823129, 0.08715952671946002, -80.99136902391910553]
    [-1.00000119915629693, -0.00000146219529465, 0.00000135100776303, 108.39510683339904062]
    [0.00000147331043270, -0.08715952671747848, 0.99619557076821463, 3.81698502309154719]
  #174 objects/characters/human/male_v7/clothing/navy/bdu/m_nvy_bdu_pants_01_01_01_prop_folded_3_a.cgf
    [-0.00000037806704937, 0.99999996017057924, 0.00000083149557994, -80.89584245032165200]
    [-0.93969249889900885, -0.00000007087835414, -0.34202036175486056, 108.71499683966976590]
    [-0.34202036175465894, -0.00000091065682470, 0.93969249889864392, 3.87864363519474864]
  #175 objects/buildingsets/human/universal/prop/storage/bag/bag_holdall_1_a.cgf
    [-0.00000031395987274, 1.00000058021122973, -0.00000053994004087, -83.60169132414739579]
    [0.00000050373662897, -0.00000053993988256, -1.00000058021115201, 108.42889900013688020]
    [-1.00000058021124860, -0.00000031396014497, -0.00000050373645939, 3.92410478694364429]
  #176 objects/buildingsets/human/hightech/prop/storage/pallet/pallet_shipping_1_025x0125x00125_a.cgf
    [-1.40000122655731540, 0.00000004583989317, -0.00000119539872284, -82.22669050982221961]
    [0.00000004583945625, 1.40000122655773174, 0.00000051169819887, 108.80389991839183494]
    [0.00000119539873960, 0.00000051169815973, -1.40000122655722259, 3.42410273477435112]
  #177 objects/buildingsets/human/hightech/prop/storage/crate/crate_016x008x008_open_c.cgf
    [-0.00000209224663508, -1.00000116777954373, 0.00000216198716395, -80.47668829956091940]
    [1.00000116778187897, -0.00000209224676531, -0.00000006020942840, 108.17889949845266528]
    [0.00000006021395181, 0.00000216198703798, 1.00000116778173043, 3.54910048469901085]
  #178 objects/characters/human/male_v7/clothing/navy/bdu/m_nvy_bdu_pants_01_01_01_prop_folded_3_a.cgf
    [-0.00000036035725598, -1.00000010150505125, 0.00000052627398949, -80.89584248140454292]
    [0.93969265175338812, -0.00000051862142960, -0.34202035502428252, 108.87393201320082881]
    [0.34202035502448591, 0.00000037128624638, 0.93969265175338390, 3.87864371214527637]
  #179 objects/buildingsets/human/hightech/prop/storage/crate/crate_01x005x005_a.cgf
    [-0.00000102907639859, 0.00000000233525584, 1.00000219972637683, -83.35169186873827130]
    [-0.00000018475829987, -1.00000219972688931, 0.00000000233506571, 108.17889835222740658]
    [1.00000219972635973, -0.00000018475829747, 0.00000102907639893, 3.87299077154602855]
  #180 objects/characters/human/male_v7/clothing/navy/bdu/m_nvy_bdu_boots_01_right_a.cgf
    [0.00000019644609085, 0.96592575629839683, -0.25881917983064756, -81.00011503137648106]
    [-0.99999996726439888, 0.00000013806813562, -0.00000024373199893, 107.83884875898365863]
    [-0.00000019969234037, 0.25881917983068531, 0.96592575629838628, 3.83027157979086041]
  #181 objects/buildingsets/human/hightech/prop/storage/crate/crate_dry_1_015x0075x0075_a.cgf
    [-0.99619464498370214, 0.08715496035227584, 0.00000050124114754, -81.74137558857910335]
    [-0.08715496035235611, -0.99619464498381127, -0.00000014053610117, 109.79167945677181706]
    [0.00000048708538768, -0.00000018368698599, 0.99999987890408815, 4.67410410661250353]
  #182 objects/buildingsets/human/hightech/prop/furniture/locker/locker_personal_1_closed_a.cgf
    [-0.00000114934678316, 0.00000061996567756, 1.75000117915754316, -83.97669393953401595]
    [1.75000117915656661, -0.00000195018222874, 0.00000114934747376, 108.80390019231708720]
    [0.00000195018263549, 1.75000117915683395, -0.00000061996439719, 2.23660342849325389]
  #183 objects/characters/human/male_v7/clothing/navy/bdu/m_nvy_bdu_boots_01_right_a.cgf
    [-1.00000122227690946, 0.00000035224229941, 0.00000289134530087, -83.22660543536767364]
    [-0.00000035224119289, -1.00000122228101596, 0.00000038270262092, 108.17889862609445117]
    [0.00000289134543567, 0.00000038270160247, 1.00000122227689814, 4.26202761533204466]
  #184 objects/characters/human/male_v7/clothing/navy/bdu/m_nvy_bdu_boots_01_right_a.cgf
    [-0.00000133887767343, 0.99619557076823129, 0.08715952671946002, -80.99995503900572658]
    [-1.00000119915629693, -0.00000146219529465, 0.00000135100776303, 108.25558456653379835]
    [0.00000147331043270, -0.08715952671747848, 0.99619557076821463, 3.81698491377756000]
  #185 objects/buildingsets/human/hightech/prop/storage/crate/crate_dry_1_0125x0125x0125_a.cgf
    [-1.00000122227690946, 0.00000035224229941, 0.00000289134530087, -83.35169266269076616]
    [-0.00000035224119289, -1.00000122228101596, 0.00000038270262092, 109.05390038611949421]
    [0.00000289134543567, 0.00000038270160247, 1.00000122227689814, 3.42410328541882336]
  #186 objects/buildingsets/human/hightech/prop/storage/crate/crate_dry_1_0125x0125x0125_a.cgf
    [-0.00000209224663508, -1.00000116777954373, 0.00000216198716395, -81.97669009235687554]
    [1.00000116778187897, -0.00000209224676531, -0.00000006020942840, 109.05390038958285004]
    [0.00000006021395181, 0.00000216198703798, 1.00000116778173043, 3.42410276341252029]
  #187 objects/buildingsets/human/universal/prop/storage/bag/bag_holdall_1_a.cgf
    [-0.00000128960314681, 1.20000118106428744, 0.00000297270035670, -80.85159391246270388]
    [-1.20000118106723130, -0.00000128960644417, 0.00000133105361632, 108.92886486925999634]
    [0.00000133105681099, -0.00000297269892626, 1.20000118106424214, 4.29903818131424487]
  #188 objects/characters/human/male_v7/clothing/navy/bdu/m_nvy_bdu_boots_01_left_a.cgf
    [-0.17364721878069661, 0.00000015155659410, 0.98480886286607860, -83.14448528422508389]
    [0.00000003079407295, -1.00000092648449401, 0.00000015932435780, 108.17889861704315990]
    [0.98480886286608971, 0.00000005799245386, 0.17364721878068978, 4.31001357384957373]
  #189 objects/buildingsets/human/hightech/prop/tech/collector/collector_water_1_a.cgf
    [-0.00000104010069531, 1.00000120528652525, 0.00000220750334750, -65.34309037006460130]
    [-1.00000120528816105, -0.00000104010348896, 0.00000126551012337, 110.43752441086689942]
    [0.00000126551241940, -0.00000220750203124, 1.00000120528626546, 2.98766858153976500]
  #190 objects/buildingsets/human/hightech/delta/ext/outpost/pipe_a/pipe_a_end_04x02x03_a.cgf
    [-0.00000099674960676, 1.00000113034696092, 0.00000238878664934, -75.87515284062828869]
    [-1.00000113034935723, -0.00000099675189027, 0.00000095589887522, 103.30386522415210493]
    [0.00000095590125624, -0.00000238878569655, 1.00000113034700089, 3.48749468452297151]
  #191 objects/buildingsets/human/hightech/prop/env/walkway/walkway_tile_1.cgf
    [0.99939083950614738, 0.03489872282059068, 0.00000230686133599, 2.18687415064778179]
    [-0.03489872287007623, 0.99939083914500781, 0.00002690179945333, 26.29601102136075497]
    [-0.00000136661766372, -0.00002696591884605, 0.99999998510980170, -0.37945225625298917]
  #192 objects/buildingsets/human/hightech/prop/env/walkway/walkway_tile_1.cgf
    [0.99939085227492419, 0.03489872692635355, 0.00007086489040017, 70.81176049087662250]
    [-0.03489872801215403, 0.99939085464937538, 0.00001414344586309, 13.54600264155305922]
    [-0.00007032813506432, -0.00001660792493617, 0.99999999827592123, -1.38170534127857536]
  #193 objects/buildingsets/human/hightech/prop/storage/pallet/pallet_shipping_1_025x0125x00125_a.cgf
    [-1.02389910044894528, 0.95479763751125835, -0.00000141860370242, 48.74995051510632038]
    [0.95479763751061741, 1.02389910044991717, 0.00000111656988187, 33.49996653632842936]
    [0.00000179900019046, -0.00000015087438608, -1.40000282017429978, -1.00585482572205365]
  #194 objects/buildingsets/human/hightech/prop/tech/sensor/sensor_perimeter_1_a.cgf
    [-1.00000151103689916, 0.00000038516160958, -0.00002735361074135, -30.76976238400675356]
    [-0.00000038815127055, -1.00000150543809907, 0.00010929700199294, 108.34420229573152028]
    [-0.00002735356848102, 0.00010929701256937, 1.00000150506406493, 3.05205731489695609]
  #195 objects/buildingsets/human/hightech/prop/light/flood_light/flood_light_frame_a.cgf
    [-0.00000104010069531, 1.00000120528652525, 0.00000220750334750, -77.84871557424776256]
    [-1.00000120528816105, -0.00000104010348896, 0.00000126551012337, 110.31299912423128262]
    [0.00000126551241940, -0.00000220750203124, 1.00000120528626546, 3.42428763001225889]
  #196 objects/buildingsets/human/lowtech/prop/light/light_navigation_01_a.cgf
    [-0.00000314784916093, -1.50000177912095789, 0.00000207903438675, -78.03667638998012990]
    [1.50000177912239407, -0.00000314784932130, -0.00000011573614161, 110.31069125671638176]
    [0.00000011574050459, 0.00000207903414387, 1.50000177912425658, 22.50353350304067135]
  #197 objects/buildingsets/human/hightech/delta/ext/outpost/pipe_a/pipe_a_end_04x02x03_a.cgf
    [-0.00000099674960676, 1.00000113034696092, 0.00000238878664934, -63.87509517476428300]
    [-1.00000113034935723, -0.00000099675189027, 0.00000095589887522, 103.30383911682292819]
    [0.00000095590125624, -0.00000238878569655, 1.00000113034700089, 3.23833406530320644]
  #198 objects/buildingsets/human/hightech/delta/ext/outpost/comms/antenna/comms_antenna_a.cgf
    [-0.00000038942834176, 1.00000100200123820, 0.00000314810503707, -63.87509517511352897]
    [-1.00000100200596465, -0.00000038943047106, 0.00000067635216033, 103.30383911691023968]
    [0.00000067635338630, -0.00000314810477368, 1.00000100200108522, 3.23833406530320644]
  #199 objects/buildingsets/human/hightech/prop/storage/crate/crate_dry_1_0125x0125x0125_a.cgf
    [-0.00000127946271474, -1.00000120845391183, 0.00000071482230067, -30.98849483474623412]
    [1.00000120845413543, -0.00000127946289504, -0.00000025229538310, 92.13822539389366284]
    [0.00000025229629769, 0.00000071482197786, 1.00000120845469831, 5.55355760618112981]
  #200 objects/buildingsets/human/lowtech/alpha/ext/prop/shipping_container_1_025x05x025_a.cgf
    [-0.00000127946271474, -1.00000120845391183, 0.00000071482230067, -29.48849485756363720]
    [1.00000120845413543, -0.00000127946289504, -0.00000025229538310, 97.63822540146065876]
    [0.00000025229629769, 0.00000071482197786, 1.00000120845469831, 5.55355769733432680]
  #201 objects/buildingsets/human/lowtech/alpha/ext/prop/shipping_container_1_025x05x025_a.cgf
    [-1.00000129880773314, 0.00000021736467457, 0.00000164431382090, -30.98849507956765592]
    [-0.00000021736442104, -1.00000129880907318, 0.00000015418522656, 96.63822549124597572]
    [0.00000164431385442, 0.00000015418486915, 1.00000129880774447, 3.05355820152908564]
  #202 objects/buildingsets/human/lowtech/prop/storage/container/container_dry_2_025x05x025_a.cgf
    [0.08715539441408343, -0.99619472392591246, 0.00000049901860361, -29.48849465092644095]
    [0.99619472392599306, 0.08715539441391901, -0.00000034221451669, 94.63822533484199084]
    [0.00000029742013414, 0.00000052694554367, 0.99999999537659112, 5.55355766694992781]
  #203 objects/buildingsets/human/hightech/delta/ext/outpost/pipe_a/pipe_a_end_04x02x03_a.cgf
    [-0.00000099674960676, 1.00000113034696092, 0.00000238878664934, -67.87511431809980422]
    [-1.00000113034935723, -0.00000099675189027, 0.00000095589887522, 103.30384563337429427]
    [0.00000095590125624, -0.00000238878569655, 1.00000113034700089, 3.30057026841677725]
  #204 objects/buildingsets/human/hightech/delta/ext/outpost/comms/antenna/comms_antenna_a.cgf
    [-0.00000038942834176, 1.00000100200123820, 0.00000314810503707, -67.87511431844905019]
    [-1.00000100200596465, -0.00000038943047106, 0.00000067635216033, 103.30384563343250193]
    [0.00000067635338630, -0.00000314810477368, 1.00000100200108522, 3.30057026830036193]
  #205 objects/buildingsets/human/hightech/prop/tech/collector/collector_water_1_a.cgf
    [-1.00000122227690946, 0.00000035224229941, 0.00000289134530087, -80.34315509756561369]
    [-0.00000035224119289, -1.00000122228101596, 0.00000038270262092, 102.43752602412132546]
    [0.00000289134543567, 0.00000038270160247, 1.00000122227689814, 3.23742788971867412]
  #206 objects/buildingsets/human/hightech/prop/tech/sensor/sensor_perimeter_1_a.cgf
    [-1.00000139685553990, 0.00000036780290894, -0.00009715854229551, -100.63517653255257756]
    [-0.00000037801988502, -1.00000139604633387, 0.00010515792443294, 104.33239392001996748]
    [-0.00009715850308097, 0.00010515796066441, 1.00000139132652066, 3.48539700917899609]
  #207 objects/buildingsets/human/hightech/prop/tech/sensor/sensor_perimeter_1_a.cgf
    [-0.99805887443331853, 0.00000042184531583, 0.06229802374746795, -83.63511235208716244]
    [0.00000613437581854, -1.00000127476183875, 0.00010504850209876, 104.33232664511888288]
    [0.06229802344687563, 0.00010522661453457, 0.99805886890508322, 3.42446235101670027]
  #208 objects/buildingsets/human/hightech/delta/ext/outpost/pipe_a/pipe_a_end_04x02x03_a.cgf
    [-0.00000099674960676, 1.00000113034696092, 0.00000238878664934, -71.87513095827307552]
    [-1.00000113034935723, -0.00000099675189027, 0.00000095589887522, 103.30385214815032668]
    [0.00000095590125624, -0.00000238878569655, 1.00000113034700089, 3.36279047466814518]
  #209 objects/buildingsets/human/hightech/delta/ext/outpost/comms/antenna/comms_antenna_a.cgf
    [-0.00000038942834176, 1.00000100200123820, 0.00000314810503707, -71.87513095827307552]
    [-1.00000100200596465, -0.00000038943047106, 0.00000067635216033, 103.30385214803391136]
    [0.00000067635338630, -0.00000314810477368, 1.00000100200108522, 3.36279047513380647]
  #210 objects/buildingsets/human/lowtech/alpha/ext/prop/shipping_container_1_025x05x025_a.cgf
    [-1.00000265360172524, 0.00000047761962347, 0.00000296394976458, 98.62469007726758718]
    [-0.00000047761748195, -1.00000265360585683, 0.00000072252491554, 23.78975985004217364]
    [0.00000296395010967, 0.00000072252349991, 1.00000265360157847, 3.36580173554830253]
  #211 objects/buildingsets/human/hightech/prop/storage/crate/crate_dry_1_0125x0125x0125_a.cgf
    [-1.00000265360172524, 0.00000047761962347, 0.00000296394976458, 96.62468594440724701]
    [-0.00000047761748195, -1.00000265360585683, 0.00000072252491554, 22.03976027155295014]
    [0.00000296395010967, 0.00000072252349991, 1.00000265360157847, 3.36580535210669041]
  #212 objects/buildingsets/human/lowtech/alpha/ext/prop/shipping_container_1_025x05x025_a.cgf
    [-0.00000225923549102, -1.00000124735529128, 0.00000197219200964, 100.87469140975736082]
    [1.00000124735717444, -0.00000225923618280, -0.00000035072689997, 25.28975488027208485]
    [0.00000035073135562, 0.00000197219121726, 1.00000124735778173, -1.63420813204720616]
  #213 objects/buildingsets/human/lowtech/alpha/ext/prop/shipping_container_yellow.cgf
    [-0.00000225923549102, -1.00000124735529128, 0.00000197219200964, 98.12468606338370591]
    [1.00000124735717444, -0.00000225923618280, -0.00000035072689997, 22.28975665580946952]
    [0.00000035073135562, 0.00000197219121726, 1.00000124735778173, 0.86580045451410115]
  #214 objects/buildingsets/human/hightech/prop/storage/crate/crate_dry_1_0125x0125x0125_a.cgf
    [-0.00000225923549102, -1.00000124735529128, 0.00000197219200964, 96.62468706700019538]
    [1.00000124735717444, -0.00000225923618280, -0.00000035072689997, 22.03976124661858194]
    [0.00000035073135562, 0.00000197219121726, 1.00000124735778173, 4.61580690287519246]
  #215 objects/buildingsets/human/lowtech/alpha/ext/prop/shipping_container_yellow.cgf
    [-0.00000104010069531, 1.00000120528652525, 0.00000220750334750, 98.12468990846537054]
    [-1.00000120528816105, -0.00000104010348896, 0.00000126551012337, 25.28976046617026441]
    [0.00000126551241940, -0.00000220750203124, 1.00000120528626546, 0.86579786625225097]
  #216 objects/buildingsets/human/hightech/prop/storage/crate/crate_dry_1_0125x0125x0125_a.cgf
    [-1.00000265360172524, 0.00000047761962347, 0.00000296394976458, 96.62469043047167361]
    [-0.00000047761748195, -1.00000265360585683, 0.00000072252491554, 25.53976471695932560]
    [0.00000296395010967, 0.00000072252349991, 1.00000265360157847, 3.36580233264248818]
  #217 objects/buildingsets/human/hightech/delta/ext/outpost/base/base_floor_14x08x02_a.cgf
    [-0.00000104010069531, 1.00000120528652525, 0.00000220750334750, 91.12468015577178448]
    [-1.00000120528816105, -0.00000104010348896, 0.00000126551012337, 27.78976869638427161]
    [0.00000126551241940, -0.00000220750203124, 1.00000120528626546, -3.63420198683161288]
  #218 objects/buildingsets/human/lowtech/alpha/ext/prop/shipping_container_yellow.cgf
    [-0.00000104010069531, 1.00000120528652525, 0.00000220750334750, 98.12468370480928570]
    [-1.00000120528816105, -0.00000104010348896, 0.00000126551012337, 22.28975493813049980]
    [0.00000126551241940, -0.00000220750203124, 1.00000120528626546, -1.63420411851257086]
  #219 objects/buildingsets/human/lowtech/prop/storage/container/container_dry_3_025x05x025_a.cgf
    [1.00000011504799646, -0.00000002712065322, -0.00000096672745749, 101.62469499791041017]
    [0.00000002712098439, 1.00000011504840502, 0.00000034257304198, 23.78975588391767815]
    [0.00000096672744820, -0.00000034257306820, 1.00000011504793807, 3.36579857557080686]
  #220 objects/buildingsets/human/lowtech/alpha/ext/prop/shipping_container_1_025x05x025_a.cgf
    [-0.00000225923549102, -1.00000124735529128, 0.00000197219200964, 95.37468398909550160]
    [1.00000124735717444, -0.00000225923618280, -0.00000035072689997, 25.28976191391120665]
    [0.00000035073135562, 0.00000197219121726, 1.00000124735778173, -1.63420217577368021]
  #221 objects/buildingsets/human/lowtech/alpha/ext/prop/shipping_container_1_025x05x025_a.cgf
    [-1.00000265360172524, 0.00000047761962347, 0.00000296394976458, 80.06258254079148173]
    [-0.00000047761748195, -1.00000265360585683, 0.00000072252491554, 23.17988829736714251]
    [0.00000296395010967, 0.00000072252349991, 1.00000265360157847, 3.36734197125770152]
  #222 objects/buildingsets/human/hightech/prop/storage/crate/crate_dry_1_0125x0125x0125_a.cgf
    [-1.00000265360172524, 0.00000047761962347, 0.00000296394976458, 83.56258378212805837]
    [-0.00000047761748195, -1.00000265360585683, 0.00000072252491554, 22.17988044981029816]
    [0.00000296395010967, 0.00000072252349991, 1.00000265360157847, 0.86733604525215924]
  #223 objects/buildingsets/human/hightech/prop/tech/sensor/sensor_perimeter_1_a.cgf
    [-1.00000124275206992, -0.00000681449261907, 0.00011452418659048, 111.73967020201962441]
    [-0.00000033804707907, -0.99805630038977322, -0.06233875135159144, 39.16094258191878907]
    [0.00011472624960330, -0.06233875098004860, 0.99805629381916439, -1.76111621968448162]
  #224 objects/buildingsets/human/hightech/prop/tech/sensor/sensor_perimeter_1_a.cgf
    [-1.00000126776345688, 0.00000607689542908, 0.00009222078653628, 89.15392538101878017]
    [-0.00000030905879109, -0.99805153381903833, 0.06241538201030513, 35.87878234320669435]
    [0.00009242027164042, 0.06241538171524052, 0.99805152955844723, -1.75872413266915828]
  #225 objects/buildingsets/human/hightech/prop/storage/crate/crate_dry_1_0125x0125x0125_a.cgf
    [-1.00000315528702877, 0.00000037794324195, 0.00000274143470963, 99.76132514711935073]
    [-0.00000037794133002, -1.00000315529054329, 0.00000069742228559, 32.88769184256670997]
    [0.00000274143497321, 0.00000069742124949, 1.00000315528685690, 0.61550087900832295]
  #226 objects/buildingsets/human/lowtech/alpha/ext/prop/shipping_container_yellow.cgf
    [-0.00000128672937157, -1.00000106452612081, 0.00000136012916953, 98.01131733867805451]
    [1.00000106452698767, -0.00000128672890805, 0.00000034078077375, 35.88769442355260253]
    [-0.00000034077902364, 0.00000136012960803, 1.00000106452689064, -1.88449908897746354]
  #227 objects/buildingsets/human/lowtech/alpha/ext/prop/shipping_container_1_025x05x025_a.cgf
    [-1.00000315528702877, 0.00000037794324195, 0.00000274143470963, 94.26131591363810003]
    [-0.00000037794133002, -1.00000315529054329, 0.00000069742228559, 34.38768583734054118]
    [0.00000274143497321, 0.00000069742124949, 1.00000315528685690, 0.61550414783414453]
  #228 objects/buildingsets/human/lowtech/alpha/ext/prop/shipping_container_1_025x05x025_a.cgf
    [-0.00000106609117031, 1.00000114862683209, 0.00000177975943789, 95.26131698256358504]
    [-1.00000114862733414, -0.00000106609378822, 0.00000147094235201, 32.88768514414550737]
    [0.00000147094424940, -0.00000177975786973, 1.00000114862631850, -1.88449966814368963]
  #229 objects/buildingsets/human/lowtech/alpha/ext/prop/shipping_container_1_025x05x025_a.cgf
    [-1.00000315528702877, 0.00000037794324195, 0.00000274143470963, 101.76132560754194856]
    [-0.00000037794133002, -1.00000315529054329, 0.00000069742228559, 34.38769643151317723]
    [0.00000274143497321, 0.00000069742124949, 1.00000315528685690, 0.61550011194776744]
  #230 objects/buildingsets/human/lowtech/alpha/ext/prop/shipping_container_1_025x05x025_a.cgf
    [-0.00000106609117031, 1.00000114862683209, 0.00000177975943789, 100.76132627739571035]
    [-1.00000114862733414, -0.00000106609378822, 0.00000147094235201, 32.88769319039420225]
    [0.00000147094424940, -0.00000177975786973, 1.00000114862631850, -1.88450291485060006]
  #231 objects/buildingsets/human/hightech/delta/ext/outpost/base/base_floor_14x08x02_a.cgf
    [-0.00000128672937157, -1.00000106452612081, 0.00000136012916953, 105.01133301691152155]
    [1.00000106452698767, -0.00000128672890805, 0.00000034078077375, 30.38769731251522899]
    [-0.00000034077902364, 0.00000136012960803, 1.00000106452689064, -3.88450780475977808]
  #232 objects/buildingsets/human/lowtech/prop/storage/container/container_dry_2_025x05x025_a.cgf
    [-0.99619573983495513, -0.08715544537417406, 0.00000201815956420, 97.26131979131605476]
    [0.08715544537560392, -0.99619573983667409, 0.00000063156039908, 34.38769007503287867]
    [0.00000195543605367, 0.00000080505056007, 1.00000101186113088, 0.61550253350287676]
  #233 objects/buildingsets/human/hightech/prop/tech/sensor/sensor_perimeter_1_a.cgf
    [-0.99806119820593819, 0.00387672024941915, -0.06214258669249061, 111.73975697823334485]
    [-0.00000421391287421, -0.99806540585898740, -0.06219590834433288, 61.16093432230991311]
    [-0.06226339231819051, -0.06207497138655371, 0.99612893407901215, -1.26221911807078868]
  #234 objects/buildingsets/human/hightech/prop/tech/sensor/sensor_perimeter_1_a.cgf
    [-1.00000118935856297, 0.00000898663424908, 0.00013977779791996, 136.73968225740827620]
    [-0.00000024954069706, -0.99805355561275411, 0.06238187610043116, 2.41100787944742478]
    [0.00014006616335118, 0.06238187545363012, 0.99805354582481731, -1.57595946057699621]
  #235 objects/buildingsets/human/hightech/prop/storage/crate/crate_dry_1_0125x0125x0125_stack_a.cgf
    [-0.73135723402350161, -0.68199782476411330, 0.00000253435863755, 48.09767360321711749]
    [0.68199782476649495, -0.73135723402566422, 0.00000010535083799, 34.45005485284491442]
    [0.00000178166852844, 0.00000180547217025, 1.00000221836827818, -1.00585363188292831]
  #236 objects/buildingsets/human/lowtech/alpha/ext/prop/shipping_container_1_025x05x025_a.cgf
    [-0.00000106609117031, 1.00000114862683209, 0.00000177975943789, 47.63657027576118708]
    [-1.00000114862733414, -0.00000106609378822, 0.00000147094235201, 40.51282679257565178]
    [0.00000147094424940, -0.00000177975786973, 1.00000114862631850, -1.06875600956846029]
  #237 objects/characters/human/male_v7/clothing/navy/bdu/m_nvy_bdu_shirt_01_01_01_prop_folded_2_a.cgf
    [-0.40134053147152710, 0.91593063566131083, 0.00016330716316468, -7.30889695463702083]
    [-0.91593063853249623, -0.40134054845411954, 0.00008819303077403, 39.51669931126525626]
    [0.00014632025265040, -0.00011418241494349, 1.00000157188215022, 1.56708846415858716]
  #238 objects/characters/human/male_v7/clothing/navy/bdu/m_nvy_bdu_pants_01_01_01_prop_folded_3_a.cgf
    [0.03279296297757303, 0.99939090390013718, 0.01193584172021614, -6.41686081490479410]
    [-0.93912053173276966, 0.03489760361944604, -0.34181106722330024, 39.45760805375175551]
    [-0.34201940002558762, -0.00000019635018700, 0.93969290278412243, 0.76212715590372682]
  #239 objects/buildingsets/human/hightech/prop/env/walkway/walkway_tile_1.cgf
    [1.00000000535504685, 0.00000000830010118, 0.00000759737192798, 7.04166882124263793]
    [-0.00000000848600300, 1.00000000508453524, 0.00002446922715075, 24.03038540630950592]
    [-0.00000759737172261, -0.00002446922721452, 1.00000000505567521, -0.44191787741146982]
  #240 objects/buildingsets/human/universal/prop/storage/bag/bag_holdall_1_a.cgf
    [-0.00000328321168681, 0.73135516462671601, -0.68199976451954236, 47.48858664592262357]
    [-0.00000018927491747, -0.68199976452366029, -0.73135516463022077, 34.16345525204087608]
    [-1.00000202781336700, -0.00000227210376728, 0.00000237757196469, -0.50585157878231257]
  #241 objects/buildingsets/human/hightech/delta/ext/outpost/comms/dish/comms_dish_a.cgf
    [-1.00000111526068314, 0.00000020131731974, 0.00000153574253918, -1.99990806321147829]
    [-0.00000020131708353, -1.00000111526185065, 0.00000015380690924, 40.30353282051510178]
    [0.00000153574257014, 0.00000015380660006, 1.00000111526069158, -0.00491933093871921]
  #242 objects/characters/human/male_v7/clothing/navy/bdu/m_nvy_bdu_boots_01_right_a.cgf
    [0.03489777353700504, 0.96533743351390755, -0.25866175512290179, -6.49049400538206100]
    [-0.99939094658014860, 0.03370874442778002, -0.00903189609413893, 38.57835492130834609]
    [0.00000033560137862, 0.25881939399937309, 0.96592579424819325, 0.71375489246565849]
  #243 objects/buildingsets/human/hightech/prop/storage/crate/crate_dry_1_0125x0125x0125_a.cgf
    [-0.00000104010069531, 1.00000120528652525, 0.00000220750334750, 79.06258534314110875]
    [-1.00000120528816105, -0.00000104010348896, 0.00000126551012337, 28.17989401982049458]
    [0.00000126551241940, -0.00000220750203124, 1.00000120528626546, 0.86733560904394835]
  #244 objects/buildingsets/human/lowtech/prop/storage/container/container_dry_2_025x05x025_a.cgf
    [-0.00000104010069531, 1.00000120528652525, 0.00000220750334750, 77.56258586328476667]
    [-1.00000120528816105, -0.00000104010348896, 0.00000126551012337, 30.17989854319603182]
    [0.00000126551241940, -0.00000220750203124, 1.00000120528626546, 0.86733546352479607]
  #245 objects/buildingsets/human/lowtech/alpha/ext/prop/shipping_container_yellow.cgf
    [-0.00000225923549102, -1.00000124735529128, 0.00000197219200964, 80.06258160388097167]
    [1.00000124735717444, -0.00000225923618280, -0.00000035072689997, 24.20014464310952462]
    [0.00000035073135562, 0.00000197219121726, 1.00000124735778173, 0.86733798892237246]
  #246 objects/buildingsets/human/lowtech/alpha/ext/prop/shipping_container_1_025x05x025_a.cgf
    [-0.00000104010069531, 1.00000120528652525, 0.00000220750334750, 80.06257837382145226]
    [-1.00000120528816105, -0.00000104010348896, 0.00000126551012337, 21.67988444215734489]
    [0.00000126551241940, -0.00000220750203124, 1.00000120528626546, 0.86734016356058419]
  #247 objects/buildingsets/human/lowtech/alpha/ext/prop/shipping_container_yellow.cgf
    [-0.00000225923549102, -1.00000124735529128, 0.00000197219200964, 80.06257612910121679]
    [1.00000124735717444, -0.00000225923618280, -0.00000035072689997, 21.67988249193876982]
    [0.00000035073135562, 0.00000197219121726, 1.00000124735778173, -1.63266293867491186]
  #248 objects/buildingsets/human/hightech/prop/env/walkway/walkway_tile_1.cgf
    [0.99619504218900967, 0.08715173226361429, 0.00005337950282973, 52.64290044363588095]
    [-0.08698526624460970, 0.99425402559419107, 0.06238978613509359, 11.07652919847168960]
    [0.00538430518028044, -0.06215703919170897, 0.99805185291372944, -0.81805303692817688]
  #249 objects/buildingsets/human/hightech/prop/env/walkway/walkway_tile_1.cgf
    [0.99862953150840594, 0.05233609969044776, 0.00005072405884646, 49.72462575382087380]
    [-0.05233610047390710, 0.99862953265401577, 0.00001424233208516, 13.90013400735915639]
    [-0.00004990915479121, -0.00001687751276432, 1.00000000416433132, -0.88043879298493266]
  #250 objects/buildingsets/human/hightech/prop/env/walkway/walkway_tile_1.cgf
    [0.99999999830674635, 0.00000001007205821, 0.00004158904744156, 41.01034464861731976]
    [-0.00000001117882544, 0.99999999881747181, 0.00002661198763112, 26.17411342394188978]
    [-0.00004158904715879, -0.00002661198807303, 0.99999999795264749, -0.75528885913081467]
  #251 objects/buildingsets/human/hightech/prop/env/walkway/walkway_tile_1.cgf
    [0.99796424627425784, 0.01353019433361198, 0.06232391673513180, 66.43686690239701420]
    [-0.01741832488894458, 0.99790724536471331, 0.06227122292306193, 13.43778845103224739]
    [-0.06135094713185870, -0.06323003311374426, 0.99611143844256667, -1.25640356005169451]
  #252 objects/buildingsets/human/hightech/prop/env/walkway/walkway_tile_1.cgf
    [0.99999999703441200, 0.00000000332024821, 0.00005790775522095, 57.31418539793230593]
    [-0.00000000399396515, 0.99999999864338740, 0.00001163431274542, 11.19273872644407675]
    [-0.00005790775517840, -0.00001163431295720, 0.99999999696673336, -0.94331126869656146]
  #253 objects/buildingsets/human/hightech/prop/env/walkway/walkway_tile_1.cgf
    [0.99939085121861149, -0.03489870775253850, 0.00006657713075230, 66.47639100952073932]
    [0.03489870704214193, 0.99939085339133238, 0.00001180268625658, 11.23643691922188736]
    [-0.00006694847409308, -0.00000947204089353, 0.99999999658147731, -1.19387907639611512]
  #254 objects/buildingsets/human/hightech/prop/env/walkway/walkway_tile_1.cgf
    [0.99804851933889671, -0.00388756332129956, 0.06232201069838698, 64.29158668732270598]
    [-0.00000070528810021, 0.99805940565558293, 0.06226889996264588, 11.15538439853116870]
    [-0.06244314346323016, -0.06214742757732067, 0.99611171271127175, -1.06873526819981635]
  #255 objects/buildingsets/human/hightech/prop/env/walkway/walkway_tile_1.cgf
    [0.76604423411820954, -0.64278783999482192, 0.00004731117652272, 47.14091610070317984]
    [0.64278783914762161, 0.76604423556378631, 0.00003335770001598, 33.04202205568435602]
    [-0.00005768437862482, 0.00000485757521705, 0.99999998737911333, -0.94326241174712777]
  #256 objects/buildingsets/human/hightech/prop/env/walkway/walkway_tile_1.cgf
    [0.99939098890215794, 0.03489484978968733, 0.00006158296718792, 61.63192256295587867]
    [-0.03483070422346067, 0.99744374437724781, 0.06239232227712842, 13.36876002111239359]
    [0.00211574516529970, -0.06235646954398889, 0.99805170074578042, -1.06859484035521746]
  #257 objects/buildingsets/human/hightech/prop/tech/sensor/sensor_perimeter_1_a.cgf
    [-1.00000138325174270, -0.00000833307303106, 0.00013986723238788, 136.73963948374148458]
    [-0.00000040377105600, -0.99805577687611535, -0.06234943770181628, 28.41095801093615592]
    [0.00014011466650897, -0.06234943714626135, 0.99805576707572186, -1.88885956699959934]
  #258 objects/buildingsets/human/hightech/prop/env/walkway/walkway_tile_1.cgf
    [0.99862953074971328, 0.05233609309121712, 0.00006959904385758, 68.72457440267316997]
    [-0.05233609417831677, 0.99862953302148283, 0.00001388976374987, 13.52512766254949383]
    [-0.00006877672431351, -0.00001751327027200, 1.00000000306625969, -1.38155939325224608]
  #259 objects/buildingsets/human/lowtech/alpha/ext/prop/shipping_container_yellow.cgf
    [0.00000057147430848, -1.00000114688351505, 0.00000153459769448, 64.40975989226717502]
    [1.00000114688466102, 0.00000057147469373, 0.00000025110199799, 28.18740237527526915]
    [-0.00000025110287498, 0.00000153459755098, 1.00000114688364694, 1.05593501962721348]
  #260 objects/buildingsets/human/hightech/prop/env/walkway/walkway_tile_1.cgf
    [0.99999999987731436, -0.00000431452830810, 0.00006916123645294, 68.68915304297115654]
    [-0.00000000885309361, 0.99805184272457348, 0.06239009368965209, 11.31773512510699220]
    [-0.00006929568315446, -0.06239009354046914, 0.99805184032826677, -1.25652958685532212]
  #261 objects/buildingsets/human/hightech/prop/storage/crate/crate_dry_1_0125x0125x0125_a.cgf
    [-0.00000406269542248, 1.00000118368664270, 0.00000185252149929, 68.65976184047758579]
    [-1.00000118368736080, -0.00000406269803950, 0.00000141273653787, 25.68739438752527349]
    [0.00000141274406408, -0.00000185251575976, 1.00000118369389779, 1.05593094089999795]
  #262 objects/buildingsets/human/lowtech/alpha/ext/prop/shipping_container_1_025x05x025_a.cgf
    [-1.00000315528702877, 0.00000037794324195, 0.00000274143470963, 46.63656920695211738]
    [-0.00000037794133002, -1.00000315529054329, 0.00000069742228559, 42.01282748588710092]
    [0.00000274143497321, 0.00000069742124949, 1.00000315528685690, 1.43124780617654324]
  #263 objects/buildingsets/human/hightech/prop/env/walkway/walkway_tile_1.cgf
    [0.99258204280136419, 0.10432475445067509, 0.06242771189931907, 49.66791858850046992]
    [-0.10453019461565569, 0.99452170568770515, 0.00002501075640598, 24.31204879313008860]
    [-0.06208310573570864, -0.00655040615009025, 0.99804948046546516, -1.00563466595485806]
  #264 objects/buildingsets/human/hightech/prop/env/walkway/walkway_tile_1.cgf
    [0.64278747911191569, -0.76604457884804755, 0.00005064408761314, 50.14090696803759784]
    [0.76604457854052266, 0.64278748079966486, 0.00002943214539387, 29.29202195073594339]
    [-0.00005509971974208, 0.00001987701378472, 1.00000001960964124, -1.06829163385555148]
  #265 objects/characters/human/male_v7/clothing/navy/bdu/m_navy_bdu_jumpsuit_01_prop_hanging_a.cgf
    [-0.60702584748709487, -0.00000264603183565, -0.56605965431503968, 48.99434192653279752]
    [0.56605965431925087, -0.00000064599766255, -0.60702584748859156, 31.79939453428960405]
    [0.00000149461805031, -0.83000235647874587, 0.00000227704069813, -0.63938817719463259]
  #266 objects/characters/human/male_v7/clothing/navy/bdu/m_nvy_bdu_boots_01_left_a.cgf
    [-0.68199723335048323, 0.70643564541885417, -0.18928633615626400, 49.08248321723658592]
    [-0.73135534329587004, -0.65875843474240070, 0.17651501624465521, 32.06110791355604306]
    [0.00000252890139507, 0.25881821421398787, 0.96592649640447092, -0.59968581120483577]
  #267 objects/characters/human/male_v7/clothing/navy/bdu/m_nvy_bdu_pants_01_01_01_prop_folded_3_a.cgf
    [0.91495872390698607, 0.40337250377325723, 0.01189188891127995, 49.58561122114770114]
    [-0.37226872453825832, 0.85504902346970191, -0.36098119683697161, 32.22966897560399957]
    [-0.15577801691138263, 0.32585587448884157, 0.93249740953203430, -0.53444210696034133]
  #268 objects/buildingsets/human/hightech/prop/storage/crate/crate_dry_1_015x0075x0075_a.cgf
    [-0.78801302672556084, -0.61566133063284045, 0.00000262186142713, 49.77855265047401190]
    [0.61566133063550676, -0.78801302672779039, 0.00000027779933360, 33.89140163850970566]
    [0.00000189502742583, 0.00000183308506844, 1.00000170216140205, 0.24414618650916964]
  #269 objects/buildingsets/human/hightech/prop/furniture/locker/locker_personal_1_closed_a.cgf
    [1.19349787784175265, 0.00000065692001469, 1.27987052446857263, 47.47007494047284126]
    [1.27987052446702743, -0.00000347630322756, -1.19349787783852745, 34.69346436503110453]
    [0.00000209438968856, 1.75000164108612810, -0.00000285127337668, -2.19335423584561795]
  #270 objects/characters/human/male_v7/clothing/navy/bdu/m_nvy_bdu_boots_01_right_a.cgf
    [-0.68200016544348174, 0.72857221945305217, 0.06374559443782615, 49.27318023750558496]
    [-0.73135557683048780, -0.67940497792557852, -0.05943989941784319, 32.26232314034132287]
    [0.00000281473163403, -0.08715849037880596, 0.99619707035349203, -0.61297262553125620]
  #271 objects/characters/human/male_v7/clothing/navy/bdu/m_nvy_bdu_boots_01_left_a.cgf
    [-0.12699740360597780, -0.68200007876939228, 0.72024426415187215, 47.65246747841592878]
    [0.11842624646067575, -0.73135500310447432, -0.67163928681329976, 33.66880284750368446]
    [0.98481020081758097, -0.00000062084540343, 0.17364652709754660, -0.11994247068651021]
  #272 objects/buildingsets/human/hightech/prop/storage/crate/crate_dry_1_0125x0125x0125_a.cgf
    [-1.00000315528702877, 0.00000037794324195, 0.00000274143470963, 81.88650614651851356]
    [-0.00000037794133002, -1.00000315529054329, 0.00000069742228559, 40.76281216592178680]
    [0.00000274143497321, 0.00000069742124949, 1.00000315528685690, 0.92929178662598133]
  #273 objects/buildingsets/human/lowtech/alpha/ext/prop/shipping_container_1_025x05x025_a.cgf
    [-0.00000106609117031, 1.00000114862683209, 0.00000177975943789, 77.38649798138067126]
    [-1.00000114862733414, -0.00000106609378822, 0.00000147094235201, 40.76280546752968803]
    [0.00000147094424940, -0.00000177975786973, 1.00000114862631850, -1.57070876064244658]
  #274 objects/buildingsets/human/hightech/prop/env/walkway/walkway_tile_1.cgf
    [0.99757740433452136, -0.03094670415951957, 0.06230266946903073, 45.37910962523892522]
    [0.03482954639855172, 0.99745375571163519, -0.06223268172375208, 24.14853895755368285]
    [-0.06021813529971892, 0.06425189085561504, 0.99611518885247807, -0.88042677205521613]
  #275 objects/buildingsets/human/lowtech/alpha/ext/prop/shipping_container_yellow.cgf
    [-0.00000128672937157, -1.00000106452612081, 0.00000136012916953, 50.38657063222490251]
    [1.00000106452698767, -0.00000128672890805, 0.00000034078077375, 43.51283607204095460]
    [-0.00000034077902364, 0.00000136012960803, 1.00000106452689064, -1.06875543040223420]
  #276 objects/buildingsets/human/hightech/prop/env/walkway/walkway_tile_1.cgf
    [0.64153372440252199, -0.76455015902148826, 0.06243014175883613, 51.39090561657212675]
    [0.76604317915786724, 0.64278910574635217, 0.00003170323345506, 31.54201954760355875]
    [-0.04015365394978505, 0.04780384586625115, 0.99804932954261283, -1.06842350587248802]
  #277 objects/buildingsets/human/hightech/prop/env/walkway/walkway_tile_1.cgf
    [0.99789741420683709, -0.01741933312617941, 0.06242834171639734, 49.60245865373872221]
    [0.01745169303918556, 0.99984769739292256, 0.00002692301204556, 26.50192658789455891]
    [-0.06241930331304675, 0.00106261386294551, 0.99804943851615080, -1.00568699999712408]
  #278 objects/buildingsets/human/hightech/prop/env/walkway/walkway_tile_1.cgf
    [0.99756397959763932, -0.06975752740713874, 0.00004402251533752, 43.89489169314038008]
    [0.06975752627045383, 0.99756398028713555, 0.00002685020319627, 26.33829666578094475]
    [-0.00004578827922549, -0.00002371389368896, 1.00000000264985189, -0.81791570386849344]
  #279 objects/buildingsets/human/hightech/prop/env/walkway/walkway_tile_1.cgf
    [0.99984768442597416, -0.01745334750770493, 0.00005214875456978, 51.78644319355953485]
    [0.01745334611850395, 0.99984768544625335, 0.00002697661112249, 26.46841697656782344]
    [-0.00005261164335280, -0.00002606233171744, 1.00000000533173483, -1.06829688721336424]
  #280 objects/buildingsets/human/hightech/delta/ext/outpost/base/base_floor_14x08x02_a.cgf
    [-0.00000128672937157, -1.00000106452612081, 0.00000136012916953, 87.13651401619426906]
    [1.00000106452698767, -0.00000128672890805, 0.00000034078077375, 38.26281763587030582]
    [-0.00000034077902364, 0.00000136012960803, 1.00000106452689064, -3.57071689690928906]
  #281 objects/buildingsets/human/hightech/prop/storage/crate/crate_01x005x005_a.cgf
    [-0.00000171390418176, 0.03489889856318842, 0.99939402845633507, -8.85250673070549965]
    [-0.00000025296982030, -0.99939402845778602, 0.03489889856280526, 38.83613000254263170]
    [1.00000317861246901, -0.00000019300254612, 0.00000172168850024, 0.75647604465484619]
  #282 objects/buildingsets/human/hightech/delta/ext/outpost/base/base_floor_14x14x02_a.cgf
    [0.00000057147430848, -1.00000114688351505, 0.00000153459769448, 71.90975365915801376]
    [1.00000114688466102, 0.00000057147469373, 0.00000025110199799, 19.68738422341994010]
    [-0.00000025110287498, 0.00000153459755098, 1.00000114688364694, -3.44407746451906860]
  #283 objects/buildingsets/human/lowtech/alpha/ext/prop/shipping_container_1_025x05x025_a.cgf
    [-1.00000265360172524, 0.00000047761962347, 0.00000296394976458, 83.81259213190060109]
    [-0.00000047761748195, -1.00000265360585683, 0.00000072252491554, 30.17988832996343262]
    [0.00000296395010967, 0.00000072252349991, 1.00000265360157847, -1.63267422164790332]
  #284 objects/buildingsets/human/hightech/prop/env/walkway/walkway_tile_1.cgf
    [0.99743975467303736, -0.03483062371910717, 0.06245615063090683, 77.85135779576376081]
    [0.03489801013341095, 0.99939088251239383, 0.00001193014685526, 11.36143398025888018]
    [-0.06241852280389933, 0.00216769576694390, 0.99804771249101232, -1.44470159814227372]
  #285 objects/buildingsets/human/hightech/prop/env/walkway/walkway_tile_1.cgf
    [1.00000001453434817, 0.00000000040097309, 0.00005000867960997, 49.43920219305437058]
    [-0.00000000097660441, 1.00000001571853492, 0.00001151062853522, 11.06774088236852549]
    [-0.00005000867960204, -0.00001151062856967, 1.00000001446810094, -0.75538933533243835]
  #286 objects/buildingsets/human/hightech/prop/env/walkway/walkway_tile_1.cgf
    [0.98768834499468350, 0.15643434658811253, 0.00005057966715465, 49.62128763669170439]
    [-0.15643434787535371, 0.98768834582829224, 0.00002255823593333, 22.16782495172810741]
    [-0.00004642806548529, -0.00003019290435174, 0.99999998556095626, -1.00558256916701794]
  #287 objects/buildingsets/human/hightech/prop/tech/sensor/sensor_perimeter_1_a.cgf
    [-1.00000145897352799, 0.00000037348864746, 0.00007609019936893, 72.40396413498092443]
    [-0.00000037069636630, -1.00000146119504829, 0.00003669705280125, 35.87878679399727844]
    [0.00007609021302361, 0.00003669702448870, 1.00000145830026210, -1.63237075007054955]
  #288 objects/buildingsets/human/hightech/prop/env/walkway/walkway_tile_1.cgf
    [1.00000001538047223, 0.00000000375688007, 0.00005551080731632, 54.97120307362638414]
    [-0.00000000440392880, 1.00000001685326279, 0.00001165626588004, 11.21117239858722314]
    [-0.00005551080726876, -0.00001165626610654, 1.00000001531253813, -0.88067987386602908]
  #289 objects/buildingsets/human/hightech/prop/env/walkway/walkway_tile_1.cgf
    [0.99757656781858828, 0.03094572422350094, 0.06231661275973432, 59.43679865263402462]
    [-0.03483180303833251, 0.99745126854438149, 0.06227133458166075, 13.42100779383326881]
    [-0.06023075269878723, -0.06429102399064238, 0.99611190505778524, -1.00596260512247682]
  #290 objects/buildingsets/human/hightech/prop/env/walkway/walkway_tile_1.cgf
    [0.99688456009178761, 0.04835218600734787, 0.06231548315605707, 57.34961536410264671]
    [-0.05223539147883526, 0.99669141023087693, 0.06227098948224395, 13.40013364254264161]
    [-0.05909836892601034, -0.06533206228457621, 0.99611198361930597, -0.94334039604291320]
  #291 objects/buildingsets/human/hightech/prop/tech/sensor/sensor_perimeter_1_a.cgf
    [-0.99805073289250268, 0.00388712505928275, 0.06230880703904505, 48.08410624729003757]
    [0.00000027644640441, -0.99806083083592878, 0.06226829493519527, 9.78258706815540791]
    [0.06242993813691498, 0.06214684877760403, 0.99611396667969310, -0.63030985160730779]
  #292 objects/buildingsets/human/hightech/prop/tech/sensor/sensor_perimeter_1_a.cgf
    [-1.00000139065387450, -0.00000265105849875, 0.00004946766856943, 45.73989545565564185]
    [-0.00000043675059092, -0.99805782155542833, -0.06231667991479594, 61.16100691497558728]
    [0.00004953672974450, -0.06231667985993615, 0.99805782032961776, -0.06952094333246350]
  #293 objects/characters/human/male_v7/clothing/navy/bdu/m_nvy_bdu_shirt_01_01_01_prop_folded_2_a.cgf
    [-0.93145132010822518, 0.36387194403665080, 0.00017798266377319, 49.07365852454677224]
    [-0.36387195778186371, -0.93145133034689953, -0.00005100176695690, 33.19986003407393582]
    [0.00014722375406571, -0.00011226831732650, 1.00000217539122715, 0.25364687654655427]
  #294 objects/buildingsets/human/hightech/prop/storage/pallet/pallet_01_018_0016_a.cgf
    [0.73135343625683913, 0.68199865750706323, -0.00000037271082644, 49.84081638057250530]
    [-0.68199865750666888, 0.73135343625685700, 0.00000080649216000, 32.65363734110724181]
    [0.00000082260990683, -0.00000033564252631, 1.00000000878273609, -1.00585595448501408]
  #295 objects/buildingsets/human/lowtech/alpha/ext/prop/shipping_container_yellow.cgf
    [-0.00000104010069531, 1.00000120528652525, 0.00000220750334750, 80.06257906265091151]
    [-1.00000120528816105, -0.00000104010348896, 0.00000126551012337, 24.20014293509302661]
    [0.00000126551241940, -0.00000220750203124, 1.00000120528626546, -1.63266590004786849]
  #296 objects/buildingsets/human/hightech/delta/ext/outpost/base/base_floor_14x14x02_a.cgf
    [-0.00000104010069531, 1.00000120528652525, 0.00000220750334750, 73.06257969746366143]
    [-1.00000120528816105, -0.00000104010348896, 0.00000126551012337, 33.67990382254356518]
    [0.00000126551241940, -0.00000220750203124, 1.00000120528626546, -3.63266823592130095]
  #297 objects/buildingsets/human/hightech/prop/env/walkway/walkway_tile_1.cgf
    [0.99939096033252917, 0.03489542820437160, 0.00005230408209778, 52.18680929380934685]
    [-0.03483070022866576, 0.99744365673472801, 0.06239358301054143, 14.67100742243928835]
    [0.00212508043713154, -0.06235740509150497, 0.99805161354663818, -0.94307531591039151]
  #298 objects/buildingsets/human/hightech/prop/env/walkway/walkway_tile_1.cgf
    [1.00000000446442705, 0.00000000149696685, 0.00007626016635746, 75.66655071463901550]
    [-0.00000000239046913, 1.00000000730359528, 0.00001171650056108, 11.28038079247926362]
    [-0.00007626016633469, -0.00001171650070931, 1.00000000439578884, -1.38203293271362782]
  #299 objects/buildingsets/human/hightech/prop/env/walkway/walkway_tile_1.cgf
    [0.99458913074770872, 0.08311170456937750, 0.06232909068881892, 71.14285392651800066]
    [-0.08698660679139403, 0.99426149484311988, 0.06226893362865189, 11.20152428085566498]
    [-0.05679613738135631, -0.06735380033749074, 0.99611127608448480, -1.25669988873414695]
  #300 objects/buildingsets/human/hightech/prop/env/walkway/walkway_tile_1.cgf
    [0.99939084140871126, 0.03489872927803775, 0.00007312181366112, 73.00688742729835212]
    [-0.03489873039834708, 0.99939084394513622, 0.00001410124866319, 13.49375572206918150]
    [-0.00007258515611213, -0.00001664451738954, 0.99999998749899410, -1.38186253455933183]
  #301 objects/buildingsets/human/lowtech/prop/storage/container/container_dry_3_025x05x025_a.cgf
    [-0.00000128672937157, -1.00000106452612081, 0.00000136012916953, 63.38343292323406786]
    [1.00000106452698767, -0.00000128672890805, 0.00000034078077375, 40.57097751458059065]
    [-0.00000034077902364, 0.00000136012960803, 1.00000106452689064, 1.18026058212853968]
  #302 objects/buildingsets/human/hightech/prop/storage/crate/crate_dry_1_0125x0125x0125_a.cgf
    [-1.00000315528702877, 0.00000037794324195, 0.00000274143470963, 52.13657844031695276]
    [-0.00000037794133002, -1.00000315529054329, 0.00000069742228559, 40.51283349096775055]
    [0.00000274143497321, 0.00000069742124949, 1.00000315528685690, 1.43124453781638294]
  #303 objects/buildingsets/human/hightech/prop/env/walkway/walkway_tile_1.cgf
    [0.99939085123885596, -0.03489871814994926, 0.00005194690643477, 51.84988912614062428]
    [0.03489871689329054, 0.99939085232249569, 0.00002490448352079, 24.30502829051692970]
    [-0.00005278439773376, -0.00002307643264166, 0.99999999672410078, -1.06824530800804496]
  #304 objects/buildingsets/human/hightech/prop/env/walkway/walkway_tile_1.cgf
    [0.99804999350956292, -0.00000002259334424, 0.06241967056424465, 40.84622077469248325]
    [-0.00000150828163523, 1.00000000210816031, 0.00002447840250883, 24.08616400312166661]
    [-0.06241967054602601, -0.00002452481584877, 0.99804999320938181, -0.75522971735335886]
  #305 objects/buildingsets/human/hightech/prop/tech/sensor/sensor_perimeter_1_a.cgf
    [-1.00000134890816450, 0.00000037292706903, 0.00005687648761241, 53.28991723584476858]
    [-0.00000037127917502, -1.00000135010590641, 0.00002897324980237, 28.19039837937452830]
    [0.00005687649839342, 0.00002897322863847, 1.00000134848851041, -1.13092293473891914]
  #306 objects/buildingsets/human/hightech/prop/env/walkway/walkway_tile_1.cgf
    [0.99999999550098151, 0.00000273525895461, 0.00004355657463733, 43.04163640097249299]
    [-0.00000001401304717, 0.99805409724407324, -0.06235392434271866, 24.03037655336083844]
    [-0.00004364237206341, 0.06235392428272688, 0.99805409629363628, -0.81782052293419838]
  #307 objects/buildingsets/human/hightech/prop/env/walkway/walkway_tile_1.cgf
    [0.99804930338776188, -0.00000002071425863, 0.06243065939686738, 51.79089919105172157]
    [-0.00000138952609366, 0.99999999935764738, 0.00002254549002099, 22.16525957846897654]
    [-0.06243065938140740, -0.00002258825964901, 0.99804930313311579, -1.06819258234463632]
  #308 objects/buildingsets/human/hightech/prop/env/walkway/walkway_tile_1.cgf
    [0.76454867304890473, -0.64153547350913198, 0.06243045062749631, 51.39090561377815902]
    [0.64278768602709713, 0.76604437722686114, 0.00003475658156423, 34.54201633704360574]
    [-0.04784679328929377, 0.04010295183030558, 0.99804931542655106, -1.06852255412377417]
  #309 objects/buildingsets/human/hightech/prop/env/walkway/walkway_tile_1.cgf
    [0.49999940702831003, -0.86602572829668623, 0.00004989520644678, 48.89091136935167015]
    [0.86602572788478127, 0.49999940889588895, 0.00003654306259327, 36.29201672293129377]
    [-0.00005659480693059, 0.00002493902320766, 0.99999998388253597, -1.00595906923990697]
  #310 objects/buildingsets/human/hightech/prop/storage/crate/crate_dry_1_0125x0125x0125_a.cgf
    [-0.00000008611249101, -1.00000110600142644, 0.00000204929396348, -19.37511512660421431]
    [1.00000110600351366, -0.00000008611281520, -0.00000015819857183, 95.54020284055150114]
    [0.00000015819874830, 0.00000204929394986, 1.00000110600141734, 8.05375653877854347]
  #311 objects/buildingsets/human/lowtech/alpha/ext/prop/shipping_container_1_025x05x025_a.cgf
    [-0.00000008611249101, -1.00000110600142644, 0.00000204929396348, -21.12512037705164403]
    [1.00000110600351366, -0.00000008611281520, -0.00000015819857183, 93.54020501149352640]
    [0.00000015819874830, 0.00000204929394986, 1.00000110600141734, 8.05375968641601503]
  #312 objects/buildingsets/human/hightech/prop/env/walkway/walkway_tile_1.cgf
    [0.99757519244029125, 0.03094426224274673, 0.06233925615633269, 82.06172938656527549]
    [-0.03483181088400748, 0.99745125367355669, 0.06227147253556397, 13.54600014793686569]
    [-0.06025342458660322, -0.06429186554657501, 0.99611047361539395, -1.57006549020297825]
  #313 objects/buildingsets/human/hightech/prop/tech/collector/collector_water_1_a.cgf
    [-0.00000104010069531, 1.00000120528652525, 0.00000220750334750, 109.78556995489634573]
    [-1.00000120528816105, -0.00000104010348896, 0.00000126551012337, -7.31285852656583302]
    [0.00000126551241940, -0.00000220750203124, 1.00000120528626546, -0.94766072963830084]
  #314 objects/buildingsets/human/hightech/delta/ext/outpost/comms/dish/comms_dish_a.cgf
    [-1.00000111526068314, 0.00000020131731974, 0.00000153574253918, -117.37541046529076993]
    [-0.00000020131708353, -1.00000111526185065, 0.00000015380690924, -33.69651415332918987]
    [0.00000153574257014, 0.00000015380660006, 1.00000111526069158, 1.11353189952205867]
  #315 objects/buildingsets/human/hightech/delta/ext/outpost/comms/dish/comms_dish_a.cgf
    [-1.00000111526068314, 0.00000020131731974, 0.00000153574253918, -118.87541079823859036]
    [-0.00000020131708353, -1.00000111526185065, 0.00000015380690924, -33.69651406255434267]
    [0.00000153574257014, 0.00000015380660006, 1.00000111526069158, 1.11353140952996910]
  #316 objects/characters/human/male_v7/clothing/navy/bdu/m_nvy_bdu_boots_01_right_a.cgf
    [-0.00000133887767343, 0.99619557076823129, 0.08715952671946002, 103.22191433690022677]
    [-1.00000119915629693, -0.00000146219529465, 0.00000135100776303, -7.84115539738559164]
    [0.00000147331043270, -0.08715952671747848, 0.99619557076821463, -0.49145336076617241]
  #317 objects/buildingsets/human/hightech/prop/tech/station/station_weather_1_a.cgf
    [-0.00000128672937157, -1.00000106452612081, 0.00000136012916953, -107.43545085703954101]
    [1.00000106452698767, -0.00000128672890805, 0.00000034078077375, -23.45817133190575987]
    [-0.00000034077902364, 0.00000136012960803, 1.00000106452689064, 1.73985388875007629]
  #318 objects/buildingsets/human/hightech/prop/storage/pallet/pallet_shipping_1_025x0125x00125_a.cgf
    [-1.40000122655731540, 0.00000004583989317, -0.00000119539872284, 101.99517886596731842]
    [0.00000004583945625, 1.40000122655773174, 0.00000051169819887, -7.29284004546934739]
    [0.00000119539873960, 0.00000051169815973, -1.40000122655722259, -0.88433553942013532]
  #319 objects/buildingsets/human/hightech/delta/ext/outpost/pipe_a/pipe_a_end_04x02x03_a.cgf
    [-1.00000265360172524, 0.00000047761962347, 0.00000296394976458, -117.00013510813005269]
    [-0.00000047761748195, -1.00000265360585683, 0.00000072252491554, -28.82156687282258645]
    [0.00000296395010967, 0.00000072252349991, 1.00000265360157847, 1.73917275760322809]
  #320 objects/buildingsets/human/hightech/delta/ext/outpost/pipe_a/pipe_a_end_04x02x03_a.cgf
    [-1.00000265360172524, 0.00000047761962347, 0.00000296394976458, -117.00013700651470572]
    [-0.00000047761748195, -1.00000265360585683, 0.00000072252491554, -31.82157000113511458]
    [0.00000296395010967, 0.00000072252349991, 1.00000265360157847, 1.73917586961761117]
  #321 objects/characters/human/male_v7/clothing/navy/bdu/m_nvy_bdu_boots_01_left_a.cgf
    [0.00000019644609085, 0.96592575629839683, -0.25881917983064756, 103.21967533905990422]
    [-0.99999996726439888, 0.00000013806813562, -0.00000024373199893, -8.11836993801989593]
    [-0.00000019969234037, 0.25881917983068531, 0.96592575629838628, -0.47816658264491707]
  #322 objects/buildingsets/human/hightech/delta/ext/outpost/pipe_a/pipe_a_end_04x02x03_a.cgf
    [-1.00000265360172524, 0.00000047761962347, 0.00000296394976458, -117.00013608369044960]
    [-0.00000047761748195, -1.00000265360585683, 0.00000072252491554, -30.32156809594016522]
    [0.00000296395010967, 0.00000072252349991, 1.00000265360157847, 1.73917457531206310]
  #323 objects/buildingsets/human/hightech/delta/ext/outpost/comms/dish/comms_dish_a.cgf
    [0.99999990370760139, -0.00000004517125287, 0.00000135017837217, -118.75013784761540592]
    [0.00000004517138977, 0.99999990370850778, -0.00000010139190314, -26.94656728350673802]
    [-0.00000135017836759, 0.00000010139196413, 0.99999990370759728, 1.11375406535807997]
  #324 objects/buildingsets/human/hightech/prop/light/flood_light/flood_light_frame_a.cgf
    [0.70710561738339162, 0.70710793462954025, 0.00000034494705081, -117.14372759149409831]
    [-0.70710793462958244, 0.70710561738343358, 0.00000000033960922, -16.79775562798022293]
    [-0.00000024367385874, -0.00000024415493803, 0.99999999267560069, 1.55139849963597953]
  #325 objects/buildingsets/human/hightech/delta/ext/outpost/power/solar/power_solar_panel_06x03x02_a.cgf
    [-0.00000104010069531, 1.00000120528652525, 0.00000220750334750, -128.50021522352471948]
    [-1.00000120528816105, -0.00000104010348896, 0.00000126551012337, -12.12502119297278114]
    [0.00000126551241940, -0.00000220750203124, 1.00000120528626546, 1.80037623399402946]
  #326 objects/buildingsets/human/lowtech/alpha/ext/prop/shipping_container_1_025x05x025_a.cgf
    [1.00000000413771994, 0.00000000026608972, 0.00000011102696229, -116.46521419927012175]
    [-0.00000000026607945, 1.00000000413772172, -0.00000009251545542, -57.93759513623081148]
    [-0.00000011102696232, 0.00000009251545539, 1.00000000413771550, 3.04922764701768756]
  #327 objects/buildingsets/human/lowtech/alpha/ext/prop/shipping_container_yellow.cgf
    [-1.00000129880773314, 0.00000021736467457, 0.00000164431382090, -119.46521407074760646]
    [-0.00000021736442104, -1.00000129880907318, 0.00000015418522656, -60.43759507351205684]
    [0.00000164431385442, 0.00000015418486915, 1.00000129880774447, 0.54922847810667008]
  #328 objects/buildingsets/human/lowtech/alpha/ext/prop/shipping_container_1_025x05x025_a.cgf
    [-1.00000129880773314, 0.00000021736467457, 0.00000164431382090, -116.46521421731449664]
    [-0.00000021736442104, -1.00000129880907318, 0.00000015418522656, -62.93759514178964309]
    [0.00000164431385442, 0.00000015418486915, 1.00000129880774447, 3.04922745143994689]
  #329 objects/buildingsets/human/lowtech/alpha/ext/prop/shipping_container_1_025x05x025_a.cgf
    [-0.00000127946271474, -1.00000120845391183, 0.00000071482230067, -117.96521411603316665]
    [1.00000120845413543, -0.00000127946289504, -0.00000025229538310, -58.43759521847823635]
    [0.00000025229629769, 0.00000071482197786, 1.00000120845469831, 5.54922772187273949]
  #330 objects/buildingsets/human/lowtech/alpha/ext/prop/shipping_container_yellow.cgf
    [1.00000000413771994, 0.00000000026608972, 0.00000011102696229, -119.46521410241257399]
    [-0.00000000026607945, 1.00000000413772172, -0.00000009251545542, -60.43759512185351923]
    [-0.00000011102696232, 0.00000009251545539, 1.00000000413771550, 3.04922837240155786]
  #331 objects/buildingsets/human/hightech/delta/ext/outpost/base/base_floor_14x14x02_a.cgf
    [1.00000000413771994, 0.00000000026608972, 0.00000011102696229, -127.96521455643232912]
    [-0.00000000026607945, 1.00000000413772172, -0.00000009251545542, -67.93759484650217928]
    [-0.00000011102696232, 0.00000009251545539, 1.00000000413771550, -1.45077233074698597]
  #332 objects/buildingsets/human/lowtech/alpha/ext/prop/shipping_container_yellow.cgf
    [-1.00000129880773314, 0.00000021736467457, 0.00000164431382090, -116.46521333034615964]
    [-0.00000021736442104, -1.00000129880907318, 0.00000015418522656, -60.43759532598778605]
    [0.00000164431385442, 0.00000015418486915, 1.00000129880774447, 0.54922779288608581]
  #333 objects/buildingsets/human/lowtech/alpha/ext/prop/shipping_container_1_025x05x025_a.cgf
    [-1.00000122227690946, 0.00000035224229941, 0.00000289134530087, -119.00010981224477291]
    [-0.00000035224119289, -1.00000122228101596, 0.00000038270262092, -74.22868728093453683]
    [0.00000289134543567, 0.00000038270160247, 1.00000122227689814, 0.67313315742649138]
  #334 objects/buildingsets/human/hightech/delta/ext/outpost/base/base_floor_14x14x02_a.cgf
    [-1.00000122227690946, 0.00000035224229941, 0.00000289134530087, -114.00010874017607421]
    [-0.00000035224119289, -1.00000122228101596, 0.00000038270262092, -69.72868204623227939]
    [0.00000289134543567, 0.00000038270160247, 1.00000122227689814, -1.32687715534120798]
  #335 objects/buildingsets/human/lowtech/alpha/ext/prop/shipping_container_1_025x05x025_a.cgf
    [-0.00000209224663508, -1.00000116777954373, 0.00000216198716395, -117.50010705366730690]
    [1.00000116778187897, -0.00000209224676531, -0.00000006020942840, -80.47869330129469745]
    [0.00000006021395181, 0.00000216198703798, 1.00000116778173043, 0.67313180642668158]
  #336 objects/buildingsets/human/lowtech/alpha/ext/prop/shipping_container_1_025x05x025_a.cgf
    [-1.00000122227690946, 0.00000035224229941, 0.00000289134530087, -116.00010274595115334]
    [-0.00000035224119289, -1.00000122228101596, 0.00000038270262092, -74.22868648817529902]
    [0.00000289134543567, 0.00000038270160247, 1.00000122227689814, 3.17313165881205350]
  #337 objects/buildingsets/human/lowtech/alpha/ext/prop/shipping_container_1_025x05x025_a.cgf
    [0.99999997523240736, -0.00000005187460766, 0.00000031192073615, -116.00010673038195819]
    [0.00000005187461267, 0.99999997523245587, -0.00000001605446127, -74.22868673820630647]
    [-0.00000031192073531, 0.00000001605447745, 0.99999997523240858, 0.67312874062918127]
  #338 objects/buildingsets/human/hightech/prop/tech/sensor/sensor_perimeter_1_a.cgf
    [-1.00000115440195247, 0.00000844147525188, -0.00012911271044973, -132.77022089425008744]
    [-0.00000038533345923, -0.99806054368079988, -0.06226938809740917, 108.34444474833435379]
    [-0.00012938779703754, -0.06226938752642216, 0.99806053532963190, 4.16872230381704867]
  #339 objects/buildingsets/human/hightech/prop/env/walkway/walkway_tile_1.cgf
    [0.99862967761370669, 0.05233296470767584, 0.00005058446972869, 49.72461953281890601]
    [-0.05223414415611451, 0.99668364973357060, 0.06239608403406931, 17.40012875100364909]
    [0.00321495539030822, -0.06231322430602949, 0.99805145203199019, -1.00549349072389305]
  #340 objects/buildingsets/human/hightech/prop/env/walkway/walkway_tile_1.cgf
    [0.99939065355692058, -0.03490458291440007, 0.00009337522492222, 93.50404899590648711]
    [0.03483078794297087, 0.99744462222335728, 0.06237835244109471, -0.60143889056053013]
    [-0.00227042697144252, -0.06233708955000548, 0.99805257851081752, -1.07097886234987527]
  #341 objects/buildingsets/human/hightech/prop/env/walkway/walkway_tile_1.cgf
    [0.99756349789912047, -0.06976416590827650, 0.00010565264844264, 105.52350226987618953]
    [0.06962177209910687, 0.99562185078329291, 0.06236923472930148, -9.66167353390483186]
    [-0.00445632776394119, -0.06220991678230373, 0.99805312972050109, -0.82222181162796915]
  #342 objects/buildingsets/human/hightech/prop/env/walkway/walkway_tile_1.cgf
    [0.99452187448219176, -0.10452868207109470, 0.00009784426489620, 97.92361242254264653]
    [0.10452868301280606, 0.99452187918593704, -0.00000454677894668, -5.14782164184725843]
    [-0.00009683299271435, 0.00001474940316930, 1.00000000208920947, -0.94641510292422026]
  #343 objects/buildingsets/human/universal/prop/storage/bag/bag_holdall_1_a.cgf
    [-0.00000031395987274, 1.00000058021122973, -0.00000053994004087, 100.62017805187497288]
    [0.00000050373662897, -0.00000053993988256, -1.00000058021115201, -7.66784096392802894]
    [-1.00000058021124860, -0.00000031396014497, -0.00000050373645939, -0.38433348736725748]
  #344 objects/buildingsets/human/lowtech/alpha/ext/prop/shipping_container_1_025x05x025_a.cgf
    [0.00000057147430848, -1.00000114688351505, 0.00000153459769448, 61.90976056409999728]
    [1.00000114688466102, 0.00000057147469373, 0.00000025110199799, 31.18740885166334920]
    [-0.00000025110287498, 0.00000153459755098, 1.00000114688364694, 1.05593783780932426]
  #345 objects/buildingsets/human/hightech/prop/storage/crate/crate_016x008x008_open_c.cgf
    [-0.00000209224663508, -1.00000116777954373, 0.00000216198716395, 103.74518107587937266]
    [1.00000116778187897, -0.00000209224676531, -0.00000006020942840, -7.91784046552493237]
    [0.00000006021395181, 0.00000216198703798, 1.00000116778173043, -0.75933778902981430]
  #346 objects/characters/human/male_v7/clothing/navy/bdu/m_nvy_bdu_boots_01_right_a.cgf
    [-0.68199723335048323, 0.70643564541885417, -0.18928633615626400, 48.98885060416068882]
    [-0.73135534329587004, -0.65875843474240070, 0.17651501624465521, 31.95765047569875605]
    [0.00000252890139507, 0.25881821421398787, 0.96592649640447092, -0.59968591982033104]
  #347 objects/buildingsets/human/hightech/prop/env/walkway/walkway_tile_1.cgf
    [0.99999999011739549, -0.00000571953559976, 0.00009166227725800, 91.22115347976796329]
    [-0.00000000932352489, 0.99805258300480093, 0.06237812298331832, -0.66381683453801088]
    [-0.00009184054699679, -0.06237812272110299, 0.99805257879561737, -1.07076800859067589]
  #348 objects/buildingsets/human/hightech/prop/env/walkway/walkway_tile_1.cgf
    [0.99756396139658299, -0.06975752743115653, 0.00010350205841840, 103.24164419062435627]
    [0.06975752873131692, 0.99756396663447666, -0.00000900088976619, -9.50804867333499715]
    [-0.00010262204514043, 0.00001619901122369, 0.99999998481476771, -0.82198211597278714]
  #349 objects/characters/human/male_v7/clothing/navy/bdu/m_nvy_bdu_pants_01_01_01_prop_folded_3_a.cgf
    [0.64086762107179474, -0.73135449591741952, -0.23325796887996361, 49.77103575575165451]
    [0.68724848908243652, 0.68199749837024493, -0.25013778793594282, 32.64354985533282161]
    [0.34202074936842219, -0.00000097758453085, 0.93969239301132901, -0.55131412181071937]
  #350 objects/buildingsets/human/hightech/prop/storage/crate/crate_01x005x005_a.cgf
    [-0.00000066400606734, -0.68200136793538635, 0.73135515335356494, 47.50092613988090307]
    [-0.00000106194364642, -0.73135515335283274, -0.68200136793566779, 33.81011658796342090]
    [1.00000311309586776, -0.00000122950717714, -0.00000023862201726, -0.55696493806317449]
  #351 objects/characters/human/male_v7/clothing/navy/bdu/m_nvy_bdu_pants_01_01_01_prop_folded_3_a.cgf
    [-0.00000036035725598, -1.00000010150505125, 0.00000052627398949, 103.32602689473424107]
    [0.93969265175338812, -0.00000051862142960, -0.34202035502428252, -7.22280795066035353]
    [0.34202035502448591, 0.00000037128624638, 0.93969265175338390, -0.42979456204921007]
  #352 objects/characters/human/male_v7/clothing/navy/bdu/m_nvy_bdu_boots_01_right_a.cgf
    [-1.00000122227690946, 0.00000035224229941, 0.00000289134530087, 100.99526394065469503]
    [-0.00000035224119289, -1.00000122228101596, 0.00000038270262092, -7.91784133791225031]
    [0.00000289134543567, 0.00000038270160247, 1.00000122227689814, -0.04641065921168774]
  #353 objects/buildingsets/human/hightech/prop/furniture/locker/locker_personal_1_closed_a.cgf
    [-0.00000114934678316, 0.00000061996567756, 1.75000117915754316, 100.24517543625552207]
    [1.75000117915656661, -0.00000195018222874, 0.00000114934747376, -7.29283977142767981]
    [0.00000195018263549, 1.75000117915683395, -0.00000061996439719, -2.07183484581764787]
  #354 objects/buildingsets/human/hightech/prop/storage/crate/crate_dry_1_015x0075x0075_a.cgf
    [-0.99619464498370214, 0.08715496035227584, 0.00000050124114754, 102.48049378732685000]
    [-0.08715496035235611, -0.99619464498381127, -0.00000014053610117, -6.30506050726398826]
    [0.00000048708538768, -0.00000018368698599, 0.99999987890408815, 0.36566583253443241]
  #355 objects/characters/human/male_v7/clothing/navy/bdu/m_nvy_bdu_boots_01_right_a.cgf
    [0.00000019644609085, 0.96592575629839683, -0.25881917983064756, 103.22175434418022633]
    [-0.99999996726439888, 0.00000013806813562, -0.00000024373199893, -8.25789120481931604]
    [-0.00000019969234037, 0.25881917983068531, 0.96592575629838628, -0.47816669486928731]
  #356 objects/buildingsets/human/hightech/prop/storage/crate/crate_01x005x005_a.cgf
    [-0.00000102907639859, 0.00000000233525584, 1.00000219972637683, 100.87017750693485141]
    [-0.00000018475829987, -1.00000219972688931, 0.00000000233506571, -7.91784161172108725]
    [1.00000219972635973, -0.00000018475829747, 0.00000102907639893, -0.43544750264845788]
  #357 objects/buildingsets/human/hightech/prop/storage/crate/crate_dry_1_01x005x005_a.cgf
    [-0.00000099674960676, 1.00000113034696092, 0.00000238878664934, 100.76895602978765965]
    [-1.00000113034935723, -0.00000099675189027, 0.00000095589887522, -6.98416356791858561]
    [0.00000095590125624, -0.00000238878569655, 1.00000113034700089, 0.36566755035892129]
  #358 objects/buildingsets/human/hightech/prop/storage/pallet/pallet_01_018_0016_a.cgf
    [0.99999997523240736, -0.00000005187460766, 0.00000031192073615, 103.37018134270329028]
    [0.00000005187461267, 0.99999997523245587, -0.00000001605446127, -7.16783956330618821]
    [-0.00000031192073531, 0.00000001605447745, 0.99999997523240858, -0.88433712418191135]
  #359 objects/buildingsets/human/hightech/prop/storage/crate/crate_dry_1_0125x0125x0125_stack_b.cgf
    [0.99999997523240736, -0.00000005187460766, 0.00000031192073615, 102.24517928308341652]
    [0.00000005187461267, 0.99999997523245587, -0.00000001605446127, -7.04283957424922846]
    [-0.00000031192073531, 0.00000001605447745, 0.99999997523240858, -0.88433551101479679]
  #360 objects/buildingsets/human/hightech/prop/storage/crate/crate_dry_1_0125x0125x0125_stack_a.cgf
    [-1.00000122227690946, 0.00000035224229941, 0.00000289134530087, 100.87017671309877187]
    [-0.00000035224119289, -1.00000122228101596, 0.00000038270262092, -7.04283957779989578]
    [0.00000289134543567, 0.00000038270160247, 1.00000122227689814, -0.88433498924132437]
  #361 objects/characters/human/male_v7/clothing/navy/bdu/m_nvy_bdu_shirt_01_01_01_prop_folded_2_a.cgf
    [-0.43306015867008402, 0.90136597677069252, 0.00016628927519728, 102.43659600883256644]
    [-0.90136598026027515, -0.43306017552157511, 0.00008225522363901, -7.29155733066727407]
    [0.00014615519461678, -0.00011426593520412, 1.00000085917024140, 0.37516548030544072]
  #362 objects/characters/human/male_v7/clothing/navy/bdu/m_navy_bdu_jumpsuit_01_prop_hanging_a.cgf
    [-0.83000170524158523, -0.00000102344552355, -0.00000061507060758, 103.33370054699480534]
    [0.00000061507024892, 0.00000029086912067, -0.83000170524216543, -8.36988738627405837]
    [0.00000102344573910, -0.83000170524176231, -0.00000029086836191, -0.51786881964653730]
  #363 objects/characters/human/male_v7/clothing/navy/bdu/m_nvy_bdu_pants_01_01_01_prop_folded_3_a.cgf
    [0.92304478966314096, -0.28813302696044396, 0.25488780442164599, 103.47268116089981049]
    [0.35173997791445072, 0.90044260356609074, -0.25589494604702295, -7.65196040086448193]
    [-0.15578004366739948, 0.32585670815602247, 0.93249670323130429, -0.41292292589787394]
  #364 objects/buildingsets/human/hightech/prop/env/walkway/walkway_tile_1.cgf
    [0.98480761595377808, -0.17364886028403986, 0.00009901841656669, 98.72116999037098140]
    [0.17364886201652815, 0.98480762058410098, -0.00000911060192571, -9.66380957086221315]
    [-0.00009593204667905, 0.00002616662581977, 0.99999998351775343, -0.82152705604676157]
  #365 objects/buildingsets/human/hightech/prop/tech/sensor/sensor_perimeter_1_a.cgf
    [-1.00000121079314397, 0.00000035513545566, 0.00009074769510553, 87.36494943895377219]
    [-0.00000035418612609, -1.00000121485599291, 0.00001046122620302, 9.58462198817869648]
    [0.00009074769881571, 0.00001046119401841, 1.00000121073848924, -1.50796911632642150]
  #366 objects/buildingsets/human/hightech/prop/storage/crate/crate_dry_1_0125x0125x0125_a.cgf
    [-1.00000270839540084, -0.00000233931096097, 0.00000301157383054, 66.65975952555891126]
    [0.00000233931313855, -1.00000270839967409, 0.00000072306802055, 25.68739677892881446]
    [0.00000301157213906, 0.00000072307506554, 1.00000270839787597, 1.05593253835104406]
  #367 objects/buildingsets/human/hightech/prop/env/walkway/walkway_tile_1.cgf
    [1.00000000300564085, 0.00000002128318158, 0.00008547878844382, 84.92799015261698514]
    [-0.00000002208154146, 1.00000000661533606, 0.00000933985866656, 8.92411997492308728]
    [-0.00008547878824131, -0.00000933986051994, 1.00000000296202463, -1.50775303540285677]
  #368 objects/buildingsets/human/hightech/prop/tech/sensor/sensor_perimeter_1_a.cgf
    [-1.00000119420392730, 0.00000033002907941, -0.00012747854982970, -130.88534138968680054]
    [-0.00000033756732067, -1.00000120058092423, 0.00005913346340355, 58.28120107715949416]
    [-0.00012747853009107, 0.00005913350595561, 1.00000119245560071, 3.36063971626572311]
  #369 objects/buildingsets/human/hightech/delta/ext/outpost/power/solar/power_solar_panel_06x03x02_a.cgf
    [-0.00000104010069531, 1.00000120528652525, 0.00000220750334750, -135.50017492228653282]
    [-1.00000120528816105, -0.00000104010348896, 0.00000126551012337, -43.37505312569555826]
    [0.00000126551241940, -0.00000220750203124, 1.00000120528626546, 1.29869039985351264]
  #370 objects/buildingsets/human/hightech/delta/ext/outpost/power/solar/power_solar_panel_05x02x02_a.cgf
    [-0.00000104010069531, 1.00000120528652525, 0.00000220750334750, -135.50017554126679897]
    [-1.00000120528816105, -0.00000104010348896, 0.00000126551012337, -43.87505373195745051]
    [0.00000126551241940, -0.00000220750203124, 1.00000120528626546, 1.29869049927219748]
  #371 objects/buildingsets/human/hightech/delta/ext/outpost/power/solar/power_solar_panel_06x03x02_a.cgf
    [-0.00000104010069531, 1.00000120528652525, 0.00000220750334750, -135.50016934645827860]
    [-1.00000120528816105, -0.00000104010348896, 0.00000126551012337, -38.12504629883915186]
    [0.00000126551241940, -0.00000220750203124, 1.00000120528626546, 1.29868686012923717]
  #372 objects/buildingsets/human/hightech/delta/ext/outpost/power/solar/power_solar_panel_05x02x02_a.cgf
    [-0.00000104010069531, 1.00000120528652525, 0.00000220750334750, -135.50016998732462525]
    [-1.00000120528816105, -0.00000104010348896, 0.00000126551012337, -38.62504693400114775]
    [0.00000126551241940, -0.00000220750203124, 1.00000120528626546, 1.29868729156441987]
  #373 objects/buildingsets/human/lowtech/prop/light/light_navigation_01_a.cgf
    [-1.06065948060288129, -1.06066199632625424, 0.00000142475603951, -117.27499928500037640]
    [1.06066199632682179, -1.06065948060326143, 0.00000013965046941, -16.93231834040489048]
    [0.00000090870555129, 0.00000110620352865, 1.50000080141430248, 20.63062067329883575]
  #374 objects/buildingsets/human/hightech/prop/tech/sensor/sensor_perimeter_1_a.cgf
    [-0.99806164157946320, -0.00387530378279897, 0.06213369818437093, -127.61144541506655514]
    [-0.00000570835929109, -0.99805624662970283, -0.06234086422735000, -84.61813110410002992]
    [0.06225443274892246, -0.06222029737785956, 0.99612031151818659, 1.04667855903971940]
  #375 objects/buildingsets/human/hightech/delta/ext/outpost/power/solar/power_solar_panel_06x03x02_a.cgf
    [-0.00000104010069531, 1.00000120528652525, 0.00000220750334750, -128.50022079923655838]
    [-1.00000120528816105, -0.00000104010348896, 0.00000126551012337, -17.37502801956725307]
    [0.00000126551241940, -0.00000220750203124, 1.00000120528626546, 1.80037977336905897]
  #376 objects/buildingsets/human/hightech/delta/ext/outpost/power/solar/power_solar_panel_05x02x02_a.cgf
    [-0.00000104010069531, 1.00000120528652525, 0.00000220750334750, -128.50022141868248582]
    [-1.00000120528816105, -0.00000104010348896, 0.00000126551012337, -17.87502862603287213]
    [0.00000126551241940, -0.00000220750203124, 1.00000120528626546, 1.80037987313698977]
  #377 objects/buildingsets/human/hightech/delta/ext/outpost/power/solar/power_solar_panel_05x02x02_a.cgf
    [-0.00000104010069531, 1.00000120528652525, 0.00000220750334750, -128.50021586450748146]
    [-1.00000120528816105, -0.00000104010348896, 0.00000126551012337, -12.62502182796015404]
    [0.00000126551241940, -0.00000220750203124, 1.00000120528626546, 1.80037666531279683]
  #378 objects/buildingsets/human/hightech/prop/storage/crate/crate_dry_1_0125x0125x0125_a.cgf
    [-1.00000129880773314, 0.00000021736467457, 0.00000164431382090, -121.96521440404467285]
    [-0.00000021736442104, -1.00000129880907318, 0.00000015418522656, -64.68759502508328296]
    [0.00000164431385442, 0.00000015418486915, 1.00000129880774447, 3.04922827077098191]
  #379 objects/buildingsets/human/lowtech/prop/storage/container/container_dry_2_025x05x025_a.cgf
    [-1.00000129880773314, 0.00000021736467457, 0.00000164431382090, -125.46521430590655655]
    [-0.00000021736442104, -1.00000129880907318, 0.00000015418522656, -57.93759503864566796]
    [0.00000164431385442, 0.00000015418486915, 1.00000129880774447, 3.04922801628708839]
  #380 objects/buildingsets/human/lowtech/alpha/ext/prop/shipping_container_yellow.cgf
    [1.00000000413771994, 0.00000000026608972, 0.00000011102696229, -122.46521473629400134]
    [-0.00000000026607945, 1.00000000413772172, -0.00000009251545542, -60.43759489178773947]
    [-0.00000011102696232, 0.00000009251545539, 1.00000000413771550, 0.54922749788966030]
  #381 objects/buildingsets/human/hightech/prop/storage/crate/crate_dry_1_0125x0125x0125_a.cgf
    [-0.00000127946271474, -1.00000120845391183, 0.00000071482230067, -121.96521454188041389]
    [1.00000120845413543, -0.00000127946289504, -0.00000025229538310, -62.68759498072904535]
    [0.00000025229629769, 0.00000071482197786, 1.00000120845469831, 3.04922829126007855]
  #382 objects/buildingsets/human/lowtech/alpha/ext/prop/shipping_container_yellow.cgf
    [1.00000000413771994, 0.00000000026608972, 0.00000011102696229, -125.46521540172398090]
    [-0.00000000026607945, 1.00000000413772172, -0.00000009251545542, -60.43759471026714891]
    [-0.00000011102696232, 0.00000009251545539, 1.00000000413771550, 0.54922651802189648]
  #383 objects/buildingsets/human/hightech/prop/tech/sensor/sensor_perimeter_1_a.cgf
    [-1.00000119983564173, 0.00000816870151428, -0.00012400015254059, -127.61141473066527396]
    [-0.00000041142862686, -0.99805054567781837, -0.06243014806588248, -52.61809118068777025]
    [-0.00012426824309132, -0.06243014753281943, 0.99805053797486776, 0.92387448297813535]
  #384 objects/buildingsets/human/hightech/prop/storage/crate/crate_dry_1_0125x0125x0125_a.cgf
    [-1.00000122227690946, 0.00000035224229941, 0.00000289134530087, -125.50011148257181048]
    [-0.00000035224119289, -1.00000122228101596, 0.00000038270262092, -79.47869349189568311]
    [0.00000289134543567, 0.00000038270160247, 1.00000122227689814, 3.17314636474475265]
  #385 objects/buildingsets/human/lowtech/alpha/ext/prop/shipping_container_1_025x05x025_a.cgf
    [0.99999997523240736, -0.00000005187460766, 0.00000031192073615, -123.00011289864778519]
    [0.00000005187461267, 0.99999997523245587, -0.00000001605446127, -79.47869328956585377]
    [-0.00000031192073531, 0.00000001605447745, 0.99999997523240858, 0.67313976620789617]
  #386 objects/buildingsets/human/lowtech/alpha/ext/prop/shipping_container_1_025x05x025_a.cgf
    [-0.00000099674960676, 1.00000113034696092, 0.00000238878664934, -124.50011592078953981]
    [-1.00000113034935723, -0.00000099675189027, 0.00000095589887522, -73.22868698695674539]
    [0.00000095590125624, -0.00000238878569655, 1.00000113034700089, 0.67314233048819005]
  #387 objects/buildingsets/human/lowtech/alpha/ext/prop/shipping_container_yellow.cgf
    [-0.00000209224663508, -1.00000116777954373, 0.00000216198716395, -122.25010936125181615]
    [1.00000116778187897, -0.00000209224676531, -0.00000006020942840, -73.22868661227403209]
    [0.00000006021395181, 0.00000216198703798, 1.00000116778173043, 3.17314072302542627]
  #388 objects/buildingsets/human/lowtech/alpha/ext/prop/shipping_container_1_025x05x025_a.cgf
    [-1.00000122227690946, 0.00000035224229941, 0.00000289134530087, -126.00011598027776927]
    [-0.00000035224119289, -1.00000122228101596, 0.00000038270262092, -79.47869383238139562]
    [0.00000289134543567, 0.00000038270160247, 1.00000122227689814, 0.67314418242312968]
  #389 objects/buildingsets/human/lowtech/prop/storage/container/container_dry_3_025x05x025_a.cgf
    [0.99999997523240736, -0.00000005187460766, 0.00000031192073615, -123.00010891398414969]
    [0.00000005187461267, 0.99999997523245587, -0.00000001605446127, -79.47869303959305398]
    [-0.00000031192073531, 0.00000001605447745, 0.99999997523240858, 3.17314268439076841]
  #390 objects/buildingsets/human/hightech/prop/storage/crate/crate_dry_1_0125x0125x0125_a.cgf
    [0.99999997523240736, -0.00000005187460766, 0.00000031192073615, -125.50011172599624842]
    [0.00000005187461267, 0.99999997523245587, -0.00000001605446127, -78.22869223356246948]
    [-0.00000031192073531, 0.00000001605447745, 0.99999997523240858, 3.17314619314856827]
  #391 objects/buildingsets/human/hightech/prop/storage/crate/crate_dry_1_0125x0125x0125_a.cgf
    [-0.00000099674960676, 1.00000113034696092, 0.00000238878664934, -125.50011114135850221]
    [-1.00000113034935723, -0.00000099675189027, 0.00000095589887522, -81.22869525357964449]
    [0.00000095590125624, -0.00000238878569655, 1.00000113034700089, 3.17314660456031561]
  #392 objects/buildingsets/human/hightech/prop/tech/sensor/sensor_perimeter_1_a.cgf
    [-1.00000123907961802, 0.00000039803486243, -0.00013616075483021, -139.77001639478839934]
    [-0.00000039724857051, -1.00000124833280846, -0.00000577476658835, -6.65602116761147045]
    [-0.00013616075712649, -0.00000577471244522, 1.00000123906302352, 2.17361255991272628]
  #393 objects/buildingsets/human/hightech/prop/tech/sensor/sensor_perimeter_1_a.cgf
    [-0.99806194026639028, 0.00000041918016632, 0.06225090049635806, -130.88538239523768425]
    [0.00000213995586073, -1.00000140476499033, 0.00004104341034820, 40.28115322688245215]
    [0.06225090046098750, 0.00004109702218026, 0.99806193942256183, 3.67402624594978988]
  #394 objects/buildingsets/human/hightech/delta/ext/outpost/power/solar/power_solar_panel_06x03x02_a.cgf
    [-0.00000104010069531, 1.00000120528652525, 0.00000220750334750, -128.50015805906150490]
    [-1.00000120528816105, -0.00000104010348896, 0.00000126551012337, -30.37503626584657468]
    [0.00000126551241940, -0.00000220750203124, 1.00000120528626546, 1.30007084668613970]
  #395 objects/buildingsets/human/hightech/delta/ext/outpost/power/solar/power_solar_panel_05x02x02_a.cgf
    [-0.00000104010069531, 1.00000120528652525, 0.00000220750334750, -128.50015867815818638]
    [-1.00000120528816105, -0.00000104010348896, 0.00000126551012337, -30.87503687225398608]
    [0.00000126551241940, -0.00000220750203124, 1.00000120528626546, 1.30007094610482454]
  #396 objects/buildingsets/human/hightech/delta/ext/outpost/power/solar/power_solar_panel_06x03x02_a.cgf
    [-0.00000104010069531, 1.00000120528652525, 0.00000220750334750, -128.50015248323325068]
    [-1.00000120528816105, -0.00000104010348896, 0.00000126551012337, -25.12502943919389509]
    [0.00000126551241940, -0.00000220750203124, 1.00000120528626546, 1.30006730696186423]
  #397 objects/buildingsets/human/hightech/delta/ext/outpost/power/solar/power_solar_panel_05x02x02_a.cgf
    [-0.00000104010069531, 1.00000120528652525, 0.00000220750334750, -128.50015312409959733]
    [-1.00000120528816105, -0.00000104010348896, 0.00000126551012337, -25.62503007415216416]
    [0.00000126551241940, -0.00000220750203124, 1.00000120528626546, 1.30006773851346225]
  #398 objects/buildingsets/human/hightech/delta/ext/outpost/power/solar/power_solar_panel_05x02x02_a.cgf
    [-0.00000104010069531, 1.00000120528652525, 0.00000220750334750, -128.50013755657710135]
    [-1.00000120528816105, -0.00000104010348896, 0.00000126551012337, -38.62503882788587362]
    [0.00000126551241940, -0.00000220750203124, 1.00000120528626546, 1.11208984372206032]
  #399 objects/buildingsets/human/hightech/delta/ext/outpost/power/solar/power_solar_panel_06x03x02_a.cgf
    [-0.00000104010069531, 1.00000120528652525, 0.00000220750334750, -128.50013691582717001]
    [-1.00000120528816105, -0.00000104010348896, 0.00000126551012337, -38.12503819295670837]
    [0.00000126551241940, -0.00000220750203124, 1.00000120528626546, 1.11208941251970828]
  #400 objects/buildingsets/human/hightech/delta/ext/outpost/power/solar/power_solar_panel_05x02x02_a.cgf
    [-0.00000104010069531, 1.00000120528652525, 0.00000220750334750, -128.50014311075210571]
    [-1.00000120528816105, -0.00000104010348896, 0.00000126551012337, -43.87504562604590319]
    [0.00000126551241940, -0.00000220750203124, 1.00000120528626546, 1.11209305154625326]
  #401 objects/buildingsets/human/hightech/delta/ext/outpost/power/solar/power_solar_panel_05x02x02_a.cgf
    [-0.00000104010069531, 1.00000120528652525, 0.00000220750334750, -135.50024455902166665]
    [-1.00000120528816105, -0.00000104010348896, 0.00000126551012337, -12.62502292456338182]
    [0.00000126551241940, -0.00000220750203124, 1.00000120528626546, 1.86197411327157170]
  #402 objects/buildingsets/human/hightech/delta/ext/outpost/power/solar/power_solar_panel_06x03x02_a.cgf
    [-0.00000104010069531, 1.00000120528652525, 0.00000220750334750, -128.50014249165542424]
    [-1.00000120528816105, -0.00000104010348896, 0.00000126551012337, -43.37504501966759562]
    [0.00000126551241940, -0.00000220750203124, 1.00000120528626546, 1.11209295142907649]
  #403 objects/buildingsets/human/hightech/delta/ext/outpost/power/solar/power_solar_panel_06x03x02_a.cgf
    [-0.00000104010069531, 1.00000120528652525, 0.00000220750334750, -135.50024391827173531]
    [-1.00000120528816105, -0.00000104010348896, 0.00000126551012337, -12.12502228960511275]
    [0.00000126551241940, -0.00000220750203124, 1.00000120528626546, 1.86197368183638901]
  #404 objects/buildingsets/human/hightech/delta/ext/outpost/power/solar/power_solar_panel_05x02x02_a.cgf
    [-0.00000104010069531, 1.00000120528652525, 0.00000220750334750, -135.50025011342950165]
    [-1.00000120528816105, -0.00000104010348896, 0.00000126551012337, -17.87502972263609990]
    [0.00000126551241940, -0.00000220750203124, 1.00000120528626546, 1.86197732063010335]
  #405 objects/buildingsets/human/hightech/delta/ext/outpost/power/solar/power_solar_panel_06x03x02_a.cgf
    [-0.00000104010069531, 1.00000120528652525, 0.00000220750334750, -135.50024949433282018]
    [-1.00000120528816105, -0.00000104010348896, 0.00000126551012337, -17.37502911622868851]
    [0.00000126551241940, -0.00000220750203124, 1.00000120528626546, 1.86197722121141851]
  #406 objects/buildingsets/human/hightech/delta/ext/outpost/power/solar/power_solar_panel_05x02x02_a.cgf
    [-0.00000104010069531, 1.00000120528652525, 0.00000220750334750, -135.50020314659923315]
    [-1.00000120528816105, -0.00000104010348896, 0.00000126551012337, -25.62503764653229155]
    [0.00000126551241940, -0.00000220750203124, 1.00000120528626546, 1.54916518472600728]
  #407 objects/buildingsets/human/hightech/delta/ext/outpost/power/solar/power_solar_panel_06x03x02_a.cgf
    [-0.00000104010069531, 1.00000120528652525, 0.00000220750334750, -135.50020250561647117]
    [-1.00000120528816105, -0.00000104010348896, 0.00000126551012337, -25.12503701148671098]
    [0.00000126551241940, -0.00000220750203124, 1.00000120528626546, 1.54916475282516330]
  #408 objects/buildingsets/human/hightech/delta/ext/outpost/power/solar/power_solar_panel_05x02x02_a.cgf
    [-0.00000104010069531, 1.00000120528652525, 0.00000220750334750, -135.50020870019216090]
    [-1.00000120528816105, -0.00000104010348896, 0.00000126551012337, -30.87504444463411346]
    [0.00000126551241940, -0.00000220750203124, 1.00000120528626546, 1.54916839243378490]
  #409 objects/buildingsets/human/hightech/delta/ext/outpost/power/solar/power_solar_panel_06x03x02_a.cgf
    [-0.00000104010069531, 1.00000120528652525, 0.00000220750334750, -135.50020808144472539]
    [-1.00000120528816105, -0.00000104010348896, 0.00000126551012337, -30.37504383822670206]
    [0.00000126551241940, -0.00000220750203124, 1.00000120528626546, 1.54916829231660813]
  #410 objects/buildingsets/human/hightech/prop/tech/sensor/sensor_perimeter_1_a.cgf
    [-1.00000132828508637, 0.00000037576338548, -0.00013609200630896, -139.76991627237293869]
    [-0.00000036858943129, -1.00000133615620790, -0.00005271409299607, -53.65607287685270421]
    [-0.00013609202592786, -0.00005271404234589, 1.00000132689577104, 1.23469464189838618]
  #411 objects/buildingsets/human/hightech/prop/tech/sensor/sensor_perimeter_1_a.cgf
    [-1.00000119990333736, 0.00000888731421698, -0.00013572045439183, -139.76997456676326692]
    [-0.00000039162472489, -0.99804810662449484, -0.06246915375005841, -91.65614814453874715]
    [-0.00013601056107668, -0.06246915311909913, 0.99804809739653888, 1.54443356848787516]
  #412 objects/characters/human/male_v7/clothing/navy/bdu/m_nvy_bdu_pants_01_01_01_prop_folded_3_a.cgf
    [-0.00000037806704937, 0.99999996017057924, 0.00000083149557994, 103.32602695119567215]
    [-0.93969249889900885, -0.00000007087835414, -0.34202036175486056, -7.51516427009482868]
    [-0.34202036175465894, -0.00000091065682470, 0.93969249889864392, -0.42979470384307206]
  #413 objects/buildingsets/human/hightech/prop/storage/crate/crate_dry_1_0125x0125x0125_a.cgf
    [-1.00000122227690946, 0.00000035224229941, 0.00000289134530087, 100.87017671309877187]
    [-0.00000035224119289, -1.00000122228101596, 0.00000038270262092, -7.04283957779989578]
    [0.00000289134543567, 0.00000038270160247, 1.00000122227689814, -0.88433498924132437]
  #414 objects/buildingsets/human/lowtech/alpha/ext/prop/shipping_container_1_025x05x025_a.cgf
    [-0.00000106609117031, 1.00000114862683209, 0.00000177975943789, 109.13653213356155902]
    [-1.00000114862733414, -0.00000106609378822, 0.00000147094235201, -3.23711832691333257]
    [0.00000147094424940, -0.00000177975786973, 1.00000114862631850, -0.94727003725711256]
  #415 objects/buildingsets/human/hightech/prop/tech/sensor/sensor_perimeter_1_a.cgf
    [-1.00000131485210808, 0.00000826140307506, 0.00012681087871203, 123.64337627543136477]
    [-0.00000033850943763, -0.99805558706889963, 0.06235135103295245, -28.26555067728622817]
    [0.00012707924752628, 0.06235135048656339, 0.99805557901279307, -0.44965135632082820]
  #416 objects/buildingsets/human/hightech/prop/env/walkway/walkway_tile_1.cgf
    [0.99619476528559980, 0.08715503883743649, 0.00008316823165652, 82.39281386230140924]
    [-0.08715504009405142, 0.99619476857981581, 0.00001159968986865, 11.20152083164430223]
    [-0.00008184078512683, -0.00001880408072054, 1.00000000552131674, -1.57006376120261848]
  #417 objects/buildingsets/human/hightech/prop/env/walkway/walkway_tile_1.cgf
    [0.99862980828035308, 0.05233077933043995, 0.00008540278747513, 84.68359670054633170]
    [-0.05223418994255077, 0.99668479028894219, 0.06237812078569454, -0.58294583862880245]
    [0.00317917599588922, -0.06229711138068898, 0.99805259104850341, -1.25769284181296825]
  #418 objects/buildingsets/human/lowtech/alpha/ext/prop/shipping_container_1_025x05x025_a.cgf
    [1.00000007408532210, 0.00000176605392173, 0.00000115459568232, -19.62512073083780706]
    [-0.00000176605428608, 1.00000007408593894, 0.00000031556044926, 96.79020374210085720]
    [-0.00000115459512502, -0.00000031556248834, 1.00000007408683178, 3.05375140882097185]
  #419 objects/buildingsets/human/hightech/prop/storage/crate/crate_dry_1_0125x0125x0125_a.cgf
    [1.00000007408532210, 0.00000176605392173, 0.00000115459568232, -22.87511656025890261]
    [-0.00000176605428608, 1.00000007408593894, 0.00000031556044926, 95.54020932619459927]
    [-0.00000115459512502, -0.00000031556248834, 1.00000007408683178, 9.30376287095714360]
  #420 objects/buildingsets/human/lowtech/alpha/ext/prop/shipping_container_yellow.cgf
    [-1.00000112304537048, -0.00000161368159867, 0.00000253020392910, -22.62512969912495464]
    [0.00000161368258239, -1.00000112304849598, 0.00000038878927200, 94.04020656185457483]
    [0.00000253020330171, 0.00000038879335494, 1.00000112304659683, 3.05375576182268560]
  #421 objects/buildingsets/human/lowtech/prop/storage/container/container_dry_3_025x05x025_a.cgf
    [-0.00000322306208730, 1.00000090639909067, 0.00000254233127418, -21.12512575136497617]
    [-1.00000090640164285, -0.00000322306505115, 0.00000116578898071, 90.54020130372373387]
    [0.00000116579717479, -0.00000254232751676, 1.00000090640360528, 8.05375990225002170]
  #422 objects/buildingsets/human/lowtech/alpha/ext/prop/shipping_container_yellow.cgf
    [1.00000000413771994, 0.00000000026608972, 0.00000011102696229, -27.98849420738406479]
    [-0.00000000026607945, 1.00000000413772172, -0.00000009251545542, 93.88822525259456597]
    [-0.00000011102696232, 0.00000009251545539, 1.00000000413771550, 3.05355749896261841]
  #423 objects/buildingsets/human/lowtech/alpha/ext/prop/shipping_container_1_025x05x025_a.cgf
    [-0.00000127946271474, -1.00000120845391183, 0.00000071482230067, -29.48849434009753168]
    [1.00000120845413543, -0.00000127946289504, -0.00000025229538310, 90.13822523481212556]
    [0.00000025229629769, 0.00000071482197786, 1.00000120845469831, 5.55355762131512165]
  #424 objects/buildingsets/human/lowtech/alpha/ext/prop/shipping_container_1_025x05x025_a.cgf
    [-1.00000129880773314, 0.00000021736467457, 0.00000164431382090, -30.98849470727145672]
    [-0.00000021736442104, -1.00000129880907318, 0.00000015418522656, 91.13822539703687653]
    [0.00000164431385442, 0.00000015418486915, 1.00000129880774447, 3.05355694633908570]
  #425 objects/buildingsets/human/hightech/delta/ext/outpost/base/base_floor_14x08x02_a.cgf
    [1.00000000413771994, 0.00000000026608972, 0.00000011102696229, -33.48849496198818088]
    [-0.00000000026607945, 1.00000000413772172, -0.00000009251545542, 86.88822551394696347]
    [-0.00000011102696232, 0.00000009251545539, 1.00000000413771550, 1.05355632456485182]
  #426 objects/buildingsets/human/hightech/delta/ext/outpost/comms/dish/comms_dish_a.cgf
    [-1.00000111526068314, 0.00000020131731974, 0.00000153574253918, -4.99990872875787318]
    [-0.00000020131708353, -1.00000111526185065, 0.00000015380690924, 40.30353300218121149]
    [0.00000153574257014, 0.00000015380660006, 1.00000111526069158, -0.00492031103931367]
  #427 objects/buildingsets/human/hightech/delta/ext/outpost/base/base_floor_14x08x02_a.cgf
    [-1.00000112304537048, -0.00000161368159867, 0.00000253020392910, -17.12511377653572708]
    [0.00000161368258239, -1.00000112304849598, 0.00000038878927200, 101.04020293589564972]
    [0.00000253020330171, 0.00000038879335494, 1.00000112304659683, 1.05374498991295695]
  #428 objects/buildingsets/human/lowtech/alpha/ext/prop/shipping_container_yellow.cgf
    [-1.00000112304537048, -0.00000161368159867, 0.00000253020392910, -19.62512103386688977]
    [0.00000161368258239, -1.00000112304849598, 0.00000038878927200, 94.04020204851985909]
    [0.00000253020330171, 0.00000038879335494, 1.00000112304659683, 5.55375429696869105]
  #429 objects/buildingsets/human/lowtech/alpha/ext/prop/shipping_container_yellow.cgf
    [1.00000007408532210, 0.00000176605392173, 0.00000115459568232, -22.62512471352238208]
    [-0.00000176605428608, 1.00000007408593894, 0.00000031556044926, 94.04020692815538496]
    [-0.00000115459512502, -0.00000031556248834, 1.00000007408683178, 5.55375881446525455]
  #430 objects/buildingsets/human/lowtech/alpha/ext/prop/shipping_container_1_025x05x025_a.cgf
    [1.00000007408532210, 0.00000176605392173, 0.00000115459568232, -19.62513091065920889]
    [-0.00000176605428608, 1.00000007408593894, 0.00000031556044926, 91.29019792444887571]
    [-0.00000115459512502, -0.00000031556248834, 1.00000007408683178, 3.05375138670206070]
  #431 objects/buildingsets/human/hightech/prop/env/walkway/walkway_tile_1.cgf
    [0.99452194012973461, 0.10452802317615506, -0.00001117735952537, -11.10505645128432661]
    [-0.10432533229553348, 0.99258678968088676, -0.06235132032184388, 26.33831451853620820]
    [-0.00650636576551748, 0.06201092222613569, 0.99805426199312886, -0.12951213214546442]
  #432 objects/buildingsets/human/lowtech/alpha/ext/prop/shipping_container_yellow.cgf
    [-0.00000128672937157, -1.00000106452612081, 0.00000136012916953, 65.13343381974846125]
    [1.00000106452698767, -0.00000128672890805, 0.00000034078077375, 40.57098053875961341]
    [-0.00000034077902364, 0.00000136012960803, 1.00000106452689064, -1.31974332779645920]
  #433 objects/buildingsets/human/lowtech/alpha/ext/prop/shipping_container_1_025x05x025_a.cgf
    [-1.00000315528702877, 0.00000037794324195, 0.00000274143470963, 110.13653146382421255]
    [-0.00000037794133002, -1.00000315529054329, 0.00000069742228559, -1.73711508585256524]
    [0.00000274143497321, 0.00000069742124949, 1.00000315528685690, 1.55273298965767026]
  #434 objects/buildingsets/human/lowtech/alpha/ext/prop/shipping_container_1_025x05x025_a.cgf
    [-0.00000106609117031, 1.00000114862683209, 0.00000177975943789, 103.63652283849660307]
    [-1.00000114862733414, -0.00000106609378822, 0.00000147094235201, -3.23712637307471596]
    [0.00000147094424940, -0.00000177975786973, 1.00000114862631850, -0.94726679055020213]
  #435 objects/buildingsets/human/hightech/prop/env/walkway/walkway_tile_1.cgf
    [0.99805057176613821, -0.00388554031257771, 0.06228950221407712, 31.84622965403832495]
    [-0.00000150685876451, 0.99805861727179879, 0.06228177742765599, 24.08616547222482041]
    [-0.06241057207979721, -0.06216045670921375, 0.99611295615843087, -0.69240233616437763]
  #436 objects/buildingsets/human/lowtech/prop/storage/container/container_dry_2_025x05x025_a.cgf
    [-0.00000128672937157, -1.00000106452612081, 0.00000136012916953, 62.38342313235625625]
    [1.00000106452698767, -0.00000128672890805, 0.00000034078077375, 46.57098315755138174]
    [-0.00000034077902364, 0.00000136012960803, 1.00000106452689064, 1.18026235688012093]
  #437 objects/buildingsets/human/hightech/prop/env/walkway/walkway_tile_1.cgf
    [1.00000000179912307, 0.00000000793797953, 0.00007594524339880, 75.38526639319024980]
    [-0.00000000899194233, 1.00000000458666460, 0.00001387793008689, 13.42411398977856152]
    [-0.00007594524328133, -0.00001387793072977, 1.00000000170282455, -1.44453811668790877]
  #438 objects/buildingsets/human/hightech/prop/env/walkway/walkway_tile_1.cgf
    [0.99804854672330867, -0.00388753478810718, 0.06232166869989660, 64.01030298811383545]
    [-0.00000084704667043, 0.99805927762179647, 0.06227104692485113, 13.29911827525938861]
    [-0.06244280035000774, -0.06214958052236359, 0.99611160582442770, -1.13124338304623961]
  #439 objects/buildingsets/human/lowtech/alpha/ext/prop/shipping_container_yellow.cgf
    [-0.00000128672937157, -1.00000106452612081, 0.00000136012916953, 65.13342538953293115]
    [1.00000106452698767, -0.00000128672890805, 0.00000034078077375, 46.57098856719676405]
    [-0.00000034077902364, 0.00000136012960803, 1.00000106452689064, -1.31974065012764186]
  #440 objects/buildingsets/human/hightech/prop/env/walkway/walkway_tile_1.cgf
    [0.99999999685071883, 0.00000092415245893, -0.00001471066758143, -15.40374581725336611]
    [-0.00000000436483930, 0.99805104454584559, 0.06240277557642820, 24.08618029532954097]
    [0.00001473966686892, -0.06240277556958525, 0.99805104443743242, -0.06701221049297601]
  #441 objects/buildingsets/human/hightech/prop/env/walkway/walkway_tile_1.cgf
    [0.99999998982677696, 0.00000001577291191, 0.00000717513910660, 6.51037306198850274]
    [-0.00000001596373420, 0.99999998949887325, 0.00002659492608967, 26.17412145348498598]
    [-0.00000717513868459, -0.00002659492620352, 0.99999998947313207, -0.44196801935322583]
  #442 objects/buildingsets/human/hightech/prop/env/walkway/walkway_tile_1.cgf
    [0.99862951888397056, 0.05233609700394018, 0.00001892821813383, 17.96588777052238584]
    [-0.05233609753684090, 0.99862951861873628, 0.00002884855327978, 28.48716869900817983]
    [-0.00001739245682483, -0.00002979964620016, 0.99999999110189863, -0.50467176898382604]
  #443 objects/buildingsets/human/hightech/prop/storage/crate/crate_dry_1_015x0075x0075_a.cgf
    [-0.99254783328549900, 0.12186797984817559, 0.00000096084878710, -7.29945430275984108]
    [-0.12186797984809959, -0.99254783328596385, 0.00000013746019378, 40.50412796618184075]
    [0.00000097043891937, 0.00000001933908781, 1.00000150293486811, 1.55758869391866028]
  #444 objects/characters/human/male_v7/clothing/navy/bdu/m_nvy_bdu_pants_01_01_01_prop_folded_3_a.cgf
    [0.03279296297757303, 0.99939090390013718, 0.01193584172021614, -6.41220456035807729]
    [-0.93912053173276966, 0.03489760361944604, -0.34181106722330024, 39.32426804819260724]
    [-0.34201940002558762, -0.00000019635018700, 0.93969290278412243, 0.76212710514664650]
  #445 objects/buildingsets/human/hightech/prop/storage/crate/crate_dry_1_0125x0125x0125_stack_b.cgf
    [0.99939082959731740, -0.03489875421364703, -0.00000039738173266, -7.50887854094617069]
    [0.03489875421371342, 0.99939082959738101, 0.00000016136802027, 39.75858525070361793]
    [0.00000039150812573, -0.00000017513785115, 0.99999997666442608, 0.30758640391286463]
  #446 objects/buildingsets/human/lowtech/alpha/ext/prop/shipping_container_1_025x05x025_a.cgf
    [-1.00000315528702877, 0.00000037794324195, 0.00000274143470963, 102.63652176980394870]
    [-0.00000037794133002, -1.00000315529054329, 0.00000069742228559, -1.73712567982147448]
    [0.00000274143497321, 0.00000069742124949, 1.00000315528685690, 1.55273702566046268]
  #447 objects/buildingsets/human/lowtech/alpha/ext/prop/shipping_container_yellow.cgf
    [-0.00000128672937157, -1.00000106452612081, 0.00000136012916953, 106.38652319484390318]
    [1.00000106452698767, -0.00000128672890805, 0.00000034078077375, -0.23711709369672462]
    [-0.00000034077902364, 0.00000136012960803, 1.00000106452689064, -0.94726621080189943]
  #448 objects/buildingsets/human/hightech/prop/env/walkway/walkway_tile_1.cgf
    [0.99939085781271797, -0.03489883635377668, -0.00000191257879170, -2.02351221651770175]
    [0.03483080814254446, 0.99744616500364180, -0.06235365414962156, 24.11144083345425315]
    [0.00217797764977057, 0.06231560480991640, 0.99805412542240279, -0.37939674954395741]
  #449 objects/buildingsets/human/hightech/prop/storage/crate/crate_dry_1_0125x0125x0125_a.cgf
    [-1.00000315528702877, 0.00000037794324195, 0.00000274143470963, 108.13653100351803005]
    [-0.00000037794133002, -1.00000315529054329, 0.00000069742228559, -3.23711967482813634]
    [0.00000274143497321, 0.00000069742124949, 1.00000315528685690, 1.55273375695105642]
  #450 objects/buildingsets/human/hightech/prop/env/walkway/walkway_tile_1.cgf
    [0.99258565594426174, -0.10432521932431092, 0.06236955805698154, -8.70165724528487772]
    [0.10452719075978222, 0.99452202757355557, 0.00002466660351794, 24.12945131325977854]
    [-0.06203047276264200, 0.00649483098376314, 0.99805312241629929, -0.19193274015560746]
  #451 objects/buildingsets/human/hightech/prop/env/walkway/walkway_tile_1.cgf
    [0.99939086649505404, 0.03489870710377206, 0.00008434322195783, 84.25685063772834837]
    [-0.03489870841277611, 0.99939086990896475, 0.00001409793937417, 13.49375239617074840]
    [-0.00008379984481145, -0.00001703282109345, 1.00000001179624887, -1.63274737284518778]
  #452 objects/buildingsets/human/hightech/prop/env/walkway/walkway_tile_1.cgf
    [0.99999999748280644, 0.00000001089441653, 0.00000537046351645, 4.84624981088563800]
    [-0.00000001102616296, 0.99999999719632593, 0.00002453166790037, 24.08617137154215015]
    [-0.00000537046324758, -0.00002453166795923, 0.99999999718190513, -0.44190609012730420]
  #453 objects/buildingsets/human/hightech/prop/env/walkway/walkway_tile_1.cgf
    [0.99939084987607296, 0.03489902544134336, 0.00000458146575876, 4.38197202142328024]
    [-0.03483083521057749, 0.99744629611091695, -0.06235152048596153, 26.24376241292338818]
    [-0.00218057705182715, 0.06231337907401711, 0.99805425738577147, -0.44195817445870489]
  #454 objects/buildingsets/human/hightech/prop/tech/sensor/sensor_perimeter_1_a.cgf
    [1.00000000254471688, -0.00000001037661601, 0.00011663562422123, 116.07627803739160299]
    [0.00000001528048725, 1.00000000846278647, -0.00004204436874340, -42.49619897769298404]
    [-0.00011663562368186, 0.00004204437023967, 1.00000000166085234, -0.38674793054815382]
  #455 objects/buildingsets/human/hightech/delta/ext/outpost/pipe_a/pipe_a_end_04x02x03_a.cgf
    [-0.00000127946271474, -1.00000120845391183, 0.00000071482230067, 115.62487446714658290]
    [1.00000120845413543, -0.00000127946289504, -0.00000025229538310, -0.44653018037206493]
    [0.00000025229629769, 0.00000071482197786, 1.00000120845469831, -0.82330788252875209]
  #456 objects/buildingsets/human/lowtech/prop/storage/container/container_dry_2_025x05x025_a.cgf
    [-0.99619573983495513, -0.08715544537417406, 0.00000201815956420, 105.63652564736548811]
    [0.08715544537560392, -0.99619573983667409, 0.00000063156039908, -1.73712144236196764]
    [0.00000195543605367, 0.00000080505056007, 1.00000101186113088, 1.55273541156202555]
  #457 objects/buildingsets/human/hightech/delta/ext/outpost/base/base_floor_14x08x02_a.cgf
    [-0.00000128672937157, -1.00000106452612081, 0.00000136012916953, 113.38653887319378555]
    [1.00000106452698767, -0.00000128672890805, 0.00000034078077375, -5.73711420467589051]
    [-0.00000034077902364, 0.00000136012960803, 1.00000106452689064, -2.94727492704987526]
  #458 objects/buildingsets/human/hightech/prop/tech/sensor/sensor_perimeter_1_a.cgf
    [-0.99805940009674166, 0.00000028190531141, -0.06228793339147719, 87.36493851221166551]
    [-0.00000128832946027, -1.00000117625245610, 0.00001611746658748, 15.33461139968130738]
    [-0.06228793337879157, 0.00001616641739509, 0.99805939996664295, -1.63304063479881734]
  #459 objects/buildingsets/human/hightech/prop/env/walkway/walkway_tile_1.cgf
    [0.99999998952435332, -0.00000528558254053, 0.00008485200168227, 84.47114497120492160]
    [-0.00000001762083876, 0.99805258067371583, 0.06237814109960334, -0.66381673785508610]
    [-0.00008501646465119, -0.06237814087567015, 0.99805257706676065, -1.25767492107115686]
  #460 objects/buildingsets/human/hightech/prop/env/walkway/walkway_tile_1.cgf
    [1.00000001411184369, -0.00000000492705966, 0.00008053107371853, 79.93911875004414469]
    [0.00000000398087520, 1.00000001728544730, 0.00001174930923965, 11.31773234554566443]
    [-0.00008053107377086, -0.00001174930888097, 1.00000001404282046, -1.50736586109269410]
  #461 objects/buildingsets/human/hightech/prop/env/walkway/walkway_tile_1.cgf
    [0.99999999216051827, 0.00000002547707823, 0.00008530468301922, 84.83427029545418918]
    [-0.00000002607165957, 0.99999999577467169, 0.00000697008915116, 6.53038658498553559]
    [-0.00008530468283957, -0.00000697009134984, 0.99999999213622748, -1.50772663066163659]
  #462 objects/buildingsets/human/hightech/prop/env/walkway/walkway_tile_1.cgf
    [0.99452129100544551, -0.10453424265089617, 0.00008856998941716, 88.92323841887991875]
    [0.10432517568152441, 0.99258511492221446, 0.06237837243989961, -0.62054285162594169]
    [-0.00660858912768318, -0.06202737897602414, 0.99805257617095677, -1.13306096044834703]
  #463 objects/buildingsets/human/hightech/prop/tech/sensor/sensor_perimeter_1_a.cgf
    [-1.00000121234797579, 0.00000712173481556, 0.00010911803479515, 105.86864936340134591]
    [-0.00000030201052865, -0.99805421696203167, 0.06237160138316507, -7.84410853611188941]
    [0.00010934977555523, 0.06237160097730812, 0.99805421099709779, -0.88474235776811838]
  #464 objects/buildingsets/human/hightech/prop/env/walkway/walkway_tile_1.cgf
    [0.99756397028609367, 0.06975753864836905, 0.00008503111329080, 84.76970599242486060]
    [-0.06975753910485084, 0.99756397387523277, 0.00000241088555306, 1.80517393417540006]
    [-0.00008465579799435, -0.00000833657379040, 0.99999999450271027, -1.38270155352074653]
  #465 objects/buildingsets/human/hightech/prop/env/walkway/walkway_tile_1.cgf
    [0.99862951814713918, 0.05233609310415502, 0.00001682274484661, 15.84966185700614005]
    [-0.05233609354036711, 0.99862951791093069, 0.00002662921594550, 26.27513280959101394]
    [-0.00001540602059406, -0.00002747315809115, 0.99999999022353947, -0.50457540387287736]
  #466 objects/characters/human/male_v7/clothing/navy/bdu/m_nvy_bdu_boots_01_left_a.cgf
    [-0.00000133887767343, 0.99619557076823129, 0.08715952671946002, 103.23050035187043250]
    [-1.00000119915629693, -0.00000146219529465, 0.00000135100776303, -7.70163313052034937]
    [0.00000147331043270, -0.08715952671747848, 0.99619557076821463, -0.49145325156860054]
  #467 objects/buildingsets/human/hightech/prop/tech/sensor/sensor_perimeter_1_a.cgf
    [-1.00000151405258331, 0.00000042198991653, 0.00001753806552152, 13.91497172403614968]
    [-0.00000042146205415, -1.00000151375342705, 0.00003009813416650, 29.19041714843478985]
    [0.00001753807821466, 0.00003009812677025, 1.00000151359972445, -0.44212732254527509]
  #468 objects/buildingsets/human/lowtech/prop/light/light_navigation_01_a.cgf
    [-0.00000314784916093, -1.50000177912095789, 0.00000207903438675, -28.78651749505661428]
    [1.50000177912239407, -0.00000314784932130, -0.00000011573614161, -16.43969516930519603]
    [0.00000011574050459, 0.00000207903414387, 1.50000177912425658, 19.63709809142164886]
  #469 objects/buildingsets/human/hightech/delta/ext/outpost/pipe_a/pipe_a_end_04x02x03_a.cgf
    [-0.00000209224663508, -1.00000116777954373, 0.00000216198716395, 3.99999803944956511]
    [1.00000116778187897, -0.00000209224676531, -0.00000006020942840, -7.69659598747966811]
    [0.00000006021395181, 0.00000216198703798, 1.00000116778173043, 1.05830631195567548]
  #470 objects/buildingsets/human/hightech/delta/ext/outpost/pipe_a/pipe_a_straight_03x02x03_a.cgf
    [-0.00000099674960676, 1.00000113034696092, 0.00000238878664934, 5.49999958032276481]
    [-1.00000113034935723, -0.00000099675189027, 0.00000095589887522, -7.69659471613704227]
    [0.00000095590125624, -0.00000238878569655, 1.00000113034700089, 1.05830410344060510]
  #471 objects/buildingsets/human/hightech/delta/ext/outpost/pipe_a/pipe_a_end_base_07x04x03_a.cgf
    [-1.00000122227690946, 0.00000035224229941, 0.00000289134530087, -2.00000315008219332]
    [-0.00000035224119289, -1.00000122228101596, 0.00000038270262092, -12.69660710630705580]
    [0.00000289134543567, 0.00000038270160247, 1.00000122227689814, 1.05831583077087998]
  #472 objects/buildingsets/human/lowtech/alpha/ext/prop/shipping_container_1_025x05x025_a.cgf
    [-0.00000106609117031, 1.00000114862683209, 0.00000177975943789, 65.13343230041209608]
    [-1.00000114862733414, -0.00000106609378822, 0.00000147094235201, 43.57098296203184873]
    [0.00000147094424940, -0.00000177975786973, 1.00000114862631850, 3.68026322766672820]
  #473 objects/buildingsets/human/hightech/prop/env/walkway/walkway_tile_1.cgf
    [0.99939066524827436, -0.03490414745581195, 0.00008663461343769, 86.75404548761434853]
    [0.03483077353183740, 0.99744461884571833, 0.06237834841878320, -0.60143884454737417]
    [-0.00226367629027762, -0.06233732129843401, 0.99805257524017754, -1.19537036900874227]
  #474 objects/buildingsets/human/lowtech/alpha/ext/prop/shipping_container_1_025x05x025_a.cgf
    [-1.00000315528702877, 0.00000037794324195, 0.00000274143470963, 54.13657890097238123]
    [-0.00000037794133002, -1.00000315529054329, 0.00000069742228559, 42.01283807988511398]
    [0.00000274143497321, 0.00000069742124949, 1.00000315528685690, 1.43124377075582743]
  #475 objects/buildingsets/human/lowtech/alpha/ext/prop/shipping_container_1_025x05x025_a.cgf
    [-0.00000106609117031, 1.00000114862683209, 0.00000177975943789, 53.13657957059331238]
    [-1.00000114862733414, -0.00000106609378822, 0.00000147094235201, 40.51283483899896964]
    [0.00000147094424940, -0.00000177975786973, 1.00000114862631850, -1.06875925639178604]
  #476 objects/buildingsets/human/hightech/delta/ext/outpost/base/base_floor_14x08x02_a.cgf
    [-0.00000128672937157, -1.00000106452612081, 0.00000136012916953, 57.38658631034195423]
    [1.00000106452698767, -0.00000128672890805, 0.00000034078077375, 38.01283896103268489]
    [-0.00000034077902364, 0.00000136012960803, 1.00000106452689064, -3.06876414665021002]
  #477 objects/buildingsets/human/lowtech/prop/storage/container/container_dry_2_025x05x025_a.cgf
    [-0.99619573983495513, -0.08715544537417406, 0.00000201815956420, 49.63657308474648744]
    [0.08715544537560392, -0.99619573983667409, 0.00000063156039908, 42.01283172340481542]
    [0.00000195543605367, 0.00000080505056007, 1.00000101186113088, 1.43124619207810611]
  #478 objects/buildingsets/human/hightech/prop/env/walkway/walkway_tile_1.cgf
    [0.99804965427187176, -0.00000002405016617, 0.06242516593386278, 46.32963977742474526]
    [-0.00000164781633939, 1.00000000650842069, 0.00002673044867708, 26.34690102242166176]
    [-0.06242516591211898, -0.00002678118008520, 0.99804965391391542, -0.88052583462558687]
  #479 objects/buildingsets/human/hightech/prop/storage/crate/crate_dry_1_0125x0125x0125_a.cgf
    [-1.00000265360172524, 0.00000047761962347, 0.00000296394976458, 77.56258329970296472]
    [-0.00000047761748195, -1.00000265360585683, 0.00000072252491554, 28.17989600301370956]
    [0.00000296395010967, 0.00000072252349991, 1.00000265360157847, 0.86733718914911151]
  #480 objects/buildingsets/human/hightech/prop/storage/crate/crate_dry_1_0125x0125x0125_a.cgf
    [-1.00000265360172524, 0.00000047761962347, 0.00000296394976458, 76.06258125661406666]
    [-0.00000047761748195, -1.00000265360585683, 0.00000072252491554, 28.17989798614871688]
    [0.00000296395010967, 0.00000072252349991, 1.00000265360157847, 0.86733876878861338]
  #481 objects/buildingsets/human/lowtech/alpha/ext/prop/shipping_container_1_025x05x025_a.cgf
    [-0.00000225923549102, -1.00000124735529128, 0.00000197219200964, 77.56258635001722723]
    [1.00000124735717444, -0.00000225923618280, -0.00000035072689997, 31.67989825905533507]
    [0.00000035073135562, 0.00000197219121726, 1.00000124735778173, -1.63266940065659583]
  #482 objects/buildingsets/human/lowtech/alpha/ext/prop/shipping_container_1_025x05x025_a.cgf
    [-0.00000104010069531, 1.00000120528652525, 0.00000220750334750, 77.56258173228707165]
    [-1.00000120528816105, -0.00000104010348896, 0.00000126551012337, 28.67989443513215519]
    [0.00000126551241940, -0.00000220750203124, 1.00000120528626546, -1.63266577362082899]
  #483 objects/buildingsets/human/hightech/prop/env/walkway/walkway_tile_1.cgf
    [0.64153389132958349, -0.76455056229136886, 0.06242357166818010, 44.89092386525589973]
    [0.76604328903345487, 0.64278898301002740, 0.00003117819785636, 31.04202781463391148]
    [-0.04014902149078343, 0.04779915632336044, 0.99804974578046279, -0.81809478206560016]
  #484 objects/buildingsets/human/hightech/prop/env/walkway/walkway_tile_1.cgf
    [0.99561832645819015, 0.06962144662703237, 0.06242600286203383, 47.54829471779521555]
    [-0.06975904230631395, 0.99756387216572051, 0.00002468640031827, 24.12943347578402609]
    [-0.06227220632254227, -0.00437935639926046, 0.99804959656343217, -0.94302715954836458]
  #485 objects/buildingsets/human/lowtech/alpha/ext/prop/shipping_container_1_025x05x025_a.cgf
    [-1.00000265360172524, 0.00000047761962347, 0.00000296394976458, 50.62486456427723169]
    [-0.00000047761748195, -1.00000265360585683, 0.00000072252491554, 50.53981174869113602]
    [0.00000296395010967, 0.00000072252349991, 1.00000265360157847, 4.05586730351205915]
  #486 objects/buildingsets/human/hightech/prop/storage/crate/crate_dry_1_0125x0125x0125_a.cgf
    [-1.00000265360172524, 0.00000047761962347, 0.00000296394976458, 48.62486043176613748]
    [-0.00000047761748195, -1.00000265360585683, 0.00000072252491554, 48.78981217011460103]
    [0.00000296395010967, 0.00000072252349991, 1.00000265360157847, 4.05587092018686235]
  #487 objects/buildingsets/human/lowtech/alpha/ext/prop/shipping_container_1_025x05x025_a.cgf
    [-0.00000225923549102, -1.00000124735529128, 0.00000197219200964, 52.87486589734908193]
    [1.00000124735717444, -0.00000225923618280, -0.00000035072689997, 52.03980677883373573]
    [0.00000035073135562, 0.00000197219121726, 1.00000124735778173, -0.94414256408344954]
  #488 objects/buildingsets/human/lowtech/alpha/ext/prop/shipping_container_yellow.cgf
    [-0.00000225923549102, -1.00000124735529128, 0.00000197219200964, 50.12486055062618107]
    [1.00000124735717444, -0.00000225923618280, -0.00000035072689997, 49.03980855425470509]
    [0.00000035073135562, 0.00000197219121726, 1.00000124735778173, 1.55586602282710373]
  #489 objects/buildingsets/human/hightech/prop/storage/crate/crate_dry_1_0125x0125x0125_a.cgf
    [-0.00000225923549102, -1.00000124735529128, 0.00000197219200964, 48.62486155400983989]
    [1.00000124735717444, -0.00000225923618280, -0.00000035072689997, 48.78981314532575198]
    [0.00000035073135562, 0.00000197219121726, 1.00000124735778173, 5.30587247095536441]
  #490 objects/buildingsets/human/lowtech/alpha/ext/prop/shipping_container_yellow.cgf
    [-0.00000104010069531, 1.00000120528652525, 0.00000220750334750, 50.12486439617350698]
    [-1.00000120528816105, -0.00000104010348896, 0.00000126551012337, 52.03981236476101913]
    [0.00000126551241940, -0.00000220750203124, 1.00000120528626546, 1.55586343456525356]
  #491 objects/buildingsets/human/hightech/prop/storage/crate/crate_dry_1_0125x0125x0125_a.cgf
    [-1.00000265360172524, 0.00000047761962347, 0.00000296394976458, 48.62486491794697940]
    [-0.00000047761748195, -1.00000265360585683, 0.00000072252491554, 52.28981661552097648]
    [0.00000296395010967, 0.00000072252349991, 1.00000265360157847, 4.05586790048982948]
  #492 objects/buildingsets/human/hightech/delta/ext/outpost/base/base_floor_14x08x02_a.cgf
    [-0.00000104010069531, 1.00000120528652525, 0.00000220750334750, 43.12485464313067496]
    [-1.00000120528816105, -0.00000104010348896, 0.00000126551012337, 54.53982059474219568]
    [0.00000126551241940, -0.00000220750203124, 1.00000120528626546, -2.94413641898427159]
  #493 objects/buildingsets/human/lowtech/alpha/ext/prop/shipping_container_yellow.cgf
    [-0.00000104010069531, 1.00000120528652525, 0.00000220750334750, 50.12485819216817617]
    [-1.00000120528816105, -0.00000104010348896, 0.00000126551012337, 49.03980683660483919]
    [0.00000126551241940, -0.00000220750203124, 1.00000120528626546, -0.94413855019956827]
  #494 objects/buildingsets/human/lowtech/prop/storage/container/container_dry_3_025x05x025_a.cgf
    [1.00000011504799646, -0.00000002712065322, -0.00000096672745749, 53.62486948503647000]
    [0.00000002712098439, 1.00000011504840502, 0.00000034257304198, 50.53980778230470605]
    [0.00000096672744820, -0.00000034257306820, 1.00000011504793807, 4.05586414376739413]
  #495 objects/buildingsets/human/lowtech/alpha/ext/prop/shipping_container_1_025x05x025_a.cgf
    [-0.00000225923549102, -1.00000124735529128, 0.00000197219200964, 47.37485847680363804]
    [1.00000124735717444, -0.00000225923618280, -0.00000035072689997, 52.03981381244375370]
    [0.00000035073135562, 0.00000197219121726, 1.00000124735778173, -0.94413660769350827]
  #496 objects/buildingsets/human/hightech/prop/tech/sensor/sensor_perimeter_1_a.cgf
    [-1.00000122930255420, 0.00000039125112042, 0.00008352587498959, 79.73981284652836621]
    [-0.00000038607531283, -1.00000123087091031, 0.00006196660097775, 61.16094581998186186]
    [0.00008352589907370, 0.00006196656851435, 1.00000122738270303, -1.07165490603074431]
  #497 objects/characters/human/male_v7/clothing/navy/bdu/m_nvy_bdu_pants_01_01_01_prop_folded_3_a.cgf
    [0.91020744481165894, -0.31938243968004421, 0.26366186921343654, 44.73910097416955978]
    [0.38373903071699933, 0.88983866237043918, -0.24684373173899934, 28.19263798175961711]
    [-0.15577894709323928, 0.32585630087276224, 0.93249713536702694, -0.34653439396061003]
  #498 objects/characters/human/male_v7/clothing/navy/bdu/m_navy_bdu_jumpsuit_01_prop_hanging_a.cgf
    [-0.82949660698668004, -0.00000117369038291, 0.02896515934999100, 44.62525901210028678]
    [-0.02896515935057978, 0.00000039849715721, -0.82949660698739414, 27.47029854397987947]
    [0.00000115906884573, -0.83000216955043338, -0.00000043921351330, -0.45148066175170243]
  #499 objects/characters/human/male_v7/clothing/navy/bdu/m_nvy_bdu_shirt_01_01_01_prop_folded_2_a.cgf
    [-0.40134053147152710, 0.91593063566131083, 0.00016330716316468, 43.69106954196467996]
    [-0.91593063853249623, -0.40134054845411954, 0.00008819303077403, 28.51666413314524107]
    [0.00014632025265040, -0.00011418241494349, 1.00000157188215022, 0.44155522598885000]
  #500 objects/buildingsets/human/hightech/prop/storage/crate/crate_dry_1_0125x0125x0125_stack_a.cgf
    [-0.99939314990124217, 0.03489910783084250, 0.00000295463398793, 42.11692243581637740]
    [-0.03489910782957355, -0.99939314990553885, 0.00000047996819947, 28.71056378641515039]
    [0.00000296958457646, 0.00000037656197151, 1.00000230789567901, -0.81794482737313956]
  #501 objects/buildingsets/human/hightech/prop/storage/crate/crate_dry_1_0125x0125x0125_stack_b.cgf
    [0.99939082959731740, -0.03489875421364703, -0.00000039738173266, 43.49108795600477606]
    [0.03489875421371342, 0.99939082959738101, 0.00000016136802027, 28.75855007252539508]
    [0.00000039150812573, -0.00000017513785115, 0.99999997666442608, -0.81794683425687253]
  #502 objects/buildingsets/human/hightech/prop/storage/pallet/pallet_01_018_0016_a.cgf
    [0.99939082959731740, -0.03489875421364703, -0.00000039738173266, 44.61976713815238327]
    [0.03489875421371342, 0.99939082959738101, 0.00000016136802027, 28.67288709367858246]
    [0.00000039150812573, -0.00000017513785115, 0.99999997666442608, -0.81794905371498317]
  #503 objects/buildingsets/human/hightech/prop/storage/crate/crate_dry_1_01x005x005_a.cgf
    [0.03489758846802211, 0.99939251070579271, 0.00000235781605085, 42.01371516799554229]
    [-0.99939251070819968, 0.03489758846586994, 0.00000094784536307, 28.76567220024298877]
    [0.00000086498606506, -0.00000238945735873, 1.00000161606610094, 0.43205805728211999]
  #504 objects/characters/human/male_v7/clothing/navy/bdu/m_nvy_bdu_boots_01_left_a.cgf
    [0.03489777353700504, 0.96533743351390755, -0.25866175512290179, 44.50252561527304351]
    [-0.99939094658014860, 0.03370874442778002, -0.00903189609413893, 27.71768349080230109]
    [0.00000033560137862, 0.25881939399937309, 0.96592579424819325, -0.41177828959189355]
  #505 objects/characters/human/male_v7/clothing/navy/bdu/m_nvy_bdu_pants_01_01_01_prop_folded_3_a.cgf
    [0.03279296297757303, 0.99939090390013718, 0.01193584172021614, 44.58776193636003882]
    [-0.93912053173276966, 0.03489760361944604, -0.34181106722330024, 28.32423287018900737]
    [-0.34201940002558762, -0.00000019635018700, 0.93969290278412243, -0.36340613313950598]
  #506 objects/characters/human/male_v7/clothing/navy/bdu/m_nvy_bdu_boots_01_left_a.cgf
    [0.03489695365545342, 0.99558924274799776, 0.08710468273899061, 44.49880036700051278]
    [-0.99939239842500927, 0.03476407170495219, 0.00304248152391148, 28.13454429255216382]
    [0.00000094843848515, -0.08715780199146841, 0.99619600529019392, -0.42506517725996673]
  #507 objects/characters/human/male_v7/clothing/navy/bdu/m_nvy_bdu_pants_01_01_01_prop_folded_3_a.cgf
    [0.03279296297757303, 0.99939090390013718, 0.01193584172021614, 44.58310568146407604]
    [-0.93912053173276966, 0.03489760361944604, -0.34181106722330024, 28.45757287568994798]
    [-0.34201940002558762, -0.00000019635018700, 0.93969290278412243, -0.36340608238242567]
  #508 objects/buildingsets/human/universal/prop/storage/bag/bag_holdall_1_a.cgf
    [-0.00000165561528773, 0.99939206274814163, 0.03489711067054728, 41.88888687558937818]
    [0.00000058907879623, 0.03489711067156380, -0.99939206274930392, 28.07721830130321905]
    [-1.00000115170773229, -0.00000163404974763, -0.00000064649611859, -0.31794357020407915]
  #509 objects/buildingsets/human/hightech/prop/storage/pallet/pallet_shipping_1_025x0125x00125_a.cgf
    [-1.39915006830829936, -0.04885804980803373, -0.00000225474285439, 43.24996422627009451]
    [-0.04885804980962048, 1.39915006830973621, 0.00000095350452088, 28.49997689248993993]
    [0.00000222009349018, 0.00000103161092742, -1.40000286523894446, -0.81794680329039693]
  #510 objects/buildingsets/human/hightech/prop/storage/crate/crate_016x008x008_open_c.cgf
    [-0.03490125756183039, -0.99939256086042105, 0.00000297608945558, 45.02071391721256077]
    [0.99939256086483319, -0.03490125756225750, -0.00000009168112321, 27.93642946353065781]
    [0.00000019549434636, 0.00000297107654504, 1.00000179423965996, -0.69294969725888222]
  #511 objects/characters/human/male_v7/clothing/navy/bdu/m_nvy_bdu_pants_01_01_01_prop_folded_3_a.cgf
    [-0.03279483068987685, -0.99939169867536570, 0.01193677169648300, 44.57755901478230953]
    [0.93912087008986733, -0.03489967676583607, -0.34181246136300464, 28.61641139272251166]
    [0.34202082577149845, 0.00000038962323350, 0.93969330611544499, -0.36340602173004299]
  #512 objects/buildingsets/human/hightech/prop/storage/crate/crate_01x005x005_a.cgf
    [-0.00000171390418176, 0.03489889856318842, 0.99939402845633507, 42.14745976601261646]
    [-0.00000025296982030, -0.99939402845778602, 0.03489889856280526, 27.83609482450992800]
    [1.00000317861246901, -0.00000019300254612, 0.00000172168850024, -0.36905719374772161]
  #513 objects/characters/human/male_v7/clothing/navy/bdu/m_nvy_bdu_boots_01_right_a.cgf
    [0.03489777353700504, 0.96533743351390755, -0.25866175512290179, 44.50947249156888574]
    [-0.99939094658014860, 0.03370874442778002, -0.00903189609413893, 27.57831974327564240]
    [0.00000033560137862, 0.25881939399937309, 0.96592579424819325, -0.41177834570407867]
  #514 objects/buildingsets/human/hightech/prop/storage/crate/crate_dry_1_015x0075x0075_a.cgf
    [-0.99254783328549900, 0.12186797984817559, 0.00000096084878710, 43.70051219372544438]
    [-0.12186797984809959, -0.99254783328596385, 0.00000013746019378, 29.50409278820734471]
    [0.00000097043891937, 0.00000001933908781, 1.00000150293486811, 0.43205545539967716]
  #515 objects/buildingsets/human/hightech/prop/furniture/locker/locker_personal_1_closed_a.cgf
    [-0.06107400890661475, 0.00000051128815107, 1.74893588620038609, 41.50102464703377336]
    [1.74893588619920770, -0.00000207731019986, 0.06107400890718091, 28.43890406293212436]
    [0.00000209388841339, 1.75000193388440017, -0.00000043847982042, -2.00544643704779446]
  #516 objects/characters/human/male_v7/clothing/navy/bdu/m_nvy_bdu_boots_01_right_a.cgf
    [-0.99939314990124217, 0.03489910783084250, 0.00000295463398793, 42.27246946899686009]
    [-0.03489910782957355, -0.99939314990553885, 0.00000047996819947, 27.84046004165429622]
    [0.00000296958457646, 0.00000037656197151, 1.00000230789567901, 0.01997943560127169]
  #517 objects/characters/human/male_v7/clothing/navy/bdu/m_nvy_bdu_boots_01_right_a.cgf
    [0.03489695365545342, 0.99558924274799776, 0.08710468273899061, 44.49508875235915184]
    [-0.99939239842500927, 0.03476407170495219, 0.00304248152391148, 27.99480734815006144]
    [0.00000094843848515, -0.08715780199146841, 0.99619600529019392, -0.42506521602626890]
  #518 objects/buildingsets/human/hightech/prop/storage/crate/crate_dry_1_0125x0125x0125_a.cgf
    [-0.99939314990124217, 0.03489910783084250, 0.00000295463398793, 42.11692243581637740]
    [-0.03489910782957355, -0.99939314990553885, 0.00000047996819947, 28.71056378641515039]
    [0.00000296958457646, 0.00000037656197151, 1.00000230789567901, -0.81794482737313956]
  #519 objects/buildingsets/human/hightech/prop/storage/crate/crate_dry_1_0125x0125x0125_a.cgf
    [-0.03490125756183039, -0.99939256086042105, 0.00000297608945558, 43.49108795600477606]
    [0.99939256086483319, -0.03490125756225750, -0.00000009168112321, 28.75855007252539508]
    [0.00000019549434636, 0.00000297107654504, 1.00000179423965996, -0.81794683425687253]
  #520 objects/buildingsets/human/universal/prop/storage/bag/bag_holdall_1_a.cgf
    [0.04187656615274010, 1.19927059396534252, 0.00000043205772009, 44.61986373772379011]
    [-1.19927059396511249, 0.04187656615241701, 0.00000087475013926, 28.67285512448870577]
    [0.00000085913977927, -0.00000046232079696, 1.20000150180821241, 0.05698883091099560]
  #521 objects/characters/human/male_v7/clothing/navy/bdu/m_nvy_bdu_boots_01_left_a.cgf
    [-0.17354228981794789, 0.03489906515497133, 0.98420981524934370, 42.35453969542868435]
    [-0.00606003241309332, -0.99939275902339375, 0.03436889226984096, 27.84332593018189073]
    [0.98480971826489938, 0.00000011288110271, 0.17364806462524038, 0.06796540145296603]
  #522 objects/buildingsets/human/lowtech/alpha/ext/prop/shipping_container_yellow.cgf
    [-0.00000106609117031, 1.00000114862683209, 0.00000177975943789, 65.13342107250355184]
    [-1.00000114862733414, -0.00000106609378822, 0.00000147094235201, 49.57099112193100154]
    [0.00000147094424940, -0.00000177975786973, 1.00000114862631850, -1.31974147353321314]
  #523 objects/buildingsets/human/hightech/prop/storage/crate/crate_dry_1_0125x0125x0125_a.cgf
    [1.00000016625103960, 0.00000030047491114, -0.00000164504656452, 67.88342670013662428]
    [-0.00000030047505527, 1.00000016625238897, -0.00000008761326843, 49.07099386630579829]
    [0.00000164504653819, 0.00000008761376272, 1.00000016625108090, 1.18025991262402385]
  #524 objects/buildingsets/human/hightech/prop/storage/crate/crate_dry_1_0125x0125x0125_a.cgf
    [1.00000016625103960, 0.00000030047491114, -0.00000164504656452, 69.13342831563204527]
    [-0.00000030047505527, 1.00000016625238897, -0.00000008761326843, 49.07099563188967295]
    [0.00000164504653819, 0.00000008761376272, 1.00000016625108090, 1.18025924020912498]
  #525 objects/buildingsets/human/lowtech/alpha/ext/prop/shipping_container_1_025x05x025_a.cgf
    [-0.00000106609117031, 1.00000114862683209, 0.00000177975943789, 67.63342991773970425]
    [-1.00000114862733414, -0.00000106609378822, 0.00000147094235201, 46.57099057341110893]
    [0.00000147094424940, -0.00000177975786973, 1.00000114862631850, 1.18025953182950616]
  #526 objects/buildingsets/human/lowtech/alpha/ext/prop/shipping_container_yellow.cgf
    [-0.00000106609117031, 1.00000114862683209, 0.00000177975943789, 65.13342950318474323]
    [-1.00000114862733414, -0.00000106609378822, 0.00000147094235201, 43.57098309331922792]
    [0.00000147094424940, -0.00000177975786973, 1.00000114862631850, -1.31974415050353855]
  #527 objects/buildingsets/human/lowtech/alpha/ext/prop/shipping_container_yellow.cgf
    [-0.00000128672937157, -1.00000106452612081, 0.00000136012916953, 65.13342982798349112]
    [1.00000106452698767, -0.00000128672890805, 0.00000034078077375, 43.57098303042585030]
    [-0.00000034077902364, 0.00000136012960803, 1.00000106452689064, 1.18026031064800918]
  #528 objects/buildingsets/human/hightech/delta/ext/outpost/base/base_floor_14x14x02_a.cgf
    [-0.00000128672937157, -1.00000106452612081, 0.00000136012916953, 72.13344531669281423]
    [1.00000106452698767, -0.00000128672890805, 0.00000034078077375, 38.07098792857141234]
    [-0.00000034077902364, 0.00000136012960803, 1.00000106452689064, -3.31974998442456126]
  #529 objects/buildingsets/human/hightech/prop/storage/crate/crate_dry_1_0125x0125x0125_a.cgf
    [-0.00000128672937157, -1.00000106452612081, 0.00000136012916953, 66.88343709299806505]
    [1.00000106452698767, -0.00000128672890805, 0.00000034078077375, 40.82098275254247710]
    [-0.00000034077902364, 0.00000136012960803, 1.00000106452689064, 1.18025875033345073]
  #530 objects/buildingsets/human/lowtech/alpha/ext/prop/shipping_container_1_025x05x025_a.cgf
    [-0.00000128672937157, -1.00000106452612081, 0.00000136012916953, 63.63342049857601523]
    [1.00000106452698767, -0.00000128672890805, 0.00000034078077375, 49.57098845083964989]
    [-0.00000034077902364, 0.00000136012960803, 1.00000106452689064, 1.18026230239775032]
  #531 objects/buildingsets/human/hightech/prop/env/walkway/walkway_tile_1.cgf
    [0.99452186450682856, -0.10452869482897871, -0.00005339485717847, -53.32666905678343028]
    [0.10452868963572300, 0.99452186220932948, -0.00009223082611974, -92.87056067422963679]
    [0.00006274312098844, 0.00008614427913953, 0.99999998925913147, 0.17766248527914286]
  #532 objects/buildingsets/human/hightech/prop/env/walkway/walkway_tile_1.cgf
    [0.99744572864077741, 0.03483076106384787, 0.06236037245712693, -18.06312373781111091]
    [-0.03490036221408781, 0.99939078620348243, 0.00002686858219871, 26.29602077201707289]
    [-0.06232144644184638, -0.00220319956163229, 0.99805368732252953, -0.00461221765726805]
  #533 objects/buildingsets/human/hightech/delta/ext/outpost/comms/dish/comms_dish_a.cgf
    [-1.00000111526068314, 0.00000020131731974, 0.00000153574253918, -115.87541013257578015]
    [-0.00000020131708353, -1.00000111526185065, 0.00000015380690924, -33.69651424410403706]
    [0.00000153574257014, 0.00000015380660006, 1.00000111526069158, 1.11353238928131759]
  #534 objects/buildingsets/human/hightech/delta/ext/outpost/comms/dish/comms_dish_a.cgf
    [-1.00000111526068314, 0.00000020131731974, 0.00000153574253918, -114.37540979997720569]
    [-0.00000020131708353, -1.00000111526185065, 0.00000015380690924, -33.69651433490798809]
    [0.00000153574257014, 0.00000015380660006, 1.00000111526069158, 1.11353287938982248]
  #535 objects/buildingsets/human/hightech/prop/light/flood_light/flood_light_frame_a.cgf
    [-0.00000104010069531, 1.00000120528652525, 0.00000220750334750, -28.59855668002273887]
    [-1.00000120528816105, -0.00000104010348896, 0.00000126551012337, -16.43738730173208751]
    [0.00000126551241940, -0.00000220750203124, 1.00000120528626546, 0.55785221909172833]
  #536 objects/buildingsets/human/hightech/prop/light/flood_light/flood_light_frame_a.cgf
    [0.70710561738339162, 0.70710793462954025, 0.00000034494705081, -55.89356447453610599]
    [-0.70710793462958244, 0.70710561738343358, 0.00000000033960922, -94.54774595468188636]
    [-0.00000024367385874, -0.00000024415493803, 0.99999999267560069, 0.17736526555381715]
  #537 objects/buildingsets/human/hightech/delta/ext/outpost/pipe_a/pipe_a_end_07x03x03_a.cgf
    [0.99999997523240736, -0.00000005187460766, 0.00000031192073615, -33.49998714274261147]
    [0.00000005187461267, 0.99999997523245587, -0.00000001605446127, 4.94876199893769808]
    [-0.00000031192073531, 0.00000001605447745, 0.99999997523240858, 1.12009649374522269]
  #538 objects/buildingsets/human/hightech/prop/tech/sensor/sensor_perimeter_1_a.cgf
    [-1.00000150351230643, 0.00000038243132566, 0.00004297990856300, 39.43405185453593731]
    [-0.00000038117537239, -1.00000150400898224, 0.00002922191744730, 28.32944678736384958]
    [0.00004297991972001, 0.00002922190103745, 1.00000150308541991, -0.75528409611433744]
  #539 objects/buildingsets/human/hightech/prop/env/walkway/walkway_tile_1.cgf
    [0.98480762436613811, -0.17364887309239965, -0.00001759038253019, -17.73203664098400623]
    [0.17364887348476407, 0.98480762416206247, 0.00002398134211440, 23.45153632684377953]
    [0.00001315880987027, -0.00002667155882141, 0.99999999378041604, -0.06703562114853412]
  #540 objects/buildingsets/human/hightech/delta/ext/outpost/pipe_a/pipe_a_straight_03x02x03_a.cgf
    [1.00000011504799646, -0.00000002712065322, -0.00000096672745749, -117.00013700651470572]
    [0.00000002712098439, 1.00000011504840502, 0.00000034257304198, -31.82157000113511458]
    [0.00000096672744820, -0.00000034257306820, 1.00000011504793807, 1.73917586961761117]
  #541 objects/buildingsets/human/hightech/delta/ext/outpost/pipe_a/pipe_a_xjunction_06x04x03_a.cgf
    [-0.00000104010069531, 1.00000120528652525, 0.00000220750334750, -112.00012744183186442]
    [-1.00000120528816105, -0.00000104010348896, 0.00000126551012337, -27.32156732745352201]
    [0.00000126551241940, -0.00000220750203124, 1.00000120528626546, 1.73916766152251512]
  #542 objects/buildingsets/human/hightech/delta/ext/outpost/pipe_a/pipe_a_end_04x02x03_a.cgf
    [1.00000011504799646, -0.00000002712065322, -0.00000096672745749, -110.00012763345148414]
    [0.00000002712098439, 1.00000011504840502, 0.00000034257304198, -31.82157337895478122]
    [0.00000096672744820, -0.00000034257306820, 1.00000011504793807, 1.73916809924412519]
  #543 objects/buildingsets/human/hightech/delta/ext/outpost/pipe_a/pipe_a_straight_03x04x03_a.cgf
    [-0.00000225923549102, -1.00000124735529128, 0.00000197219200964, -112.00013196375221014]
    [1.00000124735717444, -0.00000225923618280, -0.00000035072689997, -36.32157832724624313]
    [0.00000035073135562, 0.00000197219121726, 1.00000124735778173, 1.73917448520660400]
  #544 objects/buildingsets/human/hightech/prop/env/walkway/walkway_tile_1.cgf
    [0.99452187370307499, -0.10452869891320830, 0.00003838031405732, 38.54831053374800831]
    [0.10452869801321620, 0.99452187423012495, 0.00002475627664825, 24.12943796170293353]
    [-0.00004075780310204, -0.00002060881430162, 1.00000000277874501, -0.75513947254512459]
  #545 objects/buildingsets/human/hightech/prop/env/walkway/walkway_tile_1.cgf
    [1.00000000781984211, 0.00000000241550439, -0.00005320591826069, -53.79533150233328342]
    [-0.00000000721353996, 1.00000000516918641, -0.00009017860733992, -90.65309796662768349]
    [0.00005320591782652, 0.00009017860759608, 1.00000000375375153, 0.24034088384360075]
  #546 objects/buildingsets/human/hightech/prop/env/walkway/walkway_tile_1.cgf
    [0.99999999585424415, 0.00000000486923935, 0.00003928870662134, 38.57965150906238705]
    [-0.00000000592096680, 0.99999999626775027, 0.00002676920491862, 26.34690428443718702]
    [-0.00003928870647692, -0.00002676920513059, 0.99999999549594898, -0.75519659346900880]
  #547 objects/buildingsets/human/hightech/prop/env/walkway/walkway_tile_1.cgf
    [0.99862951478106687, -0.05233609054490158, -0.00001678060406760, -17.72257884382270277]
    [0.05233609101548620, 0.99862951447773762, 0.00002895097002169, 28.61023054560064338]
    [0.00001524242609899, -0.00002978952474759, 0.99999998666361722, 0.05783038667868823]
  #548 objects/buildingsets/human/hightech/prop/light/flood_light/flood_light_frame_a.cgf
    [0.70710693612472286, -0.70710659677380283, -0.00000030316081856, 47.35069686453789473]
    [0.70710659677370402, 0.70710693612478592, -0.00000037762344957, 30.63339624495711178]
    [0.00000048138715988, 0.00000005265314684, 0.99999997915828975, -0.88069570518564433]
  #549 objects/buildingsets/human/hightech/delta/ext/outpost/pipe_a/pipe_a_straight_03x02x03_a.cgf
    [-0.00000099674960676, 1.00000113034696092, 0.00000238878664934, -50.50000759970862418]
    [-1.00000113034935723, -0.00000099675189027, 0.00000095589887522, -95.32159492987557314]
    [0.00000095590125624, -0.00000238878569655, 1.00000113034700089, 0.55216628324706107]
  #550 objects/buildingsets/human/hightech/delta/ext/outpost/pipe_a/pipe_a_end_07x03x03_a.cgf
    [-1.00000122227690946, 0.00000035224229941, 0.00000289134530087, -55.00000755698420107]
    [-0.00000035224119289, -1.00000122228101596, 0.00000038270262092, -100.32160541618941352]
    [0.00000289134543567, 0.00000038270160247, 1.00000122227689814, 0.55217333068139851]
  #551 objects/buildingsets/human/hightech/delta/ext/outpost/pipe_a/pipe_a_xjunction_06x04x03_a.cgf
    [-1.00000122227690946, 0.00000035224229941, 0.00000289134530087, -45.99999824829865247]
    [-0.00000035224119289, -1.00000122228101596, 0.00000038270262092, -100.32159707456594333]
    [0.00000289134543567, 0.00000038270160247, 1.00000122227689814, 0.55216091417241842]
  #552 objects/buildingsets/human/hightech/delta/ext/outpost/pipe_a/pipe_a_end_base_07x04x03_a.cgf
    [-1.00000122227690946, 0.00000035224229941, 0.00000289134530087, -55.00000755698420107]
    [-0.00000035224119289, -1.00000122228101596, 0.00000038270262092, -100.32160541618941352]
    [0.00000289134543567, 0.00000038270160247, 1.00000122227689814, 0.55217333068139851]
  #553 objects/buildingsets/human/hightech/delta/ext/outpost/pipe_a/pipe_a_end_04x02x03_a.cgf
    [-0.00000209224663508, -1.00000116777954373, 0.00000216198716395, -50.50000759970862418]
    [1.00000116778187897, -0.00000209224676531, -0.00000006020942840, -95.32159492987557314]
    [0.00000006021395181, 0.00000216198703798, 1.00000116778173043, 0.55216628324706107]
  #554 objects/buildingsets/human/hightech/delta/ext/outpost/pipe_a/pipe_a_end_04x02x03_a.cgf
    [-0.00000209224663508, -1.00000116777954373, 0.00000216198716395, -49.00000636745244265]
    [1.00000116778187897, -0.00000209224676531, -0.00000006020942840, -95.32159429730381817]
    [0.00000006021395181, 0.00000216198703798, 1.00000116778173043, 0.55216381186619401]
  #555 objects/buildingsets/human/hightech/delta/ext/outpost/pipe_a/pipe_a_straight_03x04x03_a.cgf
    [0.99999997523240736, -0.00000005187460766, 0.00000031192073615, -55.00000755698420107]
    [0.00000005187461267, 0.99999997523245587, -0.00000001605446127, -100.32160541618941352]
    [-0.00000031192073531, 0.00000001605447745, 0.99999997523240858, 0.55217333068139851]
  #556 objects/buildingsets/human/hightech/prop/env/walkway/walkway_tile_1.cgf
    [0.99862954129768355, 0.05233609202182402, -0.00001664196126017, -17.60904293251223862]
    [-0.05233609148606085, 0.99862954097871759, 0.00003114629893470, 30.79205659125000238]
    [0.00001824922944996, -0.00003023263859469, 1.00000001315522313, 0.12026764010079205]
  #557 objects/buildingsets/human/lowtech/alpha/ext/prop/shipping_container_1_025x05x025_a.cgf
    [-1.00000129880773314, 0.00000021736467457, 0.00000164431382090, -110.43734376714564860]
    [-0.00000021736442104, -1.00000129880907318, 0.00000015418522656, -62.94510520959738642]
    [0.00000164431385442, 0.00000015418486915, 1.00000129880774447, 0.61351425875909626]
  #558 objects/buildingsets/human/hightech/prop/storage/crate/crate_dry_1_0125x0125x0125_a.cgf
    [-0.00000126383533071, 1.00000119398936693, 0.00000104146602675, -100.93734258192125708]
    [-1.00000119398969134, -0.00000126383601839, 0.00000066027585126, -56.94510567912948318]
    [0.00000066027716750, -0.00000104146519227, 1.00000119398994758, 3.11351438588462770]
  #559 objects/buildingsets/human/lowtech/alpha/ext/prop/shipping_container_1_025x05x025_a.cgf
    [1.00000000413771994, 0.00000000026608972, 0.00000011102696229, -107.43734305351972580]
    [-0.00000000026607945, 1.00000000413772172, -0.00000009251545542, -62.94510543908108957]
    [-0.00000011102696232, 0.00000009251545539, 1.00000000413771550, 0.61351432930678129]
  #560 objects/buildingsets/human/lowtech/prop/storage/container/container_dry_2_025x05x025_a.cgf
    [1.00000000413771994, 0.00000000026608972, 0.00000011102696229, -108.93734346865676343]
    [-0.00000000026607945, 1.00000000413772172, -0.00000009251545542, -62.94510534979053773]
    [-0.00000011102696232, 0.00000009251545539, 1.00000000413771550, 3.11351494421251118]
  #561 objects/buildingsets/human/hightech/prop/storage/crate/crate_dry_1_0125x0125x0125_a.cgf
    [1.00000000413771994, 0.00000000026608972, 0.00000011102696229, -106.93734309670981020]
    [-0.00000000026607945, 1.00000000413772172, -0.00000009251545542, -61.44510546931996942]
    [-0.00000011102696232, 0.00000009251545539, 1.00000000413771550, 3.11351500626187772]
  #562 objects/buildingsets/human/hightech/prop/tech/collector/collector_water_1_a.cgf
    [-1.00000122227690946, 0.00000035224229941, 0.00000289134530087, -106.59307151054963470]
    [-0.00000035224119289, -1.00000122228101596, 0.00000038270262092, -37.81289680863847025]
    [0.00000289134543567, 0.00000038270160247, 1.00000122227689814, 0.80200403637718409]
  #563 objects/buildingsets/human/hightech/prop/env/walkway/walkway_tile_1.cgf
    [1.00000000288004842, -0.00000000330489478, -0.00006075090898936, -61.36463437753263861]
    [-0.00000000239728957, 1.00000000032037439, -0.00009386171253962, -94.32588391308672726]
    [0.00006075090903196, 0.00009386171251205, 0.99999999847503807, 0.17706572450697422]
  #564 objects/buildingsets/human/hightech/prop/env/walkway/walkway_tile_1.cgf
    [0.99756397504520000, -0.06975754832423364, -0.00005602125021495, -56.23007005907129496]
    [0.06975754313000389, 0.99756397293381760, -0.00008986396391869, -90.41170391024206765]
    [0.00006215347064575, 0.00008573714815361, 0.99999999589032806, 0.24022891488857567]
  #565 objects/buildingsets/human/hightech/prop/tech/sensor/sensor_perimeter_1_a.cgf
    [-1.00000133299143434, 0.00000551551640937, -0.00008196408560871, -85.76980377233121544]
    [-0.00000038452091505, -0.99804823186660541, -0.06246918921334360, -91.65610633083269931]
    [-0.00008214855077602, -0.06246918897103963, 0.99804822850105512, 0.42551985522732139]
  #566 objects/buildingsets/human/hightech/prop/env/walkway/walkway_tile_1.cgf
    [0.99939072658519323, -0.03490235613368750, -0.00005850406046808, -58.74585995229426771]
    [0.03483053259553756, 0.99743885273232269, -0.06247056370825889, -93.10145671028294601]
    [0.00223872408282939, 0.06243046425611205, 0.99804680627620646, 0.17733760946430266]
  #567 objects/buildingsets/human/hightech/delta/ext/outpost/pipe_a/pipe_a_end_07x03x03_a.cgf
    [-0.00000104010069531, 1.00000120528652525, 0.00000220750334750, -112.00013196375221014]
    [-1.00000120528816105, -0.00000104010348896, 0.00000126551012337, -36.32157832724624313]
    [0.00000126551241940, -0.00000220750203124, 1.00000120528626546, 1.73917448520660400]
  #568 objects/buildingsets/human/lowtech/prop/light/light_floor_01_b.cgf
    [-0.00000036353292727, -0.70711104910923417, 0.70710561973673225, -110.58328624779824167]
    [-1.00000219661519885, -0.00000019407970930, -0.00000070819636904, -37.98842868339852430]
    [0.00000063800692903, -0.70710561973679908, -0.70711104910897316, 2.79478623834438622]
  #569 objects/buildingsets/human/hightech/delta/ext/outpost/pipe_a/pipe_a_end_base_07x04x03_a.cgf
    [-0.00000104010069531, 1.00000120528652525, 0.00000220750334750, -112.00013196375221014]
    [-1.00000120528816105, -0.00000104010348896, 0.00000126551012337, -36.32157832724624313]
    [0.00000126551241940, -0.00000220750203124, 1.00000120528626546, 1.73917448520660400]
  #570 objects/buildingsets/human/lowtech/prop/light/light_floor_01_b.cgf
    [0.00000025149455775, 0.70710833497730174, -0.70710904198013058, -113.41660806583240628]
    [1.00000269731811864, 0.00000049938072506, 0.00000085504706272, -34.85523276845924556]
    [0.00000095772494770, -0.70710904197999902, -0.70710833497682957, 2.79478702158667147]
  #571 objects/buildingsets/human/lowtech/prop/light/light_floor_01_b.cgf
    [-0.00000036353292727, -0.70711104910923417, 0.70710561973673225, -110.58328521682415158]
    [-1.00000219661519885, -0.00000019407970930, -0.00000070819636904, -34.86342552487622015]
    [0.00000063800692903, -0.70710561973679908, -0.70711104910897316, 2.79478404519613832]
  #572 objects/buildingsets/human/lowtech/prop/light/light_floor_01_b.cgf
    [0.00000025149455775, 0.70710833497730174, -0.70710904198013058, -113.41660789202433079]
    [1.00000269731811864, 0.00000049938072506, 0.00000085504706272, -37.98023636749712750]
    [0.00000095772494770, -0.70710904197999902, -0.70710833497682957, 2.79478906327858567]
  #573 objects/buildingsets/human/hightech/prop/env/walkway/walkway_tile_1.cgf
    [0.99999999916879345, -0.00000000164080128, -0.00005786463156787, -58.58334159408695996]
    [-0.00000000358221631, 0.99999999676927420, -0.00009026269487085, -90.71962598021491431]
    [0.00005786463148025, 0.00009026269492702, 0.99999999509511639, 0.24006605031900108]
  #574 objects/buildingsets/human/lowtech/alpha/ext/prop/shipping_container_yellow.cgf
    [-1.00000129880773314, 0.00000021736467457, 0.00000164431382090, -100.11653509119059891]
    [-0.00000021736442104, -1.00000129880907318, 0.00000015418522656, -76.80405414474080317]
    [0.00000164431385442, 0.00000015418486915, 1.00000129880774447, 0.48747933038976043]
  #575 objects/buildingsets/human/hightech/prop/storage/crate/crate_dry_1_0125x0125x0125_a.cgf
    [-0.00000126383533071, 1.00000119398936693, 0.00000104146602675, -100.61653594952076674]
    [-1.00000119398969134, -0.00000126383601839, 0.00000066027585126, -79.55405401656753384]
    [0.00000066027716750, -0.00000104146519227, 1.00000119398994758, 2.98747762129642069]
  #576 objects/buildingsets/human/hightech/prop/storage/crate/crate_dry_1_0125x0125x0125_a.cgf
    [-0.00000126383533071, 1.00000119398936693, 0.00000104146602675, -100.61653595394454896]
    [-1.00000119398969134, -0.00000126383601839, 0.00000066027585126, -80.80405401802272536]
    [0.00000066027716750, -0.00000104146519227, 1.00000119398994758, 2.98747757286764681]
  #577 objects/buildingsets/human/lowtech/alpha/ext/prop/shipping_container_1_025x05x025_a.cgf
    [-1.00000129880773314, 0.00000021736467457, 0.00000164431382090, -103.11653561936691403]
    [-0.00000021736442104, -1.00000129880907318, 0.00000015418522656, -79.30405406790669076]
    [0.00000164431385442, 0.00000015418486915, 1.00000129880774447, 2.98747852083761245]
  #578 objects/buildingsets/human/lowtech/alpha/ext/prop/shipping_container_yellow.cgf
    [-1.00000129880773314, 0.00000021736467457, 0.00000164431382090, -106.11653642216697335]
    [-0.00000021736442104, -1.00000129880907318, 0.00000015418522656, -76.80405378152499907]
    [0.00000164431385442, 0.00000015418486915, 1.00000129880774447, 0.48747737077064812]
  #579 objects/buildingsets/human/lowtech/alpha/ext/prop/shipping_container_yellow.cgf
    [1.00000000413771994, 0.00000000026608972, 0.00000011102696229, -106.11653650493826717]
    [-0.00000000026607945, 1.00000000413772172, -0.00000009251545542, -76.80405378292198293]
    [-0.00000011102696232, 0.00000009251545539, 1.00000000413771550, 2.98747847566846758]
  #580 objects/buildingsets/human/hightech/delta/ext/outpost/base/base_floor_14x14x02_a.cgf
    [1.00000000413771994, 0.00000000026608972, 0.00000011102696229, -111.61653627979103476]
    [-0.00000000026607945, 1.00000000413772172, -0.00000009251545542, -83.80405372584937140]
    [-0.00000011102696232, 0.00000009251545539, 1.00000000413771550, -1.51252215157728642]
  #581 objects/buildingsets/human/hightech/prop/storage/crate/crate_dry_1_0125x0125x0125_a.cgf
    [1.00000000413771994, 0.00000000026608972, 0.00000011102696229, -108.86653703846968710]
    [-0.00000000026607945, 1.00000000413772172, -0.00000009251545542, -78.55405361150042154]
    [-0.00000011102696232, 0.00000009251545539, 1.00000000413771550, 2.98747839336283505]
  #582 objects/buildingsets/human/lowtech/alpha/ext/prop/shipping_container_1_025x05x025_a.cgf
    [1.00000000413771994, 0.00000000026608972, 0.00000011102696229, -100.11653592810034752]
    [-0.00000000026607945, 1.00000000413772172, -0.00000009251545542, -75.30405401732423343]
    [-0.00000011102696232, 0.00000009251545539, 1.00000000413771550, 2.98747776728123426]
  #583 objects/buildingsets/human/lowtech/alpha/ext/prop/shipping_container_yellow.cgf
    [1.00000000413771994, 0.00000000026608972, 0.00000011102696229, -109.11653708771336824]
    [-0.00000000026607945, 1.00000000413772172, -0.00000009251545542, -76.80405359985888936]
    [-0.00000011102696232, 0.00000009251545539, 1.00000000413771550, 0.48747639101929963]
  #584 objects/buildingsets/human/lowtech/alpha/ext/prop/shipping_container_1_025x05x025_a.cgf
    [-1.00000129880773314, 0.00000021736467457, 0.00000164431382090, -106.11653590213973075]
    [-0.00000021736442104, -1.00000129880907318, 0.00000015418522656, -76.80405405175406486]
    [0.00000164431385442, 0.00000015418486915, 1.00000129880774447, 5.48747798695694655]
  #585 objects/buildingsets/human/lowtech/alpha/ext/prop/shipping_container_yellow.cgf
    [1.00000000413771994, 0.00000000026608972, 0.00000011102696229, -103.11653575696982443]
    [-0.00000000026607945, 1.00000000413772172, -0.00000009251545542, -76.80405396310379729]
    [-0.00000011102696232, 0.00000009251545539, 1.00000000413771550, 0.48747835040558130]
  #586 objects/buildingsets/human/lowtech/prop/storage/container/container_dry_2_025x05x025_a.cgf
    [1.00000000413771994, 0.00000000026608972, 0.00000011102696229, -103.11653598106931895]
    [-0.00000000026607945, 1.00000000413772172, -0.00000009251545542, -74.05405395128764212]
    [-0.00000011102696232, 0.00000009251545539, 1.00000000413771550, 2.98747857392299920]
  #587 objects/buildingsets/human/lowtech/prop/storage/container/container_dry_3_025x05x025_a.cgf
    [1.00000000413771994, 0.00000000026608972, 0.00000011102696229, -109.11653603427112103]
    [-0.00000000026607945, 1.00000000413772172, -0.00000009251545542, -75.05405391938984394]
    [-0.00000011102696232, 0.00000009251545539, 1.00000000413771550, 2.98747814609669149]
  #588 objects/buildingsets/human/hightech/prop/tech/sensor/sensor_perimeter_1_a.cgf
    [-0.99804696607757082, 0.00000030632834895, -0.06248724791201241, -112.61132374452427030]
    [0.00000392533128630, -1.00000119903103069, -0.00006759769134544, -68.61805875165737234]
    [-0.06248724778947230, -0.00006771087256773, 0.99804696378842295, 0.23720523540396243]
  #589 objects/buildingsets/human/hightech/prop/tech/collector/collector_water_1_a.cgf
    [-1.00000122227690946, 0.00000035224229941, 0.00000289134530087, -117.09310164023190737]
    [-0.00000035224119289, -1.00000122228101596, 0.00000038270262092, -37.81290390645153821]
    [0.00000289134543567, 0.00000038270160247, 1.00000122227689814, 0.98833032057154924]
  #590 objects/buildingsets/human/hightech/prop/tech/sensor/sensor_perimeter_1_a.cgf
    [-1.00000115519296662, 0.00000032589049869, -0.00006054710049375, -63.85656574566382915]
    [-0.00000031938650142, -1.00000115125636047, -0.00010742056097864, -108.26556291122687981]
    [-0.00006054713515172, -0.00010742054144383, 1.00000114942343821, -0.01200216740835458]
  #591 objects/buildingsets/human/hightech/delta/ext/outpost/base/base_floor_14x14x02_a.cgf
    [1.00000000413771994, 0.00000000026608972, 0.00000011102696229, -112.43734294036403298]
    [-0.00000000026607945, 1.00000000413772172, -0.00000009251545542, -67.44510538989561610]
    [-0.00000011102696232, 0.00000009251545539, 1.00000000413771550, -1.38648561108857393]
  #592 objects/buildingsets/human/hightech/prop/storage/crate/crate_dry_1_0125x0125x0125_a.cgf
    [-0.00000126383533071, 1.00000119398936693, 0.00000104146602675, -106.93734299333300442]
    [-1.00000119398969134, -0.00000126383601839, 0.00000066027585126, -62.94510550264385529]
    [0.00000066027716750, -0.00000104146519227, 1.00000119398994758, 3.11351499147713184]
  #593 objects/buildingsets/human/hightech/prop/storage/crate/crate_dry_1_0125x0125x0125_a.cgf
    [-0.00000126383533071, 1.00000119398936693, 0.00000104146602675, -106.93734288972336799]
    [-1.00000119398969134, -0.00000126383601839, 0.00000066027585126, -64.44510553596774116]
    [0.00000066027716750, -0.00000104146519227, 1.00000119398994758, 3.11351497611030936]
  #594 objects/buildingsets/human/lowtech/alpha/ext/prop/shipping_container_1_025x05x025_a.cgf
    [-0.00000126383533071, 1.00000119398936693, 0.00000104146602675, -101.93734250369016081]
    [-1.00000119398969134, -0.00000126383601839, 0.00000066027585126, -60.44510577007895336]
    [0.00000066027716750, -0.00000104146519227, 1.00000119398994758, 5.61351432255469263]
  #595 objects/buildingsets/human/lowtech/alpha/ext/prop/shipping_container_yellow.cgf
    [-1.00000129880773314, 0.00000021736467457, 0.00000164431382090, -100.43734269088599831]
    [-0.00000021736442104, -1.00000129880907318, 0.00000015418522656, -60.44510559068294242]
    [0.00000164431385442, 0.00000015418486915, 1.00000129880774447, 0.61351419670972973]
  #596 objects/buildingsets/human/lowtech/alpha/ext/prop/shipping_container_1_025x05x025_a.cgf
    [-0.00000126383533071, 1.00000119398936693, 0.00000104146602675, -108.93734380835667253]
    [-1.00000119398969134, -0.00000126383601839, 0.00000066027585126, -56.69510524673387408]
    [0.00000066027716750, -0.00000104146519227, 1.00000119398994758, 0.61351555248256773]
  #597 objects/buildingsets/human/lowtech/alpha/ext/prop/shipping_container_1_025x05x025_a.cgf
    [1.00000000413771994, 0.00000000026608972, 0.00000011102696229, -100.43734258844051510]
    [-0.00000000026607945, 1.00000000413772172, -0.00000009251545542, -60.44510568847181275]
    [-0.00000011102696232, 0.00000009251545539, 1.00000000413771550, 3.11351422907318920]
  #598 objects/buildingsets/human/lowtech/alpha/ext/prop/shipping_container_yellow.cgf
    [1.00000000413771994, 0.00000000026608972, 0.00000011102696229, -102.95759920019190758]
    [-0.00000000026607945, 1.00000000413772172, -0.00000009251545542, -60.44510568658006378]
    [-0.00000011102696232, 0.00000009251545539, 1.00000000413771550, 0.61351521150209010]
  #599 objects/buildingsets/human/lowtech/alpha/ext/prop/shipping_container_yellow.cgf
    [-1.00000129880773314, 0.00000021736467457, 0.00000164431382090, -102.95759921951685101]
    [-0.00000021736442104, -1.00000129880907318, 0.00000015418522656, -60.44510575136519037]
    [0.00000164431385442, 0.00000015418486915, 1.00000129880774447, 3.11351510998792946]
  #600 objects/buildingsets/human/hightech/delta/ext/outpost/pipe_a/pipe_a_end_04x02x03_a.cgf
    [-0.00000099674960676, 1.00000113034696092, 0.00000238878664934, -39.49999193137045950]
    [-1.00000113034935723, -0.00000099675189027, 0.00000095589887522, 2.94875306927133352]
    [0.00000095590125624, -0.00000238878569655, 1.00000113034700089, 1.12010373559314758]
  #601 objects/buildingsets/human/hightech/delta/ext/outpost/pipe_a/pipe_a_straight_03x02x03_a.cgf
    [-0.00000099674960676, 1.00000113034696092, 0.00000238878664934, -40.99999951303470880]
    [-1.00000113034935723, -0.00000099675189027, 0.00000095589887522, 9.94876031429157592]
    [0.00000095590125624, -0.00000238878569655, 1.00000113034700089, 1.12010711256880313]
  #602 objects/buildingsets/human/hightech/delta/ext/outpost/pipe_a/pipe_a_end_07x03x03_a.cgf
    [-1.00000122227690946, 0.00000035224229941, 0.00000289134530087, -45.49999947007745504]
    [-0.00000035224119289, -1.00000122228101596, 0.00000038270262092, 4.94874982794863172]
    [0.00000289134543567, 0.00000038270160247, 1.00000122227689814, 1.12011416023597121]
  #603 objects/buildingsets/human/hightech/delta/ext/outpost/pipe_a/pipe_a_xjunction_06x04x03_a.cgf
    [-1.00000122227690946, 0.00000035224229941, 0.00000289134530087, -36.49999016162473708]
    [-0.00000035224119289, -1.00000122228101596, 0.00000038270262092, 4.94875816974672489]
    [0.00000289134543567, 0.00000038270160247, 1.00000122227689814, 1.12010174314491451]
  #604 objects/buildingsets/human/hightech/delta/ext/outpost/pipe_a/pipe_a_end_04x02x03_a.cgf
    [-0.00000099674960676, 1.00000113034696092, 0.00000238878664934, -40.99999245780054480]
    [-1.00000113034935723, -0.00000099675189027, 0.00000095589887522, 2.94875262878485955]
    [0.00000095590125624, -0.00000238878569655, 1.00000113034700089, 1.12010780954733491]
  #605 objects/buildingsets/human/hightech/delta/ext/outpost/pipe_a/pipe_a_straight_03x02x03_a.cgf
    [-0.00000099674960676, 1.00000113034696092, 0.00000238878664934, -39.49999828077852726]
    [-1.00000113034935723, -0.00000099675189027, 0.00000095589887522, 9.94876094697974622]
    [0.00000095590125624, -0.00000238878569655, 1.00000113034700089, 1.12010464142076671]
  #606 objects/buildingsets/human/hightech/delta/ext/outpost/pipe_a/pipe_a_end_04x02x03_a.cgf
    [-0.00000209224663508, -1.00000116777954373, 0.00000216198716395, -40.99999951303470880]
    [1.00000116778187897, -0.00000209224676531, -0.00000006020942840, 9.94876031429157592]
    [0.00000006021395181, 0.00000216198703798, 1.00000116778173043, 1.12010711256880313]
  #607 objects/buildingsets/human/hightech/delta/ext/outpost/pipe_a/pipe_a_end_04x02x03_a.cgf
    [-0.00000209224663508, -1.00000116777954373, 0.00000216198716395, -39.49999828077852726]
    [1.00000116778187897, -0.00000209224676531, -0.00000006020942840, 9.94876094697974622]
    [0.00000006021395181, 0.00000216198703798, 1.00000116778173043, 1.12010464142076671]
  #608 objects/buildingsets/human/hightech/delta/ext/outpost/pipe_a/pipe_a_straight_03x04x03_a.cgf
    [0.99999997523240736, -0.00000005187460766, 0.00000031192073615, -45.49999947007745504]
    [0.00000005187461267, 0.99999997523245587, -0.00000001605446127, 4.94874982794863172]
    [-0.00000031192073531, 0.00000001605447745, 0.99999997523240858, 1.12011416023597121]
  #609 objects/buildingsets/human/hightech/prop/tech/regulator/regulator_exterior_1_a.cgf
    [-0.75470914789563925, 0.65605794621988411, 0.00000052288808135, -45.96304965601302683]
    [-0.65605794622003910, -0.75470914789565968, -0.00000019797569656, -10.22631348052527755]
    [0.00000026474516388, -0.00000049245946051, 0.99999896335725036, 0.80728854425251484]
  #610 objects/buildingsets/human/hightech/prop/env/walkway/walkway_tile_1.cgf
    [0.99862952522448734, 0.05233609793879954, -0.00001923055995251, -20.15032770892139524]
    [-0.05233609741844231, 0.99862952508176439, 0.00002663336541302, 26.27514576129033230]
    [0.00002059809141260, -0.00002559041264749, 0.99999999754410429, -0.00465146300848573]
  #611 objects/buildingsets/human/hightech/delta/ext/outpost/comms/dish/comms_dish_a.cgf
    [0.99999990314712250, -0.00000004579951727, 0.00000135100483001, -117.25013667880557477]
    [0.00000004579969804, 0.99999990314802611, -0.00000013380303100, -26.94656683452194557]
    [-0.00000135100482388, 0.00000013380309288, 0.99999990314711451, 1.11375175416469574]
  #612 objects/buildingsets/human/hightech/delta/ext/outpost/comms/dish/comms_dish_a.cgf
    [0.99999990314712250, -0.00000004579951727, 0.00000135100483001, -115.75013381114695221]
    [0.00000004579969804, 0.99999990314802611, -0.00000013380303100, -26.94656682090135291]
    [-0.00000135100482388, 0.00000013380309288, 0.99999990314711451, 1.11375128780491650]
  #613 objects/buildingsets/human/hightech/prop/tech/sensor/sensor_perimeter_1_a.cgf
    [-0.99805686183174713, -0.00387993203501141, 0.06220716720812785, -53.63496577250771224]
    [0.00000211353905907, -0.99806382350821021, -0.06221647027754605, 40.28093125417944975]
    [0.06232804762054751, -0.06209537265905980, 0.99612331774145080, 1.18114898563362658]
  #614 objects/buildingsets/human/hightech/prop/tech/sensor/sensor_perimeter_1_a.cgf
    [-0.99805728871842758, 0.00000049861832401, 0.06232828265518889, -53.63503202586434782]
    [0.00000319684321034, -1.00000158143335915, 0.00005919065346180, 58.28102889057481661]
    [0.06232828257519964, 0.00005927482301546, 0.99805728696337570, 2.49276245199143887]
  #615 objects/buildingsets/human/lowtech/prop/light/light_floor_01_b.cgf
    [-1.00000175407484115, -0.00000224447032240, -0.00000236756415666, -32.12005376676097512]
    [0.00000008703243572, 0.70710976676977944, -0.70710627624295830, 3.53191892785253003]
    [0.00000326120107003, -0.70710627623940159, -0.70710976676582116, 2.17570688889827579]
  #616 objects/buildingsets/human/hightech/delta/ext/outpost/pipe_a/pipe_a_end_04x02x03_a.cgf
    [-0.00000209224663508, -1.00000116777954373, 0.00000216198716395, -37.99999673967249691]
    [1.00000116778187897, -0.00000209224676531, -0.00000006020942840, 9.94876221817685291]
    [0.00000006021395181, 0.00000216198703798, 1.00000116778173043, 1.12010243290569633]
  #617 objects/buildingsets/human/lowtech/prop/light/light_floor_01_b.cgf
    [1.00000167207078428, 0.00000017795923913, 0.00000002154702173, -34.98686826787889004]
    [0.00000011060056142, -0.70711007791540603, 0.70710584911656094, 6.38588628219440579]
    [0.00000014107189922, -0.70710584911654717, -0.70711007791541436, 2.17571071768179536]
  #618 objects/buildingsets/human/lowtech/prop/light/light_floor_01_b.cgf
    [-1.00000175407484115, -0.00000224447032240, -0.00000236756415666, -34.99505689437501132]
    [0.00000008703243572, 0.70710976676977944, -0.70710627624295830, 3.53191436870838515]
    [0.00000326120107003, -0.70710627623940159, -0.70710976676582116, 2.17571149952709675]
  #619 objects/buildingsets/human/lowtech/prop/light/light_floor_01_b.cgf
    [1.00000167207078428, 0.00000017795923913, 0.00000002154702173, -32.11186531442217529]
    [0.00000011060056142, -0.70711007791540603, 0.70710584911656094, 6.38588880232418887]
    [0.00000014107189922, -0.70710584911654717, -0.70711007791541436, 2.17570648516993970]
  #620 objects/buildingsets/human/hightech/delta/ext/outpost/pipe_a/pipe_a_straight_03x04x03_a.cgf
    [-1.00000122227690946, 0.00000035224229941, 0.00000289134530087, -33.49998714274261147]
    [-0.00000035224119289, -1.00000122228101596, 0.00000038270262092, 4.94876199893769808]
    [0.00000289134543567, 0.00000038270160247, 1.00000122227689814, 1.12009649374522269]
  #621 objects/buildingsets/human/hightech/delta/ext/outpost/pipe_a/pipe_a_straight_03x02x03_a.cgf
    [-0.00000099674960676, 1.00000113034696092, 0.00000238878664934, -37.99999673967249691]
    [-1.00000113034935723, -0.00000099675189027, 0.00000095589887522, 9.94876221817685291]
    [0.00000095590125624, -0.00000238878569655, 1.00000113034700089, 1.12010243290569633]
  #622 objects/buildingsets/human/hightech/delta/ext/outpost/pipe_a/pipe_a_end_04x02x03_a.cgf
    [1.00000011504799646, -0.00000002712065322, -0.00000096672745749, -110.00012562680058181]
    [0.00000002712098439, 1.00000011504840502, 0.00000034257304198, -28.82156944551388733]
    [0.00000096672744820, -0.00000034257306820, 1.00000011504793807, 1.73916590819135308]
  #623 objects/buildingsets/human/hightech/prop/light/flood_light/flood_light_frame_a.cgf
    [0.70710561738339162, 0.70710793462954025, 0.00000034494705081, -62.39361240179277956]
    [-0.70710793462958244, 0.70710561738343358, 0.00000000033960922, -17.29774648961029015]
    [-0.00000024367385874, -0.00000024415493803, 0.99999999267560069, 0.99380173266399652]
  #624 objects/buildingsets/human/lowtech/prop/light/light_navigation_01_a.cgf
    [-1.06065948060288129, -1.06066199632625424, 0.00000142475603951, -62.52488409506622702]
    [1.06066199632682179, -1.06065948060326143, 0.00000013965046941, -17.43230920215137303]
    [0.00000090870555129, 0.00000110620352865, 1.50000080141430248, 20.07302390597760677]
  #625 objects/buildingsets/human/hightech/prop/tech/collector/collector_water_1_a.cgf
    [-1.00000122227690946, 0.00000035224229941, 0.00000289134530087, -47.34299770696088672]
    [-0.00000035224119289, -1.00000122228101596, 0.00000038270262092, -3.79259253802592866]
    [0.00000289134543567, 0.00000038270160247, 1.00000122227689814, 0.86976943933404982]
  #626 objects/buildingsets/human/hightech/delta/ext/outpost/pipe_a/pipe_a_end_04x02x03_a.cgf
    [-0.00000099674960676, 1.00000113034696092, 0.00000238878664934, -37.99998942960519344]
    [-1.00000113034935723, -0.00000099675189027, 0.00000095589887522, 2.94875470502302051]
    [0.00000095590125624, -0.00000238878569655, 1.00000113034700089, 1.12010256748180836]
  #627 objects/buildingsets/human/hightech/prop/env/walkway/walkway_tile_1.cgf
    [1.00000000418800039, -0.00000121578214433, -0.00001949695759356, -20.18575745285488665]
    [-0.00000000229366545, 0.99805411090841734, -0.06235383273239178, 24.06774727208539844]
    [0.00001953482726739, 0.06235383272053910, 0.99805411071798111, -0.06709666620008647]
  #628 objects/buildingsets/human/hightech/delta/ext/outpost/pipe_a/pipe_a_straight_03x02x03_a.cgf
    [1.00000011504799646, -0.00000002712065322, -0.00000096672745749, -117.00013608369044960]
    [0.00000002712098439, 1.00000011504840502, 0.00000034257304198, -30.32156809594016522]
    [0.00000096672744820, -0.00000034257306820, 1.00000011504793807, 1.73917457531206310]
  #629 objects/buildingsets/human/hightech/delta/ext/outpost/pipe_a/pipe_a_end_base_07x04x03_a.cgf
    [0.99999997523240736, -0.00000005187460766, 0.00000031192073615, -33.49998714274261147]
    [0.00000005187461267, 0.99999997523245587, -0.00000001605446127, 4.94876199893769808]
    [-0.00000031192073531, 0.00000001605447745, 0.99999997523240858, 1.12009649374522269]
  #630 objects/buildingsets/human/hightech/prop/tech/sensor/sensor_perimeter_1_a.cgf
    [-0.99805494587881594, 0.00000041795122982, 0.06235926505804033, -22.21001968486234546]
    [0.00000102628953023, -1.00000117619728934, 0.00002312799969042, 22.19042977507342584]
    [0.06235926505099577, 0.00002314698590852, 0.99805494561093022, -0.00459611602127552]
  #631 objects/buildingsets/human/hightech/delta/ext/outpost/pipe_a/pipe_a_end_07x03x03_a.cgf
    [-0.00000225923549102, -1.00000124735529128, 0.00000197219200964, -112.00012658257037401]
    [1.00000124735717444, -0.00000225923618280, -0.00000035072689997, -24.32156308606499806]
    [0.00000035073135562, 0.00000197219121726, 1.00000124735778173, 1.73916413309052587]
  #632 objects/buildingsets/human/hightech/delta/ext/outpost/comms/dish/comms_dish_a.cgf
    [0.99999990370760139, -0.00000004517125287, 0.00000135017837217, -114.25013288098853081]
    [0.00000004517138977, 0.99999990370850778, -0.00000010139190314, -26.94656644552014768]
    [-0.00000135017836759, 0.00000010139196413, 0.99999990370759728, 1.11374868173152208]
  #633 objects/buildingsets/human/hightech/prop/tech/sensor/sensor_perimeter_1_a.cgf
    [-0.99806012345991779, 0.00000046686381596, 0.06228140727872741, -100.63509188347961754]
    [-0.00000076646458222, -1.00000149185396947, -0.00000478655245822, -5.66798150833346881]
    [0.06228140727576099, -0.00000482499643196, 0.99806012344854955, 2.11582032556179911]
  #634 objects/buildingsets/human/hightech/prop/env/walkway/walkway_tile_1.cgf
    [0.99984773806733263, 0.01745014485750500, -0.00001959980620086, -20.03431542473845184]
    [-0.01741742931565589, 0.99790320737577853, -0.06233641891566740, 41.41677610957412980]
    [-0.00106822082662812, 0.06232726860409926, 0.99805519774743900, 0.68233877571765333]
  #635 objects/buildingsets/human/hightech/prop/env/walkway/walkway_tile_1.cgf
    [0.99984763656528730, -0.01745576022928303, -0.00001939077287858, -19.97311867610551417]
    [0.01731864224698161, 0.99213140510133890, -0.12399733839377128, 37.14807996907620691]
    [0.00218370600250029, 0.12397810989378787, 0.99228255047724889, 0.24500756524503231]
  #636 objects/buildingsets/human/hightech/prop/env/walkway/walkway_tile_1.cgf
    [0.99939084575580506, 0.03489872362623972, -0.00001771334452311, -17.81804406084120274]
    [-0.03489872297926837, 0.99939084530108091, 0.00003560637307632, 34.99146127185667865]
    [0.00001894517148279, -0.00003496651048263, 0.99999999111171500, 0.18262592935934663]
  #637 objects/buildingsets/human/hightech/prop/env/walkway/walkway_tile_1.cgf
    [1.00000000154160995, -0.00000238654107546, -0.00001914101613734, -19.88015146215911955]
    [-0.00000000510451873, 0.99228388587094729, -0.12398666579978232, 47.84734937356552109]
    [0.00001928922110970, 0.12398666577681391, 0.99228388568633352, 1.24455501954071224]
  #638 objects/buildingsets/human/hightech/prop/env/walkway/walkway_tile_1.cgf
    [0.99744585967614630, -0.03483084360732072, 0.06235821088094658, -20.21535373921506107]
    [0.03489667359971794, 0.99939091359106635, 0.00003345213613095, 32.90430493664462119]
    [-0.06232139522142446, 0.00214272746121098, 0.99805382095979123, 0.24515123909804970]
  #639 objects/buildingsets/human/hightech/prop/env/walkway/walkway_tile_1.cgf
    [0.99939088184218361, 0.03489764607566530, -0.00001777364388191, -17.83634261495899409]
    [-0.03483087976472214, 0.99744709388366026, -0.06233847483439238, 39.22401828248985112]
    [-0.00215773778302289, 0.06230112300946351, 0.99805505607969425, 0.49496865691617131]
  #640 objects/buildingsets/human/hightech/prop/env/walkway/walkway_tile_1.cgf
    [0.99619495274323311, 0.08715264952876911, -0.00001880996748090, -19.81918374728411436]
    [-0.08648244515726664, 0.98850744715890693, -0.12399105667665293, 43.52688998144003563]
    [-0.01078755548396881, 0.12352089352125060, 0.99228331944822301, 0.80725349206477404]
  #641 objects/buildingsets/human/hightech/prop/env/walkway/walkway_tile_1.cgf
    [0.99459429849244529, -0.08311789152461754, 0.06223812269029125, -20.01070691784843802]
    [0.08698372861907677, 0.99426493984137365, -0.06221773669092821, 39.29591975998482667]
    [-0.05670977660891144, 0.06729511060932125, 0.99612015124995623, 0.55742477916646749]
  #642 objects/buildingsets/human/hightech/prop/env/walkway/walkway_tile_1.cgf
    [0.99619484519972923, 0.08715396201897983, -0.00001684583675916, -17.73781702329870313]
    [-0.08698555649367509, 0.99425787436072011, -0.06232796495224576, 49.94721223073429428]
    [-0.00541538003040009, 0.06209226327004787, 0.99805571361674483, 1.36949261045083404]
  #643 objects/buildingsets/human/hightech/prop/env/walkway/walkway_tile_1.cgf
    [0.99984775393266700, 0.01744923095572268, -0.00001703375810645, -17.68640334845986217]
    [-0.01731669755570097, 0.99213250166898737, -0.12398886285910965, 45.61485221909242682]
    [-0.00214661055141497, 0.12397028057717933, 0.99228361298171708, 0.99470039736479521]
  #644 objects/buildingsets/human/hightech/prop/env/walkway/walkway_tile_1.cgf
    [0.99425596137965699, -0.08698543546227980, 0.06235886487096579, -20.16609009273815900]
    [0.08715180111557336, 0.99619504695377659, 0.00005231269867093, 52.05000784169533290]
    [-0.06212614242707622, 0.00538267514758725, 0.99805379613772838, 1.55683951312676072]
  #645 objects/buildingsets/human/hightech/prop/env/walkway/walkway_tile_1.cgf
    [0.99790180611314983, 0.01741733846442871, 0.06235894251440811, -19.80428041098639369]
    [-0.01745325511550019, 0.99984768787220923, 0.00003125790281030, 30.76526449745870195]
    [-0.06234889956184464, -0.00111955884113065, 0.99805379481569745, 0.18272748857270926]
  #646 objects/buildingsets/human/hightech/prop/tech/sensor/sensor_perimeter_1_a.cgf
    [-0.99805561079326288, 0.00000043930237817, 0.06234872290524072, -32.97301411128137261]
    [0.00000505162241776, -1.00000117886443429, 0.00008791042924872, 87.21510455501265824]
    [0.06234872270214192, 0.00008805435521975, 0.99805560692171003, 2.99155234359204769]
  #647 objects/buildingsets/human/hightech/prop/tech/sensor/sensor_perimeter_1_a.cgf
    [-1.00000133911614264, 0.00000121376693082, -0.00001262125682249, -16.34092016832437366]
    [-0.00000042482295969, -0.99805741879906762, -0.06232228473675997, 55.48440019611734897]
    [-0.00001267236676373, -0.06232228472638843, 0.99805741871935549, 1.55672462552320212]
  #648 objects/buildingsets/human/hightech/prop/env/walkway/walkway_tile_1.cgf
    [0.99862966103716189, 0.05233369608937785, -0.00001882413816753, -19.84276247303932905]
    [-0.05193219904829319, 0.99092371115338240, -0.12398895668541221, 45.63084322295617312]
    [-0.00647014704098730, 0.12382002637519185, 0.99228360576482122, 0.99465929355937988]
  #649 objects/buildingsets/human/hightech/prop/env/walkway/walkway_tile_1.cgf
    [0.99783391288793410, 0.02129919047472332, 0.06224002332013352, -17.75000683160033077]
    [-0.01742053378085300, 0.99791108840236731, -0.06220915023858951, 47.74468825806980021]
    [-0.06343501415274902, 0.06099014556253082, 0.99612057244628605, 1.24459991429466754]
  #650 objects/buildingsets/human/hightech/prop/env/walkway/walkway_tile_1.cgf
    [0.99862952505615410, 0.05233609641718383, -0.00001906569479672, -19.99170443741604686]
    [-0.05233609572059716, 0.99862952464839871, 0.00003536675181077, 35.01416626424179412]
    [0.00002089052350995, -0.00003432045861009, 0.99999999702563080, 0.18258413195144385]
  #651 objects/buildingsets/human/hightech/prop/tech/sensor/sensor_perimeter_1_a.cgf
    [-0.99805521757701565, 0.00000042298306475, 0.06236015383916450, -21.84093140065670013]
    [0.00000308742232719, -1.00000150147496569, 0.00005619616769072, 55.48440709555870853]
    [0.06236015376417060, 0.00005627932591172, 0.99805521599502389, 1.68161985196638852]
  #652 objects/buildingsets/human/hightech/prop/env/walkway/walkway_tile_1.cgf
    [0.99668583534383948, 0.05223419606968735, 0.06236125776456408, -17.92007050092797726]
    [-0.05233932382462116, 0.99862935292867605, 0.00005229634182655, 52.05610761258867569]
    [-0.06227305107834679, -0.00331606910051389, 0.99805363727566587, 1.49438187421765178]
  #653 objects/buildingsets/human/hightech/prop/env/walkway/walkway_tile_1.cgf
    [0.99756398102877852, 0.06975754502143802, -0.00001730907204167, -17.52293792052660137]
    [-0.06975754441350947, 0.99756398065760088, 0.00003354051446708, 32.93017984472680837]
    [0.00001960661064131, -0.00003225137058824, 1.00000000510421838, 0.12020108092110604]
  #654 objects/buildingsets/human/hightech/prop/env/walkway/walkway_tile_1.cgf
    [0.99939088030280010, 0.03489764139358888, -0.00001757964647868, -17.85454217670485377]
    [-0.03483085827158881, 0.99744695609437350, -0.06234066414803779, 37.07984296401264146]
    [-0.00215800740128282, 0.06230330424237886, 0.99805491762769372, 0.24505007918924093]
  #655 objects/buildingsets/human/hightech/prop/env/walkway/walkway_tile_1.cgf
    [0.99984765151315658, -0.01745547491893699, -0.00001707225218687, -17.62290799501352012]
    [0.01731866048998189, 0.99213220519901246, -0.12399101394157371, 43.45962993946159258]
    [0.00218125994328349, 0.12397182718174782, 0.99228335081405084, 0.80729744187556207]
  #656 objects/buildingsets/human/hightech/prop/env/walkway/walkway_tile_1.cgf
    [0.99619465826915321, -0.08715608558781930, -0.00001710205120673, -17.88640997931361198]
    [0.08698552086450759, 0.99425733420079598, -0.06233661251081377, 41.35549707972677425]
    [0.00545001902765082, 0.06209791336592352, 0.99805517240263975, 0.68238194659352303]
  #657 objects/buildingsets/human/hightech/prop/env/walkway/walkway_tile_1.cgf
    [0.99939088874433613, 0.03489751764772146, -0.00001969188238068, -19.87886294873896986]
    [-0.03483084820263305, 0.99744643506534492, -0.06234907232555152, 28.66204953729175031]
    [-0.00215618626941085, 0.06231178113646480, 0.99805439652521444, 0.05778845329768956]
  #658 objects/buildingsets/human/lowtech/prop/light/light_floor_01_b.cgf
    [1.00000192808876331, 0.00000078971498157, 0.00000076604949922, -73.50499908463098109]
    [0.00000001673587021, -0.70710933185378300, 0.70710695724745254, -7.27976261856383644]
    [0.00000110009158619, -0.70710695724701178, -0.70710933185336822, 2.54909128963481635]
  #659 objects/buildingsets/human/lowtech/prop/light/light_floor_01_b.cgf
    [-1.00000163292791000, -0.00000136220163892, -0.00000152449940348, -73.51318788982462138]
    [0.00000011475641191, 0.70710981964909947, -0.70710605203071952, -10.13373068146756850]
    [0.00000204120618807, -0.70710605202941679, -0.70710981964746566, 2.54909126088023186]
  #660 objects/buildingsets/human/hightech/delta/ext/outpost/pipe_a/pipe_a_straight_03x02x03_a.cgf
    [-0.00000127946271474, -1.00000120845391183, 0.00000071482230067, -69.00006354611832649]
    [1.00000120845413543, -0.00000127946289504, -0.00000025229538310, -13.69660309501341544]
    [0.00000025229629769, 0.00000071482197786, 1.00000120845469831, 1.49348005640786141]
  #661 objects/buildingsets/human/hightech/delta/ext/outpost/pipe_a/pipe_a_end_04x02x03_a.cgf
    [-0.00000126383533071, 1.00000119398936693, 0.00000104146602675, -70.50006390293128788]
    [-1.00000119398969134, -0.00000126383601839, 0.00000066027585126, -13.69660398038104177]
    [0.00000066027716750, -0.00000104146519227, 1.00000119398994758, 1.49348002113401890]
  #662 objects/buildingsets/human/hightech/delta/ext/outpost/pipe_a/pipe_a_end_04x02x03_a.cgf
    [-0.00000126383533071, 1.00000119398936693, 0.00000104146602675, -67.50006318930536509]
    [-1.00000119398969134, -0.00000126383601839, 0.00000066027585126, -13.69660220973310061]
    [0.00000066027716750, -0.00000104146519227, 1.00000119398994758, 1.49348009156528860]
  #663 objects/buildingsets/human/hightech/delta/ext/outpost/pipe_a/pipe_a_end_04x02x03_a.cgf
    [-0.00000126383533071, 1.00000119398936693, 0.00000104146602675, -69.00006354611832649]
    [-1.00000119398969134, -0.00000126383601839, 0.00000066027585126, -13.69660309501341544]
    [0.00000066027716750, -0.00000104146519227, 1.00000119398994758, 1.49348005640786141]
  #664 objects/buildingsets/human/lowtech/prop/light/light_floor_01_b.cgf
    [1.00000192808876331, 0.00000078971498157, 0.00000076604949922, -76.37999789766035974]
    [0.00000001673587021, -0.70710933185378300, 0.70710695724745254, -7.27976595802465454]
    [0.00000110009158619, -0.70710695724701178, -0.70710933185336822, 2.54909135494381189]
  #665 objects/buildingsets/human/hightech/delta/ext/outpost/pipe_a/pipe_a_end_04x02x03_a.cgf
    [-0.00000127946271474, -1.00000120845391183, 0.00000071482230067, -70.50007052521687001]
    [1.00000120845413543, -0.00000127946289504, -0.00000025229538310, -6.69660415238467976]
    [0.00000025229629769, 0.00000071482197786, 1.00000120845469831, 1.49348083150107414]
  #666 objects/buildingsets/human/hightech/delta/ext/outpost/pipe_a/pipe_a_end_07x03x03_a.cgf
    [-1.00000129880773314, 0.00000021736467457, 0.00000164431382090, -75.00006792962085456]
    [-0.00000021736442104, -1.00000129880907318, 0.00000015418522656, -8.69660793332150206]
    [0.00000164431385442, 0.00000015418486915, 1.00000129880774447, 1.49348022928461432]
  #667 objects/buildingsets/human/lowtech/prop/light/light_floor_01_b.cgf
    [-1.00000163292791000, -0.00000136220163892, -0.00000152449940348, -61.34140872966963798]
    [0.00000011475641191, 0.70710981964909947, -0.70710605203071952, -10.11307212442625314]
    [0.00000204120618807, -0.70710605202941679, -0.70710981964746566, 2.54909062734805048]
  #668 objects/buildingsets/human/hightech/delta/ext/outpost/pipe_a/pipe_a_straight_03x04x03_a.cgf
    [-1.00000129880773314, 0.00000021736467457, 0.00000164431382090, -63.00006778736133128]
    [-0.00000021736442104, -1.00000129880907318, 0.00000015418522656, -8.69659806360141374]
    [0.00000164431385442, 0.00000015418486915, 1.00000129880774447, 1.49347973719704896]
  #669 objects/buildingsets/human/hightech/prop/tech/sensor/sensor_perimeter_1_a.cgf
    [-1.00000132821541299, 0.00000037845171662, -0.00008006841787899, -83.63500675198156387]
    [-0.00000037806550825, -1.00000133140925151, -0.00000482350094568, -5.66803852512384765]
    [-0.00008006841970351, -0.00000482347065915, 1.00000132820385157, 1.42988566064741462]
  #670 objects/buildingsets/human/hightech/prop/tech/collector/collector_water_1_a.cgf
    [1.00000000413771994, 0.00000000026608972, 0.00000011102696229, -116.84312993055209517]
    [-0.00000000026607945, 1.00000000413772172, -0.00000009251545542, -22.81289624187047593]
    [-0.00000011102696232, 0.00000009251545539, 1.00000000413771550, 1.30131442740093917]
  #671 objects/buildingsets/human/lowtech/prop/light/light_floor_01_b.cgf
    [-1.00000175407484115, -0.00000224447032240, -0.00000236756415666, -47.16684722399804741]
    [0.00000008703243572, 0.70710976676977944, -0.70710627624295830, 3.53190420573810115]
    [0.00000326120107003, -0.70710627623940159, -0.70710976676582116, 2.17572904028929770]
  #672 objects/buildingsets/human/hightech/delta/ext/outpost/pipe_a/pipe_a_end_base_07x04x03_a.cgf
    [-1.00000122227690946, 0.00000035224229941, 0.00000289134530087, -45.49999947007745504]
    [-0.00000035224119289, -1.00000122228101596, 0.00000038270262092, 4.94874982794863172]
    [0.00000289134543567, 0.00000038270160247, 1.00000122227689814, 1.12011416023597121]
  #673 objects/buildingsets/human/lowtech/prop/light/light_floor_01_b.cgf
    [1.00000167207078428, 0.00000017795923913, 0.00000002154702173, -44.03365641867276281]
    [0.00000011060056142, -0.70711007791540603, 0.70710584911656094, 6.36522778082871810]
    [0.00000014107189922, -0.70710584911654717, -0.70711007791541436, 2.17572368856053799]
  #674 objects/buildingsets/human/lowtech/prop/light/light_floor_01_b.cgf
    [-1.00000175407484115, -0.00000224447032240, -0.00000236756415666, -44.04184401372913271]
    [0.00000008703243572, 0.70710976676977944, -0.70710627624295830, 3.53190677103702910]
    [0.00000326120107003, -0.70710627623940159, -0.70710976676582116, 2.17572444002144039]
  #675 objects/buildingsets/human/lowtech/prop/light/light_floor_01_b.cgf
    [1.00000167207078428, 0.00000017795923913, 0.00000002154702173, -47.15865876735188067]
    [0.00000011060056142, -0.70711007791540603, 0.70710584911656094, 6.36522505956236273]
    [0.00000014107189922, -0.70710584911654717, -0.70711007791541436, 2.17572863970417529]
  #676 objects/buildingsets/human/hightech/prop/tech/sensor/sensor_perimeter_1_a.cgf
    [-1.00000109073752896, 0.00000673191165607, -0.00010063118386684, -104.61144339630845934]
    [-0.00000043909092581, -0.99805211939271199, -0.06240319401861173, -25.61814327360480092]
    [-0.00010085514860505, -0.06240319365704503, 0.99805211431960905, 1.55260009877383709]
  #677 objects/buildingsets/human/hightech/delta/ext/outpost/pipe_a/pipe_a_end_04x02x03_a.cgf
    [1.00000011504799646, -0.00000002712065322, -0.00000096672745749, -110.00012677651830018]
    [0.00000002712098439, 1.00000011504840502, 0.00000034257304198, -30.32157155979075469]
    [0.00000096672744820, -0.00000034257306820, 1.00000011504793807, 1.73916780005674809]
  #678 objects/buildingsets/human/hightech/delta/ext/outpost/pipe_a/pipe_a_straight_03x04x03_a.cgf
    [-0.00000104010069531, 1.00000120528652525, 0.00000220750334750, -112.00012658257037401]
    [-1.00000120528816105, -0.00000104010348896, 0.00000126551012337, -24.32156308606499806]
    [0.00000126551241940, -0.00000220750203124, 1.00000120528626546, 1.73916413309052587]
  #679 objects/buildingsets/human/lowtech/prop/light/light_floor_01_b.cgf
    [0.00000025149455775, 0.70710833497730174, -0.70710904198013058, -113.43725186306983232]
    [1.00000269731811864, 0.00000049938072506, 0.00000085504706272, -22.93344150990014896]
    [0.00000095772494770, -0.70710904197999902, -0.70710833497682957, 2.79477830172982067]
  #680 objects/buildingsets/human/hightech/delta/ext/outpost/pipe_a/pipe_a_straight_03x02x03_a.cgf
    [1.00000011504799646, -0.00000002712065322, -0.00000096672745749, -117.00013510813005269]
    [0.00000002712098439, 1.00000011504840502, 0.00000034257304198, -28.82156687282258645]
    [0.00000096672744820, -0.00000034257306820, 1.00000011504793807, 1.73917275760322809]
  #681 objects/buildingsets/human/hightech/delta/ext/outpost/pipe_a/pipe_a_xjunction_06x04x03_a.cgf
    [1.00000000413771994, 0.00000000026608972, 0.00000011102696229, -72.00006870785728097]
    [-0.00000000026607945, 1.00000000413772172, -0.00000009251545542, -8.69660510311950929]
    [-0.00000011102696232, 0.00000009251545539, 1.00000000413771550, 1.49347911821678281]
  #682 objects/buildingsets/human/hightech/delta/ext/outpost/pipe_a/pipe_a_end_base_07x04x03_a.cgf
    [-0.00000225923549102, -1.00000124735529128, 0.00000197219200964, -112.00012658257037401]
    [1.00000124735717444, -0.00000225923618280, -0.00000035072689997, -24.32156308606499806]
    [0.00000035073135562, 0.00000197219121726, 1.00000124735778173, 1.73916413309052587]
  #683 objects/buildingsets/human/lowtech/prop/light/light_floor_01_b.cgf
    [-0.00000036353292727, -0.70711104910923417, 0.70710561973673225, -110.58328062132932246]
    [-1.00000219661519885, -0.00000019407970930, -0.00000070819636904, -25.81663603460765444]
    [0.00000063800692903, -0.70710561973679908, -0.70711104910897316, 2.79477624001447111]
  #684 objects/buildingsets/human/hightech/delta/ext/outpost/pipe_a/pipe_a_end_07x03x03_a.cgf
    [1.00000000413771994, 0.00000000026608972, 0.00000011102696229, -63.00006778736133128]
    [-0.00000000026607945, 1.00000000413772172, -0.00000009251545542, -8.69659806360141374]
    [-0.00000011102696232, 0.00000009251545539, 1.00000000413771550, 1.49347973719704896]
  #685 objects/buildingsets/human/lowtech/prop/light/light_floor_01_b.cgf
    [0.00000025149455775, 0.70710833497730174, -0.70710904198013058, -113.43725299683865160]
    [1.00000269731811864, 0.00000049938072506, 0.00000085504706272, -25.80844397877808660]
    [0.00000095772494770, -0.70710904197999902, -0.70710833497682957, 2.79477945226244628]
  #686 objects/buildingsets/human/lowtech/prop/light/light_floor_01_b.cgf
    [-0.00000036353292727, -0.70711104910923417, 0.70710561973673225, -110.58328103797975928]
    [-1.00000219661519885, -0.00000019407970930, -0.00000070819636904, -22.94163284139358439]
    [0.00000063800692903, -0.70710561973679908, -0.70711104910897316, 2.79477432998828590]
  #687 objects/buildingsets/human/hightech/delta/ext/outpost/pipe_a/pipe_a_end_base_07x04x03_a.cgf
    [-1.00000129880773314, 0.00000021736467457, 0.00000164431382090, -75.00006792962085456]
    [-0.00000021736442104, -1.00000129880907318, 0.00000015418522656, -8.69660793332150206]
    [0.00000164431385442, 0.00000015418486915, 1.00000129880774447, 1.49348022928461432]
  #688 objects/buildingsets/human/hightech/delta/ext/outpost/pipe_a/pipe_a_straight_03x02x03_a.cgf
    [-0.00000127946271474, -1.00000120845391183, 0.00000071482230067, -70.50006390293128788]
    [1.00000120845413543, -0.00000127946289504, -0.00000025229538310, -13.69660398038104177]
    [0.00000025229629769, 0.00000071482197786, 1.00000120845469831, 1.49348002113401890]
  #689 objects/buildingsets/human/lowtech/prop/light/light_floor_01_b.cgf
    [-1.00000163292791000, -0.00000136220163892, -0.00000152449940348, -76.38818690786138177]
    [0.00000011475641191, 0.70710981964909947, -0.70710605203071952, -10.13373296108329669]
    [0.00000204120618807, -0.70710605202941679, -0.70710981964746566, 2.54909124376717955]
  #690 objects/buildingsets/human/lowtech/prop/light/light_floor_01_b.cgf
    [1.00000192808876331, 0.00000078971498157, 0.00000076604949922, -64.45821975602302700]
    [0.00000001673587021, -0.70710933185378300, 0.70710695724745254, -7.27975608737324364]
    [0.00000110009158619, -0.70710695724701178, -0.70710933185336822, 2.54909086623229086]
  #691 objects/buildingsets/human/lowtech/prop/light/light_floor_01_b.cgf
    [-1.00000163292791000, -0.00000136220163892, -0.00000152449940348, -64.46640930161811411]
    [0.00000011475641191, 0.70710981964909947, -0.70710605203071952, -10.11307595204561949]
    [0.00000204120618807, -0.70710605202941679, -0.70710981964746566, 2.54909125051926821]
  #692 objects/buildingsets/human/hightech/delta/ext/outpost/pipe_a/pipe_a_end_base_07x04x03_a.cgf
    [1.00000000413771994, 0.00000000026608972, 0.00000011102696229, -63.00006778736133128]
    [-0.00000000026607945, 1.00000000413772172, -0.00000009251545542, -8.69659806360141374]
    [-0.00000011102696232, 0.00000009251545539, 1.00000000413771550, 1.49347973719704896]
  #693 objects/buildingsets/human/hightech/delta/ext/outpost/pipe_a/pipe_a_end_04x02x03_a.cgf
    [-0.00000127946271474, -1.00000120845391183, 0.00000071482230067, -69.00007019250188023]
    [1.00000120845413543, -0.00000127946289504, -0.00000025229538310, -6.69660324329743162]
    [0.00000025229629769, 0.00000071482197786, 1.00000120845469831, 1.49348132149316370]
  #694 objects/buildingsets/human/hightech/delta/ext/outpost/pipe_a/pipe_a_straight_03x04x03_a.cgf
    [1.00000000413771994, 0.00000000026608972, 0.00000011102696229, -75.00006792962085456]
    [-0.00000000026607945, 1.00000000413772172, -0.00000009251545542, -8.69660793332150206]
    [-0.00000011102696232, 0.00000009251545539, 1.00000000413771550, 1.49348022928461432]
  #695 objects/buildingsets/human/hightech/delta/ext/outpost/pipe_a/pipe_a_end_04x02x03_a.cgf
    [-0.00000127946271474, -1.00000120845391183, 0.00000071482230067, -67.50006967200897634]
    [1.00000120845413543, -0.00000127946289504, -0.00000025229538310, -6.69660205408581533]
    [0.00000025229629769, 0.00000071482197786, 1.00000120845469831, 1.49348016222938895]
  #696 objects/buildingsets/human/hightech/delta/ext/outpost/pipe_a/pipe_a_straight_03x02x03_a.cgf
    [-0.00000127946271474, -1.00000120845391183, 0.00000071482230067, -67.50006318930536509]
    [1.00000120845413543, -0.00000127946289504, -0.00000025229538310, -13.69660220973310061]
    [0.00000025229629769, 0.00000071482197786, 1.00000120845469831, 1.49348009156528860]
  #697 objects/buildingsets/human/lowtech/prop/light/light_floor_01_b.cgf
    [1.00000192808876331, 0.00000078971498157, 0.00000076604949922, -61.33321971911936998]
    [0.00000001673587021, -0.70710933185378300, 0.70710695724745254, -7.27975412138039246]
    [0.00000110009158619, -0.70710695724701178, -0.70710933185336822, 2.54909073817543685]
  #698 objects/buildingsets/human/hightech/prop/tech/sensor/sensor_perimeter_1_a.cgf
    [-1.00000130162431788, 0.00000036941250248, -0.00003134952432553, -34.55524304555729032]
    [-0.00000036704204722, -1.00000129925699288, -0.00007561382589792, -76.60844539894605987]
    [-0.00003134955216856, -0.00007561381435418, 1.00000129876566524, 0.61736450926400721]
  #699 objects/buildingsets/human/hightech/delta/ext/outpost/pipe_a/pipe_a_end_04x02x03_a.cgf
    [-0.00000099674960676, 1.00000113034696092, 0.00000238878664934, -49.00000001874286681]
    [-1.00000113034935723, -0.00000099675189027, 0.00000095589887522, -102.32160217498312704]
    [0.00000095590125624, -0.00000238878569655, 1.00000113034700089, 0.55216290627140552]
  #700 objects/buildingsets/human/hightech/delta/ext/outpost/pipe_a/pipe_a_end_04x02x03_a.cgf
    [-0.00000099674960676, 1.00000113034696092, 0.00000238878664934, -50.50000054505653679]
    [-1.00000113034935723, -0.00000099675189027, 0.00000095589887522, -102.32160261538228951]
    [0.00000095590125624, -0.00000238878569655, 1.00000113034700089, 0.55216697999276221]
  #701 objects/buildingsets/human/hightech/delta/ext/outpost/pipe_a/pipe_a_end_04x02x03_a.cgf
    [-0.00000099674960676, 1.00000113034696092, 0.00000238878664934, -47.49999751674477011]
    [-1.00000113034935723, -0.00000099675189027, 0.00000095589887522, -102.32160053914412856]
    [0.00000095590125624, -0.00000238878569655, 1.00000113034700089, 0.55216173804365098]
  #702 objects/buildingsets/human/hightech/delta/ext/outpost/pipe_a/pipe_a_end_07x03x03_a.cgf
    [0.99999997523240736, -0.00000005187460766, 0.00000031192073615, -42.99999522953294218]
    [0.00000005187461267, 0.99999997523245587, -0.00000001605446127, -100.32159324505482800]
    [-0.00000031192073531, 0.00000001605447745, 0.99999997523240858, 0.55215566395781934]
  #703 objects/characters/human/male_v7/clothing/navy/bdu/m_nvy_bdu_boots_01_left_a.cgf
    [-1.00000284759457947, 0.00000002924677726, 0.00000273354990749, -38.63529392413329333]
    [-0.00000026738238917, -0.99619746014046617, -0.08715684490821023, -96.43186042265733704]
    [0.00000272059867101, -0.08715684490861546, 0.99619746013675181, 0.44601574307307601]
  #704 objects/buildingsets/human/hightech/prop/tech/sensor/sensor_perimeter_1_a.cgf
    [-1.00000124078878261, 0.00000230786095028, -0.00003022610560104, -33.85656219639349729]
    [-0.00000041465350506, -0.99804710186112533, -0.06248571808409664, -108.26554939540801570]
    [-0.00003031124782060, -0.06248571804285294, 0.99804710140350938, -0.13553789316210896]
  #705 objects/characters/human/male_v7/clothing/navy/bdu/m_nvy_bdu_pants_01_01_01_prop_folded_3_a.cgf
    [-0.93969450710788105, 0.00000003129438719, -0.34201870629223036, -38.31540427065920085]
    [-0.00000015042664761, -1.00000128107038400, 0.00000032179721511, -96.52738722550566308]
    [-0.34201870629219872, 0.00000035383934955, 0.93969450710782687, 0.50767476519104093]
  #706 objects/buildingsets/human/hightech/prop/tech/sensor/sensor_perimeter_1_a.cgf
    [-0.70710466826269391, -0.70710889025322243, -0.00003328694227102, -34.38773100962862372]
    [0.70573217905073105, -0.70573089980730241, 0.06233766254473379, -40.80253327076206915]
    [-0.04410300710236546, 0.04405576062321855, 0.99805511390027846, 1.05697251169476658]
  #707 objects/buildingsets/human/hightech/prop/tech/sensor/sensor_perimeter_1_a.cgf
    [-1.00000125310282018, 0.00000034883012122, 0.00002326235636796, 19.77708231715951115]
    [-0.00000035124172630, -1.00000124799965362, -0.00010367006016076, -104.53508726583095267]
    [0.00002326232007976, -0.00010367006830341, 1.00000124772914734, -0.07226548856124282]
  #708 objects/characters/human/male_v7/clothing/navy/bdu/m_nvy_bdu_pants_01_01_01_prop_folded_3_a.cgf
    [0.35173894991373678, 0.90044430054342983, -0.25589382258139570, -38.58562153915408999]
    [-0.92304613969841787, 0.28813252302918485, -0.25488693348928015, -96.67404188506770879]
    [-0.15578000771701803, 0.32585516183509100, 0.93249819217197194, 0.52454649051651359]
  #709 objects/characters/human/male_v7/clothing/navy/bdu/m_nvy_bdu_pants_01_01_01_prop_folded_3_a.cgf
    [-0.93969450710788105, 0.00000003129438719, -0.34201870629223036, -38.44882549927569926]
    [-0.00000015042664761, -1.00000128107038400, 0.00000032179721511, -96.52738740952918306]
    [-0.34201870629219872, 0.00000035383934955, 0.93969450710782687, 0.50767471257131547]
  #710 objects/characters/human/male_v7/clothing/navy/bdu/m_navy_bdu_jumpsuit_01_prop_hanging_a.cgf
    [-0.00000045625640640, -0.00000035721524439, -0.83000248059893478, -39.30354741611517966]
    [0.83000248059897541, 0.00000024549411505, -0.00000045625651209, -96.53506151380133815]
    [0.00000024549431137, -0.83000248059902404, 0.00000035721510940, 0.41960148233920336]
  #711 objects/characters/human/male_v7/clothing/navy/bdu/m_nvy_bdu_shirt_01_01_01_prop_folded_2_a.cgf
    [-0.90136761494218143, -0.43305994311204660, 0.00008417774620253, -38.22522016637958586]
    [0.43305992645534341, -0.90136761205026605, -0.00016348073909699, -95.63795540371211246]
    [0.00014667172374135, -0.00011090198585317, 1.00000223243191511, 1.31263401813339442]
  #712 objects/buildingsets/human/hightech/prop/storage/crate/crate_dry_1_0125x0125x0125_stack_a.cgf
    [-0.00000128672937157, -1.00000106452612081, 0.00000136012916953, -37.97650387196335942]
    [1.00000106452698767, -0.00000128672890805, 0.00000034078077375, -94.07153576167183928]
    [-0.00000034077902364, 0.00000136012960803, 1.00000106452689064, 0.05313570436555892]
  #713 objects/buildingsets/human/hightech/prop/storage/crate/crate_dry_1_0125x0125x0125_stack_b.cgf
    [-0.00000106609117031, 1.00000114862683209, 0.00000177975943789, -37.97650204342789948]
    [-1.00000114862733414, -0.00000106609378822, 0.00000147094235201, -95.44653813756303862]
    [0.00000147094424940, -0.00000177975786973, 1.00000114862631850, 0.05313385417684913]
  #714 objects/buildingsets/human/hightech/prop/storage/pallet/pallet_01_018_0016_a.cgf
    [-0.00000106609117031, 1.00000114862683209, 0.00000177975943789, -38.10150065796915442]
    [-1.00000114862733414, -0.00000106609378822, 0.00000147094235201, -96.57154049581731670]
    [0.00000147094424940, -0.00000177975786973, 1.00000114862631850, 0.05313273880165070]
  #715 objects/buildingsets/human/hightech/prop/storage/crate/crate_dry_1_01x005x005_a.cgf
    [-1.00000315528702877, 0.00000037794324195, 0.00000274143470963, -37.91782753320876509]
    [-0.00000037794133002, -1.00000315529054329, 0.00000069742228559, -93.97031464372412302]
    [0.00000274143497321, 0.00000069742124949, 1.00000315528685690, 1.30313734873197973]
  #716 objects/characters/human/male_v7/clothing/navy/bdu/m_nvy_bdu_boots_01_left_a.cgf
    [-1.00000065965429030, 0.00000073644391189, 0.00000151282816206, -39.05203065741807222]
    [-0.00000031979871136, -0.96592603377741715, 0.25882081945386964, -96.42103599308757111]
    [0.00000165188603345, 0.25882081945301944, 0.96592603377628539, 0.45930259407032281]
  #717 objects/buildingsets/human/universal/prop/storage/bag/bag_holdall_1_a.cgf
    [-0.00000229710241853, 0.00000008539676984, -1.00000219546968983, -38.60150548932142556]
    [-0.00000046314238981, -1.00000219547222069, -0.00000008539570595, -93.82153673470020294]
    [-1.00000219546958613, 0.00000046314219365, 0.00000229710245835, 0.55313581600785255]
  #718 objects/buildingsets/human/hightech/prop/storage/pallet/pallet_shipping_1_025x0125x00125_a.cgf
    [0.00000031464855871, 1.40000289130256816, 0.00000035668886484, -38.22650275786872953]
    [1.40000289130204059, -0.00000031464888079, 0.00000126652105995, -95.19653815930359997]
    [0.00000126652114012, 0.00000035668858019, -1.40000289130203037, 0.05313429411035031]
  #719 objects/buildingsets/human/hightech/prop/storage/crate/crate_016x008x008_open_c.cgf
    [1.00000016625103960, 0.00000030047491114, -0.00000164504656452, -38.85150125471409410]
    [-0.00000030047505527, 1.00000016625238897, -0.00000008761326843, -96.94654131343122572]
    [0.00000164504653819, 0.00000008761376272, 1.00000016625108090, 0.17813215695787221]
  #720 objects/characters/human/male_v7/clothing/navy/bdu/m_nvy_bdu_pants_01_01_01_prop_folded_3_a.cgf
    [0.93969221206528930, -0.00000003056619056, -0.34202121126424795, -38.15646899933926761]
    [0.00000012201786029, 0.99999998118537270, 0.00000024587084160, -96.52738700617919676]
    [0.34202121126422752, -0.00000027277561653, 0.93969221206525766, 0.50767482758965343]
  #721 objects/buildingsets/human/hightech/prop/storage/crate/crate_01x005x005_a.cgf
    [-0.00000071935536163, -1.00000258793846686, -0.00000027678348261, -38.85150555346626788]
    [-0.00000182795640987, 0.00000027678479751, -1.00000258793705488, -94.07153747786651365]
    [1.00000258793683461, -0.00000071935485559, -0.00000182795660905, 0.50202241935767233]
  #722 objects/characters/human/male_v7/clothing/navy/bdu/m_nvy_bdu_boots_01_right_a.cgf
    [-1.00000065965429030, 0.00000073644391189, 0.00000151282816206, -39.19155138859059662]
    [-0.00000031979871136, -0.96592603377741715, 0.25882081945386964, -96.42311517705093138]
    [0.00000165188603345, 0.25882081945301944, 0.96592603377628539, 0.45930355205200613]
  #723 objects/buildingsets/human/hightech/prop/storage/crate/crate_dry_1_015x0075x0075_a.cgf
    [-0.08715672844224175, -0.99619561769328036, 0.00000116115510666, -37.23872026510071009]
    [0.99619561769392495, -0.08715672844188359, 0.00000035572139975, -95.68185103929135948]
    [-0.00000025316536557, 0.00000118773995202, 1.00000100201146025, 1.30313493323046714]
  #724 objects/buildingsets/human/hightech/prop/furniture/locker/locker_personal_1_closed_a.cgf
    [1.75000189887287494, -0.00000141840438895, -0.00000120032984197, -38.22650588420219719]
    [-0.00000120033202507, -0.00000269347814516, -1.75000189887137658, -93.44653583917533979]
    [0.00000141840254149, 1.75000189887121338, -0.00000269347911805, -1.13436675572302192]
  #725 objects/characters/human/male_v7/clothing/navy/bdu/m_nvy_bdu_boots_01_right_a.cgf
    [-0.00000128672937157, -1.00000106452612081, 0.00000136012916953, -38.85150554147548974]
    [1.00000106452698767, -0.00000128672890805, 0.00000034078077375, -94.19662314702873118]
    [-0.00000034077902364, 0.00000136012960803, 1.00000106452689064, 0.89105832425411791]
  #726 objects/characters/human/male_v7/clothing/navy/bdu/m_nvy_bdu_boots_01_right_a.cgf
    [-1.00000284759457947, 0.00000002924677726, 0.00000273354990749, -38.77481617440935224]
    [-0.00000026738238917, -0.99619746014046617, -0.08715684490821023, -96.42327459948137403]
    [0.00000272059867101, -0.08715684490861546, 0.99619746013675181, 0.44601569836959243]
  #727 objects/buildingsets/human/hightech/prop/storage/crate/crate_dry_1_0125x0125x0125_a.cgf
    [-0.00000128672937157, -1.00000106452612081, 0.00000136012916953, -37.97650387196335942]
    [1.00000106452698767, -0.00000128672890805, 0.00000034078077375, -94.07153576167183928]
    [-0.00000034077902364, 0.00000136012960803, 1.00000106452689064, 0.05313570436555892]
  #728 objects/buildingsets/human/hightech/prop/storage/crate/crate_dry_1_0125x0125x0125_a.cgf
    [1.00000016625103960, 0.00000030047491114, -0.00000164504656452, -37.97650204342789948]
    [-0.00000030047505527, 1.00000016625238897, -0.00000008761326843, -95.44653813756303862]
    [0.00000164504653819, 0.00000008761376272, 1.00000016625108090, 0.05313385417684913]
  #729 objects/buildingsets/human/universal/prop/storage/bag/bag_holdall_1_a.cgf
    [-1.20000362311643838, 0.00000046997358868, 0.00000334366139122, -38.10153601667843759]
    [-0.00000046997124680, -1.20000362312080244, 0.00000084047550295, -96.57163548769312911]
    [0.00000334366172038, 0.00000084047419343, 1.20000362311623610, 0.92806885216850787]
  #730 objects/characters/human/male_v7/clothing/navy/bdu/m_nvy_bdu_boots_01_left_a.cgf
    [-0.00000012530286300, -1.00000172002261567, 0.00000018100582058, -38.85150544892530888]
    [0.17364575804523244, -0.00000020001429521, -0.98480992620966956, -94.27874335119850002]
    [0.98480992620968200, -0.00000009196845233, 0.17364575804525348, 0.93904423457570374]
  #731 objects/buildingsets/human/lowtech/prop/light/light_navigation_01_a.cgf
    [-1.06065948060288129, -1.06066199632625424, 0.00000142475603951, -56.02483616827521473]
    [1.06066199632682179, -1.06065948060326143, 0.00000013965046941, -94.68230866728117689]
    [0.00000090870555129, 0.00000110620352865, 1.50000080141430248, 19.25658743921667337]
  #732 objects/buildingsets/human/hightech/prop/env/walkway/walkway_tile_1.cgf
    [1.00000000413372647, 0.00000000358597625, -0.00004500777461606, -45.58333292882889509]
    [-0.00000000765916202, 1.00000000105148734, -0.00009049960442402, -90.96961466656648554]
    [0.00004500777410722, 0.00009049960467708, 1.00000000003863732, 0.11571979720611125]
  #733 objects/buildingsets/human/hightech/prop/tech/collector/collector_water_1_a.cgf
    [-0.00000104010069531, 1.00000120528652525, 0.00000220750334750, -42.71798894938547164]
    [-1.00000120528816105, -0.00000104010348896, 0.00000126551012337, -94.81287114668521099]
    [0.00000126551241940, -0.00000220750203124, 1.00000120528626546, 0.05298916879110038]
  #734 objects/buildingsets/human/hightech/prop/tech/sensor/sensor_perimeter_1_a.cgf
    [-1.00000146839842619, 0.00000279339599250, -0.00003724491323569, -41.13490746333263814]
    [-0.00000046133260192, -0.99804844599546172, -0.06246789287166953, -90.34412659637746401]
    [-0.00003734667047188, -0.06246789281091645, 0.99804844530062009, 0.11596917570568621]
  #735 objects/buildingsets/human/hightech/prop/env/walkway/walkway_tile_1.cgf
    [0.99756396541553749, -0.06975753338661025, -0.00004299435512082, -43.23006168275605887]
    [0.06975752930304314, 0.99756396255769797, -0.00009011098239028, -90.66169263221672736]
    [0.00004917553960624, 0.00008689228978472, 0.99999998521988309, 0.11585215281229466]
  #736 objects/buildingsets/human/lowtech/prop/light/light_floor_01_b.cgf
    [-1.00000175407484115, -0.00000224447032240, -0.00000236756415666, -56.66685531078837812]
    [0.00000008703243572, 0.70710976676977944, -0.70710627624295830, -101.73845103834173642]
    [0.00000326120107003, -0.70710627623940159, -0.70710976676582116, 1.60778821131680161]
  #737 objects/buildingsets/human/lowtech/prop/light/light_floor_01_b.cgf
    [1.00000167207078428, 0.00000017795923913, 0.00000002154702173, -53.53366450592875481]
    [0.00000011060056142, -0.70711007791540603, 0.70710584911656094, -98.90512746316380799]
    [0.00000014107189922, -0.70710584911654717, -0.70711007791541436, 1.60778285888954997]
  #738 objects/buildingsets/human/hightech/delta/ext/outpost/pipe_a/pipe_a_straight_03x04x03_a.cgf
    [-1.00000122227690946, 0.00000035224229941, 0.00000289134530087, -42.99999522953294218]
    [-0.00000035224119289, -1.00000122228101596, 0.00000038270262092, -100.32159324505482800]
    [0.00000289134543567, 0.00000038270160247, 1.00000122227689814, 0.55215566395781934]
  #739 objects/buildingsets/human/lowtech/prop/light/light_floor_01_b.cgf
    [-1.00000175407484115, -0.00000224447032240, -0.00000236756415666, -53.54185210063587874]
    [0.00000008703243572, 0.70710976676977944, -0.70710627624295830, -101.73844847307191230]
    [0.00000326120107003, -0.70710627623940159, -0.70710976676582116, 1.60778361023403704]
  #740 objects/buildingsets/human/lowtech/prop/light/light_floor_01_b.cgf
    [1.00000167207078428, 0.00000017795923913, 0.00000002154702173, -41.61187340109609067]
    [0.00000011060056142, -0.70711007791540603, 0.70710584911656094, -98.88446644172654487]
    [0.00000014107189922, -0.70710584911654717, -0.70711007791541436, 1.60776565538253635]
  #741 objects/buildingsets/human/hightech/delta/ext/outpost/pipe_a/pipe_a_straight_03x02x03_a.cgf
    [-0.00000099674960676, 1.00000113034696092, 0.00000238878664934, -47.50000482657924294]
    [-1.00000113034935723, -0.00000099675189027, 0.00000095589887522, -95.32159302575746551]
    [0.00000095590125624, -0.00000238878569655, 1.00000113034700089, 0.55216160335112363]
  #742 objects/buildingsets/human/hightech/delta/ext/outpost/pipe_a/pipe_a_end_base_07x04x03_a.cgf
    [0.99999997523240736, -0.00000005187460766, 0.00000031192073615, -42.99999522953294218]
    [0.00000005187461267, 0.99999997523245587, -0.00000001605446127, -100.32159324505482800]
    [-0.00000031192073531, 0.00000001605447745, 0.99999997523240858, 0.55215566395781934]
  #743 objects/buildingsets/human/lowtech/prop/light/light_floor_01_b.cgf
    [-1.00000175407484115, -0.00000224447032240, -0.00000236756415666, -44.49506498128175735]
    [0.00000008703243572, 0.70710976676977944, -0.70710627624295830, -101.73844087540055625]
    [0.00000326120107003, -0.70710627623940159, -0.70710976676582116, 1.60777066997252405]
  #744 objects/buildingsets/human/lowtech/prop/light/light_floor_01_b.cgf
    [1.00000167207078428, 0.00000017795923913, 0.00000002154702173, -44.48687635478563607]
    [0.00000011060056142, -0.70711007791540603, 0.70710584911656094, -98.88446896185632795]
    [0.00000014107189922, -0.70710584911654717, -0.70711007791541436, 1.60776988812722266]
  #745 objects/buildingsets/human/hightech/delta/ext/outpost/pipe_a/pipe_a_straight_03x02x03_a.cgf
    [-0.00000099674960676, 1.00000113034696092, 0.00000238878664934, -49.00000636745244265]
    [-1.00000113034935723, -0.00000099675189027, 0.00000095589887522, -95.32159429730381817]
    [0.00000095590125624, -0.00000238878569655, 1.00000113034700089, 0.55216381186619401]
  #746 objects/buildingsets/human/hightech/delta/ext/outpost/pipe_a/pipe_a_end_04x02x03_a.cgf
    [-0.00000209224663508, -1.00000116777954373, 0.00000216198716395, -47.50000482657924294]
    [1.00000116778187897, -0.00000209224676531, -0.00000006020942840, -95.32159302575746551]
    [0.00000006021395181, 0.00000216198703798, 1.00000116778173043, 0.55216160335112363]
  #747 objects/buildingsets/human/lowtech/prop/light/light_floor_01_b.cgf
    [-1.00000175407484115, -0.00000224447032240, -0.00000236756415666, -41.62006185378413647]
    [0.00000008703243572, 0.70710976676977944, -0.70710627624295830, -101.73843631631461903]
    [0.00000326120107003, -0.70710627623940159, -0.70710976676582116, 1.60776605899445713]
  #748 objects/buildingsets/human/lowtech/prop/light/light_floor_01_b.cgf
    [1.00000167207078428, 0.00000017795923913, 0.00000002154702173, -56.65866685460787266]
    [0.00000011060056142, -0.70711007791540603, 0.70710584911656094, -98.90513018472120166]
    [0.00000014107189922, -0.70710584911654717, -0.70711007791541436, 1.60778781026601791]
  #749 objects/buildingsets/human/hightech/prop/tech/sensor/sensor_perimeter_1_a.cgf
    [-1.00000149349620937, 0.00000042985382303, 0.00012736930685984, 123.64344502298627049]
    [-0.00000044352830146, -1.00000149584447651, -0.00010736101321109, -108.26560202136170119]
    [0.00012736925997630, -0.00010736106883203, 1.00000148773311670, 0.35738703573588282]
  #750 objects/buildingsets/human/hightech/prop/tech/sensor/sensor_perimeter_1_a.cgf
    [-1.00000130096372963, -0.00000475726692203, 0.00008291687976296, 79.64337526983581483]
    [-0.00000043314422377, -0.99804716456280040, -0.06248572745002531, -108.26546727985260077]
    [0.00008305210969189, -0.06248572727043249, 0.99804716111856373, -0.32563995197415352]
  #751 objects/buildingsets/human/hightech/prop/tech/sensor/sensor_perimeter_1_a.cgf
    [0.99999999321977195, 0.00000000992928640, 0.00011665231137037, 116.07632132642902434]
    [-0.00000000117312377, 0.99999999720649657, -0.00007506205836770, -75.49621435726294294]
    [-0.00011665231178706, 0.00007506205772014, 0.99999999040261567, -0.01369502069428563]
  #752 objects/buildingsets/human/hightech/prop/tech/sensor/sensor_perimeter_1_a.cgf
    [-0.99804980638729401, 0.00000046912785069, 0.06244378289263081, 61.77705994073767215]
    [-0.00000694151904408, -1.00000131565161343, -0.00010343468910567, -104.53514135559089482]
    [0.06244378250856850, -0.00010366628919801, 0.99804980102758456, -0.13647932792082429]
  #753 objects/buildingsets/human/hightech/prop/tech/sensor/sensor_perimeter_1_a.cgf
    [-0.99805225593022806, 0.00000047513891864, 0.06240572365715721, 23.78996577672660351]
    [0.00000097044999973, -1.00000138968737895, 0.00002313408619954, 22.19041890962398611]
    [0.06240572365142043, 0.00002314955637799, 0.99805225566222611, -0.50463415507692844]
  #754 objects/buildingsets/human/hightech/prop/env/walkway/walkway_tile_1.cgf
    [0.99999999414771379, 0.00000001952877579, 0.00000064114424041, 0.06423997320234776]
    [-0.00000001954450549, 0.99999999384696547, 0.00002453380473161, 24.06773985998006538]
    [-0.00000064114376110, -0.00002453380474413, 0.99999999384676019, -0.37939373054541647]
  #755 objects/buildingsets/human/lowtech/prop/light/light_floor_01_b.cgf
    [-1.00000175407484115, -0.00000224447032240, -0.00000236756415666, -3.66685090400278568]
    [0.00000008703243572, 0.70710976676977944, -0.70710627624295830, -14.11345272866310552]
    [0.00000326120107003, -0.70710627623940159, -0.70710976676582116, 2.11393071094062179]
  #756 objects/buildingsets/human/lowtech/prop/light/light_floor_01_b.cgf
    [1.00000167207078428, 0.00000017795923913, 0.00000002154702173, -0.53366009856108576]
    [0.00000011060056142, -0.70711007791540603, 0.70710584911656094, -11.28012915342696942]
    [0.00000014107189922, -0.70710584911654717, -0.70711007791541436, 2.11392535921186209]
  #757 objects/buildingsets/human/hightech/delta/ext/outpost/pipe_a/pipe_a_straight_03x04x03_a.cgf
    [-1.00000122227690946, 0.00000035224229941, 0.00000289134530087, 10.00000917725265026]
    [-0.00000035224119289, -1.00000122228101596, 0.00000038270262092, -12.69659493537619710]
    [0.00000289134543567, 0.00000038270160247, 1.00000122227689814, 1.05829816404730082]
