# IncludedObjects
# Cgfs: 67, Materials: 5, Palettes: 4, Placements: 460

[CGFs]
      0: objects/spaceships/derelicts/wreckage/wreckage_internals_02.cgf
      1: objects/spaceships/derelicts/wreckage/wreckage_internals_01.cgf
      2: objects/spaceships/derelicts/wreckage/wreckage_mech_junk_07.cgf
      3: objects/spaceships/derelicts/wreckage/wreckage_mech_junk_019.cgf
      4: objects/spaceships/derelicts/wreckage/wreckage_panel_small_03.cgf
      5: objects/spaceships/derelicts/wreckage/wreckage_mech_junk_014.cgf
      6: objects/spaceships/derelicts/wreckage/wreckage_mech_junk_06.cgf
      7: objects/spaceships/derelicts/wreckage/wreckage_props_chair_base.cgf
      8: objects/spaceships/derelicts/wreckage/wreckage_pipes_medium_02.cgf
      9: objects/spaceships/derelicts/wreckage/wreckage_props_chair_back.cgf
     10: objects/spaceships/derelicts/wreckage/wreckage_pipes_medium_03.cgf
     11: objects/spaceships/ships/misc/starfarer/exterior_debris/misc_starfarer_debris_small_003.cgf
     12: objects/spaceships/derelicts/wreckage/wreckage_pipes_medium_05.cgf
     13: objects/spaceships/derelicts/wreckage/wreckage_mech_junk_09.cgf
     14: objects/spaceships/derelicts/wreckage/wreckage_pipes_small_01.cgf
     15: objects/spaceships/derelicts/wreckage/wreckage_girder_01.cgf
     16: objects/spaceships/derelicts/wreckage/wreckage_props_chair_seat.cgf
     17: objects/spaceships/derelicts/wreckage/wreckage_mech_junk_01.cgf
     18: objects/spaceships/derelicts/wreckage/wreckage_mech_junk_08.cgf
     19: objects/spaceships/derelicts/wreckage/wreckage_panel_small_02.cgf
     20: objects/spaceships/derelicts/wreckage/wreckage_mech_junk_011.cgf
     21: objects/spaceships/derelicts/wreckage/wreckage_pipes_large_01.cgf
     22: objects/spaceships/derelicts/wreckage/wreckage_mech_junk_017.cgf
     23: objects/planets/terrain_extension/crashpile_01/crashpile_01_f.cgf
     24: objects/spaceships/derelicts/wreckage/wreckage_internals_03.cgf
     25: objects/spaceships/derelicts/wreckage/wreckage_girder_02.cgf
     26: objects/spaceships/derelicts/wreckage/wreckage_pipes_medium_04.cgf
     27: objects/spaceships/derelicts/wreckage/wreckage_mech_junk_013.cgf
     28: objects/spaceships/derelicts/wreckage/wreckage_mech_junk_05.cgf
     29: objects/spaceships/derelicts/wreckage/wreckage_mech_junk_03.cgf
     30: objects/spaceships/derelicts/wreckage/wreckage_pipes_medium_01.cgf
     31: objects/spaceships/derelicts/wreckage/wreckage_panel_medium_04.cgf
     32: objects/spaceships/derelicts/wreckage/wreckage_mech_junk_02.cgf
     33: objects/spaceships/derelicts/wreckage/wreckage_mech_junk_010.cgf
     34: objects/spaceships/derelicts/wreckage/wreckage_mech_junk_018.cgf
     35: objects/spaceships/derelicts/wreckage/wreckage_internals_04.cgf
     36: objects/spaceships/ships/misc/starfarer/exterior_debris/misc_starfarer_debris_01.cgf
     37: objects/spaceships/derelicts/wreckage/wreckage_mech_junk_015.cgf
     38: objects/spaceships/derelicts/wreckage/wreckage_mech_junk_012.cgf
     39: objects/spaceships/ships/misc/starfarer/exterior_debris/misc_starfarer_debris_small_004.cgf
     40: objects/spaceships/derelicts/wreckage/wreckage_panel_small_01.cgf
     41: objects/planets/terrain_extension/crashpile_01/crashpile_01_a.cgf
     42: objects/spaceships/derelicts/wreckage/wreckage_girder_03.cgf
     43: objects/spaceships/ships/misc/starfarer/exterior_debris/misc_starfarer_debris_small_001.cgf
     44: objects/spaceships/derelicts/wreckage/wreckage_pipes_large_03.cgf
     45: objects/spaceships/derelicts/wreckage/wreckage_panel_medium_03.cgf
     46: objects/spaceships/derelicts/wreckage/debris_big_edge_fragemnts_b.cgf
     47: objects/spaceships/derelicts/wreckage/wreckage_pipes_medium_07.cgf
     48: objects/spaceships/derelicts/wreckage/wreckage_mech_junk_04.cgf
     49: objects/spaceships/derelicts/wreckage/wreckage_pipes_medium_06.cgf
     50: objects/planets/terrain_extension/crashpile_01/crashpile_01_e.cgf
     51: objects/buildingsets/human/lowtech/prop/storage/box/box_plastic_1_005x005x005_b.cgf
     52: objects/buildingsets/human/lowtech/prop/storage/box/box_plastic_1_01x005x0025_a.cgf
     53: objects/buildingsets/human/lowtech/prop/storage/box/box_plastic_3_005x005x005_a.cgf
     54: objects/buildingsets/human/lowtech/prop/storage/box/box_plastic_3_01x005x025_a.cgf
     55: objects/buildingsets/human/universal/prop/storage/ammo-box/ammo-box_1_pallet_125x125x025_a.cgf
     56: objects/buildingsets/human/hightech/prop/storage/crate/crate_dry_1_01x005x005_a.cgf
     57: objects/buildingsets/human/lowtech/prop/storage/crate/crate_weapon_1_005x0025x0025_a.cgf
     58: objects/buildingsets/human/universal/prop/storage/ammo-box/ammo-box_1_pallet_250x125x025_a.cgf
     59: objects/buildingsets/human/lowtech/prop/storage/box/box_plastic_4_ammo_closed_0025x005x0025_a.cgf
     60: objects/buildingsets/human/lowtech/prop/storage/crate/crate_metal_2_0625x0625x0625_a.cgf
     61: objects/buildingsets/human/lowtech/prop/storage/box/box_plastic_4_weapon_005x010x005_a.cgf
     62: objects/buildingsets/human/lowtech/prop/storage/crate/crate_weapon_1_015x0075x0075_a.cgf
     63: objects/buildingsets/human/hightech/prop/storage/crate/crate_dry_1_0125x0125x0125_a.cgf
     64: objects/buildingsets/human/universal/prop/storage/loot/loot_drop_1_tarp_a.cgf
     65: objects/spaceships/derelicts/misc/starfarer/leg_right_derelict_aged.cgf
     66: objects/spaceships/derelicts/misc/starfarer/leg_left_derelict_aged.cgf

[Materials]
      0: objects/spaceships/derelicts/materials/decals/debris_ext
      1: objects/spaceships/derelicts/materials/decals/sand_square_a_ext
      2: objects/spaceships/derelicts/materials/wreckage/wreckage
      3: objects/spaceships/derelicts/misc/starfarer/misc_starfarer_ext_derelict
      4: objects/buildingsets/human/universal/prop/storage/loot/loot_drop_1_tarp_d

[Palettes]
      0: Libs/Foundry/Records/TintPalettes/default
      1: Libs/Foundry/Records/TintPalettes/Brand/MISC/Starfarer/misc_starfarer_default
      2: Libs/Foundry/Records/TintPalettes/Generic/gen_beige_burgundy_red
      3: Libs/Foundry/Records/TintPalettes/Brand/AEGS/Hammerhead/aegs_hammerhead_navy

[Placements]
  #0 objects/spaceships/derelicts/wreckage/wreckage_internals_02.cgf
    [-0.04109254015906412, -0.99654253452446828, 0.07221096836813848, 29.37133415212156251]
    [0.99898304465160370, -0.03963580277060668, 0.02149240710532559, -19.79119238827843219]
    [-0.01855595774211578, 0.07302070903598620, 0.99715780918067032, 0.00854630295361858]
  #1 objects/spaceships/derelicts/wreckage/wreckage_internals_01.cgf
    [0.30933248616468262, 0.94995540590828798, 0.04359308690181617, 5.47049539300496690]
    [-0.94861712808877174, 0.31146010820144560, -0.05586020705822403, -13.65758792150882073]
    [-0.06664213934606467, -0.02407374548334052, 0.99748759264394660, -0.19225878175348043]
  #2 objects/spaceships/derelicts/wreckage/wreckage_mech_junk_07.cgf
    [0.93191194881065276, 0.35721486057829976, 0.06273130462215058, 15.26844116565189324]
    [-0.30121830533290866, 0.66598037465598792, 0.68244796625023385, -80.16529737436212599]
    [0.20200298445800710, -0.65487803252875687, 0.72823561456094865, -0.20665979551267810]
  #3 objects/spaceships/derelicts/wreckage/wreckage_mech_junk_019.cgf
    [-0.64040441225439260, 0.05232947550102876, -0.76625306268772553, 33.77220499727991410]
    [0.03293528601817640, 0.99862951613472695, 0.04067305937408956, -0.74760810597217642]
    [0.76733134760638644, 0.00081044292490657, -0.64125025339742248, 0.55006980121834204]
  #4 objects/spaceships/derelicts/wreckage/wreckage_panel_small_03.cgf
    [0.14370911040889375, -0.97431274246475152, -0.17338959203843052, -23.74156146316090599]
    [0.98889758468550859, 0.14807975062071332, -0.01247131228976091, -0.95880731797660701]
    [0.03782641616127229, -0.16967217361098530, 0.98477514941913102, -0.25553226137708407]
  #5 objects/spaceships/derelicts/wreckage/wreckage_internals_02.cgf
    [-0.14692144543826530, -0.98890905678023866, -0.02174479843907625, 1.73546421398350503]
    [0.98681481898489609, -0.14804851025553922, 0.06540658692921428, -35.57112394718569703]
    [-0.06790045561661709, -0.01184845981301926, 0.99762167784081368, -0.61648676497861743]
  #6 objects/spaceships/derelicts/wreckage/wreckage_mech_junk_014.cgf
    [0.75530125033752538, 0.65462620984429842, -0.03135042457030603, -34.29451027183677070]
    [-0.65533800748367588, 0.75387403497192196, -0.04695037635374305, -33.72996121516916901]
    [-0.00710068188103065, 0.05600685027138168, 0.99840428461459563, -0.40006933220138308]
  #7 objects/spaceships/derelicts/wreckage/wreckage_mech_junk_07.cgf
    [-0.11444124210257564, -0.97358315031846598, -0.19758331639004778, -26.36840094916988164]
    [0.98322681954080782, -0.13943521948138218, 0.11757106913499431, 14.07689498009858653]
    [-0.14201527676762984, -0.18081422614896439, 0.97321014800528238, -0.02188848028890789]
  #8 objects/spaceships/derelicts/wreckage/wreckage_mech_junk_07.cgf
    [-0.78272557988776903, 0.61138172557554438, 0.11641020171959192, -28.48281328781740740]
    [-0.49014117903233934, -0.72082022772558896, 0.49007969429592674, -53.72761617871583439]
    [0.38353692657802141, 0.32654075974780011, 0.86386853225313454, -0.99691426687058993]
  #9 objects/spaceships/derelicts/wreckage/wreckage_mech_junk_06.cgf
    [0.97029632001654165, 0.24028448533314278, -0.02808022152086568, 32.82084378956642468]
    [-0.24180491090367681, 0.96685560761669953, -0.08197987834294973, -8.28973295624018647]
    [0.00745102646211334, 0.08633470622204381, 0.99623836609334193, 0.65405460601323284]
  #10 objects/spaceships/derelicts/wreckage/wreckage_props_chair_base.cgf
    [0.99708048987899922, 0.07082975587964740, -0.02852582162392783, -22.96175992171629332]
    [-0.06974994661543034, 0.69282505869739130, -0.71772450362429219, -44.53672446339624003]
    [-0.03107284609486576, 0.71761874546141946, 0.69574269274824518, -0.50988676880660933]
  #11 objects/spaceships/derelicts/wreckage/wreckage_pipes_medium_02.cgf
    [0.99988014994738239, -0.00024200187535379, 0.01547921786164051, -32.34278529314906336]
    [0.00000435741553265, 0.99988216091871507, 0.01535067642970528, -61.03297107541584410]
    [-0.01548110885979215, -0.01534876936203371, 0.99976233653646807, -1.20243687272886746]
  #12 objects/spaceships/derelicts/wreckage/wreckage_props_chair_back.cgf
    [0.15641686756504289, 0.92272305557714618, -0.35230085307539172, 34.76421087872586213]
    [-0.98768843133896345, 0.14695841891395234, -0.05361670019334571, -27.38191983252181672]
    [0.00230021095807756, 0.35635003949322103, 0.93434967930259483, 0.00697264385235030]
  #13 objects/spaceships/derelicts/wreckage/wreckage_pipes_medium_03.cgf
    [0.99951644746758428, 0.00097070133978520, 0.03108016011035803, -31.77885769550630357]
    [0.00000907168488256, 0.99950351017256422, -0.03150841859287946, -65.15046733024064451]
    [-0.03109531365465035, 0.03149346382074411, 0.99902016525047532, -1.21914213860873133]
  #14 objects/spaceships/derelicts/wreckage/wreckage_mech_junk_014.cgf
    [0.98918803135141409, -0.13902028882976181, -0.04669420653705986, 28.46593201198265888]
    [0.13916401145903415, 0.99026930602069574, -0.00017454868005568, -39.57453285454539582]
    [0.04626410644404379, -0.00632549178337134, 0.99890919087170027, -0.25958819119841792]
  #15 objects/spaceships/ships/misc/starfarer/exterior_debris/misc_starfarer_debris_small_003.cgf
    [0.05612569898055032, -0.99462374630804506, -0.08701845068908455, 28.19837585225468501]
    [-0.00022494152596229, 0.08714323464861196, -0.99619511523723170, -51.29024234190001152]
    [0.99842303503148855, 0.05593175753863758, 0.00466724580288228, -0.37130875801085494]
  #16 objects/spaceships/derelicts/wreckage/wreckage_pipes_medium_05.cgf
    [-0.30874685751146080, -0.95101521458693139, -0.01566238621058248, -9.70718191632477101]
    [0.95093524397385287, -0.30898231449294616, 0.01587330588787083, 56.01595099238329567]
    [-0.01993515703538654, -0.00999308238702342, 0.99975126834589156, 0.19164727302268147]
  #17 objects/spaceships/derelicts/wreckage/wreckage_mech_junk_09.cgf
    [0.86827331688163234, 0.49600568561248787, 0.00893834689478052, -10.66152334171056282]
    [0.27672219239672591, -0.49920765394729244, 0.82110695618131679, 56.85136574920034036]
    [0.41173579203206878, -0.71047179049859754, -0.57070444143987420, 0.16014352973434143]
  #18 objects/spaceships/derelicts/wreckage/wreckage_internals_01.cgf
    [-0.10056957341777016, -0.93098773204825835, 0.35092398964417287, 41.78536791162332520]
    [0.93712797250991187, 0.02983147585474815, 0.34770862660763119, -2.89516997677856125]
    [-0.33418103906655938, 0.36382958738060783, 0.86945448834566774, 0.57153558498248458]
  #19 objects/spaceships/derelicts/wreckage/wreckage_mech_junk_014.cgf
    [0.69494758296152681, -0.71753461707839117, -0.04681821428949463, -4.53322791891696397]
    [0.71898284119487876, 0.69435448604630079, 0.03058654498101997, -138.11882370643434115]
    [0.01056153220088466, -0.05491753782447528, 0.99843504197119692, 1.32805584173183888]
  #20 objects/spaceships/derelicts/wreckage/wreckage_pipes_small_01.cgf
    [-0.15713291387080133, -0.89431884165685416, 0.41893257628460184, 21.15502854353690054]
    [0.98660193261737228, -0.16101106882247351, 0.02633455731069774, -21.57459574282984249]
    [0.04390125932791751, 0.41745741317004675, 0.90763617945476094, -0.05319142418738920]
  #21 objects/spaceships/derelicts/wreckage/wreckage_girder_01.cgf
    [-0.71363055216302473, -0.67535899898830953, -0.18606899774665636, 7.87213069519202691]
    [-0.69745266732152211, 0.70981994908246204, 0.09856688667146420, -16.59671904490096495]
    [0.06550745211829728, 0.20011465910202447, -0.97758013039693570, -0.33315459029108752]
  #22 objects/spaceships/derelicts/wreckage/wreckage_mech_junk_014.cgf
    [-0.06557705052666188, -0.97438658181114002, 0.21510566075210863, 24.05318425696168561]
    [0.66077007188797510, -0.20393691398611605, -0.72235216679120906, -55.60143861564574763]
    [0.74771824118337438, 0.09476565811092676, 0.65721907116380862, -0.40310480841435492]
  #23 objects/spaceships/derelicts/wreckage/wreckage_props_chair_seat.cgf
    [-0.02867711107461568, 0.89309852968927084, 0.44894610129592133, -10.85384558315854520]
    [-0.23828945272842694, -0.44229039885630728, 0.86463709271546196, 61.36529857647838071]
    [0.97077068472442651, -0.08218382838443426, 0.22549957501795176, -0.02855635539162904]
  #24 objects/spaceships/derelicts/wreckage/wreckage_mech_junk_01.cgf
    [0.74959391972087042, 0.55594784504862482, 0.35920628582188235, -24.28542385481705423]
    [-0.35367091060643480, 0.79514250632495587, -0.49260885933643461, -1.30107195681193843]
    [-0.55948552186716771, 0.24221600874367943, 0.79265727940892927, -0.25559235738182906]
  #25 objects/spaceships/derelicts/wreckage/wreckage_mech_junk_07.cgf
    [0.85127383189148143, 0.48003911961883616, 0.21189058617449377, -31.58840805054933298]
    [-0.49175476048148103, 0.58896728285945033, 0.64132449586926088, 35.13219446182483807]
    [0.18306401180351939, -0.65014021341071737, 0.73743310491574210, -0.13424816192127764]
  #26 objects/spaceships/derelicts/wreckage/wreckage_mech_junk_08.cgf
    [0.38338718686113882, -0.89158298533655866, -0.24102322400164530, -37.29376967156713363]
    [0.91546975353005178, 0.33232746065777635, 0.22687383842892839, 35.36916915941401385]
    [-0.12217833122703722, -0.30763027882540950, 0.94362821928314145, -0.16641270856780466]
  #27 objects/spaceships/derelicts/wreckage/wreckage_panel_small_02.cgf
    [0.83150376597786435, -0.55545251394622042, -0.00859257135702364, -14.84711114464153070]
    [0.55396896494201109, 0.83023916983112944, -0.06181542789843605, -19.78948151570511982]
    [0.04146942744696086, 0.04663974695486178, 0.99805053026301260, -0.56158845577738248]
  #28 objects/spaceships/derelicts/wreckage/wreckage_mech_junk_011.cgf
    [-0.80719451065354886, 0.07171394926219436, 0.58591315633598473, 4.06304985507449601]
    [0.58604316832861214, 0.21615198914955983, 0.78091729252056463, -132.35494493469013833]
    [-0.07064362775041047, 0.97372250789611858, -0.21650415882923255, 1.17444370646262541]
  #29 objects/spaceships/derelicts/wreckage/wreckage_internals_02.cgf
    [0.53168415318559203, 0.76360355964713877, 0.36636566839076495, 42.38567645584407728]
    [-0.58254606394037445, 0.64371485917098259, -0.49625951023626025, -8.35104501768364571]
    [-0.61477986521093109, 0.05042838294625610, 0.78708635711370867, 0.97454965677752625]
  #30 objects/spaceships/derelicts/wreckage/wreckage_pipes_large_01.cgf
    [-0.23847346905054528, -0.90802269896445520, -0.34442202563998664, -27.75948574743233621]
    [0.14646027388390501, 0.31697110543945256, -0.93705925933848455, -160.67432816562359221]
    [0.96004226040028917, -0.27390773173359723, 0.05740001536328562, 0.85052372603968251]
  #31 objects/spaceships/derelicts/wreckage/wreckage_mech_junk_07.cgf
    [-0.67250038395536638, 0.74006759079672380, -0.00657037440261087, 18.24908693181350827]
    [-0.62392349767586275, -0.56214037532260797, 0.54287903133907067, -68.47142963795340620]
    [0.39807370902305900, 0.36918577257535690, 0.83978518842626282, -0.28112448952742852]
  #32 objects/spaceships/derelicts/wreckage/wreckage_mech_junk_017.cgf
    [-0.39541756253116467, 0.79846426622205369, 0.45398210767250197, -7.59825584659120068]
    [-0.88032274175301672, -0.47047423825987839, 0.06071119142806922, 50.51057339069666341]
    [0.26206260487284516, -0.37564450478962402, 0.88894003421321632, 0.25553712469991297]
  #33 objects/spaceships/derelicts/wreckage/wreckage_props_chair_base.cgf
    [-0.35764387976303952, -0.65979700533058094, 0.66087726247725720, 15.28141745812899899]
    [0.93257640524603369, -0.21527504292711661, 0.28975488486945195, -88.69034992170054466]
    [-0.04890902453557847, 0.71994760690214188, 0.69230292478759059, 0.05659829672367778]
  #34 objects/spaceships/derelicts/wreckage/wreckage_mech_junk_017.cgf
    [0.83484797035702263, -0.34835277591034525, -0.42624099785172498, 0.95886123974923976]
    [0.28736932414063382, 0.93621596613231595, -0.20228869134286068, -43.43757124719559215]
    [0.46952094338488543, 0.04639166539162628, 0.88170294059194110, -0.72724645883135963]
  #35 objects/spaceships/derelicts/wreckage/wreckage_mech_junk_011.cgf
    [0.30153359520953660, -0.20509648115006990, 0.93113522756886780, 24.05052757903467864]
    [0.40907143638275734, -0.85431055957110591, -0.32064609054362181, 31.06282905823900364]
    [0.86124209055039569, 0.47758642031052329, -0.17370423207055488, 0.55478650718578137]
  #36 objects/spaceships/derelicts/wreckage/wreckage_mech_junk_014.cgf
    [-0.42234509322335900, 0.90629905296360147, -0.01570650007485671, -19.59343891445314512]
    [-0.90619648049979729, -0.42256810339064427, -0.01562632534489979, -1.64934949894086458]
    [-0.02079918933764081, 0.00763347308131102, 0.99975455444263084, -0.25513621587015223]
  #37 objects/spaceships/derelicts/wreckage/wreckage_mech_junk_09.cgf
    [0.18165964572453588, -0.93381540819027598, 0.30820201789085139, 18.86130069204955362]
    [-0.45552407339229828, -0.35767228064869039, -0.81521057740069891, -92.44423336241743527]
    [0.87149154841894627, 0.00769742634397732, -0.49035003615004935, 0.05395613316795789]
  #38 objects/spaceships/derelicts/wreckage/wreckage_mech_junk_06.cgf
    [0.70632762907137525, -0.70632566897854698, -0.04695994571003606, -31.05556022540258709]
    [0.70709502427631499, 0.70711839862189430, -0.00032206017625331, -72.57360135414637625]
    [0.03343372253816482, -0.03297766548874665, 0.99889667459894216, -1.38235704648832325]
  #39 objects/planets/terrain_extension/crashpile_01/crashpile_01_f.cgf
    [1.70032483494082487, 0.17786610033389302, -0.05364326166002055, -29.79974780583870597]
    [-0.17877428000051696, 1.70086119828807836, -0.02700804425340644, -39.75482022034702823]
    [0.05053420603718535, 0.03245501496087610, 1.70938920656184545, -0.77738108688208740]
  #40 objects/spaceships/derelicts/wreckage/wreckage_mech_junk_014.cgf
    [-0.78655807310996873, -0.61639302945825358, 0.03725082845436295, 41.76047183976334054]
    [0.61293346832619600, -0.78663394521623653, -0.07430473066289878, -10.54755649415892549]
    [0.07510362435249120, -0.03561267791871593, 0.99654040366675722, 0.50755400367779657]
  #41 objects/spaceships/derelicts/wreckage/wreckage_internals_03.cgf
    [-0.66452123615399639, -0.74670189240469209, -0.02911721152035572, -28.18213965474569704]
    [0.70073560647101785, -0.60913191346864692, -0.37138648769822630, -47.77123803019640036]
    [0.25957877022430881, -0.26719767457891813, 0.92802169488410091, -0.61224705247150268]
  #42 objects/spaceships/derelicts/wreckage/wreckage_internals_02.cgf
    [-0.24729683094097754, -0.96266685379902406, -0.11007635801230832, 6.07860921262181364]
    [0.96714978370606230, -0.25214414804941471, 0.03232062919820115, -55.42867072403896600]
    [-0.05886910797593524, -0.09846753673744035, 0.99339748888599133, -0.66747675165242981]
  #43 objects/spaceships/derelicts/wreckage/wreckage_girder_02.cgf
    [-0.98671458723227490, -0.02966043957265673, -0.15972786241950754, -13.99496686724887695]
    [-0.11500057355418068, -0.56694139486896955, 0.81569034028358045, 50.03234784063533880]
    [-0.11475016248771863, 0.82322300834833972, 0.55599881933387041, 0.11709825537400320]
  #44 objects/spaceships/derelicts/wreckage/wreckage_pipes_medium_04.cgf
    [0.31659159114673269, -0.64538281962525734, -0.69516238777250694, -32.72576368958107196]
    [0.70304718872520389, 0.65163018157556685, -0.28478539588824070, -40.08268144042813219]
    [0.63678440595432939, -0.39857130782105615, 0.66003522462141773, -0.54403296523378231]
  #45 objects/spaceships/derelicts/wreckage/wreckage_pipes_medium_03.cgf
    [0.99999998653030764, -0.00000203857127268, 0.00012347171591690, 27.10444174078293145]
    [0.00000011397433856, 0.99987853528489257, 0.01558534524996894, -8.90202705256524496]
    [-0.00012348849101899, -0.01558534511706259, 0.99987852766134078, 0.40015713831235189]
  #46 objects/spaceships/derelicts/wreckage/wreckage_internals_03.cgf
    [0.27563305524707377, 0.96126204723907460, -0.00004424115534749, -10.26204673669417389]
    [-0.95941810916478532, 0.27510717170637777, 0.06189703100116321, -108.21524735083221458]
    [0.05951148818677778, -0.01701843640978207, 0.99808169112569844, 0.01619510127056856]
  #47 objects/spaceships/derelicts/wreckage/wreckage_mech_junk_013.cgf
    [-0.80901698371551056, -0.58778536857835384, 0.00000208269451976, 0.08592720766318962]
    [0.58715649027800731, -0.80815124330274790, 0.04624871167834489, -129.19332490052329376]
    [-0.02718263128435579, 0.03741721385543095, 0.99893001562823591, 1.02007779429550283]
  #48 objects/spaceships/derelicts/wreckage/wreckage_internals_03.cgf
    [0.27537097421141238, 0.96121325035158112, -0.01543520576483143, 41.29894908679125365]
    [-0.96114370805261085, 0.27560216825477285, 0.01563806224383625, 3.51640311712981202]
    [0.01928550490217702, 0.01052919125160562, 0.99975773920427935, 0.78876724604924675]
  #49 objects/spaceships/derelicts/wreckage/wreckage_pipes_small_01.cgf
    [-0.17364807929060291, -0.88513658094798708, 0.43171877596952596, 1.00986826678854413]
    [0.98480852227103954, -0.15616546329520961, 0.07593448777964834, -47.09208543522981927]
    [0.00020716961535460, 0.43834587375693845, 0.89880719619907934, -0.72798617418447975]
  #50 objects/spaceships/derelicts/wreckage/wreckage_panel_small_03.cgf
    [-0.98041618863261171, -0.18990685400656879, -0.05214881048123678, -11.56337843564688228]
    [0.18344486902295740, -0.97697369664459133, 0.10895132243313542, 47.54578073087031953]
    [-0.07163861851285376, 0.09725120786965474, 0.99267825878863636, 0.22873221449845005]
  #51 objects/spaceships/derelicts/wreckage/wreckage_mech_junk_05.cgf
    [-0.97603409474081582, -0.16963734099807631, 0.13631074840173282, 31.64751987968338653]
    [-0.11286154611983266, -0.14096613701079802, -0.98356027843287552, -17.47726678612525575]
    [0.18606374982295454, -0.97537260697777295, 0.11844222324182217, 0.05530409068160225]
  #52 objects/spaceships/derelicts/wreckage/wreckage_pipes_medium_02.cgf
    [0.99999999527444794, 0.00000395035777598, -0.00013196008261753, -30.10161887561844196]
    [0.00000019635096770, 0.99950661357460802, 0.03140919289865851, 38.64534583099884912]
    [0.00013201905232685, -0.03140919265085251, 0.99950660486359766, -0.15024648203689139]
  #53 objects/spaceships/derelicts/wreckage/wreckage_mech_junk_011.cgf
    [-0.00476537611711238, -0.96968483299137687, 0.24431226286793842, -32.99034958638367243]
    [0.75248461705787340, -0.16438312985098283, -0.63776559458970938, 39.52957436829456128]
    [0.65859248265709258, 0.18080203875395076, 0.73045631662727573, -0.22893249623302836]
  #54 objects/spaceships/derelicts/wreckage/wreckage_props_chair_back.cgf
    [0.17308469462252768, 0.91437455498833675, -0.36600665343639377, 6.57369724812451750]
    [-0.98469328478221319, 0.16839489090257614, -0.04497003785995620, -63.22391809109831229]
    [0.02051419202997627, 0.36818791749620411, 0.92952505830535104, -0.52893263970327098]
  #55 objects/spaceships/derelicts/wreckage/wreckage_mech_junk_03.cgf
    [-0.62491133957076916, -0.77761931527270833, 0.06923870996715113, 30.46577573035028763]
    [-0.02963390648214228, -0.06499743680173127, -0.99744530955990596, -37.42871919841854833]
    [0.78013308481932675, -0.62536670401553462, 0.01757373740193258, -0.25948205347231124]
  #56 objects/spaceships/derelicts/wreckage/wreckage_mech_junk_07.cgf
    [1.00000092548264030, -0.00000404286058162, -0.00012229011156990, -27.74312820474733599]
    [-0.00000020704237350, 0.99939757075774571, -0.03473271513755928, 36.54860981067758985]
    [0.00012235674580062, 0.03473271490288348, 0.99939756327582407, -0.11818232262157835]
  #57 objects/spaceships/derelicts/wreckage/wreckage_panel_small_02.cgf
    [0.09757052624786453, -0.99489806111327761, -0.02565081408395413, 18.46438417630270123]
    [0.99330404200664346, 0.09574736551928908, 0.06465018168415333, -61.81560358891147189]
    [-0.06186433870488856, -0.03178700759068778, 0.99757832454772699, -0.40420447420910932]
  #58 objects/spaceships/derelicts/wreckage/wreckage_pipes_medium_01.cgf
    [0.68131228313420411, -0.73133058040997745, -0.03113237799060728, 21.56974336682469584]
    [0.73126878839650211, 0.68191374756094214, -0.01548127760199307, 29.56729704528697766]
    [0.03255152714169529, -0.01221855131689086, 0.99939540475036515, 0.49274150135170203]
  #59 objects/spaceships/derelicts/wreckage/wreckage_internals_01.cgf
    [0.27270768912963428, 0.96119703730020334, -0.04160165507552525, 16.24903446077951230]
    [-0.96130018863839095, 0.27398637641833706, 0.02886760799027023, -14.16603119944920763]
    [0.03914574745110024, 0.03211926139557959, 0.99871712182881545, -0.00531370512908325]
  #60 objects/spaceships/derelicts/wreckage/wreckage_internals_01.cgf
    [-0.84232994410656814, 0.19482265205352672, -0.50251801711479493, 33.04200325327110477]
    [-0.36034980908787240, -0.89691693342152079, 0.25629667896560460, -3.03870376793202013]
    [-0.40078452860419750, 0.39696864713135049, 0.82570431320354898, -0.00969908022671007]
  #61 objects/spaceships/derelicts/wreckage/wreckage_props_chair_seat.cgf
    [0.69789162166808971, -0.69668465928699830, 0.16606532674974875, 2.54189529472205322]
    [0.32158188788434167, 0.09763857259854296, -0.94183423241806175, -45.20850749730016105]
    [0.63994710454777770, 0.71070184851591311, 0.29218232103574887, -0.72760980459861457]
  #62 objects/spaceships/derelicts/wreckage/wreckage_pipes_medium_01.cgf
    [-0.40673733775036180, 0.91354580238793559, -0.00002892822082966, -7.20083981787320226]
    [-0.91343050249506985, -0.40668549936753789, 0.01590023690047795, 61.51246323718805797]
    [0.01451382131153177, 0.00649364006318545, 0.99987418080845425, 0.00280040249344893]
  #63 objects/spaceships/derelicts/wreckage/wreckage_panel_medium_04.cgf
    [0.55890477545639983, 0.82686901826526904, -0.06254302200767950, -39.39814819680759683]
    [-0.82895196882140687, 0.55908165164056944, -0.01627547795789746, -153.45657155208755285]
    [0.02150898314509967, 0.06094164773514831, 0.99790882860719332, 0.30073303316021338]
  #64 objects/spaceships/derelicts/wreckage/wreckage_mech_junk_02.cgf
    [0.77720621880835372, -0.62905446956380628, 0.01552238091479718, -22.69741387870453764]
    [0.62924196679508060, 0.77705259785926128, -0.01561358145578185, 1.24511648039333522]
    [-0.00223991324041816, 0.02190230635836770, 0.99975759477320503, -0.22417500181472860]
  #65 objects/spaceships/derelicts/wreckage/wreckage_pipes_small_01.cgf
    [0.78609227610978927, 0.43573928305606607, -0.43839511069028170, -6.45886561990482733]
    [-0.47866008827295603, 0.87788429406579094, 0.01427405205125272, 57.17011410649865866]
    [0.39107993526884605, 0.19862151411471379, 0.89866903852070135, 0.14459791137778666]
  #66 objects/spaceships/derelicts/wreckage/wreckage_mech_junk_07.cgf
    [0.85127308766325138, 0.48004405633924241, 0.21188163919099817, -33.82956940330041107]
    [-0.49463078685403983, 0.59933900098104542, 0.62939267665887211, -64.54610960278660059]
    [0.17514710888008270, -0.64058759019281064, 0.74764498552089531, -1.18801732805150095]
  #67 objects/spaceships/derelicts/wreckage/wreckage_mech_junk_07.cgf
    [-0.23367061681817092, -0.94967487369652681, -0.20860426321652129, -32.67110695994051639]
    [0.96590785298345905, -0.25131604994007495, 0.06214759942434341, -16.60485492026782595]
    [-0.11144560963764527, -0.18697042236356515, 0.97602356466454732, -0.30414844006008934]
  #68 objects/spaceships/derelicts/wreckage/wreckage_mech_junk_06.cgf
    [0.74321619525397753, -0.66886999191487506, -0.01551480586845083, 23.30514040155685507]
    [0.66904872841466623, 0.74305851994476113, 0.01535978897506430, -58.78812152470345609]
    [0.00125470795766869, -0.02179582589477136, 0.99976069929490863, -0.31009026871470269]
  #69 objects/spaceships/derelicts/wreckage/wreckage_mech_junk_06.cgf
    [0.98756815262713482, 0.15007785212934371, 0.04675347213871523, 4.06217135845508892]
    [-0.15643742045489784, 0.90924632134406935, 0.38574417110806680, -43.19705096082179807]
    [0.01538123331206894, -0.38826263065439970, 0.92142045356030566, -0.72723481585853733]
  #70 objects/spaceships/derelicts/wreckage/wreckage_mech_junk_07.cgf
    [0.86228012577989066, -0.50614543747896057, 0.01702242511238642, 4.74924233448109590]
    [0.49408202639796100, 0.84815529588779437, 0.19109036448871977, -20.34315918289939873]
    [-0.11115717713202214, -0.15636295062827010, 0.98142482737870484, -0.42712621312239207]
  #71 objects/spaceships/derelicts/wreckage/wreckage_mech_junk_013.cgf
    [-0.15643450151259333, -0.98768831867185569, -0.00014807942457820, -33.72234290394408163]
    [0.98768832213496971, -0.15643451718929588, 0.00010090494004370, 22.07596637378446758]
    [-0.00012282736447919, -0.00013047130505874, 0.99999997896126125, -0.02351904020179063]
  #72 objects/spaceships/derelicts/wreckage/wreckage_props_chair_back.cgf
    [0.82666935652141171, 0.45767301293145729, -0.32734027157047957, -9.03180073252588045]
    [-0.47515190130002766, 0.87940518335362194, 0.02959154188056587, 57.64282837521750480]
    [0.30140821297463344, 0.13107403211217170, 0.94444224409246613, 0.17563793562294450]
  #73 objects/spaceships/derelicts/wreckage/wreckage_mech_junk_010.cgf
    [-0.03465101847014596, -0.82954635489798678, 0.55736182657123778, 3.28505927340302151]
    [0.99926616726073236, -0.03786762222677956, 0.00576401590189273, -38.31447273484081961]
    [0.01632444827272763, 0.55715253027042311, 0.83024973599889629, -0.67945736479305197]
  #74 objects/spaceships/derelicts/wreckage/wreckage_internals_02.cgf
    [-0.42262408037782956, -0.83177830721620893, -0.35990794969046985, -34.18793726421426982]
    [0.72261355331490207, -0.54893949240476403, 0.42011318018490834, -38.96810016257222742]
    [-0.54700871763754455, -0.08252441604764063, 0.83304932717432179, -0.55009140599577222]
  #75 objects/spaceships/derelicts/wreckage/wreckage_mech_junk_02.cgf
    [0.59614060510755751, 0.48543104661968373, -0.63950993799212152, -7.94739864137955010]
    [-0.73896673044569561, 0.64317271904104922, -0.20064124114128579, -28.33728974629775621]
    [0.31391787637432711, 0.59218699355020898, 0.74213881075818333, -0.63121188510558568]
  #76 objects/spaceships/derelicts/wreckage/wreckage_internals_01.cgf
    [-0.60339238214901636, 0.54839837827363647, -0.57894461661803354, 34.76303549545991700]
    [-0.68174184163529405, -0.73137767826596944, 0.01774176816494879, -0.41402541287243366]
    [-0.41369760909131936, 0.40539601340016479, 0.81517383286695300, 0.64421106007648632]
  #77 objects/spaceships/derelicts/wreckage/wreckage_props_chair_seat.cgf
    [0.64325857988991952, -0.49042810446712165, -0.58796023874253101, -33.26046746682550292]
    [-0.29843866612255276, 0.54658137886344171, -0.78242042882207141, -53.71501761651597917]
    [0.70508959044675990, 0.67876920910122962, 0.20523059911985786, -1.27881973354669753]
  #78 objects/spaceships/derelicts/wreckage/wreckage_mech_junk_02.cgf
    [0.68173730336092997, -0.73143086690967651, 0.01559287402716053, -6.81228138295409735]
    [0.73125936195858754, 0.68191534081282124, 0.01584976638798256, 50.73676620647893287]
    [-0.02222602835837415, 0.00059705811548568, 0.99975279382831428, 0.27113628826919012]
  #79 objects/spaceships/derelicts/wreckage/wreckage_internals_02.cgf
    [-0.01907425409809576, -0.99963316139545544, 0.01922975708186589, 9.81968076793418732]
    [0.80858171519519395, -0.00411039652369027, 0.58836959692077495, -22.26915436974377371]
    [-0.58807469829172088, 0.02677154024788874, 0.80836347143482179, 1.05569302293588407]
  #80 objects/spaceships/derelicts/wreckage/wreckage_mech_junk_018.cgf
    [-0.70027280952556181, 0.70695556755687228, 0.09915476192408136, -32.00225532863987610]
    [-0.70700063209349406, -0.66757714523597844, -0.23343245372202540, -48.18964427502942272]
    [-0.09883292736370998, -0.23356889718373550, 0.96730422919048420, -1.05862802165211178]
  #81 objects/spaceships/derelicts/wreckage/wreckage_pipes_medium_05.cgf
    [-0.54478191540156817, 0.83799673514114670, -0.03121061526940892, 4.00839991697284859]
    [-0.83856782305469579, -0.54457905377318228, 0.01541513185580250, -45.39138704718789086]
    [-0.00407881723357955, 0.03457010334959808, 0.99939393492540807, -0.71204335485526826]
  #82 objects/spaceships/derelicts/wreckage/wreckage_panel_small_02.cgf
    [0.12218432358007203, -0.99225853871304115, -0.02222988231637376, -26.27470452540728729]
    [0.99250356501028680, 0.12221640806198204, -0.00008536836678461, 12.10151270625647157]
    [0.00280156360113813, -0.02205280474104489, 0.99975297413406128, 0.02964960935059935]
  #83 objects/spaceships/derelicts/wreckage/wreckage_pipes_medium_02.cgf
    [0.87392185756227236, 0.48581737292510069, -0.01561863566720818, -9.95645901173702441]
    [-0.48332318278222197, 0.87194767769574533, 0.07815256289657908, 60.95732516096904874]
    [0.05158645753697588, -0.06075032729290043, 0.99681999873278793, 0.00284665753133595]
  #84 objects/spaceships/derelicts/wreckage/wreckage_props_chair_back.cgf
    [0.15770325265255600, 0.91094177385269570, -0.38120170328204450, 32.64642161059600767]
    [-0.98720263233851258, 0.13618105643202469, -0.08297983131576465, -44.85850218654377386]
    [-0.02367734442329050, 0.38940952010882518, 0.92076032649213269, -0.19865612545982003]
  #85 objects/spaceships/derelicts/wreckage/wreckage_pipes_medium_05.cgf
    [0.81575509088414089, -0.57824922067745732, -0.01302066529088278, 32.91032462213479448]
    [-0.57814378629607410, -0.81452855509280286, -0.04786504515581240, -24.17753364882082678]
    [0.01707223787156936, 0.04657401600078859, -0.99876797454149113, 0.00762243817734998]
  #86 objects/spaceships/derelicts/wreckage/wreckage_mech_junk_05.cgf
    [0.00905050892336473, -0.99854790634412638, 0.05310499379617095, 33.37894520627742168]
    [-0.07506491353510666, 0.05227887790696635, 0.99580728608644808, -8.06527106594876386]
    [-0.99713756342156545, -0.01299888466953057, -0.07448276279216023, 0.64596732315840200]
  #87 objects/spaceships/derelicts/wreckage/wreckage_internals_03.cgf
    [0.27596945237931636, 0.96066197918523100, -0.03110203480602757, 28.43869522921158932]
    [-0.96114249681753761, 0.27559538357110747, -0.01581767471356385, -45.58981281527667306]
    [-0.00662386839469262, 0.03425871815916731, 0.99939000298446101, -0.27635484926577192]
  #88 objects/spaceships/derelicts/wreckage/wreckage_mech_junk_013.cgf
    [-0.15538934708838731, -0.98735487433119318, -0.03137762171022005, -35.96347079999395646]
    [0.98721916169568513, -0.15634920101369057, 0.03087565904658175, -77.60227974221925251]
    [-0.03539109761825546, -0.02617884021735017, 0.99903062552284139, -1.22374659591878299]
  #89 objects/spaceships/derelicts/wreckage/wreckage_props_chair_seat.cgf
    [-0.66392016372400930, 0.31939987215770405, 0.67615968920100455, -35.82969856949057430]
    [0.36683972149924282, -0.64881529823911510, 0.66668246934752851, -46.10932002632762305]
    [0.65164163645758144, 0.69066679221648020, 0.31359328308870793, -0.71893609037215356]
  #90 objects/spaceships/derelicts/wreckage/wreckage_internals_04.cgf
    [0.82853603415518040, -0.55797022675197394, -0.04687556840311256, -13.41227686044294387]
    [0.55913073390930579, 0.82892810334862677, 0.01584533449465898, 53.20261338914860971]
    [0.03001525033720759, -0.03933800052820775, 0.99877507938974719, 0.03588971393764950]
  #91 objects/spaceships/derelicts/wreckage/wreckage_mech_junk_02.cgf
    [0.68199736255475318, -0.73135468186133568, -0.00009519980028171, -21.81109528394881636]
    [0.73126421175008371, 0.68191503394176844, -0.01564037636575558, -4.35152638138970360]
    [0.01150358018297977, 0.01059707878795919, 0.99987771844324658, -0.31787689767952543]
  #92 objects/spaceships/derelicts/wreckage/wreckage_mech_junk_014.cgf
    [-0.48159962148725594, -0.87625168975434542, 0.01564380956345440, 4.39723840053193271]
    [0.87613258354894230, -0.48181444806905305, -0.01569973462963122, -18.07222673142678104]
    [0.02129433302216367, 0.00614506519409349, 0.99975433859852392, -0.34879875239857938]
  #93 objects/spaceships/derelicts/wreckage/wreckage_mech_junk_08.cgf
    [0.77835099377657457, -0.62059071765595786, -0.09506306561362238, -11.13753433561942074]
    [0.61745815098763612, 0.72925904072034298, 0.29483347520957071, -25.84752711936016567]
    [-0.11364531254533218, -0.28818137948952605, 0.95080825104200961, -0.58417094925243873]
  #94 objects/spaceships/derelicts/wreckage/wreckage_mech_junk_018.cgf
    [-0.37615536411596140, -0.92650639394215051, 0.00964450788934912, 4.81105535112146754]
    [0.38331831649913878, -0.16508425954381095, -0.90874321344836684, -43.99706643677200191]
    [0.84354856575325954, -0.33813172246405804, 0.41724420664693973, -0.71178061157115735]
  #95 objects/spaceships/derelicts/wreckage/wreckage_mech_junk_08.cgf
    [-0.89413819055914423, -0.07509858449109048, -0.44144882667768343, -14.84193668053194415]
    [0.12354722312262892, -0.98894470430742321, -0.08200258084377589, 47.54891886789118871]
    [-0.43041020855267381, -0.12786141800319281, 0.89353146443978426, -0.06097462303296197]
  #96 objects/spaceships/derelicts/wreckage/wreckage_panel_small_02.cgf
    [0.95040882039650765, -0.31092694328322223, -0.00689245557677789, 27.42943915537034627]
    [0.31099585655000467, 0.94999894916312266, 0.02799231481136909, 5.66828380181686953]
    [-0.00215573932905733, -0.02874766808493875, 0.99958437375662823, 0.51329867893946357]
  #97 objects/spaceships/derelicts/wreckage/wreckage_mech_junk_07.cgf
    [0.99988085912615254, -0.00029847841122412, -0.01548955318601772, 28.89900592702906579]
    [-0.00000068864284733, 0.99981440827128243, -0.01931053616005026, -6.88123980155796744]
    [0.01549242869243585, 0.01930822927927030, 0.99969441567382300, 0.40016226633451879]
  #98 objects/spaceships/derelicts/wreckage/wreckage_mech_junk_08.cgf
    [0.18532814306928644, -0.93741201505020955, -0.29480885819162261, 9.63847699403413571]
    [0.97832298199756251, 0.14779904734701535, 0.14505052202927116, -81.11967665050178766]
    [-0.09239963054114141, -0.31530021421666188, 0.94448300812298325, -0.30044033375452273]
  #99 objects/spaceships/derelicts/wreckage/wreckage_props_chair_base.cgf
    [-0.15592957348068481, -0.67476502897590540, 0.72137235799728816, 23.29392633111274336]
    [0.98720413678798369, -0.13113396820904513, 0.09072943176131809, -16.63911708255182020]
    [0.03337537295842936, 0.72628919388228896, 0.68657850711116131, 0.43224333148100413]
  #100 objects/spaceships/derelicts/wreckage/wreckage_mech_junk_018.cgf
    [0.12808161032369983, 0.04325142065527660, 0.99081940977303362, -20.04856819880660623]
    [-0.07735333568496862, 0.99644019890867797, -0.03349744067891142, -38.59690803752164356]
    [-0.98874175072669568, -0.07235282776041957, 0.13097139290614032, -0.57100329734385014]
  #101 objects/spaceships/derelicts/wreckage/wreckage_mech_junk_05.cgf
    [0.90091302903258386, 0.25384383061853483, 0.35202137748678808, -11.23910223109123763]
    [-0.37921892318005124, 0.06596231478559438, 0.92295287407415416, -23.20389189291745424]
    [0.21106574533294026, -0.96499342439028435, 0.15568869086101159, -0.58388593321433291]
  #102 objects/spaceships/derelicts/wreckage/wreckage_pipes_small_01.cgf
    [-0.35764499827314594, -0.84604155095993239, 0.39535277103469285, 14.21544235188048333]
    [0.93257710514830938, -0.30140626684589034, 0.19863098842959959, -93.96276253540418111]
    [-0.04888826514305098, 0.43973630809910697, 0.89679539538066644, -0.00883289820922073]
  #103 objects/spaceships/derelicts/wreckage/wreckage_mech_junk_06.cgf
    [0.71934140647651312, -0.69465664909746672, -0.00002914763179111, -7.08700124749157112]
    [0.69388683494079362, 0.71854226070359617, 0.04709564667064882, 60.48961789268651046]
    [-0.03269436160492049, -0.03389807522792018, 0.99889034396754606, 0.04995747434441000]
  #104 objects/spaceships/derelicts/wreckage/wreckage_mech_junk_06.cgf
    [-0.18927420083030941, 0.91564107041707921, 0.35465013958056718, -25.63880969877936877]
    [-0.98053989325649904, -0.15707643621675238, -0.11776470335792877, -51.71550083666807041]
    [-0.05212301863461218, -0.37003842745032933, 0.92755310768575738, -1.14883355077472515]
  #105 objects/spaceships/derelicts/wreckage/wreckage_mech_junk_014.cgf
    [0.97029583718253842, -0.24192146127103345, -0.00000436491186011, -1.47397011001885403]
    [0.24192145593980338, 0.97029581928604458, -0.00019320537517974, -43.74131836663582362]
    [0.00005097578228842, 0.00018641040495094, 0.99999998387447908, -0.71168433706043288]
  #106 objects/spaceships/derelicts/wreckage/wreckage_internals_02.cgf
    [0.97918317354903950, 0.07609724997040677, 0.18817408578251502, -22.84267044949228875]
    [-0.07172628132123514, 0.99697488393120515, -0.02993971865096996, -31.87633877407643013]
    [-0.18988317087348980, 0.01581944158349559, 0.98167922055105539, -0.44521185140183661]
  #107 objects/spaceships/derelicts/wreckage/wreckage_mech_junk_05.cgf
    [0.00423344329047446, -0.99939082550421576, -0.03464177668090509, 4.15392968464584555]
    [-0.12161356760162152, -0.03489949214226685, 0.99196379090121989, -41.32297411334002391]
    [-0.99256849384252244, 0.00001348759526030, -0.12168722893127552, -0.74250743401353247]
  #108 objects/spaceships/derelicts/wreckage/wreckage_pipes_medium_05.cgf
    [-0.30901742825169592, -0.95105642144373725, -0.00010811401109746, -24.70600123978510965]
    [0.95105642677962698, -0.30901743068147036, 0.00000612288418926, 0.92766368231968954]
    [-0.00003923232030569, -0.00010093044213620, 1.00000004384758379, -0.24001104269700591]
  #109 objects/spaceships/derelicts/wreckage/wreckage_mech_junk_01.cgf
    [-0.03082278015552483, -0.89883733083831197, -0.43719729845560096, 3.20720008110220078]
    [0.87505916934034034, -0.23564808102196921, 0.42277831179708120, -43.26954574495903216]
    [-0.48303361708975351, -0.36954228914165588, 0.79379914975960175, -0.72723491053329781]
  #110 objects/spaceships/derelicts/wreckage/wreckage_mech_junk_014.cgf
    [0.43228231497908665, -0.77633589683488569, -0.45873411413185361, 5.38440035689563956]
    [0.43215210549338473, 0.62485376041875507, -0.65023437915463722, -39.58664933106047101]
    [0.79144107165372535, 0.08284180950797534, 0.60560769209405529, -0.63571064674761146]
  #111 objects/spaceships/ships/misc/starfarer/exterior_debris/misc_starfarer_debris_01.cgf
    [-0.48489918691531070, 0.87451412834124043, 0.00988804457580425, 26.33598181189154275]
    [-0.87341952374204634, -0.48481008742412413, 0.04579814672158873, 4.83666396126500331]
    [0.04484495111146412, 0.01357107322490204, 0.99890175287484406, 0.67675535153830424]
  #112 objects/spaceships/derelicts/wreckage/wreckage_mech_junk_017.cgf
    [0.87403639602278549, -0.21344107180486657, -0.43646686048008249, 0.97551916204974987]
    [0.15364688058818274, 0.97366046456220112, -0.16845761733174541, -40.33587188177625649]
    [0.46092629293203785, 0.08017631581931063, 0.88380922368383374, -0.69541569736611564]
  #113 objects/spaceships/derelicts/wreckage/wreckage_mech_junk_07.cgf
    [0.84519595301138395, 0.49994832163931324, 0.18893875233976126, 25.05371294177894015]
    [-0.49179121485118477, 0.58909278316171676, 0.64118130763027692, -8.29765765051706694]
    [0.20925481461812934, -0.63484151089016683, 0.74376814535331903, 0.33791940443916246]
  #114 objects/spaceships/derelicts/wreckage/wreckage_mech_junk_09.cgf
    [0.87457336360849824, 0.48489328138499505, 0.00005953123014967, -25.66034031260642223]
    [0.26405144492867427, -0.47635695534126149, 0.83866617419497824, 1.76308381769922562]
    [0.40669193784405738, -0.73345935332195078, -0.54464585826658951, -0.24012318192399107]
  #115 objects/spaceships/derelicts/wreckage/wreckage_props_chair_seat.cgf
    [0.68595903669164715, -0.44718278376431075, -0.57400907400587009, 25.62281221699959133]
    [-0.29835700504530349, 0.54664253160921061, -0.78240890800877072, 2.53349120201892219]
    [0.66365801183792816, 0.70796056365865612, 0.24155443026915036, 0.41612155988696031]
  #116 objects/spaceships/derelicts/wreckage/wreckage_mech_junk_015.cgf
    [0.79863601152894803, 0.60181670210726113, -0.00002814976634179, -6.66519045563472901]
    [-0.60151731884901238, 0.79824019085029052, 0.03150135670923673, 59.03872894329833798]
    [0.01898048609400753, -0.02514114982587524, 0.99950512073305708, 0.09723236288118642]
  #117 objects/spaceships/derelicts/wreckage/wreckage_panel_medium_04.cgf
    [1.22128883104494879, -0.08539964240108493, -0.00012739406778028, -23.82295177360356320]
    [0.08539965538148167, 1.22128883039764613, 0.00012487310651342, 22.41512841996154748]
    [0.00011837316357276, -0.00013345536850084, 1.22427100437937253, -0.08478108501003589]
  #118 objects/spaceships/derelicts/wreckage/wreckage_mech_junk_019.cgf
    [0.37096726610817249, -0.10427153655980846, -0.92277334925890986, 2.58599293365841731]
    [0.02270361793610710, 0.99439752087834909, -0.10323776521421651, -40.83383460927871056]
    [0.92836832839754990, 0.01734753865166314, 0.37125628572980335, -0.72676893328025471]
  #119 objects/spaceships/derelicts/wreckage/wreckage_pipes_medium_03.cgf
    [0.99987591622351157, -0.00000000163027185, -0.01575272062208501, -29.53769221983384341]
    [0.00000246065354928, 0.99999998584156136, 0.00015608211490908, 34.52783028819249012]
    [0.01575272042990192, -0.00015610150994697, 0.99987590404118665, -0.11824946261185687]
  #120 objects/spaceships/derelicts/wreckage/wreckage_panel_small_03.cgf
    [0.65276856981903308, -0.75377095240730230, 0.07564664722180753, -13.09322160128795076]
    [0.75750875352131974, 0.65059480724829266, -0.05391432826838868, -23.16778438663459383]
    [-0.00857626185984962, 0.09249658242899282, 0.99567600133977607, -0.49691983890079428]
  #121 objects/spaceships/derelicts/wreckage/wreckage_mech_junk_013.cgf
    [0.87395594064011239, 0.48499990944174109, -0.03127300782617804, -9.77328235522145405]
    [-0.48474156120593948, 0.87451434882685131, 0.01587992105501754, 58.56751482293475419]
    [0.03505042106197474, 0.00128097407782547, 0.99938567452506888, 0.12849206880491693]
  #122 objects/spaceships/derelicts/wreckage/wreckage_mech_junk_010.cgf
    [-0.15643589061287094, -0.82842726695874580, 0.53780679111165819, -34.26443094019487035]
    [0.98756965415035036, -0.13962978030422962, 0.07217874847867550, 23.94375624789972790]
    [0.01529900022593643, 0.54241299476492399, 0.83997270954515613, -0.02379287032817956]
  #123 objects/spaceships/derelicts/wreckage/wreckage_mech_junk_06.cgf
    [-0.96599755846881230, -0.25854309345450960, -0.00205466640408093, 4.59965992844081484]
    [0.25853459553719466, -0.96599502283561767, 0.00367621571719027, -15.46657289809081703]
    [-0.00293525765112476, 0.00302001300541722, 0.99999114975020365, -0.30173216678667814]
  #124 objects/spaceships/derelicts/wreckage/wreckage_mech_junk_09.cgf
    [0.68927566662414874, 0.16632106944499919, 0.70514985803965313, -5.73927411387558095]
    [-0.25273824862368743, 0.96735038260038830, 0.01888332598747750, 57.31814021902391687]
    [-0.67898630186278597, -0.19123416058955037, 0.70880678801852870, 0.14457966620102525]
  #125 objects/spaceships/derelicts/wreckage/wreckage_mech_junk_019.cgf
    [-0.24794746767480047, 0.30449521702074067, 0.91967643796801857, -9.09779642088687979]
    [-0.86723167370447019, -0.49287069785252613, -0.07062388965856237, 51.28062908671563491]
    [0.43177692373006032, -0.81508353711644377, 0.38627393145842576, 0.22405641151999589]
  #126 objects/spaceships/derelicts/wreckage/wreckage_internals_02.cgf
    [-0.35241508803341370, -0.53998487487536762, 0.03324729160465220, -22.92142949433764443]
    [0.53838861337389987, -0.35394572943371427, -0.04177993982493494, 14.12570708230487071]
    [0.05316717485949866, 0.00491907392498370, 0.64345512352920919, -0.03713732073083520]
  #127 objects/spaceships/derelicts/wreckage/wreckage_props_chair_back.cgf
    [-0.03489502441011496, -0.94435008348406468, 0.32708597947251000, -1.13383215396606829]
    [0.99939089553131100, -0.03284382182621645, 0.01179415827456073, -34.19979072734713554]
    [-0.00039506072333549, 0.32729831051186548, 0.94492097062957403, -0.61626885803707410]
  #128 objects/spaceships/derelicts/wreckage/wreckage_mech_junk_06.cgf
    [-0.71521580492884895, 0.68438779599746979, -0.14170284060519875, -10.14118364216119517]
    [-0.60873791024662693, -0.70961874996439622, -0.35479484817766915, 53.86429164800210856]
    [-0.34337225714146768, -0.16749499202833346, 0.92414334312209356, 0.22340555216942448]
  #129 objects/spaceships/derelicts/wreckage/wreckage_mech_junk_010.cgf
    [-0.15713258362461277, -0.83659430739494456, 0.52480401749997296, 22.37767316358804237]
    [0.98660166928043325, -0.15659567047943723, 0.04576989126536109, -19.48610864940565079]
    [0.04389120780750439, 0.52496447651984357, 0.84999164763880408, 0.05625657722703181]
  #130 objects/spaceships/derelicts/wreckage/wreckage_mech_junk_019.cgf
    [-0.33287355163385224, -0.52925175665546909, 0.78044076459320788, 33.22671775068738498]
    [0.17535747706691637, -0.84794628588606380, -0.50023680575085772, 12.39564347572741099]
    [0.92652305108856137, -0.02965947855569563, 0.37506714261904250, 0.88891023385804147]
  #131 objects/spaceships/derelicts/wreckage/wreckage_panel_small_02.cgf
    [0.31934300039123908, -0.92258913911722185, -0.21644713098108775, -30.30017971094639506]
    [0.94763836388750511, 0.31059518444594753, 0.07424415608975379, -149.70242491603130475]
    [-0.00126941546113642, -0.22882295297415184, 0.97346724485339287, 0.76405075030925218]
  #132 objects/spaceships/derelicts/wreckage/wreckage_pipes_large_01.cgf
    [-0.45289707149812003, 0.82076302085224584, 0.34818444554176342, -20.01344135073304642]
    [-0.89056436431135488, -0.39798739066198746, -0.22022999745737989, -40.67586910535464995]
    [-0.04218361689615695, -0.40982215943365125, 0.91118957522021671, -0.60261857640580274]
  #133 objects/spaceships/derelicts/wreckage/wreckage_internals_02.cgf
    [0.81622936248559419, 0.09869520628913085, 0.56923545438251688, -24.35906489747867454]
    [-0.01954213106160756, 0.98945280183311524, -0.14353179617190295, -47.51040921447565779]
    [-0.57739748127619628, 0.10603078635145387, 0.80954909635905403, -0.68252115609357134]
  #134 objects/spaceships/derelicts/wreckage/wreckage_mech_junk_07.cgf
    [-0.77641226974584843, 0.61667156778875409, 0.12999485458804536, 30.40054882391996216]
    [-0.48399148598829123, -0.71554906880486580, 0.50372638304305850, 2.52096094371518120]
    [0.40365173879131577, 0.32818318811870384, 0.85402550673694599, 0.47802380134817213]
  #135 objects/spaceships/derelicts/wreckage/wreckage_mech_junk_012.cgf
    [0.99951511744967381, -0.00162843966971654, 0.03106424366745130, -29.44350769223819952]
    [0.00000968132351603, 0.99864410169229190, 0.05203909225083706, -66.95719808019930497]
    [-0.03110689564486739, -0.05201360783738472, 0.99816083609000705, -1.34435632401437033]
  #136 objects/spaceships/derelicts/wreckage/wreckage_mech_junk_012.cgf
    [-0.65605819390803555, -0.54295401683871158, 0.52420093394876044, -20.13242609841108788]
    [0.75470900124814089, -0.47205942089945280, 0.45560099201277560, -42.54183618113165721]
    [0.00008360070780531, 0.69452060882791633, 0.71947144090098514, -0.63422634890594054]
  #137 objects/spaceships/derelicts/wreckage/wreckage_internals_03.cgf
    [-0.82934761027494586, 0.55850929404714744, 0.01580709440682423, 44.49370257552072871]
    [-0.55858013303674725, -0.82812731899166936, -0.04683303274092182, -4.04346044873818755]
    [-0.01306639763970413, -0.04767039376824617, 0.99877763153271182, 0.62955066781432834]
  #138 objects/spaceships/derelicts/wreckage/wreckage_mech_junk_02.cgf
    [-0.42827130543442926, -0.90360444716128563, -0.00909296122214461, -30.09639033512212336]
    [0.65726568331490309, -0.30457973642736763, -0.68937144967454145, -21.21370348869822919]
    [0.62014957906140145, -0.30121450356869067, 0.72435095938487104, -0.41355282114818692]
  #139 objects/spaceships/derelicts/wreckage/wreckage_mech_junk_07.cgf
    [0.44654863951829810, -0.61336160153123853, -0.65144595216854206, -7.58218089397996664]
    [0.87287928253020342, 0.45865027123030550, 0.16649821955598168, -31.25528007664252073]
    [0.19666225097690124, -0.64298323831402371, 0.74020030030613793, -0.72811011475278065]
  #140 objects/spaceships/derelicts/wreckage/wreckage_mech_junk_05.cgf
    [-0.05993473672057045, -0.00678574878989205, 0.99817923646288309, -34.28204155671119224]
    [0.10788853162688364, 0.99407488778117514, 0.01323591267222342, -40.92473289807094261]
    [-0.99235472449908702, 0.10848538267541979, -0.05884751199614888, -0.38017821942048613]
  #141 objects/spaceships/ships/misc/starfarer/exterior_debris/misc_starfarer_debris_small_004.cgf
    [0.07165172630332570, -0.99361228821140324, -0.08717367402788288, 14.79151851880305912]
    [0.01575602363471305, 0.08851493326629534, -0.99594952327844033, 42.75398185173980892]
    [0.99730455551323061, 0.06998804122583781, 0.02199764188259196, 0.16304027468140703]
  #142 objects/spaceships/derelicts/wreckage/wreckage_mech_junk_07.cgf
    [0.97722925221060997, -0.20847697134742288, -0.03948011415200647, 18.73520866538456175]
    [0.20787269898882199, 0.97797275031106756, -0.01888330044950494, -77.98038260659086518]
    [0.04254724445545509, 0.01024648420530092, 0.99904108019762417, -0.11224317149026319]
  #143 objects/spaceships/derelicts/wreckage/wreckage_panel_small_02.cgf
    [0.98068318520251085, 0.18987931103204556, -0.04697071217945869, -34.77172785115544684]
    [-0.19079243561450426, 0.98150405371635641, -0.01574640753432855, -31.98182497901143506]
    [0.04311202932981817, 0.02440389477004860, 0.99877210270747419, -0.35301104999962263]
  #144 objects/spaceships/derelicts/wreckage/wreckage_internals_02.cgf
    [0.11602506592375628, -0.98989830976893411, 0.08149756472162292, 40.49983347645320464]
    [0.93355627214648607, 0.13670045918887289, 0.33134272868899189, 2.39615292917005718]
    [-0.33913596605919516, 0.03763845687217243, 0.93998535932797223, 0.66102780179062393]
  #145 objects/spaceships/derelicts/wreckage/wreckage_panel_small_01.cgf
    [0.98162704923857025, 0.19080955256163915, -0.00007279431925246, -16.79206421307753772]
    [-0.19080956380490194, 0.98162702770013632, -0.00020807159112125, -47.08318167916149832]
    [0.00003175482476192, 0.00021813855929546, 0.99999995292590305, -0.44332483800826594]
  #146 objects/spaceships/derelicts/wreckage/wreckage_mech_junk_014.cgf
    [0.75413015215151058, -0.65653441579308347, -0.01576867851225293, -37.03695106419036165]
    [0.65533072080331123, 0.75387663804191585, -0.04701103820252887, -43.53005936622503214]
    [0.04275203754443609, 0.02511876232423768, 0.99876908632173156, -0.98032370193686802]
  #147 objects/spaceships/derelicts/wreckage/wreckage_mech_junk_012.cgf
    [0.97767297720668012, -0.20589696583181011, -0.04197587263228940, 20.05997266128542833]
    [0.20790146152008007, 0.97682808834637380, 0.05083161317079384, -81.61188800164381973]
    [0.03053713673222201, -0.05842354029828201, 0.99782471306406029, -0.06693584850290790]
  #148 objects/spaceships/derelicts/wreckage/wreckage_panel_small_02.cgf
    [0.95032310891383598, -0.31043183750723524, -0.02276097974967368, -29.21267317119054496]
    [0.31099881314989991, 0.94999230814815139, 0.02818425006353042, 49.09805011798744090]
    [0.01287346715680056, -0.03386278184336673, 0.99934357711556510, -0.33597666119749192]
  #149 objects/spaceships/derelicts/wreckage/wreckage_internals_02.cgf
    [-0.68562011452842853, -0.69136686769150435, 0.22790080981306457, 25.16447271466313396]
    [0.68440572746673412, -0.50552962839955640, 0.52538601173035138, 30.03271137675619684]
    [-0.24802363811891609, 0.51619135538057248, 0.81977596077563264, 0.53917936536890920]
  #150 objects/spaceships/derelicts/wreckage/wreckage_mech_junk_06.cgf
    [0.55919612221204662, 0.76318981010303222, 0.32379157340358122, -34.23888505983632058]
    [-0.82863199799877474, 0.52671415906226504, 0.18958158899310007, -13.21690398443024606]
    [-0.02585886975154836, -0.37431735298739210, 0.92694002527506791, -0.22603132021322381]
  #151 objects/spaceships/derelicts/wreckage/wreckage_mech_junk_010.cgf
    [-0.15665763543724831, -0.83680533466429408, 0.52460956360021316, -36.50554487301269546]
    [0.98756354646575562, -0.13986582762267538, 0.07180368402540818, -75.73447888102964498]
    [0.01328924510296993, 0.52933388255903291, 0.84830950355621371, -1.28569439373677596]
  #152 objects/spaceships/derelicts/wreckage/wreckage_mech_junk_08.cgf
    [0.88951046735606532, -0.18965785227751175, -0.41569337613264234, -15.76377980395045597]
    [0.25072735459776913, 0.96317896915197054, 0.09706710290737440, -7.85158528428291902]
    [0.38197758775545654, -0.19056790884067498, 0.90431020673201157, -0.23934085786459036]
  #153 objects/spaceships/derelicts/wreckage/wreckage_mech_junk_03.cgf
    [-0.61382715093201634, -0.78866894217691608, 0.03489352835531410, 6.61192122175998520]
    [-0.02116712009308921, -0.02774209025489527, -0.99939099423204170, -47.59440764057217166]
    [0.78915664585841494, -0.61419191298053433, 0.00033499800430462, -0.63443807503790595]
  #154 objects/spaceships/derelicts/wreckage/wreckage_internals_02.cgf
    [0.87344905098914283, 0.48408334983237428, -0.05242394507420043, -25.44701923675893340]
    [-0.41520426872571753, 0.68424376605526049, -0.59951154127536677, 4.81384439131943509]
    [-0.25434302591975616, 0.54540992226534624, 0.79864625845013582, -0.20889303919102531]
  #155 objects/spaceships/derelicts/wreckage/wreckage_mech_junk_018.cgf
    [-0.73166193467673446, -0.63798974064585756, -0.24008311337794977, 7.74421474324481096]
    [0.68166611136199950, -0.68553189562446992, -0.25568990956948429, -26.12877806718461215]
    [-0.00145709273148605, -0.35073509671213743, 0.93647357996294689, 0.77633262550807558]
  #156 objects/spaceships/derelicts/wreckage/wreckage_pipes_medium_01.cgf
    [0.99245470272701064, -0.12161068031758936, 0.01563889918004834, 3.44783414917765185]
    [0.12185562269117035, 0.99242214840895393, -0.01579734995919115, -39.92409352055983618]
    [-0.01359926297332917, 0.01758384144261746, 0.99975293861360204, -0.72661634914402384]
  #157 objects/spaceships/derelicts/wreckage/wreckage_mech_junk_05.cgf
    [0.61340246360735151, 0.00290579913888080, -0.78976514898962380, 20.41617233653960284]
    [0.76063910642441379, 0.26691785511876448, 0.59176264243653820, -15.29842092539183795]
    [0.21252196123014558, -0.96371491196150394, 0.16151780411066083, 0.16614520701114088]
  #158 objects/spaceships/derelicts/wreckage/wreckage_internals_02.cgf
    [-0.55252455747229123, 0.68378972415604733, -0.47660074171837896, -29.83826822694391012]
    [-0.54378585403831881, -0.72908135310652555, -0.41561684996885956, -49.76952409840305336]
    [-0.63167523207398946, 0.02953022466589309, 0.77467051544080101, -0.88680019241292030]
  #159 objects/spaceships/derelicts/wreckage/wreckage_mech_junk_08.cgf
    [0.88951178862636360, -0.18966370729546464, -0.41568796077504999, -14.34751964618044440]
    [0.22020132308521800, 0.97509997677738236, 0.02629519545315712, -17.71269497199682519]
    [0.40035007169962961, -0.11492492387354718, 0.90912711249110401, -0.58356058473873418]
  #160 objects/spaceships/derelicts/wreckage/wreckage_props_chair_seat.cgf
    [0.72609793893176056, -0.40271120902972551, -0.55731876067143438, -31.01929268881212920]
    [-0.26837532312146301, 0.58026219968140724, -0.76894031065865087, 45.96328079033992253]
    [0.63305229232187221, 0.70789702467109494, 0.31324963438655656, -0.32362777990056202]
  #161 objects/spaceships/derelicts/wreckage/wreckage_mech_junk_06.cgf
    [0.29316273758530415, -0.95555128032978931, -0.03126436749023060, -10.59736314660403877]
    [0.95583309323810339, 0.29221911002984541, 0.03148317530392775, 58.66604076448129490]
    [-0.02094774177191474, -0.03911320897649811, 0.99901523998445130, 0.11280384879501071]
  #162 objects/spaceships/derelicts/wreckage/wreckage_pipes_medium_02.cgf
    [0.97808005580891688, -0.20764802663183182, -0.01554730583561901, 15.99231243925169110]
    [0.20788131305402988, 0.97803468002206029, 0.01528206828582919, -76.41979502915637568]
    [0.01203251286193485, -0.01817908039660950, 0.99976235022337956, -0.20540000195614994]
  #163 objects/spaceships/derelicts/wreckage/wreckage_internals_01.cgf
    [0.71252342599949747, 0.70010468255997205, -0.04651812018087521, 41.67994563397951424]
    [-0.70031552887566795, 0.70552060462055644, -0.10862306899117199, -7.15355001855641603]
    [-0.04322802404869960, 0.10997383579319360, 0.99299407250164362, 0.42986383131938055]
  #164 objects/spaceships/derelicts/wreckage/wreckage_mech_junk_015.cgf
    [0.79883289375228661, 0.60073953586882178, -0.03131474033844420, -21.66402603963797446]
    [-0.60152263805586803, 0.79824791856119537, -0.03119890187221252, 3.95046103544882499]
    [0.00625450434971889, 0.04375917750410167, 0.99902382885420060, -0.16160352795850486]
  #165 objects/spaceships/derelicts/wreckage/wreckage_pipes_small_01.cgf
    [-0.15665763475096678, -0.89450028629040768, 0.41872299805298313, -35.48706131032668054]
    [0.98756989688997798, -0.14739075339629135, 0.05461675903840579, 21.85525780712487176]
    [0.01286118302561311, 0.42207408050900203, 0.90647084141274481, -0.03939507601899095]
  #166 objects/spaceships/derelicts/wreckage/wreckage_props_chair_back.cgf
    [-0.17308423420433156, -0.93572031201233652, 0.30735864697480564, 3.62578744564962108]
    [0.98469186505474871, -0.15788180737175064, 0.07385971912197688, -47.11082890524994582]
    [-0.02058570080536531, 0.31543751346552373, 0.94872303457531104, -0.69676731631625444]
  #167 objects/spaceships/ships/misc/starfarer/exterior_debris/misc_starfarer_debris_small_004.cgf
    [0.07150261963452315, -0.34160591151628217, -0.93711944006244352, -20.31878018943825737]
    [-0.03109234742643539, 0.93830429960295714, -0.34441018512601301, 4.04852883151033893]
    [0.99695572101138552, 0.05376347183870012, 0.05646988382257178, -0.11460420965158846]
  #168 objects/spaceships/derelicts/wreckage/wreckage_mech_junk_08.cgf
    [-0.85700414344069342, 0.40646648346937025, 0.31674746923198321, 33.13857897715934087]
    [0.51447935455703520, 0.70977736632495847, 0.48117267930621332, -34.21667309725307859]
    [-0.02923961667666636, 0.57532699518811725, -0.81740073204503094, -0.24372227108688094]
  #169 objects/planets/terrain_extension/crashpile_01/crashpile_01_a.cgf
    [-0.22950546779278003, -1.62727915265869405, -0.05107920897117862, 36.12511781166540459]
    [1.62797731498693499, -0.22879681615658848, -0.02571312540394516, -5.56934303828165866]
    [0.01834088750982271, -0.05416513871958949, 1.64318259350759299, -0.26531256364251021]
  #170 objects/spaceships/derelicts/wreckage/wreckage_mech_junk_09.cgf
    [0.08135338614458615, -0.98473101762077719, 0.15390901849459743, 5.09331063771969639]
    [-0.52337212645800024, -0.17362449957569245, -0.83422879767455482, -46.04840359743684530]
    [0.84821269755012085, -0.01268434303584097, -0.52950530085364444, -0.66532473471306730]
  #171 objects/spaceships/derelicts/wreckage/wreckage_mech_junk_013.cgf
    [-0.03439405782684955, -0.99892253570788692, -0.03119485245592651, 7.48117672643275000]
    [0.99927353485262815, -0.03488747645280450, 0.01541327053244560, -45.61759818863356486]
    [-0.01648495398703517, -0.03064203029008869, 0.99939562469042476, -0.63405362304183654]
  #172 objects/spaceships/derelicts/wreckage/wreckage_girder_03.cgf
    [-0.96066516977700034, 0.27597008606595602, -0.03103014215908350, 44.47350134911539499]
    [-0.27560428677986504, -0.96114471571607651, -0.01558971160609835, 5.30890794072183780]
    [-0.03412675247113352, -0.00642445298435829, 0.99939682695011700, 0.26073010113032069]
  #173 objects/spaceships/derelicts/wreckage/wreckage_mech_junk_011.cgf
    [-0.17338673315208952, 0.15563211447940578, 0.97247914174977923, 3.93930312011798378]
    [0.98469151529229160, 0.04532080946358277, 0.16831113857914545, -48.72894969172193669]
    [-0.01787892354390502, 0.98677488040642103, -0.16110765009979025, -0.66586923816066701]
  #174 objects/spaceships/derelicts/wreckage/wreckage_mech_junk_06.cgf
    [0.01695820127298318, 0.93209216508733395, 0.36182390622546751, 20.61261691062827595]
    [-0.99973043113210869, 0.01006821157218938, 0.02091937159693523, -65.91196303375181742]
    [0.01585586332742614, -0.36208113845160245, 0.93201167626784476, -0.49579817711492069]
  #175 objects/spaceships/derelicts/wreckage/wreckage_mech_junk_06.cgf
    [0.54477645578748968, -0.83843752523917214, -0.01553116910981117, 19.65086175626493059]
    [0.83857026572053994, 0.54458052828910286, 0.01523303585068483, -87.44071744472603314]
    [-0.00431397641254089, -0.02132257495373959, 0.99976338457073810, -0.21450804025516845]
  #176 objects/spaceships/derelicts/wreckage/wreckage_mech_junk_018.cgf
    [0.05884056483012068, 0.35744954370866000, -0.93207820485345638, 45.65643755449855234]
    [0.08775076158079127, 0.92822960282465450, 0.36151317626315282, -6.72173544589895755]
    [0.99440422369495307, -0.10306210007734666, 0.02325105922713016, 0.59358464070828632]
  #177 objects/spaceships/derelicts/wreckage/wreckage_mech_junk_06.cgf
    [0.70711192663384603, -0.70710176234875033, 0.00012679137614760, 27.82769751321757212]
    [0.70632805455723824, 0.70632979901296356, -0.04689445118865214, -16.32521897729020566]
    [0.03306958932537161, 0.03324917878969660, 0.99889993970980573, 0.00424173881765455]
  #178 objects/spaceships/derelicts/wreckage/wreckage_pipes_large_01.cgf
    [0.94551859040509856, 0.32476497143560779, 0.02285058007178978, 30.91311101353494450]
    [-0.32556782611114876, 0.94322164485099202, 0.06586622631275257, -20.72605352196842432]
    [-0.00016211862701086, -0.06971716069843056, 0.99756670539093917, 0.08967792917974293]
  #179 objects/spaceships/derelicts/wreckage/wreckage_mech_junk_018.cgf
    [-0.07047104805729372, -0.94379591796524098, -0.32293098016032068, 28.34606676604016684]
    [0.99646464834012749, -0.05175697311543801, -0.06618717150449026, -30.71358639403479174]
    [0.04575322200177372, -0.32645336925130158, 0.94410601190246624, -0.19568047623033635]
  #180 objects/spaceships/derelicts/wreckage/wreckage_mech_junk_08.cgf
    [0.38387726798594324, -0.88724735767244678, -0.25579010035187982, 19.34832858222944196]
    [0.92048470112555414, 0.34576529312436616, 0.18207823339305446, -8.06067413534037769]
    [-0.07310515801612570, -0.30534684276245216, 0.94942990657423176, 0.27599404082866386]
  #181 objects/spaceships/derelicts/wreckage/wreckage_panel_small_03.cgf
    [0.55932492110585330, 0.82880264671815473, 0.01550094599198052, -27.58224002634233329]
    [-0.82893714561096721, 0.55912620838538785, 0.01547790769631929, -32.28703875295468606]
    [0.00416114888064407, -0.02150650583649495, 0.99975928550348125, -0.39892922027502209]
  #182 objects/spaceships/derelicts/wreckage/wreckage_panel_small_02.cgf
    [0.94507898506393795, -0.31102436360263103, -0.10044642472687702, -31.45389908351353370]
    [0.31072841674736640, 0.95030919161646765, -0.01897941936013043, -50.58030706836143509]
    [0.10135822621035144, -0.01327450862183201, 0.99476139068856961, -0.99288008219446056]
  #183 objects/spaceships/derelicts/wreckage/wreckage_mech_junk_08.cgf
    [0.55451459589432117, -0.82449727130143768, 0.11277333881456275, -9.98190246516605839]
    [0.74693332876710550, 0.55286936432595246, 0.36935901472341393, -20.96119621265097521]
    [-0.36688442145693739, -0.12058079862500333, 0.92241861737819864, -0.63047979596012738]
  #184 objects/spaceships/derelicts/wreckage/wreckage_internals_02.cgf
    [0.14242193577696877, 0.98969152019208673, 0.01501049620614379, 4.78649725636932999]
    [-0.98957798447033996, 0.14204782154893614, 0.02358934021456164, -61.23703919874969870]
    [0.02121397624439421, -0.01821370857390858, 0.99960835128505388, -0.51097363495500758]
  #185 objects/spaceships/derelicts/wreckage/wreckage_mech_junk_013.cgf
    [-0.35683275423318861, -0.93364954132848355, -0.03112783751274267, 15.89571237796917558]
    [0.93257999426782900, -0.35797050265712049, 0.04638638058282949, -93.37997554868343286]
    [-0.05445146997578132, -0.01247701844478066, 0.99843847292307164, -0.00870203778322320]
  #186 objects/spaceships/derelicts/wreckage/wreckage_mech_junk_07.cgf
    [0.50872229097449695, 0.69522344209554554, 0.50780507443750345, -13.27711026836186647]
    [-0.84560390097099081, 0.29269181905264297, 0.44641408929411658, -13.79622235786519013]
    [0.16172714900813534, -0.65650275096032484, 0.73678250837898118, -0.35161526603042148]
  #187 objects/spaceships/derelicts/wreckage/wreckage_mech_junk_02.cgf
    [-0.99756411335896955, -0.06975539186843999, 0.00000371360607593, 0.24076539624365978]
    [0.06967812034552025, -0.99646156421656162, -0.04700303771434386, -40.69510494486894459]
    [0.00328241582156957, -0.04688828547239930, 0.99889473389442285, -0.71110374014824629]
  #188 objects/spaceships/derelicts/wreckage/wreckage_pipes_large_01.cgf
    [-0.92697673695544136, 0.37438207195037487, 0.02349820930096094, -32.41169501554395538]
    [-0.37455654879058342, -0.92034116019712875, -0.11260334408824253, -37.23129448105464689]
    [-0.02053030434004131, -0.11318209020826656, 0.99336211602544877, -0.19106245486182161]
  #189 objects/spaceships/derelicts/wreckage/wreckage_mech_junk_014.cgf
    [0.65099428480952026, -0.36995427853111451, 0.66282555380646990, 34.46394389278430026]
    [0.64560964689650446, -0.18940916679830966, -0.73980388834064070, -9.83093689373345114]
    [0.39923936030469487, 0.90953583830780582, 0.11554191384171060, 1.03149201716587413]
  #190 objects/spaceships/derelicts/wreckage/wreckage_mech_junk_06.cgf
    [-0.19071432871870281, 0.91539322593878392, 0.35451839153779180, -23.39755245616834145]
    [-0.98162864688612395, -0.17571840022067861, -0.07435217984823890, 47.96288223311421461]
    [-0.00576607714777156, -0.36218543446838647, 0.93208822899179067, -0.61648300345405005]
  #191 objects/spaceships/derelicts/wreckage/wreckage_mech_junk_06.cgf
    [-0.18975344035173339, 0.98182754110544956, 0.00288554568355306, -36.83556918065005448]
    [-0.98114288151218931, -0.18950940628910209, -0.03801112940039879, -34.93087455944623798]
    [-0.03677353538923064, -0.01004387510688652, 0.99927315716984899, -0.52565717815014068]
  #192 objects/spaceships/derelicts/wreckage/wreckage_props_chair_seat.cgf
    [0.23958072883921300, 0.97086777348294628, 0.00409101344028000, -8.29470817386754788]
    [-0.25540547876164865, 0.05895989446937787, 0.96503454232090757, 55.58120053526363336]
    [0.93667978060660351, -0.23224855837282823, 0.26209061666976635, 0.20743723597843200]
  #193 objects/spaceships/derelicts/wreckage/wreckage_panel_small_02.cgf
    [0.90397950403454541, -0.29828530559296296, -0.30634442219595892, -6.63720557860506233]
    [0.26376281757967940, 0.95292691229785864, -0.14953075984125702, -19.76998999289935455]
    [0.33652667740565834, 0.05437047492516139, 0.94010298324626451, -0.56774724618298933]
  #194 objects/spaceships/derelicts/wreckage/wreckage_mech_junk_018.cgf
    [-0.31307083401790853, -0.88258488121730505, -0.35075712542249565, 35.69311730551999062]
    [0.93698298469850538, -0.34733812274449433, 0.03767088497097571, 2.44230285496450961]
    [-0.15507907651742409, -0.31685980596417046, 0.93570846105586569, 0.61072432417131495]
  #195 objects/spaceships/derelicts/wreckage/wreckage_internals_01.cgf
    [0.48296667131275667, -0.87072081377665567, -0.09267399286841468, 33.79340765532106161]
    [0.87359367255308984, 0.48636162467417127, -0.01692558467191223, -21.22458083185483702]
    [0.05981053229374495, -0.07278492012360761, 0.99555264337267446, 0.02954182995017618]
  #196 objects/spaceships/derelicts/wreckage/wreckage_mech_junk_02.cgf
    [0.77674645541671372, -0.62962068215541112, 0.01558374232923762, -7.69859054073458537]
    [0.62900368727133538, 0.77676456323711229, 0.03148471253450379, 56.33340239166864194]
    [-0.03192832319263631, -0.01465340665070666, 0.99938279566785304, 0.17602067225379869]
  #197 objects/spaceships/derelicts/wreckage/wreckage_mech_junk_017.cgf
    [-0.26494010040717580, 0.85024970371637187, 0.45484298452749422, -7.04324033178272657]
    [-0.92190120875693349, -0.36162871214477771, 0.13900644550680075, 53.56227043032413349]
    [0.28267447804172430, -0.38249192400644527, 0.87965619623868208, 0.22359667376440484]
  #198 objects/spaceships/derelicts/wreckage/wreckage_panel_small_02.cgf
    [0.86471814795941238, -0.50061672264337453, -0.04058038468741359, 14.68854089848173317]
    [0.50177224060908088, 0.86461161206351278, 0.02593694008561163, -66.01058805859065615]
    [0.02210179100694301, -0.04279022454566571, 0.99884025426468726, -0.37017499450303148]
  #199 objects/spaceships/derelicts/wreckage/wreckage_mech_junk_08.cgf
    [0.38354139361582124, -0.87320260220984458, -0.30068509586861419, -39.53485772121348418]
    [0.92344472560209556, 0.35837988783299657, 0.13715686914918779, -64.30905284741311334]
    [-0.01200625425485891, -0.33027168133385709, 0.94380865559074123, -1.47013347092433833]
  #200 objects/spaceships/derelicts/wreckage/wreckage_girder_01.cgf
    [-0.48542478743338452, 0.87401904361806748, -0.02129772509428592, 31.79431897192262113]
    [-0.87412971016803753, -0.48474875365133091, 0.03026551818495367, 17.75711331795901060]
    [0.01612859270909425, 0.03330860523077616, 0.99931502103730263, 0.67539734614547342]
  #201 objects/spaceships/derelicts/wreckage/wreckage_mech_junk_010.cgf
    [-0.35728602743811261, -0.79984316653661147, 0.48228005972127902, 14.97712904226500541]
    [0.93313957678606740, -0.28361876261816549, 0.22092392398525196, -91.66566644344129600]
    [-0.03992088796097838, 0.52896858025615179, 0.84769983854474029, -0.10167998669203371]
  #202 objects/spaceships/derelicts/wreckage/wreckage_mech_junk_011.cgf
    [-0.00495630278194374, -0.96964575253853003, 0.24446350829100777, -35.23151253355899826]
    [0.74181169365330635, -0.16750390798611309, -0.64935176076439438, -60.14872856964939274]
    [0.67058981759431247, 0.17812751789825662, 0.72012480942226897, -1.21825817729404662]
  #203 objects/spaceships/derelicts/wreckage/wreckage_panel_small_02.cgf
    [0.79052181931863696, -0.50558945752237805, 0.34562192966076710, 26.55535513426002581]
    [0.57492617682273983, 0.80710207342735096, -0.13433576929586261, -11.22827177811996080]
    [-0.21103343105819181, 0.30490245678011663, 0.92870842973686263, 0.36886792368022725]
  #204 objects/spaceships/derelicts/wreckage/wreckage_mech_junk_09.cgf
    [0.09825890115817661, -0.98760441205817806, 0.12240415798799519, 26.01509271356917452]
    [-0.55104554244567627, -0.15641679723090426, -0.81968448805691008, -21.05515607257257216]
    [0.82867005663308502, 0.01309103103611712, -0.55958433360171311, 0.02447100220888387]
  #205 objects/spaceships/ships/misc/starfarer/exterior_debris/misc_starfarer_debris_small_001.cgf
    [0.11821192382600794, -0.98929364326536717, -0.08557291904601844, -1.01245236783870496]
    [0.03096723375354496, 0.08980807678801338, -0.99547688862738437, -30.99935674117296003]
    [0.99250474432769020, 0.11502735653895831, 0.04125209993020945, -0.67830169973603915]
  #206 objects/spaceships/derelicts/wreckage/wreckage_internals_04.cgf
    [0.19174562180724666, -0.98132012631885135, -0.01563633120582165, -10.35482347682409454]
    [0.97974121655453217, 0.19045024178895098, 0.06193482575294479, -98.30222151352791116]
    [-0.05779994598846839, -0.02719528890002682, 0.99795774016721073, -0.26048387907212600]
  #207 objects/spaceships/derelicts/wreckage/wreckage_pipes_medium_03.cgf
    [0.97777412944480724, -0.20733387206419090, -0.03115088261296456, 17.40000197717745323]
    [0.20787558657962443, 0.97803622752021357, 0.01525904212111260, -80.33010094566270709]
    [0.02730297597101925, -0.02139540504749867, 0.99939819108813033, -0.15999947526142932]
  #208 objects/spaceships/derelicts/wreckage/wreckage_internals_03.cgf
    [-0.60228438126409412, -0.79083897049659357, -0.10875304371609798, -32.83821286384772975]
    [0.79777668237084931, -0.60113634146007777, -0.04677009439432370, -50.76945271133445203]
    [-0.02838779383799755, -0.11492954105964583, 0.99296793072139578, -1.18431960577436257]
  #209 objects/spaceships/derelicts/wreckage/wreckage_props_chair_seat.cgf
    [0.33369454298624668, -0.67289280082900449, 0.66020036476267030, 31.19886569847585633]
    [-0.78080145336241547, -0.58970585460870517, -0.20639134314796631, -6.82551657294970937]
    [0.52820292830256521, -0.44661345108693218, -0.72217683630803398, 0.64252925718028564]
  #210 objects/spaceships/derelicts/wreckage/wreckage_mech_junk_01.cgf
    [-0.06165420459719147, -0.89031314223400226, -0.45115551727130593, 30.68605547834886238]
    [0.89509405667612929, -0.24930842707545334, 0.36966467350244364, -32.66189582768129185]
    [-0.44159418214237439, -0.38103523445741255, 0.81228490158529143, -0.24314013562980108]
  #211 objects/planets/terrain_extension/crashpile_01/crashpile_01_a.cgf
    [0.05408159413699366, 1.59347654555659313, 0.05009623617750915, 40.96721904678270221]
    [-1.59343077458888160, 0.05564683959056874, -0.04983722282774799, -5.52495059446664527]
    [-0.05153155063844467, -0.04835163851549185, 1.59361493820941225, -0.23489521090232302]
  #212 objects/spaceships/derelicts/wreckage/wreckage_mech_junk_018.cgf
    [0.96644823639229949, 0.21826190839689275, 0.13541687460254145, -25.73858512473816518]
    [-0.21252571956501981, 0.38340782619884201, 0.89879332526605316, -0.30609708579140715]
    [0.14425258787122186, -0.89741760756204536, 0.41693046511382498, -0.24012584141746629]
  #213 objects/spaceships/derelicts/wreckage/wreckage_internals_02.cgf
    [-0.68618185629926276, 0.50310527817349404, -0.52539463848476409, 35.18153982079820707]
    [-0.40069395502672123, -0.86422333648448424, -0.30424063842546828, -10.73984122392721474]
    [-0.60712338241877051, 0.00175804961927105, 0.79460562216158137, 0.70499544269114267]
  #214 objects/spaceships/derelicts/wreckage/wreckage_mech_junk_011.cgf
    [-0.15190791765344264, -0.08420239789332273, -0.98480230292659532, -9.05956729676108807]
    [-0.42989930643473295, 0.90281219798610601, -0.01087918198888546, 59.29079311771783978]
    [0.89000685726990136, 0.42171284834923672, -0.17334273176583809, 0.11270684818737209]
  #215 objects/spaceships/derelicts/wreckage/wreckage_props_chair_back.cgf
    [-0.61501557086756142, -0.71230489789177076, 0.33819733848024469, 24.56079905093065463]
    [0.73922104028401703, -0.67011211023927919, -0.06709599866873854, 32.63006272906204686]
    [0.27442295989428939, 0.20873751908876803, 0.93868021547958669, 0.53888351333444007]
  #216 objects/spaceships/derelicts/wreckage/wreckage_mech_junk_01.cgf
    [0.74955624845149094, 0.55596459794635611, 0.35925902497680257, -9.28660837798088323]
    [-0.36250618672749824, 0.79888517866254793, -0.47996873511428484, 53.78722334420308471]
    [-0.55385281960212540, 0.22953014602283700, 0.80035068380999097, 0.23908609672798775]
  #217 objects/spaceships/derelicts/wreckage/wreckage_pipes_large_01.cgf
    [-0.05394977782789628, -0.42113978047959277, -0.90538977306084922, -11.67537489002279472]
    [0.28307161489908411, 0.86306385288462795, -0.41831947250351675, -27.16340575076173991]
    [0.95758018813256585, -0.27885839692359338, 0.07265061702737556, -0.58435434832063038]
  #218 objects/spaceships/derelicts/wreckage/wreckage_pipes_medium_02.cgf
    [-0.66912862238286575, -0.74314657534340622, 0.00011073039247758, 24.35598007954831701]
    [0.74305626342502595, -0.66904961374528360, -0.01549069817567387, 29.19505428936099634]
    [0.01158594366856468, -0.01028299083430934, 0.99987998480150331, 0.52375441647018306]
  #219 objects/spaceships/derelicts/wreckage/wreckage_mech_junk_019.cgf
    [0.32568678227670611, -0.13910483135334684, -0.93519008984768004, 32.32182917369937059]
    [0.04979115491562591, 0.99026987100028663, -0.12995753878153196, -20.37708692383603193]
    [0.94416709281107825, -0.00423873662099507, 0.32944357994874363, -0.00753795341006480]
  #220 objects/spaceships/ships/misc/starfarer/exterior_debris/misc_starfarer_debris_small_003.cgf
    [0.05615916958732985, -0.99466411488544060, -0.08653484776603498, 34.82477414059394505]
    [-0.01553719159314111, 0.08579048859467375, -0.99619145820045629, 3.39099485101178288]
    [0.99830034408294455, 0.05728982696183052, -0.01063637052870994, 0.53986792577779852]
  #221 objects/spaceships/derelicts/wreckage/wreckage_mech_junk_05.cgf
    [0.86305967640702430, 0.10236514903407891, -0.49462045199994142, 15.48725233580626082]
    [0.46495339459835683, 0.22159528991644975, 0.85715453020531962, -63.37525443205959164]
    [0.19734831168484870, -0.96975095981559534, 0.14365493421760497, -0.42003994248807430]
  #222 objects/spaceships/derelicts/wreckage/wreckage_panel_medium_04.cgf
    [0.82903911497261495, -0.55919051250592233, -0.00009618952370408, -22.02462118149560411]
    [0.55912738014339713, 0.82894290738473531, 0.01516976447280359, -101.95871131628518924]
    [-0.00840305319759452, -0.01263011098697081, 0.99988487421155248, -0.29421291976177599]
  #223 objects/spaceships/derelicts/wreckage/wreckage_mech_junk_02.cgf
    [-0.93932455945605842, 0.34266966165350415, 0.01571437214131757, 23.72652525927696843]
    [-0.34164004394572034, -0.93865630614533035, 0.04697324571722968, 34.30219525439315476]
    [0.03084669969849399, 0.03875446326190037, 0.99877256630417754, 0.47622392843186390]
  #224 objects/spaceships/derelicts/wreckage/wreckage_mech_junk_015.cgf
    [-0.03489371126424255, -0.99927015514255901, -0.01561355066571905, 1.53754267931799404]
    [0.99939207439296873, -0.03489457769845713, -0.00021701747038995, -48.89648457974544726]
    [-0.00032796881527352, -0.01561161418398618, 0.99987917617472333, -0.72837631343281828]
  #225 objects/spaceships/derelicts/wreckage/wreckage_pipes_small_01.cgf
    [-0.58539952224208835, -0.69672884476658248, 0.41457997698155319, 22.28193168502184562]
    [0.72600946110994291, -0.67809623076570102, -0.11443777909967723, 33.91467377525987104]
    [0.36085717787325788, 0.23399713625734744, 0.90278883382869468, 0.49205635506950784]
  #226 objects/spaceships/derelicts/wreckage/wreckage_internals_03.cgf
    [-0.74615396495759312, 0.57992206808662239, 0.32702400946815446, 41.83674829898518510]
    [-0.62580372283685282, -0.77854879082225836, -0.04723905203498965, -0.54653037997195497]
    [0.22720917302351173, -0.23990044289197118, 0.94383463405335788, 0.78723251602787059]
  #227 objects/spaceships/derelicts/wreckage/wreckage_mech_junk_08.cgf
    [0.90540978668556693, 0.29805766585200832, -0.30231577821509420, -9.57150400168029591]
    [-0.21199369877267962, 0.93438645813693355, 0.28632272401600301, -25.57759958054521121]
    [0.36782043664215269, -0.19515034828080211, 0.90918895269971645, -0.56844255301984958]
  #228 objects/spaceships/derelicts/wreckage/wreckage_internals_01.cgf
    [0.06069616169632382, -0.99654746864522203, 0.05665019056555565, 38.29793857978074811]
    [0.99798734560496061, 0.05954370697609074, -0.02181582844840419, -0.76386174876824953]
    [0.01836734511785731, 0.05786030673376606, 0.99815577488535079, 0.57120721176033840]
  #229 objects/spaceships/derelicts/wreckage/wreckage_pipes_medium_01.cgf
    [0.96580834045825548, -0.25878694204251329, -0.01560966997494934, 2.49461892239924055]
    [0.25881505087542117, 0.96592691841336342, -0.00022669801083297, -51.23964253533631563]
    [0.01513646619244803, -0.00382107052013284, 0.99987818281951546, -0.71328437286138069]
  #230 objects/spaceships/derelicts/wreckage/wreckage_mech_junk_010.cgf
    [-0.80848838120250577, -0.50189648388922792, 0.30732426979608796, -1.61812139755056705]
    [0.58716479871072502, -0.65258007725673139, 0.47893474692081928, -128.25586102672968991]
    [-0.03982193492363846, 0.56766267458125641, 0.82229863873881526, 0.95811113793752156]
  #231 objects/spaceships/derelicts/wreckage/wreckage_mech_junk_06.cgf
    [0.99891692889462791, 0.03546577121041081, -0.03008376045643779, -16.96041162437177263]
    [-0.03489618373824482, 0.99920443754367771, 0.01925182475906814, -4.03822987288003787]
    [0.03074264027789728, -0.01818118446356031, 0.99936090528060495, -0.25495123708969913]
  #232 objects/spaceships/derelicts/wreckage/wreckage_pipes_medium_02.cgf
    [0.87463148603035146, 0.48453496112763961, -0.01573130404397701, -24.95529146259650588]
    [-0.48475058842814528, 0.87451449124473368, -0.01559199984221549, 5.86907988353050314]
    [0.00620237861260401, 0.02126299333465557, 0.99975559735944697, -0.19323768001049757]
  #233 objects/spaceships/derelicts/wreckage/wreckage_mech_junk_06.cgf
    [-0.18566336406163048, 0.92703623059587670, 0.32578049798609743, -34.24821629656071309]
    [-0.97864188785027661, -0.14467551614277421, -0.14604465356126792, -38.58253533477545716]
    [-0.08825622386170492, -0.34593758490741217, 0.93409743429594205, -0.52034577009908389]
  #234 objects/spaceships/derelicts/wreckage/wreckage_mech_junk_010.cgf
    [0.05306676410139645, -0.82878935127529985, 0.55703749513633127, 38.64288808479614090]
    [0.99753268470668299, 0.01833025963309154, -0.06775828916778198, -6.55531501010409556]
    [0.04594673782727184, 0.55925920110601213, 0.82771775653816981, 0.16861510177841410]
  #235 objects/spaceships/derelicts/wreckage/wreckage_girder_02.cgf
    [-0.37831352289781800, -0.59606524636465585, 0.70822661103731266, -36.36573243069869932]
    [0.92143510421143282, -0.16932373691854813, 0.34969508568940028, -147.52792093096650206]
    [-0.08852151846879310, 0.78487930683939744, 0.61329295330681755, 0.70370974499383010]
  #236 objects/spaceships/derelicts/wreckage/wreckage_mech_junk_017.cgf
    [0.40078511967209773, -0.64260045038005875, -0.65302049077878810, -33.13009810195944738]
    [0.80093695151687505, 0.59182191695371444, -0.09081096114614753, -27.89488749881274998]
    [0.44482704492923841, -0.48663260488871651, 0.75187593412407150, -0.43033996831218246]
  #237 objects/spaceships/derelicts/wreckage/wreckage_mech_junk_014.cgf
    [-0.89225059483897984, -0.23709041063140504, 0.38428777035625200, -44.53819081874098629]
    [-0.08856414779192462, -0.74263912844414692, -0.66380990793966688, -13.58724965713918209]
    [0.44277008140189178, -0.62631887991630153, 0.64162246915535281, -0.54036480624927208]
  #238 objects/spaceships/derelicts/wreckage/wreckage_props_chair_base.cgf
    [-0.70537720617900690, 0.46940887031637385, -0.53112922193637546, -26.47437787802482489]
    [-0.70571709982539332, -0.53523810082020917, 0.46420199414451707, -46.90162148716626689]
    [-0.06638006433011144, 0.70226450061356238, 0.70881464372630443, 0.58662238172837533]
  #239 objects/spaceships/derelicts/wreckage/wreckage_mech_junk_01.cgf
    [0.25748797057149408, 0.82796876682632925, 0.49816421717462589, 6.91173595360305626]
    [-0.85584565964016379, 0.43475233170856237, -0.28021159514054356, -63.20268254735856317]
    [-0.44858452156557216, -0.35420058206643662, 0.82055700336888882, -0.51331183429283556]
  #240 objects/spaceships/derelicts/wreckage/wreckage_panel_small_02.cgf
    [-0.05910405992283085, -0.97792032027036546, -0.20044623779107384, -26.81525823511765338]
    [0.99824520697067554, -0.05716483350025939, -0.01545398047792963, 3.51318501823698170]
    [0.00365428547913687, -0.20100787535528283, 0.97958287918095188, -0.54447673939284869]
  #241 objects/spaceships/derelicts/wreckage/wreckage_props_chair_base.cgf
    [-0.80776176895923313, -0.43138453135503424, 0.40178136975027401, -2.98337950266432017]
    [0.58717153103009934, -0.52811786564359686, 0.61345013774452695, -125.59475146801560186]
    [-0.05244498182455543, 0.73143616567586245, 0.67989015126399122, 1.05420513576245867]
  #242 objects/spaceships/derelicts/wreckage/wreckage_mech_junk_012.cgf
    [0.99999904494442193, 0.00000604580615062, -0.00011818810268783, -27.20234537043143064]
    [0.00000016545191864, 0.99862084446114430, 0.05248345360605553, 32.72105098224710673]
    [0.00011834251989299, -0.05248345325809445, 0.99862083746729857, -0.13330773478082847]
  #243 objects/spaceships/derelicts/wreckage/wreckage_pipes_medium_02.cgf
    [0.99987604798694152, -0.00000003504753983, 0.01574378638679577, 26.54050679696956649]
    [0.00000034200666095, 0.99999998888381381, -0.00001949446731281, -4.78449579142034054]
    [-0.01574378638312003, 0.00001949743562719, 0.99987604779690153, 0.36910137750965077]
  #244 objects/spaceships/derelicts/wreckage/wreckage_pipes_small_01.cgf
    [0.78009944334949377, 0.43213631151646814, -0.45244136823430392, -21.45769508572993800]
    [-0.49073570703708586, 0.87119559903815458, -0.01402921916356636, 2.08183899690629914]
    [0.38810236956194744, 0.23297330624015700, 0.89168386452537574, -0.19280887441709638]
  #245 objects/spaceships/derelicts/wreckage/wreckage_internals_02.cgf
    [0.87343035796899560, 0.48412266294805972, -0.05237299411869951, -10.44819265337719116]
    [-0.43721825413400334, 0.73233261452701404, -0.52204158212422880, 59.90210902533726767]
    [-0.21437789425426323, 0.47886580837937587, 0.85130953802656339, 0.08123384117789101]
  #246 objects/spaceships/derelicts/wreckage/wreckage_internals_02.cgf
    [0.54019876958395441, 0.59054031878970914, -0.59953933856140273, 40.92204921903612558]
    [0.38573780341247216, -0.80694175836470483, -0.44727099490657124, -2.07715472308336757]
    [-0.74792488501013044, 0.01035025361726457, -0.66370267130060290, 1.29528634673624765]
  #247 objects/spaceships/derelicts/wreckage/wreckage_mech_junk_09.cgf
    [0.07146336650547411, -0.98771937697122147, 0.13893651393628412, -32.86816607530636247]
    [-0.48487692066453852, -0.15612784910508737, -0.86053378890208321, -77.30356449459213763]
    [0.87165778511756564, -0.00587046768854235, -0.49007976754252880, -1.14504260156536475]
  #248 objects/spaceships/derelicts/wreckage/wreckage_pipes_medium_02.cgf
    [-0.17364681664147016, -0.98480793934557942, 0.00002494223767598, 5.11196713925164659]
    [0.98468423035855235, -0.17362540490375553, -0.01584551056641509, -50.21444476934266277]
    [0.01560911603477503, -0.00272696238304118, 0.99987439917356224, -0.65059648947499227]
  #249 objects/spaceships/derelicts/wreckage/wreckage_panel_small_02.cgf
    [0.16167690773575008, -0.94025454669254316, 0.29963643439394821, -31.59074698435142636]
    [0.96329861225000868, 0.21629853414856368, 0.15896778179776852, -157.20037703387788497]
    [-0.21428109816203136, 0.26293793837424007, 0.94071636502257716, 0.82116164718172513]
  #250 objects/spaceships/derelicts/wreckage/wreckage_mech_junk_014.cgf
    [0.99937276444404932, -0.01695737418135989, -0.03108867806429694, 31.38948078520479612]
    [0.01744854460825715, 0.99972610357606018, 0.01559637378161425, -4.65833879323326983]
    [0.03081568973697992, -0.01612904352264922, 0.99939493093397869, 0.43097660645435099]
  #251 objects/spaceships/derelicts/wreckage/wreckage_mech_junk_015.cgf
    [-0.55892385393164912, -0.82907469036177239, -0.01551990995422031, 21.86865440184192266]
    [0.82893467992502035, -0.55912459716841545, 0.01576596194733410, 32.08068290911614895]
    [-0.02174870619278398, -0.00405301616723311, 0.99975604581125255, 0.50799201418703888]
  #252 objects/spaceships/derelicts/wreckage/wreckage_mech_junk_02.cgf
    [-0.97802823514877557, -0.20788719468118602, -0.01561124226766127, 2.08545778988627717]
    [0.20791563728587009, -0.97814675363432546, -0.00020364778976996, -46.05280077693169005]
    [-0.01522774998361393, -0.00344499462966753, 0.99987812906784757, -0.72777728932851460]
  #253 objects/spaceships/derelicts/wreckage/wreckage_mech_junk_01.cgf
    [-0.12462508931158633, -0.85149512990462972, -0.50933579221718450, -31.41033715780940838]
    [0.89306464921362272, -0.31993648901571292, 0.31634552895841273, 13.75719421810936183]
    [-0.43232214587013507, -0.41544555012146489, 0.80031298592815836, -0.14751894351502415]
  #254 objects/spaceships/derelicts/wreckage/wreckage_props_chair_base.cgf
    [-0.15587911460495116, -0.66347393336469407, 0.73178144378835097, -35.58931287149607670]
    [0.98756137504368724, -0.12012732943102283, 0.10144947187145742, -72.88750048997462727]
    [0.02059787001618518, 0.73849292790571619, 0.67394655817909166, -1.01812651855289005]
  #255 objects/spaceships/derelicts/wreckage/wreckage_pipes_large_01.cgf
    [0.82852313777674680, -0.55973372543882849, -0.01573375969133388, -29.09998661004647147]
    [0.55856927784085741, 0.82812215747935569, -0.04705357120518060, -53.26807721614022739]
    [0.03936694603341266, 0.03019657790525308, 0.99876843895964940, -0.99688371134107001]
  #256 objects/spaceships/derelicts/wreckage/wreckage_mech_junk_08.cgf
    [0.11379130845888771, -0.95443886222458851, -0.27585870822177305, -28.30964611048693769]
    [0.98516666709423772, 0.07250186335013732, 0.15553182428148779, -159.36354760156245902]
    [-0.12844534508024752, -0.28946496954438039, 0.94853142027084425, 0.85139185245498084]
  #257 objects/spaceships/derelicts/wreckage/wreckage_mech_junk_017.cgf
    [0.64382218812659853, -0.57682291645846751, -0.50276056374886346, -0.73982641656766646]
    [0.70895662427454997, 0.69688223872703636, 0.10833061239039056, -136.32790315867168829]
    [0.28787734594782188, -0.42618111142094295, 0.85761073063185056, 1.37607421935535967]
  #258 objects/spaceships/derelicts/wreckage/wreckage_mech_junk_019.cgf
    [0.98150875441334295, 0.19078645781814435, 0.01552674376033735, -22.11025189371139277]
    [-0.19080783242032384, 0.98162739721309600, -0.00010665986215500, -24.38841902781859972]
    [-0.01526182641925119, -0.00285793675122741, 0.99987944078298785, -0.42857110747718252]
  #259 objects/spaceships/derelicts/wreckage/wreckage_mech_junk_07.cgf
    [1.00000088138472942, -0.00001065462923620, -0.00013192998608941, -29.98429519194178283]
    [-0.00000019072596067, 0.99663865685089459, -0.08193392435180154, -63.12967777726589702]
    [0.00013235938190140, 0.08193392365926332, 0.99663864811880054, -1.26503247481014114]
  #260 objects/spaceships/derelicts/wreckage/wreckage_mech_junk_02.cgf
    [-0.98480768725288115, -0.17364862674473627, 0.00013087037613721, 28.67381369254144374]
    [0.17364860524504577, -0.98480768659351114, -0.00016091160145677, -36.63049304790911265]
    [0.00015682422757117, -0.00013574152084156, 1.00000000027507818, -0.17872216390969697]
  #261 objects/spaceships/derelicts/wreckage/wreckage_props_chair_back.cgf
    [0.81706680649310837, 0.45290678089266156, -0.35675706649720590, -24.03062268708890770]
    [-0.48480472165227795, 0.87462146364910287, 0.00001162109492832, 2.55454422041657381]
    [0.31203291258760246, 0.17294816013140829, 0.93419629538783222, -0.22432489792117849]
  #262 objects/spaceships/derelicts/wreckage/wreckage_props_chair_seat.cgf
    [0.22485699487671254, 0.97439178766899825, -0.00003003462397064, -23.29352665109036025]
    [-0.29939848712905703, 0.06912047753691286, 0.95162121162453694, 0.49290814850246534]
    [0.92725395803075250, -0.21396969091937718, 0.30727364613324765, -0.23985842459660489]
  #263 objects/spaceships/derelicts/wreckage/wreckage_mech_junk_017.cgf
    [0.54380565268240311, -0.67540889260789050, -0.49809456166324895, -2.25814816349884495]
    [0.79347158078709279, 0.60707927156728159, 0.04309943129817664, -139.03269004420144483]
    [0.27327315099649491, -0.41866160354297749, 0.86605092178515997, 1.42127551723388024]
  #264 objects/spaceships/derelicts/wreckage/wreckage_girder_02.cgf
    [-0.61956127267870154, 0.40745836501486071, -0.67090915084125502, 38.48203991593618412]
    [-0.78028296685607712, -0.41273139518170560, 0.46990303847922760, 21.84873866348061711]
    [-0.08543944953822731, 0.81463369358083204, 0.57364590493772827, 0.78823254547023680]
  #265 objects/spaceships/derelicts/wreckage/wreckage_mech_junk_019.cgf
    [0.47464346126175794, -0.04636215420555243, -0.87895699258962379, 0.42731613606156316]
    [0.75727679467606079, 0.53047808718308864, 0.38095421607726021, -137.54429504313156940]
    [0.44860528352876822, -0.84643062867509067, 0.28689675828437228, 1.50033088884083554]
  #266 objects/spaceships/derelicts/wreckage/wreckage_pipes_large_03.cgf
    [0.96134577726239367, -0.27489404985679639, 0.01573463729026801, 28.32520760188344866]
    [0.27533503972943513, 0.96020455772157520, -0.04688117047885334, -14.62941619430785067]
    [-0.00222111560202216, 0.04940131173973071, 0.99877655056646142, 0.16532889426162001]
  #267 objects/spaceships/derelicts/wreckage/wreckage_pipes_medium_05.cgf
    [-0.01744974269706140, 0.99984672138861619, 0.00011595179307409, 25.72903785780363251]
    [-0.99935403813179591, -0.01744478414841421, 0.03138724601275961, 33.94842112733749673]
    [0.03138448957776127, 0.00043182291185646, 0.99950627840924178, 0.46043154090875760]
  #268 objects/spaceships/derelicts/wreckage/wreckage_panel_small_02.cgf
    [0.61348974833463266, -0.78957407241520849, 0.01425036611822099, 6.82893338988651522]
    [0.78964448572467982, 0.61312564313118723, -0.02320542988407951, 51.51861995263607241]
    [0.00958514107596515, 0.02548901687319691, 0.99962912881024180, 0.10468779686198104]
  #269 objects/spaceships/derelicts/wreckage/wreckage_pipes_medium_01.cgf
    [-0.84827831508634510, 0.52747744386955298, -0.04681318726146259, -9.71800307981902733]
    [-0.52934309067010399, -0.84710105369426758, 0.04707149167326673, 66.52286744269076735]
    [-0.01482634994043499, 0.06470996196388115, 0.99779398089412186, -0.18622604187112302]
  #270 objects/spaceships/ships/misc/starfarer/exterior_debris/misc_starfarer_debris_01.cgf
    [0.89098364816679287, -0.45243139361729284, -0.03814796589766505, -7.07184435098315589]
    [-0.45235098068787094, -0.89177030163122872, 0.01120776215359813, 62.32348989107413217]
    [-0.03908994120405655, 0.00727033226781586, -0.99920989451596298, -0.04897259788413066]
  #271 objects/spaceships/derelicts/wreckage/wreckage_mech_junk_02.cgf
    [-0.93982822734240423, 0.34129026498153214, -0.01561469689969623, -2.54069687039009295]
    [-0.34164549002656980, -0.93869327297585525, 0.04618721743492595, -141.86629349336726591]
    [0.00110583675958660, 0.04874274242091491, 0.99881073423664568, 1.51324463261698838]
  #272 objects/spaceships/derelicts/wreckage/wreckage_mech_junk_02.cgf
    [-0.88295424456576166, 0.46919891666150743, -0.01562558795645444, -1.55662538518663496]
    [-0.46941050186259237, -0.88285237141860340, 0.01501503958267861, -136.28587041146238334]
    [-0.00675004714252073, 0.02059240821827421, 0.99976515741415839, 1.36047066000173800]
  #273 objects/spaceships/derelicts/wreckage/wreckage_mech_junk_06.cgf
    [-0.72047098699577639, 0.68169924205974664, -0.12730961460392060, -25.13999693072400987]
    [-0.59797608068189656, -0.70365873122267064, -0.38378253556476360, -1.22400005511008203]
    [-0.35120677887499502, -0.20037607403921304, 0.91460552432345466, -0.25568618334364146]
  #274 objects/spaceships/derelicts/wreckage/wreckage_panel_medium_03.cgf
    [-0.55811210713604809, -0.82917915891162830, -0.03119080214881419, 6.09249010954226833]
    [0.82864703212436885, -0.55891698905017173, 0.03091865693212922, -67.83652649610303342]
    [-0.04307017371171023, -0.00859008856859340, 0.99903515371519724, -0.43651981851144228]
  #275 objects/spaceships/derelicts/wreckage/wreckage_pipes_medium_01.cgf
    [-0.40428425739047763, 0.91343247095718272, -0.04686798077964927, -22.19968200518633239]
    [-0.91254810057286995, -0.40629111541753699, -0.04674121381282954, 6.42422115811496042]
    [-0.06173694811175174, 0.02387253503306871, 0.99780754592457221, -0.09921278036199510]
  #276 objects/spaceships/derelicts/wreckage/wreckage_props_chair_base.cgf
    [0.12173560784886750, -0.72228842796147330, 0.68079231376836757, 37.82775167233194225]
    [0.99254550666092412, 0.08466657799855365, -0.08765439891244217, 2.50033106276532635]
    [0.00567140726393865, 0.68638859494781479, 0.72721168701877170, 0.83503616770030931]
  #277 objects/spaceships/derelicts/wreckage/wreckage_girder_02.cgf
    [0.38047529613428815, -0.50535492919147584, 0.77450296509147010, -8.46524872370355297]
    [0.92082421495115396, 0.28450681973511888, -0.26671807783851947, -11.78220553914434277]
    [-0.08556408448170072, 0.81466076585788871, 0.57359090158467574, -0.03437542337633204]
  #278 objects/spaceships/derelicts/wreckage/wreckage_mech_junk_013.cgf
    [-0.66922979531363025, -0.74288886683440647, 0.01573452343605724, 24.96083485413691960]
    [0.74305453552738432, -0.66904515846083046, 0.01576374962048548, 31.51434119683108293]
    [-0.00118360738915702, 0.02224118035099584, 0.99975191502689065, 0.55462384205020498]
  #279 objects/spaceships/derelicts/wreckage/wreckage_mech_junk_07.cgf
    [0.50404582972042444, 0.71515553434057011, 0.48424205529055458, -8.16504343970154878]
    [-0.85261624325508578, 0.32258006354653668, 0.41108107376576569, -18.65873408323386684]
    [0.13778007166332637, -0.62007634140715617, 0.77234835893402565, -0.60172409893129952]
  #280 objects/spaceships/derelicts/wreckage/wreckage_internals_02.cgf
    [-0.14050137837359891, -0.98879723066876246, -0.05036792143413807, 5.41298560939321760]
    [0.78757529505052948, -0.14244809767246225, 0.59952583122686098, -49.08985944863525219]
    [-0.59998503774167633, 0.04456573015191551, 0.79876741195096090, -0.63472898358304519]
  #281 objects/spaceships/derelicts/wreckage/wreckage_mech_junk_05.cgf
    [0.15269007527744460, -0.00000021630822854, -0.98827413660170560, 27.19996864373388235]
    [-0.00006673078478696, -1.00000001180464837, -0.00001009114774130, 14.58067126816604286]
    [-0.98827413434881306, 0.00006748912587795, -0.15269007494414091, 0.39985249252640642]
  #282 objects/spaceships/derelicts/wreckage/wreckage_mech_junk_018.cgf
    [0.96137941478362055, 0.24631022125446458, 0.12279684941096174, -10.73976981738815084]
    [-0.21020522139718215, 0.36912685196670775, 0.90529404203490071, 54.78218890874995850]
    [0.17765572385105788, -0.89614441500915665, 0.40664702349855175, 0.19190516868548002]
  #283 objects/spaceships/derelicts/wreckage/wreckage_pipes_large_01.cgf
    [-0.89749192599180116, 0.41720961511003535, 0.14298386961861628, 18.63822577605606057]
    [-0.43831544820164436, -0.80786741682048457, -0.39399214692610179, -12.48187772120581940]
    [-0.04886530240537700, -0.41627680818342921, 0.90792390007163959, 0.16647561613353901]
  #284 objects/spaceships/ships/misc/starfarer/exterior_debris/misc_starfarer_debris_small_001.cgf
    [0.02479617925027889, -0.00097298731361064, -0.99969123622691258, -12.80805381745449267]
    [-0.01533052687462758, 0.99988074697831952, -0.00135342766374998, 44.92965843653655611]
    [0.99957415404708805, 0.01535936575455624, 0.02477832607912419, -0.02476178808137774]
  #285 objects/spaceships/derelicts/wreckage/wreckage_pipes_small_01.cgf
    [-0.58544159338045276, -0.69675647914412986, 0.41447391392972743, -3.98529898370907176]
    [0.73663767365395372, -0.67067477032415024, -0.08695036527660092, -142.25381792188272811]
    [0.33856041456620783, 0.25441272971044299, 0.90589794373727961, 1.52860271850659046]
  #286 objects/spaceships/derelicts/wreckage/wreckage_panel_medium_04.cgf
    [-0.19078587041215941, 0.98150636427700733, -0.01568701389606138, -14.80173730691603851]
    [-0.98162697351333250, -0.19081025979538510, -0.00005914425338936, -13.83019333533593453]
    [-0.00305129354533358, 0.01538751151805053, 0.99987698641740541, -0.33954989130143076]
  #287 objects/spaceships/derelicts/wreckage/wreckage_mech_junk_07.cgf
    [0.94755228021378624, 0.31957275977552507, 0.00422324595055912, -31.29102551244432107]
    [-0.23534400121649007, 0.68874672292912054, 0.68574124936528369, -152.17830231069820002]
    [0.21623548665359510, -0.65076962989916931, 0.72783309312494926, 0.73099507432198152]
  #288 objects/spaceships/derelicts/wreckage/wreckage_pipes_large_03.cgf
    [0.98026879306548809, 0.19203567006011643, -0.04685522311210411, -12.71180489173275419]
    [-0.19070319629598848, 0.98114344832254097, 0.03146175301280549, 58.09305616747587919]
    [0.05201347355077000, -0.02190553365492792, 0.99840611142503921, 0.03471816114324611]
  #289 objects/spaceships/derelicts/wreckage/debris_big_edge_fragemnts_b.cgf
    [-0.95029671680315708, -0.30979166898945631, -0.03106828000111586, 33.40473903781094123]
    [0.30886808331501625, -0.95059288433501021, 0.03120322940521166, -4.04183767727226950]
    [-0.03919978707606479, 0.02005632670089879, 0.99903007292914736, 0.08944302532472648]
  #290 objects/spaceships/derelicts/wreckage/wreckage_internals_02.cgf
    [0.05101765634127271, -0.99622569158298957, 0.07022486762907021, 40.55766130378469825]
    [0.82587663517701815, 0.08162164270579349, 0.55791186828456751, -2.67772735995822586]
    [-0.56153801658677804, 0.02953372198156578, 0.82692368272760530, 0.52128712282865308]
  #291 objects/spaceships/derelicts/wreckage/wreckage_mech_junk_019.cgf
    [-0.22727752542538718, 0.26614835619149768, 0.93675505054118224, -24.09661056159529835]
    [-0.86037547914551538, -0.50548212155970884, -0.06512991209849367, -3.80765569879440591]
    [0.45617870084318285, -0.82076362191644203, 0.34387223734545092, -0.28685106388002168]
  #292 objects/spaceships/derelicts/wreckage/wreckage_mech_junk_06.cgf
    [0.98756742161403555, 0.15641491147240189, 0.01559525957854061, -6.89352697372669354]
    [-0.15643184998497958, 0.98768785903520162, -0.00013531582252280, -30.54162320107570849]
    [-0.01542442746160188, -0.00230596382791873, 0.99987750172405698, -0.67834226340346504]
  #293 objects/spaceships/derelicts/wreckage/wreckage_mech_junk_010.cgf
    [-0.78776078453336162, 0.52504158237045240, -0.32212452287137910, 39.83894200719078071]
    [-0.61558602085020875, -0.65230023006999271, 0.44221961273358329, -3.44844789803028107]
    [0.02206178567089610, 0.54665864278758591, 0.83706483081087879, 0.24660046855569817]
  #294 objects/spaceships/derelicts/wreckage/wreckage_mech_junk_05.cgf
    [-0.05975559204872184, -0.00486107929983293, 0.99820115871271353, -34.43282641351106577]
    [0.07732751008209887, 0.99696059192702102, 0.00948411606232128, -38.62993051018565893]
    [-0.99521336382298753, 0.07775514247316005, -0.05919807780299077, -0.54884225604473613]
  #295 objects/spaceships/derelicts/wreckage/wreckage_mech_junk_09.cgf
    [0.09818096598737906, -0.98756982785812275, 0.12274510974837152, -30.62700595488422550]
    [-0.53784855275371579, -0.15643311027110485, -0.82840065503156068, 22.37470489976112731]
    [0.83730487945765331, 0.01531489667817332, -0.54652174862599812, -0.03872900668648072]
  #296 objects/spaceships/derelicts/wreckage/wreckage_mech_junk_014.cgf
    [-0.98928763595141933, -0.13829984635072268, 0.04672419321907452, -21.56145956453110557]
    [0.13914856214468013, -0.99015158148476079, 0.01541258301680670, -43.84875982630182989]
    [0.04413247540842224, 0.02174908185529618, 0.99878892987043633, -0.55648670242226217]
  #297 objects/spaceships/derelicts/wreckage/wreckage_girder_01.cgf
    [-0.83686216316622186, -0.23202903551972509, -0.49580666534645290, -19.43749777878110763]
    [0.54043073945044384, -0.20598507518894441, -0.81578475563219655, 52.90343675506301224]
    [0.08715697667559320, -0.95064855669202075, 0.29777673841584529, -0.48216017577215098]
  #298 objects/spaceships/derelicts/wreckage/wreckage_mech_junk_013.cgf
    [0.87463142652398307, 0.48453499495418328, -0.01573036520680247, -24.77210230423952453]
    [-0.48475066765585717, 0.87451420165707794, -0.01560254131388875, 3.47924009498092346]
    [0.00619644510913182, 0.02127175951820872, 0.99975539723633222, -0.24004293991310988]
  #299 objects/spaceships/derelicts/wreckage/wreckage_mech_junk_06.cgf
    [0.99529100048474328, 0.08720910578019557, 0.04231368753798678, 10.22731306907371618]
    [-0.08707301666734268, 0.99618914746857445, -0.00505214451975171, 71.06913121131947264]
    [-0.04259302821463135, 0.00134397351850909, 0.99909162723578770, 0.37485453279805370]
  #300 objects/spaceships/derelicts/wreckage/wreckage_mech_junk_07.cgf
    [0.46947362050842439, -0.82431694088884766, 0.31637971260425152, -10.02378658557427116]
    [0.88120899057221935, 0.45990549262507580, -0.10935115328683646, 77.73402469255961478]
    [-0.05536475881449224, 0.33013412540075754, 0.94230898577084288, -0.51797360763885081]
  #301 objects/spaceships/derelicts/wreckage/wreckage_pipes_medium_07.cgf
    [-0.49951504783961093, 0.86616377634796460, 0.01565313123360200, 7.93810180475702509]
    [-0.86559080033199232, -0.49975529417482412, 0.03157852621399613, 77.55556617581169121]
    [0.03517491087983433, 0.00222474265031254, 0.99937869056615691, 0.12279611594567541]
  #302 objects/spaceships/derelicts/wreckage/wreckage_mech_junk_06.cgf
    [-0.95094047200002230, 0.30897813064888191, -0.01564540568769090, -5.37700927603873424]
    [-0.30902170329795553, -0.95105493091023730, 0.00038795384940104, 86.55056219504331239]
    [-0.01475977063644058, 0.00520369081339026, 0.99987755050241700, -1.19292156473966315]
  #303 objects/spaceships/derelicts/wreckage/wreckage_mech_junk_08.cgf
    [-0.96970159306306181, -0.19154735412621024, -0.15161941603984841, 17.06873614160576835]
    [-0.24188137521231887, 0.83981356321718037, 0.48601090023158577, 72.84757398834335618]
    [0.03423793975130288, 0.50795945305286638, -0.86070028077018501, 0.15511606007930823]
  #304 objects/spaceships/derelicts/wreckage/wreckage_mech_junk_013.cgf
    [0.46582665512075760, -0.88433406915213664, 0.03096329916587274, -7.34478254606074188]
    [0.87609051137998784, 0.46583786041710717, 0.12434005006982894, 81.80622339260298759]
    [-0.12438202293081835, -0.03079425787773245, 0.99175640680199362, -0.80056973804312292]
  #305 objects/spaceships/derelicts/wreckage/wreckage_mech_junk_012.cgf
    [0.21348650797391519, 0.72358389949882829, -0.65639149892057114, -8.44383256621949840]
    [-0.76477337729750294, 0.54185647309045293, 0.34858742447622476, 65.93638556561199948]
    [0.60790224612687205, 0.42757204248180891, 0.66905676605042963, -0.09225107281235978]
  #306 objects/spaceships/derelicts/wreckage/wreckage_mech_junk_02.cgf
    [0.75783818068971198, 0.42822892815967778, -0.49224120187767506, 17.77333940503012855]
    [-0.16598150884876545, 0.85617648392860890, 0.48929754846901563, 50.66854145837714896]
    [0.63097666712728118, -0.28910540863967754, 0.71992126797733269, 0.03617385745747015]
  #307 objects/spaceships/derelicts/wreckage/wreckage_mech_junk_011.cgf
    [0.46838228675750954, 0.18402803425310127, 0.86414642289281285, -10.78685918863629922]
    [0.88250098502687457, -0.05038337982287263, -0.46760116616826258, 80.33463006032980047]
    [-0.04251316285694116, 0.98162748626159735, -0.18600385301744635, -0.65955143165774643]
  #308 objects/spaceships/derelicts/wreckage/wreckage_mech_junk_018.cgf
    [-0.75530041279100202, -0.63225052828361450, -0.17257059778771985, 11.20285079778113868]
    [0.65533824185335998, -0.73152943186644037, -0.18813966720415151, 71.93585254997014999]
    [-0.00728906717403908, -0.25519407339558692, 0.96686240474096297, 0.29640621258295141]
  #309 objects/spaceships/derelicts/wreckage/wreckage_mech_junk_09.cgf
    [-0.25542153188720895, -0.64949180860757172, -0.71618452014324430, -10.23507119122950826]
    [0.92934229038705785, -0.36920389567093170, 0.00338023849714142, 87.89847499204915948]
    [-0.26661354736637305, -0.66471716486474564, 0.69790281729453230, -1.16236549381574150]
  #310 objects/spaceships/derelicts/wreckage/wreckage_mech_junk_014.cgf
    [0.69465753623334237, -0.71934059034863962, 0.00009955419066346, 21.73398955084849149]
    [0.71924976399849283, 0.69457201242901390, 0.01579506310104218, 38.04951743455603719]
    [-0.01143117764181204, -0.01090055535851817, 0.99987523899261588, 0.38207062365836464]
  #311 objects/spaceships/derelicts/wreckage/wreckage_mech_junk_01.cgf
    [-0.56507401303353477, -0.79478530194111696, -0.22137668193139137, 26.05697511787002441]
    [0.60356201111322128, -0.58116098787587578, 0.54586148114930033, 36.19265173154417425]
    [-0.56249818686423192, 0.17483758657654808, 0.80810120639988392, 0.39754255907610059]
  #312 objects/spaceships/derelicts/wreckage/wreckage_mech_junk_011.cgf
    [0.70237241594259991, -0.15360414011021437, -0.69503872814751044, 7.05002525543386582]
    [-0.69291071223667011, 0.07596586506313940, -0.71701046601415208, 80.13567866053199396]
    [0.16293498811359622, 0.98520811590605706, -0.05307762393148210, -0.19058212588424794]
  #313 objects/spaceships/derelicts/wreckage/wreckage_props_chair_back.cgf
    [0.80949293983727844, 0.55687958523989856, -0.18602761256079953, 13.38526751335302833]
    [-0.58663171013223914, 0.78018072344976375, -0.21721243095909534, 78.82991932416916825]
    [0.02417398931407221, 0.28496163081873643, 0.95823402775115496, 0.01271675059979316]
  #314 objects/spaceships/ships/misc/starfarer/exterior_debris/misc_starfarer_debris_small_003.cgf
    [0.10273987550702772, -0.99098611173506879, -0.08596332272610745, 10.32248783615068533]
    [0.04698721183806566, 0.09115915599886321, -0.99472652459174049, 77.44624133195611648]
    [0.99359718620253157, 0.09815896877457191, 0.05592939249292321, 0.09148659941274673]
  #315 objects/spaceships/derelicts/wreckage/wreckage_pipes_medium_05.cgf
    [-0.17212315157535471, -0.98458157156324089, -0.03118931360417233, 2.03830993280280381]
    [0.98370849030127927, -0.17346554066840786, 0.04719466032368562, 87.84697657244396396]
    [-0.05187726336477846, -0.02255789865986835, 0.99839867508280722, -1.16212120988348033]
  #316 objects/spaceships/derelicts/wreckage/wreckage_mech_junk_018.cgf
    [0.22646052825379603, 0.77314595278977261, -0.59241776991622730, 9.65190951206022874]
    [-0.18305984683066345, 0.63116472991463191, 0.75373604496191737, 55.77450238255551085]
    [0.95666220313444772, -0.06224362361956740, 0.28446618375012517, -0.00830199434130918]
  #317 objects/spaceships/derelicts/wreckage/wreckage_pipes_medium_01.cgf
    [-0.64723073795782438, 0.76168062053420327, -0.03057779504619071, 6.90753017061797436]
    [-0.75067921541867200, -0.62988036633056987, 0.19932746186704900, 81.87159975408576429]
    [0.13256351227114796, 0.15196497563117606, 0.97945574621849962, -0.55058033236127812]
  #318 objects/spaceships/derelicts/wreckage/wreckage_mech_junk_05.cgf
    [0.02751391009923734, 0.98706808108671595, 0.15792259949009688, 39.36338714756129775]
    [0.05809230467744393, 0.15613653584656667, -0.98602567192237289, 43.88307854000595398]
    [-0.99793197577148729, 0.03630351019518982, -0.05304513417075736, 0.42547460788046010]
  #319 objects/spaceships/derelicts/wreckage/wreckage_mech_junk_06.cgf
    [-0.98159837341237788, -0.19091170881205963, -0.00416447007693565, 43.91054954096034635]
    [0.19071846002159717, -0.97904837027643787, -0.07134947599267670, 32.91280288758571260]
    [0.00954423279016063, -0.07083077125020217, 0.99744267981821244, 0.83275788361788727]
  #320 objects/spaceships/derelicts/wreckage/wreckage_mech_junk_07.cgf
    [0.39112257734225819, 0.84714379301812015, -0.35968112742539987, -5.95058498745493125]
    [-0.86067745885442337, 0.47509936351104515, 0.18307074204601176, 67.48283017700305209]
    [0.32597151914703665, 0.23796633947736648, 0.91493965919217901, 0.00111855161958374]
  #321 objects/spaceships/derelicts/wreckage/wreckage_mech_junk_07.cgf
    [0.84195231895716027, 0.47957764135648973, 0.24723254289123964, 22.92708269898139406]
    [-0.52474684508137659, 0.83443572497782015, 0.16840463535408864, 45.81433010453474708]
    [-0.12553642073384197, -0.27152285086627242, 0.95421082590675421, 0.23987507278798148]
  #322 objects/spaceships/derelicts/wreckage/wreckage_mech_junk_06.cgf
    [-0.82948113742903873, 0.52002200811885335, 0.20380925550125692, 1.81363511130621191]
    [-0.55809559280891974, -0.78614630852153167, -0.26552466889489246, 85.30403263008338399]
    [0.02214522167877023, -0.33399274180214905, 0.94231549731859621, -1.05176156535162590]
  #323 objects/spaceships/derelicts/wreckage/wreckage_internals_01.cgf
    [-0.27217456057885536, -0.96157079911434495, -0.03609206109371364, 8.34487719660683069]
    [0.94894124229210741, -0.27443804707913327, 0.15554519279678425, 82.49711266174563207]
    [-0.15947274770475475, 0.00808619908713464, 0.98716922872094404, -0.64460881266859360]
  #324 objects/spaceships/derelicts/wreckage/wreckage_props_chair_seat.cgf
    [0.73774872349193699, -0.49934430164885646, -0.45429073265364223, -5.12052365047566127]
    [-0.13564685710121782, 0.54957190408512191, -0.82435952883251451, 83.85131688974797726]
    [0.66130532397881769, 0.66979397655489492, 0.33771182660102628, -1.09813903237227350]
  #325 objects/spaceships/derelicts/wreckage/wreckage_props_chair_seat.cgf
    [-0.11984595463482309, -0.94272185880040138, -0.31130799660229125, 24.53505556401796639]
    [0.37167733973883776, 0.24815992635973094, -0.89457969501031154, 34.81934652233030647]
    [0.92059389903109656, -0.22291786052265344, 0.32064735329903205, 0.44480704345915001]
  #326 objects/spaceships/derelicts/wreckage/wreckage_props_chair_base.cgf
    [0.47053428060536406, -0.63502434872438396, 0.61265131331091305, -3.56059544437448494]
    [0.88196966974563440, 0.35968864806000617, -0.30455482676320156, 83.86507070841616951]
    [-0.02696399123258991, 0.68364334077292022, 0.72931803089795599, -1.07122701029584277]
  #327 objects/spaceships/derelicts/wreckage/wreckage_internals_01.cgf
    [0.82890822704492417, -0.55851711935766624, -0.03114072791095306, 19.73410872567910701]
    [0.55912677963047719, 0.82893131980056212, 0.01581384731553766, 43.98824837643769570]
    [0.01698122052331316, -0.03051984356581397, 0.99938988573600540, 0.30304519082710613]
  #328 objects/spaceships/derelicts/wreckage/wreckage_pipes_small_01.cgf
    [0.47027466796666290, -0.79991908060171690, 0.37278845973563451, -2.37652126651664730]
    [0.88121069865315238, 0.44862824703814619, -0.14899810432559610, 84.16891611143364571]
    [-0.04805700575343993, 0.39857520620668552, 0.91587573597580907, -0.96673230160376988]
  #329 objects/spaceships/derelicts/wreckage/wreckage_pipes_medium_02.cgf
    [0.47113119585479579, -0.87985755330524340, -0.06233826534919683, -6.72530278944759630]
    [0.88197889783787309, 0.46893156242691586, 0.04707855850754168, 77.20007635813090019]
    [-0.01219004527171717, -0.07716121301643970, 0.99694409429250896, -0.42391576978843659]
  #330 objects/spaceships/derelicts/wreckage/wreckage_mech_junk_015.cgf
    [0.70710820283642106, 0.70710637342075522, 0.00000037308558035, -0.26499925633834209]
    [-0.70702440103141528, 0.70702623826854816, -0.01522591859098189, 88.31274475602549501]
    [-0.01076660013931616, 0.01076610043230500, 0.99988479599095126, -1.19354510794801172]
  #331 objects/spaceships/derelicts/wreckage/wreckage_props_chair_back.cgf
    [-0.75498091570055836, -0.60480444207149042, 0.25340762527209171, 10.85686383684515022]
    [0.65574027499435772, -0.69804367753565988, 0.28764515773834404, 74.52408347377786413]
    [0.00292052148967820, 0.38333618648724777, 0.92360427643614895, 0.18620233464753255]
  #332 objects/spaceships/derelicts/wreckage/wreckage_mech_junk_02.cgf
    [-0.88232593210541344, 0.46831569744381846, -0.04670509126822055, 24.71058238972909749]
    [-0.46942072801964713, -0.88283349744406114, 0.01578620868165530, 39.88248538988409564]
    [-0.03383988960040176, 0.03585291908263819, 0.99878397992430534, 0.39706918946467340]
  #333 objects/spaceships/derelicts/wreckage/wreckage_mech_junk_06.cgf
    [0.89660901180864883, -0.40359363903623419, 0.18221476810827081, 26.83990232076030225]
    [0.34638659159811463, 0.89557659221900798, 0.27920720598539800, 35.84156308940146118]
    [-0.27587384136286280, -0.18722315359650729, 0.94278252086725678, 0.42875644980813377]
  #334 objects/spaceships/derelicts/wreckage/wreckage_mech_junk_04.cgf
    [0.70607213397867774, -0.23607075242093689, 0.66763209627317188, -0.20527548753307201]
    [-0.70674497609256737, -0.29406358720915660, 0.64345786182896236, 86.44991388620110229]
    [0.04442471036049149, -0.92617335366171938, -0.37447194631946862, -1.17719347134698182]
  #335 objects/spaceships/derelicts/wreckage/wreckage_mech_junk_014.cgf
    [0.59869732475622361, -0.79130321265499992, 0.12409978939897080, 17.55325860301672947]
    [0.79852183808212018, 0.60177369507544731, -0.01520897032829056, 65.75490913353860378]
    [-0.06264508115522781, 0.10820196076952879, 0.99215318789486140, 0.12602228377363645]
  #336 objects/spaceships/derelicts/wreckage/wreckage_mech_junk_05.cgf
    [-0.08616728510850688, 0.70710693771957611, 0.70183682601533925, -2.22139215617789887]
    [0.05474629974042224, 0.70675315564103869, -0.70533876428392761, 85.96911841107066721]
    [-0.99477534870299922, -0.02235415768240092, -0.09961049137791272, -1.16139429094619118]
  #337 objects/spaceships/derelicts/wreckage/wreckage_mech_junk_01.cgf
    [-0.67407066951160366, -0.45004586142324682, -0.58573667429140153, 14.23514801252167672]
    [0.55649241384021542, -0.83085018556241519, -0.00203935753510043, 72.21279476414201781]
    [-0.48574162095957352, -0.32733268742469529, 0.81049885003055844, 0.23364474628760945]
  #338 objects/spaceships/derelicts/wreckage/wreckage_girder_03.cgf
    [-0.82299031376929599, 0.56035848641731478, -0.09319516864935401, 9.49983409732521977]
    [-0.55862355788102458, -0.82813169626241345, -0.04623465738440408, 86.25823323088116013]
    [-0.10308585421788567, 0.01401034129504306, 0.99457380134132589, -0.86411242504254915]
  #339 objects/spaceships/derelicts/wreckage/wreckage_mech_junk_017.cgf
    [0.64385613993586277, -0.57687275347268951, -0.50266013632747952, 25.52738044863508549]
    [0.70918271748351680, 0.69654708011287114, 0.10900529204566108, 39.84047186412499286]
    [0.28724425072508775, -0.42666158342661131, 0.85758425180171749, 0.42823499641963281]
  #340 objects/spaceships/derelicts/wreckage/wreckage_props_chair_seat.cgf
    [-0.35190479729397067, 0.65638187415664573, -0.66732585472257822, 7.93512562388787046]
    [-0.54570056606944384, 0.43537413543515552, 0.71600153760079299, 78.65744674089364707]
    [0.76050762868895594, 0.61612510493715522, 0.20497792377034452, 0.09116208684281446]
  #341 objects/spaceships/derelicts/wreckage/wreckage_mech_junk_010.cgf
    [0.70269825440156308, 0.57944372572380187, -0.41286825970946645, 5.84253373058163561]
    [-0.69495062185042911, 0.68336908797210694, -0.22371944638113203, 81.66934425846557133]
    [0.15250857138503918, 0.44413030319794439, 0.88288701277717530, -0.55047614422801416]
  #342 objects/spaceships/derelicts/wreckage/wreckage_mech_junk_012.cgf
    [0.47070517216410174, -0.64539512504660757, 0.60158468328910297, -7.53053914877818897]
    [0.87906772171235037, 0.40129981025386302, -0.25729508475228252, 79.28041598177514970]
    [-0.07535873702122459, 0.64994303793509511, 0.75623902696057577, -0.58091785912984051]
  #343 objects/spaceships/derelicts/wreckage/wreckage_mech_junk_01.cgf
    [0.63097618105616560, 0.50708302725165921, 0.58714213350354050, -1.79499066589050926]
    [-0.65256468490408293, 0.75619879365869924, 0.04819480269886248, 84.98391939283465035]
    [-0.41955740188659668, -0.41355798924025189, 0.80804789374129771, -1.11413959829951636]
  #344 objects/spaceships/derelicts/wreckage/wreckage_props_chair_back.cgf
    [0.15517404429519097, 0.90518981291889922, -0.39566698978901554, 34.76432933345495258]
    [-0.98756505014047113, 0.15236430459562034, -0.03873420542518471, 26.71782703109784052]
    [0.02522371824100299, 0.39675744418563824, 0.91757683207737784, 0.78831370451371185]
  #345 objects/spaceships/derelicts/wreckage/wreckage_mech_junk_019.cgf
    [0.48770625655795646, -0.07336121987591154, -0.86992068556227575, 26.69452628378348891]
    [0.74426277200707280, 0.55577512634274506, 0.37038924873658352, 38.62416826456319541]
    [0.45630778423687846, -0.82809021295606500, 0.32565482598574619, 0.49081170724821277]
  #346 objects/spaceships/derelicts/wreckage/wreckage_mech_junk_09.cgf
    [-0.35950116783791608, 0.70538250362938315, -0.61089656575581663, 8.68268664253992029]
    [0.43694627130408481, 0.70570756793575984, 0.55772301791048995, 77.76781086059054360]
    [0.82452231411415688, -0.06642689430698075, -0.56191689901274344, 0.10706987703451887]
  #347 objects/spaceships/derelicts/wreckage/wreckage_mech_junk_09.cgf
    [-0.26889203585988602, -0.88272486285223850, -0.38534915336889847, -3.75698851188644767]
    [-0.46740583622410331, 0.46940640700292297, -0.74912581705395564, 84.98862247209763154]
    [0.84215731176738995, -0.02131952193663630, -0.53881037542870414, -1.14541561935038771]
  #348 objects/spaceships/derelicts/wreckage/wreckage_mech_junk_02.cgf
    [0.99566950518039610, 0.08759650011950994, -0.03110574916122858, 27.41594490442366805]
    [-0.08713654526356734, 0.99606952622735034, 0.01584927162350729, 52.07420086322235875]
    [0.03237185418845907, -0.01307019886146080, 0.99938966923236028, -0.05887177833938040]
  #349 objects/spaceships/derelicts/wreckage/wreckage_pipes_small_01.cgf
    [0.70710966592181446, 0.63005991344050116, -0.32097056949758518, 11.73691148072248325]
    [-0.70494029287948345, 0.66362703044094318, -0.25031985257154427, 79.01713981607463211]
    [0.05528819479096837, 0.40326833571680254, 0.91341094014319335, -0.00288165964593645]
  #350 objects/spaceships/derelicts/wreckage/wreckage_mech_junk_017.cgf
    [0.55209048076294365, -0.68821452913172687, -0.47069825252610631, 24.00906230178952683]
    [0.79368546115152783, 0.60675019993405177, 0.04379001741113900, 37.13571543662692420]
    [0.25545933491618883, -0.39776241496674430, 0.88120688344576326, 0.39761737112712581]
  #351 objects/spaceships/derelicts/wreckage/wreckage_props_chair_back.cgf
    [0.98741393195489102, -0.14253778567739828, 0.06853133871933888, 11.88765042823797558]
    [0.15612389919199091, 0.94771340824429495, -0.27832438212662985, 50.50376937302644365]
    [-0.02527632951141743, 0.28552077549499838, 0.95803905540341294, 0.00535113280056976]
  #352 objects/spaceships/derelicts/wreckage/wreckage_mech_junk_013.cgf
    [0.70123136280111342, 0.71143418714713935, -0.04623176454797515, 6.83046725649910513]
    [-0.69859720104891032, 0.69862260029565060, 0.15456330713856076, 79.14810975224827416]
    [0.14226007655543693, -0.07608720382081145, 0.98690131771317857, -0.03397424705326557]
  #353 objects/spaceships/derelicts/wreckage/wreckage_mech_junk_03.cgf
    [-0.33135636254155343, -0.56927953288171784, 0.75241198655652730, 17.45004518615314737]
    [-0.45394011247931598, -0.60291035451095609, -0.65607735959601277, 68.68635684030596167]
    [0.82712838081777418, -0.55894538278277495, -0.05864063250272950, 0.18765092348621693]
  #354 objects/spaceships/derelicts/wreckage/wreckage_mech_junk_08.cgf
    [0.98480849845189611, 0.14884180277810155, 0.08944192702030551, -2.13959021307528019]
    [0.17364831374448206, -0.84394332943357042, -0.50755043003104394, 87.72719277811120264]
    [-0.00006080327996446, 0.51537102522043710, -0.85696804015821748, -1.20895003176701721]
  #355 objects/spaceships/derelicts/wreckage/wreckage_pipes_medium_02.cgf
    [0.45459325251514354, 0.88579546749665250, -0.09333449195249464, -9.24907149902719539]
    [-0.89057150271222052, 0.45379959266069608, -0.03079433577501443, 68.01675516599789262]
    [0.01507767165516517, 0.09711993781563931, 0.99515845188295804, -0.18665469824918546]
  #356 objects/spaceships/derelicts/wreckage/wreckage_mech_junk_09.cgf
    [-0.89977719979360604, -0.32674632002030934, -0.28920205857959430, 26.35940394394856412]
    [0.04782841213068243, 0.58493051243694083, -0.80967199297939629, 32.84781440004007891]
    [0.43372045297235762, -0.74235647473121402, -0.51067938151056158, 0.49177213219809346]
  #357 objects/spaceships/derelicts/wreckage/wreckage_mech_junk_018.cgf
    [-0.84662637427373499, -0.31722507236375513, -0.42730787784534524, 27.10704081422591116]
    [0.51780604862385593, -0.30561742756361426, -0.79904622557066141, 34.77878844056976959]
    [0.12288476314592867, -0.89775621861058796, 0.42300483868787991, 0.44451663587824441]
  #358 objects/spaceships/derelicts/wreckage/wreckage_mech_junk_03.cgf
    [0.41346069541255825, 0.57458338965930011, -0.70633166678228887, 0.32735798311477993]
    [0.47482827300172314, 0.52584507445336581, 0.70570908358486428, 85.04021093813935295]
    [0.77690965133020373, -0.62716913813070929, -0.05541216174468128, -1.06727909593610093]
  #359 objects/spaceships/ships/misc/starfarer/exterior_debris/misc_starfarer_debris_small_001.cgf
    [0.11821772686570210, -0.98933487766545181, -0.08508692749036147, 4.58255586108134594]
    [0.04687057774441236, 0.09115183046233166, -0.99473273248930016, 55.09658873965963721]
    [0.99188025201481322, 0.11360704194023426, 0.05714649617411912, -0.02671194545109756]
  #360 objects/spaceships/derelicts/wreckage/wreckage_mech_junk_02.cgf
    [-0.81875020927423015, 0.57329573384210519, 0.03130681217143112, 15.61851613117323723]
    [-0.57356901507442115, -0.81915719586058555, 0.00030583144290613, 67.98370172173599713]
    [0.02582053207146719, -0.01770621768631214, 0.99950978489221498, 0.39339155497145839]
  #361 objects/spaceships/derelicts/wreckage/wreckage_mech_junk_011.cgf
    [-0.39489019062790798, 0.29661416921382655, -0.86952956719479491, -5.18750634726893622]
    [-0.41400633195525599, 0.78745396702122028, 0.45663432107323976, 64.88219991567893885]
    [0.82015875945168715, 0.54031118876315687, -0.18815771270542009, 0.11128063357318752]
  #362 objects/spaceships/derelicts/wreckage/wreckage_mech_junk_01.cgf
    [0.62433831612369728, 0.50056243488955698, 0.59969900333659676, -0.67874802761070896]
    [-0.60956373419827803, 0.79228710543632430, -0.02670534244725243, 88.23526201600907370]
    [-0.48850148390329451, -0.34888159903097771, 0.79977991278070404, -1.20914043212542310]
  #363 objects/spaceships/derelicts/wreckage/wreckage_pipes_medium_06.cgf
    [0.25080808027455875, 0.59429569104695368, 0.76413868985728239, 9.60312711518781725]
    [-0.89084949263564572, -0.16718032590685827, 0.42241912713000945, 73.73353555658832192]
    [0.37879082249256368, -0.78667869495588238, 0.48749783852106104, 0.26464622811181471]
  #364 objects/spaceships/derelicts/wreckage/wreckage_pipes_medium_01.cgf
    [0.91872822642745011, 0.39366780736699919, -0.03107581938207256, -6.25637052711681463]
    [-0.38839215306672159, 0.91502257168881973, 0.10902674845243750, 78.69393501314334571]
    [0.07135533997959972, -0.08809627622535481, 0.99355375532155166, -0.50254692233284004]
  #365 objects/spaceships/derelicts/wreckage/wreckage_mech_junk_07.cgf
    [-0.48801862908558569, 0.57926944163323302, 0.65290484644587810, 21.12456515619123820]
    [-0.83818439900625141, -0.51969353630357285, -0.16542535610958789, 46.98336155680590309]
    [0.24348457401881235, -0.62798530967800292, 0.73915473339529303, 0.19293545425171033]
  #366 objects/spaceships/derelicts/wreckage/wreckage_pipes_medium_04.cgf
    [-0.39728189012662901, 0.78349293038531709, 0.47781376275472603, 3.70840685648727231]
    [-0.37455815166048134, -0.61376183428303510, 0.69498393209224341, 82.79788668328546919]
    [0.83777882216387212, 0.09713548722244007, 0.53730010824488172, -0.65799276306643151]
  #367 objects/spaceships/derelicts/wreckage/wreckage_mech_junk_02.cgf
    [0.85699950309080797, -0.51436862070317124, -0.03121353959250581, 3.39303302139160223]
    [0.51498190872155836, 0.85705020279242305, 0.01600296531378801, 86.46206702123163268]
    [0.01852017028745390, -0.02978897858690256, 0.99938337556872547, -1.09909893173607998]
  #368 objects/spaceships/derelicts/wreckage/wreckage_mech_junk_010.cgf
    [0.47070419864826629, -0.74832361577669082, 0.46738794614677881, -6.67713617612025701]
    [0.87906746979229022, 0.44302381747100689, -0.17598991296067992, 80.79946525392006151]
    [-0.07536650240912851, 0.49370419481894900, 0.86635917903044057, -0.72205851484613959]
  #369 objects/spaceships/derelicts/wreckage/wreckage_pipes_medium_02.cgf
    [0.70684975373347192, 0.70719282005975503, -0.01559956409377065, 4.46440409349452239]
    [-0.70701153286613194, 0.70702180746890331, 0.01601442021248509, 87.33462775917723775]
    [0.02235449704796163, -0.00029071702802659, 0.99975086768774390, -1.08383122656960040]
  #370 objects/spaceships/derelicts/wreckage/wreckage_mech_junk_06.cgf
    [-0.97836914466061620, -0.17652236475350738, 0.10786002781886138, -8.88735580173670314]
    [0.18938455872144866, -0.97408179946101769, 0.12368609849077462, 84.72705576542648487]
    [0.08323112264734882, 0.14143767809115479, 0.98644213085322274, -0.98921115515986457]
  #371 objects/spaceships/derelicts/wreckage/wreckage_mech_junk_012.cgf
    [0.70788161170240316, 0.51880639321850552, -0.47931566963349564, 5.48749822466925252]
    [-0.70494281792765323, 0.56144844866654986, -0.43339499758204048, 84.34544330750941299]
    [0.04426294446622861, 0.64468250079595202, 0.76316788841096406, -0.92645867686951533]
  #372 objects/spaceships/derelicts/wreckage/wreckage_mech_junk_09.cgf
    [-0.93087228103452779, -0.26734126788351359, -0.24900883675797220, 0.09219322848366573]
    [0.05383579335945076, 0.57375783188776830, -0.81725370332373148, -143.32075881666969508]
    [0.36135641913556976, -0.77416442357514104, -0.51970274341746148, 1.63733243223396130]
  #373 objects/spaceships/derelicts/wreckage/wreckage_mech_junk_011.cgf
    [0.28825326686168545, -0.21320354424013349, 0.93351716179171917, -2.21670201468805317]
    [0.44828071903410205, -0.83141988179963655, -0.32830681623018793, -145.10578052169876173]
    [0.84614091000169112, 0.51311325978226230, -0.14408445977893039, 1.66742161101137754]
  #374 objects/spaceships/derelicts/wreckage/wreckage_mech_junk_018.cgf
    [-0.85095792321821506, -0.27507703779829573, -0.44744075560580915, 0.83983953171991743]
    [0.51979361638253463, -0.31875669208642243, -0.79259621574098371, -141.38975660456344485]
    [0.07540028427631339, -0.90704288107843967, 0.41423182229859423, 1.60730883877840824]
  #375 objects/spaceships/derelicts/wreckage/wreckage_mech_junk_06.cgf
    [0.89297936518885423, -0.40448471598574581, 0.19742792998961400, 0.57270242199592758]
    [0.33075770508770658, 0.88720857615815685, 0.32164903633568087, -140.32694494965835474]
    [-0.30526220455727426, -0.22192538517368615, 0.92604639707926417, 1.56110346455534454]
  #376 objects/spaceships/derelicts/wreckage/wreckage_mech_junk_015.cgf
    [-0.55973000875716727, -0.82852926683413775, 0.01558977302711362, -4.39858055487275124]
    [0.82814889114178203, -0.55860417344191382, 0.04617641433634977, -144.08789014842477627]
    [-0.02954997672397534, 0.03875694956535775, 0.99881237850912186, 1.62117197788029443]
  #377 objects/spaceships/derelicts/wreckage/wreckage_pipes_medium_01.cgf
    [0.68199922302442750, -0.73135285013056750, -0.00001882838219245, -4.69749352270446252]
    [0.72995903013398655, 0.68069787257038850, 0.06172643322379833, -146.60136553112533875]
    [-0.04513098796239626, -0.04211112487903942, 0.99809307133227565, 1.76015897406614386]
  #378 objects/spaceships/derelicts/wreckage/wreckage_props_chair_seat.cgf
    [-0.13423040060524130, -0.93903667401336199, -0.31653172275084063, -1.73215826049272437]
    [0.38526971063540572, 0.24483934601770233, -0.88973083109717510, -141.34912929759593681]
    [0.91298929715336907, -0.24137901026369737, 0.32891750300622552, 1.49795446649659425]
  #379 objects/spaceships/derelicts/wreckage/wreckage_mech_junk_01.cgf
    [-0.56329413250787574, -0.79648370117718159, -0.21980305653559973, -0.21022706401709002]
    [0.56945917748284247, -0.56698699167984179, 0.59518227969883453, -139.97580931810080074]
    [-0.59867847387713757, 0.21009382343618604, 0.77294541844246656, 1.51444897014880553]
  #380 objects/spaceships/derelicts/wreckage/wreckage_mech_junk_013.cgf
    [-0.66850449290310054, -0.74354429250868792, -0.01560965480673187, -1.30638910875131842]
    [0.74235958616561470, -0.66840871375655475, 0.04617433788791490, -144.65425921202404425]
    [-0.04476629394363290, 0.01927977513159626, 0.99881144490563800, 1.65209595949272625]
  #381 objects/spaceships/derelicts/wreckage/wreckage_pipes_medium_05.cgf
    [-0.01889475393506966, 0.99872442088174063, -0.04680100091096070, -0.53817229534615763]
    [-0.99937884666203836, -0.01747472031979690, 0.03056745446224739, -142.22010051991674118]
    [0.02971066132367066, 0.04734954659000921, 0.99843533156611275, 1.55990881126490422]
  #382 objects/spaceships/derelicts/wreckage/wreckage_internals_02.cgf
    [-0.68476871915125903, -0.69201823397011308, 0.22848321009487593, -1.10274997146916576]
    [0.66405634194378649, -0.46335721115510198, 0.58679747934464754, -146.13595880838693120]
    [-0.30020491029730040, 0.55354572610930808, 0.77683083944314191, 1.74488467794435564]
  #383 objects/spaceships/derelicts/wreckage/wreckage_pipes_medium_02.cgf
    [-0.66912963950616888, -0.74314577940601612, -0.00000639012610677, -1.91124667774420232]
    [0.74172849051434375, -0.66785404109436675, 0.06172479330626565, -146.97364281566115096]
    [-0.04587478445858853, 0.04129714639551954, 0.99809326909158602, 1.79120585593045689]
  #384 objects/spaceships/derelicts/wreckage/wreckage_props_chair_back.cgf
    [-0.62332233930569925, -0.71849747191316427, 0.30859463809856513, -1.70642567520553712]
    [0.73901733534276826, -0.67026185519031245, -0.06784121185560413, -143.53848829955677502]
    [0.25558295301460759, 0.18576984367101737, 0.94877127159136732, 1.59031151323870290]
  #385 objects/spaceships/derelicts/wreckage/wreckage_internals_02.cgf
    [0.24818639197462447, 0.96408284729853766, 0.09459271196344614, 4.12087160395458341]
    [-0.96491668964223387, 0.25466817529542951, -0.06387413650928062, -54.90603549344814382]
    [-0.08566971262778848, -0.07542139490673611, 0.99346480375594159, -0.68292820804344956]
  #386 objects/spaceships/derelicts/wreckage/wreckage_panel_small_03.cgf
    [-0.10462858145846339, -0.92659873215341770, 0.36120109345799639, -31.58739792651613243]
    [0.98558285053059858, -0.04805247623467938, 0.16222202276287695, -158.85150104414788075]
    [-0.13295820803377834, 0.37296692815982779, 0.91826813394403051, 0.80352854197553825]
  #387 objects/spaceships/derelicts/wreckage/wreckage_mech_junk_07.cgf
    [0.93719203862543632, -0.03427746895537434, -0.34712532864698747, -7.63733998083625920]
    [0.26236265968543382, 0.72506534766517250, 0.63674636421980058, -118.45185670143109746]
    [0.22986250992506579, -0.68782639718635619, 0.68851864883513003, 0.38526476503466256]
  #388 objects/spaceships/derelicts/wreckage/wreckage_mech_junk_011.cgf
    [-0.52358738509820790, -0.56635097507285093, 0.63647679398161205, -11.73810704280913342]
    [0.54187338515726102, -0.79785818701280986, -0.26418825475766772, -116.33370148207177408]
    [0.65744153405553196, 0.20656420921283164, 0.72463904314358174, 0.27682341556646861]
  #389 objects/spaceships/derelicts/wreckage/wreckage_pipes_small_01.cgf
    [-0.80901673938860730, -0.52829897380791413, 0.25766670692307253, -1.00586112352903001]
    [0.58715676978911047, -0.70609022607337457, 0.39583272038642481, -130.59726749380934052]
    [-0.02718207633520894, 0.47152604287696026, 0.88143312157471687, 1.08176090713823214]
  #390 objects/spaceships/derelicts/wreckage/wreckage_mech_junk_08.cgf
    [0.78591944167366434, -0.44778581050328092, -0.42640183430200762, -27.39315575167711359]
    [0.49186071726348718, 0.87063957446343410, -0.00773248834590429, -158.06531413432094269]
    [0.37470480540986506, -0.20365319657420414, 0.90450080680599998, 0.83680124989768956]
  #391 objects/spaceships/derelicts/wreckage/wreckage_internals_02.cgf
    [0.19150796935716788, -0.98136571198191169, -0.01568528596055160, -18.35102940475917421]
    [0.98057145054384121, 0.19061246899614118, 0.04633042432654074, -109.74975441468995996]
    [-0.04247727895918263, -0.02425318919576094, 0.99880301099005153, -0.00069151278876234]
  #392 objects/spaceships/derelicts/wreckage/wreckage_mech_junk_011.cgf
    [-0.00477965633899579, -0.96959886457977273, 0.24465302366339539, 23.65175517875468358]
    [0.74197995634177927, -0.16745902752883476, -0.64917110516634491, -3.90025106360553764]
    [0.67040495565671177, 0.17842483347745561, 0.72022335391613757, 0.35381759509618860]
  #393 objects/spaceships/derelicts/wreckage/wreckage_mech_junk_06.cgf
    [-0.12209828523594253, -0.99185709577717629, 0.03621526294117717, -27.79636721570568625]
    [0.99242550220340786, -0.12250383206231745, -0.00919068427007134, 6.67343317170161754]
    [0.01355235366078695, 0.03481878311348188, 0.99930176674703231, -0.67140159460541327]
  #394 objects/spaceships/derelicts/wreckage/wreckage_mech_junk_017.cgf
    [-0.26495619792421210, 0.85027638340123368, 0.45478381063409945, -22.04205873631872237]
    [-0.93034526637663839, -0.34940460550642505, 0.11123909557655284, -1.52602056378964335]
    [0.25348753009829833, -0.39363247183664379, 0.88362751123063488, -0.27098685446253512]
  #395 objects/spaceships/derelicts/wreckage/wreckage_mech_junk_011.cgf
    [-0.14653131541288686, -0.91013746133837337, 0.38752841645332131, 12.98285109267453663]
    [0.70563816288623438, -0.37072266677178772, -0.60385377858142386, -76.15546908878604881]
    [0.69325554824236202, 0.18497136074826293, 0.69655024156267864, -0.22074004665773828]
  #396 objects/planets/terrain_extension/crashpile_01/crashpile_01_e.cgf
    [1.40466995397491434, 0.29785121995670560, -0.04506140800282762, -30.79868188043474220]
    [-0.29865713572119817, 1.40503834972171893, -0.02268723021572316, -40.16929592753876932]
    [0.03936743582842218, 0.03155068782694889, 1.43572222885024825, -0.89959927117160987]
  #397 objects/spaceships/derelicts/wreckage/wreckage_internals_03.cgf
    [0.05160489703304014, -0.99854795167203403, -0.01545649086639303, 33.02119515884260181]
    [0.99753237234902459, 0.05227780879312467, -0.04686338783767817, -10.67626043257769197]
    [0.04760337187683746, -0.01299996982623626, 0.99878170791548848, 0.32115958117356058]
  #398 objects/spaceships/derelicts/wreckage/wreckage_pipes_medium_05.cgf
    [-0.43809559219006339, 0.89878982517340322, -0.01577476620136235, -34.84573581845324952]
    [-0.89868514435138458, -0.43831776312653165, -0.01556569401573045, 12.11227991714258678]
    [-0.02090465034568446, 0.00735728705595109, 0.99975427325988808, -0.22605735559773166]
  #399 objects/spaceships/derelicts/wreckage/wreckage_props_chair_base.cgf
    [-0.15665411460962378, -0.67486584167990016, 0.72112112843788756, -33.34819009050261229]
    [0.98756635676931115, -0.09732949473525482, 0.12344941555935678, 26.79075610818108544]
    [-0.01312543802094389, 0.73149378873524096, 0.68172183307306355, 0.22687347226019483]
  #400 objects/spaceships/derelicts/wreckage/wreckage_mech_junk_08.cgf
    [0.01528884163500847, -0.94275668702668824, -0.33312826644042531, 19.31263650910113938]
    [0.99349040931801946, -0.02328843816472037, 0.11150254147167478, -64.44613725147792138]
    [-0.11287789610129247, -0.33266475501319848, 0.93626444066697023, -0.32689323453814723]
  #401 objects/spaceships/derelicts/wreckage/wreckage_internals_01.cgf
    [-0.55160690864073414, 0.57413729708842387, -0.60505888303098632, -33.85280916593910661]
    [-0.70094438438328255, -0.71226380117397037, -0.03684178390958919, -38.09813691020826809]
    [-0.45211376648388735, 0.40379042971831153, 0.79532792012260412, -0.40148361722822301]
  #402 objects/spaceships/derelicts/wreckage/wreckage_mech_junk_02.cgf
    [0.52583670576494224, -0.54741601452392352, -0.65102350025732825, -7.35639109362091403]
    [0.58603553228112537, 0.78789637301383597, -0.18916075774300137, -23.14613698617904447]
    [0.61648864202719755, -0.28205521517722726, 0.73511002021267280, -0.33390488797158469]
  #403 objects/buildingsets/human/lowtech/prop/storage/box/box_plastic_1_005x005x005_b.cgf
    [0.99310997620262031, -0.10562423437592014, -0.05075530494682306, 8.74967045926314313]
    [0.10631216179975318, 0.99427147956574502, 0.01104327290800669, -7.49636110305436887]
    [0.04929811478350270, -0.01636309064811129, 0.99865006375814525, 0.34355242911260575]
  #404 objects/spaceships/derelicts/wreckage/wreckage_mech_junk_019.cgf
    [-0.25863477862645573, 0.79863974491749989, 0.54339910995722529, 17.88886523968540132]
    [-0.31524862266582476, -0.60152381284538181, 0.73402138393006278, -13.72474588267505169]
    [0.91308616284088684, 0.01853763732018570, 0.40734506110966906, 0.10396379079611506]
  #405 objects/buildingsets/human/lowtech/prop/storage/box/box_plastic_1_01x005x0025_a.cgf
    [0.99310997620262031, -0.10562423437592014, -0.05075530494682306, 9.02351481061486993]
    [0.10631216179975318, 0.99427147956574502, 0.01104327290800669, -7.43801728173275478]
    [0.04929811478350270, -0.01636309064811129, 0.99865006375814525, 0.10719687012897339]
  #406 objects/buildingsets/human/lowtech/prop/storage/box/box_plastic_1_005x005x005_b.cgf
    [-0.99619126463570418, 0.07090047988075480, -0.05075537380699361, 9.19775022334943060]
    [-0.07154745732521893, -0.99737607113683913, 0.01104336126508744, -6.86290953031857498]
    [-0.04983921516140623, 0.01463271780681707, 0.99865006781944077, 0.10286000886117108]
  #407 objects/buildingsets/human/lowtech/prop/storage/box/box_plastic_3_005x005x005_a.cgf
    [-0.99619123911344243, 0.07090091478718104, -0.05075535603409254, 9.26044842573173810]
    [-0.07154788814566942, -0.99737604571415195, 0.01104327431873837, -7.41826567953103222]
    [-0.04983919728187222, 0.01463265143864984, 0.99865007419834295, 0.36864885081013199]
  #408 objects/spaceships/derelicts/wreckage/wreckage_mech_junk_011.cgf
    [-0.03489895892681603, 0.17355908215507662, 0.98420495551351017, 3.51324556818872225]
    [0.99889802207067113, -0.02486720631047770, 0.03980515473719495, -37.75100142313749529]
    [0.03138297243991248, 0.98450949911203922, -0.17249997677981352, -0.67936502007069066]
  #409 objects/buildingsets/human/lowtech/prop/storage/box/box_plastic_3_01x005x025_a.cgf
    [0.99111541820015803, -0.12293946358605208, -0.05075560286871411, 8.93933376415225212]
    [0.12364753856999548, 0.99226476191559909, 0.01104280714437715, -7.44063506464590319]
    [0.04900539903902758, -0.01722050165413892, 0.99865005898526460, 0.85774743043293711]
  #410 objects/buildingsets/human/lowtech/prop/storage/box/box_plastic_1_01x005x0025_a.cgf
    [-0.99619126463570418, 0.07090047988075480, -0.05075537380699361, 8.88413217591005377]
    [-0.07154745732521893, -0.99737607113683913, 0.01104336126508744, -6.95565448154229671]
    [-0.04983921516140623, 0.01463271780681707, 0.99865006781944077, 0.57493241471820511]
  #411 objects/buildingsets/human/lowtech/prop/storage/box/box_plastic_1_01x005x0025_a.cgf
    [0.99111541820015803, -0.12293946358605208, -0.05075560286871411, 8.86773183969489764]
    [0.12364753856999548, 0.99226476191559909, 0.01104280714437715, -6.93123534607002512]
    [0.04900539903902758, -0.01722050165413892, 0.99865005898526460, 0.83726890206162352]
  #412 objects/buildingsets/human/universal/prop/storage/ammo-box/ammo-box_1_pallet_125x125x025_a.cgf
    [-0.14021863282318112, -0.98881877538343843, -0.05075578978185879, 9.02946513606002554]
    [0.98995559348778761, -0.14094666731483316, 0.01104289966761832, -7.20638054667506367]
    [-0.01807328607158250, -0.04869755804990707, 0.99865003374982908, -0.14519733094493859]
  #413 objects/buildingsets/human/lowtech/prop/storage/box/box_plastic_3_005x005x005_a.cgf
    [0.97283518882746323, -0.22586618329633637, -0.05075539738749675, 8.69609516608761624]
    [0.22669051974752433, 0.97390420982066062, 0.01104292044592914, -6.92187726328847930]
    [0.04693667411965001, -0.02224870959232485, 0.99865003443941514, 0.07801574304176029]
  #414 objects/buildingsets/human/lowtech/prop/storage/box/box_plastic_3_01x005x025_a.cgf
    [-0.17464228293765269, -0.98332289807974571, -0.05075535292206918, 9.11471125831303652]
    [0.98443359162879707, -0.17540954714144921, 0.01104305991685469, -7.13014332522288896]
    [-0.01976186759950534, -0.04803669026432462, 0.99865003865483204, 1.10842120653251186]
  #415 objects/buildingsets/human/hightech/prop/storage/crate/crate_dry_1_01x005x005_a.cgf
    [-0.99767686518773979, -0.00420022925701422, 0.06799439812928600, -1.22727117715112399]
    [0.00442496453474230, -0.99998523666378736, 0.00315492899228570, -5.92531038593733683]
    [0.06798014262739967, 0.00344847245437946, 0.99768071830606142, -0.01613521338731516]
  #416 objects/buildingsets/human/lowtech/prop/storage/crate/crate_weapon_1_005x0025x0025_a.cgf
    [-0.07378546341930074, 0.99495348126435712, 0.06799433201510480, -1.56171661810367368]
    [-0.99724054960358510, -0.07417066457501595, 0.00315474580347002, -7.56734941701870412]
    [0.00818201030206375, -0.06757393221266422, 0.99768069645101354, 0.76928919831698295]
  #417 objects/buildingsets/human/universal/prop/storage/ammo-box/ammo-box_1_pallet_250x125x025_a.cgf
    [0.99767688821849687, 0.00420014795622631, 0.06799422683582508, -1.74905305547872558]
    [-0.00442487617215907, 0.99998524833441504, 0.00315483686080490, -6.29837159419548698]
    [-0.06797997202644973, -0.00344837380558466, 0.99768074128579787, -0.23080689627386164]
  #418 objects/buildingsets/human/hightech/prop/storage/crate/crate_dry_1_01x005x005_a.cgf
    [-0.99767686518773979, -0.00420022925701422, 0.06799439812928600, -1.22727117715112399]
    [0.00442496453474230, -0.99998523666378736, 0.00315492899228570, -5.92531038593733683]
    [0.06798014262739967, 0.00344847245437946, 0.99768071830606142, -0.01613521338731516]
  #419 objects/buildingsets/human/lowtech/prop/storage/box/box_plastic_4_ammo_closed_0025x005x0025_a.cgf
    [-0.00419983399153351, 0.99767685735788725, 0.06799423075592206, -1.54505243919265922]
    [-0.99998521643593596, -0.00442459007219744, 0.00315525615810391, -7.56657624209765345]
    [0.00344877270544175, -0.06797997517165646, 0.99768070777761508, 1.01380276819691062]
  #420 objects/buildingsets/human/lowtech/prop/storage/crate/crate_metal_2_0625x0625x0625_a.cgf
    [-0.00419983399153351, 0.99767685735788725, 0.06799423075592206, -1.36890905500331428]
    [-0.99998521643593596, -0.00442459007219744, 0.00315525615810391, -6.98203048424329609]
    [0.00344877270544175, -0.06797997517165646, 0.99768070777761508, 0.73598150916222949]
  #421 objects/buildingsets/human/hightech/prop/storage/crate/crate_dry_1_01x005x005_a.cgf
    [-0.00419983399153351, 0.99767685735788725, 0.06799423075592206, -0.74731439187598880]
    [-0.99998521643593596, -0.00442459007219744, 0.00315525615810391, -7.66196902139927261]
    [0.00344877270544175, -0.06797997517165646, 0.99768070777761508, -0.04552280176721979]
  #422 objects/buildingsets/human/universal/prop/storage/ammo-box/ammo-box_1_pallet_250x125x025_a.cgf
    [0.99767688821849687, 0.00420014795622631, 0.06799422683582508, -1.75424340636527631]
    [-0.00442487617215907, 0.99998524833441504, 0.00315483686080490, -7.53428223909577355]
    [-0.06797997202644973, -0.00344837380558466, 0.99768074128579787, -0.22654493672598619]
  #423 objects/buildingsets/human/lowtech/prop/storage/box/box_plastic_4_weapon_005x010x005_a.cgf
    [-0.00419983399153351, 0.99767685735788725, 0.06799423075592206, -0.75828474383160938]
    [-0.99998521643593596, -0.00442459007219744, 0.00315525615810391, -6.66023516427958384]
    [0.00344877270544175, -0.06797997517165646, 0.99768070777761508, -0.04433647231780924]
  #424 objects/buildingsets/human/lowtech/prop/storage/crate/crate_weapon_1_015x0075x0075_a.cgf
    [-0.00419983399153351, 0.99767685735788725, 0.06799423075592206, -1.37519255264487583]
    [-0.99998521643593596, -0.00442459007219744, 0.00315525615810391, -7.40616569647681899]
    [0.00344877270544175, -0.06797997517165646, 0.99768070777761508, 0.00101329466269817]
  #425 objects/buildingsets/human/hightech/prop/storage/crate/crate_dry_1_0125x0125x0125_a.cgf
    [-0.99767686518773979, -0.00420022925701422, 0.06799439812928600, -2.35140524923917837]
    [0.00442496453474230, -0.99998523666378736, 0.00315492899228570, -7.53202712628990412]
    [0.06798014262739967, 0.00344847245437946, 0.99768071830606142, 0.06361065254895948]
  #426 objects/buildingsets/human/universal/prop/storage/loot/loot_drop_1_tarp_a.cgf
    [0.99767688821849687, 0.00420014795622631, 0.06799422683582508, -2.75049384923477191]
    [-0.00442487617215907, 0.99998524833441504, 0.00315483686080490, -6.90213945726281963]
    [-0.06797997202644973, -0.00344837380558466, 0.99768074128579787, -0.16064698901027441]
  #427 objects/buildingsets/human/hightech/prop/storage/crate/crate_dry_1_0125x0125x0125_a.cgf
    [-0.99767686518773979, -0.00420022925701422, 0.06799439812928600, -2.34619690658291802]
    [0.00442496453474230, -0.99998523666378736, 0.00315492899228570, -6.29168659931747243]
    [0.06798014262739967, 0.00344847245437946, 0.99768071830606142, 0.05933329864637926]
  #428 objects/spaceships/derelicts/misc/starfarer/leg_right_derelict_aged.cgf
    [0.79220171365413339, -0.08388399328508694, -0.60446839355670867, 40.98196633288171142]
    [0.03009735019868946, 0.99467403537114363, -0.09858920389438383, -2.32457548729144037]
    [0.60951842683342894, 0.05990957589616560, 0.79050632402370424, -1.32524523364554625]
  #429 objects/spaceships/derelicts/misc/starfarer/leg_left_derelict_aged.cgf
    [0.10810579489763511, 0.36112755891751874, -0.92623021412795670, -24.39660638823988847]
    [-0.02520163543255382, 0.93238655920771185, 0.36058642243437922, -39.29156352035352029]
    [0.99382111113860483, -0.01563894698417938, 0.10989726409766050, 0.39214448076381814]
  #430 objects/spaceships/derelicts/wreckage/wreckage_mech_junk_06.cgf
    [0.70702274484481087, -0.70702101154786290, 0.01549696895277394, -28.81440331887279171]
    [0.70710457286075490, 0.70710899901830793, 0.00012284751929786, 27.10463880808674730]
    [-0.01104490182373677, 0.01087112146653938, 0.99987992149384664, -0.20004214742220938]
  #431 objects/spaceships/derelicts/wreckage/wreckage_props_chair_back.cgf
    [-0.06975290873934349, -0.93735735623145133, 0.34131466304670194, 29.93161409652384464]
    [0.99707329984424831, -0.07624428994886506, -0.00562350045734149, -28.63878208771348000]
    [0.03129452395549661, 0.33992348512345577, 0.93993226234735727, -0.07061148353386670]
  #432 objects/spaceships/derelicts/wreckage/wreckage_mech_junk_02.cgf
    [0.94233476167196484, -0.00173364642312885, -0.33466487113755855, 25.21401430113473907]
    [0.01323397731516493, 0.99939666830422780, 0.03208653589325138, -56.91697709070285782]
    [0.33440760061317509, -0.03466523346649755, 0.94178992498308789, -0.34106335414981004]
  #433 objects/spaceships/derelicts/wreckage/wreckage_pipes_medium_01.cgf
    [0.55932502749171120, 0.82880170514404805, 0.01554000392224776, -18.83267702763259877]
    [-0.82893698871012289, 0.55912586062900971, 0.01549145810603993, -29.24507282869308256]
    [0.00415053246927583, -0.02154646319877472, 0.99975835458076245, -0.15178320527775213]
  #434 objects/spaceships/derelicts/wreckage/wreckage_props_chair_seat.cgf
    [0.74839144635979415, -0.53378772021503729, -0.39367903726280806, 13.57317064494418446]
    [-0.11373448358605369, 0.48147973432893953, -0.86904775719806715, -69.45250585555913858]
    [0.65343475716857302, 0.69516200039646148, 0.29962490374780465, -0.31234436594240833]
  #435 objects/spaceships/derelicts/wreckage/wreckage_mech_junk_011.cgf
    [-0.16528174446815938, -0.09189908529484843, -0.98195620282312124, -24.05839242378715426]
    [-0.49818749288843839, 0.86706595603194092, 0.00270758475738249, 4.20251995386206545]
    [0.85117133884451524, 0.48964545051256880, -0.18909300864190975, -0.20872741329367273]
  #436 objects/spaceships/derelicts/wreckage/wreckage_mech_junk_018.cgf
    [-0.05905766073762465, -0.70684933839483755, 0.70489600942173447, 15.38339155509311240]
    [0.02791677047412090, -0.70702178492341061, -0.70664207923793743, -6.37427209966699593]
    [0.99786523399415050, -0.02205418405202760, 0.06148793646972076, 0.10448141222877894]
  #437 objects/spaceships/derelicts/wreckage/wreckage_mech_junk_06.cgf
    [-0.92048817970335273, -0.36548939109011236, -0.13827159760270935, -21.04002029700495768]
    [0.39068290263705091, -0.85325515607248037, -0.34543092927448465, -44.75393946716212668]
    [0.00827038633410071, -0.37198543293108177, 0.92820173296195552, -0.57224139089521486]
  #438 objects/spaceships/derelicts/wreckage/wreckage_mech_junk_06.cgf
    [-0.18976323909851425, 0.91546592949081362, 0.35484057933339525, 33.24458854936528951]
    [-0.98114962482922130, -0.16336423820075557, -0.10323435032906406, 4.53311202177428640]
    [-0.03653927335918469, -0.36774182428968594, 0.92920967702869672, 0.26235118613112718]
  #439 objects/spaceships/derelicts/wreckage/wreckage_mech_junk_05.cgf
    [0.07349688810699358, -0.79863170300929032, -0.59731399097998106, -35.14166033825313207]
    [-0.06606900260397905, -0.60151720539057563, 0.79612205844794404, -47.36495019122958183]
    [-0.99510375728708200, -0.01904856952521262, -0.09697452070280950, -1.06642743870906997]
  #440 objects/spaceships/derelicts/wreckage/wreckage_mech_junk_012.cgf
    [0.99950690174253631, -0.00066333584941563, 0.03136224682408466, 29.43978595543012489]
    [0.00000184356320882, 0.99977667657065217, 0.02108729838577866, -10.70880607247818261]
    [-0.03136926101943115, -0.02107686272101397, 0.99928465038356440, 0.35290769004495814]
  #441 objects/spaceships/derelicts/wreckage/wreckage_panel_small_03.cgf
    [0.59477922157505780, -0.80384805658424741, -0.00811682796246108, 0.71743276578490622]
    [0.80312564888088078, 0.59462404154121251, -0.03756786816860493, -33.04085553201730363]
    [0.03502532055681497, 0.01582575542583116, 0.99926106487392430, -0.63171797963150311]
  #442 objects/spaceships/derelicts/wreckage/wreckage_mech_junk_014.cgf
    [-0.42212635364279505, 0.90640282703777053, 0.01559735924834985, -4.59461371632642113]
    [-0.90585667307690143, -0.42241356987508738, 0.03147196760259546, 53.43894136601011269]
    [0.03511481624089893, -0.00084382502262236, 0.99938293889631957, 0.22368863662995864]
  #443 objects/spaceships/derelicts/wreckage/wreckage_mech_junk_017.cgf
    [-0.39129603968281179, 0.79252247787620622, 0.46775583375581897, -22.59706820115388837]
    [-0.88038732841985790, -0.47038151063049100, 0.06049276847539981, -4.57771708592190407]
    [0.26796557597831167, -0.38813573030710707, 0.88178517427584113, -0.31795935542322695]
  #444 objects/spaceships/derelicts/wreckage/wreckage_mech_junk_010.cgf
    [-0.17356441651386678, -0.84253300046608470, 0.50991517541014042, 1.51534716293099336]
    [0.98480895855759720, -0.14577083282694822, 0.09435109490289681, -59.05629435391165316]
    [-0.00516315142509894, 0.51854503863241364, 0.85503469780167818, -0.74645226169377565]
  #445 objects/spaceships/derelicts/wreckage/wreckage_mech_junk_013.cgf
    [-0.15713347708605513, -0.98745571736031634, -0.01550138270233292, 22.91975241521140561]
    [0.98660116141521148, -0.15626106845401277, -0.04691101165164911, -21.35389172483701259]
    [0.04390028368264853, -0.02266497236813510, 0.99877879450584528, -0.02209398215927649]
  #446 objects/spaceships/derelicts/wreckage/wreckage_mech_junk_07.cgf
    [-0.78897495842349064, 0.60568050499349613, 0.10328668705157808, -26.24158300409908406]
    [-0.47145349169701101, -0.70457361345748259, 0.53038300053525289, 45.95075542345875874]
    [0.39401601365675920, 0.36976431407168703, 0.84144175787260878, -0.29176454473054036]
  #447 objects/spaceships/derelicts/wreckage/wreckage_panel_small_02.cgf
    [0.89548797614561904, -0.43507535284291293, -0.09386533666543767, -5.71369356525246985]
    [0.44449356353578506, 0.88505785833596351, 0.13819565432058412, -17.60865544344414957]
    [0.02295073101145520, -0.16547508648267920, 0.98594687443070050, -0.42691598925739527]
  #448 objects/spaceships/derelicts/wreckage/wreckage_mech_junk_09.cgf
    [0.44063261565821710, -0.58778425982093196, 0.67849292847129528, 2.06342666200362146]
    [-0.29425705871507585, -0.80863694668752162, -0.50943023458451375, -126.79329112730920315]
    [0.84808948435595377, 0.02482024212692868, -0.52927145602819992, 0.94331554920063354]
  #449 objects/spaceships/derelicts/wreckage/wreckage_mech_junk_011.cgf
    [-0.15643672247071938, 0.17136765238483290, 0.97270786731285286, -33.14563311162055470]
    [0.98756896022753138, 0.01185317441875054, 0.15673852942049421, 17.02819829105283134]
    [0.01533023846258261, 0.98513580055030892, -0.17109165326330419, -0.05424320843303576]
  #450 objects/spaceships/derelicts/wreckage/wreckage_mech_junk_05.cgf
    [-0.62486878490207332, 0.05719635480560295, 0.77863189427026658, 37.30885647104878444]
    [-0.76372727415914121, -0.25178349735896716, -0.59441212074290672, 3.09472164014005102]
    [0.16204845103671833, -0.96609197055848861, 0.20101405936391931, 0.64884693360363599]
  #451 objects/spaceships/derelicts/wreckage/wreckage_pipes_small_01.cgf
    [-0.15538825445484303, -0.90118784511114181, 0.40461873825514039, -37.72817430354189128]
    [0.98722002848981416, -0.12699088768678032, 0.09628756378090714, -77.82296514871995896]
    [-0.03539026521256503, 0.41440939590485687, 0.90940296176102464, -1.27098853797360789]
  #452 objects/spaceships/derelicts/wreckage/wreckage_panel_small_02.cgf
    [0.44925798205446738, -0.88509387933313433, -0.12154819796956690, -29.42489828134421259]
    [0.83619870187553902, 0.46448319242108671, -0.29159041315217715, -151.88375178028945811]
    [0.31454231932172433, 0.02936090645087137, 0.94878814317547810, 0.76269804322510026]
  #453 objects/spaceships/derelicts/wreckage/wreckage_mech_junk_013.cgf
    [-0.17338616416099303, -0.98473026857504253, -0.01559903993622894, 4.51657640191842802]
    [0.98469145185157514, -0.17362342601589995, 0.01540923120108437, -47.89272415544837713]
    [-0.01788229697897615, -0.01268849509974442, 0.99975948075731147, -0.66569957906904165]
  #454 objects/spaceships/derelicts/wreckage/wreckage_panel_small_03.cgf
    [-0.20683624914045298, -0.91651688089638528, 0.34236772303853125, 15.87344122622744180]
    [0.96679604686821341, -0.13778629979849905, 0.21522180199262381, -60.75502664566738531]
    [-0.15008082657895550, 0.37551541556228829, 0.91458406003689896, -0.46621521233464591]
  #455 objects/spaceships/derelicts/wreckage/wreckage_internals_02.cgf
    [0.73605964101107058, 0.67512239836284604, -0.04923988756988397, 20.38948627602076158]
    [-0.67681384848224468, 0.73273765863731910, -0.07083186106403655, -12.05272656521992758]
    [-0.01174026412604893, 0.08546277123953094, 0.99627149680935467, 0.24447151717322413]
  #456 objects/spaceships/derelicts/wreckage/wreckage_mech_junk_03.cgf
    [-0.60687907175262101, -0.77920225968029255, 0.15665769359268686, -27.10066402993106749]
    [-0.10659571779133831, -0.11552767738523491, -0.98756807911682687, 3.24245706736110151]
    [0.78761357746118343, -0.61603343777028507, -0.01294829454782733, -0.25593404429673683]
  #457 objects/spaceships/derelicts/wreckage/wreckage_mech_junk_011.cgf
    [0.36996756237659484, -0.92513096481299406, -0.08516974551100966, -1.55558345168537926]
    [0.64752742759805293, 0.32251399024776328, -0.69042750627406579, -14.71061905077658594]
    [0.66620523723135050, 0.20028631719554743, 0.71836839981090184, -0.27038895810255781]
  #458 objects/spaceships/derelicts/wreckage/wreckage_mech_junk_08.cgf
    [-0.13421414909848337, -0.97338368056297098, -0.18577104955721641, -30.94765222840942442]
    [0.91638624916574507, -0.19325845873369774, 0.35055316390805630, -155.09114358821534552]
    [-0.37712453484206376, -0.12318883390833500, 0.91793338902046540, 0.76029365744034294]
  #459 objects/spaceships/derelicts/wreckage/wreckage_mech_junk_012.cgf
    [-0.03439476275537617, -0.74023958904913767, 0.67146286135214328, 5.62290820742782671]
    [0.99927358948640199, -0.01443966083153319, 0.03526772782409419, -62.21948246960528195]
    [-0.01641087218296131, 0.67218812104594383, 0.74019851139728743, -0.57550015061860904]
