# IncludedObjects
# Cgfs: 13, Materials: 0, Palettes: 1, Placements: 944

[CGFs]
      0: data/objects/space/3d/asteroid/angular_smooth_01/angular_smooth_01_01300_cluster_01.cgf
      1: data/objects/space/3d/asteroid/angular_smooth_01/angular_smooth_01_03500_cluster_01.cgf
      2: data/objects/space/3d/asteroid/angular_smooth_01/angular_smooth_01_03900_column_01.cgf
      3: data/objects/space/3d/asteroid/angular_smooth_01/angular_smooth_01_01400_01.cgf
      4: data/objects/space/3d/asteroid/angular_smooth_01/angular_smooth_01_03400_01_lp.cgf
      5: data/objects/space/3d/asteroid/angular_smooth_01/angular_smooth_01_03400_01.cgf
      6: data/objects/space/3d/asteroid/angular_smooth_01/angular_smooth_01_00800_cluster_01.cgf
      7: data/objects/space/3d/asteroid/angular_smooth_01/angular_smooth_01_00900_cluster_01.cgf
      8: data/objects/space/3d/asteroid/angular_smooth_01/angular_smooth_01_02200_column_01.cgf
      9: data/objects/space/3d/asteroid/angular_smooth_01/angular_smooth_01_05100_01.cgf
     10: data/objects/space/3d/asteroid/angular_smooth_01/angular_smooth_01_01700_column_01.cgf
     11: data/objects/space/3d/asteroid/angular_smooth_01/angular_smooth_01_01000_01.cgf
     12: data/objects/space/3d/asteroid/angular_smooth_01/angular_smooth_01_00400_01.cgf

[Palettes]
      0: Libs/Foundry/Records/TintPalettes/default

[Placements]
  #0 data/objects/space/3d/asteroid/angular_smooth_01/angular_smooth_01_01300_cluster_01.cgf
    [-0.52518166403099409, 0.35418656412666977, 0.77377768362313482, 6172.1714221920674]
    [-0.58173527304311812, -0.8130596089292681, -0.022670477291797948, 3478.5920362281759]
    [0.62109910479607711, -0.46204085991969757, 0.63304814343111515, 20735.849857036668]
  #1 data/objects/space/3d/asteroid/angular_smooth_01/angular_smooth_01_03500_cluster_01.cgf
    [-0.56083296557201689, 0.63499576838796501, 0.53127117037251359, 12046.362968521948]
    [-0.17310320462888479, 0.53757084890636708, -0.82526066219419669, -5144.367664612404]
    [-0.80963199225747795, -0.55479748931242601, -0.19156743088980802, 14989.204136162398]
  #2 data/objects/space/3d/asteroid/angular_smooth_01/angular_smooth_01_03900_column_01.cgf
    [-0.073606596290188606, 0.52284708906973165, -1.0775965798825275, 18721.601582948275]
    [0.52267072827200411, -0.95738841485946236, -0.50022408122874085, -14904.33307427082]
    [-1.077682131860237, -0.50003974150544594, -0.16900555649143831, 13321.029300176973]
  #3 data/objects/space/3d/asteroid/angular_smooth_01/angular_smooth_01_03500_cluster_01.cgf
    [0.63350526520706474, 0.12087133280991484, 0.76423860527977538, 19172.37622848741]
    [-0.76680747889674905, 0.22998326697816163, 0.59926073887612419, -12567.260316080994]
    [-0.10332867560959684, -0.96565897901645448, 0.23838071856163259, 13087.154751871523]
  #4 data/objects/space/3d/asteroid/angular_smooth_01/angular_smooth_01_01400_01.cgf
    [-0.12268818557645249, -0.012688610656363387, 0.99236435784293586, 6859.9726141356687]
    [0.94230703892814127, -0.31529158324604872, 0.11246809484530115, 3344.1340789830538]
    [0.31145700175769003, 0.94891023133448427, 0.050639109019602196, 20811.799457378766]
  #5 data/objects/space/3d/asteroid/angular_smooth_01/angular_smooth_01_03400_01_lp.cgf
    [0.35331766317796359, 0.75165748514870634, 0.21218937169287957, 6029.9444055596223]
    [-0.7620937234818892, 0.28080662440365528, 0.27423980723732982, -2419.5614998307765]
    [0.17095748322026266, -0.30167091385146894, 0.78397377138527202, 21506.429834856986]
  #6 data/objects/space/3d/asteroid/angular_smooth_01/angular_smooth_01_03500_cluster_01.cgf
    [-0.50656459926069164, -0.20552610238557664, 0.837347822997622, 14391.744589837963]
    [0.74549471699240322, 0.38350243412432794, 0.54512710318047874, -14912.153792472629]
    [-0.43316276660982744, 0.90038044899015734, -0.041050132326354384, 13512.85852933432]
  #7 data/objects/space/3d/asteroid/angular_smooth_01/angular_smooth_01_03400_01.cgf
    [0.52044006878016036, -0.58349736292101584, 0.35145347737604254, 7504.4860810659957]
    [0.60556668287827276, 0.59885543773261196, 0.09750764981927007, -2975.8725491888099]
    [-0.31189375095262439, 0.18907558448856426, 0.77577013087279945, 21319.679915297169]
  #8 data/objects/space/3d/asteroid/angular_smooth_01/angular_smooth_01_00800_cluster_01.cgf
    [1.2070226090707399, 0.037874582757445464, -0.32273738848021044, 4050.6431040576399]
    [-0.31270886645897894, -0.20218708985934766, -1.1932439106411403, -5394.4940985110616]
    [-0.088357630004529675, 1.2329571693392964, -0.18576068621973046, 17642.789129681485]
  #9 data/objects/space/3d/asteroid/angular_smooth_01/angular_smooth_01_03400_01_lp.cgf
    [-0.68422254080567824, -0.87678300088143191, 0.33433685924869389, 6172.2727148372778]
    [0.93638434992787078, -0.66484195195069351, 0.17279924643949932, -1728.3254014163376]
    [0.06094190099667849, 0.37138497509356894, 1.0986579706219621, 23181.812323528164]
  #10 data/objects/space/3d/asteroid/angular_smooth_01/angular_smooth_01_03500_cluster_01.cgf
    [0.61515705242536856, 0.15986474744238685, -0.77202601799021231, 12564.509069829741]
    [-0.53379666433797479, -0.63618644715831607, -0.55707004467215815, -15853.388819456526]
    [-0.58020860995877444, 0.75479081609050502, -0.30601944701676331, 12274.054869373491]
  #11 data/objects/space/3d/asteroid/angular_smooth_01/angular_smooth_01_03400_01.cgf
    [0.69946164917943832, -0.89532923711401236, 0.24047489939972025, 7802.2137121851993]
    [0.63515068709464095, 0.6822479742857368, 0.69268356773601825, -699.30952410971054]
    [-0.67529713812193137, -0.28567897629530559, 0.90058343116697426, 22152.795288490786]
  #12 data/objects/space/3d/asteroid/angular_smooth_01/angular_smooth_01_00900_cluster_01.cgf
    [0.45125942459244706, -0.85636376305268214, 0.2510086047216934, 18693.177627835135]
    [0.23040144765593232, 0.38354367224790775, 0.89432024856548353, -12162.908686779952]
    [-0.86213652470599589, -0.34573781888365535, 0.37038528042975527, 12014.128363076383]
  #13 data/objects/space/3d/asteroid/angular_smooth_01/angular_smooth_01_03400_01.cgf
    [-0.37881649115129928, 0.90798700168289437, 0.61704533087283253, 8371.9403441763316]
    [-0.97737641196254332, -0.57619237694054959, 0.24784060127441349, -3027.1111683467107]
    [0.49992067862440004, -0.43846233484273822, 0.95211205514540787, 22841.201266394222]
  #14 data/objects/space/3d/asteroid/angular_smooth_01/angular_smooth_01_03400_01.cgf
    [-0.77090527049374447, 0.87505011589267345, 0.44998782594145886, 8204.2517941924361]
    [-0.49223210612277085, -0.83793339462641359, 0.78617546690680418, 531.7267359276691]
    [0.85200311180255861, 0.30765501091386283, 0.86135693915628408, 24105.72006970505]
  #15 data/objects/space/3d/asteroid/angular_smooth_01/angular_smooth_01_02200_column_01.cgf
    [-1.5493581019037341, 0.40252415041163736, -0.27942365158657945, 5153.041331630202]
    [-0.48953072159230898, -1.3122164530139984, 0.82405184892821171, -142.56725176775512]
    [-0.021516071851102894, 0.8698713039525332, 1.3723974533193166, 25127.135422752333]
  #16 data/objects/space/3d/asteroid/angular_smooth_01/angular_smooth_01_03400_01.cgf
    [0.41712562352691657, -0.4546368743144395, -0.58464756520453509, 10308.735487727441]
    [0.1403175344732196, -0.61033313091409325, 0.57472228738467324, -2280.6843056548851]
    [-0.7271990460014035, -0.37854990504675945, -0.22446105602632205, 17271.166554255775]
  #17 data/objects/space/3d/asteroid/angular_smooth_01/angular_smooth_01_02200_column_01.cgf
    [-0.83779807782780413, 0.92013640879364866, 0.11807754464894321, 6924.8325962355693]
    [-0.49586876472143782, -0.57864769118528936, 0.99084809845380839, -4658.9394011590348]
    [0.78403283446015903, 0.6172639429354515, 0.7528457184510694, 20617.675582491534]
  #18 data/objects/space/3d/asteroid/angular_smooth_01/angular_smooth_01_03400_01_lp.cgf
    [0.87692664606477733, 1.2075876406729074, 0.38127810957219932, 7060.3154673601866]
    [-1.2504455035722883, 0.75246272179732143, 0.49277494277260253, -1540.8241876189959]
    [0.20006736200778863, -0.59006202362356475, 1.4087019231405331, 25333.701564793406]
  #19 data/objects/space/3d/asteroid/angular_smooth_01/angular_smooth_01_03900_column_01.cgf
    [0.30672264297537133, -0.2248980105089973, 0.70380491311206972, 20168.626860005239]
    [-0.58287939058081106, 0.39465233077363915, 0.38013208811736304, -8633.5921830473781]
    [-0.4540617654986327, -0.65853600755723241, -0.012549519043992886, 15046.601018285706]
  #20 data/objects/space/3d/asteroid/angular_smooth_01/angular_smooth_01_05100_01.cgf
    [0.63951883510963192, 0.97997138008433882, 0.43951276741548778, 7187.2573368470557]
    [-1.0724100046601404, 0.61062883538143742, 0.19891939641762349, -3688.4676536204793]
    [-0.058755088379320274, -0.47884051476656664, 1.1531519067205465, 20074.619794187311]
  #21 data/objects/space/3d/asteroid/angular_smooth_01/angular_smooth_01_01700_column_01.cgf
    [-0.5899940087697072, 1.8249287572286377, 0.83473091436372382, 7897.7252760998608]
    [-1.9905077647707969, -0.64273591738164637, -0.0017255820601222347, -3401.3094630484029]
    [0.25498922867784735, -0.7948327939171993, 1.9179298531778379, 25020.813020448171]
  #22 data/objects/space/3d/asteroid/angular_smooth_01/angular_smooth_01_02200_column_01.cgf
    [-0.62671632530061583, -0.66379234454213454, -0.85387565327668957, 6550.7984155292343]
    [-0.35452672212169906, 1.0584352682155114, -0.56260363190166662, -3393.4060098094587]
    [1.0217801677626557, -0.039896950441838566, -0.71893725904428218, 18184.043875089177]
  #23 data/objects/space/3d/asteroid/angular_smooth_01/angular_smooth_01_02200_column_01.cgf
    [-0.27486352942766218, 0.58796248414370977, 1.0093327458209593, 13358.349418793317]
    [0.99851179136792478, 0.65634155192706611, -0.11041921965644803, -6740.2619931409481]
    [-0.60615730387923006, 0.81456633788162325, -0.63957598336736698, 16079.367604873833]
  #24 data/objects/space/3d/asteroid/angular_smooth_01/angular_smooth_01_02200_column_01.cgf
    [-1.0159396259892937, 0.17964867734300841, 0.61285909578491893, 24449.807000833571]
    [0.26665196365606997, -0.92704939467313918, 0.71377825150896468, -8655.0320030986877]
    [0.58031599050496852, 0.74047890907016423, 0.74493461364012603, 13551.445157295817]
  #25 data/objects/space/3d/asteroid/angular_smooth_01/angular_smooth_01_03500_cluster_01.cgf
    [-0.37407340201048489, 0.29310175196981675, 0.29698657981799048, 5359.1267668236615]
    [0.36952719584200822, 0.047448098944300313, 0.41861546212625178, 1394.3235382383061]
    [0.19380226297158062, 0.47526899392897209, -0.22494586452810914, 27500.162665043292]
  #26 data/objects/space/3d/asteroid/angular_smooth_01/angular_smooth_01_00800_cluster_01.cgf
    [-0.026455652750866396, 0.36501712246680962, -0.34067859683090296, 25909.268013418885]
    [0.061894349340658197, 0.34092262698289666, 0.36047213418775453, -4281.1105411712433]
    [0.49544777277965374, -0.023099140941343434, -0.063223743408230809, 4830.7238771548891]
  #27 data/objects/space/3d/asteroid/angular_smooth_01/angular_smooth_01_03400_01.cgf
    [-0.6318508414833599, 0.49028825151006578, 0.30859405469357232, 7300.3028692510115]
    [-0.22379469259301532, -0.6277596395128382, 0.53914943810613059, -2014.6662472630471]
    [0.53434894566024449, 0.31683372843521729, 0.59070799794980844, 21109.702156666412]
  #28 data/objects/space/3d/asteroid/angular_smooth_01/angular_smooth_01_02200_column_01.cgf
    [-0.83779764599839956, 0.9201359345242891, 0.11807757387376254, 5276.4779253547658]
    [-0.49586875022156213, -0.57864767426484542, 0.9908473135235577, -735.78481842930137]
    [0.78403229143225139, 0.61726337827564226, 0.75284569131163581, 19624.21603031037]
  #29 data/objects/space/3d/asteroid/angular_smooth_01/angular_smooth_01_00800_cluster_01.cgf
    [-0.27938700618000301, -0.38258324214021833, -0.40767356339986566, 7442.0131602302572]
    [0.5182792383561633, -0.0063332235110362452, -0.34924388620676655, -4133.5982173692009]
    [0.20965281431600333, -0.49418086142355688, 0.32008708867422492, 25856.23326431006]
  #30 data/objects/space/3d/asteroid/angular_smooth_01/angular_smooth_01_01400_01.cgf
    [-0.53870283522038664, -0.4348905643361986, 0.57503948829463258, 13352.275649239848]
    [-0.57570683313821647, -0.17264191971243587, -0.66989355166120523, -20992.176011575044]
    [0.43400674916961346, -0.76880811996924237, -0.17485187178259376, 14772.735711599718]
  #31 data/objects/space/3d/asteroid/angular_smooth_01/angular_smooth_01_01700_column_01.cgf
    [0.1239065692819574, 1.5711762060828294, 0.20952408147591617, 24514.754333423673]
    [-1.5724223373513531, 0.14835009415524344, -0.18255983061183337, -7282.6208944186783]
    [-0.19995750617985419, -0.19299074639391711, 1.5654454371580748, 3480.1007063060956]
  #32 data/objects/space/3d/asteroid/angular_smooth_01/angular_smooth_01_01300_cluster_01.cgf
    [0.99371744664256689, 0.074955387075673605, -0.083080164052060215, 25698.056954829299]
    [0.028244142921654756, -0.88645811762560478, -0.46194075546404761, -4461.8504505018436]
    [-0.10827230532875169, 0.45669320458751061, -0.88300816092196577, 4884.5484396464071]
  #33 data/objects/space/3d/asteroid/angular_smooth_01/angular_smooth_01_01300_cluster_01.cgf
    [0.42997716821947335, -0.013626330239962077, -0.90273744740435224, 30501.883479300031]
    [-0.81305886631142732, -0.44053345335796579, -0.38061331741920584, -19858.96046104476]
    [-0.39249949775039294, 0.89763329963224292, -0.20049824106209196, 8842.1178173327316]
  #34 data/objects/space/3d/asteroid/angular_smooth_01/angular_smooth_01_05100_01.cgf
    [-0.67345143819811726, -1.0207709714674957, 0.25881647322834911, 6723.3283375524643]
    [1.0503050623823091, -0.6733334803926676, 0.077314181962682041, -4764.1407300448682]
    [0.07627987243794411, 0.25912319581189647, 1.220464146572626, 24360.793501160031]
  #35 data/objects/space/3d/asteroid/angular_smooth_01/angular_smooth_01_03400_01.cgf
    [0.58584003009392682, -0.97808462203664392, 0.51248247660109381, 9630.2839512041555]
    [1.0311403177399836, 0.69211927058789313, 0.14218620875519761, -2310.8150460914239]
    [-0.39501577413926248, 0.35611479183618105, 1.131212248326918, 24683.620154979748]
  #36 data/objects/space/3d/asteroid/angular_smooth_01/angular_smooth_01_00800_cluster_01.cgf
    [0.033732796460678185, 0.027250457401213582, 0.49811566350854641, 24084.972453336883]
    [-0.45831082234100445, 0.19885808750566955, 0.020158233476476037, -7062.283520474135]
    [-0.1970101311766658, -0.45794385771970397, 0.038394460651776055, 4238.5853357262677]
  #37 data/objects/space/3d/asteroid/angular_smooth_01/angular_smooth_01_00900_cluster_01.cgf
    [0.20711607345923103, 0.44591658927594824, 0.090887373258022375, 25881.212321842333]
    [0.45228050853734969, -0.19062453637078566, -0.095413913162739034, -4089.8107057744742]
    [-0.050442648685751185, 0.12173688281016429, -0.48232235864786271, 4758.6018947533557]
  #38 data/objects/space/3d/asteroid/angular_smooth_01/angular_smooth_01_02200_column_01.cgf
    [1.2070220602340695, -0.29282419723557879, -0.14088367096444671, 4242.8358048394111]
    [-0.3127093199628212, -1.1940599185037055, -0.19730754003354969, -6021.0335786801334]
    [-0.08835779784189704, 0.22576840713226409, -1.2262617987298909, 18733.596768907959]
  #39 data/objects/space/3d/asteroid/angular_smooth_01/angular_smooth_01_01700_column_01.cgf
    [1.0138582822577584, 0.72467089902832449, 0.097174525752806717, 5949.6427114988783]
    [-0.73091715705329996, 1.0087906166923788, 0.10296124540324494, -3731.4916906666772]
    [-0.01873258868722685, -0.14033173779065555, 1.2419563238480593, 22548.232362378149]
  #40 data/objects/space/3d/asteroid/angular_smooth_01/angular_smooth_01_01700_column_01.cgf
    [-0.37025661913807811, 1.1938977927350705, -0.003460488887003461, 7276.1004275938094]
    [-0.3099278472455852, -0.09961419627185196, -1.2068618893226351, -2641.4136720209822]
    [-1.1529738262348923, -0.35662157940877587, 0.32552462827539291, 20178.899679877879]
  #41 data/objects/space/3d/asteroid/angular_smooth_01/angular_smooth_01_03400_01.cgf
    [0.11576894495041479, -0.99208108899915037, 0.048704267967061468, 25263.058329644973]
    [0.98973232402230238, 0.11935535475756255, 0.078636299245247634, -5881.7663029628593]
    [-0.083826723980837861, 0.039100557845584326, 0.99571264338948917, 3634.7615298679548]
  #42 data/objects/space/3d/asteroid/angular_smooth_01/angular_smooth_01_01300_cluster_01.cgf
    [-0.85455471478550005, 0.44094010485901031, -0.27441606109086514, 25925.386422234944]
    [-0.47585600545165629, -0.45307230277363536, 0.75384525053542395, -7421.3855950373036]
    [0.20807069167303127, 0.7747860502139593, 0.59700023021803461, 3687.742211148051]
  #43 data/objects/space/3d/asteroid/angular_smooth_01/angular_smooth_01_00900_cluster_01.cgf
    [-0.13684982596015483, -0.47910915796415904, 0.041553488979174213, 31209.797240188884]
    [-0.37376006764818331, 0.13314741427426119, 0.30426194382554039, -20111.938383103919]
    [-0.30261475430502943, 0.052214302482608249, -0.39458602313051322, 8634.0766235578321]
  #44 data/objects/space/3d/asteroid/angular_smooth_01/angular_smooth_01_01700_column_01.cgf
    [-0.22110287576828255, -1.4268000725010286, -0.66573826617943288, 31855.364950083127]
    [1.4995729027409113, 0.014049475359837593, -0.52814400424964902, -19124.586338052894]
    [0.47984059364515558, -0.70135335813747646, 1.343766661045396, 11785.228843259038]
  #45 data/objects/space/3d/asteroid/angular_smooth_01/angular_smooth_01_03400_01.cgf
    [-0.13874935303006719, -0.84961853169148516, -0.34937003569800251, 31866.95782670319]
    [0.70672340906857645, 0.127015131059008, -0.58955206195893606, -19091.870399250431]
    [0.58690126453408509, -0.35380497635271985, 0.62732080995278949, 9910.5033452862153]
  #46 data/objects/space/3d/asteroid/angular_smooth_01/angular_smooth_01_00800_cluster_01.cgf
    [0.036302225125851934, 0.077050073229503122, 0.49269183632552166, 26430.773541979936]
    [0.2575662428973543, 0.4201063215076864, -0.084676561483068721, -4094.1662420182424]
    [-0.42701474200105499, 0.259949563877655, -0.0091894107081967047, 17848.150368337381]
  #47 data/objects/space/3d/asteroid/angular_smooth_01/angular_smooth_01_03400_01.cgf
    [-0.11195825884768042, 0.63929121424395075, -0.22152909280377675, 32521.703811735155]
    [-0.54680950087743274, -0.21773348694139458, -0.35198657034990377, -18496.956857400379]
    [-0.39845672954304839, 0.11917180600716819, 0.54528282810576501, 8823.183764268093]
  #48 data/objects/space/3d/asteroid/angular_smooth_01/angular_smooth_01_02200_column_01.cgf
    [1.0803321264915937, 0.67163798344222492, 0.26792059462773077, 25464.437903657941]
    [-0.55920336178717711, 1.0813740959444507, -0.45598047561721966, -7942.3327666596824]
    [-0.45844369991737799, 0.26368354741213518, 1.1875592154448897, 3652.0252207609574]
  #49 data/objects/space/3d/asteroid/angular_smooth_01/angular_smooth_01_00800_cluster_01.cgf
    [-0.22960509414700347, -0.49170109703677417, 0.83994463287730869, 44814.903922150384]
    [0.72357750226098849, -0.66341256707750607, -0.19056447321103959, -12241.126608740722]
    [0.65093206507923174, 0.5640117475738291, 0.50810791140782319, 19680.451689742968]
  #50 data/objects/space/3d/asteroid/angular_smooth_01/angular_smooth_01_00800_cluster_01.cgf
    [-0.022518847518637791, 0.12520168488660766, -0.48354718781178008, 32070.50898583484]
    [0.49896479170110331, 0.027894893295468307, -0.016014206299500709, -19676.920362402776]
    [0.022966962833619719, -0.4832668582287461, -0.12619867506677748, 12461.395478563001]
  #51 data/objects/space/3d/asteroid/angular_smooth_01/angular_smooth_01_00800_cluster_01.cgf
    [0.44516351856464642, -0.037228559887633815, 0.22459588982935311, 26672.57932140374]
    [0.22650336267932389, 0.1220951264108292, -0.42870601169342681, -6766.5760669437432]
    [-0.02292391970202132, 0.48343215873152134, 0.12556942091958048, 4165.8533687314703]
  #52 data/objects/space/3d/asteroid/angular_smooth_01/angular_smooth_01_01300_cluster_01.cgf
    [-0.91302806585062823, -0.29228463159839196, 0.28451441751634349, 30613.778480765133]
    [0.061343873509592424, 0.59119153653525047, 0.80419432041400285, -22227.813943224228]
    [-0.40325635621290712, 0.75170557396808824, -0.52184485233966538, 11387.86135796831]
  #53 data/objects/space/3d/asteroid/angular_smooth_01/angular_smooth_01_02200_column_01.cgf
    [0.29487176091443096, 0.37378281214620757, -0.49359875576788548, 30760.692235005321]
    [-0.55758444755810055, -0.077368128312326478, -0.39168410013566329, -19604.640225857042]
    [-0.26917077514629922, 0.56973964211895023, 0.27064092769132325, 8598.8168551089839]
  #54 data/objects/space/3d/asteroid/angular_smooth_01/angular_smooth_01_03400_01.cgf
    [-0.25179458595233717, 0.96402056349267384, -0.085227220386583577, 25044.256338554726]
    [-0.83488165978271089, -0.17183414706690314, 0.52292014639591033, -5293.3940574157832]
    [0.48946086676058326, 0.20282312124489674, 0.84811006411014889, 17394.395509697442]
  #55 data/objects/space/3d/asteroid/angular_smooth_01/angular_smooth_01_02200_column_01.cgf
    [0.040183934085328339, 0.2919494263668479, -0.95558871666738987, 34045.740187822514]
    [0.83340930171849326, -0.53735861509729133, -0.12912655081875701, -16280.218238154135]
    [-0.5511925242481559, -0.79120810332132219, -0.26490668166008291, 20670.031517840576]
  #56 data/objects/space/3d/asteroid/angular_smooth_01/angular_smooth_01_03900_column_01.cgf
    [0.23148547319118593, 0.43158864221454202, -1.0955121642226824, 37170.60569799821]
    [-0.85362440991519006, -0.70749812440459592, -0.45910015585700592, -17654.193151281197]
    [-0.81101234568001546, 0.86785876167864529, 0.17053248159577136, 24975.007590989015]
  #57 data/objects/space/3d/asteroid/angular_smooth_01/angular_smooth_01_03400_01.cgf
    [0.13840012083714245, -0.90205460274429661, -0.17408012909233112, 25367.884291141789]
    [0.85444520969740323, 0.061708863378127407, 0.35955026203640728, -5849.8045774516422]
    [-0.33753485938808442, -0.21365977855721438, 0.83879717980537893, 15633.73879741314]
  #58 data/objects/space/3d/asteroid/angular_smooth_01/angular_smooth_01_01300_cluster_01.cgf
    [0.77343869829738732, -0.364516062365216, 0.51857477666670015, 42910.514769787515]
    [-0.54135435894387995, 0.045718483721958053, 0.83955015159294843, -14136.985425926341]
    [-0.32973810330263731, -0.93007367410600317, -0.16197198123890524, 21132.949147364972]
  #59 data/objects/space/3d/asteroid/angular_smooth_01/angular_smooth_01_03500_cluster_01.cgf
    [-0.99135929193792416, 0.13000972749060524, 0.017432859351911932, 21581.761778849388]
    [-0.0091038180247517801, -0.20077194530874212, 0.97959554205464983, -2461.1841728741338]
    [0.13085699952519614, 0.97097259295707694, 0.20022075052426738, 14553.127351384206]
  #60 data/objects/space/3d/asteroid/angular_smooth_01/angular_smooth_01_00900_cluster_01.cgf
    [-0.40597686990399678, -0.86905518526881387, -0.28270903397092584, 22700.721213062836]
    [0.68170232281827126, -0.49401054994644139, 0.53966105235992468, -7002.0438951611322]
    [-0.60865692799438342, 0.026366519061783354, 0.7929943773479341, 11780.634887158027]
  #61 data/objects/space/3d/asteroid/angular_smooth_01/angular_smooth_01_03500_cluster_01.cgf
    [0.49501731688979395, 0.3453097830501145, 0.79731912681529771, 38066.100089479311]
    [-0.25981217759149128, -0.81682689586785795, 0.51506333090062251, -17066.997065525091]
    [0.82912862007700194, -0.46211876849264583, -0.31462796355766587, 22836.527891080394]
  #62 data/objects/space/3d/asteroid/angular_smooth_01/angular_smooth_01_01300_cluster_01.cgf
    [0.90734665623660915, -0.39276893706359417, 0.14984786440718603, 24604.232317567989]
    [0.42005017375157083, 0.86125431168125088, -0.28600461030365459, -3956.2235876116729]
    [-0.016723394414268438, 0.32244898458764698, 0.94643898661819481, 16483.200704593044]
  #63 data/objects/space/3d/asteroid/angular_smooth_01/angular_smooth_01_01300_cluster_01.cgf
    [0.7062964801349344, -0.68778505587196326, 0.1676213005008387, 30437.761354582595]
    [0.29950938284432793, 0.075781421247947969, -0.95107896995740637, -19039.069328078789]
    [0.64143535375796212, 0.72194791669914216, 0.25952224150649711, 11597.219128044529]
  #64 data/objects/space/3d/asteroid/angular_smooth_01/angular_smooth_01_00900_cluster_01.cgf
    [0.18218535511800041, 0.074529601481029439, -0.45962410353370903, 31602.180462341428]
    [0.45705722570017981, -0.12288278429799331, 0.16124203987790062, -20270.919345131573]
    [-0.088925083532947286, -0.47890045050282692, -0.11290336439808404, 13371.643405740841]
  #65 data/objects/space/3d/asteroid/angular_smooth_01/angular_smooth_01_03500_cluster_01.cgf
    [-0.19963274347227791, -0.079119089515033117, 0.39353943021005849, 30579.912412375314]
    [0.26983824947848051, -0.35185020311047133, 0.06614453425282403, -19422.358610342293]
    [0.29718753771673301, 0.26632301809540582, 0.20429871066757405, 13232.076314952641]
  #66 data/objects/space/3d/asteroid/angular_smooth_01/angular_smooth_01_01700_column_01.cgf
    [0.1040635641138408, -1.5708393906746168, -0.22244662630311535, 25986.186345842598]
    [1.1624373518911491, -0.076217511261628262, 1.0820251439454127, -4329.337019079222]
    [-1.079702873839341, -0.23345795747156889, 1.1434977938505109, 16540.204502573171]
  #67 data/objects/space/3d/asteroid/angular_smooth_01/angular_smooth_01_00800_cluster_01.cgf
    [-0.47187858368096419, 0.007048833277189059, -0.1651688668734925, 23760.053269071359]
    [-0.15167998605176455, 0.18022978438214388, 0.44103315637772417, -4130.4253550429048]
    [0.065754258160058324, 0.46633397596850262, -0.16795487120897734, 17170.71897024371]
  #68 data/objects/space/3d/asteroid/angular_smooth_01/angular_smooth_01_00800_cluster_01.cgf
    [0.036303307464933175, -0.043044304969479447, -0.49681887399148494, 26360.73568288211]
    [0.2575664967595272, -0.42492801645865241, 0.055636466934069886, -4106.6220269715668]
    [-0.42701440899751503, -0.25996750665338125, -0.0086790477757176052, 17326.761331713031]
  #69 data/objects/space/3d/asteroid/angular_smooth_01/angular_smooth_01_00800_cluster_01.cgf
    [-0.17675790023539736, 0.064016967433579208, 0.46331245127975645, 25087.75034626685]
    [0.4057072054332721, 0.26742803183154207, 0.11782981870523167, -4340.2090536597516]
    [-0.23271927958330688, 0.41759314002649889, -0.14648433786214443, 16645.731498022142]
  #70 data/objects/space/3d/asteroid/angular_smooth_01/angular_smooth_01_03500_cluster_01.cgf
    [0.61147852735903818, -0.105624743586342, -0.78417915319403375, 31266.088689280979]
    [-0.63513967204164135, 0.52553391097032431, -0.56604878376518197, -19742.720784077868]
    [0.47190160813524334, 0.84419016942009284, 0.25426629795711531, 24149.551876294856]
  #71 data/objects/space/3d/asteroid/angular_smooth_01/angular_smooth_01_01300_cluster_01.cgf
    [-0.020688969392707639, -0.29119199620666941, 0.95643697835081543, 23913.582895507669]
    [0.28031643334624651, 0.91658117176107079, 0.28512130477278852, -13083.375039604387]
    [-0.95968076432098104, 0.27400489518341281, 0.062663016796352902, 9693.4104391730289]
  #72 data/objects/space/3d/asteroid/angular_smooth_01/angular_smooth_01_01400_01.cgf
    [0.36101208447522859, 0.61018975463482894, 0.70522100336274562, 24383.832818889954]
    [-0.93229117009959028, 0.21799085369754764, 0.28863660066071201, -12691.83232081871]
    [0.022391391194103914, -0.76167340535515726, 0.64757252455419301, 10043.375608918665]
  #73 data/objects/space/3d/asteroid/angular_smooth_01/angular_smooth_01_01300_cluster_01.cgf
    [-0.22293659786782979, -0.95171475150197993, 0.21104206058982489, 37628.828075573438]
    [0.66925468766084673, 0.0079865050787011928, 0.74299046091720955, -13671.046543874825]
    [-0.70880031222372986, 0.3068805854783091, 0.63515893277304269, 20245.005995777188]
  #74 data/objects/space/3d/asteroid/angular_smooth_01/angular_smooth_01_02200_column_01.cgf
    [-0.95530638786573396, -0.6051685690182772, -0.64121529801673394, 30834.107252262325]
    [0.74619475497888388, -1.0585331520214341, -0.11268231338131729, -18575.202772103079]
    [-0.46965885808778429, -0.45086019915194642, 1.1252297489294083, 11933.187562440988]
  #75 data/objects/space/3d/asteroid/angular_smooth_01/angular_smooth_01_02200_column_01.cgf
    [-0.9784768044319363, -0.82389661289073923, -0.23188160104943517, 25134.734617284998]
    [0.29010893533673587, -0.6505973287707566, 1.0874518306038008, -3603.1201400465425]
    [-0.80524003332911087, 0.76675227388833955, 0.67355103864563148, 16202.09215708478]
  #76 data/objects/space/3d/asteroid/angular_smooth_01/angular_smooth_01_03500_cluster_01.cgf
    [-0.34361428120685822, 0.46752523177666599, 0.814463040870681, 26836.540988028722]
    [0.3307413965908414, -0.75145815372969027, 0.57089529102607983, -11912.289801685023]
    [0.87894255550250922, 0.46554426469111121, 0.10358177098977754, 23067.312367637249]
  #77 data/objects/space/3d/asteroid/angular_smooth_01/angular_smooth_01_03900_column_01.cgf
    [0.90761660966010504, -0.41779321066751945, -0.040986621932620156, 23510.675226074429]
    [0.070507764278781207, 0.055464456075960407, 0.99596753434880148, -9914.1150207832598]
    [-0.41383538422146748, -0.90684701434175152, 0.079798167484891422, 11719.786080377213]
  #78 data/objects/space/3d/asteroid/angular_smooth_01/angular_smooth_01_03400_01.cgf
    [-0.22671134028851625, -0.70839681926688713, -0.41143087384980903, 22765.862876155843]
    [0.087780151728396108, 0.40343096611462909, -0.74299229461820948, -5929.6858922643078]
    [0.81449129060217706, -0.24065920167749594, -0.034446124612587899, 12822.593600665921]
  #79 data/objects/space/3d/asteroid/angular_smooth_01/angular_smooth_01_00900_cluster_01.cgf
    [-0.14373303756003952, -0.98738380523224401, -0.066442813045745328, 30998.805939160797]
    [-0.92976392559892429, 0.11174003436429471, 0.35079027880161956, -20357.540329590243]
    [-0.33894021433759675, 0.1121962486535705, -0.9340942913964434, 30484.906001513431]
  #80 data/objects/space/3d/asteroid/angular_smooth_01/angular_smooth_01_03900_column_01.cgf
    [0.2806797608016452, -0.018741248063946735, 0.74891017138573268, 39344.734139823115]
    [-0.57266195202809567, -0.52097949865510684, 0.20158734580353871, -13839.545867673432]
    [0.48298650900762546, -0.60681787622790917, -0.19620118377458304, 19963.490210049018]
  #81 data/objects/space/3d/asteroid/angular_smooth_01/angular_smooth_01_00900_cluster_01.cgf
    [-0.034888162064222655, -0.69543709756106564, 0.7177391368797571, 22504.696205936416]
    [0.99896079199994592, -0.0031983351652003244, 0.045458946581381582, -14002.202565567148]
    [-0.029318276209532146, 0.7185794480176072, 0.69482618307896926, 20532.431617756672]
  #82 data/objects/space/3d/asteroid/angular_smooth_01/angular_smooth_01_01700_column_01.cgf
    [0.67448403251810451, 1.2876871809830419, 0.64403715537567152, 31815.983608049872]
    [-1.4394467016856225, 0.58816252884615861, 0.33152507652061208, -4917.7800743745893]
    [0.030254364624339097, -0.72372467643957139, 1.4153296823807302, 17125.738182777695]
  #83 data/objects/space/3d/asteroid/angular_smooth_01/angular_smooth_01_00900_cluster_01.cgf
    [-0.059477322732530778, -0.15889323238000835, 0.47033545759030004, 31924.718019030213]
    [-0.45076211709446279, 0.21577981156004819, 0.015894671997302434, -4201.7518468161888]
    [-0.20802888202209355, -0.42212802265333749, -0.16891409241888358, 18961.595435341682]
  #84 data/objects/space/3d/asteroid/angular_smooth_01/angular_smooth_01_03400_01.cgf
    [0.014488520503687001, 0.94627929957657275, -0.32302826917707345, 31240.860627009297]
    [-0.84274684139055567, -0.16230661892782933, -0.51326018304511856, -20417.026880718684]
    [-0.53811665726021385, 0.27966719751543623, 0.79512163505592415, 11079.350774450431]
  #85 data/objects/space/3d/asteroid/angular_smooth_01/angular_smooth_01_02200_column_01.cgf
    [-1.0455790613245515, -0.13542280086369415, 0.57308645859145779, 43761.743127781127]
    [0.49752157486863724, 0.4215974754101634, 1.0073384976079316, -14691.595783887624]
    [-0.31502334287302802, 1.1153112710042008, -0.31119778230426648, 20536.637110053158]
  #86 data/objects/space/3d/asteroid/angular_smooth_01/angular_smooth_01_01300_cluster_01.cgf
    [0.91562115833629765, -0.22690457953131518, 0.33189161745973489, 23226.146463167977]
    [-0.17756831622446026, -0.96886972490936785, -0.17251315536121098, -11098.164548973205]
    [0.36070379402708258, 0.099023267403112306, -0.92740875833297209, 12723.295281569441]
  #87 data/objects/space/3d/asteroid/angular_smooth_01/angular_smooth_01_01700_column_01.cgf
    [0.52788498340503287, 1.4671527130321445, -0.31087009286785239, 23535.364832215819]
    [-1.4394446738491244, 0.58816044511967791, 0.33152100299346243, -4803.3017201663906]
    [0.42092318648969329, 0.17137695627131819, 1.5235791622480017, 20760.19043702933]
  #88 data/objects/space/3d/asteroid/angular_smooth_01/angular_smooth_01_00900_cluster_01.cgf
    [0.074157597337181608, 0.11957256264204055, 0.47979365578657512, 22544.248381730955]
    [-0.45076077835678496, 0.21577996144619407, 0.015894277149940319, -4087.2771321243704]
    [-0.20325912172647151, -0.43490264383439775, 0.13980099761263923, 22309.342178646264]
  #89 data/objects/space/3d/asteroid/angular_smooth_01/angular_smooth_01_01700_column_01.cgf
    [-0.61091851022324339, -0.63670951474947124, 0.47050864852201557, 31638.144345769611]
    [0.77975773918811253, -0.38111180305866643, 0.49671972216283478, -3882.84958919984]
    [-0.13694985462848946, 0.67033842798751508, 0.72930785675211962, 13992.425586503947]
  #90 data/objects/space/3d/asteroid/angular_smooth_01/angular_smooth_01_03400_01.cgf
    [0.39168924734797744, 0.80635896377066751, 0.24397990972377154, 31601.756552821262]
    [-0.76211801902642695, 0.22447897354614874, 0.481608509892684, -4463.4912489679618]
    [0.359050274860442, -0.40318215892138909, 0.75610084521859777, 15319.214620915656]
  #91 data/objects/space/3d/asteroid/angular_smooth_01/angular_smooth_01_03900_column_01.cgf
    [0.19034618780758997, -0.65320005957495342, 0.73286931620441287, 20747.378868687352]
    [-0.090635055085333982, 0.73163690759198641, 0.67564202497657144, -16363.180552568345]
    [-0.97752393282841155, -0.19502959082159999, 0.080061495908852184, 19841.403505663755]
  #92 data/objects/space/3d/asteroid/angular_smooth_01/angular_smooth_01_01400_01.cgf
    [0.73708444816195573, -0.66347307870742367, -0.12849052227044072, 21815.338880446416]
    [0.61466364047569477, 0.7371984047069633, -0.28058322362487537, -18236.901016633339]
    [0.2808824479386417, 0.12783508960005333, 0.95119034084246001, 20540.454794669589]
  #93 data/objects/space/3d/asteroid/angular_smooth_01/angular_smooth_01_03400_01.cgf
    [-0.087230406012788295, -0.65669010751005141, 0.17734518131805779, 31015.440327154607]
    [0.63953416485687764, -0.018271203302909225, 0.24691004329944413, -4919.9371880966928]
    [-0.23170943575761802, 0.19679080313814076, 0.61472471200740386, 14130.615425569596]
  #94 data/objects/space/3d/asteroid/angular_smooth_01/angular_smooth_01_02200_column_01.cgf
    [-0.46423699330514473, -0.3137690329068929, 0.39539196249702802, 32370.484982132642]
    [0.49644987633059817, -0.18673122403207351, 0.43470767906076418, -3325.942846525053]
    [-0.091232287650325969, 0.58050171397829287, 0.35354805292906277, 14169.295109085284]
  #95 data/objects/space/3d/asteroid/angular_smooth_01/angular_smooth_01_00800_cluster_01.cgf
    [-0.33730674192780613, -0.33512464814020193, -0.15464646077953845, 32102.858131872672]
    [-0.3107672530822877, 0.37089977948968555, -0.12592443670263143, -4296.3683499827584]
    [0.19911748299539359, 0.011167791012170126, -0.45850562066584394, 19064.332089938202]
  #96 data/objects/space/3d/asteroid/angular_smooth_01/angular_smooth_01_01300_cluster_01.cgf
    [0.46134140705300769, -0.7227546852134249, -0.51457811516008012, 20365.941450004208]
    [-0.71246242012018057, -0.64743408641841083, 0.27060537526324097, -17656.241036469091]
    [-0.52873648589458333, 0.24177600006391717, -0.81362335250301565, 20661.44190106769]
  #97 data/objects/space/3d/asteroid/angular_smooth_01/angular_smooth_01_03500_cluster_01.cgf
    [0.29794090033375237, 0.00976435638659226, -0.33484634290771398, 33117.041289151457]
    [-0.26698171401608461, 0.27758677742793936, -0.22946141611217982, -4646.1163541237383]
    [0.20233185709459672, 0.35190401311654423, 0.19029340835437369, 18554.815323363378]
  #98 data/objects/space/3d/asteroid/angular_smooth_01/angular_smooth_01_00800_cluster_01.cgf
    [0.19972971753020533, -0.16936008873148889, -0.42593885608726462, 22511.188756814372]
    [-0.45836786332283719, -0.07620465867548179, -0.18463602225397693, -4202.3185525036815]
    [-0.002377110204029434, 0.46422916666855013, -0.18569959344614187, 21504.205245945788]
  #99 data/objects/space/3d/asteroid/angular_smooth_01/angular_smooth_01_00900_cluster_01.cgf
    [-0.6146692944699651, -0.049981231604782614, -0.78719968034532284, 34625.959001364608]
    [0.31067146890419101, -0.93266310108904815, -0.18336460969496368, -12822.225809971125]
    [-0.72502737786749938, -0.3572691116888545, 0.58880717131192384, 7697.5782680313814]
  #100 data/objects/space/3d/asteroid/angular_smooth_01/angular_smooth_01_03400_01.cgf
    [0.10583917476052486, 0.88934089862330357, -0.24703903622967124, 24423.895035762645]
    [-0.76211734636304895, 0.22447785900262737, 0.48160595042993387, -4349.0122856710486]
    [0.52070401357962903, 0.14778331148296239, 0.75510586899359644, 19172.765399544969]
  #101 data/objects/space/3d/asteroid/angular_smooth_01/angular_smooth_01_03400_01.cgf
    [0.065624748546379619, -0.64694304374926836, -0.21784934011148105, 24648.193576029349]
    [0.63953306865134618, -0.018270076808447659, 0.24690869336488949, -4805.4551553853835]
    [-0.23872806903246221, -0.22678436212004729, 0.60156296978636092, 17866.541910053162]
  #102 data/objects/space/3d/asteroid/angular_smooth_01/angular_smooth_01_03400_01.cgf
    [-0.082945934331989435, -0.94456589355417186, -0.317665093977406, 23856.344553482289]
    [0.91100769473587284, -0.20108242482098021, 0.36003708945026447, -3250.434592735297]
    [-0.40395645721970602, -0.25953226847926975, 0.87718757943109305, 20581.750141306911]
  #103 data/objects/space/3d/asteroid/angular_smooth_01/angular_smooth_01_03400_01_lp.cgf
    [-0.55594576540797624, 0.6371353253854517, 0.14080337830466691, 5498.2126295525168]
    [-0.6292246350628673, -0.57245087603671885, 0.10592007093033759, -19888.35225959275]
    [0.17275234535610234, -0.034659485597175708, 0.8389267283280456, 4711.9247676977366]
  #104 data/objects/space/3d/asteroid/angular_smooth_01/angular_smooth_01_01300_cluster_01.cgf
    [-0.52056844475557684, 0.75945928856939815, -0.39016446784922959, 33172.445406294173]
    [-0.64963176720270488, -0.055770334382186329, 0.75819948924121483, -4531.6272354893699]
    [0.55406253257867899, 0.64815853573814164, 0.52240161866512036, 16874.429330278872]
  #105 data/objects/space/3d/asteroid/angular_smooth_01/angular_smooth_01_00900_cluster_01.cgf
    [0.77775836813159205, -0.065458708191682535, 0.62514529279761621, 23772.74653301539]
    [-0.32704142324101154, 0.80719765600041016, 0.4914014757973314, -5657.5475914547433]
    [-0.53678243923365698, -0.58664014562010491, 0.6063971563761209, 12513.710065451573]
  #106 data/objects/space/3d/asteroid/angular_smooth_01/angular_smooth_01_00900_cluster_01.cgf
    [-0.2150693469475792, 0.20797346065703567, 0.9541967465990232, 24320.326288720884]
    [-0.24743949544204624, 0.93357504347726727, -0.25924997559515095, -13916.426834216341]
    [-0.94473175433728795, -0.29186279895361322, -0.14932258532464338, 20096.033879750848]
  #107 data/objects/space/3d/asteroid/angular_smooth_01/angular_smooth_01_00800_cluster_01.cgf
    [0.26147126466812515, -0.45707230755802192, -1.1336709714834592, 2990.9199154797693]
    [-1.2008480729768061, 0.12040912171500827, -0.32551150087750502, -20378.23427448954]
    [0.22822986559290798, 1.1571856969558598, -0.41391373422494415, 110.94434583957718]
  #108 data/objects/space/3d/asteroid/angular_smooth_01/angular_smooth_01_03400_01.cgf
    [-0.30454613289270166, -0.91672127763010691, 0.25860026712093598, 31970.775622945603]
    [0.91100894177866798, -0.20108402118077723, 0.36003926244199286, -3364.9088225119522]
    [-0.27805522295779023, 0.34523566102111647, 0.8963804869696238, 16792.707608699897]
  #109 data/objects/space/3d/asteroid/angular_smooth_01/angular_smooth_01_03500_cluster_01.cgf
    [-0.53651882039048293, -0.01265526295465841, -0.84379433084728506, 29632.330652315977]
    [-0.78209948562131026, -0.36810645569096556, 0.50281159985941215, -12037.101956197494]
    [-0.31696912001226707, 0.92969831379961532, 0.18759822856430569, 9698.9562204983922]
  #110 data/objects/space/3d/asteroid/angular_smooth_01/angular_smooth_01_03900_column_01.cgf
    [-0.85323945451809957, 0.1792708425701616, 0.48973808940706504, 16501.248261891022]
    [0.30859259010564083, -0.58346786160847008, 0.75122224791347425, -2213.217819555397]
    [0.42041889175415281, 0.79210240337500915, 0.44251636803850192, 9742.6593854797247]
  #111 data/objects/space/3d/asteroid/angular_smooth_01/angular_smooth_01_01300_cluster_01.cgf
    [-0.74681672522473153, 0.23343786537642625, -0.62270732874154566, 24780.478753568332]
    [-0.64962993375482458, -0.05577264441904238, 0.75819735995289217, -4417.1516349655558]
    [0.14226244560542406, 0.97076724835479011, 0.19330085728562915, 21354.18331867686]
  #112 data/objects/space/3d/asteroid/angular_smooth_01/angular_smooth_01_03400_01_lp.cgf
    [0.51155842335362289, -1.0422026876486918, 0.028472281539956498, 5758.6374929214371]
    [1.0422298315670859, 0.51202555905721781, 0.016611397475195359, -19345.421595807271]
    [-0.027460720126953171, 0.018235081361996253, 1.1608628360491702, 6427.2583706510595]
  #113 data/objects/space/3d/asteroid/angular_smooth_01/angular_smooth_01_03500_cluster_01.cgf
    [0.88793683498782727, 0.02206926037625398, 0.4594358879613118, 22089.791866751555]
    [-0.43514627583549864, 0.36397882911192286, 0.82350916261652107, 3640.0994910008812]
    [-0.14905068274533351, -0.93114583714545651, 0.33279353098939768, 11084.9188833881]
  #114 data/objects/space/3d/asteroid/angular_smooth_01/angular_smooth_01_03400_01.cgf
    [0.82469166765037927, 0.22901418115671651, 0.04776247439306678, 5684.5171003103424]
    [-0.22252432703521369, 0.82192792136576531, -0.0988054238383239, -21453.74102790064]
    [-0.072191917889435381, 0.082656474225944354, 0.8501772345122951, 4894.8808120510676]
  #115 data/objects/space/3d/asteroid/angular_smooth_01/angular_smooth_01_03500_cluster_01.cgf
    [-0.75559323259202271, 0.17588499158961127, -0.63098649803081808, 22489.234293246824]
    [0.65476098009547512, 0.1746042076300946, -0.7353924487814758, -14066.262643129392]
    [-0.01917159117251593, -0.96880259316019857, -0.24709231003923335, 23544.51499548796]
  #116 data/objects/space/3d/asteroid/angular_smooth_01/angular_smooth_01_03500_cluster_01.cgf
    [0.12211189478326546, -0.19894339874757697, -0.3827471918920895, 23747.954412151521]
    [-0.26698162230007888, 0.27758562490440924, -0.22946075449741574, -4531.6417892951649]
    [0.33881366879235469, 0.29043579083037935, -0.042866687512256411, 22681.077006253854]
  #117 data/objects/space/3d/asteroid/angular_smooth_01/angular_smooth_01_01400_01.cgf
    [-0.93300873052304478, -0.21355925890944866, -0.28963198030079373, 37723.273053218734]
    [0.33396397872259498, -0.21410776415400437, -0.91794632662039866, -14469.193287192844]
    [0.13402351284265929, -0.95317880829053092, 0.27108557641876357, 10167.823869960661]
  #118 data/objects/space/3d/asteroid/angular_smooth_01/angular_smooth_01_00800_cluster_01.cgf
    [-0.38992439008521373, -0.27768524489056928, 0.14439022879021821, 22627.979637630822]
    [-0.31076630774150765, 0.37089924849981121, -0.12592344030536534, -4181.8937200490464]
    [-0.037174391356652223, -0.18794498028862841, -0.46183699764627179, 22497.16535379249]
  #119 data/objects/space/3d/asteroid/angular_smooth_01/angular_smooth_01_03400_01.cgf
    [0.43378221900440639, -0.14683164444984095, -0.7160820346877288, 23886.108555292118]
    [-0.3096409181058416, 0.71737032781665866, -0.33466750714932003, -13867.068708623759]
    [0.66215973454215249, 0.43164836000513679, 0.31260870908324223, 21092.177391198155]
  #120 data/objects/space/3d/asteroid/angular_smooth_01/angular_smooth_01_05100_01.cgf
    [-0.6497784062526758, 1.0646207910909207, 0.082854970254984325, 5227.5405343031234]
    [-1.0678400386959852, -0.64783432054461065, -0.050226457505369151, -21770.043510997992]
    [0.00016333024384580024, -0.096889712832294209, 1.2462370196001189, 3534.836214683548]
  #121 data/objects/space/3d/asteroid/angular_smooth_01/angular_smooth_01_03500_cluster_01.cgf
    [-0.57067059967007061, 0.78430950804444011, 0.24329667753593553, 20284.093661546158]
    [-0.071298814293471527, 0.24783459220213302, -0.96617498675192481, -7058.2797711696348]
    [-0.81807772050660421, -0.56871453431033847, -0.085511594018750275, 13578.894674302823]
  #122 data/objects/space/3d/asteroid/angular_smooth_01/angular_smooth_01_03900_column_01.cgf
    [0.51419970908178014, -0.032799542222930231, -0.85704305928716074, 37444.24384893501]
    [0.85727872870144473, 0.04985352262025522, 0.51243317989812431, -13874.345711541609]
    [0.025919042389028413, -0.99821779816552803, 0.053753017862421731, 7997.9519997235366]
  #123 data/objects/space/3d/asteroid/angular_smooth_01/angular_smooth_01_03500_cluster_01.cgf
    [0.27709788116463679, -0.70401119765265141, -0.65390012263064223, 20982.825972008846]
    [-0.71139072575043516, 0.30713527581876116, -0.63213252582557655, -839.97788369829425]
    [0.64586405079781195, 0.64034094705089228, -0.4157204252374766, 9513.3197624284294]
  #124 data/objects/space/3d/asteroid/angular_smooth_01/angular_smooth_01_03400_01.cgf
    [-1.1341773705331695, -0.011287830801589257, 0.24939168457088465, 5642.3360509366521]
    [-0.036996427143713546, -1.1397301290006776, -0.21983728690452406, -21915.064263938733]
    [0.24689044500731258, -0.22264265811101167, 1.1127251638388505, 6584.7108013318984]
  #125 data/objects/space/3d/asteroid/angular_smooth_01/angular_smooth_01_02200_column_01.cgf
    [-0.97750260469979811, -0.26235696887067733, 0.7335866910068809, 7100.1701127679789]
    [0.64177509654826315, -0.93845401161373254, 0.51953897646748681, -18824.758686018977]
    [0.44170729877137177, 0.78292071342084624, 0.86857456400761324, 2909.6957084420046]
  #126 data/objects/space/3d/asteroid/angular_smooth_01/angular_smooth_01_03400_01.cgf
    [-0.39357712255319505, -0.63515799284031838, 0.40518121757722464, 33519.125953518276]
    [-0.40904495091198467, -0.20373927280634771, -0.71670983193570725, -12533.343134271774]
    [0.63267663389737749, -0.52684445445591965, -0.21131882091495088, 8662.6408487673107]
  #127 data/objects/space/3d/asteroid/angular_smooth_01/angular_smooth_01_03400_01.cgf
    [1.0140661696544737, 0.28349400886381149, 0.48988534126875605, 7597.0309481547338]
    [-0.43530079834442981, 1.0330755552282795, 0.30324051384974965, -20463.492031694983]
    [-0.36175919561551223, -0.44841135268577142, 1.0083373643079534, 6046.8988241516445]
  #128 data/objects/space/3d/asteroid/angular_smooth_01/angular_smooth_01_01300_cluster_01.cgf
    [-1.1568115507020162, 0.47116356336431953, 0.047814995109658046, 4577.0373871708798]
    [0.46952995711126577, 1.1245721437025764, 0.27816084199683444, -21208.995342314138]
    [0.061830385528417117, 0.27538469674826133, -1.2177169676322075, 11204.936938984736]
  #129 data/objects/space/3d/asteroid/angular_smooth_01/angular_smooth_01_03400_01.cgf
    [-0.96225461913397881, -0.43325200553823368, 0.66996269283389442, 8372.0678597160477]
    [0.59984111579339694, -1.0849447562135512, 0.1599274019837546, -19831.797334473202]
    [0.52606838518948973, 0.44461088358095696, 1.0431032923168764, 8166.1600644716527]
  #130 data/objects/space/3d/asteroid/angular_smooth_01/angular_smooth_01_01400_01.cgf
    [-0.71663913666305579, -0.6099972046640898, -0.33812830518172704, 14141.834170707136]
    [-0.49931748461414899, 0.11024846655787812, 0.85937553947065315, -4604.9370303243104]
    [-0.48693879494415898, 0.78469591472357847, -0.38359082895019436, 9779.1053519741145]
  #131 data/objects/space/3d/asteroid/angular_smooth_01/angular_smooth_01_02200_column_01.cgf
    [-0.97750335874199756, -0.26235717125195479, 0.73358669721034986, 4138.4799536440851]
    [0.6417753383874889, -0.93845436525006509, 0.51953956862199135, -21894.882425724685]
    [0.4417070779022465, 0.78292123679139847, 0.86857511954654176, 3857.2501825514346]
  #132 data/objects/space/3d/asteroid/angular_smooth_01/angular_smooth_01_03900_column_01.cgf
    [-0.18266188912792655, -0.91543148340067637, 0.75406928504563719, -3854.2549692213802]
    [-0.34014192681422489, 0.77134454101793648, 0.85400920478360198, -1334.5915464314216]
    [-1.1361948587603747, -0.083746351746513792, -0.37689314757080095, 22204.687482574318]
  #133 data/objects/space/3d/asteroid/angular_smooth_01/angular_smooth_01_01700_column_01.cgf
    [-0.20231231532579372, 1.2220541714381921, -0.16776579940876052, 4068.5804818201996]
    [-1.21912454592997, -0.17220038479846309, 0.21581103609300331, -20230.428022385371]
    [0.18787523224680508, 0.19855141364141712, 1.219742705476214, 5519.4462138339677]
  #134 data/objects/space/3d/asteroid/angular_smooth_01/angular_smooth_01_03900_column_01.cgf
    [0.34801399209704659, 1.1204234145847041, 0.2520667829791195, 36068.340578329146]
    [0.34989856225352151, 0.14741787230716494, -1.1383492420095691, -2004.5825422812636]
    [-1.0938269000001823, 0.40363272005772077, -0.28394254676115538, 3231.4247535182085]
  #135 data/objects/space/3d/asteroid/angular_smooth_01/angular_smooth_01_00900_cluster_01.cgf
    [-0.46030958055091609, -0.37226702566765302, -0.20038718102202904, 4158.9117799314699]
    [-0.40463611820004725, 0.47376860367297258, 0.049351724246637092, -21553.433954479427]
    [0.12250458181388084, 0.16608203526774873, -0.58994241724111107, 11207.184751515439]
  #136 data/objects/space/3d/asteroid/angular_smooth_01/angular_smooth_01_03500_cluster_01.cgf
    [-0.81495761121661547, -0.39628319238970389, -0.4228502011643217, -3684.5930939389823]
    [0.51070273910282404, -0.146234231177297, -0.84722891309257875, -3642.421613230073]
    [0.27390760023802796, -0.90640705554214684, 0.3215578415626571, 21600.580673842036]
  #137 data/objects/space/3d/asteroid/angular_smooth_01/angular_smooth_01_00900_cluster_01.cgf
    [0.80382115278211475, -0.54745812182204578, -0.23272533761855219, 33892.944775146228]
    [0.57779428029200885, 0.62545345436626187, 0.52436787626790116, -11525.015849200794]
    [-0.14151059176058384, -0.55596538098243786, 0.81907091948571886, 8826.4063343102571]
  #138 data/objects/space/3d/asteroid/angular_smooth_01/angular_smooth_01_01700_column_01.cgf
    [-2.0490259516449227, 0.40618109908260813, -0.10829536336621366, 4589.6583887234501]
    [-0.38484546793840252, -2.0293538649372826, -0.32990177047773289, -21246.094247924604]
    [-0.16912994053640468, -0.30324598448308465, 2.0626815696083569, 8471.4934194436664]
  #139 data/objects/space/3d/asteroid/angular_smooth_01/angular_smooth_01_03400_01_lp.cgf
    [-0.76650544314119873, 1.3119020924989775, 0.25300737617352881, 5781.8099138567713]
    [-1.3035025349959839, -0.79830309648675524, 0.19032533847387942, -19584.300746660901]
    [0.29322512504976983, -0.11939636888514286, 1.5074461715773086, 8750.3583236746508]
  #140 data/objects/space/3d/asteroid/angular_smooth_01/angular_smooth_01_03500_cluster_01.cgf
    [0.73861187048892174, 0.51759576481854153, -0.43190998561683802, 34667.145265473693]
    [0.25532470651361544, 0.37817146951834163, 0.88982848939941572, -570.63526317498781]
    [0.6239077701690886, -0.76751551811349006, 0.14716701545655081, 1927.4897477167874]
  #141 data/objects/space/3d/asteroid/angular_smooth_01/angular_smooth_01_02200_column_01.cgf
    [0.45843422593889033, 0.91337113736224074, -0.62896076869133977, 28837.175611116247]
    [-1.0557068312941074, 0.56784122756684685, 0.055134828064621104, -9847.9403677328992]
    [0.3395902965017541, 0.53226866180564036, 1.0204748526116985, 9877.6855153952674]
  #142 data/objects/space/3d/asteroid/angular_smooth_01/angular_smooth_01_03400_01.cgf
    [0.42252315184132427, 0.73713269795579572, 0.024689051653476801, 19145.369655758695]
    [0.32873234931379147, -0.16274682590925332, -0.76677799308545869, 867.20860646945539]
    [-0.66023420555267642, 0.39070299943811271, -0.36598078850856824, 10822.579206227412]
  #143 data/objects/space/3d/asteroid/angular_smooth_01/angular_smooth_01_01300_cluster_01.cgf
    [-0.064121096894248594, 0.80265207175778641, 0.59299032448584998, 12724.025464866232]
    [0.5876824427838262, -0.44987785374661066, 0.67248691544876904, 9324.2062227005863]
    [0.80654647707031424, 0.39161072088120663, -0.44285800423407551, 34435.147377792899]
  #144 data/objects/space/3d/asteroid/angular_smooth_01/angular_smooth_01_02200_column_01.cgf
    [1.266947749981101, 0.28353336447490479, -0.066653799993110469, 24486.967212908577]
    [-0.28395662074653505, 1.2686048020252874, -0.000996402903001094, -5047.5603639041956]
    [0.064826964746077895, 0.01553018074838329, 1.2982860921745594, 21393.802178563979]
  #145 data/objects/space/3d/asteroid/angular_smooth_01/angular_smooth_01_03900_column_01.cgf
    [0.17223685592700158, -1.1305926289636363, -0.36345064919785663, 7764.8202505524623]
    [-0.062750813270295969, 0.35807598023078835, -1.1436107420903954, 3422.3549970271306]
    [1.1859166929018101, 0.18314885018400198, -0.0077264339756719074, 33626.938182074082]
  #146 data/objects/space/3d/asteroid/angular_smooth_01/angular_smooth_01_05100_01.cgf
    [0.61185051714360561, -1.0837973843370701, -0.11626334239974723, 3060.1394592274355]
    [1.0900083302668935, 0.60884188752555912, 0.060732086690864981, -21017.201357235423]
    [0.0039717792756802503, -0.13110978647367588, 1.2430967135629256, 7339.9832904402383]
  #147 data/objects/space/3d/asteroid/angular_smooth_01/angular_smooth_01_03500_cluster_01.cgf
    [0.89424084199126797, -0.031291828386717901, 0.44648943580383799, 36215.682694904972]
    [0.42351283478472385, -0.263580142647028, -0.86669548600892399, -7683.9353656546737]
    [0.14480633128706971, 0.96412914496547286, -0.22245178475523822, 469.21364314514676]
  #148 data/objects/space/3d/asteroid/angular_smooth_01/angular_smooth_01_01700_column_01.cgf
    [-0.41374494208405538, -0.90912202258018604, -0.048025327836549184, 25233.197080835467]
    [0.7797571719458869, -0.38111010927687022, 0.49671722192829132, -3768.371119461829]
    [-0.46988087517268562, 0.16806663506156849, 0.86657932728646769, 18120.760724608648]
  #149 data/objects/space/3d/asteroid/angular_smooth_01/angular_smooth_01_03500_cluster_01.cgf
    [-0.98489028079427121, 0.15275565280949069, -0.081587444198027936, 18441.698260156587]
    [-0.12847578732050408, -0.9603986201977559, -0.24724103242314271, -23534.779268515391]
    [-0.1161239535513521, -0.23302331766591783, 0.96551283085964734, 5103.5832549926408]
  #150 data/objects/space/3d/asteroid/angular_smooth_01/angular_smooth_01_03500_cluster_01.cgf
    [-0.8461303801923522, -0.097353189319253172, 0.52400883233950823, 9824.6571450240917]
    [0.5160670992162143, 0.09603042126202059, 0.85114771187127081, 4173.7116859632679]
    [-0.1331827652025859, 0.99060589279819422, -0.031013486282332758, 34582.105970142722]
  #151 data/objects/space/3d/asteroid/angular_smooth_01/angular_smooth_01_02200_column_01.cgf
    [-0.53113165307616839, 0.19334862547263595, 1.0585440326718749, 28473.646080281247]
    [-0.85629019772434478, -0.79084073864442239, -0.28519820539120427, -10852.487246845023]
    [0.6516642213276681, -0.88158222991675783, 0.48800256916661566, 21781.487690259783]
  #152 data/objects/space/3d/asteroid/angular_smooth_01/angular_smooth_01_03500_cluster_01.cgf
    [-0.90792317320410099, -0.043911883894679704, 0.41682828714399567, 959.78914907724175]
    [0.35371845858212508, 0.45323321551396439, 0.81820624989347168, 1773.1299329365411]
    [-0.22484956430658826, 0.89030891366944809, -0.3959687798595305, 19545.049033265492]
  #153 data/objects/space/3d/asteroid/angular_smooth_01/angular_smooth_01_01400_01.cgf
    [0.47909647513791709, 0.98058452608258651, 0.13754304854700397, 34031.911660226331]
    [0.98554817569205622, -0.45746268176898613, -0.17152324526016433, -4246.9214095326806]
    [-0.095702123206720335, 0.19793791319984075, -1.077802960479145, 3858.4685689639837]
  #154 data/objects/space/3d/asteroid/angular_smooth_01/angular_smooth_01_03500_cluster_01.cgf
    [-0.77038625292741658, -0.39062069828306145, -0.50390479424059031, 7458.6449704480419]
    [0.50260220981569692, 0.11422243557058917, -0.8569386233482793, -2856.1081860724926]
    [0.39229528454236662, -0.91343760354526649, 0.10833145637647232, 34254.489653891163]
  #155 data/objects/space/3d/asteroid/angular_smooth_01/angular_smooth_01_00800_cluster_01.cgf
    [-0.1215350025027976, 0.84255228346616828, -0.52471975613673916, 18553.26351956185]
    [-0.23113316415960028, 0.49008351086179658, 0.84047102418498332, -28618.85709260244]
    [0.96529924545698487, 0.22342724027058422, 0.1351797496404486, 7561.0947669608686]
  #156 data/objects/space/3d/asteroid/angular_smooth_01/angular_smooth_01_03900_column_01.cgf
    [0.17037481603490867, 0.14233689659824161, 1.1792852304892956, 28522.02324444797]
    [0.22844143019993582, 1.165188826004478, -0.17363910171632574, -26118.766920737227]
    [-1.1656706052533095, 0.24915102356487745, 0.13833594047569486, 10745.80605886448]
  #157 data/objects/space/3d/asteroid/angular_smooth_01/angular_smooth_01_02200_column_01.cgf
    [-0.82166891029508959, 0.65101134612130951, -0.68083531296420163, 5669.4881947106951]
    [0.57561003640170816, 1.0621488796505985, 0.32094413494230412, -21465.796857474106]
    [0.74567122926351792, -0.10254891019196809, -0.99797316255014368, 1590.9929003963616]
  #158 data/objects/space/3d/asteroid/angular_smooth_01/angular_smooth_01_01400_01.cgf
    [-0.66110820096597034, 0.6885138831502583, 0.54670286922423561, 29555.233859704844]
    [0.73585848646192009, 0.80765388045755726, -0.12730650092176304, -28597.808263314666]
    [-0.48109009801764946, 0.28921149697811643, -0.94599602298221463, 12280.454877704498]
  #159 data/objects/space/3d/asteroid/angular_smooth_01/angular_smooth_01_00900_cluster_01.cgf
    [-0.47504196767492191, -0.8142656857512478, -0.33362413010387737, 20007.714476616991]
    [0.57582019469420254, -0.00095305527117934738, -0.81757490990120341, -20548.637153403102]
    [0.66540571876250765, -0.58049032974346826, 0.46932370997473627, 838.75242402246135]
  #160 data/objects/space/3d/asteroid/angular_smooth_01/angular_smooth_01_03500_cluster_01.cgf
    [0.49994254116629711, 0.61951248759544697, -0.60519560370652004, 55.823267417436]
    [-0.47328200064723713, -0.38978852808462289, -0.78998040275514725, 130.13343965967897]
    [-0.72530103329289874, 0.68137300106999932, 0.098332243019921092, 21042.632968422451]
  #161 data/objects/space/3d/asteroid/angular_smooth_01/angular_smooth_01_03400_01.cgf
    [-0.59246353358854831, -0.41561759507851648, 0.45945084069131953, 6486.9876022562003]
    [0.5436162576102771, -0.65368048513554888, 0.10967810537107725, -20866.017757181391]
    [0.29717742985059753, 0.36716472733249111, 0.7153472843125146, 4752.3366291839557]
  #162 data/objects/space/3d/asteroid/angular_smooth_01/angular_smooth_01_02200_column_01.cgf
    [0.42763757135940411, -0.14237538150555643, 0.89266699217510459, 871.73357492819014]
    [-0.81130044328922613, -0.49594836353599442, 0.309557445461492, -3735.0162052969008]
    [0.39864357375543641, -0.85659994867095735, -0.32759552752804416, 20759.566438428879]
  #163 data/objects/space/3d/asteroid/angular_smooth_01/angular_smooth_01_03500_cluster_01.cgf
    [0.64302907890778527, 0.66677822162575151, 0.376723778373938, 8454.1379905579306]
    [-0.42392206593738863, -0.099774411516142469, 0.90018639579017989, -850.11967151712133]
    [0.63781195037260952, -0.73854740424697063, 0.21850410977755128, 33391.728686592483]
  #164 data/objects/space/3d/asteroid/angular_smooth_01/angular_smooth_01_02200_column_01.cgf
    [0.042253774228802748, -1.1502511874002863, 0.33931812814249879, 21713.505930863306]
    [-0.65439592386162737, 0.26241105557823224, 0.97103366593650142, 5481.5814217383377]
    [-1.0049778908190889, -0.21923186682830983, -0.61802653273970831, 12471.998816877565]
  #165 data/objects/space/3d/asteroid/angular_smooth_01/angular_smooth_01_03500_cluster_01.cgf
    [-0.33379131973368464, -0.92344960738009396, -0.18927112655790995, 35075.913270694233]
    [-0.05543817051376207, -0.18120844258861779, 0.98188058919259613, -5885.078454949662]
    [-0.94101506149956882, 0.33823616721554611, 0.0092914512754987116, 1575.7301147815915]
  #166 data/objects/space/3d/asteroid/angular_smooth_01/angular_smooth_01_03900_column_01.cgf
    [-0.60181842255368667, 0.069134108443146075, -0.52252619909815046, -2748.3605212740863]
    [0.49056027393556684, -0.21660336562024574, -0.59365997596051578, -7875.1408645161364]
    [-0.19277907389146337, -0.76700849048165676, 0.12055194572380873, 22830.728362112528]
  #167 data/objects/space/3d/asteroid/angular_smooth_01/angular_smooth_01_00800_cluster_01.cgf
    [0.14808959112435416, -0.5761133727716985, 0.19179722909990152, 4239.4223893802127]
    [0.0247802634560036, -0.19152038130291651, -0.59441501029566635, -21310.218087759284]
    [0.60669492656510093, 0.14844745749039995, -0.02253754247834763, 11237.220156667616]
  #168 data/objects/space/3d/asteroid/angular_smooth_01/angular_smooth_01_03500_cluster_01.cgf
    [-0.15998422474612958, 0.10128127100851533, -0.98190970532393407, 27183.299805819923]
    [0.88449826295191125, 0.45633874294715598, -0.097042732620825287, -27220.635345510032]
    [0.43825493505662561, -0.88402294837994166, -0.1625901475188562, 9098.5307437550109]
  #169 data/objects/space/3d/asteroid/angular_smooth_01/angular_smooth_01_02200_column_01.cgf
    [0.9257953349947885, 0.33390966706088188, 0.17722070107653753, 12191.521862818943]
    [0.16333300387454985, 0.069461777722727061, -0.98412257174896434, 211.99929640844857]
    [-0.34091813165639162, 0.94004214832302613, 0.0097689215897016537, 34159.247359586174]
  #170 data/objects/space/3d/asteroid/angular_smooth_01/angular_smooth_01_02200_column_01.cgf
    [0.89099289261545078, -0.44779131320143689, 0.074990183522786455, 16172.981650616812]
    [0.23321232631805233, 0.30966201094439205, -0.92180820799442564, -16220.338998081728]
    [0.38955435905245728, 0.83880945469987678, 0.38033540795463855, 28206.638599518108]
  #171 data/objects/space/3d/asteroid/angular_smooth_01/angular_smooth_01_03900_column_01.cgf
    [-0.74250334350067126, -0.89662423375375344, -0.29115452788389762, 13640.341595126547]
    [0.20644126374801633, 0.20697477260520405, -1.1638559356289004, -13914.803416816987]
    [0.919830408436209, -0.7702230960715184, 0.026183826411710832, 23910.597327913991]
  #172 data/objects/space/3d/asteroid/angular_smooth_01/angular_smooth_01_03500_cluster_01.cgf
    [-0.097296489761354771, -0.090745603109993814, 0.99110956282383766, 34441.107334205808]
    [0.99219412392754591, 0.069199752639202097, 0.10373886254851387, -28271.224779230306]
    [-0.07799840029324151, 0.99346674160507931, 0.083304380441958328, 10257.927195696715]
  #173 data/objects/space/3d/asteroid/angular_smooth_01/angular_smooth_01_00900_cluster_01.cgf
    [-0.65143307818235663, 0.74085384252911568, 0.16361224471659819, -3538.8271246201366]
    [-0.27124639652228233, -0.026021537451730737, -0.96215732077650673, -3734.1438418110338]
    [-0.70856105946138226, -0.67116086116518514, 0.21790539556530283, 20369.785919073784]
  #174 data/objects/space/3d/asteroid/angular_smooth_01/angular_smooth_01_03900_column_01.cgf
    [0.89446279506921744, -0.42408182122405519, -0.14174206853603688, 21109.223160119349]
    [0.40831621574092786, 0.90387242384748456, -0.12764171034463673, -20348.942415911006]
    [0.18224728543546029, 0.056295178869816095, 0.98163978965608556, -1969.5741373799783]
  #175 data/objects/space/3d/asteroid/angular_smooth_01/angular_smooth_01_01400_01.cgf
    [-0.3290980632536723, -0.33381648569022915, -0.76828541242172954, 3275.2998470994526]
    [-0.58665672431199334, -0.49736578196777381, 0.46739985349059199, -2636.0045061701821]
    [-0.59793796407162836, 0.67171071831922557, -0.03572615726419627, 30289.35036527846]
  #176 data/objects/space/3d/asteroid/angular_smooth_01/angular_smooth_01_03500_cluster_01.cgf
    [-0.46529979853959125, -0.78030534605523805, 0.41788686755548432, 14397.855099509106]
    [0.33999028821543503, 0.27834027125415883, 0.89830009851722181, -12673.689718169197]
    [-0.81725912113411436, 0.56005359564463131, 0.13578390408041174, 25809.460563872472]
  #177 data/objects/space/3d/asteroid/angular_smooth_01/angular_smooth_01_03500_cluster_01.cgf
    [0.23202228400017191, -0.28106324178372033, -0.93121953258468004, 32100.006276446547]
    [-0.50446668261203298, -0.85330451344346203, 0.1318540006722857, -28564.205739835517]
    [-0.83167285027444193, 0.4391760074012499, -0.33977258373998226, 10696.972093846718]
  #178 data/objects/space/3d/asteroid/angular_smooth_01/angular_smooth_01_02200_column_01.cgf
    [0.26147047426407161, -1.2207148450210938, 0.063085137666296059, 2263.3770779127299]
    [-1.2008479183668797, -0.26857536560742434, -0.21982453526369031, -20619.673340158592]
    [0.22822958704598437, -0.014622465424558176, -1.2288973575782698, 1126.6884417653864]
  #179 data/objects/space/3d/asteroid/angular_smooth_01/angular_smooth_01_01300_cluster_01.cgf
    [-0.052050145688331606, -0.38197995975951399, 0.92269982872168377, 21825.826288705419]
    [0.94508817253736266, -0.31734465704931508, -0.078061488708080218, -18172.87507279445]
    [0.32263293339473675, 0.86797267251420629, 0.37752392149999559, -4980.2174271408112]
  #180 data/objects/space/3d/asteroid/angular_smooth_01/angular_smooth_01_03400_01.cgf
    [1.2438426172024257, 0.10246388883291746, 0.069649095215089454, 6358.8082158073712]
    [-0.093924120084667787, 1.2381094420777126, -0.14407487793630525, -22283.573517339057]
    [-0.080796687094001382, 0.13813204650361149, 1.2397119562347469, 8785.1367983364398]
  #181 data/objects/space/3d/asteroid/angular_smooth_01/angular_smooth_01_02200_column_01.cgf
    [-0.97026563890109718, 0.10542671911588142, -0.2178713697214876, 32101.503017174993]
    [0.2420309819627163, 0.42979611726096967, -0.86988185303382937, -3864.2446190287164]
    [0.0019314807841156736, -0.89674892883340895, -0.44253334891070606, -83.882154256610193]
  #182 data/objects/space/3d/asteroid/angular_smooth_01/angular_smooth_01_02200_column_01.cgf
    [-0.14327977763972716, -0.75592993407653586, -0.63878033425334224, 33999.334442551735]
    [0.68079165551813514, 0.39318861165230795, -0.61800073849961124, -6491.5688689306817]
    [0.71832659872696081, -0.52342346697127751, 0.45829493465167281, 4863.8687534775563]
  #183 data/objects/space/3d/asteroid/angular_smooth_01/angular_smooth_01_00900_cluster_01.cgf
    [-0.11392038520167805, 0.38095071123640373, 0.91754987482228001, 9946.8029965586047]
    [0.42873131884617321, -0.8142887367736521, 0.39130854928865688, 3693.946266341095]
    [0.89622021480120873, 0.43796059196513371, -0.070561447048848119, 35722.02900761299]
  #184 data/objects/space/3d/asteroid/angular_smooth_01/angular_smooth_01_01300_cluster_01.cgf
    [0.79971487112438477, 0.1182389130299303, 0.58863244367660583, 18182.711803466722]
    [-0.028556464728022306, -0.97182182680671936, 0.23400712524402176, -12268.079977852798]
    [0.59971086585572986, -0.20394696807806348, -0.77379905724097353, 27796.982385405827]
  #185 data/objects/space/3d/asteroid/angular_smooth_01/angular_smooth_01_01400_01.cgf
    [0.45395531367568681, 0.58250833379310396, 0.67424518937894184, 22254.935686697871]
    [0.021924464008101042, 0.74917652358355247, -0.66200590295153328, -18542.156965377726]
    [-0.89075353056668871, 0.31530388314497365, 0.32732181444281172, -4560.2023731719846]
  #186 data/objects/space/3d/asteroid/angular_smooth_01/angular_smooth_01_03500_cluster_01.cgf
    [-0.79411410275238536, 0.39693867045652298, -0.46025287064375708, 12720.110439797754]
    [0.44523927090438831, -0.13553515042487374, -0.88510024057937764, -19905.274214499615]
    [-0.41370884047133893, -0.90778859660460132, -0.069101956704173378, 25692.32179767374]
  #187 data/objects/space/3d/asteroid/angular_smooth_01/angular_smooth_01_00800_cluster_01.cgf
    [0.43209523559509427, -0.45177329372270858, -0.78050767503571361, 23420.525936896214]
    [-0.68355821126511074, -0.72860831480657096, 0.04330967260867831, 11790.552060068589]
    [-0.58825123163726756, 0.51480913648493454, -0.62364226428584324, 29112.930109901121]
  #188 data/objects/space/3d/asteroid/angular_smooth_01/angular_smooth_01_00900_cluster_01.cgf
    [0.80529620708479588, -0.14897353829136714, 0.57385042298362943, 20939.826423945273]
    [0.55051816939329024, 0.5471646117500899, -0.63050776127731545, -21347.608149965683]
    [-0.22006173733159609, 0.82366083842320814, 0.52264238177292477, 2248.4058433035798]
  #189 data/objects/space/3d/asteroid/angular_smooth_01/angular_smooth_01_01300_cluster_01.cgf
    [0.97093450836490747, -0.21454498655076459, -0.1061050183971826, 13901.729144780153]
    [-0.14648816412553567, -0.88324161886202079, 0.44545157559275239, 4217.939912529655]
    [-0.1892856147578689, -0.41696083409940043, -0.88899733666069369, 33234.807771649444]
  #190 data/objects/space/3d/asteroid/angular_smooth_01/angular_smooth_01_03900_column_01.cgf
    [0.91460367312079727, 0.43680579106207751, -0.64241857920190548, 37387.922899882033]
    [-0.73689975018797227, 0.17366902468576395, -0.93103095379950485, -6225.1783921780543]
    [-0.24592618441732911, 1.10410170711513, 0.40060022598421696, 34369.053217124674]
  #191 data/objects/space/3d/asteroid/angular_smooth_01/angular_smooth_01_03900_column_01.cgf
    [-0.47282873054851604, -1.0895862665519678, 0.1709921954642073, 21412.765497946126]
    [0.8206185477974155, -0.47185178390095966, -0.73752604336442917, 3264.4886528196403]
    [0.73690010325632782, -0.17366989771193211, 0.93103199518061008, 35361.478883383577]
  #192 data/objects/space/3d/asteroid/angular_smooth_01/angular_smooth_01_03500_cluster_01.cgf
    [-0.76830105208690558, -0.63458412415962062, 0.083769766632903545, 22174.194719458683]
    [-0.41329467931111402, 0.59174677407943155, 0.69211570889174268, 5530.2459326555163]
    [-0.48877591234663692, 0.49713140698025027, -0.71690959177469471, 35281.529182879145]
  #193 data/objects/space/3d/asteroid/angular_smooth_01/angular_smooth_01_01400_01.cgf
    [-0.80487254855392854, -0.74463228119171576, -0.087773039411691248, 24134.362417845517]
    [0.6391803658695191, -0.74873726344169, 0.49075669152523843, 1842.402109921828]
    [-0.39195637579614978, 0.30808511193680194, 0.98053807847103847, 35734.198397858469]
  #194 data/objects/space/3d/asteroid/angular_smooth_01/angular_smooth_01_03500_cluster_01.cgf
    [0.31232807105643229, 0.93306479417518651, -0.17844677829440225, 23707.873345968212]
    [0.63292811759320311, -0.06430745183220439, 0.77153647767389444, 1721.6498304680367]
    [0.70841736340434169, -0.35391613172096598, -0.61064735954360383, 38698.644972663293]
  #195 data/objects/space/3d/asteroid/angular_smooth_01/angular_smooth_01_03400_01.cgf
    [-0.23192715982943876, -0.74647224814341762, -0.33389877746856284, 19966.776205944163]
    [-0.81736519603667024, 0.22221033269118692, 0.070965644244567722, -21641.195081676313]
    [0.024966921140272599, 0.34044260765483342, -0.77844389781909884, 1860.7687757716558]
  #196 data/objects/space/3d/asteroid/angular_smooth_01/angular_smooth_01_01700_column_01.cgf
    [-0.15031859457718538, 0.50639779118403994, -1.1328958629198302, 6153.8404763530643]
    [-0.061666852828814601, -1.1428158011593614, -0.50264966218558016, -21329.594045854683]
    [-1.2393905592665819, -0.0045563929828378296, 0.16241219134183518, 3785.9523554293728]
  #197 data/objects/space/3d/asteroid/angular_smooth_01/angular_smooth_01_02200_column_01.cgf
    [0.81691871886577039, -0.2716517137276695, 0.5087723534766706, 25716.373785246145]
    [0.46555429063788467, 0.83129082885344696, -0.30366908765869882, 5103.9583253858045]
    [-0.34044553705699521, 0.48493407671520755, 0.80556559758036139, 38239.113404508389]
  #198 data/objects/space/3d/asteroid/angular_smooth_01/angular_smooth_01_03500_cluster_01.cgf
    [-0.56300890661010405, 0.75329224121475313, 0.33995828531484684, 17614.910998660205]
    [0.82159276686098814, 0.55468938209035845, 0.13154801476564923, -22337.72888214223]
    [-0.089477158371634183, 0.35336999599956387, -0.93119458192574733, 450.64079001971663]
  #199 data/objects/space/3d/asteroid/angular_smooth_01/angular_smooth_01_02200_column_01.cgf
    [0.0043467873109925481, 0.96236521350213511, 0.27172609701618172, 8058.8483276162633]
    [0.88929948563913652, 0.12054395062320143, -0.4411534328651458, -251.27202537902849]
    [-0.45730547864706861, 0.24356338462036042, -0.85530658093471601, 29953.1437049755]
  #200 data/objects/space/3d/asteroid/angular_smooth_01/angular_smooth_01_01300_cluster_01.cgf
    [0.99991873583085, 0.00029973045961618127, -0.012708366504251816, 41107.128468921386]
    [0.010480967412847476, -0.58514285064795657, 0.81086192680430735, -1833.5078169852641]
    [-0.0071931731277399789, -0.81092960556410487, -0.58509871283666282, 29176.801200973379]
  #201 data/objects/space/3d/asteroid/angular_smooth_01/angular_smooth_01_01300_cluster_01.cgf
    [0.93004225176443756, -0.1269592889008872, 0.34482271131455045, 20949.615771413366]
    [-0.353377377653462, -0.051793249805895301, 0.93404595260667389, -21293.691535531485]
    [-0.10072632346759823, -0.99055476960132172, -0.093034453426542957, -3223.3427505282725]
  #202 data/objects/space/3d/asteroid/angular_smooth_01/angular_smooth_01_01300_cluster_01.cgf
    [-0.59354042679199159, -0.79911760405758148, 0.095500598795805747, 31210.87195967793]
    [-0.44660942557055078, 0.22833035379086544, -0.86510393494122273, -27553.574444687587]
    [0.66951424964419515, -0.55612575209615589, -0.49241686110485861, 12458.02837899877]
  #203 data/objects/space/3d/asteroid/angular_smooth_01/angular_smooth_01_00900_cluster_01.cgf
    [-0.82808121566984516, 0.25568748930431012, 0.49891651449351965, 11173.48973712314]
    [-0.2337733559823349, -0.96636521287766264, 0.10724072798624185, -21077.30437510489]
    [0.5095525474903061, -0.027829184672226049, 0.85999652219818379, 19624.299832162898]
  #204 data/objects/space/3d/asteroid/angular_smooth_01/angular_smooth_01_00900_cluster_01.cgf
    [-0.70986733431317395, -0.087808995996586231, 0.69884748829368493, 13637.214321812426]
    [0.57828179434683435, -0.63910188306756277, 0.50709842573578645, -12887.535316358923]
    [0.40210495893401532, 0.76409961868775911, 0.50445340589504128, 26768.745733585831]
  #205 data/objects/space/3d/asteroid/angular_smooth_01/angular_smooth_01_00900_cluster_01.cgf
    [0.25394724186432388, -0.73816790544702804, 0.62499360460622688, 19583.68767776055]
    [-0.6844101401208178, -0.5937329483824465, -0.42315719323452855, 10488.800103164487]
    [0.68344101613126751, -0.32029266843664911, -0.65598707921454202, 4912.1538287753938]
  #206 data/objects/space/3d/asteroid/angular_smooth_01/angular_smooth_01_03500_cluster_01.cgf
    [-0.70579343132814942, 0.65861231796271158, -0.26093285387556714, 22458.158041360279]
    [0.50565972641556944, 0.72633318299435545, 0.46556294490911404, 15853.413404109919]
    [0.49614955475662303, 0.19664798300236799, -0.84567469951851582, 19863.834466760851]
  #207 data/objects/space/3d/asteroid/angular_smooth_01/angular_smooth_01_03900_column_01.cgf
    [0.28200500033239934, 0.92456023737774617, 0.71109930107010089, 39548.201625898495]
    [0.041060525584211041, 0.72326530255583177, -0.95666190688896258, 6404.8360495396801]
    [-1.1656705717144653, 0.24915123582612145, 0.1383345533843395, 15455.865460633198]
  #208 data/objects/space/3d/asteroid/angular_smooth_01/angular_smooth_01_01400_01.cgf
    [0.052856309745798524, 1.0579501541232177, 0.29655746895084401, 38525.845665846668]
    [0.98780482491510935, 0.084244244051534023, -0.47659541090785823, 3921.2976865307774]
    [-0.48108885756614744, 0.2892110461491057, -0.94599637017847682, 16990.511129118146]
  #209 data/objects/space/3d/asteroid/angular_smooth_01/angular_smooth_01_03500_cluster_01.cgf
    [0.51230898084914722, 0.39429620254449155, -0.762934631556203, 37822.441934894036]
    [0.73855990972892938, 0.25106488391417842, 0.62569555139368993, 6572.3188082452434]
    [0.43825564127573025, -0.88402271913772179, -0.16258863479913011, 13808.592072840333]
  #210 data/objects/space/3d/asteroid/angular_smooth_01/angular_smooth_01_01300_cluster_01.cgf
    [-0.30788893847966758, -0.83470205942204745, -0.45659394149715826, 37091.784357854398]
    [0.00059231278773965465, -0.4800747438042085, 0.87722804525410569, -5285.2588576690105]
    [-0.95142272654213966, 0.26981820956223551, 0.14830402240399496, 28247.18950018951]
  #211 data/objects/space/3d/asteroid/angular_smooth_01/angular_smooth_01_00900_cluster_01.cgf
    [-0.50564020526877207, 0.56945860695402684, 0.64811096530337231, 20603.348037287138]
    [0.22148224271688904, -0.64036421496911733, 0.73544696199849702, -4681.7557937120018]
    [0.83383244392478928, 0.51541586385917626, 0.19766863257848533, 38819.865852514275]
  #212 data/objects/space/3d/asteroid/angular_smooth_01/angular_smooth_01_00900_cluster_01.cgf
    [-0.72565237616843281, 0.37069502268711657, 0.57966766398273761, 21848.85964875987]
    [0.66633825885136722, 0.16858141460473189, 0.72634317164264361, 6109.1477753317122]
    [0.17153053752359715, 0.91332703800772508, -0.36933963758578636, 36332.028611610403]
  #213 data/objects/space/3d/asteroid/angular_smooth_01/angular_smooth_01_02200_column_01.cgf
    [0.57822921536709804, -0.67146136506684917, 0.80919348778387379, 12868.634369540892]
    [-0.93542207307069936, 0.093295942735115864, 0.74584509332340432, 9953.2912563499958]
    [-0.48024994602954602, -0.99017119390792541, -0.4784605386517144, 35420.597081422435]
  #214 data/objects/space/3d/asteroid/angular_smooth_01/angular_smooth_01_00800_cluster_01.cgf
    [-0.24937315387618766, 0.9423157933807742, 0.22326971911242438, 30731.393223220271]
    [-0.077499058902513671, -0.2492331290325687, 0.96533524490893585, 11685.980371523679]
    [0.96529908204483628, 0.22342601625444758, 0.13518095008395006, 12271.166324531363]
  #215 data/objects/space/3d/asteroid/angular_smooth_01/angular_smooth_01_03900_column_01.cgf
    [-0.67992091071484229, -0.4089785021609868, 0.10222588592786665, 17776.932944124343]
    [0.12859137777212509, -0.016460063344124913, 0.78942974081817818, -10573.730559443648]
    [-0.40146955618857089, 0.68736572717567557, 0.079727939700513881, 27925.578647348266]
  #216 data/objects/space/3d/asteroid/angular_smooth_01/angular_smooth_01_03400_01.cgf
    [0.14818288545180278, -0.72396110168013583, 0.43447415253009936, 7266.9734238531773]
    [0.84420811860351275, 0.11964970871787473, -0.088556384248291611, -21932.573862518089]
    [0.014146322722928062, 0.44318156997025254, 0.73364542600332938, 11188.415147047512]
  #217 data/objects/space/3d/asteroid/angular_smooth_01/angular_smooth_01_02200_column_01.cgf
    [-0.87924856585856159, -0.44686187364921809, 0.16503583731842567, 31186.703864589796]
    [0.21354778724086712, -0.6794327892829769, -0.7019749494794697, -29140.281614850355]
    [0.42581651481032645, -0.58196731266531199, 0.69281653053959602, 14039.538455834816]
  #218 data/objects/space/3d/asteroid/angular_smooth_01/angular_smooth_01_03400_01_lp.cgf
    [0.66204482950437671, 0.48877669044246014, 0.24008347355904683, 5769.0902515292992]
    [-0.50479661756063299, 0.69260453274902278, -0.018039395344441999, -22255.545715589196]
    [-0.20426233694787216, -0.12744564239378511, 0.82272753060109194, 11601.526990919319]
  #219 data/objects/space/3d/asteroid/angular_smooth_01/angular_smooth_01_01300_cluster_01.cgf
    [-0.67128440960074209, -0.038303147141130041, -0.74020847669935685, 35586.527897868029]
    [0.13496564929446481, 0.97565034134812967, -0.17288482746995534, -5437.0440491089394]
    [0.72880724033795174, -0.21595777128382676, -0.64976974851451486, 3685.6549628388057]
  #220 data/objects/space/3d/asteroid/angular_smooth_01/angular_smooth_01_03500_cluster_01.cgf
    [-0.32448006607214608, 0.18359130552386588, 0.92790438665044739, 24044.085402254324]
    [-0.89337189251099369, 0.26285144292139784, -0.36441104831323262, 7824.1721278624636]
    [-0.3108037642957785, -0.94720799352489959, 0.078725273002971996, 3311.2677929725669]
  #221 data/objects/space/3d/asteroid/angular_smooth_01/angular_smooth_01_01400_01.cgf
    [-0.3858972228347235, -0.91451969634331987, -0.12139167253239445, 27171.176694592315]
    [0.56575802563164745, -0.33853341868251902, 0.7518722368994275, 11730.750222167822]
    [-0.72869751584142928, 0.22146721921514853, 0.64803632689169632, 25554.991660532851]
  #222 data/objects/space/3d/asteroid/angular_smooth_01/angular_smooth_01_03500_cluster_01.cgf
    [0.66463105812812584, -0.6478940734444929, -0.3721539440439855, 34284.558885818842]
    [0.17393372641549507, 0.61856130171110291, -0.76624324254194232, -11707.283792727758]
    [0.72664458113111352, 0.44453899437672745, 0.52380575320611023, 34840.541064167694]
  #223 data/objects/space/3d/asteroid/angular_smooth_01/angular_smooth_01_01300_cluster_01.cgf
    [0.59151025644952127, -0.32142584676413477, 0.73946015821055611, 23112.175318709]
    [-0.14563736558675966, 0.85942961036010312, 0.49007222591678268, 611.01545447784474]
    [-0.79303572321413762, -0.39757572096651028, 0.46154975012233457, 36875.21588096326]
  #224 data/objects/space/3d/asteroid/angular_smooth_01/angular_smooth_01_02200_column_01.cgf
    [-0.28856126684118688, 1.159530092785676, 0.11055053318156043, 19520.136306166962]
    [-0.5203854549338961, -0.026442728293057202, -1.0809712399490277, -23203.980832390836]
    [-1.0420798600661698, -0.30787953362985565, 0.50919428433517477, 7149.1097247182597]
  #225 data/objects/space/3d/asteroid/angular_smooth_01/angular_smooth_01_02200_column_01.cgf
    [-0.98163163551585908, 0.010112068873846046, 0.19051461568451095, 36988.232853926267]
    [-0.18909718452377627, 0.080879847120316845, -0.97862119622806132, 2040.6700084874046]
    [-0.025304693863139601, -0.99667193045894065, -0.077482101646819138, 13314.364381125688]
  #226 data/objects/space/3d/asteroid/angular_smooth_01/angular_smooth_01_03500_cluster_01.cgf
    [0.25102819766406931, 0.86714599020026817, 0.43016500136473823, 38451.640481934599]
    [0.48877627200050283, -0.49713135462103697, 0.71690824023995103, -6145.2318647410593]
    [0.83551292787653475, 0.030290273591520131, -0.54863457730891474, 32228.510925618244]
  #227 data/objects/space/3d/asteroid/angular_smooth_01/angular_smooth_01_03400_01_lp.cgf
    [-0.97867021166872004, -0.42769228780308943, 0.4560407845054949, 5962.8565431048319]
    [0.39096881348509782, -1.0796830813007754, -0.17354280227437635, -22355.192848493534]
    [0.48789064047251679, 0.0072817781446456488, 1.0538495964950094, 13406.378798603433]
  #228 data/objects/space/3d/asteroid/angular_smooth_01/angular_smooth_01_03500_cluster_01.cgf
    [0.22669642704204981, -0.70524848872470902, 0.67173922149374388, 34674.086958655171]
    [-0.70841780293322898, 0.35391604056467019, 0.6106455070607022, -9562.3423709880735]
    [-0.66839601212811239, -0.61430309128123328, -0.41937902378241987, 33837.124660778813]
  #229 data/objects/space/3d/asteroid/angular_smooth_01/angular_smooth_01_01400_01.cgf
    [0.84823557483737688, -0.43588325843294567, -0.30083232835790008, 17721.262998589067]
    [-0.52960736686694476, -0.69464937140748095, -0.48680199563118653, 13360.131808537812]
    [0.0032158556589070562, 0.57224639012240375, -0.82007415667810901, 2324.7258985377657]
  #230 data/objects/space/3d/asteroid/angular_smooth_01/angular_smooth_01_00900_cluster_01.cgf
    [-0.87820627941700169, -0.47706235202577285, -0.034118739360015457, 23691.673668629141]
    [-0.15603387100045019, 0.21834205570072693, 0.96331667852079017, 11622.207211791854]
    [-0.45211282573766248, 0.85131492662548225, -0.26618740355525422, 23047.159813959577]
  #231 data/objects/space/3d/asteroid/angular_smooth_01/angular_smooth_01_03900_column_01.cgf
    [0.25691923016602963, -0.39422070513924978, 0.88237238324407619, 17308.843339629602]
    [0.77372005851013403, -0.46318471278604945, -0.43222178427492935, 12394.231058814046]
    [0.57909261619484764, 0.7937559041558313, 0.18601554877963597, 4333.9506171535168]
  #232 data/objects/space/3d/asteroid/angular_smooth_01/angular_smooth_01_01300_cluster_01.cgf
    [-0.86096383511805719, 0.3493209090568698, -0.36975228528436438, 33787.109062684525]
    [-0.47430948593089017, -0.81393943598822549, 0.33546040222009071, 5126.6438772127822]
    [-0.18377258101605518, 0.46419615724106594, 0.86645838989985335, 13552.077105995675]
  #233 data/objects/space/3d/asteroid/angular_smooth_01/angular_smooth_01_00800_cluster_01.cgf
    [1.1811177324242654, 0.37486488967029441, 0.1641136578968401, 4423.2078584006704]
    [0.3487075296817192, -0.65964742567102475, -1.0028780626834475, -23865.183822254497]
    [-0.21414956679637712, 0.99339703259115397, -0.72787249896039907, 6775.2249553886459]
  #234 data/objects/space/3d/asteroid/angular_smooth_01/angular_smooth_01_03400_01.cgf
    [0.19259509716773537, -0.82607131457476102, -0.054893233376500164, 23849.179478897087]
    [0.82146534062749044, 0.19768860732679777, -0.092810904358282542, 12824.893469205026]
    [0.10296493568959145, -0.032021134532796945, 0.8431327441444324, 22170.453625391434]
  #235 data/objects/space/3d/asteroid/angular_smooth_01/angular_smooth_01_02200_column_01.cgf
    [0.55192686900047339, 0.025850629463090424, -1.0652285019001517, 20875.400147738452]
    [-1.040521879896052, 0.27151865807043307, -0.53253649715860973, -27091.938790753524]
    [0.22955224625706686, 1.1685943044122449, 0.14729698897921042, 7210.0811726462725]
  #236 data/objects/space/3d/asteroid/angular_smooth_01/angular_smooth_01_00900_cluster_01.cgf
    [0.4335777661918519, -0.35346083016053842, -0.27874648033995664, 5779.1890042431496]
    [-0.42721599932943427, -0.44505889853259456, -0.10016438912863949, -20860.387714458015]
    [-0.14184727236236744, 0.2600227999133608, -0.55035564223888866, 18539.812111496576]
  #237 data/objects/space/3d/asteroid/angular_smooth_01/angular_smooth_01_00900_cluster_01.cgf
    [0.65640640620549462, 0.17516505694602152, -0.73379046868879871, 45848.912358829053]
    [-0.16877570104102671, -0.91392019157228122, -0.36914125398773479, 2386.3942124628757]
    [-0.7352863468415145, 0.36615257131778334, -0.57033928664162559, 19918.077365440946]
  #238 data/objects/space/3d/asteroid/angular_smooth_01/angular_smooth_01_01300_cluster_01.cgf
    [0.13097911209187255, -0.40796404412777526, -0.90355330671769196, 33456.513549325842]
    [0.67735970680930857, -0.62867064269756523, 0.38204164404862734, 10451.170306641807]
    [-0.72389713839244618, -0.66207048634951338, 0.19399580232078883, 12887.358616012458]
  #239 data/objects/space/3d/asteroid/angular_smooth_01/angular_smooth_01_02200_column_01.cgf
    [-0.97293069394362319, -0.70227935625634941, -0.014593640072285599, 42261.421784354534]
    [-0.47757156870189771, 0.64305474449145683, 0.89353757398704137, -1890.8325783459795]
    [-0.51510646018274775, 0.73026550318032002, -0.80086268068552513, 28948.565690565152]
  #240 data/objects/space/3d/asteroid/angular_smooth_01/angular_smooth_01_03400_01.cgf
    [0.16943577231552584, 0.95043390231566771, 0.64548716172746801, 8376.7025180429555]
    [-1.1486972249228877, 0.15249186205666707, 0.076991408787449839, -22213.702741729488]
    [-0.021747737363391813, -0.64969869085725551, 0.96234370501607713, 12514.911336751702]
  #241 data/objects/space/3d/asteroid/angular_smooth_01/angular_smooth_01_03900_column_01.cgf
    [0.6574432449188391, 0.15310767866704264, -0.42933145783411347, 33419.154048857716]
    [0.45439180584915295, -0.16064265798028166, 0.6385304264139372, 6687.0467753266103]
    [0.035993731814320529, -0.7686033160300626, -0.21898053817601901, 12858.012887849605]
  #242 data/objects/space/3d/asteroid/angular_smooth_01/angular_smooth_01_00900_cluster_01.cgf
    [-0.17747284112077963, 0.49401611955095492, 0.85114589580287514, 21383.732678851076]
    [0.80672416159868465, -0.42231830496334904, 0.41332946669639531, 10976.004649006598]
    [0.56364651104319052, 0.75999552273052484, -0.32358505477252542, 4782.6167246344121]
  #243 data/objects/space/3d/asteroid/angular_smooth_01/angular_smooth_01_02200_column_01.cgf
    [-0.098236662406370204, 0.55194901779223726, 0.82807189685641691, 24996.550954779996]
    [0.10416260373373408, 0.83322897491501535, -0.54302933050750057, -409.2131308177286]
    [-0.98969739647460375, 0.032908715657099748, -0.13934599488731, 36221.251444265428]
  #244 data/objects/space/3d/asteroid/angular_smooth_01/angular_smooth_01_01400_01.cgf
    [0.29405651975539687, -0.4155000383757444, -0.74222140026635552, 22124.35238884759]
    [-0.83987082871012742, -0.017444762979874618, -0.32297801324639847, -4364.6690207429438]
    [0.13472149043622778, 0.79815883385989139, -0.39343960357380187, 38409.223794700018]
  #245 data/objects/space/3d/asteroid/angular_smooth_01/angular_smooth_01_05100_01.cgf
    [0.99524847937200533, 0.51901015025110553, 0.55009624178044847, 7016.8811603935592]
    [-0.51877453352363623, 1.1300790216456917, -0.12763751478537722, -22111.336080678146]
    [-0.55031844840236133, -0.12667602673583764, 1.1151680306462237, 9751.719481626169]
  #246 data/objects/space/3d/asteroid/angular_smooth_01/angular_smooth_01_00900_cluster_01.cgf
    [0.46634058209814822, -0.64930834973752571, 0.60076946274897569, 24378.664675820233]
    [-0.87420098844772842, -0.23442199494610305, 0.42522673834638597, 12239.508162089282]
    [-0.13526977566173712, -0.72349417010009276, -0.67694689049127277, 21421.953420623697]
  #247 data/objects/space/3d/asteroid/angular_smooth_01/angular_smooth_01_01300_cluster_01.cgf
    [0.29181367650723244, -0.89805585874855165, -0.3291508905165198, 16492.517673042512]
    [0.93128349567153468, 0.18831392898189775, 0.31184735175770162, 12675.440196061012]
    [-0.21807265956607946, -0.39753414278007176, 0.89129724358991169, 3013.1567988299694]
  #248 data/objects/space/3d/asteroid/angular_smooth_01/angular_smooth_01_03400_01.cgf
    [-0.30383496015672518, 1.1848828754815517, 0.25735815969453635, 7032.8755660654697]
    [-1.0983838365317777, -0.38133786517585899, 0.45894521918533909, -20042.270310785883]
    [0.51354999621898723, -0.11458768676396083, 1.133857309104541, 15302.641173704715]
  #249 data/objects/space/3d/asteroid/angular_smooth_01/angular_smooth_01_02200_column_01.cgf
    [-1.1788986054337358, 1.0778154123326624, -0.29853907836489807, 4815.2290432242335]
    [-1.0870128444556524, -1.206278090980665, -0.062528469314959034, -22404.404420536674]
    [-0.26308690648001115, 0.15433946489674114, 1.5961134594635056, 15859.592721709172]
  #250 data/objects/space/3d/asteroid/angular_smooth_01/angular_smooth_01_03400_01_lp.cgf
    [0.007371696220261386, -0.85418679220075366, 0.071814949073542217, 27779.50588801071]
    [0.81214320112654181, -0.016017867589830578, -0.27388620550809223, -16279.73953630842]
    [0.27425514351527208, 0.070392874166878047, 0.80912036453654801, 15357.000096342537]
  #251 data/objects/space/3d/asteroid/angular_smooth_01/angular_smooth_01_01400_01.cgf
    [0.18242120210953372, -0.73638273973601798, -0.48422422272602406, 12718.833475187492]
    [-0.73961867470221387, -0.39681743409506903, 0.32482344783709771, -21148.128025700025]
    [-0.47926699582538224, 0.33209413853893122, -0.68558497802637963, 20059.670386480168]
  #252 data/objects/space/3d/asteroid/angular_smooth_01/angular_smooth_01_00800_cluster_01.cgf
    [-0.58022333286619188, 0.18531193209902044, -0.14008750565281866, 4307.7828765791392]
    [-0.10770348649613957, 0.11934805492155642, 0.60397031235290799, -22941.120127362476]
    [0.20582755018431409, 0.58484157429924677, -0.078863743107682252, 16090.19319926682]
  #253 data/objects/space/3d/asteroid/angular_smooth_01/angular_smooth_01_03500_cluster_01.cgf
    [0.68680603480023861, -0.56445923867915448, -0.45791141249622519, 30027.153930856613]
    [0.54848851483294137, -0.010892754125617505, 0.83608690951747267, -915.89294258848804]
    [-0.47692498668123179, -0.82538884111664224, 0.30211825714742679, 11943.310626933879]
  #254 data/objects/space/3d/asteroid/angular_smooth_01/angular_smooth_01_03900_column_01.cgf
    [-0.88108709614818281, 0.71756021181737295, 0.38573906961486082, 32280.401009472178]
    [-0.19682061754581476, 0.36386562160779196, -1.1264391738262785, -1506.3033913952836]
    [-0.79053711609235389, -0.89034314184933872, -0.14947212533379578, 11400.998152544045]
  #255 data/objects/space/3d/asteroid/angular_smooth_01/angular_smooth_01_03500_cluster_01.cgf
    [0.50722526275079871, -0.84517957208901284, -0.16850779910504357, 29000.25169944777]
    [-0.0091037834052066346, -0.20077070858147869, 0.97959639562005918, -140.83476285342567]
    [-0.86176592446180156, -0.49534176899140414, -0.10953026037297738, 20060.978242822624]
  #256 data/objects/space/3d/asteroid/angular_smooth_01/angular_smooth_01_03900_column_01.cgf
    [0.38206472927749824, -0.61150861199541262, -0.34652994453151353, 27097.361275014711]
    [0.18718778381262152, -0.29164732900594093, 0.72104217035793239, 672.23397925407971]
    [-0.6774854379194355, -0.42543894426650969, 0.0037984823240893215, 14976.440294522687]
  #257 data/objects/space/3d/asteroid/angular_smooth_01/angular_smooth_01_03500_cluster_01.cgf
    [-0.61147816245543918, 0.57558640789017734, 0.5429497365220467, 18191.285088220367]
    [0.63513990468671255, -0.05219037269599551, 0.77063164934329365, -409.92015760765207]
    [0.47190192923088514, 0.81607360240795301, -0.33366467769039204, -8430.9250714341943]
  #258 data/objects/space/3d/asteroid/angular_smooth_01/angular_smooth_01_00900_cluster_01.cgf
    [0.13294405071903145, -0.94015893908685877, -0.31373234507531439, 8006.2319256555784]
    [-0.085728837695843552, 0.30444786210343444, -0.94866379785513921, -419.0694865203277]
    [0.98740942950667809, 0.15301504575919586, -0.04012418230413952, 12691.534666924939]
  #259 data/objects/space/3d/asteroid/angular_smooth_01/angular_smooth_01_01400_01.cgf
    [-0.31024891295410151, -1.0523511175837557, -0.079380778871919924, -1204.4256454517417]
    [0.97191845609048266, -0.25267328487766522, -0.44892014495132287, -4.9219315796692626]
    [0.41124043751166406, -0.19675341713079489, 1.0010833961892811, 12289.291529764383]
  #260 data/objects/space/3d/asteroid/angular_smooth_01/angular_smooth_01_03500_cluster_01.cgf
    [-0.73534872312551491, -0.39149855610390283, 0.55316297782198987, -1106.4152223125375]
    [0.51380255261195118, 0.21016343738379459, 0.83176704105364041, 3028.5432591413332]
    [-0.44189063849981608, 0.89585621291714235, 0.046609585394397884, 15193.732488192763]
  #261 data/objects/space/3d/asteroid/angular_smooth_01/angular_smooth_01_03500_cluster_01.cgf
    [0.39237745184137535, 0.85495990822828716, 0.33923897313358226, -2313.1292574714516]
    [-0.3608356402040277, -0.19617518282730456, 0.91176341705795727, -2070.7446279204673]
    [0.8460716082749723, -0.48016501668585942, 0.23152533491186153, 14156.792488972136]
  #262 data/objects/space/3d/asteroid/angular_smooth_01/angular_smooth_01_03500_cluster_01.cgf
    [0.58296585454219785, -0.7886439848976714, -0.19542493040560929, 2338.858738690587]
    [0.69525703094898617, 0.35973958740307843, 0.62225759623526844, -2585.93732732331]
    [-0.42043774718181093, -0.49862563135203469, 0.75802638898978925, 2335.3310440517489]
  #263 data/objects/space/3d/asteroid/angular_smooth_01/angular_smooth_01_03900_column_01.cgf
    [-1.1044298932581535, 0.45151065448222893, 0.12795913951446355, 4178.1102953752143]
    [0.18080349141000535, 0.71131799705600718, -0.94938801665949601, -2900.6791927212244]
    [-0.43306524911403921, -0.85449730109095623, -0.72269610076195645, 839.37017337730504]
  #264 data/objects/space/3d/asteroid/angular_smooth_01/angular_smooth_01_03900_column_01.cgf
    [-0.20384032972948221, -1.1112555926906942, -0.4044258505674112, -2810.7264985948664]
    [0.069489241661471135, 0.39842514499636328, -1.1297914807811591, 2213.2288866402873]
    [1.1805170503583731, -0.21533358415729056, -0.0033290035874712844, 13727.312707170868]
  #265 data/objects/space/3d/asteroid/angular_smooth_01/angular_smooth_01_03500_cluster_01.cgf
    [-0.9025168370050487, 0.27799446218699309, -0.32891032240696105, 3769.8830854616672]
    [-0.42647716330704405, -0.47082575004314009, 0.77229521851684124, -7106.4681558801294]
    [0.059834357772632726, 0.83728236238425757, 0.54348657530822009, -124.57197086672113]
  #266 data/objects/space/3d/asteroid/angular_smooth_01/angular_smooth_01_03500_cluster_01.cgf
    [0.094735202243687117, 0.98839795075523207, 0.11871502276424332, 3432.7492567592644]
    [0.78877607183100529, -0.0017740618412496387, -0.61467689515927093, -8451.1453769441723]
    [-0.6073352239034927, 0.15187122136418918, -0.77979329450736701, -2083.5325320359243]
  #267 data/objects/space/3d/asteroid/angular_smooth_01/angular_smooth_01_01300_cluster_01.cgf
    [0.6260738502023121, 0.20692944896620383, 0.75180531307492393, -2908.106422967709]
    [0.24699031756146, 0.86187408002963928, -0.44290895760668503, -984.56806010058926]
    [-0.73961260714513932, 0.46298246710636298, 0.48848737755275057, 12318.457102343513]
  #268 data/objects/space/3d/asteroid/angular_smooth_01/angular_smooth_01_03500_cluster_01.cgf
    [-0.069577892595642232, -0.13043208263109507, -0.98901264631202379, 11796.122915106687]
    [-0.17628984491507679, -0.97420428091246669, 0.1408812816320518, -14766.782654623075]
    [-0.98187597654918479, 0.18415514316734821, 0.044789237582772624, -8173.3125254168935]
  #269 data/objects/space/3d/asteroid/angular_smooth_01/angular_smooth_01_00800_cluster_01.cgf
    [0.69340475375860289, 0.35782735444221064, -0.62541620243743934, 7911.0436723878729]
    [-0.28509194327643822, 0.93339011687828077, 0.21794831494237754, -11783.479149636849]
    [0.66174649658101237, 0.027174777280526117, 0.74923234055659815, -3453.3589587430815]
  #270 data/objects/space/3d/asteroid/angular_smooth_01/angular_smooth_01_03900_column_01.cgf
    [-0.79859119816769697, -0.35163506958069507, 0.82377603496560692, 14188.481851224002]
    [0.32515860688620518, 0.91455016901038, 0.70560041699569809, -3090.4544819208827]
    [-0.83458136709999664, 0.69278629167850925, -0.51334508421278857, -4344.4881481932989]
  #271 data/objects/space/3d/asteroid/angular_smooth_01/angular_smooth_01_03900_column_01.cgf
    [0.10327355999668524, 0.23590217931883073, -0.96627309673191442, 19829.65101287474]
    [0.45886072331658223, 0.85061548354076388, 0.25670819937770084, -14501.925617700717]
    [0.88248533827630249, -0.4698961851547474, -0.020400166029258676, -6534.0924478931838]
  #272 data/objects/space/3d/asteroid/angular_smooth_01/angular_smooth_01_01300_cluster_01.cgf
    [-0.98374170024743357, 0.019242998299556637, -0.17855369485349459, 9309.7702784938974]
    [0.15771408680287802, -0.3829671577998246, -0.91019880828627853, -9082.9834168648849]
    [-0.085895178871260663, -0.92356121118108392, 0.37370597424112262, -3739.0583025111396]
  #273 data/objects/space/3d/asteroid/angular_smooth_01/angular_smooth_01_01400_01.cgf
    [-1.0560563565937615, 0.15541157990868629, -0.26569133629748309, 17037.813099515821]
    [0.070569838704983678, 1.046449891111997, 0.33160548383913696, -4168.8219719639419]
    [0.29960731502820293, 0.30131302639833141, -1.0146159818175622, -4879.981843401376]
  #274 data/objects/space/3d/asteroid/angular_smooth_01/angular_smooth_01_03500_cluster_01.cgf
    [-0.24750318362025586, -0.76540114918073654, -0.59405629450580733, 12925.892408094942]
    [0.49554789835111807, 0.42686668878183731, -0.75645008861097052, -4753.7778128394657]
    [0.83257076615081349, -0.48160724345940126, 0.27364211757295215, -5510.2644203401715]
  #275 data/objects/space/3d/asteroid/angular_smooth_01/angular_smooth_01_03500_cluster_01.cgf
    [-0.16875818841048495, 0.57430901222017894, -0.80105587010066626, 17355.918680151502]
    [-0.16150662293145607, -0.81783967183639983, -0.55231744188957843, -2287.7470878646727]
    [-0.97233582639401372, 0.036167725237477737, 0.23077177266177668, -7191.8600668669505]
  #276 data/objects/space/3d/asteroid/angular_smooth_01/angular_smooth_01_03400_01.cgf
    [-0.36242790746880543, -0.32434835079723506, 0.69709638192030077, 15682.279595272801]
    [-0.74830300016848716, 0.32581965415345193, -0.23745184642289693, -14241.498496664328]
    [-0.17660078790906078, -0.71493979240626682, -0.42446726776921234, -7148.9955954799925]
  #277 data/objects/space/3d/asteroid/angular_smooth_01/angular_smooth_01_01400_01.cgf
    [-0.98501592389903414, 0.16941014951188607, 0.032272291751370884, 19690.401750062294]
    [0.090271378778397846, 0.665940448387906, -0.74052148333559853, -16629.422894383573]
    [-0.14694345084409927, -0.72651303522405475, -0.67125561585043914, -5763.1187956574686]
  #278 data/objects/space/3d/asteroid/angular_smooth_01/angular_smooth_01_03900_column_01.cgf
    [-0.29915452250659424, -0.38721150618908656, -0.63290849942411831, 12099.863779735517]
    [0.65558426278234261, 0.18161158618352902, -0.42098201108918354, -9118.6814815641737]
    [0.34744092096447482, -0.6760797502834559, 0.2493999302339035, -6265.9141205218593]
  #279 data/objects/space/3d/asteroid/angular_smooth_01/angular_smooth_01_00900_cluster_01.cgf
    [-0.93340660882578097, 0.25560564613525377, -0.2518270686868796, 12455.953029169879]
    [0.28968436397338826, 0.12265572544178145, -0.94922998190374042, -4258.4147863645139]
    [-0.21174061520875126, -0.95896837431659909, -0.18853271650005407, -6548.672412415528]
  #280 data/objects/space/3d/asteroid/angular_smooth_01/angular_smooth_01_01300_cluster_01.cgf
    [0.078722393424173295, 0.87174466972296161, 0.48359478677274981, 20600.201398283123]
    [-0.35256755306248472, -0.42940312726344976, 0.83144992455018518, -15857.300569390301]
    [0.932469199229502, -0.23595357025605987, 0.2735452565523972, -6777.3406556408027]
  #281 data/objects/space/3d/asteroid/angular_smooth_01/angular_smooth_01_02200_column_01.cgf
    [-0.30549478089152921, -0.28369087355417105, 0.90895156921383957, 19373.90530326236]
    [-0.48634455626938417, -0.77419120825798315, -0.40508946383406896, -3464.5199724337963]
    [0.81862228133698256, -0.56581621520093339, 0.098539835500768974, -4568.5659144745969]
  #282 data/objects/space/3d/asteroid/angular_smooth_01/angular_smooth_01_02200_column_01.cgf
    [0.98484622755336904, 0.65229856485431559, -0.21115792226736543, 8164.5995847266004]
    [-0.35362410386791271, 0.16663825910893618, -1.1345416966943662, -9050.533167796626]
    [-0.58739346183872876, 0.99334860480272302, 0.32898426725144553, -4013.4699808069754]
  #283 data/objects/space/3d/asteroid/angular_smooth_01/angular_smooth_01_01400_01.cgf
    [0.64621369105210891, -0.42886546522403307, 0.45659906737073747, 8997.9266785087129]
    [-0.58982840197018482, -0.19562810581906931, 0.65102421654788323, -7973.9081073716497]
    [-0.21097571380363125, -0.7666840855532745, -0.4215272129213386, -3523.0405464336973]
  #284 data/objects/space/3d/asteroid/angular_smooth_01/angular_smooth_01_00900_cluster_01.cgf
    [-0.34659430357183185, 0.93010251839037517, -0.12158555250146079, 20310.357056376033]
    [0.68332446456978779, 0.161557887166111, -0.71201690835013343, 3040.5162603366107]
    [-0.64260518003951439, -0.32986316396340926, -0.69155638107682804, -3512.5698154372717]
  #285 data/objects/space/3d/asteroid/angular_smooth_01/angular_smooth_01_01400_01.cgf
    [0.84632361301792647, -0.11408068229649639, -0.28411632466489745, 20952.799596559562]
    [0.25835099613367518, 0.71427190231852333, 0.48277381693817678, 1591.7987740647613]
    [0.16429014216032953, -0.53553841454286388, 0.70441997537257206, -3779.2255627964068]
  #286 data/objects/space/3d/asteroid/angular_smooth_01/angular_smooth_01_00900_cluster_01.cgf
    [-0.52718421608711241, 0.07870071943082256, 0.84609862967237082, -7924.5147954353261]
    [-0.27967961164278782, -0.95629558133811676, -0.085311007544800074, -3860.4347251748859]
    [0.8024063865671387, -0.28161116799239427, 0.52615495143731517, 10161.101495599578]
  #287 data/objects/space/3d/asteroid/angular_smooth_01/angular_smooth_01_03500_cluster_01.cgf
    [-0.82544507004575807, -0.08455854551525771, -0.55811141915004747, -3631.7245056035872]
    [0.55884754219087041, 0.016915957383219507, -0.82909670270796221, -3945.6969623890118]
    [0.079548277118737076, -0.996273943368156, 0.033292173874462011, 14867.568909698628]
  #288 data/objects/space/3d/asteroid/angular_smooth_01/angular_smooth_01_01400_01.cgf
    [-0.16063555862981574, -0.55015463766384365, -0.69392094856606246, -6377.3574570487644]
    [-0.64449875577857485, -0.41102142823193494, 0.47506097527814373, -4098.0003075059503]
    [-0.60730368186083616, 0.5817142349034593, -0.32061032080568908, 9797.1216575553844]
  #289 data/objects/space/3d/asteroid/angular_smooth_01/angular_smooth_01_00900_cluster_01.cgf
    [-0.79212846563889394, -0.56122831069769363, -0.23990525702542537, -4873.4329750542247]
    [-0.54371165341393346, 0.47025073101865006, 0.6951554812203975, -18203.710554445366]
    [-0.27732541718874054, 0.68109198233446333, -0.67764561515090815, 20205.88566842318]
  #290 data/objects/space/3d/asteroid/angular_smooth_01/angular_smooth_01_03900_column_01.cgf
    [0.65379000223146055, -0.6395019779714296, -0.40446915778446207, -3037.6963212322698]
    [-0.73522294128337529, -0.66326255094505604, -0.13974784996748879, -17906.145240755337]
    [-0.17890026841473844, 0.38874085858132074, -0.90381120001726489, 22589.460771140133]
  #291 data/objects/space/3d/asteroid/angular_smooth_01/angular_smooth_01_03400_01.cgf
    [-0.0075979079918623536, -0.84628486065931796, -0.079021486033899649, -4948.1643357803387]
    [0.79580054454320936, -0.0348421019150877, 0.29662722410609893, -17540.925023065]
    [-0.29856984767537792, -0.071331279218847882, 0.79263363763224437, 18866.106615218057]
  #292 data/objects/space/3d/asteroid/angular_smooth_01/angular_smooth_01_00900_cluster_01.cgf
    [0.66173990158769413, -0.53656253524802411, 0.52364121448757228, -4257.3025734311186]
    [-0.70471749770961234, -0.68352273395850116, 0.19018173855261816, -18266.357217901052]
    [0.25587638453696582, -0.49487017593021992, -0.83043961725472948, 18442.147493431195]
  #293 data/objects/space/3d/asteroid/angular_smooth_01/angular_smooth_01_02200_column_01.cgf
    [0.19856404505501696, 1.1625273417796274, 0.22159208569835365, -6610.6019523976101]
    [0.88329314136777881, -0.29511920957344573, 0.75676841330181677, -17635.027369267715]
    [0.78763322634459376, 0.037886469530717927, -0.90454356943293113, 13590.141636792854]
  #294 data/objects/space/3d/asteroid/angular_smooth_01/angular_smooth_01_03500_cluster_01.cgf
    [-0.69928374919848479, 0.43316569745023725, 0.56865692202041873, -6472.8326407568529]
    [-0.49619657202773415, -0.86676595022816105, 0.050067232152124837, -15653.085353085085]
    [0.51457961319626, -0.24715429265925909, 0.82105027593032698, 20320.872471460538]
  #295 data/objects/space/3d/asteroid/angular_smooth_01/angular_smooth_01_00800_cluster_01.cgf
    [-0.96712697574410544, 0.55888121189354845, 0.5610846690703104, 28717.396192288408]
    [0.66188475048243134, 0.084168999588934507, 1.0570349846018761, -13662.172122626447]
    [0.43482501302495336, 1.1149287746694305, -0.36105378760961987, 10888.858684891355]
  #296 data/objects/space/3d/asteroid/angular_smooth_01/angular_smooth_01_03900_column_01.cgf
    [0.37289437073382253, 0.47218974450482332, 0.52724332710820887, 38592.653636377378]
    [0.0066405808086162565, -0.5982499709437421, 0.53108546155300973, -4408.3353484675044]
    [0.70774612925977087, -0.24317218173738281, -0.28277482042701463, 28072.911046767989]
  #297 data/objects/space/3d/asteroid/angular_smooth_01/angular_smooth_01_01700_column_01.cgf
    [-0.10124469391282821, -2.0547259359304952, 0.37825596230774522, 8169.6114336825422]
    [1.8426291468331324, 0.090675414440165872, 0.98575987406133425, -18897.65866846863]
    [-0.98473045654524716, 0.38092785443304744, 1.8056651490576918, 13997.90947017534]
  #298 data/objects/space/3d/asteroid/angular_smooth_01/angular_smooth_01_00800_cluster_01.cgf
    [-0.48932970963221278, -0.38129868793987753, -0.076108982656757529, 28405.233879552863]
    [-0.37290136175894245, 0.4255695906847487, 0.26544289268542526, -20501.233251281392]
    [-0.11011739673659704, 0.25323243365376341, -0.56068915173758416, 21220.969329258674]
  #299 data/objects/space/3d/asteroid/angular_smooth_01/angular_smooth_01_02200_column_01.cgf
    [-0.19677431324355027, -1.0317295108727305, -0.67772476253547942, 5934.8442218923792]
    [-0.99584972443273767, 0.53820937683861958, -0.53019879360684286, -21377.915397974943]
    [0.72942440575202583, 0.4564664837523425, -0.90668360149282656, 8216.2384878751473]
  #300 data/objects/space/3d/asteroid/angular_smooth_01/angular_smooth_01_00800_cluster_01.cgf
    [0.6241194604589988, -0.03181171915669511, -0.0094053983432690266, 28263.099259545677]
    [-0.0009520829070549569, -0.19430829099777819, 0.59402771779184893, -20606.014683207635]
    [-0.03315932043691644, -0.59317607039659825, -0.19408286089797727, 20556.336140227955]
  #301 data/objects/space/3d/asteroid/angular_smooth_01/angular_smooth_01_05100_01.cgf
    [-0.23894375700420231, -1.2254710104667208, 0.060233394852873587, 26572.065274964756]
    [1.2137681026827269, -0.24506269334551767, -0.17091707814412513, -14593.682487152795]
    [0.17937182682852107, 0.025815832293888976, 1.2367945136134315, 14521.01059109969]
  #302 data/objects/space/3d/asteroid/angular_smooth_01/angular_smooth_01_02200_column_01.cgf
    [-0.37595653911057542, 1.1833999011849954, -0.14393807295953165, 4015.2713621603589]
    [-1.103415053058953, -0.28830565510341444, 0.51171465113895309, -20494.326688249272]
    [0.45125238576085991, 0.28096501095811921, 1.1313384821680899, 10725.307866183586]
  #303 data/objects/space/3d/asteroid/angular_smooth_01/angular_smooth_01_00900_cluster_01.cgf
    [0.081446225788741972, 0.61042359713823846, 0.10665020474619784, 28451.199966734152]
    [0.59086849689810939, -0.10891482043537738, 0.17215313843703645, -14950.996570853082]
    [0.18672346796522721, 0.078392064376224507, -0.59128144953540995, 22030.679981232312]
  #304 data/objects/space/3d/asteroid/angular_smooth_01/angular_smooth_01_00800_cluster_01.cgf
    [-0.59914966879591247, -0.082566350696495552, 0.15756328805384498, 5573.4838248388141]
    [0.12886739533667674, 0.18015098342153135, 0.58443351650921171, -20682.055725316677]
    [-0.12262375964231521, 0.59274964237260042, -0.155675921922002, 17876.648756744886]
  #305 data/objects/space/3d/asteroid/angular_smooth_01/angular_smooth_01_00900_cluster_01.cgf
    [-0.053359046503307923, -0.063354176191823069, 0.61948698694652038, 28223.288083993582]
    [-0.26040158830935128, 0.56705501141119907, 0.035562526909333307, -20290.463417965373]
    [-0.56565792794142833, -0.25506847879200079, -0.074808062162508168, 21170.61071572845]
  #306 data/objects/space/3d/asteroid/angular_smooth_01/angular_smooth_01_00900_cluster_01.cgf
    [0.081446225788741972, 0.61042359713823846, 0.10665020474619784, 28212.836651003723]
    [0.59086849689810939, -0.10891482043537738, 0.17215313843703645, -20737.994722206222]
    [0.18672346796522721, 0.078392064376224507, -0.59128144953540995, 20836.29434462401]
  #307 data/objects/space/3d/asteroid/angular_smooth_01/angular_smooth_01_03400_01.cgf
    [-0.35707778063896861, 0.75907461259316611, 0.1764913894291259, 6647.4447144825999]
    [-0.69083875076860268, -0.39815809768690319, 0.31473793723503202, -21187.073556272462]
    [0.36067339583418839, -0.011130193844727979, 0.77758526206105116, 11453.199412796113]
  #308 data/objects/space/3d/asteroid/angular_smooth_01/angular_smooth_01_03400_01.cgf
    [-0.76194889732189686, 0.39276334635779159, 0.0042996820164383654, 26617.772511489864]
    [-0.39195715691269345, -0.75968418934711646, -0.064009180893056752, -15297.855804671632]
    [-0.025517065907569008, -0.058860358914224489, 0.85482863378201401, 15809.673397237695]
  #309 data/objects/space/3d/asteroid/angular_smooth_01/angular_smooth_01_01300_cluster_01.cgf
    [1.1692784367280944, 0.4419168484412892, 0.00019061252476109154, 28375.263650419529]
    [0.44087820522591248, -1.1664931038730721, -0.086155943730290452, -15484.209497106298]
    [-0.03028110675312469, 0.080659392180932252, -1.2470283544865857, 21972.449707082233]
  #310 data/objects/space/3d/asteroid/angular_smooth_01/angular_smooth_01_03400_01.cgf
    [0.2188124404831866, -1.1344128749114504, 0.11796545724902616, 6771.8830419705664]
    [1.1027689297735401, 0.24108547754604767, 0.27288419525790952, -20367.203420632832]
    [-0.29104829048622616, 0.060601367398549669, 1.122633364395301, 12996.715965970672]
  #311 data/objects/space/3d/asteroid/angular_smooth_01/angular_smooth_01_03500_cluster_01.cgf
    [-0.44301234576495085, 0.34026128477044382, 0.044753443694801852, 4864.8391877168797]
    [0.034899102043068439, -0.028033315155913167, 0.55860248572155302, -22107.573737320661]
    [0.34141274919481895, 0.44438377835388787, 0.00097126695581128942, 18678.311899450815]
  #312 data/objects/space/3d/asteroid/angular_smooth_01/angular_smooth_01_03400_01_lp.cgf
    [0.31965076156318006, 1.1083774791322307, 0.13422297801806124, 28164.950067272101]
    [-1.0978630097602646, 0.33742893805438279, -0.17184754000887317, -17056.810158144992]
    [-0.20301048218180448, -0.079587241185063398, 1.1406777233769134, 16954.675265077665]
  #313 data/objects/space/3d/asteroid/angular_smooth_01/angular_smooth_01_03400_01.cgf
    [1.1715879921216019, -0.35386999637140204, -0.25427844030324337, 26140.834627249871]
    [0.15811395906358436, 1.0249368481187962, -0.69785697398250568, -18695.064566591871]
    [0.40605600042874057, 0.62191671938844384, 1.0054044168788017, 18773.869273874647]
  #314 data/objects/space/3d/asteroid/angular_smooth_01/angular_smooth_01_03400_01.cgf
    [0.014238720133884547, -1.0774588747067433, 0.63354019230135272, 9585.7541066488629]
    [1.2418845193085604, -0.059515527906634592, -0.12912895003192695, -21850.129931415762]
    [0.14146958205671714, 0.63089921409863925, 1.0697878678032504, 14488.997304530865]
  #315 data/objects/space/3d/asteroid/angular_smooth_01/angular_smooth_01_00800_cluster_01.cgf
    [0.18997124220505607, 0.032414834434567628, -0.59454579635997162, 28028.521550608959]
    [-0.38642203601350672, -0.46808565463979751, -0.14899103439225303, -20617.672433088708]
    [-0.4530048957173744, 0.41287963954968404, -0.12223528961424739, 20154.052391862027]
  #316 data/objects/space/3d/asteroid/angular_smooth_01/angular_smooth_01_05100_01.cgf
    [-1.0126290322775509, -0.5755311109935034, 0.45369747115206549, 7944.3210760577294]
    [0.47849456060742201, -1.1053661858030714, -0.33422082941499109, -24970.102984614816]
    [0.55508594876857198, -0.09708010931348475, 1.115773298622055, 13024.464686689989]
  #317 data/objects/space/3d/asteroid/angular_smooth_01/angular_smooth_01_00800_cluster_01.cgf
    [0.14001619015806621, 0.39292127483659689, 0.46543895493728793, 28440.538773663422]
    [0.22583215179943614, 0.41005423548257952, -0.41410197497131623, -15796.178046158484]
    [-0.56570344546057671, 0.26094727099989318, -0.050112034986135298, 22159.248053031493]
  #318 data/objects/space/3d/asteroid/angular_smooth_01/angular_smooth_01_03400_01.cgf
    [-1.0790054842361565, 0.42835933872126741, -0.030754927031976079, 26022.791170475091]
    [-0.33213235883465264, -0.88505003959705975, -0.67458501854276209, -17454.648976041695]
    [-0.27226032546332063, -0.61796854932729983, 0.94481723673898188, 16789.319866997997]
  #319 data/objects/space/3d/asteroid/angular_smooth_01/angular_smooth_01_01700_column_01.cgf
    [1.2221459415838198, -1.6936779217192313, 0.11425011352289763, 28002.214797372428]
    [1.6934515751577701, 1.2261965825248828, 0.062469169107138546, -15135.255762662375]
    [-0.11755744789181433, 0.055997606860424175, 2.0876501641702423, 19286.8713742697]
  #320 data/objects/space/3d/asteroid/angular_smooth_01/angular_smooth_01_00800_cluster_01.cgf
    [0.5243349442226054, 0.090385765836736479, -0.32791533567568948, 29012.90326677644]
    [-0.28355828238101982, -0.21662945730475666, -0.51311944661169162, -20348.950691890346]
    [-0.18786365941905656, 0.57924716601125414, -0.14073078521676582, 20474.206504329442]
  #321 data/objects/space/3d/asteroid/angular_smooth_01/angular_smooth_01_01700_column_01.cgf
    [-0.44305113951271002, 1.0258504951340253, 0.56020486886455467, 6688.0625063723182]
    [0.072709711801106011, 0.62212818579435458, -1.0817406639023115, -21296.108793778058]
    [-1.1665813436173569, -0.35082806011390932, -0.28017973989998274, 10336.843540870923]
  #322 data/objects/space/3d/asteroid/angular_smooth_01/angular_smooth_01_03400_01.cgf
    [0.83654965255433456, -0.78234852501321961, -0.19184688640642231, 26549.381224994268]
    [0.76899757150939951, 0.85798023456249239, -0.14561049315112348, -15140.342008945117]
    [0.23982739090196678, -0.022146469531446219, 1.1360819160885471, 17553.41719186987]
  #323 data/objects/space/3d/asteroid/angular_smooth_01/angular_smooth_01_01000_01.cgf
    [0.92864887148169128, 0.77910278933871802, 0.066630781119749447, 28453.149940946478]
    [0.78004965541447713, -0.91582467513732868, -0.16314791861859404, -13468.750449450712]
    [-0.054436682813653429, 0.16761131198834114, -1.2011547108969811, 16374.840672948019]
  #324 data/objects/space/3d/asteroid/angular_smooth_01/angular_smooth_01_01700_column_01.cgf
    [-0.22490946361952244, -1.8554418097979903, -0.93914157707001, 4306.9441035445498]
    [-1.7800008259486055, 0.66019525393110001, -0.87805168666926492, -21563.120862663047]
    [1.0752898543882341, 0.70477896910593008, -1.6499314567306489, 9015.4533875435809]
  #325 data/objects/space/3d/asteroid/angular_smooth_01/angular_smooth_01_03400_01_lp.cgf
    [0.80243925081118694, 0.21350757071400114, -0.21295933309333803, 4749.9308407499757]
    [0.2235714716028866, -0.82746423135812797, 0.012831775184866662, -17829.32635954165]
    [-0.20236837052531989, -0.067552754324906011, -0.83025874252561693, 11955.37750608215]
  #326 data/objects/space/3d/asteroid/angular_smooth_01/angular_smooth_01_02200_column_01.cgf
    [1.1811179600239476, 0.2772155898689585, -0.30101205161985989, 5079.3419521034666]
    [0.34870708258861138, -1.1629997619652268, 0.29720581790955702, -24725.522813860713]
    [-0.21414973509049959, -0.36480055424896873, -1.1762469215935223, 7445.0408104306989]
  #327 data/objects/space/3d/asteroid/angular_smooth_01/angular_smooth_01_03400_01_lp.cgf
    [1.3332282639900619, 0.6395582390379374, 0.43139995327652997, 7124.9870400419286]
    [-0.65753410280574298, 1.3925647314158915, -0.032413533813618389, -22705.670764215676]
    [-0.40347188806129519, -0.15609930302705546, 1.4783374810404339, 15401.626229279822]
  #328 data/objects/space/3d/asteroid/angular_smooth_01/angular_smooth_01_01700_column_01.cgf
    [1.1958088606888173, 0.19999102798804988, 0.30420610686916322, 6454.2535000908611]
    [-0.096371814116746321, 1.1811303105963948, -0.39766853140323838, -23756.340741796463]
    [-0.35107013569379125, 0.35697531588170645, 1.1453449182273416, 11903.392397902209]
  #329 data/objects/space/3d/asteroid/angular_smooth_01/angular_smooth_01_01400_01.cgf
    [-0.31733011513906295, 0.76594271145976212, -0.72293339207026575, 32936.766168395217]
    [0.84023891133036743, -0.27115256596175513, -0.65610531657763493, -3260.4915713319006]
    [-0.63505865752299728, -0.74148997115048509, -0.50684559065958623, 13862.770713402198]
  #330 data/objects/space/3d/asteroid/angular_smooth_01/angular_smooth_01_02200_column_01.cgf
    [-0.50692699681392073, -0.86030219368102867, -0.053893827044989455, 28837.600760852176]
    [0.17665123266621194, -0.042487947974359938, -0.98335573696356804, -4864.981091246791]
    [0.84369351724631214, -0.50801013667963757, 0.17351178384193053, 14056.527727990635]
  #331 data/objects/space/3d/asteroid/angular_smooth_01/angular_smooth_01_02200_column_01.cgf
    [1.4572780112305195, 0.43442796221191249, 0.572914302226601, 29378.037996431049]
    [0.010346877745547586, 1.2820303536672524, -0.99845318791624127, -19052.974892371858]
    [-0.71892377493605442, 0.89904848144446103, 1.1469429314083015, 18326.350110139247]
  #332 data/objects/space/3d/asteroid/angular_smooth_01/angular_smooth_01_03400_01_lp.cgf
    [-1.1564238111582914, 0.028433167205074605, -0.10279717724110156, 4038.6685393959165]
    [0.019034591011105228, 1.1563540478859304, 0.10571062360415655, -17630.302492553001]
    [0.10494469491637075, 0.10357898725334197, -1.1519330449589504, 10294.21256835719]
  #333 data/objects/space/3d/asteroid/angular_smooth_01/angular_smooth_01_02200_column_01.cgf
    [1.0796300761074895, 0.22153490553999711, 0.58976368782354105, 26211.000909716506]
    [0.053336460837498448, -1.1981076582689045, 0.35241067552847111, -14879.14607214896]
    [0.62773732069486565, -0.27921380321984063, -1.0442631523624901, 12557.706469655661]
  #334 data/objects/space/3d/asteroid/angular_smooth_01/angular_smooth_01_05100_01.cgf
    [0.28207891111718131, 1.1851371523550649, 0.27996563786756401, 29135.392322241965]
    [-1.204460298060932, 0.31387662383398723, -0.11513555394172501, -14122.408810230379]
    [-0.17946091126993532, -0.24378419861472619, 1.2127911552315422, 18119.740159253444]
  #335 data/objects/space/3d/asteroid/angular_smooth_01/angular_smooth_01_03500_cluster_01.cgf
    [-0.86061259597136985, -0.0318729929982631, -0.50826221416858663, 32284.45333306332]
    [-0.50726201227606271, -0.034682549696280048, 0.86109394262589378, -5742.9799909271933]
    [-0.045073461547356461, 0.99889020389765526, 0.013680277783774456, 12314.82042631999]
  #336 data/objects/space/3d/asteroid/angular_smooth_01/angular_smooth_01_03400_01.cgf
    [-0.18024615797007057, -0.83800429578958935, 0.010373853884574921, 6035.9040057110233]
    [-0.83805209282114435, 0.1802952236307466, 0.0031330692993895692, -18686.88338484686]
    [-0.0052446472068268645, -0.0094829659563456601, -0.85716396395412142, 11595.516665538631]
  #337 data/objects/space/3d/asteroid/angular_smooth_01/angular_smooth_01_02200_column_01.cgf
    [1.2003675594151448, -0.33901424444135558, -0.08177469318937354, 27094.735317170758]
    [0.14840849528890779, 0.76182946897123349, -0.97984223975582962, -17920.629859940076]
    [0.31558307449297968, 0.93122781227232221, 0.77183037049645387, 13411.719048064424]
  #338 data/objects/space/3d/asteroid/angular_smooth_01/angular_smooth_01_02200_column_01.cgf
    [-0.1435593345607438, 0.90058598559882297, -0.85489013206793252, 7208.371999300788]
    [1.2031799742118165, -0.1118821276206919, -0.31990917004420838, -17630.952890508921]
    [-0.30700196256666412, -0.85960968466259025, -0.85400381903019162, 12678.039052873331]
  #339 data/objects/space/3d/asteroid/angular_smooth_01/angular_smooth_01_03400_01_lp.cgf
    [-0.27487172305027902, -1.5101109451434209, 0.1290420464425352, 28276.140421791682]
    [1.4280215965301077, -0.30198407009253248, -0.4921395348664982, -17181.110496338566]
    [0.50778069698998551, 0.031810930402223159, 1.4538872752025769, 19284.179768403112]
  #340 data/objects/space/3d/asteroid/angular_smooth_01/angular_smooth_01_03400_01.cgf
    [-0.9839184294754979, 0.77094854195405338, 0.0062683999124638597, 26050.786227859931]
    [-0.7691742434692781, -0.98089507014008792, -0.093339528595389049, -15628.147910489142]
    [-0.052649124988046969, -0.077328067827051233, 1.2464930254936053, 19790.483542290207]
  #341 data/objects/space/3d/asteroid/angular_smooth_01/angular_smooth_01_03500_cluster_01.cgf
    [0.2873582796340628, -0.059665684572489927, -0.47739553967827442, 29748.779900087735]
    [-0.48036161343303735, -0.0045853147734484399, -0.28857056558647942, -20682.556551179609]
    [0.026818194574279811, 0.55718960602957013, -0.053495826630229219, 20616.061685473651]
  #342 data/objects/space/3d/asteroid/angular_smooth_01/angular_smooth_01_03400_01.cgf
    [-0.061070052025533485, -1.015615825012252, -0.55989714850609285, 4200.9768798199939]
    [-1.1330616282221408, 0.17178490344122593, -0.18801905694703366, -19804.82036765165]
    [0.2472481902282842, 0.53638075572241006, -0.99992694207850341, 10434.170177003309]
  #343 data/objects/space/3d/asteroid/angular_smooth_01/angular_smooth_01_02200_column_01.cgf
    [-0.96712723309842252, 0.71246986035861493, -0.34576241229280252, 29214.593375603403]
    [0.66188538772786287, 1.0268496330024701, 0.2645516913376319, -13115.350011980019]
    [0.43482488565662741, 0.021600045320336131, -1.1717340950618589, 11924.779873702555]
  #344 data/objects/space/3d/asteroid/angular_smooth_01/angular_smooth_01_00800_cluster_01.cgf
    [-0.016640170071044416, 0.31215298434672867, -0.54121037971247676, 28558.780176465945]
    [-0.19212929788262767, 0.51261092118111218, 0.30156497208075367, -15185.144327840377]
    [0.5945035690727356, 0.17440072779196822, 0.082310075388718817, 22018.864226237696]
  #345 data/objects/space/3d/asteroid/angular_smooth_01/angular_smooth_01_03400_01_lp.cgf
    [1.4882502537555233, 0.10639623902487101, -0.38266296645455061, 4089.1862521144367]
    [0.11572467412804908, -1.5358112308724687, 0.023056155398574873, -17512.687209120926]
    [-0.37994592427395618, -0.051025746688989279, -1.4918704337777644, 7962.2556458955823]
  #346 data/objects/space/3d/asteroid/angular_smooth_01/angular_smooth_01_03500_cluster_01.cgf
    [0.29555392294154426, 0.87037495474620807, 0.39382065922612697, 32677.614134494375]
    [0.47553977449753787, 0.22349730609472565, -0.85082916727632962, -7806.1215456923856]
    [-0.82855850508796047, 0.43874341837552161, -0.34784250937380756, 11153.691022657835]
  #347 data/objects/space/3d/asteroid/angular_smooth_01/angular_smooth_01_01700_column_01.cgf
    [-0.64467799628191358, -0.98572433929291825, 0.41861138684604426, 28697.73761573173]
    [0.99571270092984876, -0.73159235894250307, -0.1892789547351226, -15157.041992254333]
    [0.394264103715535, 0.23583433258152839, 1.1625126533758257, 16199.238403773536]
  #348 data/objects/space/3d/asteroid/angular_smooth_01/angular_smooth_01_03400_01.cgf
    [-0.11898568155557115, 1.1310255747342628, -0.51877025983166436, 3147.0137760616644]
    [1.1795797196517683, -0.063386620573831987, -0.40874545492581421, -19977.477353482354]
    [-0.39614784888351717, -0.52845275212954035, -1.0612745150034002, 8348.4196078439927]
  #349 data/objects/space/3d/asteroid/angular_smooth_01/angular_smooth_01_03400_01.cgf
    [0.54164047518639669, 1.0272603649537106, 0.0071253279629569033, 6354.21200316871]
    [1.0121499849348363, -0.5322699861378859, -0.20231189267253216, -18679.979040738439]
    [-0.17569016961634831, 0.10056757188826145, -1.1435506809268383, 9872.5064026986074]
  #350 data/objects/space/3d/asteroid/angular_smooth_01/angular_smooth_01_01300_cluster_01.cgf
    [0.24161744785361655, -0.62207773956057555, -0.74474158746255459, 33971.668940309493]
    [0.43817183260033765, 0.75472386143331349, -0.48825922967127455, -4329.8797006520199]
    [0.86580955831447293, -0.20835286459928865, 0.45493145616114955, 12578.840104341361]
  #351 data/objects/space/3d/asteroid/angular_smooth_01/angular_smooth_01_02200_column_01.cgf
    [-0.1435592103130886, 0.90058520616014837, -0.85489004440692618, 3184.5737798163032]
    [1.2031794223679224, -0.11188207630545231, -0.31990877924540317, -18953.166555018895]
    [-0.30700159473687694, -0.8596095834117804, -0.85400312258325517, 13753.20685983695]
  #352 data/objects/space/3d/asteroid/angular_smooth_01/angular_smooth_01_01700_column_01.cgf
    [0.8935316557676577, 1.86428521742991, 0.31824727397401581, 27845.552376210169]
    [-1.6661012199568672, 0.94249171604963078, -0.84324113349298346, -18560.634545479126]
    [-0.8949566605025171, 0.10672165866686135, 1.8875652525335509, 18247.172046287433]
  #353 data/objects/space/3d/asteroid/angular_smooth_01/angular_smooth_01_00900_cluster_01.cgf
    [-0.52147930728663205, -0.49769241142059456, -0.69308052657717967, 29251.045715238044]
    [0.33046701539557688, -0.86668007846769657, 0.37370605287720388, -1520.7821034113313]
    [-0.78667013699624233, -0.034160296191244985, 0.61642695459943397, 11184.177338601694]
  #354 data/objects/space/3d/asteroid/angular_smooth_01/angular_smooth_01_01400_01.cgf
    [0.61933164046366029, -0.8363660085604856, 0.3562582624156041, 8086.6538244768135]
    [0.88189463152223335, 0.65738703684483213, 0.010191828826474318, -26955.497905977216]
    [-0.22065789971593586, 0.27988196477652072, 1.0406612838863465, 21113.504214018165]
  #355 data/objects/space/3d/asteroid/angular_smooth_01/angular_smooth_01_00900_cluster_01.cgf
    [0.729574176424031, 0.51426603258204451, -0.45083439131049918, 30496.100606831325]
    [0.68170134047709263, -0.49401101829675209, 0.53966292790401005, -4681.7049612128931]
    [0.054813164912453485, -0.70105865738504158, -0.71099363950639571, 22649.643910144321]
  #356 data/objects/space/3d/asteroid/angular_smooth_01/angular_smooth_01_05100_01.cgf
    [1.2447948059278222, 0.086343745636913494, -0.074381804025636947, 6614.8232202070885]
    [0.088618354969170768, -1.2463274238281981, 0.036286964903807853, -18571.267045575034]
    [-0.071656697825662613, -0.041409108282600353, -1.2472580356339928, 12940.911625555447]
  #357 data/objects/space/3d/asteroid/angular_smooth_01/angular_smooth_01_02200_column_01.cgf
    [0.2081023387459012, -0.90309329140810701, 0.37565429830718727, 34722.092381744209]
    [0.93373759953603663, 0.069063551515714666, -0.35123289891356047, -4760.6353392155097]
    [0.29125202151345386, 0.42385488210024819, 0.85762435080786881, 14645.409901971821]
  #358 data/objects/space/3d/asteroid/angular_smooth_01/angular_smooth_01_03400_01.cgf
    [-0.50225033149142495, 0.62577561782197189, 0.28044579969491973, 29634.921311709259]
    [0.087781315835940399, 0.40343114033780203, -0.74299267930854573, -3609.343898078097]
    [-0.68010250037557174, -0.41005921164572062, -0.30300560694090356, 22059.482988226988]
  #359 data/objects/space/3d/asteroid/angular_smooth_01/angular_smooth_01_03900_column_01.cgf
    [-0.23267777928582606, 0.97182488147799229, -0.037646202268796468, 30045.388489567944]
    [0.070506621344268661, 0.055462401648630533, 0.99596813409282448, -7593.7797832032993]
    [0.96999466655832334, 0.22908537168927354, -0.08142496610226492, 23325.355919659494]
  #360 data/objects/space/3d/asteroid/angular_smooth_01/angular_smooth_01_02200_column_01.cgf
    [0.56584410551958442, 0.74086139620149072, -0.36186245102746101, 11121.781359087623]
    [-0.74342762858756384, 0.26864166288099572, -0.61249213187900409, -28594.184527993439]
    [-0.3565605178618283, 0.61559373143282869, 0.7027862751357582, 23855.362125580003]
  #361 data/objects/space/3d/asteroid/angular_smooth_01/angular_smooth_01_01700_column_01.cgf
    [0.20408973695420662, 0.77633978812790005, 0.95819598977203124, 5780.5345846964119]
    [-0.026824565596457461, -0.96820442439185939, 0.7901621842661809, -19163.14309483828]
    [1.2329328708921004, -0.14957395539754925, -0.14142068418802037, 12678.737177993966]
  #362 data/objects/space/3d/asteroid/angular_smooth_01/angular_smooth_01_03400_01.cgf
    [-0.22563188571099962, 0.7465719386641867, -0.35576712109159847, 5154.1228374939774]
    [0.80273784839666029, 0.10902869248340823, -0.28031115366136716, -19144.087585654441]
    [-0.19887647121292823, -0.40693087436893272, -0.72780839826381316, 11747.58877034441]
  #363 data/objects/space/3d/asteroid/angular_smooth_01/angular_smooth_01_00800_cluster_01.cgf
    [-0.36586059309545971, -0.15221233369276477, 0.91813585356276073, 16566.750619386963]
    [0.51118133957998346, 0.79152925653618122, 0.33491952439096834, -15566.406730614388]
    [-0.77771182207218015, 0.59186895105661808, -0.21178168072353826, 4278.8648047139241]
  #364 data/objects/space/3d/asteroid/angular_smooth_01/angular_smooth_01_01400_01.cgf
    [-0.076707738335570111, 0.9942822157268435, -0.074284403591715634, 27990.969133397102]
    [0.95582990060514983, 0.052130154058737006, -0.28925943786707836, -8163.5369899479865]
    [-0.28373314617225731, -0.093191720530031552, -0.95436375624604552, 22554.136526774615]
  #365 data/objects/space/3d/asteroid/angular_smooth_01/angular_smooth_01_03900_column_01.cgf
    [0.68337296485744514, -0.5288372889289068, -0.83266609794057245, 9330.6539446997031]
    [0.43979143164336831, 1.0700617975651237, -0.31867156127286145, -24125.00760591228]
    [0.8829412242467396, -0.12368989105553674, 0.80319108765949832, 21208.906571823565]
  #366 data/objects/space/3d/asteroid/angular_smooth_01/angular_smooth_01_03900_column_01.cgf
    [0.38884407514919406, 0.7647127627560848, -0.83905639725512726, 12045.320280377389]
    [-0.63509001588333047, 0.88167137332661971, 0.50923199355214643, -7632.3242651493838]
    [0.94098986127487516, 0.27905365435653817, 0.69041154469170241, 9968.8580020439404]
  #367 data/objects/space/3d/asteroid/angular_smooth_01/angular_smooth_01_05100_01.cgf
    [-1.2471074893927623, -0.02827489295950527, -0.080133576195301551, 6706.6056456828364]
    [-0.044556379252762922, 1.2213162334860352, 0.26248683128227135, -15908.214810964846]
    [0.072357367790734595, 0.26473597782857572, -1.2194987589476189, 9385.1653045097919]
  #368 data/objects/space/3d/asteroid/angular_smooth_01/angular_smooth_01_03500_cluster_01.cgf
    [-0.40686240954533875, 0.47447893983886541, 0.78059700308754021, 11640.440113191582]
    [0.78974722189409408, 0.61215605199598322, 0.039538075271226499, -24728.269818317454]
    [-0.45908743294760657, 0.63256119825276913, -0.62378203345038685, 21353.021681572442]
  #369 data/objects/space/3d/asteroid/angular_smooth_01/angular_smooth_01_03500_cluster_01.cgf
    [0.64302907890778527, 0.66677822162575151, 0.376723778373938, 12430.613057407336]
    [-0.42392206593738863, -0.099774411516142469, 0.90018639579017989, -9297.4898566439533]
    [0.63781195037260952, -0.73854740424697063, 0.21850410977755128, 41989.408927570235]
  #370 data/objects/space/3d/asteroid/angular_smooth_01/angular_smooth_01_03500_cluster_01.cgf
    [0.56163525247163071, 0.052322782363710935, 0.82572879463735116, 7564.2340711384004]
    [-0.34774657706827256, -0.89064308304802997, 0.29296260754984793, -26866.275133644725]
    [0.75075830597125803, -0.45168251873503584, -0.4820215150288904, 24063.679148653682]
  #371 data/objects/space/3d/asteroid/angular_smooth_01/angular_smooth_01_03500_cluster_01.cgf
    [0.66654643066174502, 0.53196313567453013, 0.52223627230816594, 12374.507659991008]
    [0.73254758665963304, -0.33756598691731649, -0.59112002488040094, -9992.8441941164274]
    [-0.13816488378077416, 0.77657200105256163, -0.61469182370516828, 9770.3827834389431]
  #372 data/objects/space/3d/asteroid/angular_smooth_01/angular_smooth_01_01300_cluster_01.cgf
    [-0.69892020728649529, 0.58977645774647913, -0.4045593840494161, 4804.015342599344]
    [0.2183744552744902, 0.71462941578579209, 0.66453849915941887, -18067.317771555121]
    [0.68104123415399542, 0.3761150747703404, -0.62826293014973389, 39379.70642410178]
  #373 data/objects/space/3d/asteroid/angular_smooth_01/angular_smooth_01_03500_cluster_01.cgf
    [-0.097296619422467256, -0.67581798547145999, -0.73061799161034024, 6288.7008971774103]
    [0.9921940793882017, -0.12339564158161441, -0.01799043546250953, -26733.972670808533]
    [-0.077996845951798163, -0.72666553341577267, 0.68254884504305779, 26092.191607961086]
  #374 data/objects/space/3d/asteroid/angular_smooth_01/angular_smooth_01_03400_01.cgf
    [-0.48735992856535243, -1.1509766687297724, 0.01512461025827587, 6206.4174033894242]
    [-1.1510317023783849, 0.48744323979772008, 0.0045666029380390227, -19247.343709618308]
    [-0.010102767723064407, -0.012146677825325667, -1.2498984511027751, 7603.745789994402]
  #375 data/objects/space/3d/asteroid/angular_smooth_01/angular_smooth_01_01300_cluster_01.cgf
    [0.51866757620868742, -0.80180697704430315, -0.29680014762631007, 13871.829993248384]
    [-0.85444066145877051, -0.49839576663730062, -0.14674340367469366, -28262.727057894655]
    [-0.030264039945485793, 0.32970902632353211, -0.94359782562545391, 20369.057446894665]
  #376 data/objects/space/3d/asteroid/angular_smooth_01/angular_smooth_01_01400_01.cgf
    [0.68518950612739082, -0.12722556497080209, 0.56949986558850019, 38386.396283428512]
    [-0.50909287760009447, -0.55962188049189099, 0.48749245475815511, -7047.9321925073282]
    [0.28520323151099597, -0.69328068420167088, -0.49801818264306913, 11479.424288431386]
  #377 data/objects/space/3d/asteroid/angular_smooth_01/angular_smooth_01_03500_cluster_01.cgf
    [0.85107864964310087, -0.15593233004057888, -0.50134834088430202, 7143.6959811136403]
    [0.44939623296199871, 0.71010776770804729, 0.54202389465586265, -6628.4618323224258]
    [0.2714923134434773, -0.68660904816821389, 0.67443298929715678, 13825.412036445321]
  #378 data/objects/space/3d/asteroid/angular_smooth_01/angular_smooth_01_00900_cluster_01.cgf
    [-0.055845669182411364, 0.50258023410495301, -0.86272479829819948, 29258.424952475154]
    [-0.32704292621824582, 0.80719660855738518, 0.49140234800227767, -3337.2061446962384]
    [0.94335777609678151, 0.30959078070665375, 0.11928689306570482, 23043.086147059246]
  #379 data/objects/space/3d/asteroid/angular_smooth_01/angular_smooth_01_01400_01.cgf
    [0.50491195768347708, -0.20092596673756524, 0.83945927502729623, 8586.6749553860973]
    [0.79766426314091521, -0.26301756666275838, -0.54272708287425875, -15490.517321690069]
    [0.32984063098205418, 0.94363643373277861, 0.027470759654296292, 37691.880264473613]
  #380 data/objects/space/3d/asteroid/angular_smooth_01/angular_smooth_01_00900_cluster_01.cgf
    [0.58192165815891006, 0.081209162675072652, 0.80917923851977203, 12056.888944926854]
    [0.74302928175776006, -0.4575380125324765, -0.48843140554904774, -24484.5631503724]
    [0.33056535602566045, 0.88547322002061957, -0.3265922632429975, 22498.314822517579]
  #381 data/objects/space/3d/asteroid/angular_smooth_01/angular_smooth_01_03400_01.cgf
    [-0.34968750233752277, -0.53710521747360529, 0.24400325958889549, 5557.5649576161995]
    [0.55097331348321565, -0.39871810127617208, -0.088052473914592477, -22286.413322497123]
    [0.21082697445227652, 0.15113839914391389, 0.63483078514352453, 7993.8974412840007]
  #382 data/objects/space/3d/asteroid/angular_smooth_01/angular_smooth_01_03500_cluster_01.cgf
    [0.99599429693050223, -0.034715933489696552, -0.082405389187159991, 30566.878149038235]
    [-0.071299930025777475, 0.24783321969936892, -0.96617570809609854, -4737.9369614739308]
    [0.053964471492525284, 0.96818075941355974, 0.24436517067935257, 19638.195520425532]
  #383 data/objects/space/3d/asteroid/angular_smooth_01/angular_smooth_01_01300_cluster_01.cgf
    [-0.8857197266927922, 0.19989402997164038, 0.41897347592078071, 6460.9204985019996]
    [0.30852386368645773, -0.42088494190872455, 0.85303266186393378, -20491.905234131136]
    [0.34685648657539064, 0.88481301609570895, 0.31111466578158847, 9371.8499167390073]
  #384 data/objects/space/3d/asteroid/angular_smooth_01/angular_smooth_01_00900_cluster_01.cgf
    [-0.11392038520167805, 0.38095071123640373, 0.91754987482228001, 8542.986483230392]
    [0.42873131884617321, -0.8142887367736521, 0.39130854928865688, -13014.207116011243]
    [0.89622021480120873, 0.43796059196513371, -0.070561447048848119, 41195.297550984433]
  #385 data/objects/space/3d/asteroid/angular_smooth_01/angular_smooth_01_00900_cluster_01.cgf
    [-0.20647434032848766, 0.45104069239956962, -0.062686064917777951, 5709.9033886908619]
    [0.43498128483180731, 0.21571707961294384, 0.11939985577284488, -20701.012334960651]
    [0.13475359283235894, -0.0052285286862417887, -0.48146966036894912, 9346.0459020815615]
  #386 data/objects/space/3d/asteroid/angular_smooth_01/angular_smooth_01_02200_column_01.cgf
    [0.21907057519746831, 0.86254835257526563, -0.45609011687932288, 5864.8540232523701]
    [0.21292465180042816, -0.49844090223816206, -0.84036868801397058, -28006.626766787165]
    [-0.9521927052340643, 0.086987232444486876, -0.29285157614964635, 21208.781063635575]
  #387 data/objects/space/3d/asteroid/angular_smooth_01/angular_smooth_01_01400_01.cgf
    [-0.39218611740010262, -0.89675597269494589, 0.20498248936623675, 4920.3033443036875]
    [-0.69106023119356075, 0.43429606767019635, 0.57777307713419079, -17504.028148388054]
    [-0.60714483640523564, 0.084939373875433238, -0.79003765516860902, 38972.15396989249]
  #388 data/objects/space/3d/asteroid/angular_smooth_01/angular_smooth_01_03900_column_01.cgf
    [-0.29213866320455995, 0.41321181309229171, 0.61960442895373946, 15080.913334657755]
    [0.74371520707916094, 0.12677679595499908, 0.26610897046819243, -27160.907194096428]
    [0.039259923806719832, 0.67318815417788025, -0.43043584522472683, 19755.799336875047]
  #389 data/objects/space/3d/asteroid/angular_smooth_01/angular_smooth_01_03500_cluster_01.cgf
    [-0.30674861128928593, -0.62354837288527076, 0.71909223338340922, 8123.2019631850735]
    [-0.77366319885752655, -0.27671653743882191, -0.56997731236385341, -7480.2312441232125]
    [0.55439288250639296, -0.73117460879608909, -0.39753383157443628, 11806.89516877013]
  #390 data/objects/space/3d/asteroid/angular_smooth_01/angular_smooth_01_03900_column_01.cgf
    [0.52384215230214193, 0.072553852617313827, 0.60027039550259276, 12061.051995942404]
    [0.52074737665179782, -0.45774051093388152, -0.39911778228394457, -13715.387738660966]
    [0.30726337067200937, 0.65208034236232626, -0.34695771777394013, 7250.4365851632374]
  #391 data/objects/space/3d/asteroid/angular_smooth_01/angular_smooth_01_00900_cluster_01.cgf
    [0.037825620252868217, -0.32703927071265004, 0.37631625094402871, 7434.9406142190701]
    [-0.23381086258726977, 0.32168775350155132, 0.30306575630326066, -24060.671771937818]
    [-0.44034201008878093, -0.19890120039660025, -0.12859474908451279, 12237.522763760817]
  #392 data/objects/space/3d/asteroid/angular_smooth_01/angular_smooth_01_03400_01.cgf
    [0.80080106197343304, 0.28382313907794554, 0.02573238423673839, 9594.2975720771647]
    [0.00632042168553944, 0.059042720074471235, -0.84792339288892649, -11986.352535058191]
    [-0.28491714961420433, 0.79903595267202643, 0.053514810338524642, 40915.767739805946]
  #393 data/objects/space/3d/asteroid/angular_smooth_01/angular_smooth_01_01700_column_01.cgf
    [-1.9116995254989384, 0.428909510934392, -0.73258454655645655, 2786.4334799540675]
    [0.41242358334139284, 2.0469987834578185, 0.12223473582509548, -18306.484100070469]
    [0.74199075083666199, -0.032728797234336734, -1.9554071478136246, 8876.9132781544176]
  #394 data/objects/space/3d/asteroid/angular_smooth_01/angular_smooth_01_03400_01.cgf
    [0.69974558789207597, 0.55049569556330691, 0.26546257004201279, 6256.9373034762912]
    [-0.58123712876395139, 0.72415323791635566, 0.030418133785001925, -22369.172207760901]
    [-0.18888961610760213, -0.18898770299412471, 0.88981129221042932, 9205.8803968681241]
  #395 data/objects/space/3d/asteroid/angular_smooth_01/angular_smooth_01_03500_cluster_01.cgf
    [0.41128282735149191, 0.011982347592231359, -0.17801259361534233, 8552.8941416610141]
    [-0.17825816035659639, 0.0088212518555432981, -0.41125641392652124, -23652.466707365569]
    [-0.0074892193027073914, 0.44806721937182498, 0.012857011019515151, 11630.804214663771]
  #396 data/objects/space/3d/asteroid/angular_smooth_01/angular_smooth_01_01300_cluster_01.cgf
    [0.54585302331593588, 0.83512296994298407, -0.067879486754157975, 6384.0733062206036]
    [0.82295325462030577, -0.54959057454286631, -0.14384597246719935, -21343.935077038699]
    [-0.15743551174447371, 0.022657187795440674, -0.98726604023155973, 12744.223926736453]
  #397 data/objects/space/3d/asteroid/angular_smooth_01/angular_smooth_01_00800_cluster_01.cgf
    [0.21912076401098263, 0.14164745308498733, 0.42652243560529396, 5956.2108948319001]
    [0.39180116982055385, 0.17226065607191629, -0.25849063417812845, -20704.694322369938]
    [-0.22017545814050513, 0.44750593701659624, -0.035503552335074497, 8277.5833454054391]
  #398 data/objects/space/3d/asteroid/angular_smooth_01/angular_smooth_01_01400_01.cgf
    [-0.63227678299351708, -0.019908534982391909, 0.64018058797452904, 7086.4053599251129]
    [0.63483065549174589, 0.099841234239755564, 0.63009779565603352, -1271.7581581981558]
    [-0.084956305430963427, 0.89422415728805216, -0.056098556016921819, 11686.815088052841]
  #399 data/objects/space/3d/asteroid/angular_smooth_01/angular_smooth_01_02200_column_01.cgf
    [-0.60741375138756004, -0.068871867924620786, 0.31081416183474669, 6276.1593519209464]
    [0.21158196310000113, -0.58760926132461644, 0.28328196493857416, -20591.606168462265]
    [0.23786939752564279, 0.34680291892843607, 0.54170668069230554, 8988.7329024952087]
  #400 data/objects/space/3d/asteroid/angular_smooth_01/angular_smooth_01_00900_cluster_01.cgf
    [0.91240224086328003, 0.22139372791690964, 0.3442480052696863, 19929.443663009337]
    [0.20939390467897037, -0.97516441687930233, 0.072168370919566155, -21492.042180757959]
    [0.35167607905059284, 0.0062368515248633549, -0.93610082690493202, 14331.106288311516]
  #401 data/objects/space/3d/asteroid/angular_smooth_01/angular_smooth_01_03500_cluster_01.cgf
    [0.611894519254228, -0.49453246024498593, 0.61727131555804449, 23072.785553039055]
    [-0.75424242606572134, -0.12987151059871432, 0.64362480328012761, -19575.787892365042]
    [-0.23812726422905128, -0.85940221691529839, -0.4524647715921517, 10330.402517363313]
  #402 data/objects/space/3d/asteroid/angular_smooth_01/angular_smooth_01_03400_01.cgf
    [-0.6477574044131601, -0.67365729565245869, 0.35580021186825905, 6625.4841976218222]
    [0.68011014053423657, -0.72177687722212736, -0.12839756217830373, -22239.770599079813]
    [0.34330473269936596, 0.15881305124279396, 0.92569858646566283, 11039.363854869087]
  #403 data/objects/space/3d/asteroid/angular_smooth_01/angular_smooth_01_00900_cluster_01.cgf
    [0.77712583810455649, -0.62916224287233036, -0.015155974499022709, 12410.967881055612]
    [-0.336070574688344, -0.39450436032537878, -0.85523229486600605, -10498.31076051534]
    [0.53210093050830343, 0.66971679200762746, -0.51802260368064545, 10905.148487689601]
  #404 data/objects/space/3d/asteroid/angular_smooth_01/angular_smooth_01_03500_cluster_01.cgf
    [-0.98651032137923844, 0.097554426720619564, -0.13146303008252805, 22808.489274467447]
    [0.070148579358706914, -0.47367714023042395, -0.87790156183715673, -7900.7671488054621]
    [-0.14791406716476838, -0.87528001764542473, 0.46044362096182634, 26565.856631586397]
  #405 data/objects/space/3d/asteroid/angular_smooth_01/angular_smooth_01_01400_01.cgf
    [-0.35743986003103473, 0.43872430400143603, -0.94326891490512443, 5275.1458327302807]
    [1.0373505404899381, 0.075193060317776436, -0.35811782155056382, -5566.7178756577878]
    [-0.078352516826637297, -1.0059152563935709, -0.43817107885896422, 1960.5546454216712]
  #406 data/objects/space/3d/asteroid/angular_smooth_01/angular_smooth_01_01400_01.cgf
    [0.71894890202247264, 0.68977250018078018, 0.085591862002049324, 15967.172365977638]
    [0.48070343448107311, -0.40449486423431719, -0.77801523471722789, -22908.38268912194]
    [-0.50203214730206558, 0.60049762311632682, -0.62238727515338887, 13493.046353762546]
  #407 data/objects/space/3d/asteroid/angular_smooth_01/angular_smooth_01_00800_cluster_01.cgf
    [-0.15134174163734618, -0.42204469198460626, -0.22129858190147983, 7654.7583074551121]
    [-0.4755940985226082, 0.11910824569551681, 0.098094782754315782, -24110.448556547533]
    [-0.030083846736327333, 0.24018869857003586, -0.43749680957761289, 12258.577016220301]
  #408 data/objects/space/3d/asteroid/angular_smooth_01/angular_smooth_01_01300_cluster_01.cgf
    [-0.67694233468178244, -0.005578790903482676, 0.73601416261002284, 5520.2902358430365]
    [0.72391310544309961, 0.1756910423804654, 0.66714418857537372, -5203.3765314030907]
    [-0.13303302687004342, 0.98442898660808498, -0.11489420804580849, 4345.9495373471364]
  #409 data/objects/space/3d/asteroid/angular_smooth_01/angular_smooth_01_03400_01.cgf
    [-0.087230406012788295, -0.65669010751005141, 0.17734518131805779, 3959.8084541546077]
    [0.63953416485687764, -0.018271203302909225, 0.24691004329944413, -7043.9471520966927]
    [-0.23170943575761802, 0.19679080313814076, 0.61472471200740386, 4010.8719125695966]
  #410 data/objects/space/3d/asteroid/angular_smooth_01/angular_smooth_01_03500_cluster_01.cgf
    [-0.36596624654523746, -0.82895450475422594, -0.4229703530177697, 11296.451584424045]
    [-0.32877070332497949, 0.54035569975836706, -0.77454911172149299, -14037.181887009196]
    [0.87062007507264561, -0.14439851412335106, -0.47028771841733191, 41865.328438403812]
  #411 data/objects/space/3d/asteroid/angular_smooth_01/angular_smooth_01_01300_cluster_01.cgf
    [0.93725730710295929, 0.078359305168450036, -0.33971814167078518, 3599.039632918073]
    [0.058602533998528904, 0.92514103451963381, 0.37507288019999224, -7517.3900975985252]
    [0.34367766802002886, -0.37144816831704014, 0.86250320287107074, 2948.4525826339541]
  #412 data/objects/space/3d/asteroid/angular_smooth_01/angular_smooth_01_02200_column_01.cgf
    [0.44761780204827584, -0.67146072367909082, 0.88813230486151162, 11827.803909720564]
    [-1.0385190960906887, 0.093296126320281059, 0.59394790256503793, -7040.6670771490462]
    [-0.40139330018978681, -0.99016994524312874, -0.5463031110956349, 41992.800660734632]
  #413 data/objects/space/3d/asteroid/angular_smooth_01/angular_smooth_01_00900_cluster_01.cgf
    [-0.5934043540161803, 0.76916887061539663, -0.2371709046656133, 19958.036744153174]
    [0.41166768567200185, 0.54322483530167354, 0.7317349327413295, -19874.87540691259]
    [0.69166502450039224, 0.33657917894120459, -0.63899410568108284, 13393.946139369025]
  #414 data/objects/space/3d/asteroid/angular_smooth_01/angular_smooth_01_01300_cluster_01.cgf
    [-0.35099537663316721, 0.41500000604261722, 0.83939129041546179, 1374.8927418250273]
    [-0.47007108589404417, -0.85337583363465841, 0.22535163330517743, -4086.3175360944019]
    [0.8098369697952178, -0.31547611543751575, 0.49461035249974311, 6241.6468204687681]
  #415 data/objects/space/3d/asteroid/angular_smooth_01/angular_smooth_01_03400_01.cgf
    [-0.014253620697238836, 0.81594164797905189, -0.23777379855700861, 20347.250998880456]
    [-0.18813360556420289, -0.23493674493419597, -0.79492816670886579, -20832.221534902212]
    [-0.82879605370948339, 0.03929721189771844, 0.18453495165586831, 13054.410569438052]
  #416 data/objects/space/3d/asteroid/angular_smooth_01/angular_smooth_01_03400_01.cgf
    [-0.28574423003025984, -0.7417901709693373, -0.30099568873243604, 24567.315431115145]
    [-0.54429786168615657, -0.05432783673658937, 0.65060675626465658, -4334.7087851451524]
    [-0.58701865400182107, 0.41145674837900276, -0.45674201847989254, 25780.277161547601]
  #417 data/objects/space/3d/asteroid/angular_smooth_01/angular_smooth_01_01700_column_01.cgf
    [0.67448403251810451, 1.2876871809830419, 0.64403715537567152, 4760.3517350498714]
    [-1.4394467016856225, 0.58816252884615861, 0.33152507652061208, -7041.7900383745891]
    [0.030254364624339097, -0.72372467643957139, 1.4153296823807302, 7005.9946697776959]
  #418 data/objects/space/3d/asteroid/angular_smooth_01/angular_smooth_01_00900_cluster_01.cgf
    [-0.00541294558683125, 0.49996846730478028, -0.001360771471151122, 4751.4097034123624]
    [0.46271047964212347, 0.0044940328324624256, -0.18941603859301531, -5124.2209824584716]
    [-0.18939200623955574, -0.0033098863762136936, -0.46273030223095013, 4241.175886703677]
  #419 data/objects/space/3d/asteroid/angular_smooth_01/angular_smooth_01_03500_cluster_01.cgf
    [0.55313984885802114, -0.18740984693761151, -0.81173539442406994, 20988.236154712322]
    [-0.39229439033296881, 0.80098494757163563, -0.45224851438296887, -23495.145228857829]
    [0.73494347578794361, 0.56859577620585544, 0.36953676997323437, 12345.273734586033]
  #420 data/objects/space/3d/asteroid/angular_smooth_01/angular_smooth_01_00800_cluster_01.cgf
    [-0.56948758989892501, -0.81975237493761854, 0.060707261977161996, 37120.495236460592]
    [-0.40708176448207317, 0.34542063414395346, 0.84555571398652785, -24890.077307133557]
    [-0.71411747275836335, 0.45682170724828625, -0.53042021625262858, 20016.15113281809]
  #421 data/objects/space/3d/asteroid/angular_smooth_01/angular_smooth_01_01300_cluster_01.cgf
    [-0.56501045603778499, 0.33472224361305947, 0.75413606273536071, 13465.022747872363]
    [0.23601311825783763, -0.81025376150190109, 0.53645470163063202, -22308.759355578331]
    [0.79060608996994475, 0.48108924174423007, 0.37880357561640771, 36178.021711833127]
  #422 data/objects/space/3d/asteroid/angular_smooth_01/angular_smooth_01_01400_01.cgf
    [-0.50899945165373628, -0.87283972851065461, -0.43481950270269509, 12304.43453572096]
    [0.63107276859125772, 0.079087667631151312, -0.89749091079085952, -26714.834874261989]
    [0.7434139844929859, -0.66475076723768289, 0.46415482169008171, 28152.273361500225]
  #423 data/objects/space/3d/asteroid/angular_smooth_01/angular_smooth_01_03900_column_01.cgf
    [0.68337296485744514, -0.5288372889289068, -0.83266609794057245, 27751.968908699702]
    [0.43979143164336831, 1.0700617975651237, -0.31867156127286145, -24125.00760591228]
    [0.8829412242467396, -0.12368989105553674, 0.80319108765949832, 25252.020134823564]
  #424 data/objects/space/3d/asteroid/angular_smooth_01/angular_smooth_01_00900_cluster_01.cgf
    [0.84688068382493553, -0.14160625540395316, 0.51258255161670996, 25543.309965663138]
    [0.47277847882263346, -0.2408015702026928, -0.84764096773179365, -4496.9526934888227]
    [0.24346193491711071, 0.96018871512094184, -0.13698180181333763, 26232.378203543332]
  #425 data/objects/space/3d/asteroid/angular_smooth_01/angular_smooth_01_03500_cluster_01.cgf
    [0.56163525247163071, 0.052322782363710935, 0.82572879463735116, 25985.5490351384]
    [-0.34774657706827256, -0.89064308304802997, 0.29296260754984793, -26866.275133644725]
    [0.75075830597125803, -0.45168251873503584, -0.4820215150288904, 28106.792711653681]
  #426 data/objects/space/3d/asteroid/angular_smooth_01/angular_smooth_01_01300_cluster_01.cgf
    [0.51866757620868742, -0.80180697704430315, -0.29680014762631007, 32293.144957248383]
    [-0.85444066145877051, -0.49839576663730062, -0.14674340367469366, -28262.727057894655]
    [-0.030264039945485793, 0.32970902632353211, -0.94359782562545391, 24412.171009894664]
  #427 data/objects/space/3d/asteroid/angular_smooth_01/angular_smooth_01_00800_cluster_01.cgf
    [0.14686860829106324, -0.0940806424686077, -0.46859199316061922, 4154.900910350214]
    [0.10476270259919108, 0.48463278212294414, -0.064465914084808423, -7018.1579592666349]
    [0.46632006120867375, -0.079245887258396389, 0.16206696551077232, 2901.6243437000135]
  #428 data/objects/space/3d/asteroid/angular_smooth_01/angular_smooth_01_03500_cluster_01.cgf
    [-0.40686240954533875, 0.47447893983886541, 0.78059700308754021, 30061.755077191581]
    [0.78974722189409408, 0.61215605199598322, 0.039538075271226499, -24728.269818317454]
    [-0.45908743294760657, 0.63256119825276913, -0.62378203345038685, 25396.135244572441]
  #429 data/objects/space/3d/asteroid/angular_smooth_01/angular_smooth_01_00800_cluster_01.cgf
    [0.2281412145046105, 0.037342360001868566, 0.44334750268600492, 5217.1512501972811]
    [-0.31222397947962666, -0.34151380060219583, 0.1894317406883394, -4208.9356526655256]
    [0.31696631781047646, -0.36328190966768414, -0.13250841945300518, 5810.4574605642301]
  #430 data/objects/space/3d/asteroid/angular_smooth_01/angular_smooth_01_03500_cluster_01.cgf
    [-0.097296619422467256, -0.67581798547145999, -0.73061799161034024, 24710.01586117741]
    [0.9921940793882017, -0.12339564158161441, -0.01799043546250953, -26733.972670808533]
    [-0.077996845951798163, -0.72666553341577267, 0.68254884504305779, 30135.305170961085]
  #431 data/objects/space/3d/asteroid/angular_smooth_01/angular_smooth_01_02200_column_01.cgf
    [-0.28529563661730795, 1.1653950118211285, 0.021507047053503762, 23833.819537788928]
    [0.45191211086575794, 0.13100311645653273, -1.1039091060657737, -9281.4774997541172]
    [-1.0744224172565391, -0.25435081447581959, -0.47002533909940142, 28146.672766052496]
  #432 data/objects/space/3d/asteroid/angular_smooth_01/angular_smooth_01_03500_cluster_01.cgf
    [-0.50445110047591391, 0.77516468338661626, 0.38032981941018812, 22225.802205212167]
    [0.65068842355739431, 0.051743588411890966, 0.75758111590804167, -3581.1764632743689]
    [0.56756993696887459, 0.62963821783799601, -0.53049227323379544, 24382.276882484413]
  #433 data/objects/space/3d/asteroid/angular_smooth_01/angular_smooth_01_03400_01.cgf
    [-0.30454613289270166, -0.91672127763010691, 0.25860026712093598, 4915.1437499456033]
    [0.91100894177866798, -0.20108402118077723, 0.36003926244199286, -5488.918786511952]
    [-0.27805522295779023, 0.34523566102111647, 0.8963804869696238, 6672.9640956998983]
  #434 data/objects/space/3d/asteroid/angular_smooth_01/angular_smooth_01_03500_cluster_01.cgf
    [-0.53599983313707245, -0.72328007244157477, 0.43539395691883487, 11061.382853168068]
    [0.788340667910159, -0.24431149753541861, 0.56464915259518877, -25805.065126652753]
    [-0.30202806530435911, 0.64589133065587034, 0.70114279486249742, 32060.525351097407]
  #435 data/objects/space/3d/asteroid/angular_smooth_01/angular_smooth_01_03900_column_01.cgf
    [-0.65304735806133862, -0.96215224168948077, -0.29629552180336588, 10122.856225384006]
    [-0.54633780763651052, 0.63534368653431783, -0.85898325026023004, -25390.506539199443]
    [0.84560213598107303, -0.33256621610230463, -0.78380837188139185, 29900.175194320873]
  #436 data/objects/space/3d/asteroid/angular_smooth_01/angular_smooth_01_03400_01.cgf
    [0.39168924734797744, 0.80635896377066751, 0.24397990972377154, 4546.1246798212596]
    [-0.76211801902642695, 0.22447897354614874, 0.481608509892684, -6587.5012129679617]
    [0.359050274860442, -0.40318215892138909, 0.75610084521859777, 5199.4711079156559]
  #437 data/objects/space/3d/asteroid/angular_smooth_01/angular_smooth_01_03500_cluster_01.cgf
    [0.053159851850941325, 0.98544089750524277, 0.16149112716007447, 10691.452078908686]
    [-0.82212602235248589, -0.048605533855849592, 0.5672260765564745, -29235.529613257018]
    [0.56681738681717375, -0.16291978418483502, 0.80757309910564823, 27982.636316142529]
  #438 data/objects/space/3d/asteroid/angular_smooth_01/angular_smooth_01_02200_column_01.cgf
    [0.21907057519746831, 0.86254835257526563, -0.45609011687932288, 24286.168987252371]
    [0.21292465180042816, -0.49844090223816206, -0.84036868801397058, -28006.626766787165]
    [-0.9521927052340643, 0.086987232444486876, -0.29285157614964635, 25251.894626635574]
  #439 data/objects/space/3d/asteroid/angular_smooth_01/angular_smooth_01_02200_column_01.cgf
    [0.56584410551958442, 0.74086139620149072, -0.36186245102746101, 29543.096323087622]
    [-0.74342762858756384, 0.26864166288099572, -0.61249213187900409, -28594.184527993439]
    [-0.3565605178618283, 0.61559373143282869, 0.7027862751357582, 27898.475688580002]
  #440 data/objects/space/3d/asteroid/angular_smooth_01/angular_smooth_01_02200_column_01.cgf
    [-0.46423699330514473, -0.3137690329068929, 0.39539196249702802, 5314.8531091326422]
    [0.49644987633059817, -0.18673122403207351, 0.43470767906076418, -5449.9528105250529]
    [-0.091232287650325969, 0.58050171397829287, 0.35354805292906277, 4049.5515960852849]
  #441 data/objects/space/3d/asteroid/angular_smooth_01/angular_smooth_01_01700_column_01.cgf
    [-0.61091851022324339, -0.63670951474947124, 0.47050864852201557, 4582.5124727696102]
    [0.77975773918811253, -0.38111180305866643, 0.49671972216283478, -6006.8595531998399]
    [-0.13694985462848946, 0.67033842798751508, 0.72930785675211962, 3872.6820735039473]
  #442 data/objects/space/3d/asteroid/angular_smooth_01/angular_smooth_01_00800_cluster_01.cgf
    [-0.33847187956925501, -0.091735350539153007, 0.35640082623426278, 5963.1845958028507]
    [0.36195648990248147, 0.0045375504923221063, 0.34491599961607344, -4793.9716134262999]
    [-0.066516335561133316, 0.49149178307998104, 0.063336727153606276, 4320.0888526958315]
  #443 data/objects/space/3d/asteroid/angular_smooth_01/angular_smooth_01_01300_cluster_01.cgf
    [0.84343823243557381, 0.52551517991110486, -0.11154745377755165, 5055.3419613314018]
    [0.31635964635287916, -0.65367473885056016, -0.68747581822449155, -3719.461875565938]
    [-0.4341953626200275, 0.54455506807572007, -0.71758710663417857, 7458.2817921426304]
  #444 data/objects/space/3d/asteroid/angular_smooth_01/angular_smooth_01_02200_column_01.cgf
    [-0.29896548420021557, -0.92323231458786903, 0.70587870549175036, 35523.205310242593]
    [-1.1167064925018437, 0.026358294901573587, -0.43849157825796786, -23571.645248715166]
    [0.32185285950292947, -0.76612684843938228, -0.8657155440669756, 21902.260197102463]
  #445 data/objects/space/3d/asteroid/angular_smooth_01/angular_smooth_01_03500_cluster_01.cgf
    [-0.82544484399042328, 0.31061057730743402, -0.47133749144679299, 9325.3578074861816]
    [0.5588472759559695, 0.56734364261848802, -0.60482068862263982, -30937.341679474524]
    [0.079546739312215273, -0.76265287811304716, -0.64189567362591504, 26984.159773390191]
  #446 data/objects/space/3d/asteroid/angular_smooth_01/angular_smooth_01_02200_column_01.cgf
    [0.92481563242720433, -0.36628058533966579, 0.10272620059899666, 13022.849149501315]
    [-0.056207596397939062, -0.39864323095213855, -0.91538099936103623, -29895.929920265909]
    [0.37623775141981686, 0.84078546650573993, -0.38925961412313043, 31115.311091839667]
  #447 data/objects/space/3d/asteroid/angular_smooth_01/angular_smooth_01_01300_cluster_01.cgf
    [-0.29124727743621398, 0.70247090346493646, 0.64938679779172259, 28705.41373460351]
    [-0.86533270222864733, -0.48287634076919528, 0.13425093651091591, -4245.1103042819868]
    [0.40788221071125297, -0.52283709631733921, 0.74850987493472199, 25765.463094449195]
  #448 data/objects/space/3d/asteroid/angular_smooth_01/angular_smooth_01_02200_column_01.cgf
    [0.32625382302180067, 0.56632905503950737, 0.75685425650759597, 12673.499089843302]
    [0.93352067569275554, -0.31893694300042946, -0.16375865062838552, -27327.386400763182]
    [0.14864761091167319, 0.75996654467124225, -0.63273474692216203, 25798.784590758511]
  #449 data/objects/space/3d/asteroid/angular_smooth_01/angular_smooth_01_00800_cluster_01.cgf
    [-0.40268587467912975, -0.21249910225330132, 0.20661172484778881, 2960.1356768477344]
    [0.072413037594535865, 0.26745100933740495, 0.41620487330144146, -7915.9498840807719]
    [-0.28740324509192605, 0.3651222755667991, -0.18462200725993061, 4277.0463389790766]
  #450 data/objects/space/3d/asteroid/angular_smooth_01/angular_smooth_01_03500_cluster_01.cgf
    [-0.35863748540223828, 0.40268256878171182, 0.842155754238892, 38150.457588883852]
    [-0.18609156047138178, 0.85322062989638514, -0.48722161217919807, -8351.8948723877038]
    [-0.91474012523756776, -0.33145394408957152, -0.23106102605541612, 19781.243147875117]
  #451 data/objects/space/3d/asteroid/angular_smooth_01/angular_smooth_01_03900_column_01.cgf
    [0.22406487593561181, -0.6000176351238703, 0.76796665058430458, 31942.714674709801]
    [-0.077595520496972784, -0.79648416508888942, -0.59965900098207225, -4979.1344149956185]
    [0.97147973425497702, 0.074771784787921278, -0.22502291800806878, 23950.564455308067]
  #452 data/objects/space/3d/asteroid/angular_smooth_01/angular_smooth_01_01400_01.cgf
    [0.76040032053746154, -0.62301593798520849, -0.18341532600307078, 32867.959137082013]
    [-0.50278257335501952, -0.74347462775588036, 0.44096921670751099, -2942.7159972090885]
    [-0.41109576101792428, -0.24309526356871336, -0.8785804780288643, 23580.479879446055]
  #453 data/objects/space/3d/asteroid/angular_smooth_01/angular_smooth_01_01400_01.cgf
    [-0.82500421835724247, -0.14887183279230554, -0.32742351505479944, 19879.427780991762]
    [-0.35959051124569524, 0.32321475256220961, 0.75909671917696664, -25648.414578814856]
    [-0.0079777836420997211, 0.82666216935591941, -0.35576249639464574, 27175.89345834127]
  #454 data/objects/space/3d/asteroid/angular_smooth_01/angular_smooth_01_01400_01.cgf
    [0.13191072323064462, -0.70564318666458803, -0.54283228869672551, 8795.9519033648776]
    [-0.17457582808519137, -0.55860674621912576, 0.68372613140640048, -27848.614106723908]
    [-0.87299626619261639, 0.0050828764925056188, -0.21874945261971276, 22141.573731983503]
  #455 data/objects/space/3d/asteroid/angular_smooth_01/angular_smooth_01_02200_column_01.cgf
    [0.72824339508302438, 0.14941686497567225, 0.94198613745147353, 12940.18481803955]
    [-0.83398101407039316, 0.67479245971067625, 0.5377104515068386, -22174.697161687545]
    [-0.46275150011644822, -0.98098494481332965, 0.51335300949884355, 37224.129351785814]
  #456 data/objects/space/3d/asteroid/angular_smooth_01/angular_smooth_01_01400_01.cgf
    [-0.53275209858779604, 0.030278127745718128, 0.8457288932537963, 29376.184160973542]
    [0.72249003482773178, -0.50410281860729034, 0.47316743579898474, -4116.2039621438053]
    [0.44066117990889586, 0.8631121061056769, 0.24668632160884113, 25939.724918738328]
  #457 data/objects/space/3d/asteroid/angular_smooth_01/angular_smooth_01_03400_01.cgf
    [0.38737770577177161, -0.12121000407839246, -0.74682439511176468, 35171.289689862308]
    [0.45364822673199273, -0.63426424483572175, 0.33824870030441889, -6991.1290780155487]
    [-0.60550956111828291, -0.55273595123352182, -0.22436837736199952, 22168.762364539041]
  #458 data/objects/space/3d/asteroid/angular_smooth_01/angular_smooth_01_01300_cluster_01.cgf
    [0.43912899066794808, -0.76923977227500906, -0.46415096616337231, 31452.013698217728]
    [0.63242982972083017, 0.63161295489955682, -0.44843929663610288, -3585.7913222749698]
    [0.63812103641815598, -0.096620210300398038, 0.7638496546620126, 23395.793408619196]
  #459 data/objects/space/3d/asteroid/angular_smooth_01/angular_smooth_01_02200_column_01.cgf
    [-0.60716585755361896, 0.1814623091957441, 1.0190293913741935, 39898.543843390595]
    [0.92420653160329969, 0.62698036907507437, 0.43901907983391253, -9518.866225648082]
    [-0.46603836439172064, 1.0069592324705923, -0.45699146138550345, 20800.562552055679]
  #460 data/objects/space/3d/asteroid/angular_smooth_01/angular_smooth_01_03500_cluster_01.cgf
    [-0.71385046285643805, 0.22508756429047685, -0.66313928716197035, 33666.803447566577]
    [-0.69562631185131818, -0.33711542961609758, 0.63439564190743247, -6438.751498592178]
    [-0.080759891258212799, 0.91416048077610035, 0.39722671668384441, 19837.176301555646]
  #461 data/objects/space/3d/asteroid/angular_smooth_01/angular_smooth_01_02200_column_01.cgf
    [-0.34548811408315894, 0.21027259167499837, -1.1297903187130316, 33453.085468175734]
    [-1.1260315080448584, 0.17371231931890427, 0.37666940020025652, 11123.677948793647]
    [0.22955123601853311, 1.1685941260109423, 0.14729821022414802, 11920.150909234126]
  #462 data/objects/space/3d/asteroid/angular_smooth_01/angular_smooth_01_01300_cluster_01.cgf
    [-0.73549630561524104, -0.40360786397859433, -0.54419189487811437, 40434.943211868711]
    [0.10389519588139288, 0.72651570368779872, -0.67924933747325422, 3488.9704154506094]
    [0.66951468586518936, -0.55612459603916475, -0.49241695846221312, 17168.083085325459]
  #463 data/objects/space/3d/asteroid/angular_smooth_01/angular_smooth_01_03500_cluster_01.cgf
    [-0.82323027222862066, 0.23638662805809996, 0.51615295264514061, 22716.232682381604]
    [-0.50157751304567155, -0.72872255714707801, -0.46624459533009832, 14123.471486547769]
    [0.26591823340247744, -0.64271719001667404, 0.71847247432574701, 24414.339112031852]
  #464 data/objects/space/3d/asteroid/angular_smooth_01/angular_smooth_01_03500_cluster_01.cgf
    [-0.53189802658291352, 0.31768155734019915, -0.78496020451883641, 19238.628897936484]
    [-0.54612340359216049, 0.5797429518694639, 0.6046874755125492, 8421.386228484138]
    [0.64717333273340449, 0.75031736160023066, -0.13487082529276681, 2747.9646353034641]
  #465 data/objects/space/3d/asteroid/angular_smooth_01/angular_smooth_01_03400_01.cgf
    [0.25673699523706484, 0.01939327888683505, -0.81006738736888573, 20880.715303247987]
    [-0.18911767730926113, -0.82485391396098795, -0.079684884516330767, 10185.725755776633]
    [-0.78792117338842027, 0.20430143764851053, -0.24482708830715261, 4229.7019779768616]
  #466 data/objects/space/3d/asteroid/angular_smooth_01/angular_smooth_01_03500_cluster_01.cgf
    [-0.19264741992643156, -0.8021185346730183, -0.56523693820707188, 40349.030836458522]
    [-0.52077527288484693, -0.40463625386679059, 0.75170644908259865, 2145.6357076765485]
    [-0.83167304581272106, 0.43917573563969398, -0.3397713738353062, 15407.026233841134]
  #467 data/objects/space/3d/asteroid/angular_smooth_01/angular_smooth_01_01400_01.cgf
    [0.28359765857226293, 0.69604447452002072, 0.49507059267896436, 44409.591960767044]
    [-0.52266650664583492, -0.27116703821688204, 0.68065306464332198, 1729.5360427565665]
    [0.67556829786187589, -0.50198701284779756, 0.31877413328119231, 20200.060072911325]
  #468 data/objects/space/3d/asteroid/angular_smooth_01/angular_smooth_01_01300_cluster_01.cgf
    [-0.51679021516485713, -0.82389158017405817, -0.23265823009996989, 27438.341000175649]
    [0.49701069727847619, -0.51000420740367003, 0.70205084547090568, 4145.7597298857718]
    [-0.69707069562973301, 0.24717946305052149, 0.67304834354259568, 13566.034271057386]
  #469 data/objects/space/3d/asteroid/angular_smooth_01/angular_smooth_01_00900_cluster_01.cgf
    [0.2605910766146754, 0.1021446616638868, -0.96002981491740735, 38276.949387311048]
    [0.55604439781858006, -0.82877932264664922, 0.062753076864095425, 6232.3772355446199]
    [-0.78924356512508498, -0.55017250848702759, -0.27276966924809376, 12702.979323862119]
  #470 data/objects/space/3d/asteroid/angular_smooth_01/angular_smooth_01_02200_column_01.cgf
    [-0.8173063407333524, 0.050661915719116865, 0.87717874290949904, 26039.065162092662]
    [0.07306033385444341, 1.1977728495606013, -0.0011044419938176138, 8199.9004017993866]
    [-0.8755977183237158, 0.05265360833513253, -0.81887426660944473, 4466.9148629677329]
  #471 data/objects/space/3d/asteroid/angular_smooth_01/angular_smooth_01_02200_column_01.cgf
    [-0.053616005861412915, 1.1362426720731342, -0.38220543883489039, 26644.072209936072]
    [-0.89116628771738227, 0.21812387454322663, 0.77346474152974076, 4659.0705811216976]
    [0.80184228807845181, 0.3183985692708951, 0.83407096792464763, 12863.59626183563]
  #472 data/objects/space/3d/asteroid/angular_smooth_01/angular_smooth_01_02200_column_01.cgf
    [-0.20703989122004679, -0.72627046720292909, -0.93255904672394163, 28547.412756693964]
    [-0.98105589532338611, -0.42248955960408102, 0.5468387202741003, 1766.1686181474442]
    [-0.65929090499494769, 0.85675811301009885, -0.52086631883483703, 21331.772235253764]
  #473 data/objects/space/3d/asteroid/angular_smooth_01/angular_smooth_01_00800_cluster_01.cgf
    [0.19674582550520017, -0.83931828937856878, -0.50678452938035545, 4243.8896248629917]
    [-0.094411496960173105, -0.53070366203035657, 0.8422795036730184, 10093.260029604882]
    [-0.97589559858950825, -0.11786900432497137, -0.18365551565750302, 15703.736504558437]
  #474 data/objects/space/3d/asteroid/angular_smooth_01/angular_smooth_01_03900_column_01.cgf
    [-0.76317435943405953, -0.047678758157837828, 0.23513769897784231, 3119.4150295437717]
    [0.23976960215534499, -0.12354129941445954, 0.75315747993292181, 4499.2680834696621]
    [-0.0085755082843845289, 0.78896285572716807, 0.13214453185111807, 15727.580543042612]
  #475 data/objects/space/3d/asteroid/angular_smooth_01/angular_smooth_01_03400_01.cgf
    [0.63874608197900462, -0.2121325125095401, -0.1315511199797848, 12909.657124456686]
    [0.15496995805820452, 0.6203520398122504, -0.24789133925027237, 5144.7831102323853]
    [0.19567884947276304, 0.20116063509604737, 0.6257368808307896, 5912.497520210668]
  #476 data/objects/space/3d/asteroid/angular_smooth_01/angular_smooth_01_00800_cluster_01.cgf
    [-0.28107264585574987, -0.31753731572773319, -0.2648928744916681, 11033.122256258321]
    [-0.1674285521364865, -0.20547539898923492, 0.42396645436175612, 4183.1288016592362]
    [-0.37810826725359037, 0.32703199784581494, 0.0091774018026223869, 9616.1545417369289]
  #477 data/objects/space/3d/asteroid/angular_smooth_01/angular_smooth_01_01300_cluster_01.cgf
    [0.57456878495446684, -0.42524806522923925, 0.69930997840270792, 14403.53797875642]
    [0.72873140342389997, -0.12315749015692645, -0.67363374752230121, 3659.1581714778245]
    [0.37258677450848993, 0.89665822204220857, 0.23912921156630843, 7135.7405170625043]
  #478 data/objects/space/3d/asteroid/angular_smooth_01/angular_smooth_01_01300_cluster_01.cgf
    [0.6134516620212227, -0.77402713169103066, -0.15670391372509018, 13751.754829069356]
    [-0.7546751298588199, -0.63302727852723295, 0.17244991104718876, 3764.3697825347654]
    [-0.23267910422549304, 0.012470880232202821, -0.97247209235548826, 10551.718051143715]
  #479 data/objects/space/3d/asteroid/angular_smooth_01/angular_smooth_01_03400_01.cgf
    [-0.7720299924657803, 0.51663595334975621, -0.014781265197656088, 12669.547924327611]
    [-0.48075781918964028, -0.72758271211244552, -0.32040102946820725, 4423.6951931687408]
    [-0.1897448639159334, -0.25859658176908368, 0.87194391899710888, 7090.3165265527796]
  #480 data/objects/space/3d/asteroid/angular_smooth_01/angular_smooth_01_00800_cluster_01.cgf
    [-0.28107361113688067, 0.29860271248213105, 0.28606667123474372, 11005.293262542753]
    [-0.16742780210299091, 0.23409640632900788, -0.40886048818312742, 4109.4018175404453]
    [-0.37810798904013498, -0.32563075378823997, -0.0316078468401014, 9095.8691370674605]
  #481 data/objects/space/3d/asteroid/angular_smooth_01/angular_smooth_01_00800_cluster_01.cgf
    [-0.69340495822400017, -0.35782734208971495, 0.62541618084755601, 20701.666271522718]
    [0.28509193343483208, -0.93339025578362811, -0.21794830121183037, 15322.063338485368]
    [0.66174647373697582, 0.02717472656244296, 0.74923252788136108, 17620.391280256918]
  #482 data/objects/space/3d/asteroid/angular_smooth_01/angular_smooth_01_03900_column_01.cgf
    [0.7985904080686409, 0.35163537112671667, -0.82377674139794976, 14424.228224983646]
    [-0.32515888572735041, -0.91455032232877442, -0.70560017057521274, 6629.0397740671324]
    [-0.83458208279844859, 0.69278601851928101, -0.51334440035018658, 16729.262090806704]
  #483 data/objects/space/3d/asteroid/angular_smooth_01/angular_smooth_01_03400_01.cgf
    [0.85685852420606035, -0.47853554233418949, -0.19182624890204289, 12756.363345636668]
    [0.39163080884986662, 0.84614726560954012, -0.36146952846760239, 3913.5537751647521]
    [0.33528925512832147, 0.23460316531094516, 0.91243771062526446, 8892.1098989733891]
  #484 data/objects/space/3d/asteroid/angular_smooth_01/angular_smooth_01_01300_cluster_01.cgf
    [-0.91026132553433281, -0.32070184496610193, 0.26186423464831787, 11920.866575000524]
    [0.39984151492448949, -0.84507352997698348, 0.35493058954006945, 2648.3779459981265]
    [0.10746773327608689, 0.42778415945861109, 0.8974684566807466, 8175.7313289329077]
  #485 data/objects/space/3d/asteroid/angular_smooth_01/angular_smooth_01_00900_cluster_01.cgf
    [0.4820467909024635, 0.069593116849413716, 0.1130817044632403, 14179.275516477064]
    [0.058153071697935099, -0.4934624806919215, 0.055792318628650299, 3832.2028087870735]
    [0.11936873145519555, -0.040636937053004724, -0.48383832807480082, 10572.869033543871]
  #486 data/objects/space/3d/asteroid/angular_smooth_01/angular_smooth_01_02200_column_01.cgf
    [0.39403179287806928, -0.52506369000527542, 0.19836681477186033, 14348.590807321796]
    [0.49975335673005322, 0.21786143743541195, -0.4160352173542709, 3890.0183508138775]
    [0.2555148805876748, 0.38359723810269447, 0.5078066859363376, 6768.9429621505678]
  #487 data/objects/space/3d/asteroid/angular_smooth_01/angular_smooth_01_01700_column_01.cgf
    [-1.0937276410518706, 1.0565199776549528, -0.46408431159715169, 11290.543280778189]
    [-0.75225045655066525, -1.1376675126490663, -0.81711733890409877, 3931.9466142731862]
    [-0.87505883349289126, -0.34253033695481411, 1.2824951736545422, 8261.7810383888136]
  #488 data/objects/space/3d/asteroid/angular_smooth_01/angular_smooth_01_00800_cluster_01.cgf
    [0.29842759966506149, 0.13966852139951014, -0.37607674578160483, 14308.253300836219]
    [-0.31093007719286725, -0.21565874878555638, -0.32682386387554918, 4275.1867864106753]
    [-0.25350246879358956, 0.42893362543845925, -0.041862753292541827, 6082.7147161674429]
  #489 data/objects/space/3d/asteroid/angular_smooth_01/angular_smooth_01_02200_column_01.cgf
    [-0.10018906885531538, 0.72267869819552466, -0.6838841129116815, 12652.302589008148]
    [0.97998456734490424, -0.047162534906155143, -0.19340572200355755, 9106.9582370648768]
    [-0.17202391834973571, -0.68957307423674707, -0.703488860636724, 12156.995218897613]
  #490 data/objects/space/3d/asteroid/angular_smooth_01/angular_smooth_01_03500_cluster_01.cgf
    [0.24750359051436616, 0.76540104560097577, 0.59405621411370346, 15686.81758064488]
    [-0.49554783128992452, -0.42686651050635666, 0.75645019833671501, 8292.3628874679325]
    [0.832570653481148, -0.48160751141643959, 0.27364189255469379, 15563.485818659829]
  #491 data/objects/space/3d/asteroid/angular_smooth_01/angular_smooth_01_03500_cluster_01.cgf
    [0.6114783495926549, -0.57558635267919189, -0.54294968444161229, 10421.424707773951]
    [-0.63513984376327426, 0.052190285678061464, -0.77063177600689736, 3948.5059420551524]
    [0.47190188396545441, 0.81607371354348002, -0.33366463285692666, 12642.825167565805]
  #492 data/objects/space/3d/asteroid/angular_smooth_01/angular_smooth_01_01300_cluster_01.cgf
    [0.98374189958330749, -0.019242994082422523, 0.17855365572316392, 19302.939741413007]
    [-0.15771405223958093, 0.38296722893174762, 0.91019899202297838, 12621.567906548285]
    [-0.085895160047193816, -0.92356138644500452, 0.37370605124534001, 17334.69193648886]
  #493 data/objects/space/3d/asteroid/angular_smooth_01/angular_smooth_01_01400_01.cgf
    [1.0560563779055312, -0.15541154437127813, 0.26569127554279881, 11574.896695806812]
    [-0.070569822568032112, -1.04644989422174, -0.33160547999754308, 7707.4074020710232]
    [0.29960724651807352, 0.30131303672064819, -1.0146159998119557, 16193.768395598625]
  #494 data/objects/space/3d/asteroid/angular_smooth_01/angular_smooth_01_03900_column_01.cgf
    [0.29915530282794006, 0.38721136647519583, 0.63290827105768954, 16512.845933999248]
    [-0.65558402623417, -0.18161124373833917, 0.42098260986091485, 12657.266177373222]
    [0.34744079560036878, -0.67607997376872786, 0.24939963859708703, 14807.836118478142]
  #495 data/objects/space/3d/asteroid/angular_smooth_01/angular_smooth_01_03500_cluster_01.cgf
    [0.16875763492995205, -0.57430896266583908, 0.80105580098143947, 11256.791105659669]
    [0.16150660899581451, 0.81783947690179548, 0.55231741372434517, 5826.3326749083608]
    [-0.97233574249587318, 0.036168019771121267, 0.23077131200024334, 13881.890172133051]
  #496 data/objects/space/3d/asteroid/angular_smooth_01/angular_smooth_01_01700_column_01.cgf
    [0.63039139403503441, -0.77514752377793406, 0.041866212977799862, 13906.681764725141]
    [0.66717781764197626, 0.51343607555966075, -0.539682248218323, 4607.3256192575627]
    [0.3968377792683746, 0.3681432951670191, 0.84082701208424149, 6359.1405144374348]
  #497 data/objects/space/3d/asteroid/angular_smooth_01/angular_smooth_01_01300_cluster_01.cgf
    [-0.21077738794656284, -0.92491520871009092, -0.3163949706199039, 14877.311692667579]
    [0.853464616147808, -0.33193247536011544, 0.40177109003928818, 12315.154483949007]
    [-0.47662571239965185, -0.1853475559710786, 0.85934582199569054, 14297.968873504609]
  #498 data/objects/space/3d/asteroid/angular_smooth_01/angular_smooth_01_02200_column_01.cgf
    [0.30516386215725771, 1.143964176301538, -0.53685780895042234, 11266.486923242996]
    [-0.96936632884929119, -0.14239193006035988, -0.85442892343715271, 2795.65436135138]
    [-0.81067827415415084, 0.60088753361296121, 0.81959150448379992, 7988.024586571838]
  #499 data/objects/space/3d/asteroid/angular_smooth_01/angular_smooth_01_02200_column_01.cgf
    [-0.98484687319185138, -0.6522982663985567, 0.21115782565317481, 20448.110497161564]
    [0.35362394206906128, -0.16663848340482978, 1.1345420850550152, 12589.117572451873]
    [-0.5873931930799644, 0.99334918675100436, 0.32898426895726784, 17060.280258193026]
  #500 data/objects/space/3d/asteroid/angular_smooth_01/angular_smooth_01_01300_cluster_01.cgf
    [0.66302407168236932, 0.72724269363892546, -0.1775310042663642, -1290.5086677529282]
    [-0.73238526006864679, 0.67924865143683633, 0.047256882172985563, -6925.6589458159215]
    [0.15495490879996229, 0.098688634742459716, 0.98297998055339664, 22989.242758407177]
  #501 data/objects/space/3d/asteroid/angular_smooth_01/angular_smooth_01_00800_cluster_01.cgf
    [0.2281412145046105, 0.037342360001868566, 0.44334750268600492, 32272.783123197281]
    [-0.31222397947962666, -0.34151380060219583, 0.1894317406883394, -2084.9256886655257]
    [0.31696631781047646, -0.36328190966768414, -0.13250841945300518, 15930.20097356423]
  #502 data/objects/space/3d/asteroid/angular_smooth_01/angular_smooth_01_00800_cluster_01.cgf
    [0.074831928534666775, 0.1848578705318559, -0.45850567028433054, 32214.39300781818]
    [0.18342718708959568, 0.42024531754663591, 0.19936910398855381, -1378.3552886287075]
    [0.45907989393661547, -0.1980432788337638, -0.0049203862237732071, 17428.533307917744]
  #503 data/objects/space/3d/asteroid/angular_smooth_01/angular_smooth_01_01300_cluster_01.cgf
    [-0.67694233468178244, -0.005578790903482676, 0.73601416261002284, 32575.922108843035]
    [0.72391310544309961, 0.1756910423804654, 0.66714418857537372, -3079.3665674030908]
    [-0.13303302687004342, 0.98442898660808498, -0.11489420804580849, 14465.693050347136]
  #504 data/objects/space/3d/asteroid/angular_smooth_01/angular_smooth_01_01300_cluster_01.cgf
    [0.84343823243557381, 0.52551517991110486, -0.11154745377755165, 32110.973834331402]
    [0.31635964635287916, -0.65367473885056016, -0.68747581822449155, -1595.4519115659382]
    [-0.4341953626200275, 0.54455506807572007, -0.71758710663417857, 17578.02530514263]
  #505 data/objects/space/3d/asteroid/angular_smooth_01/angular_smooth_01_00900_cluster_01.cgf
    [-0.00541294558683125, 0.49996846730478028, -0.001360771471151122, 31807.041576412361]
    [0.46271047964212347, 0.0044940328324624256, -0.18941603859301531, -3000.2110184584722]
    [-0.18939200623955574, -0.0033098863762136936, -0.46273030223095013, 14360.919399703676]
  #506 data/objects/space/3d/asteroid/angular_smooth_01/angular_smooth_01_00800_cluster_01.cgf
    [0.36615690258197781, 0.19621978992364136, 0.27825689289236843, 32040.341463257657]
    [0.074742970982292947, 0.35233093032128054, -0.34680886023269647, -3739.439733202702]
    [-0.33217855543146235, 0.29556842065667971, 0.22868471249780536, 13585.414544002073]
  #507 data/objects/space/3d/asteroid/angular_smooth_01/angular_smooth_01_00800_cluster_01.cgf
    [0.019255955714436144, 0.27167648024415592, 0.4193103396249398, 32226.749366265594]
    [-0.14165194436292347, 0.40537229143113152, -0.25614077118410672, -1688.9448626032654]
    [-0.47912837266482017, -0.10892776545368246, 0.092578653509006265, 17833.371116838884]
  #508 data/objects/space/3d/asteroid/angular_smooth_01/angular_smooth_01_00900_cluster_01.cgf
    [-0.00541294558683125, 0.49996846730478028, -0.001360771471151122, 32096.983814108873]
    [0.46271047964212347, 0.0044940328324624256, -0.18941603859301531, -1233.8721344788169]
    [-0.18939200623955574, -0.0033098863762136936, -0.46273030223095013, 17339.51571250628]
  #509 data/objects/space/3d/asteroid/angular_smooth_01/angular_smooth_01_00800_cluster_01.cgf
    [-0.33847187956925501, -0.091735350539153007, 0.35640082623426278, 33018.816468802848]
    [0.36195648990248147, 0.0045375504923221063, 0.34491599961607344, -2669.9616494263]
    [-0.066516335561133316, 0.49149178307998104, 0.063336727153606276, 14439.832365695831]
  #510 data/objects/space/3d/asteroid/angular_smooth_01/angular_smooth_01_00800_cluster_01.cgf
    [0.30065551396790008, 0.038800810751109506, 0.39761892132560966, 33697.531731214061]
    [0.34247985268051206, 0.23119707824759689, -0.28152354982860012, -3566.2959153633979]
    [-0.20570333011164293, 0.44163611229746386, 0.11244435017442754, 16964.346879208006]
  #511 data/objects/space/3d/asteroid/angular_smooth_01/angular_smooth_01_02200_column_01.cgf
    [0.34969594431317097, 1.0595695751854548, 0.44161620007106661, 22519.74588092717]
    [0.34850726145192235, -0.53785967397011802, 1.0145193276251634, 15557.854981208933]
    [1.0937345388800588, -0.16738904609037875, -0.46446256254164536, 17547.481396717521]
  #512 data/objects/space/3d/asteroid/angular_smooth_01/angular_smooth_01_01300_cluster_01.cgf
    [-0.73202041756263603, 0.66874506521411536, -0.13009427793558262, -6391.934988847901]
    [-0.3723940360136207, -0.55266907772974805, -0.74557222828591452, -8542.7872797953787]
    [-0.57049729652409231, -0.49732816469762331, 0.65360225396305349, 23501.169807394777]
  #513 data/objects/space/3d/asteroid/angular_smooth_01/angular_smooth_01_00800_cluster_01.cgf
    [0.19725876856592417, 0.017915174507066249, -0.9801855092614532, -6938.4392959716979]
    [0.2764498900466747, 0.95823815035002469, 0.073148570231021851, -11396.739212544064]
    [0.94056368436004079, -0.28540199991598281, 0.18406863374002852, 24442.991282430452]
  #514 data/objects/space/3d/asteroid/angular_smooth_01/angular_smooth_01_02200_column_01.cgf
    [1.1886901813693138, -0.14825851321627825, -0.070975472990503732, -7100.5763391954715]
    [0.032422114853430974, 0.71946098823321436, -0.95985787732875161, -9147.9825854774153]
    [0.16114251759159656, 0.94889290832028272, 0.7166852791531696, 22780.520430965364]
  #515 data/objects/space/3d/asteroid/angular_smooth_01/angular_smooth_01_01300_cluster_01.cgf
    [-0.5980092336836883, -0.44134865171586901, 0.66902162522907949, 25925.197852553734]
    [-0.73584923158169224, 0.63316286907362151, -0.24005062085655843, 7475.2453855574349]
    [-0.31765464859845421, -0.63585356790818637, -0.70340555540082883, 27588.554088141598]
  #516 data/objects/space/3d/asteroid/angular_smooth_01/angular_smooth_01_01400_01.cgf
    [0.64853846319218389, 0.016327893689722057, 0.76100579925689082, 26316.211171049104]
    [-0.40952991061769467, -0.83525334541755014, 0.36692733086115981, 7709.9964195795037]
    [0.64162425057382699, -0.54962151860265551, -0.53500754407683559, 27051.043541868112]
  #517 data/objects/space/3d/asteroid/angular_smooth_01/angular_smooth_01_03900_column_01.cgf
    [0.47694501783206217, -0.7961474950068278, -0.37238603123640113, 25404.65577018496]
    [-0.69817329703206954, -0.60054660165925011, 0.38973910074223583, 10356.606269290482]
    [-0.53392531067277038, 0.074105907526661588, -0.84227716174256229, 25192.817105631442]
  #518 data/objects/space/3d/asteroid/angular_smooth_01/angular_smooth_01_01300_cluster_01.cgf
    [0.96112817812496654, 0.24138583365661884, -0.13403701857947425, 26130.746660766956]
    [-0.10749239089224609, -0.12002291961951554, -0.9869348015405417, 10975.844093743246]
    [-0.25431954101099619, 0.96297860614943009, -0.089410251000932722, 26449.518697469906]
  #519 data/objects/space/3d/asteroid/angular_smooth_01/angular_smooth_01_01700_column_01.cgf
    [-0.063598899544688878, -0.49235985082111766, -0.059471355221711694, 30091.757844301967]
    [0.46627832100416966, -0.07978803649739219, 0.16192060217655765, -5632.9605604069802]
    [-0.16893665130466154, -0.03486447112883341, 0.46930241989006366, 14742.066430443836]
  #520 data/objects/space/3d/asteroid/angular_smooth_01/angular_smooth_01_00900_cluster_01.cgf
    [0.47767167176257369, -0.13584963891309734, -0.058091489024907794, 30018.082423701249]
    [-0.072978474851399536, -0.046003821672655404, -0.49250153511869993, -5301.1284114711307]
    [0.1284674577405249, 0.47898694710095541, -0.063777647361711695, 13064.320643510262]
  #521 data/objects/space/3d/asteroid/angular_smooth_01/angular_smooth_01_01300_cluster_01.cgf
    [0.93725730710295929, 0.078359305168450036, -0.33971814167078518, 30654.671505918071]
    [0.058602533998528904, 0.92514103451963381, 0.37507288019999224, -5393.3801335985245]
    [0.34367766802002886, -0.37144816831704014, 0.86250320287107074, 13068.196095633954]
  #522 data/objects/space/3d/asteroid/angular_smooth_01/angular_smooth_01_00900_cluster_01.cgf
    [-0.00541294558683125, 0.49996846730478028, -0.001360771471151122, 30426.105652507635]
    [0.46271047964212347, 0.0044940328324624256, -0.18941603859301531, -5544.5633683814403]
    [-0.18939200623955574, -0.0033098863762136936, -0.46273030223095013, 15705.160643615194]
  #523 data/objects/space/3d/asteroid/angular_smooth_01/angular_smooth_01_00800_cluster_01.cgf
    [0.14686860829106324, -0.0940806424686077, -0.46859199316061922, 31210.532783350212]
    [0.10476270259919108, 0.48463278212294414, -0.064465914084808423, -4894.1479952666341]
    [0.46632006120867375, -0.079245887258396389, 0.16206696551077232, 13021.367856700013]
  #524 data/objects/space/3d/asteroid/angular_smooth_01/angular_smooth_01_00800_cluster_01.cgf
    [0.16018859460383778, 0.13585156473191312, -0.45374427676960621, 31424.724652138091]
    [-0.45836890465504904, -0.076204160200433607, -0.18463687442088061, -4316.7948222150872]
    [-0.11932084305188567, 0.47511807007361057, 0.10012621078094287, 18329.656111949418]
  #525 data/objects/space/3d/asteroid/angular_smooth_01/angular_smooth_01_00800_cluster_01.cgf
    [0.43214284340786291, 0.16039807388977409, -0.19371373597683311, 32479.614682801173]
    [-0.24287153243540008, 0.16613498186685596, -0.40424321547165665, -4551.1717725380131]
    [-0.065314411473518172, 0.44347673717438035, 0.2215003430275401, 18430.930461669115]
  #526 data/objects/space/3d/asteroid/angular_smooth_01/angular_smooth_01_00900_cluster_01.cgf
    [-0.00541294558683125, 0.49996846730478028, -0.001360771471151122, 31949.519905882917]
    [0.46271047964212347, 0.0044940328324624256, -0.18941603859301531, -4647.7032868668057]
    [-0.18939200623955574, -0.0033098863762136936, -0.46273030223095013, 18978.76698014083]
  #527 data/objects/space/3d/asteroid/angular_smooth_01/angular_smooth_01_00800_cluster_01.cgf
    [0.16018766754522937, -0.16668112751814104, 0.44334782425965197, 31536.290257389701]
    [-0.45836948362089286, 0.063348464604208579, 0.18943169982205285, -4648.73693898079]
    [-0.11932019121507496, -0.46712348917779495, -0.13250780432422626, 17936.878201026644]
  #528 data/objects/space/3d/asteroid/angular_smooth_01/angular_smooth_01_00800_cluster_01.cgf
    [0.049927969339437085, 0.19621942860407088, -0.4571708959301013, 30531.915763856632]
    [-0.33576880384322649, 0.35233107985433876, 0.11455223657338104, -5570.558765296274]
    [0.36710571040631945, 0.29556867286058397, 0.16695104486077339, 12643.86014529692]
  #529 data/objects/space/3d/asteroid/angular_smooth_01/angular_smooth_01_00800_cluster_01.cgf
    [0.48351514261993939, -0.055216450141434954, -0.11473349963541063, 31941.214147177187]
    [0.014861551748569441, -0.42298720027392639, 0.26619633380578411, -4706.3516325503551]
    [-0.12645855678614609, -0.26083039984977652, -0.40740061533748495, 18735.010462492872]
  #530 data/objects/space/3d/asteroid/angular_smooth_01/angular_smooth_01_02200_column_01.cgf
    [1.063090449856811, 0.23851068541901291, 0.70918846808668834, 32958.277056653336]
    [-0.28395644470350867, 1.2686073798083053, -0.00099413791654751472, -5162.0377948480545]
    [-0.69224588683323673, -0.15409381473572056, 1.0895171698167987, 17079.004311026394]
  #531 data/objects/space/3d/asteroid/angular_smooth_01/angular_smooth_01_00400_01.cgf
    [0.99839012102359082, 0.053344122871274456, -0.019276063176832187, 30540.379173470163]
    [-0.047662741881165024, 0.97325836105872199, 0.22471408829813749, -5293.2012736490806]
    [0.030747765656585362, -0.22343357625564711, 0.97423406208300012, 13360.883696070876]
  #532 data/objects/space/3d/asteroid/angular_smooth_01/angular_smooth_01_00800_cluster_01.cgf
    [-0.40268587467912975, -0.21249910225330132, 0.20661172484778881, 30015.767549847733]
    [0.072413037594535865, 0.26745100933740495, 0.41620487330144146, -5791.9399200807711]
    [-0.28740324509192605, 0.3651222755667991, -0.18462200725993061, 14396.789851979076]
  #533 data/objects/space/3d/asteroid/angular_smooth_01/angular_smooth_01_00800_cluster_01.cgf
    [0.39539510368141467, 0.044905283777717679, -0.30273141262728132, 32542.718355498291]
    [-0.3032794202808734, 0.12381723467370045, -0.37774457818684631, -4429.1407152587581]
    [0.041041271137282946, 0.48234105009246697, 0.12515113334219388, 16898.738022319063]
  #534 data/objects/space/3d/asteroid/angular_smooth_01/angular_smooth_01_03500_cluster_01.cgf
    [0.63278803256747651, -0.015234606393177004, 0.77417473626077038, 42211.607491868752]
    [0.77038621277766917, 0.11309751139249176, -0.62746581240407939, 697.39800188637037]
    [-0.077998068299595269, 0.99346674294707837, 0.083303311198664312, 14967.978974565704]
  #535 data/objects/space/3d/asteroid/angular_smooth_01/angular_smooth_01_02200_column_01.cgf
    [-0.47072112371517644, -0.79641079958779437, -0.37967258896970474, 39295.883293500723]
    [0.77272297480635022, -0.1644518374908846, -0.61306982488049688, 2384.0866055551433]
    [0.42581761438608068, -0.58196670374902759, 0.6928159408044432, 18749.591627251924]
  #536 data/objects/space/3d/asteroid/angular_smooth_01/angular_smooth_01_00800_cluster_01.cgf
    [0.0072991634067626062, -0.38210155723451594, -0.32240604181602056, 30539.046343823517]
    [0.27056645879953478, -0.26812114165857787, 0.32389099770653507, -22182.186771774883]
    [-0.42040581253497816, -0.17919259745205168, 0.20285339393795199, 11670.13727530761]
  #537 data/objects/space/3d/asteroid/angular_smooth_01/angular_smooth_01_00800_cluster_01.cgf
    [-0.11587693699551095, 0.052490915130756974, -0.48354681844447356, 30548.236754554888]
    [0.26011970157567765, 0.42671018556827361, -0.016013891187604341, -21269.092334246543]
    [0.41098730229925279, -0.25527124336188689, -0.12619950866686255, 9953.410156204307]
  #538 data/objects/space/3d/asteroid/angular_smooth_01/angular_smooth_01_00800_cluster_01.cgf
    [-0.11011282474802991, -0.30646659793049319, 0.37941177831360917, 30446.3280359374]
    [-0.27768768565202628, -0.28036826071229776, -0.30705552424041932, -22357.194673585116]
    [0.4009546388401154, -0.27833751109443855, -0.10845973840334583, 11199.72473550685]
  #539 data/objects/space/3d/asteroid/angular_smooth_01/angular_smooth_01_00900_cluster_01.cgf
    [-0.13684982596015483, -0.47910915796415904, 0.041553488979174213, 30513.167408859455]
    [-0.37376006764818331, 0.13314741427426119, 0.30426194382554039, -22497.041524746463]
    [-0.30261475430502943, 0.052214302482608249, -0.39458602313051322, 11063.490294805684]
  #540 data/objects/space/3d/asteroid/angular_smooth_01/angular_smooth_01_00900_cluster_01.cgf
    [0.58349281713876033, 0.77009936657560407, -0.25784532743156735, 35818.764801303754]
    [0.34480704639593379, -0.52237884400183432, -0.77989073531231656, -24504.959615570559]
    [-0.73528589544078116, 0.36615355231122187, -0.5703396733760403, 15208.028088048635]
  #541 data/objects/space/3d/asteroid/angular_smooth_01/angular_smooth_01_01400_01.cgf
    [0.57011391786040544, 0.6839226582628678, -0.13122701900364908, 35265.479748271508]
    [-0.16904651339716043, 0.3004331092682867, 0.83136263778433428, -25987.181398764886]
    [0.67556939636886693, -0.50198641088192308, 0.31877303261060613, 15490.010978390081]
  #542 data/objects/space/3d/asteroid/angular_smooth_01/angular_smooth_01_00900_cluster_01.cgf
    [0.64396291789307514, -0.69072523090654259, 0.32895142617940298, 37884.397177002458]
    [-0.67649507038143653, -0.31328850730073238, 0.66648582577622573, -18006.970074821853]
    [-0.35730212026515484, -0.65172662336297538, -0.6690188549447933, 22044.093586594183]
  #543 data/objects/space/3d/asteroid/angular_smooth_01/angular_smooth_01_00900_cluster_01.cgf
    [0.98428499828110205, -0.14291642965063081, 0.10371435350923018, 39091.031676422535]
    [-0.17153064712008881, -0.91332639162728335, 0.36933842243232817, -7195.7315103728961]
    [0.041940554198589691, -0.38132470064520296, -0.9234885995076022, 32049.21297436949]
  #544 data/objects/space/3d/asteroid/angular_smooth_01/angular_smooth_01_00800_cluster_01.cgf
    [0.64066796935504555, -0.65229218531539535, -0.40505061792234598, 18466.07658100353]
    [-0.20300729418090174, -0.65266260923942743, 0.72994938322493075, -4937.8481970821977]
    [-0.74049924821849555, -0.38542569781680869, -0.55055829837592529, 27359.791727011452]
  #545 data/objects/space/3d/asteroid/angular_smooth_01/angular_smooth_01_01300_cluster_01.cgf
    [-0.60419520647423341, 0.25095359544671253, 0.75629392724366595, 16710.123512009464]
    [0.72155080726779974, -0.23042696202297369, 0.65289961455324108, -7271.957084488854]
    [0.33811631724077768, 0.94017858254958775, -0.04185269298746553, 26465.69327779294]
  #546 data/objects/space/3d/asteroid/angular_smooth_01/angular_smooth_01_02200_column_01.cgf
    [0.70787750206047573, 0.25824176930157428, 0.93393699522730467, 16121.831659721791]
    [-0.91146196293440696, -0.21510860835084189, 0.75032196897512904, -6441.5855116710154]
    [0.32888328110436305, -1.1519796680458163, 0.069255412847458758, 27059.142387498119]
  #547 data/objects/space/3d/asteroid/angular_smooth_01/angular_smooth_01_01700_column_01.cgf
    [-1.6646174642390847, 1.1182084544037716, -0.59489111532929695, 24304.367849293314]
    [-0.58584200549939913, -1.5507471210190085, -1.2756211820486776, -17934.320598795199]
    [-1.12297583731363, -0.84854587854679508, 1.54729830661659, 18179.479566091908]
  #548 data/objects/space/3d/asteroid/angular_smooth_01/angular_smooth_01_02200_column_01.cgf
    [1.2003681738730005, -0.33901441797983894, -0.081774672660013384, 27326.128170929449]
    [0.14840850120028798, 0.76182949931628596, -0.97984302634505926, -13801.081468099543]
    [0.31558325281666227, 0.93122857769043543, 0.77183040376002721, 14850.807541591323]
  #549 data/objects/space/3d/asteroid/angular_smooth_01/angular_smooth_01_00800_cluster_01.cgf
    [0.18996868032609521, -0.073155852213874939, 0.59091936923367172, 26621.647701010646]
    [-0.38642412896958961, 0.4567525460492094, 0.18077356936553415, -19142.235053047028]
    [-0.45300537767089771, -0.42029859875798226, 0.093599117713901947, 19196.854873139157]
  #550 data/objects/space/3d/asteroid/angular_smooth_01/angular_smooth_01_03400_01.cgf
    [0.83471769916769489, -0.087674270353738495, -0.17437924363518467, 26405.803965424398]
    [-0.025326196382063477, 0.71075059328616386, -0.47858198202275987, -16251.505192438774]
    [0.19352902125949142, 0.47116382719597183, 0.68949235055150371, 15574.466486556797]
  #551 data/objects/space/3d/asteroid/angular_smooth_01/angular_smooth_01_01700_column_01.cgf
    [-0.084876583102895781, -1.136536821351354, 0.51339775147893529, 26219.62375919236]
    [0.29685330963953965, 0.48138279509629583, 1.1147403056369758, -15572.874675772535]
    [-1.2112684715070883, 0.19761551095024615, 0.23722148223768494, 14700.058525524617]
  #552 data/objects/space/3d/asteroid/angular_smooth_01/angular_smooth_01_01400_01.cgf
    [0.93097352129933586, -0.1273609542674258, -0.57189712309550111, 16583.621872679436]
    [0.13421261845552468, -0.99879117842866605, 0.44091040402523274, -14773.367236056827]
    [-0.57032806797853797, -0.4429381431514709, -0.82977739524206173, 15552.667193421043]
  #553 data/objects/space/3d/asteroid/angular_smooth_01/angular_smooth_01_02200_column_01.cgf
    [0.87356016678113868, -0.019722229661921387, -0.48631642211963388, 15002.152051873063]
    [-0.016981024808234536, 0.9973353946418374, -0.070948919257753207, -16272.855427533792]
    [0.48641985317474623, 0.070236301187800942, 0.87089757272924195, 16693.207185406216]
  #554 data/objects/space/3d/asteroid/angular_smooth_01/angular_smooth_01_01300_cluster_01.cgf
    [0.28767842498860052, 0.76860490033569728, -0.5713904865768008, 15767.211713861705]
    [0.11827276936382806, 0.5635332244630723, 0.81758260385584625, -16278.357312463635]
    [0.95039577703056477, -0.302780893189527, 0.071211339660642414, 14587.489087473929]
  #555 data/objects/space/3d/asteroid/angular_smooth_01/angular_smooth_01_01300_cluster_01.cgf
    [-0.35938307795457186, 0.68384169319815458, 0.63497893742002853, 17514.617577549154]
    [0.75580836705581311, 0.61240186183832879, -0.23175759091918272, -17612.437721090464]
    [-0.54734945383330114, 0.39663384538402524, -0.73694238385884536, 18324.375209779682]
  #556 data/objects/space/3d/asteroid/angular_smooth_01/angular_smooth_01_01400_01.cgf
    [-0.49637437048786115, -0.027970994955224704, 0.8676571191202912, 18187.130595621078]
    [-0.82208568385278047, 0.3362544681408795, -0.45946363257142464, -17731.225489638928]
    [-0.27890209989029252, -0.94135504709574791, -0.18990277138650832, 18149.638902672585]
  #557 data/objects/space/3d/asteroid/angular_smooth_01/angular_smooth_01_01300_cluster_01.cgf
    [-0.079714988444450532, 0.71711985098858766, -0.69237110677271485, 14298.9890313794]
    [-0.24619523794551212, 0.65889949018788663, 0.71079707104163214, -5287.0569396958472]
    [0.96593298680007866, 0.22712043216433911, 0.12402775440694749, 9862.3623478570607]
  #558 data/objects/space/3d/asteroid/angular_smooth_01/angular_smooth_01_01400_01.cgf
    [0.88331137275343485, 0.070096204015823629, -0.46351425761527054, 23036.201310172579]
    [-0.31531861269661082, 0.8204994933041192, -0.47681514241935435, -13811.729401949162]
    [0.34689064172610373, 0.5673314989808661, 0.74685994604918826, -5805.980979050415]
  #559 data/objects/space/3d/asteroid/angular_smooth_01/angular_smooth_01_01300_cluster_01.cgf
    [0.055532756515234559, -0.96501279495976255, -0.25623987812050003, 23505.493642117337]
    [0.99577276940700199, 0.034736887602139291, 0.084984686671587054, -13637.511979991916]
    [-0.07311060991929394, -0.2598771071585671, 0.96286613011028988, -6302.2967697809936]
  #560 data/objects/space/3d/asteroid/angular_smooth_01/angular_smooth_01_02200_column_01.cgf
    [0.72060011748718245, 0.42205573172425248, -0.8617444386747164, 10186.257595395069]
    [-0.88403270771342768, -0.12705060713216379, -0.80146326335699947, -13662.475129054563]
    [-0.37312288855142828, 1.116121028444806, 0.234632068338887, -6890.5548059003322]
  #561 data/objects/space/3d/asteroid/angular_smooth_01/angular_smooth_01_00800_cluster_01.cgf
    [0.13000254362161678, 0.40771109408899014, 0.25859391889571387, 25686.047658264783]
    [-0.057511061937222219, 0.27897489603128262, -0.41093222996056522, -4633.5126476919031]
    [-0.47936586120408842, 0.077100477445139703, 0.1194307329416046, 5124.8277800901606]
  #562 data/objects/space/3d/asteroid/angular_smooth_01/angular_smooth_01_00900_cluster_01.cgf
    [0.20711607345923103, 0.44591658927594824, 0.090887373258022375, 24106.857060364218]
    [0.45228050853734969, -0.19062453637078566, -0.095413913162739034, -7393.0678654952781]
    [-0.050442648685751185, 0.12173688281016429, -0.48232235864786271, 5309.283435318167]
  #563 data/objects/space/3d/asteroid/angular_smooth_01/angular_smooth_01_00800_cluster_01.cgf
    [0.033733989452443255, -0.06138240397867771, -0.49506939529963656, 23963.062514744015]
    [-0.45831041203332029, -0.19977318167596234, -0.0064598629891100918, -6782.2107159560856]
    [-0.1970103345065877, 0.45422721636840335, -0.069742753980188255, 4667.0755823851969]
  #564 data/objects/space/3d/asteroid/angular_smooth_01/angular_smooth_01_00900_cluster_01.cgf
    [-0.12924713173489999, 0.068419758035639822, 0.47813559612562706, 24234.363399331414]
    [-0.35113561930974935, 0.32655744817583682, -0.14164654082118361, -6976.5583916915275]
    [-0.33166050175446432, -0.37239589469406476, -0.036364018270081802, 5409.5041226213943]
  #565 data/objects/space/3d/asteroid/angular_smooth_01/angular_smooth_01_00800_cluster_01.cgf
    [0.32652126991461605, 0.049012398211799077, -0.37547486235155492, 24789.427603371103]
    [-0.37810517974106655, 0.015366424599224854, -0.32680280474784296, -7423.0402838383925]
    [-0.020495377268224712, 0.49735438568450263, 0.047098637921587125, 4957.6566694736512]
  #566 data/objects/space/3d/asteroid/angular_smooth_01/angular_smooth_01_00800_cluster_01.cgf
    [0.47543585184809095, -0.099032560553603322, 0.11896400571936513, 24161.269462069366]
    [-0.15467091195415208, -0.31900249406214271, 0.35258112500036592, -7403.1021874697244]
    [0.0060656163636673473, -0.37206060347939235, -0.33396593773287619, 5064.6113240305704]
  #567 data/objects/space/3d/asteroid/angular_smooth_01/angular_smooth_01_03500_cluster_01.cgf
    [0.11113576490395473, -0.018313466709492517, -0.43393473072328181, 25283.067744045413]
    [-0.39130440726704635, 0.19013272122445171, -0.1082418634575565, -7778.2269678213088]
    [0.18845581562847105, 0.40558606619120818, 0.031148680532929022, 5204.3051810555353]
  #568 data/objects/space/3d/asteroid/angular_smooth_01/angular_smooth_01_00800_cluster_01.cgf
    [-0.46525818246440476, -0.18127280083152916, -0.025969187224366912, 24327.815379792675]
    [-0.182383937991524, 0.46506224918829464, 0.021274559904054764, -7148.639241278529]
    [0.016441598739338006, 0.029269086338661744, -0.49887112340992174, 5523.0638328713139]
  #569 data/objects/space/3d/asteroid/angular_smooth_01/angular_smooth_01_01400_01.cgf
    [-0.27185013579899636, -0.68957813716385197, -0.67125098156581153, 21827.321159316652]
    [-0.28061545014653366, 0.72400915072103755, -0.63013022674097052, -22413.938413839354]
    [0.92051662486154595, 0.017062422430603713, -0.39032858073125276, -2569.7104873898143]
  #570 data/objects/space/3d/asteroid/angular_smooth_01/angular_smooth_01_01300_cluster_01.cgf
    [-0.32281606841563393, -0.27416760560826331, 0.9058805798956856, 26662.107220116854]
    [0.941938089018025, 0.00038851327165807689, 0.33578296642168742, -5478.902567063642]
    [-0.092412864116328958, 0.96168065807569847, 0.25812378707385231, 1700.0551003658102]
  #571 data/objects/space/3d/asteroid/angular_smooth_01/angular_smooth_01_01700_column_01.cgf
    [0.14989618156912568, -0.45081433763179896, -0.15587596700691123, 23544.147859195589]
    [0.47489009343962318, 0.12568150231498151, 0.09318427164761714, -6867.4971949813125]
    [-0.044836182460634484, -0.17598392629781071, 0.46585311395428602, 642.50979804409735]
  #572 data/objects/space/3d/asteroid/angular_smooth_01/angular_smooth_01_00900_cluster_01.cgf
    [0.35753704896760768, -0.29386808852938462, -0.18923107618017909, 24141.216582993078]
    [-0.27365110080368771, -0.0669461561496872, -0.41307733203166702, -6263.7767943117597]
    [0.21744408172482635, 0.39894780830774823, -0.20870628309176414, -843.89508014868989]
  #573 data/objects/space/3d/asteroid/angular_smooth_01/angular_smooth_01_00800_cluster_01.cgf
    [-0.0033007464051966182, 0.043238021630814388, 0.49811547658278077, 26229.182740920074]
    [-0.42377922604894397, -0.26458316570026097, 0.020158508130695314, -4699.0538630364663]
    [0.26532945953134501, -0.42204937076857546, 0.03839343682614102, 3258.9007134602275]
  #574 data/objects/space/3d/asteroid/angular_smooth_01/angular_smooth_01_00900_cluster_01.cgf
    [0.20711607345923103, 0.44591658927594824, 0.090887373258022375, 26040.475580044709]
    [0.45228050853734969, -0.19062453637078566, -0.095413913162739034, -5089.8124276081253]
    [-0.050442648685751185, 0.12173688281016429, -0.48232235864786271, 1434.3447811825877]
  #575 data/objects/space/3d/asteroid/angular_smooth_01/angular_smooth_01_00800_cluster_01.cgf
    [0.0096608186748124401, 0.099093099865861248, -0.48998673728925846, 25344.147384485823]
    [-0.038686908255378988, 0.48875669333129146, 0.098081570294157844, -6353.6936732107142]
    [0.49840723137815546, 0.036017063465840569, 0.017110798553116372, -477.44640385898447]
  #576 data/objects/space/3d/asteroid/angular_smooth_01/angular_smooth_01_00900_cluster_01.cgf
    [0.20711607345923103, 0.44591658927594824, 0.090887373258022375, 23550.33793820471]
    [0.45228050853734969, -0.19062453637078566, -0.095413913162739034, -7075.4465236479464]
    [-0.050442648685751185, 0.12173688281016429, -0.48232235864786271, 1644.4437086616808]
  #577 data/objects/space/3d/asteroid/angular_smooth_01/angular_smooth_01_03400_01.cgf
    [-0.017285060780093314, 0.92093878489732028, 0.12138162474533039, 25069.303248589171]
    [-0.902114627410465, -0.045588148110027836, 0.21741995640721778, -6492.0177681590185]
    [0.22147447565362199, -0.11381560922775875, 0.89507294753567856, 1872.8615426439253]
  #578 data/objects/space/3d/asteroid/angular_smooth_01/angular_smooth_01_03400_01.cgf
    [0.20559359829827703, -0.65338939584183831, 0.033401631800635122, 24795.62443757954]
    [0.6513459345773055, 0.20770742391697472, 0.053927718532603308, -6482.2432234110947]
    [-0.061496708164943285, 0.015557079351622601, 0.68284568639895793, 498.13174128352853]
  #579 data/objects/space/3d/asteroid/angular_smooth_01/angular_smooth_01_02200_column_01.cgf
    [-0.22138202536321272, -0.53063577643626225, 0.37378740608823907, 26498.524375830501]
    [0.64596820188377857, -0.14156109557651061, 0.18162293828815532, -5573.6064315788935]
    [-0.063375344885270066, 0.41071581698696524, 0.54552491847358331, 1306.1924375479261]
  #580 data/objects/space/3d/asteroid/angular_smooth_01/angular_smooth_01_00800_cluster_01.cgf
    [0.45877445699290487, 0.18978859374550064, 0.059212249243104101, 26265.687743529361]
    [-0.020955924991497857, 0.19424947589360486, -0.46024753501596022, -5723.831802570081]
    [-0.19770343948468089, 0.41981809628054628, 0.18618786001445417, 568.55411261004792]
  #581 data/objects/space/3d/asteroid/angular_smooth_01/angular_smooth_01_00800_cluster_01.cgf
    [-0.16140887475131122, -0.24258809081474667, 0.40632252950420333, 27195.45644842113]
    [0.47096917003496092, -0.040428696886475518, 0.16295203582945525, -5276.7170045226721]
    [-0.04620628381960714, 0.43533474855476467, 0.24155421890884915, 1897.7806017027301]
  #582 data/objects/space/3d/asteroid/angular_smooth_01/angular_smooth_01_01700_column_01.cgf
    [-0.24496000959561406, -0.90944478234253701, 0.33601000237086465, 25728.036736238679]
    [0.96738976092278073, -0.20624413600500283, 0.14703178890883115, -5763.2475887311393]
    [-0.064417266979419685, 0.361069916162925, 0.93031009425965971, 808.0615920437524]
  #583 data/objects/space/3d/asteroid/angular_smooth_01/angular_smooth_01_00400_01.cgf
    [0.85982316306547646, 0.43513863024343258, -0.26712985709978082, 24508.772816301942]
    [-0.43807825223966923, 0.89744208413207549, 0.051817085710356474, -6509.0411160845806]
    [0.26228120977095698, 0.072470255462134203, 0.96226632950682489, -437.01213345430187]
  #584 data/objects/space/3d/asteroid/angular_smooth_01/angular_smooth_01_00800_cluster_01.cgf
    [0.23924491411060927, -0.079919052672957361, -0.43171129688532178, 25391.949398927063]
    [-0.4358726499012095, 0.015773163428990305, -0.24447099654127111, -7086.6033914580121]
    [0.052694704730618117, 0.49331934900391006, -0.062121781671596821, 3582.7882626582932]
  #585 data/objects/space/3d/asteroid/angular_smooth_01/angular_smooth_01_01300_cluster_01.cgf
    [0.7362901659446518, 0.490802238445182, -0.46582119999592964, 24674.709597662386]
    [-0.369099175689443, 0.86828229857718064, 0.33143790455853661, -6596.57451543957]
    [0.56713492762641837, -0.072100269139432641, 0.82046265067427093, -708.24515059521036]
  #586 data/objects/space/3d/asteroid/angular_smooth_01/angular_smooth_01_00800_cluster_01.cgf
    [-0.23860846037409242, -0.2230610223469629, 0.37856252165386539, 23539.788195699435]
    [0.26984451387485836, 0.26558224621568494, 0.32657282293567091, -6925.3981073190653]
    [-0.34677044398715257, 0.36015226038171611, -0.0063567580097114388, 259.24311021372478]
  #587 data/objects/space/3d/asteroid/angular_smooth_01/angular_smooth_01_00800_cluster_01.cgf
    [-0.18553115167506826, 0.18978834254514598, -0.42374328039645254, 24649.180567133604]
    [-0.38371640955630093, 0.19424934885327846, 0.25500725165444971, -6639.774810445394]
    [0.26141862918392289, 0.41981825400177758, 0.07357122271346965, -1181.5360210282256]
  #588 data/objects/space/3d/asteroid/angular_smooth_01/angular_smooth_01_02200_column_01.cgf
    [0.10018920043283058, -0.72267869331420598, 0.68388410829240021, 15960.406982536568]
    [-0.97998456072561735, 0.047162441548209248, 0.19340581189617831, -5568.3729951090781]
    [-0.17202391718780929, -0.68957309515777443, -0.70348884964758185, -8916.7550201023878]
  #589 data/objects/space/3d/asteroid/angular_smooth_01/angular_smooth_01_01300_cluster_01.cgf
    [0.21077624587287991, 0.92491524046647589, 0.31639498148312734, 13735.397913802328]
    [-0.85346464545089662, 0.33193149910219361, -0.40177131685609158, -8776.5696398387299]
    [-0.47662572876444964, -0.18534802409452247, 0.8593454700079276, -6775.7813654953916]
  #590 data/objects/space/3d/asteroid/angular_smooth_01/angular_smooth_01_00900_cluster_01.cgf
    [-0.45313743741253931, 0.42633974701888711, -0.78287854388204048, 17037.965552027847]
    [0.78059738575247295, -0.23434617523539894, -0.5794372468634893, -13623.989395458826]
    [-0.43050216691138443, -0.87367855748450562, -0.22660890101713005, -7292.7816109210262]
  #591 data/objects/space/3d/asteroid/angular_smooth_01/angular_smooth_01_00900_cluster_01.cgf
    [0.51428971883402463, -0.56686216097585884, -0.64356259332325805, 15564.036281700619]
    [0.43470104687143329, 0.81917026834400097, -0.374158398649095, -13808.768498447451]
    [0.73928378916357795, -0.08733154003310975, 0.66770661009529131, -6158.0141145238549]
  #592 data/objects/space/3d/asteroid/angular_smooth_01/angular_smooth_01_03500_cluster_01.cgf
    [0.32036870321274108, -0.01636571553429983, 0.94715143933832258, 16406.685277169265]
    [0.71688064077595803, 0.65777478501980569, -0.23111527590494593, -15456.820233782362]
    [-0.61923003202869387, 0.75303671041391995, 0.22246274269311631, -9599.1200361458159]
  #593 data/objects/space/3d/asteroid/angular_smooth_01/angular_smooth_01_01300_cluster_01.cgf
    [-0.070809829305192848, 0.78485466561982276, 0.61561517333120486, 14029.615988584475]
    [-0.19419775265644407, -0.6162022583755884, 0.76326596238994893, 13902.670114697408]
    [0.97839977547217372, -0.065504582547058821, 0.19605088300841597, 5467.1047535618764]
  #594 data/objects/space/3d/asteroid/angular_smooth_01/angular_smooth_01_01400_01.cgf
    [-0.67802900021734058, 0.16653026940533047, 0.71592046449214708, 14654.88548446315]
    [0.70566117075906343, 0.4200642125205265, 0.5706015568547359, 14197.852782188967]
    [-0.20571036480890192, 0.89208267216322967, -0.40233011207078478, 5329.91193877148]
  #595 data/objects/space/3d/asteroid/angular_smooth_01/angular_smooth_01_01400_01.cgf
    [0.0038549656227377569, 0.55686135363796363, 0.70702942812896719, 38305.5077765881]
    [-0.8003267568712803, -0.32127848544909171, 0.25740485076872249, -9614.2147259683734]
    [0.41165794253454913, -0.62982982446678759, 0.49381390293934563, 5486.9550956851708]
  #596 data/objects/space/3d/asteroid/angular_smooth_01/angular_smooth_01_00900_cluster_01.cgf
    [0.57704959577428871, -0.23388611030363515, -0.78250298966956155, 39902.287828963308]
    [-0.13378524384301799, -0.97224497884773231, 0.19194032159312577, -9532.9938591352256]
    [-0.80567682724814071, -0.0060717320794097676, -0.59232411864026047, 5324.7313563574917]
  #597 data/objects/space/3d/asteroid/angular_smooth_01/angular_smooth_01_00900_cluster_01.cgf
    [-0.34211436075724333, 0.33180562011976655, -0.87912674529673718, 38880.652013545223]
    [-0.47715512898440299, -0.86732626584585459, -0.14166570203545423, -6992.0333483099594]
    [-0.8094947725112096, 0.37101377158571552, 0.45504728792313637, 9951.2861650170416]
  #598 data/objects/space/3d/asteroid/angular_smooth_01/angular_smooth_01_02200_column_01.cgf
    [-0.56040686928407246, -0.05003944291829264, 0.82670421173555697, 29797.786254086164]
    [-0.82783057002201854, 0.06434084678826045, -0.55727592937542747, -31014.870849286104]
    [-0.025305076287209488, -0.99667244783662667, -0.077481246292906356, 8604.3075727479554]
  #599 data/objects/space/3d/asteroid/angular_smooth_01/angular_smooth_01_01300_cluster_01.cgf
    [0.0010137708490580762, -0.96983283675015797, 0.24375573127440389, 40757.574388434456]
    [0.49016364989353106, 0.21294669832292093, 0.8452141240512554, -14667.86759448042]
    [-0.87162617221549155, 0.11862372416098194, 0.47559420042139056, 6353.2820973260496]
  #600 data/objects/space/3d/asteroid/angular_smooth_01/angular_smooth_01_01400_01.cgf
    [0.94416942378887447, 0.32751727324085367, -0.035702309214145508, 40591.272438292712]
    [-0.27698642835837167, 0.84779650300724196, 0.45223636294102415, -14222.735691190635]
    [0.17838368103506302, -0.41709908318015881, 0.89118221319930613, 6873.9727765095313]
  #601 data/objects/space/3d/asteroid/angular_smooth_01/angular_smooth_01_01300_cluster_01.cgf
    [0.52678761287088771, 0.65177825978534942, 0.54560195296685754, 38015.156748115834]
    [0.44275146435592844, -0.75833842187937361, 0.47843030714667051, -15123.325309618111]
    [0.72558082376861943, -0.010465087527492648, -0.68805852237042231, 8775.1737329723856]
  #602 data/objects/space/3d/asteroid/angular_smooth_01/angular_smooth_01_00800_cluster_01.cgf
    [0.71861315441739149, 0.62671837437204458, 0.30135531275438054, 25692.711980090182]
    [0.12845501764954576, -0.54552279915289936, 0.82819079628282677, 6202.5383128315161]
    [0.68344001473537064, -0.55643936402036609, -0.47252596905320365, 14998.924360230965]
  #603 data/objects/space/3d/asteroid/angular_smooth_01/angular_smooth_01_00800_cluster_01.cgf
    [-0.15562059672297499, -0.054920243428554838, 0.47198156580497824, 32291.021592560719]
    [-0.18771827836065649, -0.44914435767374483, -0.11415689055653068, -18154.912164697533]
    [0.43651423753101315, -0.21272920475095308, 0.11917301540672226, 7774.8765282614968]
  #604 data/objects/space/3d/asteroid/angular_smooth_01/angular_smooth_01_01700_column_01.cgf
    [-0.081627539739699398, 0.49266580345094735, 0.024851119871568583, 33633.641454226032]
    [-0.39867378905361034, -0.051052402850984592, -0.29741064099586778, -18265.238974619551]
    [-0.29051055397433667, -0.068368746997206659, 0.4011602669212776, 9490.5422659291107]
  #605 data/objects/space/3d/asteroid/angular_smooth_01/angular_smooth_01_00800_cluster_01.cgf
    [0.21498873651962816, 0.10258517875664136, -0.43960962883003002, 29957.763514325652]
    [-0.40652972137166687, -0.16768442589732188, -0.23794121215938049, -20107.503599283191]
    [-0.19624966318973311, 0.45973765986904791, 0.011307311217209282, 8760.897542960487]
  #606 data/objects/space/3d/asteroid/angular_smooth_01/angular_smooth_01_00900_cluster_01.cgf
    [-0.43071472335222988, 0.15914694420466013, 0.19788267362565901, 33551.138163977375]
    [0.16120219730180205, -0.12969748027307418, 0.45518445764238769, -18117.830805311925]
    [0.19621201277187686, 0.45590710571830595, 0.060415497042352738, 7787.0643981132871]
  #607 data/objects/space/3d/asteroid/angular_smooth_01/angular_smooth_01_00900_cluster_01.cgf
    [-0.13684982596015483, -0.47910915796415904, 0.041553488979174213, 33320.146184307865]
    [-0.37376006764818331, 0.13314741427426119, 0.30426194382554039, -18526.754994898682]
    [-0.30261475430502943, 0.052214302482608249, -0.39458602313051322, 10428.883011307807]
  #608 data/objects/space/3d/asteroid/angular_smooth_01/angular_smooth_01_01300_cluster_01.cgf
    [-0.90129169082304761, -0.3585841981626951, 0.24308617257754367, 32970.120611574472]
    [0.10485358492404798, -0.72500641450504122, -0.68071407438965903, -17860.452425726296]
    [0.4203322973540789, -0.58803341586308833, 0.69104101762954739, 7886.7959212015339]
  #609 data/objects/space/3d/asteroid/angular_smooth_01/angular_smooth_01_00800_cluster_01.cgf
    [-0.38275945570130554, -0.28105641956107869, -0.15653410906701021, 31178.103256875005]
    [0.1247009212449412, -0.35388464748844162, 0.33047810172430464, -19149.771171897111]
    [-0.2965557595437302, 0.21394715352662153, 0.34100107944983538, 8109.170656858927]
  #610 data/objects/space/3d/asteroid/angular_smooth_01/angular_smooth_01_01700_column_01.cgf
    [0.35038306538283526, 0.74232937003951638, -0.57112100143477207, 31617.919009477475]
    [-0.84532109488628371, -0.011940914749090226, -0.53412549602635884, -19242.220313480408]
    [-0.40331667265732607, 0.66992903007847338, 0.62332266172900663, 8491.2733606349866]
  #611 data/objects/space/3d/asteroid/angular_smooth_01/angular_smooth_01_00400_01.cgf
    [-0.93888291136980917, -0.34390115838638063, -0.015259634481552913, 33059.616209484921]
    [0.30745697928825477, -0.81780010224764144, -0.48649273694161449, -18066.250316396534]
    [0.15482593151971266, -0.46145094048068291, 0.87355248548945275, 8128.4618078893927]
  #612 data/objects/space/3d/asteroid/angular_smooth_01/angular_smooth_01_00800_cluster_01.cgf
    [0.062959036158108619, -0.28105631746809362, 0.40871031237970745, 33125.338338685477]
    [0.21904899422614452, -0.35388533734825151, -0.27709803212334549, -17611.372697730039]
    [0.44503293267213201, 0.21394655334777021, 0.078569551456357772, 7512.1106378557597]
  #613 data/objects/space/3d/asteroid/angular_smooth_01/angular_smooth_01_00800_cluster_01.cgf
    [0.35397564426840733, 0.13664771361560599, -0.32562147563483429, 33741.456254509401]
    [-0.095447266479973022, -0.40686595607071574, -0.27450066097985482, -18042.424568289589]
    [-0.33998788559664983, 0.25649209718917948, -0.26195560977621679, 9192.2225696967562]
  #614 data/objects/space/3d/asteroid/angular_smooth_01/angular_smooth_01_00800_cluster_01.cgf
    [-0.39454111996275659, -0.090280735206046903, -0.29357682989708567, 29655.846045049242]
    [-0.17509322075087985, -0.32654215961994354, 0.33572793089205427, -19809.221632207871]
    [-0.25234961907807663, 0.36772308655377073, 0.22605323025727969, 11491.670334116874]
  #615 data/objects/space/3d/asteroid/angular_smooth_01/angular_smooth_01_00800_cluster_01.cgf
    [-0.28743378930261648, -0.063262058260695975, 0.40420343663794994, 31010.153051084642]
    [0.37525427603798212, -0.23756792449954001, 0.229665842045265, -19311.933108163081]
    [0.16299305052829355, 0.43538498213853327, 0.18404855947787252, 11522.626853930813]
  #616 data/objects/space/3d/asteroid/angular_smooth_01/angular_smooth_01_03500_cluster_01.cgf
    [-0.030094888573119278, 0.34431642183426558, 0.93837157585562159, 32974.032767750519]
    [-0.16728650096684319, 0.92382049897288154, -0.344342311237684, -15279.461404006721]
    [-0.98544925760425894, -0.16733978119230275, 0.029797203802879715, 8254.4657322962939]
  #617 data/objects/space/3d/asteroid/angular_smooth_01/angular_smooth_01_00900_cluster_01.cgf
    [0.076085909002185231, -0.65401916000274807, 0.75264222228571154, 19397.546732562769]
    [0.42380158985264144, -0.66204360059147993, -0.61813503809508008, -24204.934317521904]
    [0.90255392573311, 0.36600225577410367, 0.22680212053369986, 27692.395236873806]
  #618 data/objects/space/3d/asteroid/angular_smooth_01/angular_smooth_01_01300_cluster_01.cgf
    [0.00044663694920701153, 0.87507152414762746, 0.48399275627487459, 6647.5059684579119]
    [-0.5086743638243808, 0.41689670776841109, -0.75329070525587094, -26144.957768839588]
    [-0.86095850776240268, -0.24585833860777317, 0.4453127948237377, 22178.853980923534]
  #619 data/objects/space/3d/asteroid/angular_smooth_01/angular_smooth_01_00900_cluster_01.cgf
    [-0.77937237082916488, 0.24472266551470734, 0.5767917689705, 7217.6719137831051]
    [-0.57378386719520191, -0.6485666900559649, -0.50013252491413129, -27584.222153194671]
    [0.25169426198318651, -0.72074356446231425, 0.64589312811912847, 21994.127635609348]
  #620 data/objects/space/3d/asteroid/angular_smooth_01/angular_smooth_01_01300_cluster_01.cgf
    [0.8477615320007128, -0.047189205903852109, 0.52827323589892172, 10792.724109178933]
    [0.49592191697639659, 0.42367129083891897, -0.75799943116237856, -27244.668453959239]
    [-0.18804490204046997, 0.90458546540733087, 0.38257456613259344, 27013.375061675019]
  #621 data/objects/space/3d/asteroid/angular_smooth_01/angular_smooth_01_00900_cluster_01.cgf
    [-0.04735399936676897, 0.86149047452634275, 0.50556114308839528, -1278.7676504064366]
    [0.22927764009531901, 0.50198988897945818, -0.83392938758099211, 6975.5715630500226]
    [-0.972208656026467, 0.076423962336847187, -0.22129169773049048, 22462.176388233944]
  #622 data/objects/space/3d/asteroid/angular_smooth_01/angular_smooth_01_01400_01.cgf
    [0.47547701063711262, 0.056041451096936853, -0.7620900930760075, -265.31412138964151]
    [0.67187515818294019, 0.39691410795948001, 0.44837852822077934, 6014.6063579007196]
    [0.36401335967557169, -0.80580325670211383, 0.16785626981445442, 23257.207727496163]
  #623 data/objects/space/3d/asteroid/angular_smooth_01/angular_smooth_01_00900_cluster_01.cgf
    [-0.66542025724342091, -0.021895146758169306, 0.74614564604948586, 10390.730074235866]
    [0.08329451755332043, -0.99550364854967677, 0.045070504655573114, -26677.528000224695]
    [0.74180505924112294, 0.092140813935989704, 0.6642530886729503, 32638.063819315543]
  #624 data/objects/space/3d/asteroid/angular_smooth_01/angular_smooth_01_00800_cluster_01.cgf
    [0.29720182613332324, 0.28381670525005975, 0.28481242305427124, 23451.748615159097]
    [-0.14165125017026783, 0.40537114007075914, -0.25614083252179781, -1574.4763960467785]
    [-0.37630434734433332, 0.071563123050634211, 0.32136073430184597, 21574.123719059346]
  #625 data/objects/space/3d/asteroid/angular_smooth_01/angular_smooth_01_00800_cluster_01.cgf
    [-0.20929866515066139, 0.26595968970309203, -0.36804598237325437, 23679.708911933671]
    [0.18342621433223888, 0.42024398641286642, 0.19936937754197287, -1263.8872990908144]
    [0.41538804217719411, -0.051563245231125154, -0.27348188071486557, 21239.341062426942]
  #626 data/objects/space/3d/asteroid/angular_smooth_01/angular_smooth_01_01300_cluster_01.cgf
    [0.9375676338869573, 0.10507047120766556, 0.33154093921910022, 23508.172266926416]
    [0.31635849201548044, -0.65367388863072318, -0.68747364914049736, -1480.9833165082582]
    [0.14448703342437058, 0.74944173210000753, -0.64610591528760719, 21299.494100354361]
  #627 data/objects/space/3d/asteroid/angular_smooth_01/angular_smooth_01_00900_cluster_01.cgf
    [0.10694263863143151, 0.40642789914111965, 0.27088385826558431, 23637.046125665544]
    [0.46270945063322305, 0.0044933240050760801, -0.18941542746210663, -1119.4042924500018]
    [-0.15640225754065779, 0.2911951281626935, -0.37515618213893859, 21098.313515469781]
  #628 data/objects/space/3d/asteroid/angular_smooth_01/angular_smooth_01_00800_cluster_01.cgf
    [0.36414432407613878, -0.22819544556098456, 0.2555869542416695, 25152.430446595896]
    [0.34247874818503604, 0.23119620931024429, -0.28152364226182119, -3451.823738958487]
    [0.010303377840310924, 0.38009747793950827, 0.32468244328771817, 21735.566561446762]
  #629 data/objects/space/3d/asteroid/angular_smooth_01/angular_smooth_01_01300_cluster_01.cgf
    [-0.0012778779208166412, -0.43219577024191219, 0.90177605843241471, 26888.732073558971]
    [0.38970138636233875, -0.83069819844855197, -0.39757792809772979, 2934.0681039973588]
    [0.92093760529374236, 0.35091622309065823, 0.16948925593233546, 23765.246632812577]
  #630 data/objects/space/3d/asteroid/angular_smooth_01/angular_smooth_01_00900_cluster_01.cgf
    [-0.45933880956017681, -0.79169631364995641, -0.4027715920146685, 24715.639390439024]
    [-0.081075878172657198, 0.48891367394115076, -0.86855642980811554, -2851.4416264398906]
    [0.88455339599115956, -0.36630658844137282, -0.28876447713330433, 25913.678573767389]
  #631 data/objects/space/3d/asteroid/angular_smooth_01/angular_smooth_01_01400_01.cgf
    [0.48540475165068181, 0.61893955593705496, 0.61749120040299577, 27277.70125428123]
    [0.64680176184679505, 0.22097821968840778, -0.72994207763285912, 2346.2123908623616]
    [-0.58824232876474758, 0.75371200197657362, -0.29306741567367001, 23758.467451316174]
  #632 data/objects/space/3d/asteroid/angular_smooth_01/angular_smooth_01_01400_01.cgf
    [-0.32180810947761246, -0.64080613183498514, -0.69699850642488259, 26527.584449893449]
    [-0.85320277621782481, 0.51541747424889506, -0.079935760298344899, -1674.4655634532267]
    [0.41046856056223091, 0.56895712010920618, -0.71260313790243501, 22206.989151846792]
  #633 data/objects/space/3d/asteroid/angular_smooth_01/angular_smooth_01_03900_column_01.cgf
    [0.91235552430461964, -0.36563131895771889, -0.18417702498520788, 25925.775175408031]
    [0.072400364896041555, 0.58687825511385039, -0.8064317339376984, -702.65468213325312]
    [0.40294618139161348, 0.72241794892989852, 0.56191344763242301, 24164.909721735756]
  #634 data/objects/space/3d/asteroid/angular_smooth_01/angular_smooth_01_01300_cluster_01.cgf
    [0.90783777321069847, -0.095230384971801474, 0.40836518719226789, 25748.690808497802]
    [-0.22413009446750423, 0.71287906472133333, 0.66450697109709689, -383.29241109370969]
    [-0.35439618097045167, -0.69479132670232202, 0.6258344302236809, 22629.783108044161]
  #635 data/objects/space/3d/asteroid/angular_smooth_01/angular_smooth_01_00800_cluster_01.cgf
    [-0.54494446893348381, -0.28981612083789848, 0.098321987929155183, 6617.5843855126222]
    [-0.19233003037975244, 0.16812480847233252, -0.5704106236908022, 1775.387409419872]
    [0.23805410440064212, -0.52760376828419175, -0.23577442291180362, 26801.775197889147]
  #636 data/objects/space/3d/asteroid/angular_smooth_01/angular_smooth_01_01700_column_01.cgf
    [0.74987149759447724, -1.7785845087304777, 0.80595395140380599, 9728.613259347032]
    [1.018455571367832, 1.0928505157956467, 1.4641235906367467, 346.41800940218423]
    [-1.666035076350215, -0.13246427749843151, 1.2577806760089691, 22710.506972847121]
  #637 data/objects/space/3d/asteroid/angular_smooth_01/angular_smooth_01_00800_cluster_01.cgf
    [0.25747388031583046, 0.56022950347637901, -0.10234379988232842, 6818.5384307933655]
    [0.49993032876469079, -0.27613603890258992, -0.25385567432115913, 1661.6435503350374]
    [-0.27276549694008667, 0.022714322319453847, -0.56187827171481763, 27449.539286087525]
  #638 data/objects/space/3d/asteroid/angular_smooth_01/angular_smooth_01_00900_cluster_01.cgf
    [0.18682035733174046, -0.51635624268639069, -0.29849343359916319, 8771.1161258715947]
    [-0.57840092664767828, -0.080537667061051921, -0.22268811691254289, -3592.5011747883577]
    [0.14551449177361001, 0.34280294631134722, -0.50193188567843716, 27659.876631870557]
  #639 data/objects/space/3d/asteroid/angular_smooth_01/angular_smooth_01_00900_cluster_01.cgf
    [0.18682035733174046, -0.51635624268639069, -0.29849343359916319, 6743.8266988463374]
    [-0.57840092664767828, -0.080537667061051921, -0.22268811691254289, 1928.7288402252464]
    [0.14551449177361001, 0.34280294631134722, -0.50193188567843716, 27044.408494510528]
  #640 data/objects/space/3d/asteroid/angular_smooth_01/angular_smooth_01_00800_cluster_01.cgf
    [-0.29980974068950883, -0.098630776579329019, -0.53945390283317374, 8587.0843353441724]
    [-0.28282955840164642, -0.49892445207898073, 0.24840743949188351, -2780.0918876185242]
    [-0.46983612490411419, 0.36327783446274642, 0.19469888213864575, 27852.484812175077]
  #641 data/objects/space/3d/asteroid/angular_smooth_01/angular_smooth_01_00900_cluster_01.cgf
    [-0.27897141762529626, 0.10950979790823284, -0.54845855212546679, 7013.2388969861095]
    [0.23879582197917595, -0.53090430032008917, -0.22746738314813197, 1514.9534166005117]
    [-0.50574275540313485, -0.31108272075617988, 0.19513082097277798, 27305.880496412545]
  #642 data/objects/space/3d/asteroid/angular_smooth_01/angular_smooth_01_00800_cluster_01.cgf
    [-0.20444530480035977, 0.27443600863879952, -0.52298385226703337, 4658.6720842421573]
    [-0.52878320250169542, 0.16147216865569533, 0.29144498404716329, -1446.9467489179901]
    [0.26308849712922183, 0.53780733644736101, 0.17936785321304366, 26827.139037884375]
  #643 data/objects/space/3d/asteroid/angular_smooth_01/angular_smooth_01_00800_cluster_01.cgf
    [-0.47355878895185755, 0.013007056911266331, -0.40767434642606032, 7848.9639677132291]
    [0.28883403546222902, -0.43038223632722966, -0.34924420320104793, 827.86632987586813]
    [-0.28799731981741122, -0.45302034168615218, 0.32008685798312336, 24735.109459362342]
  #644 data/objects/space/3d/asteroid/angular_smooth_01/angular_smooth_01_01300_cluster_01.cgf
    [-0.87642445269817237, -0.68422270939838414, -0.57115600168125347, 8652.8411832711481]
    [-0.7797019897994717, 0.9766605837350778, 0.026431550867744361, -3064.8901111418445]
    [0.43179242862251094, 0.3747974169095406, -1.1115673216060658, 27626.553920983792]
  #645 data/objects/space/3d/asteroid/angular_smooth_01/angular_smooth_01_00800_cluster_01.cgf
    [0.21755166980234877, -0.037631444064601553, 0.58470463641386172, 8605.4871652910952]
    [0.21416425529246638, -0.57544291982715279, -0.11671968229852259, -3403.5018558454958]
    [0.54537079971453983, 0.24098482711253325, -0.18740696459926309, 27718.053307868635]
  #646 data/objects/space/3d/asteroid/angular_smooth_01/angular_smooth_01_00800_cluster_01.cgf
    [-0.56275436809606283, 0.22470627921018613, 0.153097512641548, 4457.5317599033451]
    [0.25062922004966148, 0.2922213968706921, 0.49235748026505494, -245.39500862973318]
    [0.10543602017723101, 0.50471574415622245, -0.3532272672865604, 25450.300792179649]
  #647 data/objects/space/3d/asteroid/angular_smooth_01/angular_smooth_01_00800_cluster_01.cgf
    [-0.47355861307359237, 0.015011082585866741, 0.40760358482634046, 6637.4066417021058]
    [0.28883212015859216, 0.45334292013819888, 0.31887298114630408, 1840.6689787287685]
    [-0.28799656478572111, 0.42997516107333322, -0.35043275319446515, 26340.971426804594]
  #648 data/objects/space/3d/asteroid/angular_smooth_01/angular_smooth_01_00800_cluster_01.cgf
    [-0.61123766299783566, 0.11273617410983615, 0.065601368167953283, 6020.5700455210535]
    [0.10009752480005076, 0.20389161956578006, 0.58226553918743351, 1296.9973479265402]
    [0.083626969258331185, 0.57995105624820276, -0.21745750733130892, 27024.820758273712]
  #649 data/objects/space/3d/asteroid/angular_smooth_01/angular_smooth_01_01300_cluster_01.cgf
    [0.404797160503093, -0.54667530490150584, 1.048707478896135, 5200.5918060854092]
    [1.1352223385119189, 0.49034219658607681, -0.18258362145570445, -917.72360667496469]
    [-0.33152904461807275, 1.0115397410340314, 0.65526929679074797, 25520.705997496192]
  #650 data/objects/space/3d/asteroid/angular_smooth_01/angular_smooth_01_01700_column_01.cgf
    [-1.6420679328853127, -1.2588764044089313, 0.30671528622458, 6565.4113547308989]
    [1.2694749642862788, -1.463984698450123, 0.78766317823412457, -143.24065759731866]
    [-0.25937884152670576, 0.80449373255356826, 1.9133069841094295, 24350.998772053747]
  #651 data/objects/space/3d/asteroid/angular_smooth_01/angular_smooth_01_01400_01.cgf
    [-0.52148023514360409, -0.81754223322295494, -0.51932161460353965, 15856.589739052537]
    [0.9680190770534689, -0.42059645141678959, -0.30991865006673347, -16070.586797769156]
    [0.031769623198169089, -0.6039331089578216, 0.91884023044782859, 23814.290169264306]
  #652 data/objects/space/3d/asteroid/angular_smooth_01/angular_smooth_01_03500_cluster_01.cgf
    [-0.036157723708983139, 0.98980393461503646, 0.13780951720452042, 14111.755120525148]
    [-0.18034854850167323, -0.14209844054681586, 0.97328983722366491, -17985.477624031206]
    [0.98294338243099721, 0.010338143456211403, 0.18364667903437393, 25322.019938783087]
  #653 data/objects/space/3d/asteroid/angular_smooth_01/angular_smooth_01_02200_column_01.cgf
    [0.37019383100367886, 0.49129409022791665, 0.78841409944860708, 16353.287930969111]
    [0.76778632267432978, 0.31595475336622458, -0.55739295326989269, -18164.776126179338]
    [-0.52294439285306826, 0.81167287656285925, -0.26024306186932988, 22623.458936478532]
  #654 data/objects/space/3d/asteroid/angular_smooth_01/angular_smooth_01_01300_cluster_01.cgf
    [0.88703574120380801, -0.085397173725177938, 0.45374355091994567, 14399.909277636116]
    [0.22421864645579587, 0.93876149102450335, -0.26165082649527538, -17261.865924432987]
    [-0.40361105765727029, 0.33383001534296108, 0.85185910128822162, 23246.772894698486]
  #655 data/objects/space/3d/asteroid/angular_smooth_01/angular_smooth_01_00800_cluster_01.cgf
    [0.56819290097245712, -0.68992731446334277, -0.44849934592525065, 15313.44121170122]
    [0.41635426669200148, -0.22908211416368246, 0.87986649261756611, -21182.828642148233]
    [-0.70978904411475918, -0.68667038743575637, 0.1570917793105647, 38333.558076493107]
  #656 data/objects/space/3d/asteroid/angular_smooth_01/angular_smooth_01_01300_cluster_01.cgf
    [0.85130320512436142, 0.09160162385306192, 0.51661533219067513, 15016.124402803829]
    [-0.39483931926539084, -0.53658046712250163, 0.74577658870914576, -26691.998421190267]
    [0.34552014544602494, -0.83886229550033398, -0.42062487358794859, 33479.326108899331]
  #657 data/objects/space/3d/asteroid/angular_smooth_01/angular_smooth_01_03900_column_01.cgf
    [-0.71300829695253864, -0.34404805325908128, 0.11509945881287273, 14636.739998102148]
    [0.33310481696470751, -0.52029115403357307, 0.50826772063830772, -25608.52630974459]
    [-0.14372936124984523, 0.50092497639525679, 0.60697101959785738, 34796.187332977126]
  #658 data/objects/space/3d/asteroid/angular_smooth_01/angular_smooth_01_01300_cluster_01.cgf
    [-0.70196420653341707, 0.57320194336334285, 0.42271319001772251, 22454.360322395147]
    [0.7121355569198764, 0.57362716280296366, 0.40474125414837753, 9565.8460964004771]
    [-0.010481290993469105, 0.58514277434116102, -0.81086295532599173, 30969.798487301869]
  #659 data/objects/space/3d/asteroid/angular_smooth_01/angular_smooth_01_03900_column_01.cgf
    [-0.76412860465008481, -0.16194064997671984, -0.172866393676435, 25012.935874941097]
    [-0.23677725805604838, 0.50583781853282994, 0.57276934278247782, 8568.4151254101871]
    [-0.0066403497677586243, 0.59825029531888196, -0.53108622513476733, 33544.627072471325]
  #660 data/objects/space/3d/asteroid/angular_smooth_01/angular_smooth_01_01300_cluster_01.cgf
    [0.89046775342170781, 0.39943524110273504, 0.21799410553663071, 25950.979647394422]
    [0.45504899721088476, -0.78101340471733061, -0.42772799014868079, 7383.9068627480483]
    [-0.00059331347865718674, 0.48007531865787662, -0.87722864645545695, 34421.551964472113]
  #661 data/objects/space/3d/asteroid/angular_smooth_01/angular_smooth_01_02200_column_01.cgf
    [1.0522023182637616, -0.019788684585657208, 0.5766146613730796, 21799.537246443557]
    [-0.32372952698997398, -1.012963969567215, 0.55597569013504078, 10543.442247407223]
    [0.47757224909208201, -0.64305379450607136, -0.89353922274074282, 31027.122328929137]
  #662 data/objects/space/3d/asteroid/angular_smooth_01/angular_smooth_01_01400_01.cgf
    [-0.99724561841145576, -0.32918185951239481, 0.32732112890234905, -1103.4589620179488]
    [-0.37851728399903539, 1.0256189010441916, -0.12177510843227089, -979.71855264129977]
    [-0.26874613257113078, -0.22303321431495293, -1.0430869297614622, 23574.173494953233]
  #663 data/objects/space/3d/asteroid/angular_smooth_01/angular_smooth_01_02200_column_01.cgf
    [-0.60183399862704856, 0.32284608019390698, 0.7304559785734992, 296.94497133609639]
    [-0.33780963418512239, -0.93170329159451171, 0.13346654081614368, 830.03615329288004]
    [0.72365750129605699, -0.16643039076185256, 0.66979133756907117, 24476.394105763313]
  #664 data/objects/space/3d/asteroid/angular_smooth_01/angular_smooth_01_01300_cluster_01.cgf
    [0.12581854265064893, -0.63485184803139816, 0.76231990895279922, -1154.3325109495463]
    [-0.31651193293130053, -0.75395588364025823, -0.57564706204908889, 812.84595568781015]
    [0.94020673729067561, -0.16885637324298483, -0.29579999083479858, 22769.675256978688]
  #665 data/objects/space/3d/asteroid/angular_smooth_01/angular_smooth_01_00800_cluster_01.cgf
    [-0.78888522614094636, -0.19575143086071436, 0.58252651176494141, 41997.04804399662]
    [0.58825091609098124, -0.51480763876512259, 0.62364221666248676, 23.356732394824576]
    [0.17781062766653949, 0.83465569668071016, 0.52127623032684833, 26920.514546213781]
  #666 data/objects/space/3d/asteroid/angular_smooth_01/angular_smooth_01_00900_cluster_01.cgf
    [0.076085909002185231, -0.65401916000274807, 0.75264222228571154, 976.23176856276768]
    [0.42380158985264144, -0.66204360059147993, -0.61813503809508008, -24204.934317521904]
    [0.90255392573311, 0.36600225577410367, 0.22680212053369986, 23649.281673873807]
  #667 data/objects/space/3d/asteroid/angular_smooth_01/angular_smooth_01_01400_01.cgf
    [-0.82500421835724247, -0.14887183279230554, -0.32742351505479944, 1458.1128169917611]
    [-0.35959051124569524, 0.32321475256220961, 0.75909671917696664, -25648.414578814856]
    [-0.0079777836420997211, 0.82666216935591941, -0.35576249639464574, 23132.779895341271]
  #668 data/objects/space/3d/asteroid/angular_smooth_01/angular_smooth_01_01300_cluster_01.cgf
    [-0.39401247300492037, -0.53898685236626298, 0.74447396024884716, -2002.7633907539293]
    [-0.91442447359817325, 0.14826932088956102, -0.37661415794337721, -19151.832230084103]
    [0.092607702687182519, -0.82915831712345722, -0.55128434763173328, 26008.517186287565]
  #669 data/objects/space/3d/asteroid/angular_smooth_01/angular_smooth_01_01400_01.cgf
    [0.68852054922381833, 0.23867438287819479, 0.68481622525776742, -1646.8782237665428]
    [0.093619748739237521, -0.96564269206401998, 0.24242277952248331, -19108.749934677824]
    [0.71914815307041302, -0.10280077987601752, -0.68720972323909157, 25401.551939901699]
  #670 data/objects/space/3d/asteroid/angular_smooth_01/angular_smooth_01_01400_01.cgf
    [-0.46442543745462733, -0.82300604676010281, -0.32706133077865679, -1657.7027293490482]
    [0.060402739880596495, -0.39788210663832702, 0.9154454611178563, -16155.968720575656]
    [-0.88354941916641849, 0.40540095000218607, 0.23449850250551757, 22174.079762527166]
  #671 data/objects/space/3d/asteroid/angular_smooth_01/angular_smooth_01_01300_cluster_01.cgf
    [0.97272907238119199, 0.20841077638719988, 0.10180096867734975, -2544.8066234308221]
    [0.01110786566163773, 0.3965403535472129, -0.91795027126889128, -16629.286941497736]
    [-0.2316788817704479, 0.89404755661422874, 0.38341126671924869, 23374.735374373176]
  #672 data/objects/space/3d/asteroid/angular_smooth_01/angular_smooth_01_01300_cluster_01.cgf
    [0.65177357508122258, 0.53842716355101272, 0.53412164089490899, 34613.684379263002]
    [0.74245452399486078, -0.5966947904328761, -0.30449160541113096, -24276.658129046737]
    [0.15476116283300431, 0.59502104796107358, -0.78866815953092673, 21650.271031820135]
  #673 data/objects/space/3d/asteroid/angular_smooth_01/angular_smooth_01_00900_cluster_01.cgf
    [0.58192165815891006, 0.081209162675072652, 0.80917923851977203, 30478.203908926855]
    [0.74302928175776006, -0.4575380125324765, -0.48843140554904774, -24484.5631503724]
    [0.33056535602566045, 0.88547322002061957, -0.3265922632429975, 26541.428385517578]
  #674 data/objects/space/3d/asteroid/angular_smooth_01/angular_smooth_01_03900_column_01.cgf
    [-0.29213866320455995, 0.41321181309229171, 0.61960442895373946, 33502.228298657756]
    [0.74371520707916094, 0.12677679595499908, 0.26610897046819243, -27160.907194096428]
    [0.039259923806719832, 0.67318815417788025, -0.43043584522472683, 23798.912899875046]
  #675 data/objects/space/3d/asteroid/angular_smooth_01/angular_smooth_01_01400_01.cgf
    [0.61933164046366029, -0.8363660085604856, 0.3562582624156041, 26507.968788476814]
    [0.88189463152223335, 0.65738703684483213, 0.010191828826474318, -26955.497905977216]
    [-0.22065789971593586, 0.27988196477652072, 1.0406612838863465, 25156.617777018164]
  #676 data/objects/space/3d/asteroid/angular_smooth_01/angular_smooth_01_01300_cluster_01.cgf
    [0.00044663694920701153, 0.87507152414762746, 0.48399275627487459, 25068.820932457911]
    [-0.5086743638243808, 0.41689670776841109, -0.75329070525587094, -26144.957768839588]
    [-0.86095850776240268, -0.24585833860777317, 0.4453127948237377, 26221.967543923533]
  #677 data/objects/space/3d/asteroid/angular_smooth_01/angular_smooth_01_02200_column_01.cgf
    [0.44001466033084458, -0.69999302121350926, 0.56249139598281328, 6942.6751793058547]
    [0.70771708247891774, -0.1152429887131189, -0.6970332031749823, -7276.8646997259966]
    [0.55274164984180396, 0.70478970297048948, 0.44468848054037668, 1373.1179247874366]
  #678 data/objects/space/3d/asteroid/angular_smooth_01/angular_smooth_01_00800_cluster_01.cgf
    [0.36615690258197781, 0.19621978992364136, 0.27825689289236843, 4984.7095902576566]
    [0.074742970982292947, 0.35233093032128054, -0.34680886023269647, -5863.4496972027018]
    [-0.33217855543146235, 0.29556842065667971, 0.22868471249780536, 3465.6710310020735]
  #679 data/objects/space/3d/asteroid/angular_smooth_01/angular_smooth_01_01300_cluster_01.cgf
    [0.56994347243314936, -0.52256524666453574, -0.63410528513878384, 5663.4346695070817]
    [0.0094031679191745408, 0.77581192352147044, -0.63089377171332195, -5971.9554271211582]
    [0.82162980112431971, 0.35361127489378846, 0.44708281962524782, 76.913666384280077]
  #680 data/objects/space/3d/asteroid/angular_smooth_01/angular_smooth_01_00900_cluster_01.cgf
    [0.47767167176257369, -0.13584963891309734, -0.058091489024907794, 2962.4505507012477]
    [-0.072978474851399536, -0.046003821672655404, -0.49250153511869993, -7425.1383754711296]
    [0.1284674577405249, 0.47898694710095541, -0.063777647361711695, 2944.5771305102626]
  #681 data/objects/space/3d/asteroid/angular_smooth_01/angular_smooth_01_02200_column_01.cgf
    [-0.18004635730717836, -0.97086307840680841, -0.15813586296367602, 1238.4614109734921]
    [-0.20776448467889366, 0.19467020090176426, -0.95861159534786344, -7049.3931855138153]
    [0.96146554128316253, -0.13973959644895778, -0.23676067464372705, 2920.7294785606391]
  #682 data/objects/space/3d/asteroid/angular_smooth_01/angular_smooth_01_00800_cluster_01.cgf
    [0.049927969339437085, 0.19621942860407088, -0.4571708959301013, 3476.2838908566309]
    [-0.33576880384322649, 0.35233107985433876, 0.11455223657338104, -7694.5687292962739]
    [0.36710571040631945, 0.29556867286058397, 0.16695104486077339, 2524.1166322969198]
  #683 data/objects/space/3d/asteroid/angular_smooth_01/angular_smooth_01_00400_01.cgf
    [0.99839012102359082, 0.053344122871274456, -0.019276063176832187, 3484.7473004701624]
    [-0.047662741881165024, 0.97325836105872199, 0.22471408829813749, -7417.2112376490804]
    [0.030747765656585362, -0.22343357625564711, 0.97423406208300012, 3241.1401830708774]
  #684 data/objects/space/3d/asteroid/angular_smooth_01/angular_smooth_01_03500_cluster_01.cgf
    [-0.82973996352950963, 0.46183305894852983, -0.31343688192682445, -6867.6624498619685]
    [0.50028148119647198, 0.86437481320419851, -0.050749209233151224, -16327.722839758138]
    [0.24748917726161346, -0.19891522900011929, -0.94825244485733762, 15508.869097152288]
  #685 data/objects/space/3d/asteroid/angular_smooth_01/angular_smooth_01_00800_cluster_01.cgf
    [-0.35492128038054815, -0.4367415601225999, 0.27186891534351565, 5679.2084711240841]
    [-0.50148386463223504, 0.22003919442005485, -0.30120043022519294, -20936.202662393847]
    [0.1147598840270431, -0.38918450035426727, -0.47538469310385767, 18252.449208385817]
  #686 data/objects/space/3d/asteroid/angular_smooth_01/angular_smooth_01_00800_cluster_01.cgf
    [-0.24851957337364078, 0.19323145977961195, -0.53992964189684955, 9516.2020743501798]
    [-0.16128114886255343, -0.58824986038825822, -0.13628971484307209, -24031.403224742182]
    [-0.55031882238298446, 0.08513576394131453, 0.28377013413389768, 17055.586291806798]
  #687 data/objects/space/3d/asteroid/angular_smooth_01/angular_smooth_01_00900_cluster_01.cgf
    [-0.45152721093095133, 0.24981572864068136, -0.35261822686011052, 6242.8358725128483]
    [0.27105479101806257, -0.23347003539143443, -0.51248939232124946, -21169.740448648154]
    [-0.33656620813206628, -0.52317127090406501, 0.060326969470998915, 18578.446097357129]
  #688 data/objects/space/3d/asteroid/angular_smooth_01/angular_smooth_01_00800_cluster_01.cgf
    [-0.03369337180073663, 0.61529326371926085, -0.10441773280436122, 6039.9419780807766]
    [0.62408141543509432, 0.032655947454265193, -0.0089488887577719393, -21205.258199298994]
    [-0.0033541333950878678, -0.10474681533664831, -0.61615011244955853, 18772.447438464245]
  #689 data/objects/space/3d/asteroid/angular_smooth_01/angular_smooth_01_00900_cluster_01.cgf
    [0.4335777661918519, -0.35346083016053842, -0.27874648033995664, 9972.46267810067]
    [-0.42721599932943427, -0.44505889853259456, -0.10016438912863949, -24500.41346757887]
    [-0.14184727236236744, 0.2600227999133608, -0.55035564223888866, 16505.287521169379]
  #690 data/objects/space/3d/asteroid/angular_smooth_01/angular_smooth_01_00800_cluster_01.cgf
    [0.090569160393635745, 0.29002079341487041, -0.54617752242391793, 5267.664040495074]
    [-0.6181326506072562, 0.026144183904680554, -0.088618436737140288, -24367.101489606379]
    [-0.01827492455164156, 0.5530182098841735, 0.29062279005209574, 16742.165118431323]
  #691 data/objects/space/3d/asteroid/angular_smooth_01/angular_smooth_01_01300_cluster_01.cgf
    [-0.36760234798874464, -0.92943887395914693, -0.7506737677102443, 9644.0646388453788]
    [-1.1947067691951021, 0.29030658260820802, 0.22560371436508761, -24128.554517007102]
    [0.0065925407956306014, 0.78381418708101713, -0.97369968200567913, 16722.883296918608]
  #692 data/objects/space/3d/asteroid/angular_smooth_01/angular_smooth_01_01700_column_01.cgf
    [0.34628738992200914, 1.7169460118315034, 1.1434211705308772, 8565.9261408465827]
    [-1.934539049863192, 0.67280906841717292, -0.42440211968289898, -23642.153580695409]
    [-0.71615238973051254, -0.98724611272610996, 1.6993238080989055, 14258.277473092667]
  #693 data/objects/space/3d/asteroid/angular_smooth_01/angular_smooth_01_00800_cluster_01.cgf
    [-0.41666923188553001, -0.44051305630030907, -0.15152434485968488, 8636.858744176825]
    [0.18807331255826376, 0.026915715422533185, -0.59542304458504824, -24775.989766620271]
    [0.4261922206699198, -0.44254764732006829, 0.11461413328289161, 14647.159275371774]
  #694 data/objects/space/3d/asteroid/angular_smooth_01/angular_smooth_01_01300_cluster_01.cgf
    [-0.17585097216438084, -0.47445660291582692, 1.1430086854474226, 5257.8726936750136]
    [1.2131148810861816, -0.29445754705912663, 0.064409050117290853, -23153.946240548888]
    [0.24480647120926299, 1.1183412593655504, 0.50188057018036969, 15842.900942532662]
  #695 data/objects/space/3d/asteroid/angular_smooth_01/angular_smooth_01_00800_cluster_01.cgf
    [-0.56607501803519933, 0.13792417785836364, -0.22618689807235048, 5392.2741502974059]
    [-0.23848195148819945, -0.032917633795252157, 0.57677318413805456, -21678.887771589471]
    [0.11536875882091076, 0.60870178929297114, 0.082442094470642671, 18218.998254692226]
  #696 data/objects/space/3d/asteroid/angular_smooth_01/angular_smooth_01_00800_cluster_01.cgf
    [0.2194993467972732, 0.25314313188067117, 0.52760105842271754, 9760.10786170559]
    [0.037938910654702063, -0.56846574440681519, 0.25696618805962851, -24453.491491920457]
    [0.58395630069848659, -0.05821973487750496, -0.21501113147204298, 16644.002540641231]
  #697 data/objects/space/3d/asteroid/angular_smooth_01/angular_smooth_01_01700_column_01.cgf
    [-2.0325991741145981, -0.34827622495518568, 0.34996414785458468, 5906.5180226576504]
    [0.34500135892742356, -2.0624808725363049, -0.048758066246308469, -21427.72505490941]
    [0.3531930010502074, 0.010342041230493908, 2.0616445819918381, 15187.016424600624]
  #698 data/objects/space/3d/asteroid/angular_smooth_01/angular_smooth_01_00800_cluster_01.cgf
    [-0.063956754696909007, 0.084966030566876752, 0.48855878638685957, 6587.6359927010371]
    [0.17147898662073058, 0.46600525500788975, -0.058595563228046613, -21503.63272039625]
    [-0.4652997649404304, 0.16006016535101189, -0.088748255147016952, 12887.070071604583]
  #699 data/objects/space/3d/asteroid/angular_smooth_01/angular_smooth_01_00800_cluster_01.cgf
    [0.13029554616712638, -0.022368076153281517, -0.48220523638961849, 6367.129158456607]
    [-0.090726154051938027, 0.48942658278383627, -0.047217954411827051, -21061.651088496321]
    [0.47412127752644778, 0.099802001067585661, 0.12348167865295398, 12758.460940903376]
  #700 data/objects/space/3d/asteroid/angular_smooth_01/angular_smooth_01_00900_cluster_01.cgf
    [-0.20647434032848766, 0.45104069239956962, -0.062686064917777951, 6189.7563800749167]
    [0.43498128483180731, 0.21571707961294384, 0.11939985577284488, -20958.048894524909]
    [0.13475359283235894, -0.0052285286862417887, -0.48146966036894912, 12778.203451506346]
  #701 data/objects/space/3d/asteroid/angular_smooth_01/angular_smooth_01_01300_cluster_01.cgf
    [-0.34936770282736818, 0.92208649928091024, -0.16642874251828468, 11087.026579418103]
    [0.75990413594778805, 0.38274948379274754, 0.52540305204390003, 5806.172601072396]
    [0.54816762277772979, 0.05708897241565275, -0.83441772322857055, 16091.874116116946]
  #702 data/objects/space/3d/asteroid/angular_smooth_01/angular_smooth_01_02200_column_01.cgf
    [0.30549437635312809, 0.28369086741300864, -0.90895154953742519, 9238.8044046288524]
    [0.48634454574127323, 0.774191152287378, 0.40508922991246621, 7003.1056312869459]
    [0.81862226361597712, -0.56581604175722622, 0.098539525297501512, 16505.184324525406]
  #703 data/objects/space/3d/asteroid/angular_smooth_01/angular_smooth_01_00900_cluster_01.cgf
    [0.56286084280600801, -0.2573169204671712, 0.087181694295464435, 818.16049252312359]
    [0.23587008662869735, 0.56234770392706457, 0.13695012181431371, -18471.400073882171]
    [-0.13482561927433209, -0.090432494560727633, 0.60354700733086464, 6105.9825230173537]
  #704 data/objects/space/3d/asteroid/angular_smooth_01/angular_smooth_01_00800_cluster_01.cgf
    [-0.16661022140981779, -0.22922496255719194, 0.55706597661660262, 908.02969300430686]
    [0.60163410902985759, -0.092153541112123233, 0.14201998223394288, -18393.643633162879]
    [0.030049702411250712, 0.5740985917440784, 0.24522107165544549, 6396.1534643189407]
  #705 data/objects/space/3d/asteroid/angular_smooth_01/angular_smooth_01_00800_cluster_01.cgf
    [-0.24028980765833999, 0.53034928974598328, 0.22719003087970804, 1028.4870254136808]
    [-0.57146899296310827, -0.25265409812113637, -0.01462763528393317, -18216.990404316133]
    [0.079428391315212621, -0.21335512297153755, 0.58206150283672853, 5742.5461103324897]
  #706 data/objects/space/3d/asteroid/angular_smooth_01/angular_smooth_01_02200_column_01.cgf
    [-0.43175236967097319, 1.1962165480539928, -1.0115702430943287, 1919.8881685453402]
    [1.3963075060990355, 0.76959630972146442, 0.31411043240113035, -16953.839639509813]
    [0.71030538148293709, -0.7857518600000406, -1.2323468565349149, 8747.9546374769088]
  #707 data/objects/space/3d/asteroid/angular_smooth_01/angular_smooth_01_00800_cluster_01.cgf
    [0.29425898919402049, -0.054022147284275117, -0.54874296964804559, 2516.4489643306197]
    [0.54423458714111728, -0.071463228463855277, 0.29887675218006965, -15192.578096778572]
    [-0.088577385910272491, -0.61854685064040649, 0.013395227694360601, 7574.1164443663456]
  #708 data/objects/space/3d/asteroid/angular_smooth_01/angular_smooth_01_01300_cluster_01.cgf
    [-0.68014891427406954, -0.8333560190218704, 0.63672636174791397, 2538.6958906338209]
    [-1.0487382335944742, 0.54559903597274995, -0.40617123127525834, -16408.127579173994]
    [-0.0071296270490101036, -0.75521169037465041, -0.99604705255952453, 8469.9219698499583]
  #709 data/objects/space/3d/asteroid/angular_smooth_01/angular_smooth_01_00900_cluster_01.cgf
    [-0.28480436207361487, 0.53999632463903469, -0.13384870928707776, 1274.3304220437931]
    [-0.12965736846728593, 0.081802020352415863, 0.60590628691740966, -18338.679481333806]
    [0.5410179982252169, 0.30387074735854108, 0.074747085252750506, 5811.950105765528]
  #710 data/objects/space/3d/asteroid/angular_smooth_01/angular_smooth_01_00800_cluster_01.cgf
    [-0.45985275894530647, 0.42237230669278181, 0.0276264292959577, 2627.7089189091766]
    [0.074491086459278363, 0.040599714241687318, 0.61921634846622531, -19622.00397188263]
    [0.41666852904286189, 0.4588893578072476, -0.080212462639827911, 7885.7961793395862]
  #711 data/objects/space/3d/asteroid/angular_smooth_01/angular_smooth_01_00800_cluster_01.cgf
    [-0.42553508750308133, -0.18239229112120584, -0.41985488787085073, 952.53773643165187]
    [0.42890145751039871, 0.041457745916036799, -0.45271401621195634, -17604.404480204033]
    [0.15996441627731764, -0.59635517342340638, 0.096938527335308763, 6496.9180862103094]
  #712 data/objects/space/3d/asteroid/angular_smooth_01/angular_smooth_01_00800_cluster_01.cgf
    [-0.45985052973436807, -0.42327280603593709, 0.0014346380805960635, 923.65692389032483]
    [0.074492897723439394, -0.083014671276835941, -0.61496651027068239, -18630.489833370368]
    [0.41666861497444646, -0.45229761467003127, 0.11152833394260707, 6796.9708245375641]
  #713 data/objects/space/3d/asteroid/angular_smooth_01/angular_smooth_01_00800_cluster_01.cgf
    [-0.5269710804818164, -0.18530302804795029, -0.28033759976305705, 1586.3623567036684]
    [0.32031870261100509, -0.11934933355490396, -0.52323662624708067, -16255.631060866392]
    [0.10159877362573794, -0.58484478802934137, 0.1955995010767799, 8750.8609784801956]
  #714 data/objects/space/3d/asteroid/angular_smooth_01/angular_smooth_01_03500_cluster_01.cgf
    [-0.53459162738961463, 0.058771980931570739, -0.15747624855899947, 451.85255894510919]
    [0.15283074702584837, -0.048592972222573007, -0.53695680318998729, -16978.287461503925]
    [-0.069969117232946743, -0.55518078135492832, 0.030327303303901546, 6323.0748559753756]
  #715 data/objects/space/3d/asteroid/angular_smooth_01/angular_smooth_01_00800_cluster_01.cgf
    [-0.59915072569746042, 0.093187990102589741, -0.15152514204359438, 6727.8990244034821]
    [0.12886975064909154, -0.1396021536508904, -0.59542362091049039, -20239.455883839459]
    [-0.12262323408853965, -0.60204044670699508, 0.1146137219751388, 15994.136005341232]
  #716 data/objects/space/3d/asteroid/angular_smooth_01/angular_smooth_01_00800_cluster_01.cgf
    [0.92596778106712851, 0.030367222928244696, 0.8391430345284977, 6640.3514163961136]
    [-0.75333225025969808, 0.58183262034846139, 0.81022271926770462, -16324.258745484198]
    [-0.37090931687506712, -1.1059150807681937, 0.44930796229891312, 16630.490425725508]
  #717 data/objects/space/3d/asteroid/angular_smooth_01/angular_smooth_01_02200_column_01.cgf
    [-0.17679778635685731, -1.2337246957482768, 0.095737758244544238, 6266.7862354956633]
    [1.0675886273404473, -0.10317352482252751, 0.64195758976943995, -19030.07282590101]
    [-0.62569710405771284, 0.17256418918788186, 1.0682811123937719, 14873.471990580805]
  #718 data/objects/space/3d/asteroid/angular_smooth_01/angular_smooth_01_02200_column_01.cgf
    [0.92596818672484726, 0.80331207022024609, 0.24448429185273712, 7124.9337903229189]
    [-0.75333206676680375, 0.95550677284671204, -0.28635212270156346, -15682.969991085778]
    [-0.37090921841486746, 0.064780080528645173, 1.1919437179717622, 15643.94033177281]
  #719 data/objects/space/3d/asteroid/angular_smooth_01/angular_smooth_01_01300_cluster_01.cgf
    [-0.62001926258101059, -0.77690594049918027, 0.10950675749996065, 1262.4719786477503]
    [0.75864985476492441, -0.5580654885165085, 0.33617222473690667, 1270.1470358829538]
    [-0.20006241072782832, 0.29151076555847161, 0.93541165358886502, 6685.9027617275806]
  #720 data/objects/space/3d/asteroid/angular_smooth_01/angular_smooth_01_00800_cluster_01.cgf
    [0.90762134412736528, 0.32136960153854266, 0.27007491663193456, 419.25511357448795]
    [-0.19329217493216813, -0.25116131764840083, 0.94844689536603177, 2503.5853305699511]
    [0.37263523249523817, -0.91303612054859606, -0.16584152609989575, 9350.1735533237952]
  #721 data/objects/space/3d/asteroid/angular_smooth_01/angular_smooth_01_02200_column_01.cgf
    [0.19233135382457797, 0.84611140654855144, 0.49709488289813902, -1600.7593950526393]
    [0.83113667995238782, 0.12887074293921874, -0.54092821650482747, -1860.1366146502223]
    [-0.52174673370592828, 0.51719145766515062, -0.67844861746816842, 10723.585381608067]
  #722 data/objects/space/3d/asteroid/angular_smooth_01/angular_smooth_01_03900_column_01.cgf
    [0.17547873611584777, -0.75341595317222243, -0.20388885074292593, 813.3708356244033]
    [0.46247018232994352, -0.067979717856280861, 0.64922964904291314, -2465.7072581675984]
    [-0.62875081901130625, -0.26027333372104589, 0.42062958541552875, 6573.7418936141157]
  #723 data/objects/space/3d/asteroid/angular_smooth_01/angular_smooth_01_02200_column_01.cgf
    [0.054542239351144335, 1.1983338258585856, 0.031994836715543734, 384.00613526406823]
    [-1.1526466530677777, 0.043627537979268785, 0.33091511713471794, 2048.7041668897664]
    [0.32929215135648032, -0.04577295467587035, 1.1530281866988461, 6586.328899833512]
  #724 data/objects/space/3d/asteroid/angular_smooth_01/angular_smooth_01_02200_column_01.cgf
    [-0.58369901709482308, -1.0483183597350583, -0.018027848908410825, 23677.183262195387]
    [-0.99638904625462787, 0.54819860489281347, 0.38299880854735874, -17319.814027904598]
    [-0.3263514289805709, 0.20126558445819845, -1.1370962310052606, 10374.313637767107]
  #725 data/objects/space/3d/asteroid/angular_smooth_01/angular_smooth_01_00900_cluster_01.cgf
    [0.93340688998360932, -0.25560552104993534, 0.25182694545067752, 16156.756971304148]
    [-0.28968422221101908, -0.12265580454334532, 0.94923022503970167, 7796.9998596884197]
    [-0.21174051158959725, -0.95896860550057472, -0.18853271475041114, 14525.077826584473]
  #726 data/objects/space/3d/asteroid/angular_smooth_01/angular_smooth_01_00900_cluster_01.cgf
    [0.4820467909024635, 0.069593116849413716, 0.1130817044632403, 11423.586448682085]
    [0.058153071697935099, -0.4934624806919215, 0.055792318628650299, 5470.3344551526452]
    [0.11936873145519555, -0.040636937053004724, -0.48383832807480082, 6862.3804117244108]
  #727 data/objects/space/3d/asteroid/angular_smooth_01/angular_smooth_01_01700_column_01.cgf
    [0.46570349793423882, -0.1074721774946036, -0.14686722001542898, 11863.518627330935]
    [0.11298715736608135, 0.48706308601281068, 0.001857350986582073, 5931.4122450198811]
    [0.14266797650777968, -0.034918169295130738, 0.47793992004323077, 6061.7431774279576]
  #728 data/objects/space/3d/asteroid/angular_smooth_01/angular_smooth_01_00800_cluster_01.cgf
    [0.17227369299385425, -0.021283642371313825, 0.46890186065170386, 11924.03995256051]
    [0.44257927137092029, 0.17374275713411974, -0.15471656843783813, 6046.1535229417059]
    [-0.15635068566528648, 0.46835951422364092, 0.07870198333682879, 5696.4535756109126]
  #729 data/objects/space/3d/asteroid/angular_smooth_01/angular_smooth_01_00800_cluster_01.cgf
    [0.019255955714436144, 0.27167648024415592, 0.4193103396249398, 5171.117493265594]
    [-0.14165194436292347, 0.40537229143113152, -0.25614077118410672, -3812.9548266032652]
    [-0.47912837266482017, -0.10892776545368246, 0.092578653509006265, 7713.6276038388842]
  #730 data/objects/space/3d/asteroid/angular_smooth_01/angular_smooth_01_00800_cluster_01.cgf
    [0.074831928534666775, 0.1848578705318559, -0.45850567028433054, 5158.761134818179]
    [0.18342718708959568, 0.42024531754663591, 0.19936910398855381, -3502.3652526287074]
    [0.45907989393661547, -0.1980432788337638, -0.0049203862237732071, 7308.7897949177432]
  #731 data/objects/space/3d/asteroid/angular_smooth_01/angular_smooth_01_00900_cluster_01.cgf
    [0.4820467909024635, 0.069593116849413716, 0.1130817044632403, 10459.559169101005]
    [0.058153071697935099, -0.4934624806919215, 0.055792318628650299, 3554.326566907107]
    [0.11936873145519555, -0.040636937053004724, -0.48383832807480082, 9902.3168451982019]
  #732 data/objects/space/3d/asteroid/angular_smooth_01/angular_smooth_01_00900_cluster_01.cgf
    [-0.25202928470807978, 0.39683855809764734, 0.17029561999136925, 10826.486964420797]
    [0.062613924925081665, 0.2286746343002137, -0.44021313901889703, 3606.4505342967122]
    [-0.42727150125738661, -0.2005673706423223, -0.16496058249962445, 10152.176673729629]
  #733 data/objects/space/3d/asteroid/angular_smooth_01/angular_smooth_01_00800_cluster_01.cgf
    [-0.10323294393206189, -0.10043203979310546, -0.47880729948792672, 10920.683232535495]
    [-0.43166573203713593, -0.21159344621534582, 0.13745171761881531, 3112.9487262364837]
    [-0.23023405578838399, 0.44174844003631186, -0.043019305590881192, 9474.5386076134819]
  #734 data/objects/space/3d/asteroid/angular_smooth_01/angular_smooth_01_03500_cluster_01.cgf
    [-0.29390925649252286, 0.022986906889304048, -0.33774992752727062, 10854.375441937842]
    [-0.33806026601356343, -0.04351498519569863, 0.29121772798244722, 2460.0939903631734]
    [-0.017851273787964372, 0.44560533060106267, 0.045861572684182367, 9466.8628451113436]
  #735 data/objects/space/3d/asteroid/angular_smooth_01/angular_smooth_01_00800_cluster_01.cgf
    [-0.21793508823546845, -0.17177516573759968, -0.41593020369857292, 11908.980848444302]
    [-0.41372954473876333, -0.1052992973821852, 0.26026960325437809, 3273.1842849544446]
    [-0.17700990289577537, 0.45760867015798101, -0.096240032575794041, 8306.6002556294134]
  #736 data/objects/space/3d/asteroid/angular_smooth_01/angular_smooth_01_00800_cluster_01.cgf
    [-0.40881905980505701, 0.25023681182820878, 0.1422975001660676, 10713.767230678077]
    [0.28781455238745218, 0.35062589228658086, 0.21029581854996232, 3410.5630077643982]
    [0.0054611337164476408, 0.2538564276744667, -0.43072863191833261, 10164.958505525612]
  #737 data/objects/space/3d/asteroid/angular_smooth_01/angular_smooth_01_00900_cluster_01.cgf
    [-0.00541294558683125, 0.49996846730478028, -0.001360771471151122, 5041.351941108871]
    [0.46271047964212347, 0.0044940328324624256, -0.18941603859301531, -3357.8820984788167]
    [-0.18939200623955574, -0.0033098863762136936, -0.46273030223095013, 7219.7721995062802]
  #738 data/objects/space/3d/asteroid/angular_smooth_01/angular_smooth_01_00800_cluster_01.cgf
    [0.14672067655730822, -0.19866518021158419, 0.43474696006481672, 10551.380896458631]
    [-0.45927588981449219, 0.067405156232562061, 0.18580078576772796, 3593.5413704308698]
    [-0.13243273820776716, -0.45385947288593353, -0.16270488242837203, 9672.1933448394775]
  #739 data/objects/space/3d/asteroid/angular_smooth_01/angular_smooth_01_01700_column_01.cgf
    [-0.063598899544688878, -0.49235985082111766, -0.059471355221711694, 3036.1259713019676]
    [0.46627832100416966, -0.07978803649739219, 0.16192060217655765, -7756.970524406981]
    [-0.16893665130466154, -0.03486447112883341, 0.46930241989006366, 4622.3229174438366]
  #740 data/objects/space/3d/asteroid/angular_smooth_01/angular_smooth_01_00900_cluster_01.cgf
    [-0.00541294558683125, 0.49996846730478028, -0.001360771471151122, 3370.4737795076326]
    [0.46271047964212347, 0.0044940328324624256, -0.18941603859301531, -7668.5733323814402]
    [-0.18939200623955574, -0.0033098863762136936, -0.46273030223095013, 5585.4171306151948]
  #741 data/objects/space/3d/asteroid/angular_smooth_01/angular_smooth_01_00900_cluster_01.cgf
    [-0.071669787167364135, -0.33018022653630985, -0.36857092739010838, 13087.514822076153]
    [-0.49435283757072673, 0.064242761818624178, 0.038577304792777822, 6259.1877973670726]
    [0.021881099116453907, 0.36993777106931819, -0.33565954767160922, 4910.75728183924]
  #742 data/objects/space/3d/asteroid/angular_smooth_01/angular_smooth_01_00800_cluster_01.cgf
    [-0.1648843989769084, 0.42501512047686102, -0.2053665770055717, 13593.757762254183]
    [-0.20490346518607711, 0.13152541619295277, 0.43671018245620408, 5109.5748359844492]
    [0.42523858425557315, 0.22817397062818598, 0.13080112460910243, 5018.113257799343]
  #743 data/objects/space/3d/asteroid/angular_smooth_01/angular_smooth_01_00900_cluster_01.cgf
    [0.4820467909024635, 0.069593116849413716, 0.1130817044632403, 14429.252646371911]
    [0.058153071697935099, -0.4934624806919215, 0.055792318628650299, 4438.3629813790794]
    [0.11936873145519555, -0.040636937053004724, -0.48383832807480082, 7160.2251826890706]
  #744 data/objects/space/3d/asteroid/angular_smooth_01/angular_smooth_01_00400_01.cgf
    [0.071725014727737194, 0.92156642174896919, -0.38153778033724089, 12990.191581613351]
    [-0.99385701838393214, 0.033708778907627891, -0.10541428029977185, 5701.6305565385246]
    [-0.084285078921883277, 0.38675479801408985, 0.91832291539619881, 5111.9156255386961]
  #745 data/objects/space/3d/asteroid/angular_smooth_01/angular_smooth_01_01300_cluster_01.cgf
    [-0.030332460288091286, 0.97107269810444796, -0.23684795697760716, 13092.329618261849]
    [-0.97148541538458644, 0.027104459285723005, 0.23554327385283924, 5624.2089874241519]
    [0.23514937257699925, 0.2372390380152973, 0.94256119657753112, 4808.0434142727281]
  #746 data/objects/space/3d/asteroid/angular_smooth_01/angular_smooth_01_00800_cluster_01.cgf
    [-0.47606256006607134, 0.13966845664502742, -0.062108801109468752, 13177.649976732138]
    [-0.12000196834621407, -0.21565825871224426, 0.43484639252931401, 5795.277108481233]
    [0.094680032477253012, 0.4289342370586896, 0.23885446150848336, 4372.1783171017596]
  #747 data/objects/space/3d/asteroid/angular_smooth_01/angular_smooth_01_01000_01.cgf
    [-1.2116822678610635, 0.054294095233075275, 0.051962103236389313, 3099.8513987456517]
    [0.067598116117898135, 1.1541725691202334, 0.37032148545090932, -21644.195335329841]
    [-0.03283905673490925, 0.37250457596126063, -1.1549821489700782, 5457.7797601984685]
  #748 data/objects/space/3d/asteroid/angular_smooth_01/angular_smooth_01_00800_cluster_01.cgf
    [0.28302066703732998, -0.049210805218261586, -0.55506883192666789, 3555.9039961268591]
    [0.5271630901360681, 0.22542944375985041, 0.24880605254140548, -21033.503012115158]
    [0.18061613417648201, -0.58084737412922438, 0.14358951751171919, 9044.2067554646856]
  #749 data/objects/space/3d/asteroid/angular_smooth_01/angular_smooth_01_02200_column_01.cgf
    [0.021169116173707255, 0.030467717392006061, -0.99931125946908139, 14900.531788816077]
    [0.78679490453662337, 0.61619492270012866, 0.035454224263475817, -11013.468620013449]
    [0.61685091659165636, -0.78700377509884922, -0.010927546134893691, 13988.876822318482]
  #750 data/objects/space/3d/asteroid/angular_smooth_01/angular_smooth_01_01300_cluster_01.cgf
    [-0.29013230805421081, -0.84679645299090878, 0.44582476721788283, 18599.741476810035]
    [0.83419244064780773, -0.4520870067932598, -0.31581802085139493, -9146.4525373377091]
    [0.46898499744545946, 0.28027453956871279, 0.83755594838813952, 15618.920018388515]
  #751 data/objects/space/3d/asteroid/angular_smooth_01/angular_smooth_01_01300_cluster_01.cgf
    [-0.96570335541189345, -0.040781373032269731, -0.25642505578595876, 30417.423940811463]
    [0.012402226843043982, -0.99370604103712468, 0.11133009049972525, -81.289886889475838]
    [-0.25935133389007836, 0.10433160544603057, 0.96013108583646534, 1553.2006977764868]
  #752 data/objects/space/3d/asteroid/angular_smooth_01/angular_smooth_01_03900_column_01.cgf
    [0.78142628171667794, 0.12345528425768972, -0.11887319670325462, 30758.319279842934]
    [0.10630722920820843, 0.08607805780575449, 0.78821850958069573, 1631.4712226252877]
    [0.13442773941293171, -0.78571524015790406, 0.0676743830639535, 1506.1862013351945]
  #753 data/objects/space/3d/asteroid/angular_smooth_01/angular_smooth_01_00900_cluster_01.cgf
    [0.51320709437570178, -0.20766341393064186, -0.83276187454208483, 35014.271754481066]
    [0.65299077841458242, -0.53519544504536376, 0.53587949559760073, -631.75367841720481]
    [-0.55697349710887856, -0.81880382083322756, -0.13906394716439027, 735.73358107402578]
  #754 data/objects/space/3d/asteroid/angular_smooth_01/angular_smooth_01_00900_cluster_01.cgf
    [0.51147431401864318, 0.5454454930734336, 0.66398961901337272, 18493.551674609826]
    [0.021837130845692127, -0.78071233546778518, 0.62450809677485475, -436.58577577640864]
    [0.85902045364943036, -0.30492037863482002, -0.41122548179509927, 11161.886923688311]
  #755 data/objects/space/3d/asteroid/angular_smooth_01/angular_smooth_01_00900_cluster_01.cgf
    [-0.9425182737823502, 0.2753971493907349, -0.18924706020312718, 18318.149783443034]
    [-0.1053868478340525, 0.29245585073788483, 0.95045353583145353, 1421.8876660707783]
    [0.31709880477805502, 0.91576455575566307, -0.24662190197079387, 11259.981796004644]
  #756 data/objects/space/3d/asteroid/angular_smooth_01/angular_smooth_01_01400_01.cgf
    [0.62553260168247671, 0.45211456677899675, 0.63584596786010239, 16161.416447042091]
    [0.72653388044715228, -0.63458522983060273, -0.26353143787526062, -1343.5311477713831]
    [0.28435224089166827, 0.62681154798905814, -0.72543076755318658, 7676.6970417790017]
  #757 data/objects/space/3d/asteroid/angular_smooth_01/angular_smooth_01_01300_cluster_01.cgf
    [-0.79090197298008713, -0.20392149288412215, -0.57696692188222454, 16460.951189512809]
    [0.48689903702996135, -0.78082302609588794, -0.39146578998411757, -2763.8781633986887]
    [-0.37068063335657875, -0.5905354872727836, 0.71684338693747807, 8264.4469036798564]
  #758 data/objects/space/3d/asteroid/angular_smooth_01/angular_smooth_01_00800_cluster_01.cgf
    [0.16374082502848894, 0.42493291332709993, -0.20644888970814024, 13544.139299267385]
    [0.040421048598262073, -0.2302973360499537, -0.44196092418889515, 3608.7029164175246]
    [-0.47069657287959665, 0.12804428472613974, -0.10977057939067522, 10693.174869639084]
  #759 data/objects/space/3d/asteroid/angular_smooth_01/angular_smooth_01_00800_cluster_01.cgf
    [-0.4053595447708121, -0.062042792489249522, 0.28606701434756426, 14325.281478979012]
    [-0.287763542681998, -0.0050560394236516372, -0.40886010480706719, 3808.7781328075735]
    [0.053626376911922166, -0.49611000161242058, -0.031608279513729659, 8923.7785061707073]
  #760 data/objects/space/3d/asteroid/angular_smooth_01/angular_smooth_01_00800_cluster_01.cgf
    [-0.10640477111466976, 0.47710109782341731, 0.105129284144285, 14026.388123390521]
    [-0.12823737814999575, -0.13109673432307811, 0.46515418985536866, 3695.4579225044904]
    [0.47141573878500798, 0.072026300408110366, 0.15026314425124637, 10550.269348541355]
  #761 data/objects/space/3d/asteroid/angular_smooth_01/angular_smooth_01_00800_cluster_01.cgf
    [0.28728392785750811, -0.29089793407351844, 0.28783064280481169, 14805.867877856617]
    [0.36436609357526156, 0.021733229930397682, -0.34170917277767993, 3248.1573043658591]
    [0.18629395276920793, 0.406086445057529, 0.22447383921756384, 7319.1684661068612]
  #762 data/objects/space/3d/asteroid/angular_smooth_01/angular_smooth_01_00800_cluster_01.cgf
    [0.43352897733925599, -0.062397465727048212, -0.24116248301742987, 12716.166227091589]
    [-0.24886894707595647, -0.087469157173506826, -0.42475116816999164, 2171.2400062874049]
    [0.010818231167575448, 0.48831942819358476, -0.10689837725712532, 8771.9730082590249]
  #763 data/objects/space/3d/asteroid/angular_smooth_01/angular_smooth_01_01400_01.cgf
    [1.0756180321750866, 0.16582292000100624, -0.15983937759138631, 9119.5762837464772]
    [-0.22224899796721015, 0.94757670769430036, -0.51254637302830397, -7457.4751140855169]
    [0.060425576778653046, 0.5334802346893821, 0.96007687579349432, 8980.0353638048146]
  #764 data/objects/space/3d/asteroid/angular_smooth_01/angular_smooth_01_02200_column_01.cgf
    [0.55215825306397182, -0.12525397320239481, -0.82427748151804692, 7310.1380735058356]
    [0.045187119149677706, -0.98270223682160651, 0.17959704556629377, -5797.8029772233604]
    [-0.83251429333295723, -0.1364126706365737, -0.53694710675587209, 8832.487445023562]
  #765 data/objects/space/3d/asteroid/angular_smooth_01/angular_smooth_01_02200_column_01.cgf
    [-0.32346765689970153, 0.34077656235444298, -0.8827456174506747, 8060.1903675420672]
    [-0.71489257940034934, -0.69918890702503256, -0.0079553661212351089, -11316.37123827394]
    [-0.61991700290990526, 0.62849504570974624, 0.4697836764513767, 10824.407781062091]
  #766 data/objects/space/3d/asteroid/angular_smooth_01/angular_smooth_01_01300_cluster_01.cgf
    [-0.18953298354208292, 0.77670594613502786, -0.60067045549808429, 8952.7304453718534]
    [-0.021766142914027342, -0.61493226832194936, -0.78827940168395649, -6044.43094613635]
    [-0.98163300570652723, -0.13633067642706687, 0.13345584847677458, 10335.971514863613]
  #767 data/objects/space/3d/asteroid/angular_smooth_01/angular_smooth_01_00800_cluster_01.cgf
    [0.16018859460383778, 0.13585156473191312, -0.45374427676960621, 4369.0927791380918]
    [-0.45836890465504904, -0.076204160200433607, -0.18463687442088061, -6440.804786215087]
    [-0.11932084305188567, 0.47511807007361057, 0.10012621078094287, 8209.9125989494169]
  #768 data/objects/space/3d/asteroid/angular_smooth_01/angular_smooth_01_00900_cluster_01.cgf
    [-0.00541294558683125, 0.49996846730478028, -0.001360771471151122, 4893.8880328829155]
    [0.46271047964212347, 0.0044940328324624256, -0.18941603859301531, -6771.7132508668055]
    [-0.18939200623955574, -0.0033098863762136936, -0.46273030223095013, 8859.0234671408325]
  #769 data/objects/space/3d/asteroid/angular_smooth_01/angular_smooth_01_00800_cluster_01.cgf
    [0.16018766754522937, -0.16668112751814104, 0.44334782425965197, 4480.6583843897006]
    [-0.45836948362089286, 0.063348464604208579, 0.18943169982205285, -6772.7469029807908]
    [-0.11932019121507496, -0.46712348917779495, -0.13250780432422626, 7817.1346880266428]
  #770 data/objects/space/3d/asteroid/angular_smooth_01/angular_smooth_01_00800_cluster_01.cgf
    [0.43214284340786291, 0.16039807388977409, -0.19371373597683311, 5423.9828098011731]
    [-0.24287153243540008, 0.16613498186685596, -0.40424321547165665, -6675.1817365380139]
    [-0.065314411473518172, 0.44347673717438035, 0.2215003430275401, 8311.1869486691139]
  #771 data/objects/space/3d/asteroid/angular_smooth_01/angular_smooth_01_00900_cluster_01.cgf
    [-0.059477322732530778, -0.15889323238000835, 0.47033545759030004, 4869.0861460302121]
    [-0.45076211709446279, 0.21577981156004819, 0.015894671997302434, -6325.7618108161878]
    [-0.20802888202209355, -0.42212802265333749, -0.16891409241888358, 8841.8519223416843]
  #772 data/objects/space/3d/asteroid/angular_smooth_01/angular_smooth_01_03500_cluster_01.cgf
    [0.29794090033375237, 0.00976435638659226, -0.33484634290771398, 6061.4094161514586]
    [-0.26698171401608461, 0.27758677742793936, -0.22946141611217982, -6770.1263181237373]
    [0.20233185709459672, 0.35190401311654423, 0.19029340835437369, 8435.0718103633808]
  #773 data/objects/space/3d/asteroid/angular_smooth_01/angular_smooth_01_00800_cluster_01.cgf
    [0.48351514261993939, -0.055216450141434954, -0.11473349963541063, 4885.5822741771863]
    [0.014861551748569441, -0.42298720027392639, 0.26619633380578411, -6830.361596550355]
    [-0.12645855678614609, -0.26083039984977652, -0.40740061533748495, 8615.2669494928705]
  #774 data/objects/space/3d/asteroid/angular_smooth_01/angular_smooth_01_01300_cluster_01.cgf
    [-0.52056844475557684, 0.75945928856939815, -0.39016446784922959, 6116.8135332941729]
    [-0.64963176720270488, -0.055770334382186329, 0.75819948924121483, -6655.6371994893698]
    [0.55406253257867899, 0.64815853573814164, 0.52240161866512036, 6754.6858172788707]
  #775 data/objects/space/3d/asteroid/angular_smooth_01/angular_smooth_01_02200_column_01.cgf
    [1.063090449856811, 0.23851068541901291, 0.70918846808668834, 5902.6451836533397]
    [-0.28395644470350867, 1.2686073798083053, -0.00099413791654751472, -7286.0477588480544]
    [-0.69224588683323673, -0.15409381473572056, 1.0895171698167987, 6959.2607980263947]
  #776 data/objects/space/3d/asteroid/angular_smooth_01/angular_smooth_01_00800_cluster_01.cgf
    [0.39539510368141467, 0.044905283777717679, -0.30273141262728132, 5487.0864824982909]
    [-0.3032794202808734, 0.12381723467370045, -0.37774457818684631, -6553.1506792587588]
    [0.041041271137282946, 0.48234105009246697, 0.12515113334219388, 6778.9945093190627]
  #777 data/objects/space/3d/asteroid/angular_smooth_01/angular_smooth_01_00800_cluster_01.cgf
    [-0.33730674192780613, -0.33512464814020193, -0.15464646077953845, 5047.2262588726726]
    [-0.3107672530822877, 0.37089977948968555, -0.12592443670263143, -6420.3783139827574]
    [0.19911748299539359, 0.011167791012170126, -0.45850562066584394, 8944.5885769382039]
  #778 data/objects/space/3d/asteroid/angular_smooth_01/angular_smooth_01_00800_cluster_01.cgf
    [0.30065551396790008, 0.038800810751109506, 0.39761892132560966, 6641.8998582140639]
    [0.34247985268051206, 0.23119707824759689, -0.28152354982860012, -5690.3058793633973]
    [-0.20570333011164293, 0.44163611229746386, 0.11244435017442754, 6844.6033662080054]
  #779 data/objects/space/3d/asteroid/angular_smooth_01/angular_smooth_01_01300_cluster_01.cgf
    [0.44000053885033169, -0.58467589683459253, -0.68158081014574434, 32315.805156743332]
    [0.78265229270026115, -0.1224561906167488, 0.61029390411301465, 4768.7124393372751]
    [-0.44028819406076414, -0.80197091987624192, 0.40371738769888482, 2885.6175424980106]
  #780 data/objects/space/3d/asteroid/angular_smooth_01/angular_smooth_01_00800_cluster_01.cgf
    [-0.3202662066618473, 0.74418254716012999, 0.58618806971669524, 30370.066912984821]
    [-0.3199821840649319, -0.66739373091522658, 0.67245190870543581, 7119.7228136355016]
    [0.8916476425455071, 0.027793958746617223, 0.45187004448815171, 3018.1719165624986]
  #781 data/objects/space/3d/asteroid/angular_smooth_01/angular_smooth_01_02200_column_01.cgf
    [-0.78598029235861944, 0.18778813653735477, -0.88711462384837159, 32646.744741052004]
    [-0.89261091708286566, -0.36690422179657201, 0.71318216661543654, 5690.2278543095317]
    [-0.15963236130025593, 1.1269954160730338, 0.38000079134394565, 2230.5937733844371]
  #782 data/objects/space/3d/asteroid/angular_smooth_01/angular_smooth_01_01300_cluster_01.cgf
    [0.85569663215371317, -0.48704522395108701, 0.17484153680855555, 15644.758352444655]
    [-0.36867075615076317, -0.8108770053946448, -0.45448838833108518, -13343.201467628305]
    [0.36313150059774008, 0.32444532882289789, -0.87342434207261754, 6159.8289211597385]
  #783 data/objects/space/3d/asteroid/angular_smooth_01/angular_smooth_01_02200_column_01.cgf
    [-1.1858368384784814, -0.10980253795524467, 0.14744021867097035, 16539.301683190337]
    [-0.17253445952009358, 0.99697837653582477, -0.64519004945356762, -13979.564889784124]
    [-0.063459244411399149, -0.65877290646654185, -1.0009972052509215, 6587.1517058944046]
  #784 data/objects/space/3d/asteroid/angular_smooth_01/angular_smooth_01_00800_cluster_01.cgf
    [-0.61162620252473154, 0.12811142403907255, -0.011165885831918798, 4483.4229051359471]
    [-0.021936132990009505, -0.050465020823445672, 0.6225720145760556, -17179.356903731375]
    [0.1267123515888452, 0.60964298593072042, 0.053881678248313213, 9483.4849324911957]
  #785 data/objects/space/3d/asteroid/angular_smooth_01/angular_smooth_01_00800_cluster_01.cgf
    [0.61131974401874489, -0.0082806398191563931, -0.1297785192703631, 7964.1942886224515]
    [-0.039143507443580923, -0.60651993724992914, -0.14568532537741308, -17434.542741489171]
    [-0.12401136595021013, 0.15062489571612586, -0.59376441826084159, 11075.595500172829]
  #786 data/objects/space/3d/asteroid/angular_smooth_01/angular_smooth_01_00800_cluster_01.cgf
    [-0.4567551637222923, 0.15049349270242085, -0.39918696187587127, 8133.9286476230791]
    [0.42424845375506187, 0.22171973030765382, -0.40184252157179734, -17338.988510886011]
    [0.044852774316657865, -0.56463782313175559, -0.26418962657449535, 10416.067487255576]
  #787 data/objects/space/3d/asteroid/angular_smooth_01/angular_smooth_01_00900_cluster_01.cgf
    [-0.46030958055091609, -0.37226702566765302, -0.20038718102202904, 8262.9953888183445]
    [-0.40463611820004725, 0.47376860367297258, 0.049351724246637092, -17325.739322979403]
    [0.12250458181388084, 0.16608203526774873, -0.58994241724111107, 10701.527952197499]
  #788 data/objects/space/3d/asteroid/angular_smooth_01/angular_smooth_01_00800_cluster_01.cgf
    [-0.045891232953385125, 0.22902628080264789, 0.57971037454789631, 5777.7456312291652]
    [0.62244967635327486, 0.047394420226321468, 0.030550454298609201, -16715.741367397244]
    [-0.032765165411740203, 0.57958941721865032, -0.23157226151338542, 8262.9731518694371]
  #789 data/objects/space/3d/asteroid/angular_smooth_01/angular_smooth_01_02200_column_01.cgf
    [-1.0805542556840444, -1.1832694685898901, 0.26996679096534987, 6240.8889397858038]
    [1.0925218582011054, -0.79089532583080124, 0.90635907670736315, -17328.623234438433]
    [-0.52858745054525635, 0.78419650042576627, 1.3214527455963294, 8170.1532717589271]
  #790 data/objects/space/3d/asteroid/angular_smooth_01/angular_smooth_01_03500_cluster_01.cgf
    [0.11679048205936181, 0.051602993198971735, 0.54565272246038332, 7098.4037323669663]
    [0.53475126915247195, -0.13305060669225049, -0.10187440961214937, -16299.427091327647]
    [0.12017005689996886, 0.54191737957636166, -0.076970710487348964, 10668.386452332312]
  #791 data/objects/space/3d/asteroid/angular_smooth_01/angular_smooth_01_00900_cluster_01.cgf
    [0.21150809105034435, -0.34183366678441435, -0.47857831783628002, 7953.5327935253599]
    [0.25027999283796276, -0.40791969072331918, 0.40197585217928589, -17699.89581656782]
    [-0.5322099089976724, -0.32768033935980317, -0.0011587026260602244, 10977.932937011865]
  #792 data/objects/space/3d/asteroid/angular_smooth_01/angular_smooth_01_00800_cluster_01.cgf
    [-0.19260130427187305, 0.086249386620442375, 0.58829341282663461, 7409.0428779384147]
    [0.58837512568593253, 0.11676788462313976, 0.1755087783261525, -17008.51890245824]
    [-0.085690184628548494, 0.60790596567485078, -0.11717887109069898, 10397.056644778489]
  #793 data/objects/space/3d/asteroid/angular_smooth_01/angular_smooth_01_01300_cluster_01.cgf
    [1.2424259161325781, -0.047969694833069919, 0.12874364785231981, 5489.9944278418634]
    [0.1233841040267237, 0.90481503645784356, -0.85357148982137998, -17656.954515371763]
    [-0.060434934915350187, 0.8611079106244407, 0.90406800654838126, 8464.0585645929332]
  #794 data/objects/space/3d/asteroid/angular_smooth_01/angular_smooth_01_00800_cluster_01.cgf
    [0.12005020156224554, -0.26097961584487872, -0.55506915286992375, 8327.9693381892685]
    [0.48472385979005689, -0.30620629357665663, 0.2488064725317384, -19260.068475276712]
    [-0.37583893372627653, -0.47827975196208861, 0.14358882271259679, 8696.4797565088138]
  #795 data/objects/space/3d/asteroid/angular_smooth_01/angular_smooth_01_00800_cluster_01.cgf
    [0.12004877768224365, 0.29847096758771913, 0.53584176716963949, 8310.223522800994]
    [0.48472308961398286, 0.28840275406292382, -0.26924042193405445, -17417.993221439589]
    [-0.37583885420656848, 0.46729215691620979, -0.17608583904596739, 9992.1894203669835]
  #796 data/objects/space/3d/asteroid/angular_smooth_01/angular_smooth_01_01700_column_01.cgf
    [0.47215220823718124, -2.006170753408234, 0.3571781147912737, 7027.4552013700104]
    [1.9566592317138201, 0.54873300381005485, 0.49558223004697716, -18696.529427796566]
    [-0.56901840784415236, 0.22225211800720635, 2.0005116977502215, 7842.5605123046125]
  #797 data/objects/space/3d/asteroid/angular_smooth_01/angular_smooth_01_01700_column_01.cgf
    [1.2994041346174741, 1.625809395617009, 0.20864396507626728, 6128.1160820998266]
    [1.6185177500520809, -1.3147212457082591, 0.16476631618735585, -17244.444126883842]
    [0.25920800104479907, 0.059088537865289975, -2.0747432026608932, 8139.3775938655208]
  #798 data/objects/space/3d/asteroid/angular_smooth_01/angular_smooth_01_00800_cluster_01.cgf
    [0.13227629755718662, 0.31406051377262378, -0.52392180201131633, 5623.6617445487027]
    [0.18360306249593664, 0.4908350300538093, 0.34058180888523082, -16940.802445817309]
    [0.58259589457532446, -0.22599125379159768, 0.011621388171208094, 5218.2772905966158]
  #799 data/objects/space/3d/asteroid/angular_smooth_01/angular_smooth_01_00900_cluster_01.cgf
    [0.56286084280600801, -0.2573169204671712, 0.087181694295464435, 6422.5897985580432]
    [0.23587008662869735, 0.56234770392706457, 0.13695012181431371, -16712.82623516296]
    [-0.13482561927433209, -0.090432494560727633, 0.60354700733086464, 5420.0584244199918]
  #800 data/objects/space/3d/asteroid/angular_smooth_01/angular_smooth_01_01000_01.cgf
    [0.50308902933983524, -1.0696054206470995, -0.27690245345698489, 7364.0668785552389]
    [1.0985492045183016, 0.51673873666490611, -0.00013904106473765072, -16428.574925035919]
    [0.11798461704969507, -0.25050871881543796, 1.1820128205680929, 11183.600714206921]
  #801 data/objects/space/3d/asteroid/angular_smooth_01/angular_smooth_01_00800_cluster_01.cgf
    [-0.12960247361387905, 0.42635605379130798, 0.43823367387368134, 6168.3595805475597]
    [-0.055201281687509311, 0.43798183638495569, -0.44243617413710118, -16670.149735975752]
    [-0.60891793865953481, -0.13045100643736857, -0.053165003397513302, 5410.8963800755273]
  #802 data/objects/space/3d/asteroid/angular_smooth_01/angular_smooth_01_00800_cluster_01.cgf
    [-0.6087117136382918, -0.13904023508207705, 0.027626955599596961, 6381.5831343331793]
    [0.0088307409448263735, 0.084376074073559043, 0.61921569917609953, -16172.900670099056]
    [-0.14148305079318413, 0.60346820721567518, -0.080212562519840117, 7660.422957089495]
  #803 data/objects/space/3d/asteroid/angular_smooth_01/angular_smooth_01_01300_cluster_01.cgf
    [0.11622666584236384, -1.2300814212414415, -0.18945225543034444, 5924.7108664092111]
    [1.2429792676449016, 0.12438714102548624, -0.045071911167503038, -16926.015337588637]
    [0.063206013764142532, -0.18419726949111589, 1.2347378116668759, 5431.8881269942121]
  #804 data/objects/space/3d/asteroid/angular_smooth_01/angular_smooth_01_01300_cluster_01.cgf
    [-0.53503836191863186, -0.84409783952271966, 0.035133240373983611, 10448.247961361278]
    [-0.76929077118502454, 0.50396623313828881, 0.39269746780011977, -13098.526983465999]
    [-0.34918077930443037, 0.183080389884206, -0.91899723078737827, 7515.6221715871916]
  #805 data/objects/space/3d/asteroid/angular_smooth_01/angular_smooth_01_01700_column_01.cgf
    [1.1593566610781467, -0.42610148469399878, -0.19190191013245084, 5661.8374129178901]
    [-0.35589109155061238, -1.1377098527008771, 0.37610438441933158, -16635.214743145731]
    [-0.30287018560074036, -0.29419466644740633, -1.1765270225818252, 11210.066886541754]
  #806 data/objects/space/3d/asteroid/angular_smooth_01/angular_smooth_01_00800_cluster_01.cgf
    [-0.44286035265103563, 0.046299070871599755, 0.22744331815441243, 6721.9715049937167]
    [0.15426163553092928, -0.30737530150727721, 0.36293681366526531, -19996.829764583024]
    [0.17342841387726934, 0.39163270923991955, 0.25796465882030728, 9598.0977353098388]
  #807 data/objects/space/3d/asteroid/angular_smooth_01/angular_smooth_01_01700_column_01.cgf
    [1.6084067438825624, 0.22945696065557503, 1.3174221152030328, 9194.1288311786593]
    [-0.49684860082578919, 2.0157081054555133, 0.25551141196556282, -21507.948347008904]
    [-1.2415284911256701, -0.50940565072826371, 1.6044739539536208, 7260.9755826180399]
  #808 data/objects/space/3d/asteroid/angular_smooth_01/angular_smooth_01_00800_cluster_01.cgf
    [-0.261149403417965, -0.56470765772237719, -0.059409843640626431, 4743.2172574946489]
    [0.028485292501238851, -0.078338351122428984, 0.61941502239757962, -20972.25192932229]
    [-0.56710921022569905, 0.25610865500873209, 0.058470331143738646, 11434.752575506838]
  #809 data/objects/space/3d/asteroid/angular_smooth_01/angular_smooth_01_01000_01.cgf
    [-0.03741354552965058, -0.90401256136357522, -0.8094369319042426, 7750.1180957548431]
    [-1.1879720619961611, -0.1377436825619883, 0.20874790790241579, -24538.704850871782]
    [-0.24728371913709582, 0.79850773198129699, -0.88037650777300702, 11097.401975225224]
  #810 data/objects/space/3d/asteroid/angular_smooth_01/angular_smooth_01_02200_column_01.cgf
    [-0.37595673413543151, 1.1834005150655158, -0.14393803781028922, 7295.8315429114173]
    [-1.1034154732051127, -0.28830576488124737, 0.51171523639184324, -23219.194992066528]
    [0.45125295708453983, 0.28096514126612698, 1.1313389243916026, 9772.3329583412415]
  #811 data/objects/space/3d/asteroid/angular_smooth_01/angular_smooth_01_00900_cluster_01.cgf
    [0.49123489724820379, 0.01946657015687767, 0.091151255405858028, 4493.4613449994504]
    [0.077735448798729817, -0.35535602996888627, -0.34304302201764986, -22390.453814510896]
    [0.05142663430360439, 0.3512013206143581, -0.35215359812605068, 6929.0653088632334]
  #812 data/objects/space/3d/asteroid/angular_smooth_01/angular_smooth_01_00800_cluster_01.cgf
    [0.39330695352089245, 0.048579278809601598, 0.30487529467738433, 6251.5425344333207]
    [-0.30361072786269405, -0.028607747231052649, 0.39623398901055645, -20715.563652771383]
    [0.055941197350146826, -0.49681073034997103, 0.0069951390499925492, 11141.516713890187]
  #813 data/objects/space/3d/asteroid/angular_smooth_01/angular_smooth_01_01700_column_01.cgf
    [-0.254953790940388, -0.42972621559639107, 0.018251047069879484, 5115.7085116671187]
    [0.40170916828433118, -0.24548459586987173, -0.16842272385796012, -23526.268665170697]
    [0.15371228059674957, -0.0712169181067797, 0.47042517149270008, 8048.4832654055717]
  #814 data/objects/space/3d/asteroid/angular_smooth_01/angular_smooth_01_00900_cluster_01.cgf
    [-0.20647434032848766, 0.45104069239956962, -0.062686064917777951, 7607.6327564491303]
    [0.43498128483180731, 0.21571707961294384, 0.11939985577284488, -24380.138233119644]
    [0.13475359283235894, -0.0052285286862417887, -0.48146966036894912, 11976.94518282609]
  #815 data/objects/space/3d/asteroid/angular_smooth_01/angular_smooth_01_00800_cluster_01.cgf
    [0.22323819582642918, -0.26468928918236234, -0.36069888941139033, 5430.4747096485798]
    [-0.12090085780477956, 0.3524201666675249, -0.33344026363715629, -21571.844003754006]
    [0.43075177447405033, 0.2360910989946117, 0.093345072013937186, 7132.2758209698659]
  #816 data/objects/space/3d/asteroid/angular_smooth_01/angular_smooth_01_01300_cluster_01.cgf
    [0.9223851725827974, -0.33002594394690915, -0.2007143253730336, 5101.9014248280528]
    [0.24682355901691155, 0.90327986758247225, -0.35094355988251708, -22190.660486217337]
    [0.29712202005611366, 0.27416441751390769, 0.91463115410291562, 6868.6257829579299]
  #817 data/objects/space/3d/asteroid/angular_smooth_01/angular_smooth_01_01700_column_01.cgf
    [1.0897603496243449, 0.78280577766639015, 0.85292654076648811, 7080.9460085850114]
    [-0.7667927312334808, 1.3656441847155145, -0.27366230501356964, -23605.015137909606]
    [-0.86735083836892002, -0.22377949930670432, 1.3135720185722275, 10350.210279197732]
  #818 data/objects/space/3d/asteroid/angular_smooth_01/angular_smooth_01_00800_cluster_01.cgf
    [0.2631491902565159, 0.27468633909418882, -0.32449824648900533, 6850.6996881998148]
    [-0.19581219203692729, -0.26043526015746854, -0.37924959315531531, -24004.291758528154]
    [-0.37737154411680335, 0.32668039973927271, -0.029492834878246874, 11673.556708959906]
  #819 data/objects/space/3d/asteroid/angular_smooth_01/angular_smooth_01_00900_cluster_01.cgf
    [-0.20647434032848766, 0.45104069239956962, -0.062686064917777951, 5646.6812935940743]
    [0.43498128483180731, 0.21571707961294384, 0.11939985577284488, -23854.842392790728]
    [0.13475359283235894, -0.0052285286862417887, -0.48146966036894912, 8859.1975841627009]
  #820 data/objects/space/3d/asteroid/angular_smooth_01/angular_smooth_01_00800_cluster_01.cgf
    [0.26314879396083035, -0.29631539675565866, 0.30487578049374275, 6955.6017718608518]
    [-0.19581304121720219, 0.23378501597923049, 0.39623372249473288, -23978.426636425324]
    [-0.37737157918343894, -0.32793459042665701, 0.0069956611889031347, 11158.549027849007]
  #821 data/objects/space/3d/asteroid/angular_smooth_01/angular_smooth_01_00800_cluster_01.cgf
    [0.25274594414603752, 0.1416471359708352, -0.40749851882256521, 4935.364900479175]
    [-0.42336223428108422, 0.17226049329147258, -0.20270719594800674, -22134.863743373498]
    [0.082966092808165512, 0.44750628775005497, 0.20701259894486762, 6426.2751458587809]
  #822 data/objects/space/3d/asteroid/angular_smooth_01/angular_smooth_01_01700_column_01.cgf
    [-0.8451263930382058, -0.27431242620994617, 0.45881311417993331, 5746.7719310712728]
    [0.37863411804221192, -0.91305253280232845, 0.15154761009033674, -21202.42865418928]
    [0.37734995106806629, 0.30179987789346313, 0.87551085045181642, 8515.0314848478574]
  #823 data/objects/space/3d/asteroid/angular_smooth_01/angular_smooth_01_00800_cluster_01.cgf
    [0.46853135168085425, 0.12882076144450524, -0.11782641575632032, 7519.9215965435005]
    [-0.074020845112745468, -0.15903721195666065, -0.46821742816650763, -22822.109480756077]
    [-0.15810998487735786, 0.45619278487380938, -0.12995713157873104, 10463.33536658543]
  #824 data/objects/space/3d/asteroid/angular_smooth_01/angular_smooth_01_01300_cluster_01.cgf
    [-0.1122905016717087, 0.87963561977360472, -0.46219910924193019, 8117.9707482475214]
    [-0.99270351619758546, -0.078760307093178397, 0.091282746889814151, -22616.964405032508]
    [0.043892699705960457, 0.46907780524802706, 0.88206317260184264, 10374.44289683358]
  #825 data/objects/space/3d/asteroid/angular_smooth_01/angular_smooth_01_00800_cluster_01.cgf
    [0.10599477669833686, 0.077373404860525727, 0.48247055487382073, 8302.8710671599383]
    [0.48658136187124118, -0.061931914544548987, -0.096965916835084487, -21751.897457059233]
    [0.044755540210029296, 0.49007873547872843, -0.088425943248418876, 11032.571241107313]
  #826 data/objects/space/3d/asteroid/angular_smooth_01/angular_smooth_01_00800_cluster_01.cgf
    [0.453788330309494, 0.20937878214428399, 0.01536247809825738, 7910.8357969103527]
    [0.043720656916688444, -0.058463470481789619, -0.4946411382493569, -23784.266844088568]
    [-0.20533870629843803, 0.4502686721032485, -0.071368532902690532, 11598.201204787927]
  #827 data/objects/space/3d/asteroid/angular_smooth_01/angular_smooth_01_00800_cluster_01.cgf
    [0.39991898723356173, 0.018549245210952067, -0.29953236995153948, 7554.2975253999784]
    [0.28438213166520854, -0.18283983073938156, 0.36836844460586743, -24290.885427673056]
    [-0.095867191135622254, -0.46499939063820073, -0.15679272899744998, 11748.658064495383]
  #828 data/objects/space/3d/asteroid/angular_smooth_01/angular_smooth_01_00800_cluster_01.cgf
    [-0.46540253596197462, -0.18274243474396662, 0.0022549954722943149, 5006.7049612710034]
    [0.041405408218013175, -0.099424929130761702, 0.48826189548050214, -23481.44185990949]
    [-0.17800414217380631, 0.45466392967967034, 0.107678407110141, 7679.1956253344442]
  #829 data/objects/space/3d/asteroid/angular_smooth_01/angular_smooth_01_00400_01.cgf
    [0.92913576815265331, -0.32898147610256429, 0.16874768455257363, 5043.5372653282539]
    [0.36940058637649448, 0.84540298496834232, -0.38579122347769518, -22328.806946991121]
    [-0.015741646838212723, 0.42078836688897758, 0.90702106875575184, 7162.3492931631254]
  #830 data/objects/space/3d/asteroid/angular_smooth_01/angular_smooth_01_02200_column_01.cgf
    [0.87231111225597879, -0.23903386974542989, 0.93377123879736812, 8184.1289657669313]
    [0.62697778661159531, 1.097256708034825, -0.30482645164767647, -23273.35760761657]
    [-0.73209614968682313, 0.65489168542821885, 0.85155428589528259, 10151.046587575778]
  #831 data/objects/space/3d/asteroid/angular_smooth_01/angular_smooth_01_00900_cluster_01.cgf
    [-0.38699536302334514, -0.74249011553192212, 0.54675781451896976, 9162.8852673059446]
    [-0.91914604554518997, 0.26334595785046694, -0.29295143598248063, -1662.6105156168223]
    [0.07352704508415063, -0.61592079460183102, -0.78437009046749118, 18009.334111836255]
  #832 data/objects/space/3d/asteroid/angular_smooth_01/angular_smooth_01_03900_column_01.cgf
    [0.34721646932617961, -0.83761028091797429, 0.42172335471786271, 8488.9097995327738]
    [0.0033766015308109255, -0.44858194515464822, -0.89373580225292981, 1164.9001508170102]
    [0.93777938193163435, 0.31174364944148919, -0.15292669826468347, 18840.505655180947]
  #833 data/objects/space/3d/asteroid/angular_smooth_01/angular_smooth_01_01400_01.cgf
    [0.41894852545303291, -0.89502396730394385, -0.15301930583978737, 10047.753903222354]
    [-0.83586878658188668, -0.44597600618208377, 0.32004601312226033, 2534.8044749450055]
    [-0.35469167121079376, -0.0061787416873223359, -0.93496327121032252, 17927.58856584493]
  #834 data/objects/space/3d/asteroid/angular_smooth_01/angular_smooth_01_01300_cluster_01.cgf
    [0.75675485656176411, -0.46832561007040546, -0.45606310570971348, 8485.110361176934]
    [0.49088664788959518, 0.8678459724724833, -0.076642112146191502, 2518.6720101707142]
    [0.43168591865049682, -0.16587596987718051, 0.8866412897127024, 18029.794304458639]
  #835 data/objects/space/3d/asteroid/angular_smooth_01/angular_smooth_01_00900_cluster_01.cgf
    [0.02499042540553191, -0.10215173310581056, 0.9944553656479711, 10868.687601150703]
    [0.29647855898209274, -0.94925498049205104, -0.10495912670867485, -2404.1470476318391]
    [0.95471300132891368, 0.29745752241122625, 0.0065635096573818377, 18195.555971563765]
  #836 data/objects/space/3d/asteroid/angular_smooth_01/angular_smooth_01_03500_cluster_01.cgf
    [-0.92944285641713109, 0.2373216080247986, -0.28251894633862196, 8743.0564633071626]
    [-0.33768655835930766, -0.23858317648183489, 0.91052093892665675, -1559.2469970403363]
    [0.14868183809466168, 0.94167884455633744, 0.30188936509329267, 15027.712643381865]
  #837 data/objects/space/3d/asteroid/angular_smooth_01/angular_smooth_01_00900_cluster_01.cgf
    [0.34659336022013953, -0.93010279576962673, 0.12158558876123748, 8302.3530767664306]
    [-0.68332466835377659, -0.16155721148490682, 0.71201677541895192, 498.06994059834869]
    [-0.64260537168008003, -0.32986251705873637, -0.69155641821124114, 17561.180423562731]
  #838 data/objects/space/3d/asteroid/angular_smooth_01/angular_smooth_01_01400_01.cgf
    [-0.84632447180758752, 0.11408062246255458, 0.28411617564931224, 7659.9103857794244]
    [-0.25835086063170964, -0.71427254728157996, -0.48277433887704202, 1946.7873707643721]
    [0.16429005599210714, -0.53553883243502154, 0.70442063976268565, 17294.524676203593]
  #839 data/objects/space/3d/asteroid/angular_smooth_01/angular_smooth_01_00900_cluster_01.cgf
    [0.10694263863143151, 0.40642789914111965, 0.27088385826558431, 22554.220065641821]
    [0.46270945063322305, 0.0044933240050760801, -0.18941542746210663, -4533.2274195784548]
    [-0.15640225754065779, 0.2911951281626935, -0.37515618213893859, 22337.811581011385]
  #840 data/objects/space/3d/asteroid/angular_smooth_01/angular_smooth_01_00800_cluster_01.cgf
    [0.38800111502741275, -0.13090325682846557, -0.28691173421991234, 23305.083775934632]
    [-0.24287140780788027, 0.16613401301359712, -0.40424230374035408, -4436.6964540078288]
    [0.20116531796210588, 0.45305926567678884, 0.065335195549612451, 22206.183813107087]
  #841 data/objects/space/3d/asteroid/angular_smooth_01/angular_smooth_01_00800_cluster_01.cgf
    [0.19972862854119011, 0.13971947871911214, 0.43656133265282182, 22832.31482973056]
    [-0.45836849661443541, 0.063349164205839081, 0.18943088361177265, -4534.2596000498497]
    [-0.002377227917259723, -0.47588255444066674, 0.1533916494681121, 21252.017334452023]
  #842 data/objects/space/3d/asteroid/angular_smooth_01/angular_smooth_01_00800_cluster_01.cgf
    [0.29575747215470938, -0.24718259120116801, -0.31847645203685271, 24256.731605921716]
    [-0.30327925012450863, 0.12381654479256632, -0.37774346574069984, -4314.6645177921246]
    [0.26560907427800956, 0.41661636558464166, -0.076691523772005624, 21003.706791510296]
  #843 data/objects/space/3d/asteroid/angular_smooth_01/angular_smooth_01_00800_cluster_01.cgf
    [0.46550165595734355, 0.10864009253577081, 0.1466417743537117, 22690.77635280717]
    [0.014860774057834049, -0.42298576613259942, 0.2661963005648928, -4591.8753889270156]
    [0.18189457684655624, -0.24347205863066071, -0.39703147352669055, 22135.726523942285]
  #844 data/objects/space/3d/asteroid/angular_smooth_01/angular_smooth_01_00900_cluster_01.cgf
    [-0.33741214955410898, -0.91225849503810819, -0.23224578347301972, 13677.03025597399]
    [-0.0076615307994380138, -0.24404438860466901, 0.96973411908280183, -21993.349481198813]
    [-0.94132617442414734, 0.32897932913527334, 0.075354221664221718, 13558.320446052203]
  #845 data/objects/space/3d/asteroid/angular_smooth_01/angular_smooth_01_00800_cluster_01.cgf
    [-0.56948758989892501, -0.81975237493761854, 0.060707261977161996, 18699.180272460595]
    [-0.40708176448207317, 0.34542063414395346, 0.84555571398652785, -24890.077307133557]
    [-0.71411747275836335, 0.45682170724828625, -0.53042021625262858, 15973.037569818091]
  #846 data/objects/space/3d/asteroid/angular_smooth_01/angular_smooth_01_01300_cluster_01.cgf
    [0.65177357508122258, 0.53842716355101272, 0.53412164089490899, 16192.369415263]
    [0.74245452399486078, -0.5966947904328761, -0.30449160541113096, -24276.658129046737]
    [0.15476116283300431, 0.59502104796107358, -0.78866815953092673, 17607.157468820136]
  #847 data/objects/space/3d/asteroid/angular_smooth_01/angular_smooth_01_02200_column_01.cgf
    [-0.29896548420021557, -0.92323231458786903, 0.70587870549175036, 17101.890346242595]
    [-1.1167064925018437, 0.026358294901573587, -0.43849157825796786, -23571.645248715166]
    [0.32185285950292947, -0.76612684843938228, -0.8657155440669756, 17859.146634102464]
  #848 data/objects/space/3d/asteroid/angular_smooth_01/angular_smooth_01_01300_cluster_01.cgf
    [0.47479513228036663, 0.75659585862129208, -0.44958405761443054, 15458.768997964322]
    [0.26268452217411814, 0.36572233084413003, 0.89288160150893947, -24426.355348210833]
    [0.83997616630122374, -0.5420363633743801, -0.025102920285345342, 18101.133524928999]
  #849 data/objects/space/3d/asteroid/angular_smooth_01/angular_smooth_01_03900_column_01.cgf
    [-0.43548040898954565, 0.56529598553336391, 0.70056912698881679, 17377.811824551602]
    [0.75998368824313878, -0.18623569746837537, 0.62268844389191602, -22817.136695336205]
    [0.48247429626288479, 0.80358979167983646, -0.34851375828983205, 15265.56207281358]
  #850 data/objects/space/3d/asteroid/angular_smooth_01/angular_smooth_01_01400_01.cgf
    [-0.895617094001812, -0.039952838227080595, -0.44302746163096701, 15325.017735002551]
    [-0.35276825390907401, 0.67048982197001827, 0.65268483801784771, -23851.211567638016]
    [0.27096885443814461, 0.74084189235088593, -0.6145963802140928, 17716.117231266297]
  #851 data/objects/space/3d/asteroid/angular_smooth_01/angular_smooth_01_01300_cluster_01.cgf
    [-0.8281925187746767, -0.55424488019606211, -0.083133825111837881, 16461.221056255243]
    [0.52703831495895315, -0.82065756270624546, 0.22080137588767001, -23910.081381271673]
    [-0.1906022944943222, 0.13905123446094772, 0.97177002823919334, 14590.804752877655]
  #852 data/objects/space/3d/asteroid/angular_smooth_01/angular_smooth_01_00800_cluster_01.cgf
    [0.02182406324889859, -0.4316503675282039, 0.90177436831644686, 25589.059758357875]
    [-0.41498325847351836, -0.82452607203917438, -0.38463098235945953, -6886.9669882664457]
    [0.90956470156139035, -0.36582790710505997, -0.19712264439460633, 15401.593394164924]
  #853 data/objects/space/3d/asteroid/angular_smooth_01/angular_smooth_01_01300_cluster_01.cgf
    [0.60008236885861255, -0.55862318078432505, 0.57257398569106976, 23837.442390774435]
    [0.27099807747934163, 0.81541330557338043, 0.51152796571752723, -9183.6814695101475]
    [-0.75263594732264483, -0.1517924886119672, 0.64070105963190727, 14407.779802894616]
  #854 data/objects/space/3d/asteroid/angular_smooth_01/angular_smooth_01_00800_cluster_01.cgf
    [-0.10806842495238278, -0.44480993335697966, -0.20115967876455407, 24410.97904233489]
    [-0.22067917300789827, -0.13926606483849727, 0.42650386097940263, -5386.9974254073331]
    [-0.43545584824899219, 0.18096674837313856, -0.16622008860060164, 19277.891504196927]
  #855 data/objects/space/3d/asteroid/angular_smooth_01/angular_smooth_01_00900_cluster_01.cgf
    [-0.32097257329356332, 0.28987046146433781, 0.25090121833511553, 26325.054885321497]
    [0.38295551006362333, 0.25772407036010997, 0.19215379118615505, -7712.2826631638281]
    [-0.0179271610553252, 0.31552039193331738, -0.3874599305335038, 13656.567706241885]
  #856 data/objects/space/3d/asteroid/angular_smooth_01/angular_smooth_01_01300_cluster_01.cgf
    [0.18922478810353682, 0.24622339931190554, -0.95056141588456711, 23653.308780338022]
    [-0.84493443972350213, 0.53403438120874402, -0.029867380637361121, -6608.8337157502783]
    [0.50027868264229958, 0.80881413531682023, 0.30909532894465019, 15911.959036219783]
  #857 data/objects/space/3d/asteroid/angular_smooth_01/angular_smooth_01_00900_cluster_01.cgf
    [-0.2673689977315527, -0.4176418551583515, -0.063941368266767995, 24220.652241074906]
    [-0.37329355127503572, 0.26894748974811589, -0.19575129894478391, -7139.2046453473704]
    [0.19790185025008766, -0.056937924812803617, -0.45562301202805189, 15984.407257539247]
  #858 data/objects/space/3d/asteroid/angular_smooth_01/angular_smooth_01_01700_column_01.cgf
    [-0.21406978622671646, 0.43304965345843216, 0.1290029780143904, 26962.264892324107]
    [-0.39391731764222537, -0.24878653459996722, 0.18147741219087019, -6417.1687845808347]
    [0.22136602620683146, -0.023935369507753511, 0.44768719503703164, 14576.901969147297]
  #859 data/objects/space/3d/asteroid/angular_smooth_01/angular_smooth_01_00800_cluster_01.cgf
    [-0.017100619946110177, -0.16785161076815741, 0.47067319090901705, 25137.641774384345]
    [0.32317161758396246, -0.36291965244085289, -0.11768295773330152, -7306.4136362925819]
    [0.38113976631428292, 0.3001916216606117, 0.12090209220335385, 13777.964363792407]
  #860 data/objects/space/3d/asteroid/angular_smooth_01/angular_smooth_01_00800_cluster_01.cgf
    [0.0045545555046888758, -0.40867016635657893, 0.2880404010016554, 24148.088824412269]
    [0.23681914882842542, -0.2519268399004253, -0.36117707504895613, -5820.5050128927942]
    [0.44033540424009565, 0.13971715686638209, 0.19126727191247331, 19218.9661091407]
  #861 data/objects/space/3d/asteroid/angular_smooth_01/angular_smooth_01_03400_01.cgf
    [-0.29361252247110736, 0.61699059228822772, -0.058448561765877753, 25673.191108950912]
    [-0.54028621207512617, -0.22313873475273349, 0.35861100483809105, -6687.6194659787307]
    [0.3036188966223769, 0.19958369867625808, 0.5816217426584388, 14552.197614653784]
  #862 data/objects/space/3d/asteroid/angular_smooth_01/angular_smooth_01_00800_cluster_01.cgf
    [0.056042366146858945, 0.005473583699200063, -0.49681887487304915, 23931.30294423645]
    [0.49604850524656791, -0.02898627707728392, 0.055636117188547982, -6369.8623009444818]
    [-0.028192818079793208, -0.49912877794679411, -0.0086792503151428262, 17670.140339586986]
  #863 data/objects/space/3d/asteroid/angular_smooth_01/angular_smooth_01_00900_cluster_01.cgf
    [-0.2673689977315527, -0.4176418551583515, -0.063941368266767995, 26959.317195629967]
    [-0.37329355127503572, 0.26894748974811589, -0.19575129894478391, -5663.9352847401415]
    [0.19790185025008766, -0.056937924812803617, -0.45562301202805189, 15269.565988859682]
  #864 data/objects/space/3d/asteroid/angular_smooth_01/angular_smooth_01_01300_cluster_01.cgf
    [-0.98462679697862199, 0.038773980576717715, 0.17030050755815637, 24381.176757456542]
    [0.012683539786093946, 0.98834398295106596, -0.1516934835634938, -5664.4231382156067]
    [-0.17419762415952733, -0.1472017784110291, -0.97364389688556885, 19180.458500223856]
  #865 data/objects/space/3d/asteroid/angular_smooth_01/angular_smooth_01_01300_cluster_01.cgf
    [-0.69148758797975829, -0.6061605113832057, 0.39295260519108616, 25840.401966686662]
    [0.7016640228908323, -0.6929435896858791, 0.16581369156609632, -7311.9657752238545]
    [0.17178450007921145, 0.39037932292806382, 0.90448409028552634, 13520.078823220758]
  #866 data/objects/space/3d/asteroid/angular_smooth_01/angular_smooth_01_00800_cluster_01.cgf
    [0.094612490971583155, 0.23443569662084801, -0.43137959405555765, 23091.827864221341]
    [-0.42246727817929813, 0.2626987393235482, 0.050107331709859704, -6603.3183734822505]
    [0.25013965876169164, 0.35500598582728732, 0.24779199867402557, 16133.646936199424]
  #867 data/objects/space/3d/asteroid/angular_smooth_01/angular_smooth_01_00800_cluster_01.cgf
    [-0.44593926108495702, -0.22613261733596365, 0.0013722934853982133, 24109.627125127074]
    [-0.053012702044358387, 0.10748820074575716, 0.48542312317401698, -7111.5883175927038]
    [-0.21983515923204711, 0.4327932467897892, -0.11984229924444049, 14893.899736883583]
  #868 data/objects/space/3d/asteroid/angular_smooth_01/angular_smooth_01_00900_cluster_01.cgf
    [-0.2673689977315527, -0.4176418551583515, -0.063941368266767995, 24150.790160351768]
    [-0.37329355127503572, 0.26894748974811589, -0.19575129894478391, -6019.5361389104864]
    [0.19790185025008766, -0.056937924812803617, -0.45562301202805189, 19273.406561367654]
  #869 data/objects/space/3d/asteroid/angular_smooth_01/angular_smooth_01_00800_cluster_01.cgf
    [0.23085211432309019, -0.22613226520279414, 0.38153829632014197, 25884.086879992778]
    [0.44339267029300194, 0.1074883415775765, -0.2045706918583596, -7556.0698048936347]
    [0.01049823104454151, 0.43279374610918281, 0.25015861385485011, 13113.84359953163]
  #870 data/objects/space/3d/asteroid/angular_smooth_01/angular_smooth_01_02200_column_01.cgf
    [0.12976718984597596, 0.53439921525294609, -0.40973156145316414, 23838.808438894419]
    [-0.57944436146071787, 0.30120582626902892, 0.20933532780519126, -6778.7667876968744]
    [0.3430841087622592, 0.30658526747539777, 0.50852803792532375, 15554.791520754105]
  #871 data/objects/space/3d/asteroid/angular_smooth_01/angular_smooth_01_00400_01.cgf
    [-0.79608734149713745, -0.55894558774454584, 0.23199926680931074, 25985.230210649916]
    [0.59148795939430177, -0.63754401937953975, 0.49363802770459175, -7240.5819178800466]
    [-0.12800712382800555, 0.5302040535920286, 0.83815077578857855, 13807.643972917216]
  #872 data/objects/space/3d/asteroid/angular_smooth_01/angular_smooth_01_01700_column_01.cgf
    [0.10785728908220971, 0.91970646367464404, -0.37749941354746724, 24641.04466444323]
    [-0.84136284899505087, 0.28671940388210548, 0.45814792494366469, -6993.3544247037516]
    [0.52959828444258794, 0.26819952549237519, 0.80473203801196902, 15121.063197004782]
  #873 data/objects/space/3d/asteroid/angular_smooth_01/angular_smooth_01_00900_cluster_01.cgf
    [0.31093312710734128, -0.39144468618147021, -0.0095098227983819797, 24468.064653769816]
    [-0.07297892584727661, -0.046003882657002018, -0.49250026169005728, -5186.6430323743189]
    [0.38469917526756409, 0.30765807163617137, -0.085742895377313277, 16417.661508046822]
  #874 data/objects/space/3d/asteroid/angular_smooth_01/angular_smooth_01_01400_01.cgf
    [-0.17635772833403027, -0.68557749266228807, -0.70631441818316953, 24167.772443691098]
    [0.95582933977835638, 0.052131788884678565, -0.28925966522872387, -10483.875091015903]
    [0.23513151425832002, -0.72612972826090261, 0.64610168925643263, 13813.497857317845]
  #875 data/objects/space/3d/asteroid/angular_smooth_01/angular_smooth_01_01700_column_01.cgf
    [0.047846023862444242, -0.37783430260902329, -0.32396103492093137, 23541.519391752885]
    [0.46627749833820931, -0.079786959268357105, 0.16192001126699643, -5518.475812002569]
    [-0.17405403447937975, -0.31760673052880356, 0.34471714807764975, 17818.289598227781]
  #876 data/objects/space/3d/asteroid/angular_smooth_01/angular_smooth_01_00800_cluster_01.cgf
    [0.20717749640229027, 0.17396743911114063, -0.42049114822930517, 26984.723192209465]
    [-0.4435994285054024, -0.025817577192940304, -0.2292443900364321, -6594.7574962965791]
    [-0.10147424618970208, 0.46804783245156367, 0.14364607381767727, 14233.066641683052]
  #877 data/objects/space/3d/asteroid/angular_smooth_01/angular_smooth_01_00900_cluster_01.cgf
    [0.10694263863143151, 0.40642789914111965, 0.27088385826558431, 23245.922114760095]
    [0.46270945063322305, 0.0044933240050760801, -0.18941542746210663, -5430.0801484705116]
    [-0.15640225754065779, 0.2911951281626935, -0.37515618213893859, 18793.972516067533]
  #878 data/objects/space/3d/asteroid/angular_smooth_01/angular_smooth_01_00800_cluster_01.cgf
    [-0.15527562817399462, -0.029533092926439932, -0.47435866341025257, 25458.022732494042]
    [0.10476182426235339, 0.48463188213516567, -0.064465221866848985, -4779.6653696512003]
    [0.4635874300575748, -0.11940938436871928, -0.14431548583671924, 17083.814728454312]
  #879 data/objects/space/3d/asteroid/angular_smooth_01/angular_smooth_01_01300_cluster_01.cgf
    [0.55624888895439983, 0.28172529829753312, -0.78180127379638142, 24980.797151907169]
    [0.058600476880152373, 0.92513912145628663, 0.37507171572112907, -5278.8954126463377]
    [0.82894412327966793, -0.25444776305508898, 0.49809956658267329, 16794.972867439512]
  #880 data/objects/space/3d/asteroid/angular_smooth_01/angular_smooth_01_00800_cluster_01.cgf
    [-0.1753859347898323, -0.014985315514389575, -0.46798948219038389, 25130.902971036929]
    [-0.33576849316413016, 0.352329699586859, 0.11455235934417073, -5456.0730330625647]
    [0.32634067187554006, 0.3544547423183399, -0.13365082405976067, 16379.524166274272]
  #881 data/objects/space/3d/asteroid/angular_smooth_01/angular_smooth_01_00800_cluster_01.cgf
    [-0.15684846110249034, -0.3865276028152726, 0.27566997870134885, 23682.989483538662]
    [0.072413835235437887, 0.26745020988955676, 0.41620377982674484, -5677.4543427925219]
    [-0.46920545751495485, 0.17048683860478353, -0.02791847320809349, 17494.289174708152]
  #882 data/objects/space/3d/asteroid/angular_smooth_01/angular_smooth_01_00400_01.cgf
    [0.78964083742566438, 0.17448722346770301, -0.58823240980069058, 24716.29629315099]
    [-0.047664155868469171, 0.97325647693513551, 0.22471263776844988, -5178.7169084223697]
    [0.6117117681872255, -0.14940498711234562, 0.77684147270271176, 16964.58296641527]
  #883 data/objects/space/3d/asteroid/angular_smooth_01/angular_smooth_01_02200_column_01.cgf
    [0.99312298665703524, 0.032375179353735628, 0.11250690625852923, 1059.4642117117264]
    [0.10547123055824119, 0.16966628760026078, -0.97984100403949093, -1000.5983159975322]
    [-0.050811177102900937, 0.9849692489790739, 0.16508490442090273, 15936.003209497094]
  #884 data/objects/space/3d/asteroid/angular_smooth_01/angular_smooth_01_01300_cluster_01.cgf
    [0.97280620104654436, -0.12329531052109083, 0.19607722471906636, 3183.5762882226968]
    [-0.18586544740735528, -0.9206868409386586, 0.34320503030563276, 2840.0379348280162]
    [0.13821015559678348, -0.37031597828143253, -0.91856624451588254, 15184.617301374597]
  #885 data/objects/space/3d/asteroid/angular_smooth_01/angular_smooth_01_00900_cluster_01.cgf
    [-0.36038086828655991, 0.18374086909587029, 0.91452864143522961, -1366.1390545204249]
    [0.53019806921524115, -0.7662895295269837, 0.36288851944666412, 2679.540668345327]
    [0.76747205185720146, 0.61566010360397394, 0.17873723634679078, 16357.888648996579]
  #886 data/objects/space/3d/asteroid/angular_smooth_01/angular_smooth_01_01300_cluster_01.cgf
    [-0.27698721229362216, 0.61824586554880245, 0.73555941312160333, 1970.3987014292757]
    [0.6769000308136538, -0.41776438369257457, 0.60603364945901772, 8071.6531912351711]
    [0.68196916996625301, 0.66576458731593169, -0.30277562941188729, 15429.764661899611]
  #887 data/objects/space/3d/asteroid/angular_smooth_01/angular_smooth_01_02200_column_01.cgf
    [0.64660944428039924, -0.32897110148462017, 0.95586413552484129, 1839.0359795662266]
    [-0.99507057050959846, -0.0071801547265976434, 0.67066012980575163, 8806.0276346236351]
    [-0.17813700036870109, -1.1540054005044176, -0.27665998867480568, 16341.470225365301]
  #888 data/objects/space/3d/asteroid/angular_smooth_01/angular_smooth_01_01300_cluster_01.cgf
    [-0.27340639519837229, 0.82254870844271377, -0.49866181017139916, 25352.134218549367]
    [-0.94418092127450282, -0.32853536832507402, -0.02424737677153355, -31096.29263659264]
    [-0.18377259476163518, 0.46419733909006106, 0.86645801941920086, 8842.0152811738171]
  #889 data/objects/space/3d/asteroid/angular_smooth_01/angular_smooth_01_03900_column_01.cgf
    [0.14357925459609935, 0.22185635115814636, -0.75509202270834819, 23988.579389563463]
    [0.78618616258007246, -0.0053287310193117811, 0.14792608982429897, -30253.104505416733]
    [0.03599334764385307, -0.76860299878017646, -0.21898199663185008, 8147.9487212217982]
  #890 data/objects/space/3d/asteroid/angular_smooth_01/angular_smooth_01_00900_cluster_01.cgf
    [-0.2673689977315527, -0.4176418551583515, -0.063941368266767995, 26357.764579505889]
    [-0.37329355127503572, 0.26894748974811589, -0.19575129894478391, -3212.7075866496853]
    [0.19790185025008766, -0.056937924812803617, -0.45562301202805189, 18002.927019857409]
  #891 data/objects/space/3d/asteroid/angular_smooth_01/angular_smooth_01_00900_cluster_01.cgf
    [0.18601577646605785, -0.10400507432084978, -0.45230618911567388, 26170.295574257754]
    [0.076404991038019412, -0.47377230038342305, 0.14036344974735879, -3477.1059626545348]
    [-0.45777748037808652, -0.12133657814531304, -0.16036529098834496, 18310.712089491572]
  #892 data/objects/space/3d/asteroid/angular_smooth_01/angular_smooth_01_03500_cluster_01.cgf
    [-0.059784367612338948, -0.019225650257335934, 0.4438942083077258, 25250.666797831691]
    [0.4363558401164927, 0.081832097349666441, 0.062313345660074473, -2846.902255470618]
    [-0.083697518441049903, 0.44036319853423794, 0.0078002045660855775, 17574.714875404024]
  #893 data/objects/space/3d/asteroid/angular_smooth_01/angular_smooth_01_00800_cluster_01.cgf
    [-0.2693631984247703, -0.063632851188902995, 0.41640615295439043, 25695.616961086485]
    [0.32509068340212505, 0.28291348622103157, 0.25352665247213746, -3326.1180464612416]
    [-0.26787921071603071, 0.40732121992127984, -0.11104012293906775, 17629.908829354499]
  #894 data/objects/space/3d/asteroid/angular_smooth_01/angular_smooth_01_00800_cluster_01.cgf
    [-0.44890553160492058, 0.15263966056188777, -0.15869535467553478, 26311.702877214819]
    [0.17536595018357709, 0.0299239370394647, -0.46728000105483636, -3342.0954270119055]
    [-0.13315353952581682, -0.47518938318648113, -0.080401759285085792, 17793.01524017323]
  #895 data/objects/space/3d/asteroid/angular_smooth_01/angular_smooth_01_00800_cluster_01.cgf
    [0.48572107045718554, 0.11313618643708064, 0.035705873601535897, 26099.085317834957]
    [0.11035229394486076, -0.37560688702423867, -0.31103295969770922, -3262.8691248509667]
    [-0.043555451005376757, 0.31003118248925204, -0.38985029556136447, 18294.198626681609]
  #896 data/objects/space/3d/asteroid/angular_smooth_01/angular_smooth_01_01300_cluster_01.cgf
    [-0.46946168585222525, -0.58314387179740124, 0.66298065678062579, 25713.696098124776]
    [0.72391284589879967, 0.17568991574797058, 0.66714139881326429, -2964.8919958365059]
    [-0.50551984928668681, 0.79313976022700705, 0.33966660667124499, 19054.852970349679]
  #897 data/objects/space/3d/asteroid/angular_smooth_01/angular_smooth_01_00900_cluster_01.cgf
    [0.10694263863143151, 0.40642789914111965, 0.27088385826558431, 25153.243942584882]
    [0.46270945063322305, 0.0044933240050760801, -0.18941542746210663, -2885.7354802172058]
    [-0.15640225754065779, 0.2911951281626935, -0.37515618213893859, 18518.154650476332]
  #898 data/objects/space/3d/asteroid/angular_smooth_01/angular_smooth_01_00800_cluster_01.cgf
    [-0.0017374618635346956, 0.24374117193548495, 0.43656145351493952, 24607.640474794818]
    [-0.31222395479658127, -0.34151258009682833, 0.1894308318412749, -1970.4546081589283]
    [0.39052767333793736, -0.27195234712061478, 0.15339080030475588, 20061.48541237722]
  #899 data/objects/space/3d/asteroid/angular_smooth_01/angular_smooth_01_02200_column_01.cgf
    [-0.3920609907086649, 1.1222708929324856, 0.16369262964218481, 22861.955941112268]
    [-0.98105647613496039, -0.42248899292664777, 0.54683662646863085, -554.18182707010146]
    [0.56904782290797495, 0.044834677320800563, 1.0555441636953642, 14127.592589030526]
  #900 data/objects/space/3d/asteroid/angular_smooth_01/angular_smooth_01_02200_column_01.cgf
    [-0.3219496825064555, -0.59505344610133892, 0.11206923148071632, 25721.711621168328]
    [0.49644971838735003, -0.18673060866934668, 0.43470572957675757, -3211.4670675553693]
    [-0.34667822757548283, 0.28520657512873226, 0.51843141345430188, 18694.309359612686]
  #901 data/objects/space/3d/asteroid/angular_smooth_01/angular_smooth_01_00800_cluster_01.cgf
    [-0.23473169734338492, -0.36310574921221084, 0.25110592819674177, 26087.205262183677]
    [0.36195627565785499, 0.0045371470637967475, 0.34491449785799244, -2555.4887884197424]
    [-0.25276001819592259, 0.34370419143469177, 0.26072733653385183, 19294.257735254447]
  #902 data/objects/space/3d/asteroid/angular_smooth_01/angular_smooth_01_00800_cluster_01.cgf
    [0.49147575851005287, -0.014984861494102443, 0.09069715464721978, 25797.814874086289]
    [0.074742589613287544, 0.35232973129092687, -0.34680866033663865, -3624.9618763291087]
    [-0.053516962105474707, 0.35445472984937981, 0.34856379673244225, 18027.887064478131]
  #903 data/objects/space/3d/asteroid/angular_smooth_01/angular_smooth_01_01300_cluster_01.cgf
    [-0.61027819531617666, 0.50879897700161125, 0.60719462673401381, 27757.101602735562]
    [-0.14897017997033007, -0.8265126140418112, 0.54284986296423943, -825.63522732850697]
    [0.77805501040231861, 0.24083539864978332, 0.58019815662923502, 15587.264488427127]
  #904 data/objects/space/3d/asteroid/angular_smooth_01/angular_smooth_01_01300_cluster_01.cgf
    [-0.38634852767585304, 0.1560640811450911, -0.90905340119015854, 21353.357987036212]
    [0.57158129367897692, -0.73301224906636508, -0.36876433655017743, -27565.049242232424]
    [-0.72389841024505919, -0.66206971972093998, 0.19399496475338859, 8177.2901646608279]
  #905 data/objects/space/3d/asteroid/angular_smooth_01/angular_smooth_01_00900_cluster_01.cgf
    [-0.20891610670028149, 0.65826354469244008, -0.72321667332938266, 27745.061684762852]
    [0.57744789794958351, -0.51380907453954949, -0.63447092176544828, -27139.62566160276]
    [-0.78924468703076023, -0.55017136525016819, -0.27277001914426346, 7992.9180270617135]
  #906 data/objects/space/3d/asteroid/angular_smooth_01/angular_smooth_01_00800_cluster_01.cgf
    [-0.022519781707472802, -0.091710174206213288, 0.49100146035592573, 32092.717097303215]
    [0.4989646691274075, -0.026729168660688189, 0.017892489989466059, -20123.378542227169]
    [0.022966259755616194, 0.49079030775119475, 0.092724082217421136, 12739.044558243684]
  #907 data/objects/space/3d/asteroid/angular_smooth_01/angular_smooth_01_00900_cluster_01.cgf
    [-0.13684982596015483, -0.47910915796415904, 0.041553488979174213, 31709.887793793238]
    [-0.37376006764818331, 0.13314741427426119, 0.30426194382554039, -19858.760569843758]
    [-0.30261475430502943, 0.052214302482608249, -0.39458602313051322, 13506.947429115455]
  #908 data/objects/space/3d/asteroid/angular_smooth_01/angular_smooth_01_00800_cluster_01.cgf
    [-0.34378659665490297, -0.18730826613823953, 0.31100942076555071, 31156.96732276558]
    [0.35967517138741018, -0.23404843257748673, 0.25662340638308234, -19648.626334137567]
    [0.049447117773173184, 0.4001717319508038, 0.29566541546081754, 13016.471407091369]
  #909 data/objects/space/3d/asteroid/angular_smooth_01/angular_smooth_01_00800_cluster_01.cgf
    [-0.47050761194871299, 0.16821832230279768, 0.01803462568706897, 31726.960490686088]
    [0.15382416855603681, 0.44754728257104931, -0.16136796340982537, -19738.389007968428]
    [-0.070432782495685839, -0.14630136871753058, -0.4729008323581318, 13287.527543688799]
  #910 data/objects/space/3d/asteroid/angular_smooth_01/angular_smooth_01_00800_cluster_01.cgf
    [0.42003618074322574, 0.21173922805251591, 0.16951858784917706, 31463.14151202522]
    [0.13778113400461509, -0.43573370955588991, 0.20286187154089819, -20164.248653745599]
    [0.2336373502568817, -0.12370561473271226, -0.42439481017627345, 13514.928326962896]
  #911 data/objects/space/3d/asteroid/angular_smooth_01/angular_smooth_01_00800_cluster_01.cgf
    [0.44899826628605666, -0.05201578790798269, 0.43164856227020076, 30928.04264118514]
    [0.41690794098537781, -0.12452824472845518, -0.4486714294867537, -18123.243972999648]
    [0.12334460768494225, 0.61025620906523026, -0.054763433802912168, 19578.911391316371]
  #912 data/objects/space/3d/asteroid/angular_smooth_01/angular_smooth_01_00800_cluster_01.cgf
    [0.44625576741175532, -0.064141997539150314, -0.43285858389745752, 30139.06710233746]
    [-0.41445772354502125, -0.26028879478948419, -0.38871518898956819, -19191.653682804426]
    [-0.14037643996021332, 0.5645887945301471, -0.22838324729579271, 18307.735243025138]
  #913 data/objects/space/3d/asteroid/angular_smooth_01/angular_smooth_01_01300_cluster_01.cgf
    [-0.83487858053876562, 0.74765752042769396, -0.55361653594907256, 29744.653843856202]
    [-0.9276601875468159, -0.72518600978013326, 0.41959159742604157, -18340.140884412409]
    [-0.070211204012925896, 0.69109967757035118, 1.0392097495039079, 18666.184710406098]
  #914 data/objects/space/3d/asteroid/angular_smooth_01/angular_smooth_01_00800_cluster_01.cgf
    [0.16802210323707209, 0.1149298516558822, 0.59091880215297587, 28972.705558290541]
    [-0.59536289665908948, -0.059068284029362206, 0.180774134818245, -14654.356859729276]
    [0.089089409141879281, -0.61149603084234616, 0.093600267940681506, 19805.265809075441]
  #915 data/objects/space/3d/asteroid/angular_smooth_01/angular_smooth_01_01300_cluster_01.cgf
    [0.768975602749981, -0.0366419614179656, -0.63822118067604394, 31394.136642593956]
    [0.2803153771849391, 0.91658148481351653, 0.28512112765540615, -10763.047159321744]
    [0.57453650720710892, -0.3981559176820928, 0.71510282723938501, 24890.4107360321]
  #916 data/objects/space/3d/asteroid/angular_smooth_01/angular_smooth_01_01400_01.cgf
    [-0.23990766897578397, 0.2245365549738465, -0.94447166191917697, 30828.845383183914]
    [-0.93229160447036363, 0.21798959936792833, 0.28863813525377197, -10371.5035150761]
    [0.2706949370083791, 0.94976994286467953, 0.15703624113605993, 25045.512860338858]
  #917 data/objects/space/3d/asteroid/angular_smooth_01/angular_smooth_01_01300_cluster_01.cgf
    [-0.84795234415367982, 0.06166405590976002, 0.52647485365567714, 29429.784119282489]
    [-0.17756804152498673, -0.96887026929095676, -0.17251491875133218, -8777.8287982774254]
    [0.49944751270978338, -0.23976936996112774, 0.83250479671602118, 22483.320762875832]
  #918 data/objects/space/3d/asteroid/angular_smooth_01/angular_smooth_01_00900_cluster_01.cgf
    [0.025896007407733929, -0.72293940966487835, 0.69042525311966341, 33808.100133567736]
    [-0.98751424000787202, 0.088852847250170161, 0.1300762111564924, -7052.3193268021914]
    [-0.15538354473247495, -0.68517355821758819, -0.71161237519975407, 22783.454715893567]
  #919 data/objects/space/3d/asteroid/angular_smooth_01/angular_smooth_01_00900_cluster_01.cgf
    [-0.19096635614430452, 0.2748707744364155, 0.94232521958788074, 35641.805797783512]
    [0.05544744062305728, -0.95543893509348488, 0.28993263687525006, -7096.5218629855262]
    [0.98002874623093317, 0.10761695943394919, 0.1672159020334866, 23143.846839197005]
  #920 data/objects/space/3d/asteroid/angular_smooth_01/angular_smooth_01_01000_01.cgf
    [-0.58253100223547338, -0.85865327576510742, -0.63023722924325576, 6732.2956507050549]
    [-1.0292547987956135, 0.63863983950828629, 0.081243438017248981, -5253.4122514113087]
    [0.27407840531965788, 0.57330662745385397, -1.034421248972947, 22437.793220723357]
  #921 data/objects/space/3d/asteroid/angular_smooth_01/angular_smooth_01_00900_cluster_01.cgf
    [-0.6799971302718486, -0.61903624114543621, -0.39293300721210533, 1275.1334168130184]
    [0.6486653989246306, -0.75773527183941158, 0.071195303458665884, -2786.3851113615215]
    [-0.34181196036149614, -0.20646961797114594, 0.91680597390879204, 1724.7364411139054]
  #922 data/objects/space/3d/asteroid/angular_smooth_01/angular_smooth_01_00800_cluster_01.cgf
    [-0.11483778137104608, -0.82390276166816756, -0.55497078428953406, 14930.364147118507]
    [0.016671337590526837, -0.56018656240082521, 0.82819631123187631, 11426.397318866382]
    [-0.99324236649587028, 0.085856291270418494, 0.078066297315618427, 34226.345540542199]
  #923 data/objects/space/3d/asteroid/angular_smooth_01/angular_smooth_01_03900_column_01.cgf
    [-0.73245961132518034, 0.20253912753127373, 0.24995972083977849, 13977.576846139893]
    [0.19802834210013393, -0.20602124657346141, 0.74722089380012213, 5807.0317618803947]
    [0.25354829115673788, 0.74601085127848599, 0.13849229679773079, 33956.618836915914]
  #924 data/objects/space/3d/asteroid/angular_smooth_01/angular_smooth_01_01400_01.cgf
    [-0.70636960106077451, -0.30063558954087194, 0.46974594009654747, 30627.118652603574]
    [0.15283498469302145, -0.83337270173727107, -0.30353323819894895, -18939.843558300039]
    [0.53636225947549721, -0.15845883231637284, 0.70512931034655302, 29825.6616534407]
  #925 data/objects/space/3d/asteroid/angular_smooth_01/angular_smooth_01_03500_cluster_01.cgf
    [-0.98378115590354476, 0.14379418977345335, -0.10723294143713243, 23273.790450837954]
    [-0.043851316357620435, -0.77246766125422517, -0.63353911467478452, 736.68935152654103]
    [-0.17393313311605493, -0.61856121666056785, 0.76624429648814318, 40843.588552857102]
  #926 data/objects/space/3d/asteroid/angular_smooth_01/angular_smooth_01_01400_01.cgf
    [1.0328787541268918, -0.2141149381815137, -0.31195375522844859, 34697.276436321335]
    [-0.37093334998622102, -0.7518909149248113, -0.71208663433732111, -15796.697551410183]
    [-0.074624406340043428, 0.77383054875171509, -0.77821356495330996, 25000.940754595249]
  #927 data/objects/space/3d/asteroid/angular_smooth_01/angular_smooth_01_03500_cluster_01.cgf
    [-0.27197976379609651, -0.3052990928083501, 0.91258945322838503, 32954.985261549838]
    [-0.23391294817771494, 0.94087022299230016, 0.24504692262726682, -18040.897992282702]
    [-0.93344082773794168, -0.14681868254647462, -0.32731106564717349, 24045.748508359367]
  #928 data/objects/space/3d/asteroid/angular_smooth_01/angular_smooth_01_02200_column_01.cgf
    [0.74506097736337695, 0.14447238572914298, -0.6511619493139762, 32683.431682593768]
    [0.56485608524635478, 0.38251417078246763, 0.73117749320741665, -15412.364074242145]
    [0.35471362735706996, -0.91258460066705538, 0.20339027423861464, 26360.007616390612]
  #929 data/objects/space/3d/asteroid/angular_smooth_01/angular_smooth_01_01300_cluster_01.cgf
    [0.11364033162297736, 0.90046004656987466, -0.41982918134003777, 33830.127377732177]
    [0.9671925654077409, -0.0036299114367928007, 0.25401639141520238, -17290.446763369593]
    [0.22720778682355935, -0.43492239562821733, -0.8713312190736654, 25938.947010100728]
  #930 data/objects/space/3d/asteroid/angular_smooth_01/angular_smooth_01_00900_cluster_01.cgf
    [0.51415136131704986, -0.85547401008740387, 0.061754503423010101, 32341.434676112654]
    [-0.833832441916873, -0.51541373660352308, -0.19766932462969702, -9683.5539154311664]
    [0.20092998640071344, 0.050139018315003274, -0.97832215674574119, 40560.240559983678]
  #931 data/objects/space/3d/asteroid/angular_smooth_01/angular_smooth_01_01400_01.cgf
    [-0.80180744177268704, 0.28146716121587267, 0.29644921212398545, 31490.136128833085]
    [-0.13472108740365246, -0.79815812443141154, 0.39343984153466632, -9272.913041171525]
    [0.38594834734797245, 0.30613872256727648, 0.75320915263833577, 39260.515658750046]
  #932 data/objects/space/3d/asteroid/angular_smooth_01/angular_smooth_01_00900_cluster_01.cgf
    [-0.24587380959727217, 0.0056731891160175614, 0.96928600634664341, 1913.862821589777]
    [-0.38825688555198756, -0.91683507753756843, -0.093120936626511275, -2520.4242638615106]
    [0.88814646201831027, -0.39922767056152536, 0.227628219872719, 31135.370693743043]
  #933 data/objects/space/3d/asteroid/angular_smooth_01/angular_smooth_01_00900_cluster_01.cgf
    [-0.93144583256454028, -0.25269214215417318, 0.26182869044402413, 8859.4705118014572]
    [0.017803427942255406, 0.68704001910473256, 0.72640069586284184, -11322.595268356145]
    [-0.36344273248973136, 0.68126471675116929, -0.63544211912517556, 40465.50277379858]
  #934 data/objects/space/3d/asteroid/angular_smooth_01/angular_smooth_01_01400_01.cgf
    [-0.18565956575197845, -1.0562433194037602, 0.2447046096607485, 8886.6383474478316]
    [0.90664286585270493, -0.28739464004765231, -0.55263261286299492, 1452.5649670280488]
    [0.59458305523508426, 0.10841651726703291, 0.91908466385883425, 31522.236164357502]
  #935 data/objects/space/3d/asteroid/angular_smooth_01/angular_smooth_01_01300_cluster_01.cgf
    [0.36000356907305203, 0.32397940011616277, 0.87489122399749719, 7295.8668461033431]
    [0.35467432307582974, 0.8198326804053585, -0.44953350927697322, 384.9470094903586]
    [-0.86290406771446471, 0.4721351498379886, 0.18023552780207877, 31961.248197097157]
  #936 data/objects/space/3d/asteroid/angular_smooth_01/angular_smooth_01_03900_column_01.cgf
    [-0.81173670478864091, -0.49173269128380059, 0.31508990856988217, 7385.3147482978493]
    [0.43622381933766091, -0.15177176584727181, 0.88694604040774216, -15310.802333554369]
    [-0.38831877317772051, 0.85741673617634673, 0.33770436624858557, 39606.162691047022]
  #937 data/objects/space/3d/asteroid/angular_smooth_01/angular_smooth_01_01300_cluster_01.cgf
    [-0.24793020422590048, -0.018777085375607305, -0.96859641691379383, 8078.4706791395938]
    [0.23652264872960851, -0.9707302078196125, -0.04172390472333299, -16475.57541418288]
    [-0.93946188556607935, -0.2394394884980936, 0.24511442404994824, 38798.201252786006]
  #938 data/objects/space/3d/asteroid/angular_smooth_01/angular_smooth_01_01400_01.cgf
    [1.0210991600457926, -0.0029017081381463874, 0.40908137374200543, 34457.898400041158]
    [0.3919559011826485, -0.30808342113977721, -0.98053794523511284, -6597.8971605904426]
    [0.11716041046728735, 1.0559714345604621, -0.28495131603564333, 33450.164216161473]
  #939 data/objects/space/3d/asteroid/angular_smooth_01/angular_smooth_01_02200_column_01.cgf
    [-0.24845275245343712, 0.77989750111439105, -0.57448287332525949, 35645.511588035792]
    [0.34044442074684672, -0.48493446086629116, -0.80556540345081251, -9102.8160281249402]
    [-0.9068452350709364, -0.39572453880199887, -0.1450284910260396, 30025.250667840326]
  #940 data/objects/space/3d/asteroid/angular_smooth_01/angular_smooth_01_02200_column_01.cgf
    [0.14311715544005296, 0.19889409580605202, -0.96951476287679639, 32256.109745579161]
    [0.98969700783075043, -0.03290976164060324, 0.13934502948949526, -7084.9475987544993]
    [-0.0041915955693965605, -0.9794683982681941, -0.20155481707052025, 34432.638104273879]
  #941 data/objects/space/3d/asteroid/angular_smooth_01/angular_smooth_01_01300_cluster_01.cgf
    [-0.52124172051914119, 0.83499037203597559, -0.17634452250547075, 34309.973494877144]
    [0.79303504574291861, 0.39757466074751635, -0.46155069989681374, -7738.912278549562]
    [-0.31528039620944814, -0.38042701134243156, -0.86940945706110939, 35043.680790362698]
  #942 data/objects/space/3d/asteroid/angular_smooth_01/angular_smooth_01_01300_cluster_01.cgf
    [0.34936781991562976, -0.92208645475162032, 0.16642873448112805, 17525.683306161904]
    [-0.75990409925058966, -0.38274957708756779, -0.52540303431883562, -2267.5869967924568]
    [0.54816759630568435, 0.057089040041655457, -0.83441773420605836, -4981.8761228830554]
  #943 data/objects/space/3d/asteroid/angular_smooth_01/angular_smooth_01_00900_cluster_01.cgf
    [-0.65266546362361233, 0.28363256156980549, -0.70255305443734173, 8989.6607818753364]
    [-0.068150928007174177, -0.94550247503866258, -0.31840375688178835, -7255.7457095907339]
    [-0.75457516212346198, -0.1599314584502578, 0.63642649614329971, -4960.6746957222376]
