# IncludedObjects
# Cgfs: 60, Materials: 0, Palettes: 4, Placements: 1731

[CGFs]
      0: objects/buildingsets/citysets/hightech/struts/ht_strut_straight_8000m_001.cgf
      1: objects/buildingsets/citysets/hightech/struts/ht_strut_45_4000m_001.cgf
      2: objects/buildingsets/citysets/hightech/struts/ht_strut_45_4000m_flip_001.cgf
      3: objects/buildingsets/citysets/hightech/struts/ht_strut_straight_4000m_001.cgf
      4: objects/buildingsets/citysets/hightech/struts/ht_strut_45_2000m_flip_001.cgf
      5: objects/buildingsets/citysets/hightech/struts/ht_strut_y_2000m_001.cgf
      6: objects/buildingsets/citysets/hightech/background/plates/habitation_plate_thruster_a.cgf
      7: objects/buildingsets/citysets/hightech/struts/ht_strut_45_2000m_001.cgf
      8: objects/buildingsets/human/hightech/delta/int/light/light_fixture/light_decal_capsule_a.cgf
      9: objects/buildingsets/citysets/hightech/addon/medium/ht_med_addon_vent_001_a.cgf
     10: objects/buildingsets/citysets/hightech/struts/ht_connect_45_001.cgf
     11: objects/buildingsets/citysets/hightech/addon/large/ht_lrg_addon_antenna_002_a.cgf
     12: objects/buildingsets/human/shop/alpha/shippart/dumpersdepot/prop/prop_crate_dumper_pallet_05.cgf
     13: objects/buildingsets/citysets/hightech/addon/greeble/orison_shipyard_greeble_c.cgf
     14: objects/buildingsets/citysets/hightech/addon/large/ht_lrg_addon_antenna_001_a.cgf
     15: objects/buildingsets/citysets/hightech/addon/containers/containers_01x04x02_a.cgf
     16: objects/buildingsets/citysets/hightech/addon/large/ht_lrg_addon_building_001_a.cgf
     17: objects/buildingsets/citysets/hightech/struts/ht_connect_45_002.cgf
     18: objects/buildingsets/human/shop/alpha/shippart/dumpersdepot/prop/prop_crate_dumper_cluster_02.cgf
     19: objects/buildingsets/citysets/hightech/addon/medium/ht_med_addon_panel_01_a.cgf
     20: objects/buildingsets/citysets/hightech/addon/large/ht_lrg_addon_tank_009_b.cgf
     21: objects/buildingsets/citysets/hightech/addon/medium/ht_med_addon_antenna_005_a.cgf
     22: objects/buildingsets/citysets/hightech/addon/medium/ht_med_addon_panel_04_a.cgf
     23: objects/buildingsets/citysets/hightech/addon/large/ht_lrg_addon_tank_008_a_linemarking_a.cgf
     24: objects/buildingsets/citysets/hightech/addon/medium/ht_med_addon_panel_03_a.cgf
     25: objects/buildingsets/human/universal/prop/uee/forklift/forklift_machine_1_a.cgf
     26: objects/buildingsets/citysets/hightech/addon/medium/ht_med_addon_window_01_a.cgf
     27: objects/buildingsets/citysets/hightech/addon/large/ht_lrg_addon_tank_005_a.cgf
     28: objects/buildingsets/citysets/hightech/addon/medium/ht_med_addon_antenna_003_a.cgf
     29: objects/buildingsets/citysets/hightech/addon/medium/ht_med_addon_antenna_008_c.cgf
     30: objects/buildingsets/citysets/hightech/addon/greeble/orison_shipyard_greeble_d.cgf
     31: objects/buildingsets/citysets/hightech/addon/medium/ht_med_addon_panel_06_a.cgf
     32: objects/buildingsets/citysets/hightech/addon/large/ht_lrg_addon_tank_008_b_linemarking_a.cgf
     33: objects/buildingsets/citysets/hightech/addon/containers/containers_01x02x03_a.cgf
     34: objects/buildingsets/citysets/hightech/addon/containers/containers_01x02x02_a.cgf
     35: objects/buildingsets/citysets/hightech/addon/medium/ht_med_addon_vent_003_a.cgf
     36: objects/buildingsets/citysets/hightech/addon/large/ht_lrg_addon_tank_008_a.cgf
     37: objects/buildingsets/citysets/hightech/addon/large/ht_lrg_addon_tank_002_b.cgf
     38: objects/buildingsets/human/hightech/delta/int/garage/high_tech_garage_door_l.cga
     39: objects/buildingsets/citysets/hightech/addon/medium/ht_med_addon_panel_02_a.cgf
     40: objects/buildingsets/citysets/hightech/struts/ht_connect_ring_addon_001.cgf
     41: objects/buildingsets/citysets/hightech/addon/medium/ht_med_addon_antenna_002_a.cgf
     42: objects/buildingsets/citysets/hightech/addon/medium/ht_med_addon_tank_002_a.cgf
     43: objects/buildingsets/citysets/hightech/struts/ht_connect_90_001.cgf
     44: objects/buildingsets/citysets/hightech/addon/large/ht_lrg_addon_tank_008_c.cgf
     45: objects/buildingsets/human/shop/alpha/shippart/dumpersdepot/prop/prop_crate_dumper_cluster_01.cgf
     46: objects/buildingsets/citysets/hightech/addon/large/ht_lrg_addon_arm_003_a.cgf
     47: objects/buildingsets/citysets/hightech/addon/large/ht_lrg_addon_tank_002_a.cgf
     48: objects/buildingsets/citysets/hightech/addon/large/ht_lrg_addon_base_antenna_001_a.cgf
     49: objects/buildingsets/citysets/hightech/addon/large/ht_lrg_addon_tank_008_b.cgf
     50: objects/buildingsets/citysets/hightech/addon/large/ht_lrg_addon_tank_001_b.cgf
     51: objects/buildingsets/citysets/hightech/addon/small/ht_sml_addon_vent_006_a.cgf
     52: objects/buildingsets/citysets/hightech/addon/medium/ht_med_addon_tank_003_a.cgf
     53: objects/buildingsets/citysets/hightech/rooftop/ht_rooftop_doorway_24x02x08_a.cgf
     54: objects/buildingsets/citysets/hightech/addon/small/ht_sml_addon_vent_005_a.cgf
     55: objects/buildingsets/citysets/hightech/struts/ht_strut_straight_2000m_001.cgf
     56: objects/buildingsets/citysets/hightech/addon/large/ht_lrg_addon_tank_003_c.cgf
     57: objects/buildingsets/citysets/hightech/addon/medium/ht_med_addon_antenna_004_a.cgf
     58: objects/buildingsets/citysets/hightech/struts/ht_connect_strut_addon_001_b.cgf
     59: objects/buildingsets/citysets/hightech/struts/ht_connect_strut_addon_001_a.cgf

[Palettes]
      0: Libs/Foundry/Records/TintPalettes/Generic/gen_white_lightteal_blue
      1: Libs/Foundry/Records/TintPalettes/default
      2: Libs/Foundry/Records/TintPalettes/Generic/gen_white_lightgrey_darkgrey
      3: Libs/Foundry/Records/TintPalettes/Generic/gen_white_blue_darkblue_a

[Placements]
  #0 objects/buildingsets/citysets/hightech/struts/ht_strut_straight_8000m_001.cgf
    [0.96592724926592088, -0.25882259496925547, 0.00000000000000000, 832.47916318313946249]
    [0.25882259496925547, 0.96592724926592088, 0.00000000000000000, 13936.39092673132836353]
    [0.00000000000000000, 0.00000000000000000, 1.00000229326789425, 2936.48372899927198887]
  #1 objects/buildingsets/citysets/hightech/struts/ht_strut_straight_8000m_001.cgf
    [0.96592724926592088, -0.25882259496925547, 0.00000000000000000, 2903.04997066878786427]
    [0.25882259496925547, 0.96592724926592088, 0.00000000000000000, 6208.98588891265899292]
    [0.00000000000000000, 0.00000000000000000, 1.00000229326789425, 2936.48372899927198887]
  #2 objects/buildingsets/citysets/hightech/struts/ht_strut_45_4000m_001.cgf
    [-0.86602837090970930, -0.49999990680382367, -0.00000000000000000, 832.47914991676225327]
    [0.49999990680382367, -0.86602837090970930, 0.00000000000000000, 13936.39093211680301465]
    [0.00000000000000000, -0.00000000000000000, 1.00000252300899595, 2936.48372899927198887]
  #3 objects/buildingsets/citysets/hightech/struts/ht_strut_45_4000m_flip_001.cgf
    [-0.96592722813299714, 0.25882206158666005, 0.00000000000000000, -4523.07082370432908647]
    [-0.25882206158666005, -0.96592722813299714, -0.00000000000000000, 28459.34106689220789121]
    [-0.00000000000000000, 0.00000000000000000, 1.00000213480405309, 1936.48372899927198887]
  #4 objects/buildingsets/citysets/hightech/struts/ht_strut_straight_8000m_001.cgf
    [-0.96592722813299714, 0.25882206158666005, 0.00000000000000000, 1314.83284955799172167]
    [-0.25882206158666005, -0.96592722813299714, -0.00000000000000000, 17600.29457201083641849]
    [-0.00000000000000000, 0.00000000000000000, 1.00000213480405309, 2936.48372899927198887]
  #5 objects/buildingsets/citysets/hightech/struts/ht_strut_straight_8000m_001.cgf
    [-0.96592722813299714, 0.25882206158666005, 0.00000000000000000, -1417.21646861798944883]
    [-0.25882206158666005, -0.96592722813299714, -0.00000000000000000, 16868.23762803677163902]
    [-0.00000000000000000, 0.00000000000000000, 1.00000213480405309, 1936.48372899927198887]
  #6 objects/buildingsets/citysets/hightech/struts/ht_strut_straight_4000m_001.cgf
    [-0.96592722813299714, 0.25882206158666005, 0.00000000000000000, -3487.78602063086873386]
    [-0.25882206158666005, -0.96592722813299714, -0.00000000000000000, 24595.63985209956081235]
    [-0.00000000000000000, 0.00000000000000000, 1.00000213480405309, 1936.48372899927198887]
  #7 objects/buildingsets/citysets/hightech/struts/ht_strut_45_4000m_001.cgf
    [-0.86602837090970930, -0.49999990680382367, -0.00000000000000000, -3626.50503412504622247]
    [0.49999990680382367, -0.86602837090970930, 0.00000000000000000, 32840.68468886753544211]
    [0.00000000000000000, -0.00000000000000000, 1.00000252300899595, 1936.48372899927198887]
  #8 objects/buildingsets/citysets/hightech/struts/ht_strut_straight_8000m_001.cgf
    [0.96592724926592088, -0.25882259496925547, 0.00000000000000000, 4973.62157102506535011]
    [0.25882259496925547, 0.96592724926592088, 0.00000000000000000, -1518.42124035911729152]
    [0.00000000000000000, 0.00000000000000000, 1.00000229326789425, 2936.48372899927198887]
  #9 objects/buildingsets/citysets/hightech/struts/ht_strut_45_4000m_001.cgf
    [-0.86602837090970930, -0.49999990680382367, -0.00000000000000000, -2626.50892389012733474]
    [0.49999990680382367, -0.86602837090970930, 0.00000000000000000, 34572.73778424783085939]
    [0.00000000000000000, -0.00000000000000000, 1.00000252300899595, 1936.48372899927198887]
  #10 objects/buildingsets/citysets/hightech/struts/ht_strut_45_2000m_flip_001.cgf
    [-0.96592722813299714, 0.25882206158666005, 0.00000000000000000, 1274.79483487993275048]
    [-0.25882206158666005, -0.96592722813299714, -0.00000000000000000, 33673.14434049405099358]
    [-0.00000000000000000, 0.00000000000000000, 1.00000213480405309, 2936.48372899927198887]
  #11 objects/buildingsets/citysets/hightech/struts/ht_strut_45_4000m_flip_001.cgf
    [-0.96592722813299714, 0.25882206158666005, 0.00000000000000000, -755.73648829763988033]
    [-0.25882206158666005, -0.96592722813299714, -0.00000000000000000, 25327.69600080405507470]
    [-0.00000000000000000, 0.00000000000000000, 1.00000213480405309, 2936.48372899927198887]
  #12 objects/buildingsets/citysets/hightech/struts/ht_strut_y_2000m_001.cgf
    [-0.25882191365132534, -0.96592947899230142, 0.00000000000000000, 13723.92053441642565303]
    [0.96592947899230142, -0.25882191365132534, 0.00000000000000000, -13918.83892133676454250]
    [0.00000000000000000, 0.00000000000000000, 1.00000427067711661, 2936.48372899927198887]
  #13 objects/buildingsets/citysets/hightech/background/plates/habitation_plate_thruster_a.cgf
    [0.51226126188631727, -0.19411586472731443, 0.51226031712332409, 629.86327500562765636]
    [0.13726073655301821, 0.72444615598997308, 0.13726055201607695, 9209.08104192843529745]
    [-0.53033111509607322, -0.00000004686351722, 0.53033207542862892, 1938.15985239669680595]
  #14 objects/buildingsets/citysets/hightech/struts/ht_strut_straight_8000m_001.cgf
    [-0.96592722813299714, 0.25882206158666005, 0.00000000000000000, 653.35597442458674777]
    [-0.25882206158666005, -0.96592722813299714, -0.00000000000000000, 9140.83585378878706251]
    [-0.00000000000000000, 0.00000000000000000, 1.00000213480405309, 1936.48372899927198887]
  #15 objects/buildingsets/citysets/hightech/struts/ht_strut_45_2000m_001.cgf
    [-0.86602837090970930, -0.49999990680382367, -0.00000000000000000, 2399.64260966746951453]
    [0.49999990680382367, -0.86602837090970930, 0.00000000000000000, 32207.22087473174178740]
    [0.00000000000000000, -0.00000000000000000, 1.00000252300899595, 2936.48372899927198887]
  #16 objects/buildingsets/citysets/hightech/struts/ht_strut_45_4000m_001.cgf
    [0.86602867319254873, 0.49999887713978930, 0.00000000000000000, 4794.50127751211766736]
    [-0.49999887713978930, 0.86602867319254873, -0.00000000000000000, -6313.96793273454568407]
    [-0.00000000000000000, 0.00000000000000000, 1.00000226996377184, 1936.48372899927198887]
  #17 objects/buildingsets/citysets/hightech/struts/ht_strut_straight_8000m_001.cgf
    [-0.96592722813299714, 0.25882206158666005, 0.00000000000000000, 4794.50127751211766736]
    [-0.25882206158666005, -0.96592722813299714, -0.00000000000000000, -6313.96793273454568407]
    [-0.00000000000000000, 0.00000000000000000, 1.00000213480405309, 1936.48372899927198887]
  #18 objects/buildingsets/citysets/hightech/struts/ht_strut_straight_8000m_001.cgf
    [0.96592724926592088, -0.25882259496925547, 0.00000000000000000, 4526.56373469691607170]
    [0.25882259496925547, 0.96592724926592088, 0.00000000000000000, -10778.07035330394319317]
    [0.00000000000000000, 0.00000000000000000, 1.00000229326789425, 1936.48372899927198887]
  #19 objects/buildingsets/citysets/hightech/struts/ht_strut_45_4000m_001.cgf
    [0.86602867319254873, 0.49999887713978930, 0.00000000000000000, 1561.86785990897988086]
    [-0.49999887713978930, 0.86602867319254873, -0.00000000000000000, -21569.98593116911797551]
    [-0.00000000000000000, 0.00000000000000000, 1.00000226996377184, 1936.48372899927198887]
  #20 objects/buildingsets/citysets/hightech/struts/ht_strut_straight_4000m_001.cgf
    [0.96592724926592088, -0.25882259496925547, 0.00000000000000000, 7632.42227035937321489]
    [0.25882259496925547, 0.96592724926592088, 0.00000000000000000, -22369.17170134030311601]
    [0.00000000000000000, 0.00000000000000000, 1.00000229326789425, 1936.48372899927198887]
  #21 objects/buildingsets/citysets/hightech/struts/ht_strut_straight_8000m_001.cgf
    [0.86602867319254873, 0.49999887713978930, 0.00000000000000000, 5561.85016483838626300]
    [-0.49999887713978930, 0.86602867319254873, -0.00000000000000000, -14641.77138180197107431]
    [-0.00000000000000000, 0.00000000000000000, 1.00000226996377184, 1936.48372899927198887]
  #22 objects/buildingsets/human/hightech/delta/int/light/light_fixture/light_decal_capsule_a.cgf
    [-0.51764443658030213, -1.93185641772259897, 0.00000000000000000, 1548.61180051352494047]
    [1.93185641772259897, -0.51764443658030213, 0.00000000000000000, -26984.56102557859412627]
    [0.00000000000000000, 0.00000000000000000, 2.00000624534488169, 1951.48375939764082432]
  #23 objects/buildingsets/citysets/hightech/background/plates/habitation_plate_thruster_a.cgf
    [-0.45928048526387605, -0.37500142079020443, -0.45928071676524534, 4530.20743934056372382]
    [0.26516700704899432, -0.64952085488846245, 0.26516508814120016, -16438.69753762436448596]
    [-0.53033131225654406, -0.00000125693409807, 0.53033207122515535, 1938.15985239669680595]
  #24 objects/buildingsets/citysets/hightech/struts/ht_strut_straight_8000m_001.cgf
    [0.96592724926592088, -0.25882259496925547, 0.00000000000000000, 1293.93033310080863885]
    [0.25882259496925547, 0.96592724926592088, 0.00000000000000000, -26034.08848555095755728]
    [0.00000000000000000, 0.00000000000000000, 1.00000229326789425, 1936.48372899927198887]
  #25 objects/buildingsets/citysets/hightech/background/plates/habitation_plate_thruster_a.cgf
    [0.45928079000215383, 0.37500040870517926, 0.45928076026883941, 4521.53885103484572028]
    [-0.26516555062779051, 0.64952110113379646, -0.26516511325847214, -16433.69275712066155393]
    [-0.53033136249182478, -0.00000025732075515, 0.53033160692596437, 1938.15985239669680595]
  #26 objects/buildingsets/citysets/hightech/struts/ht_strut_y_2000m_001.cgf
    [-0.25882348470242883, -0.96592851591461559, 0.00000000000000000, 11712.84834943247187766]
    [0.96592851591461559, -0.25882348470242883, 0.00000000000000000, -18473.20352589574758895]
    [0.00000000000000000, 0.00000000000000000, 1.00000374703823991, -63.51627100072801113]
  #27 objects/buildingsets/citysets/hightech/struts/ht_strut_45_4000m_flip_001.cgf
    [0.96592817044406332, -0.25882284180121662, 0.00000000000000000, 7123.89062413451756584]
    [0.25882284180121662, 0.96592817044406332, 0.00000000000000000, -15007.29429892347434361]
    [0.00000000000000000, 0.00000000000000000, 1.00000324694246512, -63.51627100072801113]
  #28 objects/buildingsets/citysets/hightech/struts/ht_strut_45_4000m_flip_001.cgf
    [-0.49999846410905940, 0.86602973795603144, 0.00000000000000000, 9980.79386061255718232]
    [-0.86602973795603144, -0.49999846410905940, -0.00000000000000000, -17473.20968618809274631]
    [-0.00000000000000000, 0.00000000000000000, 1.00000298556334855, -63.51627100072801113]
  #29 objects/buildingsets/citysets/hightech/background/plates/habitation_plate_thruster_a.cgf
    [0.51226175041571664, -0.19411604985024652, 0.51226080565182230, 5029.81887851962164859]
    [0.13726086745478683, 0.72444684687423822, 0.13726068291766957, -7211.65043173571939406]
    [-0.53033162085819185, -0.00000004686356192, 0.53033258119166349, -61.84014600515365601]
  #30 objects/buildingsets/citysets/hightech/struts/ht_strut_45_2000m_001.cgf
    [-0.96592814931111948, 0.25882230841811249, 0.00000000000000000, 5053.31160034291315242]
    [-0.25882230841811249, -0.96592814931111948, -0.00000000000000000, -7279.89568495891762723]
    [-0.00000000000000000, 0.00000000000000000, 1.00000308847847252, -63.51627100072801113]
  #31 objects/buildingsets/citysets/hightech/struts/ht_strut_straight_8000m_001.cgf
    [-0.96592814931111948, 0.25882230841811249, 0.00000000000000000, 7123.89062288614877616]
    [-0.25882230841811249, -0.96592814931111948, -0.00000000000000000, -15007.29448452637916489]
    [-0.00000000000000000, 0.00000000000000000, 1.00000308847847252, -63.51627100072801113]
  #32 objects/buildingsets/citysets/hightech/struts/ht_strut_straight_8000m_001.cgf
    [-0.96592814931111948, 0.25882230841811249, 0.00000000000000000, 7516.67927624936055508]
    [-0.25882230841811249, -0.96592814931111948, -0.00000000000000000, -13741.16755158952037164]
    [-0.00000000000000000, 0.00000000000000000, 1.00000308847847252, -63.51627100072801113]
  #33 objects/buildingsets/citysets/hightech/background/plates/habitation_plate_thruster_a.cgf
    [-0.51226159466219778, 0.19411525676354466, -0.51226085204909722, 5039.48741773258370813]
    [-0.13725973342962841, -0.72444676954714637, -0.13726069534951704, -7209.05972699239100621]
    [-0.53033166889152616, -0.00000079291127285, 0.53033213723703532, -61.84014600515365601]
  #34 objects/buildingsets/citysets/hightech/struts/ht_strut_45_2000m_001.cgf
    [-0.96592814931111948, 0.25882230841811249, 0.00000000000000000, 5446.10025495449735899]
    [-0.25882230841811249, -0.96592814931111948, -0.00000000000000000, -6013.76856641914673673]
    [-0.00000000000000000, 0.00000000000000000, 1.00000308847847252, -63.51627100072801113]
  #35 objects/buildingsets/citysets/hightech/addon/medium/ht_med_addon_vent_001_a.cgf
    [0.62205211784383529, 1.07743363173027085, 0.00000000000000000, 7630.24347369808674557]
    [1.07743363173027085, -0.62205211784383574, 0.00000000000000000, -16983.55537778033612994]
    [0.00000000000000000, 0.00000000000000000, -1.24411095489810819, -45.42090307176113129]
  #36 objects/buildingsets/citysets/hightech/struts/ht_connect_45_001.cgf
    [-0.86602927173737798, -0.49999728341150113, -0.00000000000000000, 7641.56008754109279835]
    [0.49999728341150113, -0.86602927173737798, 0.00000000000000000, -16939.10025585450785002]
    [0.00000000000000000, -0.00000000000000000, 1.00000199146044433, -53.51624119840562344]
  #37 objects/buildingsets/citysets/hightech/struts/ht_connect_45_001.cgf
    [0.86602867319254873, 0.49999887713978930, 0.00000000000000000, 3794.50575015347567387]
    [-0.49999887713978930, 0.86602867319254873, -0.00000000000000000, -8046.02144262689580501]
    [-0.00000000000000000, 0.00000000000000000, 1.00000226996377184, 1946.48374926485121250]
  #38 objects/buildingsets/citysets/hightech/addon/medium/ht_med_addon_vent_001_a.cgf
    [-0.62205444517331310, -1.07743408576594124, 0.00000000000000000, 3806.51986135882543749]
    [-1.07743408576594124, 0.62205444517331310, -0.00000000000000000, -8002.02785017952737689]
    [0.00000000000000000, 0.00000000000000000, -1.24411251176498028, 1954.57907967083156109]
  #39 objects/buildingsets/citysets/hightech/addon/large/ht_lrg_addon_antenna_002_a.cgf
    [0.22304673198307617, 0.38633115682372743, 0.00000000000000000, 3796.94923431247298140]
    [0.38633115682372743, -0.22304673198307634, 0.00000000000000000, -8000.85402968171729299]
    [0.00000000000000000, 0.00000000000000000, -0.44609596207664765, 1932.51497195661067963]
  #40 objects/buildingsets/human/shop/alpha/shippart/dumpersdepot/prop/prop_crate_dumper_pallet_05.cgf
    [0.86602867319254873, 0.49999887713978930, 0.00000000000000000, 3787.54661087696149480]
    [-0.49999887713978930, 0.86602867319254873, -0.00000000000000000, -8002.04594699295012106]
    [-0.00000000000000000, 0.00000000000000000, 1.00000226996377184, 1957.87664235383272171]
  #41 objects/buildingsets/citysets/hightech/addon/greeble/orison_shipyard_greeble_c.cgf
    [-0.75980578578118829, 0.43867397228149146, 0.00000000000000000, 3785.45138055170173175]
    [0.43867397228149146, 0.75980578578118796, 0.00000000000000000, -8019.82887998539263208]
    [0.00000000000000000, 0.00000000000000000, -0.87734809856965668, 1940.73373861238360405]
  #42 objects/buildingsets/citysets/hightech/addon/large/ht_lrg_addon_antenna_001_a.cgf
    [-0.32547821721598275, -0.56374924557993356, 0.00000000000000000, 7632.69307703693993972]
    [-0.56374924557993356, 0.32547821721598230, -0.00000000000000000, -17000.92004511253617238]
    [0.00000000000000000, 0.00000000000000000, -0.65096027664830580, -68.49951585195958614]
  #43 objects/buildingsets/citysets/hightech/addon/containers/containers_01x04x02_a.cgf
    [-0.86602735134685704, -0.50000170718104808, -0.00000000000000000, 3790.69310634824432782]
    [0.50000170718104808, -0.86602735134685704, 0.00000000000000000, -7997.93527740817262384]
    [0.00000000000000000, -0.00000000000000000, 1.00000254022918078, 1957.87778835557401180]
  #44 objects/buildingsets/citysets/hightech/addon/large/ht_lrg_addon_building_001_a.cgf
    [0.08460636335055077, 0.31575123357952151, 0.00000000000000000, 5315.77348001575592207]
    [-0.31575123357952151, 0.08460636335055077, -0.00000000000000000, -5447.06655993641652458]
    [-0.00000000000000000, 0.00000000000000000, 0.32689000937072854, -37.21707862243056297]
  #45 objects/buildingsets/citysets/hightech/struts/ht_connect_45_002.cgf
    [-0.96592814931111948, 0.25882230841811249, 0.00000000000000000, 5232.21543870978712221]
    [-0.25882230841811249, -0.96592814931111948, -0.00000000000000000, -5215.51952261078440642]
    [-0.00000000000000000, 0.00000000000000000, 1.00000308847847252, -53.51624119840562344]
  #46 objects/buildingsets/human/hightech/delta/int/light/light_fixture/light_decal_capsule_a.cgf
    [0.51764579907490216, 1.93185586925588537, 0.00000000000000000, 5129.92345091361130471]
    [-1.93185586925588537, 0.51764579907490216, -0.00000000000000000, -7565.78361947698613221]
    [-0.00000000000000000, 0.00000000000000000, 2.00000606821037064, -48.51622629724442959]
  #47 objects/buildingsets/human/hightech/delta/int/light/light_fixture/light_decal_capsule_a.cgf
    [0.51764579907490216, 1.93185586925588537, 0.00000000000000000, 5771.18153380611329339]
    [-1.93185586925588537, 0.51764579907490216, -0.00000000000000000, -7226.94776006653592049]
    [-0.00000000000000000, 0.00000000000000000, 2.00000606821037064, -48.51622629724442959]
  #48 objects/buildingsets/human/hightech/delta/int/light/light_fixture/light_decal_capsule_a.cgf
    [0.51764579907490216, 1.93185586925588537, 0.00000000000000000, 5522.71210427682672162]
    [-1.93185586925588537, 0.51764579907490216, -0.00000000000000000, -6299.65668654012733896]
    [-0.00000000000000000, 0.00000000000000000, 2.00000606821037064, -48.51622629724442959]
  #49 objects/buildingsets/human/hightech/delta/int/light/light_fixture/light_decal_capsule_a.cgf
    [0.51764579907490216, 1.93185586925588537, 0.00000000000000000, 6019.65096333540714113]
    [-1.93185586925588537, 0.51764579907490216, -0.00000000000000000, -8154.23883359293722606]
    [-0.00000000000000000, 0.00000000000000000, 2.00000606821037064, -48.51622629724442959]
  #50 objects/buildingsets/citysets/hightech/background/plates/habitation_plate_thruster_a.cgf
    [0.51226175041571664, -0.19411604985024652, 0.51226080565182230, 5422.60753313120585517]
    [0.13726086745478683, 0.72444684687423822, 0.13726068291766957, -5945.52331319594122760]
    [-0.53033162085819185, -0.00000004686356192, 0.53033258119166349, -61.84014600515365601]
  #51 objects/buildingsets/citysets/hightech/background/plates/habitation_plate_thruster_a.cgf
    [-0.51226159466219778, 0.19411525676354466, -0.51226085204909722, 5949.92112724583785166]
    [-0.13725973342962841, -0.72444676954714637, -0.13726069534951704, -7874.76226527380094922]
    [-0.53033166889152616, -0.00000079291127285, 0.53033213723703532, -61.84014600515365601]
  #52 objects/buildingsets/citysets/hightech/background/plates/habitation_plate_thruster_a.cgf
    [0.51226175041571664, -0.19411604985024652, 0.51226080565182230, 5940.25258803287943010]
    [0.13726086745478683, 0.72444684687423822, 0.13726068291766957, -7877.35297001712206111]
    [-0.53033162085819185, -0.00000004686356192, 0.53033258119166349, -61.84014600515365601]
  #53 objects/buildingsets/human/hightech/delta/int/light/light_fixture/light_decal_capsule_a.cgf
    [0.51764579907490216, 1.93185586925588537, 0.00000000000000000, 5439.88851921627792763]
    [-1.93185586925588537, 0.51764579907490216, -0.00000000000000000, -5990.58628958098597650]
    [-0.00000000000000000, 0.00000000000000000, 2.00000606821037064, -48.51622629724442959]
  #54 objects/buildingsets/human/hightech/delta/int/light/light_fixture/light_decal_capsule_a.cgf
    [0.51764579907490216, 1.93185586925588537, 0.00000000000000000, 5047.09986460469735903]
    [-1.93185586925588537, 0.51764579907490216, -0.00000000000000000, -7256.71340812076414295]
    [-0.00000000000000000, 0.00000000000000000, 2.00000606821037064, -48.51622629724442959]
  #55 objects/buildingsets/citysets/hightech/background/plates/habitation_plate_thruster_a.cgf
    [-0.51226159466219778, 0.19411525676354466, -0.51226085204909722, 5432.27607234416063875]
    [-0.13725973342962841, -0.72444676954714637, -0.13726069534951704, -5942.93260845261283976]
    [-0.53033166889152616, -0.00000079291127285, 0.53033213723703532, -61.84014600515365601]
  #56 objects/buildingsets/human/hightech/delta/int/light/light_fixture/light_decal_capsule_a.cgf
    [1.93185578849934214, -0.51764278930012142, 0.00000000000000000, 7751.63932264349932666]
    [0.51764278930012142, 1.93185578849934214, 0.00000000000000000, -14617.38760165100575250]
    [0.00000000000000000, 0.00000000000000000, 2.00000521121141706, -48.51622629724442959]
  #57 objects/buildingsets/human/hightech/delta/int/light/light_fixture/light_decal_capsule_a.cgf
    [-0.51764493024350589, -1.93185826008071393, 0.00000000000000000, 7377.60640613065697835]
    [1.93185826008071393, -0.51764493024350589, 0.00000000000000000, -15958.02656826683414693]
    [0.00000000000000000, 0.00000000000000000, 2.00000815269560528, -48.51622629724442959]
  #58 objects/buildingsets/human/hightech/delta/int/light/light_fixture/light_decal_capsule_a.cgf
    [1.93185578849934214, -0.51764278930012142, 0.00000000000000000, 8000.10956902919133427]
    [0.51764278930012142, 1.93185578849934214, 0.00000000000000000, -15544.67821365163581504]
    [0.00000000000000000, 0.00000000000000000, 2.00000521121141706, -48.51622629724442959]
  #59 objects/buildingsets/human/hightech/delta/int/light/light_fixture/light_decal_capsule_a.cgf
    [1.93185578849934214, -0.51764278930012142, 0.00000000000000000, 8248.57981248664145824]
    [0.51764278930012142, 1.93185578849934214, 0.00000000000000000, -16471.96881472403765656]
    [0.00000000000000000, 0.00000000000000000, 2.00000521121141706, -48.51622629724442959]
  #60 objects/buildingsets/human/hightech/delta/int/light/light_fixture/light_decal_capsule_a.cgf
    [1.73206076510926477, 0.99999593922505459, 0.00000000000000000, 9129.12059465775746503]
    [-0.99999593922505459, 1.73206076510926477, -0.00000000000000000, -16980.34516645306575811]
    [-0.00000000000000000, 0.00000000000000000, 2.00000659311350537, -48.51622629724442959]
  #61 objects/buildingsets/human/hightech/delta/int/light/light_fixture/light_decal_capsule_a.cgf
    [-0.51764493024350589, -1.93185826008071393, 0.00000000000000000, 7129.13644486684643198]
    [1.93185826008071393, -0.51764493024350589, 0.00000000000000000, -15030.73540098190460412]
    [0.00000000000000000, 0.00000000000000000, 2.00000815269560528, -48.51622629724442959]
  #62 objects/buildingsets/citysets/hightech/background/plates/habitation_plate_thruster_a.cgf
    [-0.51226159466219778, 0.19411525676354466, -0.51226085204909722, 7147.38338632904196857]
    [-0.13725973342962841, -0.72444676954714637, -0.13726069534951704, -15075.53955639312516723]
    [-0.53033166889152616, -0.00000079291127285, 0.53033213723703532, -61.84014600515365601]
  #63 objects/buildingsets/citysets/hightech/background/plates/habitation_plate_thruster_a.cgf
    [-0.51226159466219778, 0.19411525676354466, -0.51226085204909722, 7406.20627688075910555]
    [-0.13725973342962841, -0.72444676954714637, -0.13726069534951704, -16041.46790877431521949]
    [-0.53033166889152616, -0.00000079291127285, 0.53033213723703532, -61.84014600515365601]
  #64 objects/buildingsets/citysets/hightech/background/plates/habitation_plate_thruster_a.cgf
    [-0.51226159466219778, 0.19411525676354466, -0.51226085204909722, 6074.77715108809934463]
    [-0.13725973342962841, -0.72444676954714637, -0.13726069534951704, -11072.74572213170358737]
    [-0.53033166889152616, -0.00000079291127285, 0.53033213723703532, -61.84014600515365601]
  #65 objects/buildingsets/human/hightech/delta/int/light/light_fixture/light_decal_capsule_a.cgf
    [-1.73205715706004826, -1.00000000787698995, -0.00000000000000000, 7640.76607300983596360]
    [1.00000000787698995, -1.73205715706004826, 0.00000000000000000, -16940.13979210091201821]
    [0.00000000000000000, -0.00000000000000000, 2.00000550276165923, -48.51622629724442959]
  #66 objects/buildingsets/human/hightech/delta/int/light/light_fixture/light_decal_capsule_a.cgf
    [0.51764579907490216, 1.93185586925588537, 0.00000000000000000, 5875.33173950148193398]
    [-1.93185586925588537, 0.51764579907490216, -0.00000000000000000, -10347.65684005620460084]
    [-0.00000000000000000, 0.00000000000000000, 2.00000606821037064, -48.51622629724442959]
  #67 objects/buildingsets/citysets/hightech/background/plates/habitation_plate_thruster_a.cgf
    [0.51226175041571664, -0.19411604985024652, 0.51226080565182230, 7100.39790106284272042]
    [0.13726086745478683, 0.72444684687423822, 0.13726068291766957, -14939.04923130318820768]
    [-0.53033162085819185, -0.00000004686356192, 0.53033258119166349, -61.84014600515365601]
  #68 objects/buildingsets/citysets/hightech/background/plates/habitation_plate_thruster_a.cgf
    [0.26516581316335436, -0.64952218826974328, 0.26516459130452918, 9049.89550853638866101]
    [0.45928208173975721, 0.37500022526945981, 0.45928100597308180, -16941.56644109005719656]
    [-0.53033131430192637, -0.00000036789370556, 0.53033285687165621, -61.84014600515365601]
  #69 objects/buildingsets/human/hightech/delta/int/light/light_fixture/light_decal_capsule_a.cgf
    [0.51764579907490216, 1.93185586925588537, 0.00000000000000000, 5626.86230997218444827]
    [-1.93185586925588537, 0.51764579907490216, -0.00000000000000000, -9420.36576652980329527]
    [-0.00000000000000000, 0.00000000000000000, 2.00000606821037064, -48.51622629724442959]
  #70 objects/buildingsets/citysets/hightech/background/plates/habitation_plate_thruster_a.cgf
    [0.51226175041571664, -0.19411604985024652, 0.51226080565182230, 6065.10861187513728510]
    [0.13726086745478683, 0.72444684687423822, 0.13726068291766957, -11075.33642687502469926]
    [-0.53033162085819185, -0.00000004686356192, 0.53033258119166349, -61.84014600515365601]
  #71 objects/buildingsets/human/hightech/delta/int/light/light_fixture/light_decal_capsule_a.cgf
    [0.51764579907490216, 1.93185586925588537, 0.00000000000000000, 6372.27059856004780158]
    [-1.93185586925588537, 0.51764579907490216, -0.00000000000000000, -12202.23898710900721198]
    [-0.00000000000000000, 0.00000000000000000, 2.00000606821037064, -48.51622629724442959]
  #72 objects/buildingsets/human/hightech/delta/int/light/light_fixture/light_decal_capsule_a.cgf
    [0.51764579907490216, 1.93185586925588537, 0.00000000000000000, 7117.67888714791479288]
    [-1.93185586925588537, 0.51764579907490216, -0.00000000000000000, -14984.11220768823295657]
    [-0.00000000000000000, 0.00000000000000000, 2.00000606821037064, -48.51622629724442959]
  #73 objects/buildingsets/citysets/hightech/background/plates/habitation_plate_thruster_a.cgf
    [0.51226175041571664, -0.19411604985024652, 0.51226080565182230, 7396.53773643138629268]
    [0.13726086745478683, 0.72444684687423822, 0.13726068291766957, -16044.05861809592352074]
    [-0.53033162085819185, -0.00000004686356192, 0.53033258119166349, -61.84014600515365601]
  #74 objects/buildingsets/citysets/hightech/background/plates/habitation_plate_thruster_a.cgf
    [-0.51226159466219778, 0.19411525676354466, -0.51226085204909722, 6467.56580445131112356]
    [-0.13725973342962841, -0.72444676954714637, -0.13726069534951704, -9806.61878919483751815]
    [-0.53033166889152616, -0.00000079291127285, 0.53033213723703532, -61.84014600515365601]
  #75 objects/buildingsets/citysets/hightech/background/plates/habitation_plate_thruster_a.cgf
    [0.51226175041571664, -0.19411604985024652, 0.51226080565182230, 5547.46393466964946128]
    [0.13726086745478683, 0.72444684687423822, 0.13726068291766957, -9143.47990295399540628]
    [-0.53033162085819185, -0.00000004686356192, 0.53033258119166349, -61.84014600515365601]
  #76 objects/buildingsets/citysets/hightech/background/plates/habitation_plate_thruster_a.cgf
    [-0.51226159466219778, 0.19411525676354466, -0.51226085204909722, 7110.06644027580477996]
    [-0.13725973342962841, -0.72444676954714637, -0.13726069534951704, -14936.45852655985254387]
    [-0.53033166889152616, -0.00000079291127285, 0.53033213723703532, -61.84014600515365601]
  #77 objects/buildingsets/human/hightech/delta/int/light/light_fixture/light_decal_capsule_a.cgf
    [0.51764579907490216, 1.93185586925588537, 0.00000000000000000, 7013.52868145255706622]
    [-1.93185586925588537, 0.51764579907490216, -0.00000000000000000, -11863.40312769855700026]
    [-0.00000000000000000, 0.00000000000000000, 2.00000606821037064, -48.51622629724442959]
  #78 objects/buildingsets/human/hightech/delta/int/light/light_fixture/light_decal_capsule_a.cgf
    [0.51764579907490216, 1.93185586925588537, 0.00000000000000000, 6123.80116903076850576]
    [-1.93185586925588537, 0.51764579907490216, -0.00000000000000000, -11274.94791358261318237]
    [-0.00000000000000000, 0.00000000000000000, 2.00000606821037064, -48.51622629724442959]
  #79 objects/buildingsets/human/hightech/delta/int/light/light_fixture/light_decal_capsule_a.cgf
    [0.51764579907490216, 1.93185586925588537, 0.00000000000000000, 6869.20945761861730716]
    [-1.93185586925588537, 0.51764579907490216, -0.00000000000000000, -14056.82113416182437504]
    [-0.00000000000000000, 0.00000000000000000, 2.00000606821037064, -48.51622629724442959]
  #80 objects/buildingsets/citysets/hightech/background/plates/habitation_plate_thruster_a.cgf
    [-0.51226159466219778, 0.19411525676354466, -0.51226085204909722, 7502.85509363902383484]
    [-0.13725973342962841, -0.72444676954714637, -0.13726069534951704, -13670.33159362299375061]
    [-0.53033166889152616, -0.00000079291127285, 0.53033213723703532, -61.84014600515365601]
  #81 objects/buildingsets/human/hightech/delta/int/light/light_fixture/light_decal_capsule_a.cgf
    [0.51764579907490216, 1.93185586925588537, 0.00000000000000000, 5378.39288044290879043]
    [-1.93185586925588537, 0.51764579907490216, -0.00000000000000000, -8493.07469300340198970]
    [-0.00000000000000000, 0.00000000000000000, 2.00000606821037064, -48.51622629724442959]
  #82 objects/buildingsets/human/hightech/delta/int/light/light_fixture/light_decal_capsule_a.cgf
    [0.51764579907490216, 1.93185586925588537, 0.00000000000000000, 7510.46754051113748574]
    [-1.93185586925588537, 0.51764579907490216, -0.00000000000000000, -13717.98527475135961140]
    [-0.00000000000000000, 0.00000000000000000, 2.00000606821037064, -48.51622629724442959]
  #83 objects/buildingsets/citysets/hightech/background/plates/habitation_plate_thruster_a.cgf
    [-0.26516570240190407, 0.64952168203007188, -0.26516463106863403, 9054.90028517610335257]
    [-0.45928129693688197, -0.37500017506626088, -0.45928107484576708, -16932.89784365837840596]
    [-0.53033139382928696, -0.00000057753469569, 0.53033212183120315, -61.84014600515365601]
  #84 objects/buildingsets/citysets/hightech/background/plates/habitation_plate_thruster_a.cgf
    [0.51226175041571664, -0.19411604985024652, 0.51226080565182230, 6457.89726523835270200]
    [0.13726086745478683, 0.72444684687423822, 0.13726068291766957, -9809.20949393816590600]
    [-0.53033162085819185, -0.00000004686356192, 0.53033258119166349, -61.84014600515365601]
  #85 objects/buildingsets/human/hightech/delta/int/light/light_fixture/light_decal_capsule_a.cgf
    [0.51764579907490216, 1.93185586925588537, 0.00000000000000000, 6268.12039286470462685]
    [-1.93185586925588537, 0.51764579907490216, -0.00000000000000000, -9081.52990711934580759]
    [-0.00000000000000000, 0.00000000000000000, 2.00000606821037064, -48.51622629724442959]
  #86 objects/buildingsets/human/hightech/delta/int/light/light_fixture/light_decal_capsule_a.cgf
    [0.51764579907490216, 1.93185586925588537, 0.00000000000000000, 6516.58982239398392267]
    [-1.93185586925588537, 0.51764579907490216, -0.00000000000000000, -10008.82098064573983720]
    [-0.00000000000000000, 0.00000000000000000, 2.00000606821037064, -48.51622629724442959]
  #87 objects/buildingsets/citysets/hightech/background/plates/habitation_plate_thruster_a.cgf
    [0.51226175041571664, -0.19411604985024652, 0.51226080565182230, 6582.75322592794691445]
    [0.13726086745478683, 0.72444684687423822, 0.13726068291766957, -13007.19271510957514693]
    [-0.53033162085819185, -0.00000004686356192, 0.53033258119166349, -61.84014600515365601]
  #88 objects/buildingsets/citysets/hightech/background/plates/habitation_plate_thruster_a.cgf
    [-0.51226159466219778, 0.19411525676354466, -0.51226085204909722, 5557.13247388262243476]
    [-0.13725973342962841, -0.72444676954714637, -0.13726069534951704, -9140.88919821066701843]
    [-0.53033166889152616, -0.00000079291127285, 0.53033213723703532, -61.84014600515365601]
  #89 objects/buildingsets/human/hightech/delta/int/light/light_fixture/light_decal_capsule_a.cgf
    [0.51764579907490216, 1.93185586925588537, 0.00000000000000000, 6620.74002808934164932]
    [-1.93185586925588537, 0.51764579907490216, -0.00000000000000000, -13129.53006063540851756]
    [-0.00000000000000000, 0.00000000000000000, 2.00000606821037064, -48.51622629724442959]
  #90 objects/buildingsets/human/hightech/delta/int/light/light_fixture/light_decal_capsule_a.cgf
    [0.51764579907490216, 1.93185586925588537, 0.00000000000000000, 6765.05925192327413242]
    [-1.93185586925588537, 0.51764579907490216, -0.00000000000000000, -10936.11205417214841873]
    [-0.00000000000000000, 0.00000000000000000, 2.00000606821037064, -48.51622629724442959]
  #91 objects/buildingsets/citysets/hightech/background/plates/habitation_plate_thruster_a.cgf
    [0.51226175041571664, -0.19411604985024652, 0.51226080565182230, 7493.18655442606177530]
    [0.13726086745478683, 0.72444684687423822, 0.13726068291766957, -13672.92229836632213846]
    [-0.53033162085819185, -0.00000004686356192, 0.53033258119166349, -61.84014600515365601]
  #92 objects/buildingsets/citysets/hightech/background/plates/habitation_plate_thruster_a.cgf
    [-0.51226159466219778, 0.19411525676354466, -0.51226085204909722, 6592.42176514092352591]
    [-0.13725973342962841, -0.72444676954714637, -0.13726069534951704, -13004.60201036625403503]
    [-0.53033166889152616, -0.00000079291127285, 0.53033213723703532, -61.84014600515365601]
  #93 objects/buildingsets/citysets/hightech/background/plates/habitation_plate_thruster_a.cgf
    [0.51226175041571664, -0.19411604985024652, 0.51226080565182230, 7137.71484613849315792]
    [0.13726086745478683, 0.72444684687423822, 0.13726068291766957, -15078.13026668066049751]
    [-0.53033162085819185, -0.00000004686356192, 0.53033258119166349, -61.84014600515365601]
  #94 objects/buildingsets/citysets/hightech/background/plates/habitation_plate_thruster_a.cgf
    [0.51226175041571664, -0.19411604985024652, 0.51226080565182230, 6975.54187929116960731]
    [0.13726086745478683, 0.72444684687423822, 0.13726068291766957, -11741.06578217271635367]
    [-0.53033162085819185, -0.00000004686356192, 0.53033258119166349, -61.84014600515365601]
  #95 objects/buildingsets/human/hightech/delta/int/light/light_fixture/light_decal_capsule_a.cgf
    [0.51764579907490216, 1.93185586925588537, 0.00000000000000000, 7261.99811098183272406]
    [-1.93185586925588537, 0.51764579907490216, -0.00000000000000000, -12790.69420122495830583]
    [-0.00000000000000000, 0.00000000000000000, 2.00000606821037064, -48.51622629724442959]
  #96 objects/buildingsets/citysets/hightech/background/plates/habitation_plate_thruster_a.cgf
    [-0.51226159466219778, 0.19411525676354466, -0.51226085204909722, 6985.21041850413166685]
    [-0.13725973342962841, -0.72444676954714637, -0.13726069534951704, -11738.47507742938796582]
    [-0.53033166889152616, -0.00000079291127285, 0.53033213723703532, -61.84014600515365601]
  #97 objects/buildingsets/human/shop/alpha/shippart/dumpersdepot/prop/prop_crate_dumper_cluster_02.cgf
    [-0.86602927173737798, -0.49999728341150113, -0.00000000000000000, 7664.37743390255491249]
    [0.49999728341150113, -0.86602927173737798, 0.00000000000000000, -16966.98170676921290578]
    [0.00000000000000000, -0.00000000000000000, 1.00000199146044433, -42.12906726263463497]
  #98 objects/buildingsets/citysets/hightech/addon/medium/ht_med_addon_panel_01_a.cgf
    [-0.19000131019686728, -0.14864051734618500, 0.52117425876805401, 7658.59965463852859102]
    [-0.05091152759953965, 0.55472795664079733, 0.13964963213164927, -16857.35985778299800586]
    [-0.53955966098000074, -0.00000028658673003, -0.19670404550736301, -57.99968356080353260]
  #99 objects/buildingsets/citysets/hightech/addon/large/ht_lrg_addon_tank_009_b.cgf
    [0.52297961134827220, -0.14013376916079656, 0.00000000000000000, 7624.82174157114059199]
    [0.14013376916079656, 0.52297961134827220, 0.00000000000000000, -16823.67662608360114973]
    [0.00000000000000000, 0.00000000000000000, 0.54142880154753614, -41.95587874576449394]
  #100 objects/buildingsets/citysets/hightech/addon/medium/ht_med_addon_antenna_005_a.cgf
    [-0.00000137559653320, -1.58854699299211033, -0.42565500507633436, 7653.43514229944412364]
    [-0.00000212554894700, -0.42565500507441062, 1.58854699299179969, -16942.99004026254260680]
    [-1.64458618876795026, 0.00000187886187103, -0.00000169708639072, -52.61757352016866207]
  #101 objects/buildingsets/citysets/hightech/addon/medium/ht_med_addon_panel_04_a.cgf
    [0.39066728842736259, -0.10468033251624624, 0.00000000000000000, 7661.90351521074262564]
    [0.10468033251624624, 0.39066728842736259, 0.00000000000000000, -16870.76773143629543483]
    [0.00000000000000000, 0.00000000000000000, 0.40444888708327537, -42.16329636424779892]
  #102 objects/buildingsets/citysets/hightech/addon/medium/ht_med_addon_panel_01_a.cgf
    [-0.49999797033854299, 0.00000102274389370, 0.86602914046459079, 7678.56286291151991463]
    [-0.86602914046512192, -0.00000018033615112, -0.49999797033863630, -16957.44659190515085356]
    [-0.00000035519272033, -1.00000222123576687, 0.00000097589155665, -48.69596883282065392]
  #103 objects/buildingsets/citysets/hightech/addon/containers/containers_01x04x02_a.cgf
    [-0.86602927173737798, -0.49999728341150113, -0.00000000000000000, 7660.89749064300849568]
    [0.49999728341150113, -0.86602927173737798, 0.00000000000000000, -16981.43654215721471701]
    [0.00000000000000000, -0.00000000000000000, 1.00000199146044433, -42.12219124101102352]
  #104 objects/buildingsets/citysets/hightech/addon/large/ht_lrg_addon_tank_008_a_linemarking_a.cgf
    [0.31351565529153907, 0.18100742433454969, 0.00000000000000000, 7672.24877165652651456]
    [-0.18100742433454969, 0.31351565529153907, -0.00000000000000000, -16988.66534597967256559]
    [-0.00000000000000000, 0.00000000000000000, 0.36201623413475653, -44.69395890645682812]
  #105 objects/buildingsets/citysets/hightech/addon/medium/ht_med_addon_panel_03_a.cgf
    [0.09371526537569373, 0.34974435216005267, 0.00000000000000000, 7690.03786492130529950]
    [-0.34974435216005267, 0.09371526537569373, -0.00000000000000000, -16934.06500137032708153]
    [-0.00000000000000000, 0.00000000000000000, 0.36208239784929014, -44.70762894675135612]
  #106 objects/buildingsets/citysets/hightech/addon/medium/ht_med_addon_panel_01_a.cgf
    [0.17959326388619937, 0.14864107352107253, 0.52485194363897170, 7677.19363685217103921]
    [0.04812213564140388, -0.55472813447194169, 0.14063580198154063, -16923.85597164096543565]
    [0.54336727131877716, -0.00000042882604188, -0.18592869700991269, -58.26920936256647110]
  #107 objects/buildingsets/human/universal/prop/uee/forklift/forklift_machine_1_a.cgf
    [-0.12186629665066107, 0.99254952764570470, 0.00000000000000000, 7638.82292842606329941]
    [-0.99254952764570470, -0.12186629665066107, -0.00000000000000000, -16971.70273601476219483]
    [-0.00000000000000000, 0.00000000000000000, 1.00000297954009021, -42.12398224696516991]
  #108 objects/buildingsets/citysets/hightech/addon/medium/ht_med_addon_window_01_a.cgf
    [-0.77431659647600592, 0.20748263157884464, 0.00000000000000000, 7668.13777088346614619]
    [-0.20748263157884464, -0.77431659647600592, -0.00000000000000000, -16887.13102529371099081]
    [-0.00000000000000000, 0.00000000000000000, 0.80163285485630364, -41.19960549287497997]
  #109 objects/buildingsets/citysets/hightech/addon/large/ht_lrg_addon_tank_005_a.cgf
    [0.10546730025603115, -0.00000021573158745, 0.18267593339152052, 7663.49161305632878793]
    [0.18267593339163254, 0.00000003803904800, -0.10546730025605092, -16980.24549931685032789]
    [0.00000007492242099, 0.21093564910597173, 0.00000020584877415, -53.24147537909448147]
  #110 objects/buildingsets/citysets/hightech/addon/medium/ht_med_addon_antenna_003_a.cgf
    [0.96592690693991012, -0.00000065639222352, -0.25882143670683655, 7631.31880750201162300]
    [0.25882143670579583, -0.00000135481152506, 0.96592690693946215, -16815.28480191874405136]
    [-0.00000098467953815, -1.00000166282244640, -0.00000113875863400, -45.36960691958665848]
  #111 objects/buildingsets/citysets/hightech/addon/medium/ht_med_addon_antenna_008_c.cgf
    [-0.08919618600779125, -0.00000027122599909, 0.33287402463467847, 7598.88565768190164817]
    [0.33287402463476862, 0.00000004782414535, 0.08919618600785434, -16741.83148085728316801]
    [-0.00000011639503213, 0.34461728899581157, 0.00000024960546455, -41.48812135122716427]
  #112 objects/buildingsets/citysets/hightech/addon/large/ht_lrg_addon_antenna_001_a.cgf
    [-0.04522286932308899, -0.16877090387860907, 0.00000000000000000, 7598.22121096462797141]
    [0.16877090387860907, -0.04522286932308899, 0.00000000000000000, -16737.92407459516107338]
    [0.00000000000000000, 0.00000000000000000, 0.17472471463938893, -41.26624669134616852]
  #113 objects/buildingsets/citysets/hightech/addon/greeble/orison_shipyard_greeble_d.cgf
    [-0.87347633166278249, -0.23405305883928013, 0.00000000000000000, 7649.82616014300947427]
    [-0.23405305883928013, 0.87347633166278205, -0.00000000000000000, -16891.97005564897699514]
    [0.00000000000000000, 0.00000000000000000, -0.90429073661466564, -59.32875752076506615]
  #114 objects/buildingsets/citysets/hightech/addon/medium/ht_med_addon_panel_06_a.cgf
    [-0.25882320686394078, -0.00000223480875215, 0.96592614770859886, 7662.43157727238576626]
    [0.96592614771118090, -0.00000068007316078, 0.25882320686305910, -16898.38953465465601766]
    [0.00000007847997145, 1.00000138761806001, 0.00000233467568545, -60.26626331545412540]
  #115 objects/buildingsets/human/universal/prop/uee/forklift/forklift_machine_1_a.cgf
    [-0.12186629665066107, 0.99254952764570470, 0.00000000000000000, 7636.51051422604723484]
    [-0.99254952764570470, -0.12186629665066107, -0.00000000000000000, -16975.58525945222208975]
    [-0.00000000000000000, 0.00000000000000000, 1.00000297954009021, -42.12398224696516991]
  #116 objects/buildingsets/citysets/hightech/addon/large/ht_lrg_addon_tank_008_b_linemarking_a.cgf
    [0.52297961134827220, -0.14013376916079656, 0.00000000000000000, 7624.82174157114059199]
    [0.14013376916079656, 0.52297961134827220, 0.00000000000000000, -16823.67662608360114973]
    [0.00000000000000000, 0.00000000000000000, 0.54142880154753614, -42.04962902516126633]
  #117 objects/buildingsets/citysets/hightech/addon/containers/containers_01x02x03_a.cgf
    [-0.86602927173737798, -0.49999728341150113, -0.00000000000000000, 7653.17672444269192056]
    [0.49999728341150113, -0.86602927173737798, 0.00000000000000000, -16994.56539169664756628]
    [0.00000000000000000, -0.00000000000000000, 1.00000199146044433, -42.12219124101102352]
  #118 objects/buildingsets/citysets/hightech/addon/containers/containers_01x02x02_a.cgf
    [0.86602766060824088, 0.50000109884290211, 0.00000000000000000, 7642.37898461502118153]
    [-0.50000109884290211, 0.86602766060824088, -0.00000000000000000, -16991.35987137323536444]
    [-0.00000000000000000, 0.00000000000000000, 1.00000250388821121, -42.12219124101102352]
  #119 objects/buildingsets/citysets/hightech/addon/medium/ht_med_addon_panel_01_a.cgf
    [0.86602518119607730, -0.37157193125558191, 0.33456374695629271, 7646.11546243677366874]
    [-0.49999860087224685, -0.64358374474565638, 0.57948216362981309, -16825.67952546886954224]
    [0.00000048245460683, -0.66912814822146804, -0.74314583804096779, -46.52658636681735516]
  #120 objects/buildingsets/citysets/hightech/addon/greeble/orison_shipyard_greeble_c.cgf
    [0.75980510976257720, -0.43867292824620030, 0.00000000000000000, 7651.45501702751062112]
    [-0.43867292824620030, -0.75980510976257765, -0.00000000000000000, -16965.83695302531123161]
    [0.00000000000000000, 0.00000000000000000, -0.87734699110296077, -59.26625733450055122]
  #121 objects/buildingsets/citysets/hightech/addon/large/ht_lrg_addon_tank_008_a_linemarking_a.cgf
    [0.31351565529153907, 0.18100742433454969, 0.00000000000000000, 7675.14972546084027272]
    [-0.18100742433454969, 0.31351565529153907, -0.00000000000000000, -16983.64069685886352090]
    [-0.00000000000000000, 0.00000000000000000, 0.36201623413475653, -44.69395890645682812]
  #122 objects/buildingsets/citysets/hightech/addon/large/ht_lrg_addon_building_001_a.cgf
    [0.04410771522694985, 0.16460951399397847, 0.00000000000000000, 7670.30722337145198253]
    [-0.16460951399397847, 0.04410771522694985, -0.00000000000000000, -16889.31448516592354281]
    [-0.00000000000000000, 0.00000000000000000, 0.17041649755782301, -44.07613606564700603]
  #123 objects/buildingsets/citysets/hightech/addon/medium/ht_med_addon_vent_003_a.cgf
    [0.63958636254393419, 0.17137925815031221, 0.00000000000000000, 7682.08084226938808570]
    [0.17137925815031221, -0.63958636254393442, 0.00000000000000000, -16918.28748559419909725]
    [0.00000000000000000, 0.00000000000000000, -0.66214920167310654, -62.30171138048171997]
  #124 objects/buildingsets/citysets/hightech/addon/large/ht_lrg_addon_tank_008_a.cgf
    [0.33606358302254996, 0.19402541005164756, 0.00000000000000000, 7672.24877165652651456]
    [-0.19402541005164756, 0.33606358302254996, -0.00000000000000000, -16988.66534597967256559]
    [-0.00000000000000000, 0.00000000000000000, 0.38805230521112011, -44.69395890645682812]
  #125 objects/buildingsets/citysets/hightech/addon/large/ht_lrg_addon_tank_008_a.cgf
    [0.33606358302254996, 0.19402541005164756, 0.00000000000000000, 7675.14972546084027272]
    [-0.19402541005164756, 0.33606358302254996, -0.00000000000000000, -16983.64069685886352090]
    [-0.00000000000000000, 0.00000000000000000, 0.38805230521112011, -44.69395890645682812]
  #126 objects/buildingsets/human/shop/alpha/shippart/dumpersdepot/prop/prop_crate_dumper_pallet_05.cgf
    [0.86602866968624148, 0.49999933417683312, 0.00000000000000000, 7648.01490301424564677]
    [-0.49999933417683312, 0.86602866968624148, -0.00000000000000000, -16983.67871628475404577]
    [-0.00000000000000000, 0.00000000000000000, 1.00000249544478503, -42.12333724461495876]
  #127 objects/buildingsets/citysets/hightech/addon/large/ht_lrg_addon_tank_002_b.cgf
    [0.06214528006210659, -0.23192826148876852, 0.00000000000000000, 7664.48147283365324256]
    [-0.23192826148876852, -0.06214528006210680, -0.00000000000000000, -16932.57773693701892626]
    [0.00000000000000000, 0.00000000000000000, -0.24010987966179217, -59.87308214232325554]
  #128 objects/buildingsets/citysets/hightech/addon/large/ht_lrg_addon_antenna_002_a.cgf
    [0.22757516149795645, 0.39417458073167849, 0.00000000000000000, 7670.23639231171910069]
    [0.39417458073167849, -0.22757516149795681, 0.00000000000000000, -16958.57894423572724918]
    [0.00000000000000000, 0.00000000000000000, -0.45515278119090491, -68.61334919184446335]
  #129 objects/buildingsets/citysets/hightech/addon/medium/ht_med_addon_vent_001_a.cgf
    [0.32200324026296723, -1.20171944147258336, 0.00000000000000000, 7669.88744801009306684]
    [-1.20171944147258336, -0.32200324026296706, -0.00000000000000000, -16883.12167888021940598]
    [0.00000000000000000, 0.00000000000000000, -1.24411241564137920, -46.68609684333205223]
  #130 objects/buildingsets/human/hightech/delta/int/garage/high_tech_garage_door_l.cga
    [0.14149896486212030, 0.52807259947060659, 0.00000000000000000, 7674.94508866963224136]
    [-0.52807259947060659, 0.14149896486212030, -0.00000000000000000, -16879.84025845018186374]
    [-0.00000000000000000, 0.00000000000000000, 0.54670158895753651, -45.32613979093730450]
  #131 objects/buildingsets/human/hightech/delta/int/garage/high_tech_garage_door_l.cga
    [0.14150827765878343, 0.52810735472656933, 0.00000000000000000, 7677.71014130402181763]
    [-0.52810735472656933, 0.14150827765878343, -0.00000000000000000, -16890.15936018276261166]
    [-0.00000000000000000, 0.00000000000000000, 0.54673757028601011, -45.32613979093730450]
  #132 objects/buildingsets/human/universal/prop/uee/forklift/forklift_machine_1_a.cgf
    [-0.12186629665066107, 0.99254952764570470, 0.00000000000000000, 7632.04161295446829172]
    [-0.99254952764570470, -0.12186629665066107, -0.00000000000000000, -16983.36540848907316104]
    [-0.00000000000000000, 0.00000000000000000, 1.00000297954009021, -42.12398224696516991]
  #133 objects/buildingsets/citysets/hightech/addon/medium/ht_med_addon_panel_03_a.cgf
    [-0.39066733798672965, 0.10468158338112066, 0.00000000000000000, 7672.29036238658227376]
    [-0.10468158338112066, -0.39066733798672965, -0.00000000000000000, -16909.53116064144705888]
    [-0.00000000000000000, 0.00000000000000000, 0.40444925870721532, -42.17761840671300888]
  #134 objects/buildingsets/citysets/hightech/addon/medium/ht_med_addon_panel_02_a.cgf
    [0.57459564798878004, 0.15396364264189294, 0.00000000000000000, 7660.95560490391653730]
    [0.15396364264189294, -0.57459564798878038, 0.00000000000000000, -16879.35846649789891671]
    [0.00000000000000000, 0.00000000000000000, -0.59486549903588026, -58.04750370234251022]
  #135 objects/buildingsets/human/hightech/delta/int/light/light_fixture/light_decal_capsule_a.cgf
    [-0.99999885342507255, 1.73205836037890615, 0.00000000000000000, 10327.19924704150253092]
    [-1.73205836037890615, -0.99999885342507255, -0.00000000000000000, -17673.20528029038541717]
    [-0.00000000000000000, 0.00000000000000000, 2.00000596764357752, -48.51622629724442959]
  #136 objects/buildingsets/human/hightech/delta/int/light/light_fixture/light_decal_capsule_a.cgf
    [-0.99999885342507255, 1.73205836037890615, 0.00000000000000000, 11158.58870847608704935]
    [-1.73205836037890615, -0.99999885342507255, -0.00000000000000000, -18153.20422765361581696]
    [-0.00000000000000000, 0.00000000000000000, 2.00000596764357752, -48.51622629724442959]
  #137 objects/buildingsets/citysets/hightech/background/plates/habitation_plate_thruster_a.cgf
    [0.26516581316335436, -0.64952218826974328, 0.26516459130452918, 9915.92529643249145010]
    [0.45928208173975721, 0.37500022526945981, 0.45928100597308180, -17441.56493403179047164]
    [-0.53033131430192637, -0.00000036789370556, 0.53033285687165621, -61.84014600515365601]
  #138 objects/buildingsets/human/hightech/delta/int/light/light_fixture/light_decal_capsule_a.cgf
    [-1.73205715706004826, -1.00000000787698995, -0.00000000000000000, 7160.76704376628549653]
    [1.00000000787698995, -1.73205715706004826, 0.00000000000000000, -17771.52837472003011499]
    [0.00000000000000000, -0.00000000000000000, 2.00000550276165923, -48.51622629724442959]
  #139 objects/buildingsets/human/hightech/delta/int/light/light_fixture/light_decal_capsule_a.cgf
    [-1.73205715706004826, -1.00000000787698995, -0.00000000000000000, 6680.76800886586352135]
    [1.00000000787698995, -1.73205715706004826, 0.00000000000000000, -18602.91696713716373779]
    [0.00000000000000000, -0.00000000000000000, 2.00000550276165923, -48.51622629724442959]
  #140 objects/buildingsets/human/hightech/delta/int/light/light_fixture/light_decal_capsule_a.cgf
    [-1.73205715706004826, -1.00000000787698995, -0.00000000000000000, 5547.33579321173237986]
    [1.00000000787698995, -1.73205715706004826, 0.00000000000000000, -20566.43397770613228204]
    [0.00000000000000000, -0.00000000000000000, 2.00000550276165923, -48.51622629724442959]
  #141 objects/buildingsets/human/hightech/delta/int/light/light_fixture/light_decal_capsule_a.cgf
    [-0.51764493024350589, -1.93185826008071393, 0.00000000000000000, 4535.73177811601635767]
    [1.93185826008071393, -0.51764493024350589, 0.00000000000000000, -21306.01021222814597422]
    [0.00000000000000000, 0.00000000000000000, 2.00000815269560528, -48.51622629724442959]
  #142 objects/buildingsets/human/hightech/delta/int/light/light_fixture/light_decal_capsule_a.cgf
    [1.73206076510926477, 0.99999593922505459, 0.00000000000000000, 9960.50914531166563393]
    [-0.99999593922505459, 1.73206076510926477, -0.00000000000000000, -17460.34369327723106835]
    [-0.00000000000000000, 0.00000000000000000, 2.00000659311350537, -48.51622629724442959]
  #143 objects/buildingsets/human/hightech/delta/int/light/light_fixture/light_decal_capsule_a.cgf
    [-1.73205715706004826, -1.00000000787698995, -0.00000000000000000, 6027.33482245529739885]
    [1.00000000787698995, -1.73205715706004826, 0.00000000000000000, -19735.04539508699963335]
    [0.00000000000000000, -0.00000000000000000, 2.00000550276165923, -48.51622629724442959]
  #144 objects/buildingsets/human/hightech/delta/int/light/light_fixture/light_decal_capsule_a.cgf
    [-0.51764493024350589, -1.93185826008071393, 0.00000000000000000, 3608.44061083108681487]
    [1.93185826008071393, -0.51764493024350589, 0.00000000000000000, -21554.48017349193833070]
    [0.00000000000000000, 0.00000000000000000, 2.00000815269560528, -48.51622629724442959]
  #145 objects/buildingsets/human/hightech/delta/int/light/light_fixture/light_decal_capsule_a.cgf
    [-0.51764493024350589, -1.93185826008071393, 0.00000000000000000, 5641.45304248902539257]
    [1.93185826008071393, -0.51764493024350589, 0.00000000000000000, -22666.17831159375782590]
    [0.00000000000000000, 0.00000000000000000, 2.00000815269560528, -48.51622629724442959]
  #146 objects/buildingsets/citysets/hightech/struts/ht_strut_y_2000m_001.cgf
    [0.96592817044406332, -0.25882284180121662, 0.00000000000000000, 5227.33644038268175791]
    [0.25882284180121662, 0.96592817044406332, 0.00000000000000000, -21120.69303278555162251]
    [0.00000000000000000, 0.00000000000000000, 1.00000324694246512, -63.51627100072801113]
  #147 objects/buildingsets/human/hightech/delta/int/light/light_fixture/light_decal_capsule_a.cgf
    [-0.51764493024350589, -1.93185826008071393, 0.00000000000000000, 5392.98308122522212216]
    [1.93185826008071393, -0.51764493024350589, 0.00000000000000000, -21738.88714430883555906]
    [0.00000000000000000, 0.00000000000000000, 2.00000815269560528, -48.51622629724442959]
  #148 objects/buildingsets/citysets/hightech/background/plates/habitation_plate_thruster_a.cgf
    [-0.26516570240190407, 0.64952168203007188, -0.26516463106863403, 9920.93007220617437270]
    [-0.45928129693688197, -0.37500017506626088, -0.45928107484576708, -17432.89633610012242571]
    [-0.53033139382928696, -0.00000057753469569, 0.53033212183120315, -61.84014600515365601]
  #149 objects/buildingsets/citysets/hightech/struts/ht_connect_ring_addon_001.cgf
    [-0.25882348470242883, -0.96592851591461559, 0.00000000000000000, 3295.48641687442795956]
    [0.96592851591461559, -0.25882348470242883, 0.00000000000000000, -21638.33707260155642871]
    [0.00000000000000000, 0.00000000000000000, 1.00000374703823991, -63.51627100072801113]
  #150 objects/buildingsets/citysets/hightech/struts/ht_connect_ring_addon_001.cgf
    [-0.96592814931111948, 0.25882230841811249, 0.00000000000000000, 5744.98048019869384007]
    [-0.25882230841811249, -0.96592814931111948, -0.00000000000000000, -23052.54305629380542086]
    [-0.00000000000000000, 0.00000000000000000, 1.00000308847847252, -63.51627100072801113]
  #151 objects/buildingsets/citysets/hightech/addon/medium/ht_med_addon_panel_01_a.cgf
    [-0.24124007548909807, 0.00000030241022333, -0.90031073334480161, 5242.46287121661225683]
    [0.90031073334484302, -0.00000005332272927, -0.24124007548912704, -21134.14690783113474026]
    [-0.00000012977605951, -0.93207091500477435, -0.00000027830456524, -46.13670820556581020]
  #152 objects/buildingsets/citysets/hightech/addon/medium/ht_med_addon_antenna_002_a.cgf
    [-0.28470551404831484, 0.00000035689643297, -1.06252424942443113, 5237.74670410351609462]
    [1.06252424942447998, -0.00000006293005449, -0.28470551404834898, -21115.01286921453720424]
    [-0.00000015315822394, -1.10000682286268670, -0.00000032844758201, -61.49641598202288151]
  #153 objects/buildingsets/citysets/hightech/addon/medium/ht_med_addon_tank_002_a.cgf
    [0.34203904671660657, 0.09165020835604448, 0.00000000000000000, 5280.94376467531401431]
    [0.09165020835604448, -0.34203904671660657, 0.00000000000000000, -21235.10197066586260917]
    [0.00000000000000000, 0.00000000000000000, -0.35410516823468047, -55.52230917662382126]
  #154 objects/buildingsets/citysets/hightech/addon/large/ht_lrg_addon_antenna_001_a.cgf
    [-0.12261970414239923, 0.45761998365635448, 0.00000000000000000, 5156.56546564306700020]
    [0.45761998365635448, 0.12261970414239887, 0.00000000000000000, -21126.18687203861190937]
    [0.00000000000000000, 0.00000000000000000, -0.47376327557717246, -68.61003618128597736]
  #155 objects/buildingsets/human/shop/alpha/shippart/dumpersdepot/prop/prop_crate_dumper_pallet_05.cgf
    [-0.96592814931111948, 0.25882230841811249, 0.00000000000000000, 5260.46725538152531954]
    [-0.25882230841811249, -0.96592814931111948, -0.00000000000000000, -21136.12697403375204885]
    [-0.00000000000000000, 0.00000000000000000, 1.00000308847847252, -42.12333724461495876]
  #156 objects/buildingsets/citysets/hightech/struts/ht_connect_90_001.cgf
    [-0.96592814931111948, 0.25882230841811249, 0.00000000000000000, 5227.33644038268175791]
    [-0.25882230841811249, -0.96592814931111948, -0.00000000000000000, -21120.69303278555162251]
    [-0.00000000000000000, 0.00000000000000000, 1.00000308847847252, -53.51624119840562344]
  #157 objects/buildingsets/citysets/hightech/addon/greeble/orison_shipyard_greeble_c.cgf
    [-0.57837055106895718, -0.15497550335962665, 0.00000000000000000, 5282.44354071512498194]
    [-0.15497550335962665, 0.57837055106895718, -0.00000000000000000, -21243.20802981314045610]
    [0.00000000000000000, 0.00000000000000000, -0.59877366423831535, -54.91867637820541859]
  #158 objects/buildingsets/human/universal/prop/uee/forklift/forklift_machine_1_a.cgf
    [0.85717189154753837, 0.51503663452314086, 0.00000000000000000, 5251.82094033214161755]
    [-0.51503663452314086, 0.85717189154753837, -0.00000000000000000, -21158.80687190852768254]
    [-0.00000000000000000, 0.00000000000000000, 1.00000319327495557, -42.12328424490988255]
  #159 objects/buildingsets/citysets/hightech/addon/medium/ht_med_addon_tank_002_a.cgf
    [-0.34203909343405053, -0.09165003400612702, 0.00000000000000000, 5210.88393807167813065]
    [-0.09165003400612702, 0.34203909343405048, -0.00000000000000000, -21115.19270337178750196]
    [0.00000000000000000, 0.00000000000000000, -0.35410516823468047, -59.99346750229597092]
  #160 objects/buildingsets/citysets/hightech/addon/medium/ht_med_addon_vent_001_a.cgf
    [-0.32890960238966127, 1.22749373786864369, 0.00000000000000000, 5284.03402346961593139]
    [1.22749373786864369, 0.32890960238966138, 0.00000000000000000, -21285.65961762703955173]
    [0.00000000000000000, 0.00000000000000000, -1.27079597223584995, -45.14785225875675678]
  #161 objects/buildingsets/citysets/hightech/addon/medium/ht_med_addon_panel_06_a.cgf
    [-0.19141880290565194, 0.71420087276808164, -0.02086275198637420, 5252.20329776412472711]
    [0.71438419730350144, 0.19170270429777153, 0.00803685242619637, -21130.87524350614694413]
    [0.01316661407373132, -0.01806891505317459, -0.73936422267486146, -66.88276203349232674]
  #162 objects/buildingsets/citysets/hightech/addon/medium/ht_med_addon_tank_002_a.cgf
    [-0.34203909343405053, -0.09165003400612702, 0.00000000000000000, 5279.23071365705618518]
    [-0.09165003400612702, 0.34203909343405048, -0.00000000000000000, -21228.70882700725633185]
    [0.00000000000000000, 0.00000000000000000, -0.35410516823468047, -55.52230917662382126]
  #163 objects/buildingsets/citysets/hightech/addon/medium/ht_med_addon_vent_001_a.cgf
    [0.71449563404452376, 0.16410619709106394, -0.09860483514941924, 5198.19032449508813443]
    [0.19145171046123163, -0.61244261083442753, 0.36799192858403862, -21102.65152979260165012]
    [-0.00000006316020552, -0.38097371696462257, -0.63404794415673105, -58.37172566913068295]
  #164 objects/buildingsets/citysets/hightech/addon/large/ht_lrg_addon_tank_008_c.cgf
    [0.26450694698146721, -0.14175094122140200, 0.45813900988096229, 5257.61954579790835851]
    [0.07087589601378219, 0.52901349451218449, 0.12275967050122343, -21192.20084113100892864]
    [-0.47430084237338788, 0.00000041478465372, 0.27383812305272826, -47.41428701393306255]
  #165 objects/buildingsets/citysets/hightech/addon/medium/ht_med_addon_panel_01_a.cgf
    [0.46314992606814992, 0.63821342697820516, -0.53875627404737136, 5114.61079209257150069]
    [0.83520937566288445, -0.35390773528151054, 0.29875938299964927, -21125.20753511840302963]
    [0.00000234217666302, -0.61604828686577129, -0.72977192564654536, -46.18267734348773956]
  #166 objects/buildingsets/citysets/hightech/addon/medium/ht_med_addon_panel_02_a.cgf
    [-0.00000066454330056, -0.24123973554143976, -0.90030870326312362, 5247.78968651562536252]
    [0.00000105583652453, 0.90030870326257972, -0.24123973554207348, -21154.02665419051481877]
    [0.93206886611146711, -0.00000119185727866, -0.00000036862554451, -50.65669967606663704]
  #167 objects/buildingsets/citysets/hightech/addon/medium/ht_med_addon_vent_001_a.cgf
    [0.32891049724426497, -1.22749349809006736, 0.00000000000000000, 5301.07858264963215333]
    [-1.22749349809006736, -0.32891049724426508, -0.00000000000000000, -21281.09249412401550217]
    [0.00000000000000000, 0.00000000000000000, -1.27079597223585017, -45.14785225875675678]
  #168 objects/buildingsets/citysets/hightech/addon/medium/ht_med_addon_panel_01_a.cgf
    [-0.90030866852957858, -0.00000038473392110, 0.24123885889004676, 5163.30797278597674449]
    [-0.24123885889009375, 0.00000006783852225, -0.90030866852964531, -21134.62792370584793389]
    [0.00000035406620766, -0.93206860566595073, -0.00000016510413634, -46.13670820556581020]
  #169 objects/buildingsets/citysets/hightech/addon/medium/ht_med_addon_tank_002_a.cgf
    [0.09165031933883930, -0.34203930110189762, 0.00000000000000000, 5261.52691522866007290]
    [-0.34203930110189762, -0.09165031933883937, -0.00000000000000000, -21119.65256849390425486]
    [0.00000000000000000, 0.00000000000000000, -0.35410544267659289, -59.99346750229597092]
  #170 objects/buildingsets/citysets/hightech/addon/medium/ht_med_addon_panel_01_a.cgf
    [0.63859174828150700, -0.08923716503077947, 0.36248690415904711, 5254.62847668829635950]
    [-0.37330955962756357, -0.15265021335244805, 0.62007848965828460, -21086.62033191056252690]
    [-0.00000046404660342, -0.71825767592382483, -0.17682013250493608, -46.18267734348773956]
  #171 objects/buildingsets/citysets/hightech/addon/containers/containers_01x02x02_a.cgf
    [-0.96592814931111948, 0.25882230841811249, 0.00000000000000000, 5270.51983924831438344]
    [-0.25882230841811249, -0.96592814931111948, -0.00000000000000000, -21135.69766225312196184]
    [-0.00000000000000000, 0.00000000000000000, 1.00000308847847252, -42.12219124101102352]
  #172 objects/buildingsets/citysets/hightech/addon/large/ht_lrg_addon_antenna_001_a.cgf
    [0.14808484627701482, -0.03967970074161208, 0.00000000000000000, 5106.70588085919007426]
    [0.03967970074161208, 0.14808484627701482, 0.00000000000000000, -21150.45220221232739277]
    [0.00000000000000000, 0.00000000000000000, 0.15330883975763107, -41.26624669134616852]
  #173 objects/buildingsets/citysets/hightech/addon/medium/ht_med_addon_panel_06_a.cgf
    [0.71449737709905414, 0.19145171715647430, 0.00000000000000000, 5197.94887167930573924]
    [0.19145171715647430, -0.71449737709905470, 0.00000000000000000, -21115.18997218101139879]
    [0.00000000000000000, 0.00000000000000000, -0.73970281997812559, -65.93362420424818993]
  #174 objects/buildingsets/citysets/hightech/addon/large/ht_lrg_addon_tank_008_b_linemarking_a.cgf
    [0.14013397139415643, 0.52298045420970363, 0.00000000000000000, 5234.94704128948069410]
    [-0.52298045420970363, 0.14013397139415643, -0.00000000000000000, -21091.48404261074756505]
    [-0.00000000000000000, 0.00000000000000000, 0.54142966803093295, -42.04962902516126633]
  #175 objects/buildingsets/citysets/hightech/addon/medium/ht_med_addon_panel_06_a.cgf
    [-0.25882246512175294, -0.96592913004035696, 0.00000000000000000, 5294.09582031206082320]
    [0.96592913004035696, -0.25882246512175294, 0.00000000000000000, -21301.98407820463035023]
    [0.00000000000000000, 0.00000000000000000, 1.00000407634780264, -42.14120729826390743]
  #176 objects/buildingsets/citysets/hightech/addon/medium/ht_med_addon_panel_02_a.cgf
    [-0.06232977932633167, 0.71449689513364079, -0.18102102160450731, 5202.39268959127730341]
    [0.23261580337397150, 0.19145132972520401, 0.67557064854562365, -21094.54462571625481360]
    [0.69940282487207195, -0.00000024459154088, -0.24082174604908002, -52.11565702408552170]
  #177 objects/buildingsets/human/shop/alpha/shippart/dumpersdepot/prop/prop_crate_dumper_cluster_01.cgf
    [-0.25882246512175294, -0.96592913004035696, 0.00000000000000000, 5265.56724015074723866]
    [0.96592913004035696, -0.25882246512175294, 0.00000000000000000, -21121.32762100763648050]
    [0.00000000000000000, 0.00000000000000000, 1.00000407634780264, -42.12333724461495876]
  #178 objects/buildingsets/human/universal/prop/uee/forklift/forklift_machine_1_a.cgf
    [0.85717189154753837, 0.51503663452314086, 0.00000000000000000, 5249.44526438633329235]
    [-0.51503663452314086, 0.85717189154753837, -0.00000000000000000, -21150.10121579723636387]
    [-0.00000000000000000, 0.00000000000000000, 1.00000319327495557, -42.12328424490988255]
  #179 objects/buildingsets/citysets/hightech/addon/large/ht_lrg_addon_tank_002_b.cgf
    [-0.06917711987581139, -0.25816999768125620, 0.00000000000000000, 5277.94019805314746918]
    [0.25816999768125620, -0.06917711987581139, 0.00000000000000000, -21238.79332744282874046]
    [0.00000000000000000, 0.00000000000000000, 0.26727742444331548, -43.14121027849614620]
  #180 objects/buildingsets/citysets/hightech/addon/medium/ht_med_addon_vent_001_a.cgf
    [0.32891049724426497, -1.22749349809006736, 0.00000000000000000, 5279.84987616836951929]
    [-1.22749349809006736, -0.32891049724426508, -0.00000000000000000, -21201.86667974556621630]
    [0.00000000000000000, 0.00000000000000000, -1.27079597223585017, -45.14785225875675678]
  #181 objects/buildingsets/citysets/hightech/addon/medium/ht_med_addon_panel_06_a.cgf
    [-0.25882246512175294, -0.96592913004035696, 0.00000000000000000, 5299.52916522125451593]
    [0.96592913004035696, -0.25882246512175294, 0.00000000000000000, -21300.52820193387742620]
    [0.00000000000000000, 0.00000000000000000, 1.00000407634780264, -42.14120729826390743]
  #182 objects/buildingsets/citysets/hightech/addon/medium/ht_med_addon_vent_001_a.cgf
    [-0.32890960238966127, 1.22749373786864369, 0.00000000000000000, 5262.80531105406407733]
    [1.22749373786864369, 0.32890960238966138, 0.00000000000000000, -21206.43379655644821469]
    [0.00000000000000000, 0.00000000000000000, -1.27079597223584995, -45.14785225875675678]
  #183 objects/buildingsets/citysets/hightech/addon/large/ht_lrg_addon_antenna_001_a.cgf
    [0.00000029101081218, 0.07123036611976413, -0.26583231991142164, 5182.42347075106590637]
    [0.00000022584362440, -0.26583231991154266, -0.07123036611954929, -21101.69353854678047355]
    [-0.27521007860722158, -0.00000014282808285, -0.00000033954789696, -39.90588563680648804]
  #184 objects/buildingsets/citysets/hightech/addon/medium/ht_med_addon_tank_002_a.cgf
    [-0.34203909343405053, -0.09165003400612702, 0.00000000000000000, 5290.20840156986741931]
    [-0.09165003400612702, 0.34203909343405048, -0.00000000000000000, -21269.67769802208204055]
    [0.00000000000000000, 0.00000000000000000, -0.35410516823468047, -55.52230917662382126]
  #185 objects/buildingsets/citysets/hightech/addon/large/ht_lrg_addon_arm_003_a.cgf
    [0.22679802698328494, 0.06077109215246992, 0.00000000000000000, 5196.25275884479924571]
    [0.06077109215246992, -0.22679802698328494, 0.00000000000000000, -21099.22639974767662352]
    [0.00000000000000000, 0.00000000000000000, -0.23479878765639919, -38.71227408014237881]
  #186 objects/buildingsets/citysets/hightech/addon/medium/ht_med_addon_vent_003_a.cgf
    [-0.71449538613319430, -0.16410706693027477, -0.09860535780226065, 5177.23653907650805195]
    [-0.19145272524507334, 0.61244239833269365, 0.36799180090067851, -21108.26614627942763036]
    [0.00000006316154762, 0.38097372890716819, -0.63404796403107822, -58.37171666882932186]
  #187 objects/buildingsets/citysets/hightech/addon/medium/ht_med_addon_tank_002_a.cgf
    [0.34203904671660657, 0.09165020835604448, 0.00000000000000000, 5291.92145548590997350]
    [0.09165020835604448, -0.34203904671660657, 0.00000000000000000, -21276.07084090421267319]
    [0.00000000000000000, 0.00000000000000000, -0.35410516823468047, -55.52230917662382126]
  #188 objects/buildingsets/citysets/hightech/addon/large/ht_lrg_addon_tank_002_a.cgf
    [0.06917723598484704, 0.25816967817580744, 0.00000000000000000, 5283.01958476729851100]
    [-0.25816967817580744, 0.06917723598484704, -0.00000000000000000, -21257.74965944686118746]
    [-0.00000000000000000, 0.00000000000000000, 0.26727714587652868, -43.14121027849614620]
  #189 objects/buildingsets/human/shop/alpha/shippart/dumpersdepot/prop/prop_crate_dumper_cluster_02.cgf
    [0.49999774144668940, -0.86602980324515366, 0.00000000000000000, 5268.21336660980887245]
    [0.86602980324515366, 0.49999774144668940, 0.00000000000000000, -21167.01093885774753289]
    [0.00000000000000000, 0.00000000000000000, 1.00000268077672172, -42.12906726263463497]
  #190 objects/buildingsets/citysets/hightech/addon/large/ht_lrg_addon_base_antenna_001_a.cgf
    [-0.08855146392003586, 0.02372753534715012, 0.00000000000000000, 5196.57048455083349836]
    [-0.02372753534715012, -0.08855146392003586, -0.00000000000000000, -21099.02181908633792773]
    [-0.00000000000000000, 0.00000000000000000, 0.09167528399755120, -43.51923840492963791]
  #191 objects/buildingsets/citysets/hightech/addon/medium/ht_med_addon_tank_002_a.cgf
    [-0.34203909343405053, -0.09165003400612702, 0.00000000000000000, 5209.29830057321305503]
    [-0.09165003400612702, 0.34203909343405048, -0.00000000000000000, -21109.27508018181106308]
    [0.00000000000000000, 0.00000000000000000, -0.35410516823468047, -59.99346750229597092]
  #192 objects/buildingsets/citysets/hightech/addon/medium/ht_med_addon_panel_06_a.cgf
    [-0.25882248307874717, 0.00000032444953159, 0.96592848047454605, 5268.02896849119497347]
    [0.96592848047459046, -0.00000005720882841, 0.25882248307877809, -21113.85562920489610406]
    [0.00000013923398907, 1.00000345356349163, -0.00000029858708107, -50.71418484672904015]
  #193 objects/buildingsets/citysets/hightech/addon/greeble/orison_shipyard_greeble_c.cgf
    [-0.84745252175161656, -0.22707495220998902, 0.00000000000000000, 5252.98923720511447755]
    [-0.22707495220998902, 0.84745252175161667, -0.00000000000000000, -21126.91867157146043610]
    [0.00000000000000000, 0.00000000000000000, -0.87734759961166076, -59.90576924011111259]
  #194 objects/buildingsets/citysets/hightech/addon/large/ht_lrg_addon_tank_008_b.cgf
    [0.14013397139415643, 0.52298045420970363, 0.00000000000000000, 5233.90152974571537925]
    [-0.52298045420970363, 0.14013397139415643, -0.00000000000000000, -21091.76418737245694501]
    [-0.00000000000000000, 0.00000000000000000, 0.54142966803093295, -41.95587874576449394]
  #195 objects/buildingsets/citysets/hightech/addon/large/ht_lrg_addon_antenna_002_a.cgf
    [0.08978852767996093, -0.33509108834722323, 0.00000000000000000, 5299.39810342788041453]
    [-0.33509108834722323, -0.08978852767996086, -0.00000000000000000, -21302.82821705336391460]
    [0.00000000000000000, 0.00000000000000000, -0.34691211739093469, -59.29504941962659359]
  #196 objects/buildingsets/human/universal/prop/uee/forklift/forklift_machine_1_a.cgf
    [0.85717189154753837, 0.51503663452314086, 0.00000000000000000, 5252.93116796113099554]
    [-0.51503663452314086, 0.85717189154753837, -0.00000000000000000, -21163.18736178324616048]
    [-0.00000000000000000, 0.00000000000000000, 1.00000319327495557, -42.12328424490988255]
  #197 objects/buildingsets/citysets/hightech/addon/containers/containers_01x02x03_a.cgf
    [0.96592867839996133, -0.25882091624817322, 0.00000000000000000, 5266.00601657342485851]
    [0.25882091624817322, 0.96592867839996133, 0.00000000000000000, -21152.92139613236213336]
    [0.00000000000000000, 0.00000000000000000, 1.00000323921627365, -42.12219124101102352]
  #198 objects/buildingsets/citysets/hightech/addon/containers/containers_01x04x02_a.cgf
    [-0.96592814931111948, 0.25882230841811249, 0.00000000000000000, 5272.58374604610071401]
    [-0.25882230841811249, -0.96592814931111948, -0.00000000000000000, -21148.22623243891575839]
    [-0.00000000000000000, 0.00000000000000000, 1.00000308847847252, -42.12219124101102352]
  #199 objects/buildingsets/citysets/hightech/addon/medium/ht_med_addon_panel_02_a.cgf
    [-0.86602927173737798, -0.49999728341150113, -0.00000000000000000, 7553.33718023890833138]
    [0.49999728341150113, -0.86602927173737798, 0.00000000000000000, -17112.41130133182014106]
    [0.00000000000000000, -0.00000000000000000, 1.00000199146044433, -37.87017557024955750]
  #200 objects/buildingsets/citysets/hightech/addon/large/ht_lrg_addon_tank_001_b.cgf
    [-0.04999987641552679, 0.06123757451421834, -0.06123750915150210, 7457.66127718811185332]
    [-0.08660296218643287, -0.03535527427550757, 0.03535522906829491, -17322.86289809277513996]
    [-0.00000000457461905, 0.07071085312419789, 0.07071093233355638, -36.10175330005586147]
  #201 objects/buildingsets/human/shop/alpha/shippart/dumpersdepot/prop/prop_crate_dumper_cluster_01.cgf
    [0.49999851598510914, -0.86602906972631810, 0.00000000000000000, 7634.98862220714363502]
    [0.86602906972631810, 0.49999851598510914, 0.00000000000000000, -17006.17933528072899207]
    [0.00000000000000000, 0.00000000000000000, 1.00000243279621226, -42.12333724461495876]
  #202 objects/buildingsets/citysets/hightech/addon/medium/ht_med_addon_panel_02_a.cgf
    [0.54282472283250049, 0.31339840064337093, 0.00000000000000000, 7452.97258733996932278]
    [-0.31339840064337093, 0.54282472283250049, -0.00000000000000000, -17296.41987515502842143]
    [-0.00000000000000000, 0.00000000000000000, 0.62679920009840773, -30.92454086989164352]
  #203 objects/buildingsets/citysets/hightech/addon/medium/ht_med_addon_vent_001_a.cgf
    [-0.49999797033854299, 0.00000102274389370, 0.86602914046459079, 7557.74608834455648321]
    [-0.86602914046512192, -0.00000018033615112, -0.49999797033863630, -17160.93222590847290121]
    [-0.00000035519272033, -1.00000222123576687, 0.00000097589155665, -54.07066485099494457]
  #204 objects/buildingsets/citysets/hightech/addon/large/ht_lrg_addon_tank_002_b.cgf
    [-0.12005441235818637, -0.20794197834307893, 0.00000000000000000, 7464.02328834007857949]
    [-0.20794197834307893, 0.12005441235818620, -0.00000000000000000, -17311.80069207118503982]
    [0.00000000000000000, 0.00000000000000000, -0.24011024193878730, -49.80963915213942528]
  #205 objects/buildingsets/citysets/hightech/addon/large/ht_lrg_addon_building_001_a.cgf
    [-0.16344402838344937, 0.28309558926510608, 0.00000000000000000, 7450.09508707570785191]
    [-0.28309558926510608, -0.16344402838344937, -0.00000000000000000, -17312.29376430661795894]
    [-0.00000000000000000, 0.00000000000000000, 0.32688998619652965, -37.21707862243056297]
  #206 objects/buildingsets/citysets/hightech/addon/medium/ht_med_addon_vent_001_a.cgf
    [-0.49999797033854299, 0.00000102274389370, 0.86602914046459079, 7572.93350395370362094]
    [-0.86602914046512192, -0.00000018033615112, -0.49999797033863630, -17134.62658802617806941]
    [-0.00000035519272033, -1.00000222123576687, 0.00000097589155665, -54.07066485099494457]
  #207 objects/buildingsets/citysets/hightech/addon/large/ht_lrg_addon_tank_008_c.cgf
    [0.23715120280703125, 0.27383614261587813, 0.41075643918568217, 7612.83035545507664210]
    [-0.13691820246877476, 0.47430111250687995, -0.23714898025402043, -17010.34913783131196396]
    [-0.47430000123125049, 0.00000024212526007, 0.27383806740488698, -47.41428701393306255]
  #208 objects/buildingsets/citysets/hightech/addon/small/ht_sml_addon_vent_006_a.cgf
    [-0.95263227117801486, -0.54999705347555150, -0.00000000000000000, 7462.37035920769631048]
    [0.54999705347555150, -0.95263227117801486, 0.00000000000000000, -17284.27134850104630459]
    [0.00000000000000000, -0.00000000000000000, 1.10000227405290896, -37.99000892601907253]
  #209 objects/buildingsets/citysets/hightech/addon/medium/ht_med_addon_tank_003_a.cgf
    [0.48595898946482396, 0.28056712170705500, 0.00000000000000000, 7445.40378832013448118]
    [-0.28056712170705500, 0.48595898946482396, -0.00000000000000000, -17319.94028026959858835]
    [-0.00000000000000000, 0.00000000000000000, 0.56113639092884915, -31.46722948737442493]
  #210 objects/buildingsets/citysets/hightech/addon/medium/ht_med_addon_panel_01_a.cgf
    [0.49999812554146589, 0.16524490466142089, -0.85011645983602624, 7507.35384097464338993]
    [0.86602764032130031, -0.09540411867665984, 0.49081175585424841, -17185.89883874801307684]
    [-0.00000046981986838, -0.98162832832424296, -0.19080834462048984, -45.79295318201184273]
  #211 objects/buildingsets/citysets/hightech/addon/medium/ht_med_addon_vent_001_a.cgf
    [0.62205211784383529, 1.07743363173027085, 0.00000000000000000, 7622.52393674287304748]
    [1.07743363173027085, -0.62205211784383574, 0.00000000000000000, -17032.89959330476995092]
    [0.00000000000000000, 0.00000000000000000, -1.24411095489810819, -45.42090307176113129]
  #212 objects/buildingsets/citysets/hightech/addon/large/ht_lrg_addon_tank_001_b.cgf
    [-0.05688433576948377, 0.09852733509991515, 0.00000000000000000, 7519.60864905245762202]
    [-0.09852733509991515, -0.05688433576948377, -0.00000000000000000, -17153.33288522265502252]
    [-0.00000000000000000, 0.00000000000000000, 0.11376934304911113, -34.39335820823907852]
  #213 objects/buildingsets/citysets/hightech/addon/large/ht_lrg_addon_tank_002_b.cgf
    [0.13363777082394646, -0.23146907570103270, 0.00000000000000000, 7594.25347440183759318]
    [0.23146907570103270, 0.13363777082394646, 0.00000000000000000, -17057.66382524970686063]
    [0.00000000000000000, 0.00000000000000000, 0.26727698516087017, -43.14121027849614620]
  #214 objects/buildingsets/citysets/hightech/rooftop/ht_rooftop_doorway_24x02x08_a.cgf
    [-1.05222560547957111, -0.42956407445237543, -0.42956655845365749, 7587.39150225107005099]
    [0.60749709645543826, -0.74403337108386003, -0.74403835085329728, -17102.42701863928959938]
    [0.00000023946466366, -0.85913939246326987, 0.85913383785442943, -45.34970886074006557]
  #215 objects/buildingsets/citysets/hightech/addon/medium/ht_med_addon_panel_06_a.cgf
    [0.49999799559557345, -0.61344189074204647, 0.61130345468715475, 7572.97377315176709089]
    [0.86602705906307442, 0.35416838925022132, -0.35293448068399941, -17141.14020977342443075]
    [0.00000043524902193, 0.70587156152372732, 0.70834045575632887, -42.41337110847234726]
  #216 objects/buildingsets/citysets/hightech/struts/ht_connect_45_002.cgf
    [-0.86602927173737798, -0.49999728341150113, -0.00000000000000000, 7554.73855076514519169]
    [0.49999728341150113, -0.86602927173737798, 0.00000000000000000, -17089.48101143002713798]
    [0.00000000000000000, -0.00000000000000000, 1.00000199146044433, -53.51624119840562344]
  #217 objects/buildingsets/citysets/hightech/addon/small/ht_sml_addon_vent_005_a.cgf
    [-0.86602927173737798, -0.49999728341150113, -0.00000000000000000, 7462.69853587968464126]
    [0.49999728341150113, -0.86602927173737798, 0.00000000000000000, -17296.25205216355971061]
    [0.00000000000000000, -0.00000000000000000, 1.00000199146044433, -32.28740093111991882]
  #218 objects/buildingsets/citysets/hightech/addon/large/ht_lrg_addon_tank_002_a.cgf
    [-0.13363777467835472, 0.23146923717451195, 0.00000000000000000, 7584.44103966407055850]
    [-0.23146923717451195, -0.13363777467835472, -0.00000000000000000, -17074.65963501080113929]
    [-0.00000000000000000, 0.00000000000000000, 0.26727712692846184, -43.14121027849614620]
  #219 objects/buildingsets/citysets/hightech/addon/medium/ht_med_addon_panel_01_a.cgf
    [-0.49999797033854299, 0.00000102274389370, 0.86602914046459079, 7544.61495512757028337]
    [-0.86602914046512192, -0.00000018033615112, -0.49999797033863630, -17185.98540755637804978]
    [-0.00000035519272033, -1.00000222123576687, 0.00000097589155665, -46.11465013958513737]
  #220 objects/buildingsets/citysets/hightech/addon/medium/ht_med_addon_panel_06_a.cgf
    [0.49999851598510914, -0.86602906972631810, 0.00000000000000000, 7577.36611350744351512]
    [0.86602906972631810, 0.49999851598510914, 0.00000000000000000, -17096.66397087155928602]
    [0.00000000000000000, 0.00000000000000000, 1.00000243279621226, -42.14120729826390743]
  #221 objects/buildingsets/citysets/hightech/addon/greeble/orison_shipyard_greeble_d.cgf
    [0.73001433543909633, -0.42147330443682635, 0.00000000000000000, 7480.55047397305679624]
    [-0.42147330443682635, -0.73001433543909688, -0.00000000000000000, -17284.33736183958535548]
    [0.00000000000000000, 0.00000000000000000, -0.84294761183568445, -49.80828714743256569]
  #222 objects/buildingsets/citysets/hightech/addon/large/ht_lrg_addon_tank_001_b.cgf
    [-0.04999987641552679, 0.06123757451421834, -0.06123750915150210, 7467.94758674141485244]
    [-0.08660296218643287, -0.03535527427550757, 0.03535522906829491, -17305.04633294967061374]
    [-0.00000000457461905, 0.07071085312419789, 0.07071093233355638, -36.10175330005586147]
  #223 objects/buildingsets/citysets/hightech/addon/greeble/orison_shipyard_greeble_c.cgf
    [-0.86602885189725931, 0.49999704101909476, 0.00000000000000000, 7490.65467337071459042]
    [0.49999704101909476, 0.86602885189725853, 0.00000000000000000, -17247.07923559558548732]
    [0.00000000000000000, 0.00000000000000000, -1.00000150667203291, -49.80266613140702248]
  #224 objects/buildingsets/citysets/hightech/addon/medium/ht_med_addon_panel_01_a.cgf
    [0.49999812554146589, 0.16524490466142089, -0.85011645983602624, 7532.80465411254772334]
    [0.86602764032130031, -0.09540411867665984, 0.49081175585424841, -17141.81630090589169413]
    [-0.00000046981986838, -0.98162832832424296, -0.19080834462048984, -45.79295318201184273]
  #225 objects/buildingsets/citysets/hightech/addon/medium/ht_med_addon_tank_003_a.cgf
    [0.44999864480667279, 0.77942612884001583, 0.00000000000000000, 7559.55403327333988273]
    [0.77942612884001583, -0.44999864480667312, 0.00000000000000000, -17127.64515339590434451]
    [0.00000000000000000, 0.00000000000000000, -0.90000215035652875, -62.64344239979982376]
  #226 objects/buildingsets/citysets/hightech/addon/medium/ht_med_addon_tank_003_a.cgf
    [0.44999864480667279, 0.77942612884001583, 0.00000000000000000, 7529.30420658203365747]
    [0.77942612884001583, -0.44999864480667312, 0.00000000000000000, -17180.03990882520156447]
    [0.00000000000000000, 0.00000000000000000, -0.90000215035652875, -62.64344239979982376]
  #227 objects/buildingsets/citysets/hightech/addon/greeble/orison_shipyard_greeble_c.cgf
    [-1.00543555151540631, 0.58048203196316472, 0.00000000000000000, 7544.16373920192927471]
    [0.58048203196316472, 1.00543555151540520, 0.00000000000000000, -17159.62648606298898812]
    [0.00000000000000000, 0.00000000000000000, -1.16097374547539789, -58.89406422525644302]
  #228 objects/buildingsets/citysets/hightech/addon/large/ht_lrg_addon_tank_002_b.cgf
    [-0.12005441235818637, -0.20794197834307893, 0.00000000000000000, 7473.56732753482720000]
    [-0.20794197834307893, 0.12005441235818620, -0.00000000000000000, -17295.26976362919231178]
    [0.00000000000000000, 0.00000000000000000, -0.24011024193878730, -49.80963915213942528]
  #229 objects/buildingsets/citysets/hightech/addon/medium/ht_med_addon_panel_06_a.cgf
    [0.49999851598510914, -0.86602906972631810, 0.00000000000000000, 7572.49469779814535286]
    [0.86602906972631810, 0.49999851598510914, 0.00000000000000000, -17093.85148554283659905]
    [0.00000000000000000, 0.00000000000000000, 1.00000243279621226, -42.14120729826390743]
  #230 objects/buildingsets/citysets/hightech/addon/medium/ht_med_addon_panel_06_a.cgf
    [-0.49999850909468169, 0.61536100147997241, -0.60937517451300582, 7539.06443841871077893]
    [-0.86602959848678629, -0.35527599258411496, 0.35182023561796877, -17109.65803693587804446]
    [0.00000008254932841, 0.70364449937666151, 0.71055625607622075, -42.48306231759488583]
  #231 objects/buildingsets/citysets/hightech/addon/medium/ht_med_addon_panel_06_a.cgf
    [-0.49999806711770217, 0.58061070736006559, -0.64257167775204005, 7462.71246951016291860]
    [-0.86602953445602215, -0.33521256585203896, 0.37098598735861071, -17253.30639523643912980]
    [0.00000033569696815, 0.74197639036926388, 0.67042990521466905, -40.12864929996430874]
  #232 objects/buildingsets/citysets/hightech/addon/medium/ht_med_addon_vent_001_a.cgf
    [0.62205211784383529, 1.07743363173027085, 0.00000000000000000, 7607.02842512789720786]
    [1.07743363173027085, -0.62205211784383574, 0.00000000000000000, -17023.95333713833679212]
    [0.00000000000000000, 0.00000000000000000, -1.24411095489810819, -45.42090307176113129]
  #233 objects/buildingsets/citysets/hightech/addon/medium/ht_med_addon_tank_003_a.cgf
    [0.44999864480667279, 0.77942612884001583, 0.00000000000000000, 7544.36662379813424195]
    [0.77942612884001583, -0.44999864480667312, 0.00000000000000000, -17153.95077865379425930]
    [0.00000000000000000, 0.00000000000000000, -0.90000215035652875, -62.64344239979982376]
  #234 objects/buildingsets/citysets/hightech/addon/medium/ht_med_addon_panel_06_a.cgf
    [0.49999799559557345, -0.61344189074204647, 0.61130345468715475, 7490.02308831807749812]
    [0.86602705906307442, 0.35416838925022132, -0.35293448068399941, -17284.81621674311463721]
    [0.00000043524902193, 0.70587156152372732, 0.70834045575632887, -42.41337110847234726]
  #235 objects/buildingsets/citysets/hightech/addon/large/ht_lrg_addon_tank_001_b.cgf
    [-0.05688433576948377, 0.09852733509991515, 0.00000000000000000, 7505.28060861722042318]
    [-0.09852733509991515, -0.05688433576948377, -0.00000000000000000, -17178.15002290564007126]
    [-0.00000000000000000, 0.00000000000000000, 0.11376934304911113, -34.39335820823907852]
  #236 objects/buildingsets/human/hightech/delta/int/light/light_fixture/light_decal_capsule_a.cgf
    [-0.51764443658030213, -1.93185641772259897, 0.00000000000000000, 2577.97897642638417892]
    [1.93185641772259897, -0.51764443658030213, 0.00000000000000000, 7422.17668898093688767]
    [0.00000000000000000, 0.00000000000000000, 2.00000624534488169, 2951.48375939764082432]
  #237 objects/buildingsets/citysets/hightech/background/plates/habitation_plate_thruster_a.cgf
    [0.51226126188631727, -0.19411586472731443, 0.51226031712332409, 2399.23918074533139588]
    [0.13726073655301821, 0.72444615598997308, 0.13726055201607695, 8069.99063925810878573]
    [-0.53033111509607322, -0.00000004686351722, 0.53033207542862892, 2938.15985239669680595]
  #238 objects/buildingsets/human/hightech/delta/int/light/light_fixture/light_decal_capsule_a.cgf
    [-0.51764443658030213, -1.93185641772259897, 0.00000000000000000, 2329.50925212129368447]
    [1.93185641772259897, -0.51764443658030213, 0.00000000000000000, 8349.46697193472573417]
    [0.00000000000000000, 0.00000000000000000, 2.00000624534488169, 2951.48375939764082432]
  #239 objects/buildingsets/human/hightech/delta/int/light/light_fixture/light_decal_capsule_a.cgf
    [-0.51764443658030213, -1.93185641772259897, 0.00000000000000000, 2826.44870073147467338]
    [1.93185641772259897, -0.51764443658030213, 0.00000000000000000, 6494.88640602714986017]
    [0.00000000000000000, 0.00000000000000000, 2.00000624534488169, 2951.48375939764082432]
  #240 objects/buildingsets/citysets/hightech/background/plates/habitation_plate_thruster_a.cgf
    [-0.51226110613294706, 0.19411507164136896, -0.51226036352055493, 2408.90771171527740080]
    [-0.13725960252894132, -0.72444607866295541, -0.13726056444791251, 8072.58134707496355986]
    [-0.53033116312936213, -0.00000079291051658, 0.53033163147442419, 2938.15985239669680595]
  #241 objects/buildingsets/citysets/hightech/background/plates/habitation_plate_thruster_a.cgf
    [0.51226126188631727, -0.19411586472731443, 0.51226031712332409, 3952.16469690921803704]
    [0.13726073655301821, 0.72444615598997308, 0.13726055201607695, 2274.44047833409968007]
    [-0.53033111509607322, -0.00000004686351722, 0.53033207542862892, 2938.15985239669680595]
  #242 objects/buildingsets/human/hightech/delta/int/light/light_fixture/light_decal_capsule_a.cgf
    [-0.51764443658030213, -1.93185641772259897, 0.00000000000000000, 4400.08005960694208625]
    [1.93185641772259897, -0.51764443658030213, 0.00000000000000000, 622.06193411606909649]
    [0.00000000000000000, 0.00000000000000000, 2.00000624534488169, 2951.48375939764082432]
  #243 objects/buildingsets/human/hightech/delta/int/light/light_fixture/light_decal_capsule_a.cgf
    [-0.51764443658030213, -1.93185641772259897, 0.00000000000000000, 3406.20116238658738439]
    [1.93185641772259897, -0.51764443658030213, 0.00000000000000000, 4331.22306593124085339]
    [0.00000000000000000, 0.00000000000000000, 2.00000624534488169, 2951.48375939764082432]
  #244 objects/buildingsets/human/hightech/delta/int/light/light_fixture/light_decal_capsule_a.cgf
    [-0.51764443658030213, -1.93185641772259897, 0.00000000000000000, 4151.61033530186250573]
    [1.93185641772259897, -0.51764443658030213, 0.00000000000000000, 1549.35221706985976198]
    [0.00000000000000000, 0.00000000000000000, 2.00000624534488169, 2951.48375939764082432]
  #245 objects/buildingsets/citysets/hightech/background/plates/habitation_plate_thruster_a.cgf
    [-0.51226110613294706, 0.19411507164136896, -0.51226036352055493, 3961.83322787916404195]
    [-0.13725960252894132, -0.72444607866295541, -0.13726056444791251, 2277.03118615095445421]
    [-0.53033116312936213, -0.00000079291051658, 0.53033163147442419, 2938.15985239669680595]
  #246 objects/buildingsets/human/hightech/delta/int/light/light_fixture/light_decal_capsule_a.cgf
    [-0.51764443658030213, -1.93185641772259897, 0.00000000000000000, 3903.14061099677201128]
    [1.93185641772259897, -0.51764443658030213, 0.00000000000000000, 2476.64250002365224645]
    [0.00000000000000000, 0.00000000000000000, 2.00000624534488169, 2951.48375939764082432]
  #247 objects/buildingsets/human/hightech/delta/int/light/light_fixture/light_decal_capsule_a.cgf
    [-0.51764443658030213, -1.93185641772259897, 0.00000000000000000, 3654.67088669168151682]
    [1.93185641772259897, -0.51764443658030213, 0.00000000000000000, 3403.93278297744291194]
    [0.00000000000000000, 0.00000000000000000, 2.00000624534488169, 2951.48375939764082432]
  #248 objects/buildingsets/citysets/hightech/background/plates/habitation_plate_thruster_a.cgf
    [-0.51226110613294706, 0.19411507164136896, -0.51226036352055493, 2926.54271045894711278]
    [-0.13725960252894132, -0.72444607866295541, -0.13726056444791251, 6140.74069652656908147]
    [-0.53033116312936213, -0.00000079291051658, 0.53033163147442419, 2938.15985239669680595]
  #249 objects/buildingsets/human/hightech/delta/int/light/light_fixture/light_decal_capsule_a.cgf
    [-0.51764443658030213, -1.93185641772259897, 0.00000000000000000, 3157.73143808149688994]
    [1.93185641772259897, -0.51764443658030213, 0.00000000000000000, 5258.51334888502606191]
    [0.00000000000000000, 0.00000000000000000, 2.00000624534488169, 2951.48375939764082432]
  #250 objects/buildingsets/human/hightech/delta/int/light/light_fixture/light_decal_capsule_a.cgf
    [-0.51764443658030213, -1.93185641772259897, 0.00000000000000000, 2909.26171377640639548]
    [1.93185641772259897, -0.51764443658030213, 0.00000000000000000, 6185.80363183881308942]
    [0.00000000000000000, 0.00000000000000000, 2.00000624534488169, 2951.48375939764082432]
  #251 objects/buildingsets/citysets/hightech/background/plates/habitation_plate_thruster_a.cgf
    [0.51226126188631727, -0.19411586472731443, 0.51226031712332409, 2916.87417948900110787]
    [0.13726073655301821, 0.72444615598997308, 0.13726055201607695, 6138.14998870971066935]
    [-0.53033111509607322, -0.00000004686351722, 0.53033207542862892, 2938.15985239669680595]
  #252 objects/buildingsets/citysets/hightech/background/plates/habitation_plate_thruster_a.cgf
    [-0.51226110613294706, 0.19411507164136896, -0.51226036352055493, 4479.47851920092944056]
    [-0.13725960252894132, -0.72444607866295541, -0.13726056444791251, 345.17630925630146521]
    [-0.53033116312936213, -0.00000079291051658, 0.53033163147442419, 2938.15985239669680595]
  #253 objects/buildingsets/citysets/hightech/background/plates/habitation_plate_thruster_a.cgf
    [0.51226126188631727, -0.19411586472731443, 0.51226031712332409, 3434.51946874017812661]
    [0.13726073655301821, 0.72444615598997308, 0.13726055201607695, 4206.29511954247573158]
    [-0.53033111509607322, -0.00000004686351722, 0.53033207542862892, 2938.15985239669680595]
  #254 objects/buildingsets/citysets/hightech/background/plates/habitation_plate_thruster_a.cgf
    [0.51226126188631727, -0.19411586472731443, 0.51226031712332409, 4469.80998823098343564]
    [0.13726073655301821, 0.72444615598997308, 0.13726055201607695, 342.58560143944851006]
    [-0.53033111509607322, -0.00000004686351722, 0.53033207542862892, 2938.15985239669680595]
  #255 objects/buildingsets/citysets/hightech/background/plates/habitation_plate_thruster_a.cgf
    [-0.51226110613294706, 0.19411507164136896, -0.51226036352055493, 3444.18799971012413152]
    [-0.13725960252894132, -0.72444607866295541, -0.13726056444791251, 4208.88582735933414369]
    [-0.53033116312936213, -0.00000079291051658, 0.53033163147442419, 2938.15985239669680595]
  #256 objects/buildingsets/human/hightech/delta/int/light/light_fixture/light_decal_capsule_a.cgf
    [0.51764530541086995, 1.93185402690005015, 0.00000000000000000, 647.14424461031740066]
    [-1.93185402690005015, 0.51764530541086995, -0.00000000000000000, 9164.01810851867412566]
    [-0.00000000000000000, 0.00000000000000000, 2.00000416086163524, 1951.48375939764082432]
  #257 objects/buildingsets/human/hightech/delta/int/light/light_fixture/light_decal_capsule_a.cgf
    [0.51764530541086995, 1.93185402690005015, 0.00000000000000000, 1475.37109929644066142]
    [-1.93185402690005015, 0.51764530541086995, -0.00000000000000000, 6073.06692786339044687]
    [-0.00000000000000000, 0.00000000000000000, 2.00000416086163524, 1951.48375939764082432]
  #258 objects/buildingsets/human/hightech/delta/int/light/light_fixture/light_decal_capsule_a.cgf
    [0.51764530541086995, 1.93185402690005015, 0.00000000000000000, 1226.90190672536846250]
    [-1.93185402690005015, 0.51764530541086995, -0.00000000000000000, 7000.35711705876019550]
    [-0.00000000000000000, 0.00000000000000000, 2.00000416086163524, 1951.48375939764082432]
  #259 objects/buildingsets/citysets/hightech/background/plates/habitation_plate_thruster_a.cgf
    [-0.51226110613294706, 0.19411507164136896, -0.51226036352055493, 1674.81632067765895044]
    [-0.13725960252894132, -0.72444607866295541, -0.13726056444791251, 5347.97873728449121700]
    [-0.53033116312936213, -0.00000079291051658, 0.53033163147442419, 1938.15985239669680595]
  #260 objects/buildingsets/human/hightech/delta/int/light/light_fixture/light_decal_capsule_a.cgf
    [0.51764530541086995, 1.93185402690005015, 0.00000000000000000, 978.43271415429626359]
    [-1.93185402690005015, 0.51764530541086995, -0.00000000000000000, 7927.64730625411539222]
    [-0.00000000000000000, 0.00000000000000000, 2.00000416086163524, 1951.48375939764082432]
  #261 objects/buildingsets/human/hightech/delta/int/light/light_fixture/light_decal_capsule_a.cgf
    [0.51764530541086995, 1.93185402690005015, 0.00000000000000000, 1723.84029186752013629]
    [-1.93185402690005015, 0.51764530541086995, -0.00000000000000000, 5145.77673866803888814]
    [-0.00000000000000000, 0.00000000000000000, 2.00000416086163524, 1951.48375939764082432]
  #262 objects/buildingsets/human/hightech/delta/int/light/light_fixture/light_decal_capsule_a.cgf
    [0.51764530541086995, 1.93185402690005015, 0.00000000000000000, 729.96352158320951276]
    [-1.93185402690005015, 0.51764530541086995, -0.00000000000000000, 8854.93749544947240793]
    [-0.00000000000000000, 0.00000000000000000, 2.00000416086163524, 1951.48375939764082432]
  #263 objects/buildingsets/citysets/hightech/background/plates/habitation_plate_thruster_a.cgf
    [0.51226126188631727, -0.19411586472731443, 0.51226031712332409, 1665.14779068531061057]
    [0.13726073655301821, 0.72444615598997308, 0.13726055201607695, 5345.38803501183974731]
    [-0.53033111509607322, -0.00000004686351722, 0.53033207542862892, 1938.15985239669680595]
  #264 objects/buildingsets/human/hightech/delta/int/light/light_fixture/light_decal_capsule_a.cgf
    [0.51764530541086995, 1.93185402690005015, 0.00000000000000000, 2220.77867700968272402]
    [-1.93185402690005015, 0.51764530541086995, -0.00000000000000000, 3291.19636027732303774]
    [-0.00000000000000000, 0.00000000000000000, 2.00000416086163524, 1951.48375939764082432]
  #265 objects/buildingsets/human/hightech/delta/int/light/light_fixture/light_decal_capsule_a.cgf
    [0.51764530541086995, 1.93185402690005015, 0.00000000000000000, 2800.53600712920888327]
    [-1.93185402690005015, 0.51764530541086995, -0.00000000000000000, 1127.53583555820478068]
    [-0.00000000000000000, 0.00000000000000000, 2.00000416086163524, 1951.48375939764082432]
  #266 objects/buildingsets/human/hightech/delta/int/light/light_fixture/light_decal_capsule_a.cgf
    [0.51764530541086995, 1.93185402690005015, 0.00000000000000000, 1972.30948443859961117]
    [-1.93185402690005015, 0.51764530541086995, -0.00000000000000000, 4218.48654947268187243]
    [-0.00000000000000000, 0.00000000000000000, 2.00000416086163524, 1951.48375939764082432]
  #267 objects/buildingsets/human/hightech/delta/int/light/light_fixture/light_decal_capsule_a.cgf
    [0.51764530541086995, 1.93185402690005015, 0.00000000000000000, 2469.24786958076219889]
    [-1.93185402690005015, 0.51764530541086995, -0.00000000000000000, 2363.90617108196420304]
    [-0.00000000000000000, 0.00000000000000000, 2.00000416086163524, 1951.48375939764082432]
  #268 objects/buildingsets/citysets/hightech/background/plates/habitation_plate_thruster_a.cgf
    [0.51226126188631727, -0.19411586472731443, 0.51226031712332409, 2700.43609254715192947]
    [0.13726073655301821, 0.72444615598997308, 0.13726055201607695, 1481.67891529635926418]
    [-0.53033111509607322, -0.00000004686351722, 0.53033207542862892, 1938.15985239669680595]
  #269 objects/buildingsets/citysets/hightech/struts/ht_strut_straight_8000m_001.cgf
    [-0.96592722813299714, 0.25882206158666005, 0.00000000000000000, 2723.92879196612557280]
    [-0.25882206158666005, -0.96592722813299714, -0.00000000000000000, 1413.43372715672012419]
    [-0.00000000000000000, 0.00000000000000000, 1.00000213480405309, 1936.48372899927198887]
  #270 objects/buildingsets/human/hightech/delta/int/light/light_fixture/light_decal_capsule_a.cgf
    [0.51764530541086995, 1.93185402690005015, 0.00000000000000000, 2717.71706215184167377]
    [-1.93185402690005015, 0.51764530541086995, -0.00000000000000000, 1436.61598188660536835]
    [-0.00000000000000000, 0.00000000000000000, 2.00000416086163524, 1951.48375939764082432]
  #271 objects/buildingsets/citysets/hightech/background/plates/habitation_plate_thruster_a.cgf
    [-0.51226110613294706, 0.19411507164136896, -0.51226036352055493, 2710.10462253951845923]
    [-0.13725960252894132, -0.72444607866295541, -0.13726056444791251, 1484.26961756901255285]
    [-0.53033116312936213, -0.00000079291051658, 0.53033163147442419, 1938.15985239669680595]
  #272 objects/buildingsets/citysets/hightech/background/plates/habitation_plate_thruster_a.cgf
    [-0.51226110613294706, 0.19411507164136896, -0.51226036352055493, 2192.46044106757108239]
    [-0.13725960252894132, -0.72444607866295541, -0.13726056444791251, 3416.12429140616950463]
    [-0.53033116312936213, -0.00000079291051658, 0.53033163147442419, 1938.15985239669680595]
  #273 objects/buildingsets/citysets/hightech/background/plates/habitation_plate_thruster_a.cgf
    [0.51226126188631727, -0.19411586472731443, 0.51226031712332409, 1147.50360714278940577]
    [0.13726073655301821, 0.72444615598997308, 0.13726055201607695, 7277.24271657641656930]
    [-0.53033111509607322, -0.00000004686351722, 0.53033207542862892, 1938.15985239669680595]
  #274 objects/buildingsets/citysets/hightech/background/plates/habitation_plate_thruster_a.cgf
    [0.51226126188631727, -0.19411586472731443, 0.51226031712332409, 2182.79191107521910453]
    [0.13726073655301821, 0.72444615598997308, 0.13726055201607695, 3413.53358913351803494]
    [-0.53033111509607322, -0.00000004686351722, 0.53033207542862892, 1938.15985239669680595]
  #275 objects/buildingsets/citysets/hightech/background/plates/habitation_plate_thruster_a.cgf
    [-0.51226110613294706, 0.19411507164136896, -0.51226036352055493, 1157.17213713515229756]
    [-0.13725960252894132, -0.72444607866295541, -0.13726056444791251, 7279.83341884905894403]
    [-0.53033116312936213, -0.00000079291051658, 0.53033163147442419, 1938.15985239669680595]
  #276 objects/buildingsets/human/hightech/delta/int/light/light_fixture/light_decal_capsule_a.cgf
    [1.73205522655718269, 1.00000000350249363, 0.00000000000000000, -5039.94467155013262527]
    [-1.00000000350249363, 1.73205522655718269, -0.00000000000000000, 30392.18452081225041184]
    [-0.00000000000000000, 0.00000000000000000, 2.00000382870859550, 1951.48375939764082432]
  #277 objects/buildingsets/human/hightech/delta/int/light/light_fixture/light_decal_capsule_a.cgf
    [-0.51764443658030213, -1.93185641772259897, 0.00000000000000000, 6222.18193565813271562]
    [1.93185641772259897, -0.51764443658030213, 0.00000000000000000, -6178.05491220192379842]
    [0.00000000000000000, 0.00000000000000000, 2.00000624534488169, 2951.48375939764082432]
  #278 objects/buildingsets/human/hightech/delta/int/light/light_fixture/light_decal_capsule_a.cgf
    [-0.51764443658030213, -1.93185641772259897, 0.00000000000000000, 6719.12138426831006655]
    [1.93185641772259897, -0.51764443658030213, 0.00000000000000000, -8032.63547810950149142]
    [0.00000000000000000, 0.00000000000000000, 2.00000624534488169, 2951.48375939764082432]
  #279 objects/buildingsets/human/hightech/delta/int/light/light_fixture/light_decal_capsule_a.cgf
    [-0.51764443658030213, -1.93185641772259897, 0.00000000000000000, 6470.65165996322684805]
    [1.93185641772259897, -0.51764443658030213, 0.00000000000000000, -7105.34519515570900694]
    [0.00000000000000000, 0.00000000000000000, 2.00000624534488169, 2951.48375939764082432]
  #280 objects/buildingsets/citysets/hightech/background/plates/habitation_plate_thruster_a.cgf
    [0.51226126188631727, -0.19411586472731443, 0.51226031712332409, 6022.73629726551735075]
    [0.13726073655301821, 0.72444615598997308, 0.13726055201607695, -5452.96665093767114740]
    [-0.53033111509607322, -0.00000004686351722, 0.53033207542862892, 2938.15985239669680595]
  #281 objects/buildingsets/citysets/hightech/background/plates/habitation_plate_thruster_a.cgf
    [-0.51226110613294706, 0.19411507164136896, -0.51226036352055493, 6032.40482823544880375]
    [-0.13725960252894132, -0.72444607866295541, -0.13726056444791251, -5450.37594312081819226]
    [-0.53033116312936213, -0.00000079291051658, 0.53033163147442419, 2938.15985239669680595]
  #282 objects/buildingsets/human/hightech/delta/int/light/light_fixture/light_decal_capsule_a.cgf
    [-0.51764443658030213, -1.93185641772259897, 0.00000000000000000, 5973.71221135304949712]
    [1.93185641772259897, -0.51764443658030213, 0.00000000000000000, -5250.76462924812403799]
    [0.00000000000000000, 0.00000000000000000, 2.00000624534488169, 2951.48375939764082432]
  #283 objects/buildingsets/human/hightech/delta/int/light/light_fixture/light_decal_capsule_a.cgf
    [-0.51764443658030213, -1.93185641772259897, 0.00000000000000000, 5725.24248704795172671]
    [1.93185641772259897, -0.51764443658030213, 0.00000000000000000, -4323.47434629433882947]
    [0.00000000000000000, 0.00000000000000000, 2.00000624534488169, 2951.48375939764082432]
  #284 objects/buildingsets/citysets/hightech/background/plates/habitation_plate_thruster_a.cgf
    [-0.51226110613294706, 0.19411507164136896, -0.51226036352055493, 6550.05011955720328842]
    [-0.13725960252894132, -0.72444607866295541, -0.13726056444791251, -7382.23082001547481923]
    [-0.53033116312936213, -0.00000079291051658, 0.53033163147442419, 2938.15985239669680595]
  #285 objects/buildingsets/citysets/hightech/background/plates/habitation_plate_thruster_a.cgf
    [0.51226126188631727, -0.19411586472731443, 0.51226031712332409, 6540.38158858726819744]
    [0.13726073655301821, 0.72444615598997308, 0.13726055201607695, -7384.82152783233505033]
    [-0.53033111509607322, -0.00000004686351722, 0.53033207542862892, 2938.15985239669680595]
  #286 objects/buildingsets/human/hightech/delta/int/light/light_fixture/light_decal_capsule_a.cgf
    [-1.00000305058761341, 1.73205837925985651, 0.00000000000000000, 12338.27250039789214497]
    [-1.73205837925985651, -1.00000305058761341, -0.00000000000000000, -13118.83802838864539808]
    [-0.00000000000000000, 0.00000000000000000, 2.00000808257087126, 2951.48378979600965977]
  #287 objects/buildingsets/human/hightech/delta/int/light/light_fixture/light_decal_capsule_a.cgf
    [-1.93185953877444372, 0.51764252970554925, 0.00000000000000000, 14342.11546821884257952]
    [-0.51764252970554925, -1.93185953877444372, -0.00000000000000000, -13753.19287858091593080]
    [-0.00000000000000000, 0.00000000000000000, 2.00000876650922743, 2951.48378979600965977]
  #288 objects/buildingsets/human/hightech/delta/int/light/light_fixture/light_decal_capsule_a.cgf
    [-1.00000305058761341, 1.73205837925985651, 0.00000000000000000, 13169.66132080900570145]
    [-1.73205837925985651, -1.00000305058761341, -0.00000000000000000, -13598.83856415751688473]
    [-0.00000000000000000, 0.00000000000000000, 2.00000808257087126, 2951.48378979600965977]
  #289 objects/buildingsets/human/hightech/delta/int/light/light_fixture/light_decal_capsule_a.cgf
    [1.73205911329232132, 0.99999498555745281, 0.00000000000000000, 16336.35543005063664168]
    [-0.99999498555745281, 1.73205911329232132, -0.00000000000000000, -15425.96533560721763934]
    [-0.00000000000000000, 0.00000000000000000, 2.00000468576426904, 2951.48375939764082432]
  #290 objects/buildingsets/human/hightech/delta/int/light/light_fixture/light_decal_capsule_a.cgf
    [-1.93185953877444372, 0.51764252970554925, 0.00000000000000000, 15269.40786892247706419]
    [-0.51764252970554925, -1.93185953877444372, -0.00000000000000000, -13504.72381444712846132]
    [-0.00000000000000000, 0.00000000000000000, 2.00000876650922743, 2951.48378979600965977]
  #291 objects/buildingsets/human/hightech/delta/int/light/light_fixture/light_decal_capsule_a.cgf
    [-0.51764443658030213, -1.93185641772259897, 0.00000000000000000, 14246.80976385594476596]
    [1.93185641772259897, -0.51764443658030213, 0.00000000000000000, -15874.13032742823452281]
    [0.00000000000000000, 0.00000000000000000, 2.00000624534488169, 2951.48375939764082432]
  #292 objects/buildingsets/citysets/hightech/background/plates/habitation_plate_thruster_a.cgf
    [-0.26516544952094823, 0.64952106259979658, -0.26516437818869948, 17128.16415247296390589]
    [-0.45928085893342779, -0.37499981743930572, -0.45928063684252485, -15878.51607366913412989]
    [-0.53033088806738515, -0.00000057753414500, 0.53033161606860668, 2938.15985239669680595]
  #293 objects/buildingsets/human/hightech/delta/int/light/light_fixture/light_decal_capsule_a.cgf
    [1.73205911329232132, 0.99999498555745281, 0.00000000000000000, 17167.74318783299895586]
    [-0.99999498555745281, 1.73205911329232132, -0.00000000000000000, -15905.96340467046866252]
    [-0.00000000000000000, 0.00000000000000000, 2.00000468576426904, 2951.48375939764082432]
  #294 objects/buildingsets/citysets/hightech/background/plates/habitation_plate_thruster_a.cgf
    [0.51226126188631727, -0.19411586472731443, 0.51226031712332409, 14255.38815694659569999]
    [0.13726073655301821, 0.72444615598997308, 0.13726055201607695, -15921.52514792786132602]
    [-0.53033111509607322, -0.00000004686351722, 0.53033207542862892, 2938.15985239669680595]
  #295 objects/buildingsets/human/hightech/delta/int/light/light_fixture/light_decal_capsule_a.cgf
    [1.73205911329232132, 0.99999498555745281, 0.00000000000000000, 15504.96767226829979336]
    [-0.99999498555745281, 1.73205911329232132, -0.00000000000000000, -14945.96726654396661615]
    [-0.00000000000000000, 0.00000000000000000, 2.00000468576426904, 2951.48375939764082432]
  #296 objects/buildingsets/human/hightech/delta/int/light/light_fixture/light_decal_capsule_a.cgf
    [1.73205911329232132, 0.99999498555745281, 0.00000000000000000, 14673.57991448594475514]
    [-0.99999498555745281, 1.73205911329232132, -0.00000000000000000, -14465.96919748071559297]
    [-0.00000000000000000, 0.00000000000000000, 2.00000468576426904, 2951.48375939764082432]
  #297 objects/buildingsets/human/hightech/delta/int/light/light_fixture/light_decal_capsule_a.cgf
    [-0.51764443658030213, -1.93185641772259897, 0.00000000000000000, 14495.27948816101343255]
    [1.93185641772259897, -0.51764443658030213, 0.00000000000000000, -16801.42061038202518830]
    [0.00000000000000000, 0.00000000000000000, 2.00000624534488169, 2951.48375939764082432]
  #298 objects/buildingsets/human/hightech/delta/int/light/light_fixture/light_decal_capsule_a.cgf
    [-1.93185953877444372, 0.51764252970554925, 0.00000000000000000, 15679.21199259032437112]
    [-0.51764252970554925, -1.93185953877444372, -0.00000000000000000, -13395.94971159234592051]
    [-0.00000000000000000, 0.00000000000000000, 2.00000876650922743, 2951.48378979600965977]
  #299 objects/buildingsets/human/hightech/delta/int/light/light_fixture/light_decal_capsule_a.cgf
    [-1.93185953877444372, 0.51764252970554925, 0.00000000000000000, 13909.23704474953410681]
    [-0.51764252970554925, -1.93185953877444372, -0.00000000000000000, -14610.44450352822786954]
    [-0.00000000000000000, 0.00000000000000000, 2.00000876650922743, 2951.48378979600965977]
  #300 objects/buildingsets/human/hightech/delta/int/light/light_fixture/light_decal_capsule_a.cgf
    [-1.93185953877444372, 0.51764252970554925, 0.00000000000000000, 14157.70610888331066235]
    [-0.51764252970554925, -1.93185953877444372, -0.00000000000000000, -15537.73690423186963017]
    [-0.00000000000000000, 0.00000000000000000, 2.00000876650922743, 2951.48378979600965977]
  #301 objects/buildingsets/human/hightech/delta/int/light/light_fixture/light_decal_capsule_a.cgf
    [-1.93185953877444372, 0.51764252970554925, 0.00000000000000000, 16606.50439329395885579]
    [-0.51764252970554925, -1.93185953877444372, -0.00000000000000000, -13147.48064745855845104]
    [-0.00000000000000000, 0.00000000000000000, 2.00000876650922743, 2951.48378979600965977]
  #302 objects/buildingsets/citysets/hightech/background/plates/habitation_plate_thruster_a.cgf
    [-0.13725972451454863, -0.72444801204377651, -0.13726051397201181, 15726.60691623999446165]
    [0.51226303804732110, -0.19411512220559476, 0.51226116581826342, -13387.37136029167777451]
    [-0.53033192502485604, -0.00000088185097243, 0.53033352913284948, 2938.15985579229891300]
  #303 objects/buildingsets/citysets/hightech/background/plates/habitation_plate_thruster_a.cgf
    [0.26516556028229249, -0.64952156883898504, 0.26516433842463255, 15391.10145143357294728]
    [0.45928164373555469, 0.37499986764245635, 0.45928056796990518, -14887.18862761892705748]
    [-0.53033080854010017, -0.00000036789335471, 0.53033235110835886, 2938.15985239669680595]
  #304 objects/buildingsets/citysets/hightech/background/plates/habitation_plate_thruster_a.cgf
    [-0.26516544952094823, 0.64952106259979658, -0.26516437818869948, 15396.10622243435136625]
    [-0.45928085893342779, -0.37499981743930572, -0.45928063684252485, -14878.52003795424570853]
    [-0.53033088806738515, -0.00000057753414500, 0.53033161606860668, 2938.15985239669680595]
  #305 objects/buildingsets/citysets/hightech/struts/ht_strut_straight_4000m_001.cgf
    [-0.49999798727478700, 0.86602891204817456, 0.00000000000000000, 17188.02788378894183552]
    [-0.86602891204817456, -0.49999798727478700, -0.00000000000000000, -15918.82938531140280247]
    [-0.00000000000000000, 0.00000000000000000, 1.00000203188902703, 2936.48372899927198887]
  #306 objects/buildingsets/citysets/hightech/struts/ht_strut_straight_2000m_001.cgf
    [0.96592724926592088, -0.25882259496925547, 0.00000000000000000, 14241.56394812638245639]
    [0.25882259496925547, 0.96592724926592088, 0.00000000000000000, -15850.68924772490754549]
    [0.00000000000000000, 0.00000000000000000, 1.00000229326789425, 2936.48372899927198887]
  #307 objects/buildingsets/citysets/hightech/struts/ht_strut_straight_2000m_001.cgf
    [-0.25882191365132534, -0.96592947899230142, 0.00000000000000000, 15655.77086063091701362]
    [0.96592947899230142, -0.25882191365132534, 0.00000000000000000, -13401.19550861161587818]
    [0.00000000000000000, 0.00000000000000000, 1.00000427067711661, 2936.48372899927198887]
  #308 objects/buildingsets/citysets/hightech/background/plates/habitation_plate_thruster_a.cgf
    [0.13725993806408293, 0.72444738677115039, 0.13726053885354370, 15724.01621530650299974]
    [-0.51226206091718629, 0.19411529080268419, -0.51226125868031080, -13377.70280724070653378]
    [-0.53033202116296074, -0.00000055716648299, 0.53033264056832163, 2938.15985579229891300]
  #309 objects/buildingsets/citysets/hightech/background/plates/habitation_plate_thruster_a.cgf
    [-0.51226110613294706, 0.19411507164136896, -0.51226036352055493, 14265.05668791654170491]
    [-0.13725960252894132, -0.72444607866295541, -0.13726056444791251, -15918.93444011100109492]
    [-0.53033116312936213, -0.00000079291051658, 0.53033163147442419, 2938.15985239669680595]
  #310 objects/buildingsets/citysets/hightech/background/plates/habitation_plate_thruster_a.cgf
    [0.26516556028229249, -0.64952156883898504, 0.26516433842463255, 17123.15938147217821097]
    [0.45928164373555469, 0.37499986764245635, 0.45928056796990518, -15887.18466333380820288]
    [-0.53033080854010017, -0.00000036789335471, 0.53033235110835886, 2938.15985239669680595]
  #311 objects/buildingsets/citysets/hightech/background/plates/habitation_plate_thruster_a.cgf
    [0.26516556028229249, -0.64952156883898504, 0.26516433842463255, 13659.04372577778485720]
    [0.45928164373555469, 0.37499986764245635, 0.45928056796990518, -13887.19270990357654227]
    [-0.53033080854010017, -0.00000036789335471, 0.53033235110835886, 2938.15985239669680595]
  #312 objects/buildingsets/citysets/hightech/background/plates/habitation_plate_thruster_a.cgf
    [-0.26516544952094823, 0.64952106259979658, -0.26516437818869948, 13664.04849677855963819]
    [-0.45928085893342779, -0.37499981743930572, -0.45928063684252485, -13878.52412023890246928]
    [-0.53033088806738515, -0.00000057753414500, 0.53033161606860668, 2938.15985239669680595]
  #313 objects/buildingsets/citysets/hightech/struts/ht_connect_ring_addon_001.cgf
    [0.25882199987574517, 0.96592924172230998, 0.00000000000000000, 17587.62157336321979528]
    [-0.96592924172230998, 0.25882199987574517, -0.00000000000000000, -12883.55388315643358510]
    [-0.00000000000000000, 0.00000000000000000, 1.00000406380870110, 2936.48372899927198887]
  #314 objects/buildingsets/citysets/hightech/struts/ht_connect_ring_addon_001.cgf
    [-0.96592722813299714, 0.25882206158666005, 0.00000000000000000, 14759.20798794236907270]
    [-0.25882206158666005, -0.96592722813299714, -0.00000000000000000, -17782.53927123316680081]
    [-0.00000000000000000, 0.00000000000000000, 1.00000213480405309, 2936.48372899927198887]
  #315 objects/buildingsets/citysets/hightech/struts/ht_connect_ring_addon_001.cgf
    [-0.49999798727478700, 0.86602891204817456, 0.00000000000000000, 17188.02788378894183552]
    [-0.86602891204817456, -0.49999798727478700, -0.00000000000000000, -15918.82938531140280247]
    [-0.00000000000000000, 0.00000000000000000, 1.00000203188902703, 2936.48372899927198887]
  #316 objects/buildingsets/citysets/hightech/addon/medium/ht_med_addon_vent_001_a.cgf
    [1.07743658481177396, -0.62205458794720503, 0.00000000000000000, 13679.50946256788665778]
    [-0.62205458794720503, -1.07743658481177396, -0.00000000000000000, -13907.54765988970211765]
    [0.00000000000000000, 0.00000000000000000, -1.24411474739150418, 2954.57911634258925915]
  #317 objects/buildingsets/human/shop/alpha/shippart/dumpersdepot/prop/prop_crate_dumper_cluster_01.cgf
    [0.86603061405438431, 0.50000002261792320, 0.00000000000000000, 13656.88541412135600694]
    [-0.50000002261792320, 0.86603061405438431, -0.00000000000000000, -13912.29276732645848824]
    [-0.00000000000000000, 0.00000000000000000, 1.00000452353843761, 2957.87668570689857006]
  #318 objects/buildingsets/citysets/hightech/addon/medium/ht_med_addon_panel_01_a.cgf
    [-0.05091080391165283, 0.55472978494834058, 0.13964912526067938, 13805.70535024632408749]
    [0.19000263749570911, 0.14863979326158636, -0.52117572089810815, -13935.90426103628306009]
    [-0.53956094209975880, 0.00000039560139267, -0.19670514027371058, 2942.00032235868275166]
  #319 objects/buildingsets/citysets/hightech/addon/medium/ht_med_addon_panel_03_a.cgf
    [-0.34974510017910621, 0.09371458482969049, 0.00000000000000000, 13728.99985922202176880]
    [-0.09371458482969049, -0.34974510017910621, -0.00000000000000000, -13967.34238557313256024]
    [-0.00000000000000000, 0.00000000000000000, 0.36208294423942999, 2955.29239123314619064]
  #320 objects/buildingsets/citysets/hightech/addon/medium/ht_med_addon_panel_02_a.cgf
    [-0.31339934907833211, 0.54282536598007347, 0.00000000000000000, 13366.64432604068861110]
    [-0.54282536598007347, -0.31339934907833211, -0.00000000000000000, -13730.27535887901649403]
    [-0.00000000000000000, 0.00000000000000000, 0.62680023129711981, 2969.07549409754574299]
  #321 objects/buildingsets/citysets/hightech/addon/containers/containers_01x04x02_a.cgf
    [0.50000082952704028, -0.86603032071921127, 0.00000000000000000, 13681.62822751505154883]
    [0.86603032071921127, 0.50000082952704028, 0.00000000000000000, -13938.20178908384878014]
    [0.00000000000000000, 0.00000000000000000, 1.00000467295545592, 2957.87783171236515045]
  #322 objects/buildingsets/citysets/hightech/addon/medium/ht_med_addon_vent_003_a.cgf
    [0.17137890384264098, -0.63958862568113617, 0.00000000000000000, 13744.77745025819967850]
    [-0.63958862568113617, -0.17137890384264157, -0.00000000000000000, -13959.38537536283001828]
    [0.00000000000000000, 0.00000000000000000, -0.66215129599132405, 2937.69828992150723934]
  #323 objects/buildingsets/human/shop/alpha/shippart/dumpersdepot/prop/prop_crate_dumper_cluster_02.cgf
    [0.50000082952704028, -0.86603032071921127, 0.00000000000000000, 13696.08310442777292337]
    [0.86603032071921127, 0.50000082952704028, 0.00000000000000000, -13941.68178128363251744]
    [0.00000000000000000, 0.00000000000000000, 1.00000467295545592, 2957.87095568329095840]
  #324 objects/buildingsets/citysets/hightech/addon/medium/ht_med_addon_panel_02_a.cgf
    [0.50000082952704028, -0.86603032071921127, 0.00000000000000000, 13550.65328569667690317]
    [0.86603032071921127, 0.50000082952704028, 0.00000000000000000, -13830.64077021392768074]
    [0.00000000000000000, 0.00000000000000000, 1.00000467295545592, 2962.12985194474458694]
  #325 objects/buildingsets/citysets/hightech/addon/large/ht_lrg_addon_tank_002_b.cgf
    [0.23146947241113580, 0.13363816424353195, 0.00000000000000000, 13605.40084842200303683]
    [-0.13363816424353195, 0.23146947241113580, -0.00000000000000000, -13871.55734641939670837]
    [-0.00000000000000000, 0.00000000000000000, 0.26727752543128419, 2956.85881158150732517]
  #326 objects/buildingsets/citysets/hightech/addon/medium/ht_med_addon_vent_001_a.cgf
    [-0.86602994917908482, 0.00000018470872945, -0.50000145518074757, 13502.13218075870827306]
    [0.50000145518075056, -0.00000003256891692, -0.86602994917910248, -13835.04957012747945555]
    [-0.00000017624697558, -1.00000466401811972, -0.00000006414867624, 2945.92934528365731239]
  #327 objects/buildingsets/citysets/hightech/addon/medium/ht_med_addon_vent_001_a.cgf
    [-0.86602994917908482, 0.00000018470872945, -0.50000145518074757, 13528.43787166156471358]
    [0.50000145518075056, -0.00000003256891692, -0.86602994917910248, -13850.23710566522822774]
    [-0.00000017624697558, -1.00000466401811972, -0.00000006414867624, 2945.92934528365731239]
  #328 objects/buildingsets/human/universal/prop/uee/forklift/forklift_machine_1_a.cgf
    [-0.99255078709632505, -0.12186891216482545, -0.00000000000000000, 13691.36212380134020350]
    [0.12186891216482545, -0.99255078709632505, 0.00000000000000000, -13916.12717470713141665]
    [0.00000000000000000, -0.00000000000000000, 1.00000454834854247, 2957.87604070454835892]
  #329 objects/buildingsets/citysets/hightech/addon/greeble/orison_shipyard_greeble_d.cgf
    [-0.23405106185885421, 0.87347980389229973, 0.00000000000000000, 13771.09505407845790614]
    [0.87347980389229973, 0.23405106185885471, 0.00000000000000000, -13927.13064782181209011]
    [0.00000000000000000, 0.00000000000000000, -0.90429357366122376, 2940.67124697193503380]
  #330 objects/buildingsets/citysets/hightech/addon/greeble/orison_shipyard_greeble_c.cgf
    [0.58048747651536159, 1.00543661682087593, 0.00000000000000000, 13503.43795974377644598]
    [1.00543661682087593, -0.58048747651536237, 0.00000000000000000, -13821.46717696471205272]
    [0.00000000000000000, 0.00000000000000000, -1.16097739032049319, 2941.10594073310494423]
  #331 objects/buildingsets/citysets/hightech/addon/medium/ht_med_addon_antenna_005_a.cgf
    [-0.00000018147886922, -0.42564473409078973, 1.58855503826252975, 13720.07488242940235068]
    [0.00000028833378994, 1.58855503826250688, 0.42564473409081649, -13930.73951263378148724]
    [-1.64459130158480504, 0.00000032547880992, -0.00000010067024702, 2947.38243817351758480]
  #332 objects/buildingsets/citysets/hightech/addon/large/ht_lrg_addon_tank_009_b.cgf
    [0.14013401967819958, 0.52298102574668515, 0.00000000000000000, 13839.38878537537675584]
    [-0.52298102574668515, 0.14013401967819958, -0.00000000000000000, -13902.12631600195345527]
    [-0.00000000000000000, 0.00000000000000000, 0.54143023258978151, 2958.04414438642561436]
  #333 objects/buildingsets/citysets/hightech/addon/large/ht_lrg_addon_building_001_a.cgf
    [-0.28309568580626204, -0.16344515523558920, -0.00000000000000000, 13350.77038888369861525]
    [0.16344515523558920, -0.28309568580626204, 0.00000000000000000, -13727.39780816083839454]
    [0.00000000000000000, -0.00000000000000000, 0.32689063322784817, 2962.78294959291815758]
  #334 objects/buildingsets/citysets/hightech/addon/large/ht_lrg_addon_tank_001_b.cgf
    [-0.09852737312882406, -0.05688473051128090, -0.00000000000000000, 13509.73164505290333182]
    [0.05688473051128090, -0.09852737312882406, 0.00000000000000000, -13796.91201724823076802]
    [0.00000000000000000, -0.00000000000000000, 0.11376957335336883, 2965.60667303763329983]
  #335 objects/buildingsets/citysets/hightech/addon/small/ht_sml_addon_vent_006_a.cgf
    [0.55000090055884376, -0.95263333214344459, 0.00000000000000000, 13378.79287111006851774]
    [0.95263333214344459, 0.55000090055884376, 0.00000000000000000, -13739.67319444217901037]
    [0.00000000000000000, 0.00000000000000000, 1.10000511640912890, 2962.01001846045255661]
  #336 objects/buildingsets/citysets/hightech/addon/large/ht_lrg_addon_tank_001_b.cgf
    [-0.08660303063656430, -0.03535553760125549, 0.03535554685626786, 13340.20119898808843573]
    [0.05000028732495482, -0.06123763710645225, 0.06123754336236606, -13734.96399773263874522]
    [0.00000003881105600, 0.07071104164528981, 0.07071111820254167, 2963.89827611297369003]
  #337 objects/buildingsets/citysets/hightech/addon/small/ht_sml_addon_vent_005_a.cgf
    [0.50000082952704028, -0.86603032071921127, 0.00000000000000000, 13366.81212484959178255]
    [0.86603032071921127, 0.50000082952704028, 0.00000000000000000, -13740.00134174875165627]
    [0.00000000000000000, 0.00000000000000000, 1.00000467295545592, 2967.71263257227838039]
  #338 objects/buildingsets/citysets/hightech/addon/medium/ht_med_addon_panel_01_a.cgf
    [0.86602984157960905, -0.09540495016950661, 0.49081414673758478, 13477.16560921679774765]
    [-0.50000063115418147, -0.16524666661067869, 0.85011835980672257, -13784.65708352207911958]
    [-0.00000009808138477, -0.98163116918637316, -0.19081028626040369, 2954.20706583373248577]
  #339 objects/buildingsets/citysets/hightech/addon/large/ht_lrg_addon_tank_008_c.cgf
    [-0.13691843144561824, 0.47430165891202725, -0.23714992303461985, 13652.71565346270654118]
    [-0.23715013094850138, -0.27383707357617915, -0.41075768895773385, -13890.13441271669762500]
    [-0.47430155495542686, -0.00000029793944944, 0.27383725363494860, 2952.58573026210069656]
  #340 objects/buildingsets/citysets/hightech/addon/medium/ht_med_addon_antenna_003_a.cgf
    [0.25882172540797421, -0.00000172430913659, 0.96592960035930220, 13847.78062224732639152]
    [-0.96592960036059050, 0.00000025832009294, 0.25882172540878051, -13908.62342595037807769]
    [-0.00000069580467090, -1.00000433918727327, -0.00000159869544609, 2954.63041254878044128]
  #341 objects/buildingsets/citysets/hightech/addon/large/ht_lrg_addon_tank_008_a_linemarking_a.cgf
    [-0.18100795927818894, 0.31351600451451728, 0.00000000000000000, 13679.42402883622708032]
    [-0.31351600451451728, -0.18100795927818894, -0.00000000000000000, -13952.45406796904171642]
    [-0.00000000000000000, 0.00000000000000000, 0.36201680404202413, 2955.30606128834187984]
  #342 objects/buildingsets/citysets/hightech/addon/large/ht_lrg_addon_tank_008_a_linemarking_a.cgf
    [-0.18100795927818894, 0.31351600451451728, 0.00000000000000000, 13674.39936958794351085]
    [-0.31351600451451728, -0.18100795927818894, -0.00000000000000000, -13949.55309125711391971]
    [-0.00000000000000000, 0.00000000000000000, 0.36201680404202413, 2955.30606128834187984]
  #343 objects/buildingsets/citysets/hightech/addon/medium/ht_med_addon_vent_001_a.cgf
    [-1.20172443216848390, -0.32199940691214418, 0.00000000000000000, 13779.94341060387887410]
    [-0.32199940691214418, 1.20172443216848390, -0.00000000000000000, -13947.19202815115022531]
    [0.00000000000000000, 0.00000000000000000, -1.24411624413574695, 2953.31392121315002441]
  #344 objects/buildingsets/citysets/hightech/addon/large/ht_lrg_addon_tank_002_b.cgf
    [-0.20794227175462576, 0.12005536852382534, 0.00000000000000000, 13351.26342736911465181]
    [0.12005536852382534, 0.20794227175462562, 0.00000000000000000, -13741.32605923166738648]
    [0.00000000000000000, 0.00000000000000000, -0.24011097412210491, 2950.19037555344402790]
  #345 objects/buildingsets/citysets/hightech/struts/ht_connect_45_002.cgf
    [0.50000082952704028, -0.86603032071921127, 0.00000000000000000, 13573.58365196005979669]
    [0.86603032071921127, 0.50000082952704028, 0.00000000000000000, -13832.04220401803650020]
    [0.00000000000000000, 0.00000000000000000, 1.00000467295545592, 2946.48376953043043613]
  #346 objects/buildingsets/citysets/hightech/addon/large/ht_lrg_addon_tank_002_b.cgf
    [-0.23192903332732678, -0.06214525530144328, 0.00000000000000000, 13730.48719392010389129]
    [-0.06214525530144328, 0.23192903332732676, -0.00000000000000000, -13941.78590818860720901]
    [0.00000000000000000, 0.00000000000000000, -0.24011061879190143, 2940.12692176550626755]
  #347 objects/buildingsets/citysets/hightech/addon/large/ht_lrg_addon_antenna_001_a.cgf
    [0.16877143487762003, -0.04522283291021183, 0.00000000000000000, 13925.14170351879147347]
    [0.04522283291021183, 0.16877143487762003, 0.00000000000000000, -13875.52591104414932488]
    [0.00000000000000000, 0.00000000000000000, 0.17472521811998312, 2958.73377718031406403]
  #348 objects/buildingsets/human/universal/prop/uee/forklift/forklift_machine_1_a.cgf
    [-0.99255078709632505, -0.12186891216482545, -0.00000000000000000, 13687.47959271886429633]
    [0.12186891216482545, -0.99255078709632505, 0.00000000000000000, -13913.81474255951070518]
    [0.00000000000000000, -0.00000000000000000, 1.00000454834854247, 2957.87604070454835892]
  #349 objects/buildingsets/citysets/hightech/addon/medium/ht_med_addon_panel_01_a.cgf
    [-0.86602994917908482, 0.00000018470872945, -0.50000145518074757, 13477.07894521962225554]
    [0.50000145518075056, -0.00000003256891692, -0.86602994917910248, -13821.91832733906085195]
    [-0.00000017624697558, -1.00000466401811972, -0.00000006414867624, 2953.88536852970719337]
  #350 objects/buildingsets/citysets/hightech/addon/medium/ht_med_addon_window_01_a.cgf
    [-0.20748055391753409, -0.77431852736752449, 0.00000000000000000, 13775.93405467028060229]
    [0.77431852736752449, -0.20748055391753409, 0.00000000000000000, -13945.44233471554798598]
    [0.00000000000000000, 0.00000000000000000, 0.80163418220441363, 2958.80041845142841339]
  #351 objects/buildingsets/citysets/hightech/rooftop/ht_rooftop_doorway_24x02x08_a.cgf
    [0.60750113598062483, -0.74403420863413239, -0.74403993976053207, 13560.63751647154276725]
    [1.05222732124604801, 0.42956668594683911, 0.42956965970892491, -13864.69523635779660253]
    [0.00000020520081519, -0.85914231911904770, 0.85913586893641436, 2954.65031062997877598]
  #352 objects/buildingsets/citysets/hightech/addon/medium/ht_med_addon_panel_01_a.cgf
    [-0.86602994917908482, 0.00000018470872945, -0.50000145518074757, 13705.61821640543348622]
    [0.50000145518075056, -0.00000003256891692, -0.86602994917910248, -13955.86728402162589191]
    [-0.00000017624697558, -1.00000466401811972, -0.00000006414867624, 2951.30404706671833992]
  #353 objects/buildingsets/citysets/hightech/addon/medium/ht_med_addon_panel_06_a.cgf
    [0.96592967737312752, -0.00000070675162202, 0.25882222768116198, 13764.67552059558875044]
    [0.25882222768183005, 0.00000112301425829, -0.96592967737255420, -13939.73609254358052567]
    [0.00000039200953310, 1.00000454357504398, 0.00000126767006967, 2939.73374017141759396]
  #354 objects/buildingsets/citysets/hightech/addon/medium/ht_med_addon_antenna_008_c.cgf
    [0.33287537396054812, 0.00000010130489923, 0.08919524893788121, 13921.23428194422740489]
    [0.08919524893789001, -0.00000001786266904, -0.33287537396056077, -13876.19035012714630284]
    [-0.00000009322962933, 0.34461834980520856, -0.00000004347405863, 2958.51190228201448917]
  #355 objects/buildingsets/citysets/hightech/addon/medium/ht_med_addon_tank_003_a.cgf
    [-0.28056794864511037, 0.48595952688942645, 0.00000000000000000, 13343.12385821314819623]
    [-0.48595952688942645, -0.28056794864511037, -0.00000000000000000, -13722.70647358018504747]
    [-0.00000000000000000, 0.00000000000000000, 0.56113726982042500, 2968.53280489705502987]
  #356 objects/buildingsets/citysets/hightech/addon/large/ht_lrg_addon_tank_005_a.cgf
    [0.18267639362172844, -0.00000003896129599, -0.10546776740086776, 13682.81926790109719150]
    [-0.10546776740086841, 0.00000000686988225, -0.18267639362173213, -13940.79592357278488635]
    [0.00000003717644089, 0.21093628124901648, -0.00000001353107950, 2946.75853564403951168]
  #357 objects/buildingsets/citysets/hightech/addon/large/ht_lrg_addon_tank_002_b.cgf
    [-0.20794227175462576, 0.12005536852382534, 0.00000000000000000, 13367.79438913016201695]
    [0.12005536852382534, 0.20794227175462562, 0.00000000000000000, -13750.87017379167264153]
    [0.00000000000000000, 0.00000000000000000, -0.24011097412210491, 2950.19037555344402790]
  #358 objects/buildingsets/citysets/hightech/addon/greeble/orison_shipyard_greeble_d.cgf
    [-0.42147300093292273, -0.73001759941579958, 0.00000000000000000, 13378.72681124496739358]
    [-0.73001759941579958, 0.42147300093292256, -0.00000000000000000, -13757.85337241153501964]
    [0.00000000000000000, 0.00000000000000000, -0.84295028677390604, 2950.19172756001353264]
  #359 objects/buildingsets/citysets/hightech/addon/medium/ht_med_addon_panel_01_a.cgf
    [0.86602984157960905, -0.09540495016950661, 0.49081414673758478, 13521.24823590988671640]
    [-0.50000063115418147, -0.16524666661067869, 0.85011835980672257, -13810.10809763434554043]
    [-0.00000009808138477, -0.98163116918637316, -0.19081028626040369, 2954.20706583373248577]
  #360 objects/buildingsets/citysets/hightech/addon/medium/ht_med_addon_tank_003_a.cgf
    [0.77942826951508593, -0.45000043423651853, 0.00000000000000000, 13483.02450366506673163]
    [-0.45000043423651853, -0.77942826951508593, -0.00000000000000000, -13806.60754056389305333]
    [0.00000000000000000, 0.00000000000000000, -0.90000489894907609, 2937.35655853711068630]
  #361 objects/buildingsets/citysets/hightech/addon/medium/ht_med_addon_panel_01_a.cgf
    [-0.49999867783344787, -0.64358595127698903, 0.57948475491425966, 13837.38582478303214884]
    [-0.86602855487514530, 0.37157227817728222, -0.33456347667573288, -13923.42010599259992887]
    [-0.00000011715336523, -0.66913025720212316, -0.74314792241581984, 2953.47343186102807522]
  #362 objects/buildingsets/citysets/hightech/addon/containers/containers_01x02x03_a.cgf
    [0.50000082952704028, -0.86603032071921127, 0.00000000000000000, 13668.49935187243681867]
    [0.86603032071921127, 0.50000082952704028, 0.00000000000000000, -13930.48096253736184735]
    [0.00000000000000000, 0.00000000000000000, 1.00000467295545592, 2957.87783171236515045]
  #363 objects/buildingsets/citysets/hightech/addon/containers/containers_01x02x02_a.cgf
    [-0.50000254117661946, 0.86602863852958023, 0.00000000000000000, 13671.70491086655238178]
    [-0.86602863852958023, -0.50000254117661946, -0.00000000000000000, -13919.68319323401556176]
    [-0.00000000000000000, 0.00000000000000000, 1.00000407195994701, 2957.87783171236515045]
  #364 objects/buildingsets/citysets/hightech/addon/medium/ht_med_addon_panel_04_a.cgf
    [0.10468052011583548, 0.39066834671262113, 0.00000000000000000, 13792.29742144254123559]
    [-0.39066834671262113, 0.10468052011583548, -0.00000000000000000, -13939.20809898134211835]
    [-0.00000000000000000, 0.00000000000000000, 0.40444995786239679, 2957.83672654442489147]
  #365 objects/buildingsets/citysets/hightech/addon/large/ht_lrg_addon_tank_001_b.cgf
    [-0.08660303063656430, -0.03535553760125549, 0.03535554685626786, 13358.01780004151441972]
    [0.05000028732495482, -0.06123763710645225, 0.06123754336236606, -13745.25038851254248584]
    [0.00000003881105600, 0.07071104164528981, 0.07071111820254167, 2963.89827611297369003]
  #366 objects/buildingsets/citysets/hightech/addon/medium/ht_med_addon_vent_001_a.cgf
    [1.07743658481177396, -0.62205458794720503, 0.00000000000000000, 13630.16509469792072196]
    [-0.62205458794720503, -1.07743658481177396, -0.00000000000000000, -13899.82797036858573847]
    [0.00000000000000000, 0.00000000000000000, -1.24411474739150418, 2954.57911634258925915]
  #367 objects/buildingsets/citysets/hightech/addon/medium/ht_med_addon_panel_06_a.cgf
    [0.86603061405438431, 0.50000002261792320, 0.00000000000000000, 13566.40060985814852756]
    [-0.50000002261792320, 0.86603061405438431, -0.00000000000000000, -13854.66982734358498419]
    [-0.00000000000000000, 0.00000000000000000, 1.00000452353843761, 2957.85881563462316990]
  #368 objects/buildingsets/citysets/hightech/addon/large/ht_lrg_addon_building_001_a.cgf
    [-0.16460986264184110, 0.04410739400910147, 0.00000000000000000, 13773.75058166236340185]
    [-0.04410739400910147, -0.16460986264184110, -0.00000000000000000, -13947.61178920552083582]
    [-0.00000000000000000, 0.00000000000000000, 0.17041675118731694, 2955.92388479225337505]
  #369 objects/buildingsets/citysets/hightech/addon/large/ht_lrg_addon_tank_002_a.cgf
    [-0.23146931626493655, -0.13363869612301027, -0.00000000000000000, 13588.40500440483083366]
    [0.13363869612301027, -0.23146931626493655, 0.00000000000000000, -13861.74483419695206976]
    [0.00000000000000000, -0.00000000000000000, 0.26727765614359800, 2956.85881158150732517]
  #370 objects/buildingsets/citysets/hightech/addon/large/ht_lrg_addon_tank_008_a.cgf
    [-0.19402598443747393, 0.33606395904029529, 0.00000000000000000, 13679.42402883622708032]
    [-0.33606395904029529, -0.19402598443747393, -0.00000000000000000, -13952.45406796904171642]
    [-0.00000000000000000, 0.00000000000000000, 0.38805291804439268, 2955.30606128834187984]
  #371 objects/buildingsets/citysets/hightech/addon/medium/ht_med_addon_panel_06_a.cgf
    [-0.86603009638243267, -0.35527835776628425, 0.35182303051037944, 13553.40659603608582984]
    [0.50000215628990086, -0.61536120529658933, 0.60937567629185785, -13816.36798565324170340]
    [0.00000025456896665, 0.70364633137223254, 0.71055761517354366, 2957.51696024835109711]
  #372 objects/buildingsets/citysets/hightech/addon/medium/ht_med_addon_vent_001_a.cgf
    [1.07743658481177396, -0.62205458794720503, 0.00000000000000000, 13639.11142150912564830]
    [-0.62205458794720503, -1.07743658481177396, -0.00000000000000000, -13884.33242752149999433]
    [0.00000000000000000, 0.00000000000000000, -1.24411474739150418, 2954.57911634258925915]
  #373 objects/buildingsets/citysets/hightech/addon/medium/ht_med_addon_panel_03_a.cgf
    [-0.10468053408626396, -0.39066830826921056, 0.00000000000000000, 13753.53383066556489212]
    [0.39066830826921056, -0.10468053408626396, 0.00000000000000000, -13949.59488365080505901]
    [0.00000000000000000, 0.00000000000000000, 0.40444992434479737, 2957.82240448705852032]
  #374 objects/buildingsets/human/universal/prop/uee/forklift/forklift_machine_1_a.cgf
    [-0.99255078709632505, -0.12186891216482545, -0.00000000000000000, 13679.69942794229427818]
    [0.12186891216482545, -0.99255078709632505, 0.00000000000000000, -13909.34580589777942805]
    [0.00000000000000000, -0.00000000000000000, 1.00000454834854247, 2957.87604070454835892]
  #375 objects/buildingsets/citysets/hightech/addon/medium/ht_med_addon_panel_06_a.cgf
    [0.86602944227271583, 0.35417025848981504, -0.35293654371021582, 13378.24793054981637397]
    [-0.50000077588424796, 0.61344268584720729, -0.61130603306671316, -13767.32601855669963697]
    [-0.00000007444010690, 0.70587482597828133, 0.70834207895491597, 2957.58665153197944164]
  #376 objects/buildingsets/citysets/hightech/addon/medium/ht_med_addon_tank_003_a.cgf
    [0.77942826951508593, -0.45000043423651853, 0.00000000000000000, 13535.41936469907159335]
    [-0.45000043423651853, -0.77942826951508593, -0.00000000000000000, -13836.85760612535705150]
    [0.00000000000000000, 0.00000000000000000, -0.90000489894907609, 2937.35655853711068630]
  #377 objects/buildingsets/citysets/hightech/struts/ht_connect_45_001.cgf
    [0.50000082952704028, -0.86603032071921127, 0.00000000000000000, 13723.96471063677017810]
    [0.86603032071921127, 0.50000082952704028, 0.00000000000000000, -13918.86442638698827068]
    [0.00000000000000000, 0.00000000000000000, 1.00000467295545592, 2946.48376953043043613]
  #378 objects/buildingsets/citysets/hightech/addon/medium/ht_med_addon_panel_06_a.cgf
    [-0.86602973423556628, -0.33521421459389261, 0.37098811041005986, 13409.75793144085037056]
    [0.50000074773086778, -0.58061010766980448, 0.64257248886937579, -13740.01538479078044475]
    [0.00000001455335159, 0.74197815433974235, 0.67043021023380389, 2959.87137579172849655]
  #379 objects/buildingsets/citysets/hightech/addon/large/ht_lrg_addon_tank_008_b_linemarking_a.cgf
    [0.14013401967819958, 0.52298102574668515, 0.00000000000000000, 13839.38878537537675584]
    [-0.52298102574668515, 0.14013401967819958, -0.00000000000000000, -13902.12631600195345527]
    [-0.00000000000000000, 0.00000000000000000, 0.54143023258978151, 2957.95039400644600391]
  #380 objects/buildingsets/human/shop/alpha/shippart/dumpersdepot/prop/prop_crate_dumper_pallet_05.cgf
    [-0.50000081319900103, 0.86602963667050914, 0.00000000000000000, 13679.38607837781455601]
    [-0.86602963667050914, -0.50000081319900103, -0.00000000000000000, -13925.31915083928652166]
    [-0.00000000000000000, 0.00000000000000000, 1.00000407238736599, 2957.87668570689857006]
  #381 objects/buildingsets/citysets/hightech/addon/medium/ht_med_addon_panel_06_a.cgf
    [0.86603061405438431, 0.50000002261792320, 0.00000000000000000, 13569.21311739588418277]
    [-0.50000002261792320, 0.86603061405438431, -0.00000000000000000, -13849.79840181567305990]
    [-0.00000000000000000, 0.00000000000000000, 1.00000452353843761, 2957.85881563462316990]
  #382 objects/buildingsets/citysets/hightech/addon/medium/ht_med_addon_panel_01_a.cgf
    [0.04812259094362750, -0.55472995720314555, 0.14063531040987218, 13739.20895724631554913]
    [-0.17959375692507265, -0.14864075582820721, -0.52485370141799481, -13954.49813872943377646]
    [0.54336884197221191, 0.00000016755339249, -0.18592929109089215, 2941.73079626634716988]
  #383 objects/buildingsets/citysets/hightech/addon/greeble/orison_shipyard_greeble_c.cgf
    [-0.43867271463540763, -0.75980847458231082, 0.00000000000000000, 13697.22789506954723038]
    [-0.75980847458231082, 0.43867271463540719, -0.00000000000000000, -13928.75932227889461501]
    [0.00000000000000000, 0.00000000000000000, -0.87734979832031423, 2940.73374722525477409]
  #384 objects/buildingsets/citysets/hightech/addon/large/ht_lrg_addon_tank_008_a.cgf
    [-0.19402598443747393, 0.33606395904029529, 0.00000000000000000, 13674.39936958794351085]
    [-0.33606395904029529, -0.19402598443747393, -0.00000000000000000, -13949.55309125711391971]
    [-0.00000000000000000, 0.00000000000000000, 0.38805291804439268, 2955.30606128834187984]
  #385 objects/buildingsets/human/hightech/delta/int/garage/high_tech_garage_door_l.cga
    [-0.52807373958628812, 0.14149794018400236, 0.00000000000000000, 13783.22482959276385373]
    [-0.14149794018400236, -0.52807373958628812, -0.00000000000000000, -13952.24969479685569240]
    [-0.00000000000000000, 0.00000000000000000, 0.54670242501470767, 2954.67387972585856915]
  #386 objects/buildingsets/human/hightech/delta/int/garage/high_tech_garage_door_l.cga
    [-0.52810849487939548, 0.14150725290307251, 0.00000000000000000, 13772.90568484861432808]
    [-0.14150725290307251, -0.52810849487939548, -0.00000000000000000, -13955.01473079161405622]
    [-0.00000000000000000, 0.00000000000000000, 0.54673840635897752, 2954.67387972585856915]
  #387 objects/buildingsets/citysets/hightech/addon/large/ht_lrg_addon_antenna_002_a.cgf
    [0.39417565859507347, -0.22757606372630493, 0.00000000000000000, 13704.48588133143493906]
    [-0.22757606372630493, -0.39417565859507347, -0.00000000000000000, -13947.54078151390604035]
    [0.00000000000000000, 0.00000000000000000, -0.45515416576146939, 2931.38664533942937851]
  #388 objects/buildingsets/citysets/hightech/addon/medium/ht_med_addon_panel_02_a.cgf
    [0.15396544130951914, -0.57459706574053060, 0.00000000000000000, 13783.70665884930349421]
    [-0.57459706574053060, -0.15396544130951953, -0.00000000000000000, -13938.26016349360179447]
    [0.00000000000000000, 0.00000000000000000, -0.59486733401260394, 2941.95250216498970985]
  #389 objects/buildingsets/citysets/hightech/addon/large/ht_lrg_addon_antenna_001_a.cgf
    [-0.56375001409290637, 0.32548079390562878, 0.00000000000000000, 13662.14472846804710571]
    [0.32548079390562878, 0.56375001409290604, 0.00000000000000000, -13909.99722754747381259]
    [0.00000000000000000, 0.00000000000000000, -0.65096223054121238, 2931.50047880224883556]
  #390 objects/buildingsets/citysets/hightech/addon/medium/ht_med_addon_panel_06_a.cgf
    [0.86602944227271583, 0.35417025848981504, -0.35293654371021582, 13521.92422710663231555]
    [-0.50000077588424796, 0.61344268584720729, -0.61130603306671316, -13850.27735841645517212]
    [-0.00000007444010690, 0.70587482597828133, 0.70834207895491597, 2957.58665153197944164]
  #391 objects/buildingsets/citysets/hightech/addon/large/ht_lrg_addon_tank_001_b.cgf
    [-0.09852737312882406, -0.05688473051128090, -0.00000000000000000, 13484.91445734952139901]
    [0.05688473051128090, -0.09852737312882406, 0.00000000000000000, -13782.58386367051025445]
    [0.00000000000000000, -0.00000000000000000, 0.11376957335336883, 2965.60667303763329983]
  #392 objects/buildingsets/citysets/hightech/addon/medium/ht_med_addon_tank_003_a.cgf
    [0.77942826951508593, -0.45000043423651853, 0.00000000000000000, 13509.11368642064553569]
    [-0.45000043423651853, -0.77942826951508593, -0.00000000000000000, -13821.67007672158251808]
    [0.00000000000000000, 0.00000000000000000, -0.90000489894907609, 2937.35655853711068630]
  #393 objects/buildingsets/citysets/hightech/addon/greeble/orison_shipyard_greeble_c.cgf
    [0.50000083916275972, 0.86603033740883451, 0.00000000000000000, 13415.98504163225152297]
    [0.86603033740883451, -0.50000083916276028, 0.00000000000000000, -13767.95770190977964376]
    [0.00000000000000000, 0.00000000000000000, -1.00000469222695365, 2950.19734858162701130]
  #394 objects/buildingsets/human/hightech/delta/int/light/light_fixture/light_decal_capsule_a.cgf
    [-0.51764443658030213, -1.93185641772259897, 0.00000000000000000, 2542.49069773386872839]
    [1.93185641772259897, -0.51764443658030213, 0.00000000000000000, -30693.72215739376406418]
    [0.00000000000000000, 0.00000000000000000, 2.00000624534488169, 1951.48375939764082432]
  #395 objects/buildingsets/human/hightech/delta/int/light/light_fixture/light_decal_capsule_a.cgf
    [-0.51764443658030213, -1.93185641772259897, 0.00000000000000000, 2045.55124912369501544]
    [1.93185641772259897, -0.51764443658030213, 0.00000000000000000, -28839.14159148618637118]
    [0.00000000000000000, 0.00000000000000000, 2.00000624534488169, 1951.48375939764082432]
  #396 objects/buildingsets/human/hightech/delta/int/light/light_fixture/light_decal_capsule_a.cgf
    [-0.51764443658030213, -1.93185641772259897, 0.00000000000000000, 2294.02097342877823394]
    [1.93185641772259897, -0.51764443658030213, 0.00000000000000000, -29766.43187443997885566]
    [0.00000000000000000, 0.00000000000000000, 2.00000624534488169, 1951.48375939764082432]
  #397 objects/buildingsets/citysets/hightech/background/plates/habitation_plate_thruster_a.cgf
    [0.51226126188631727, -0.19411586472731443, 0.51226031712332409, 2343.04505934124608757]
    [0.13726073655301821, 0.72444615598997308, 0.13726055201607695, -29968.63389612954051699]
    [-0.53033111509607322, -0.00000004686351722, 0.53033207542862892, 1938.15985239669680595]
  #398 objects/buildingsets/citysets/hightech/background/plates/habitation_plate_thruster_a.cgf
    [-0.51226110613294706, 0.19411507164136896, -0.51226036352055493, 8691.20552756975666853]
    [-0.13725960252894132, -0.72444607866295541, -0.13726056444791251, -26301.12640410202584462]
    [-0.53033116312936213, -0.00000079291051658, 0.53033163147442419, 1938.15985239669680595]
  #399 objects/buildingsets/human/hightech/delta/int/light/light_fixture/light_decal_capsule_a.cgf
    [-0.51764443658030213, -1.93185641772259897, 0.00000000000000000, 1797.08152481860815897]
    [1.93185641772259897, -0.51764443658030213, 0.00000000000000000, -27911.85130853238661075]
    [0.00000000000000000, 0.00000000000000000, 2.00000624534488169, 1951.48375939764082432]
  #400 objects/buildingsets/human/hightech/delta/int/light/light_fixture/light_decal_capsule_a.cgf
    [-0.51764443658030213, -1.93185641772259897, 0.00000000000000000, 3039.43014634405153629]
    [1.93185641772259897, -0.51764443658030213, 0.00000000000000000, -32548.30272330134175718]
    [0.00000000000000000, 0.00000000000000000, 2.00000624534488169, 1951.48375939764082432]
  #401 objects/buildingsets/citysets/hightech/background/plates/habitation_plate_thruster_a.cgf
    [0.51226126188631727, -0.19411586472731443, 0.51226031712332409, 8681.53699659981066361]
    [0.13726073655301821, 0.72444615598997308, 0.13726055201607695, -26303.71711191887152381]
    [-0.53033111509607322, -0.00000004686351722, 0.53033207542862892, 1938.15985239669680595]
  #402 objects/buildingsets/citysets/hightech/background/plates/habitation_plate_thruster_a.cgf
    [0.51226126188631727, -0.19411586472731443, 0.51226031712332409, 2860.69035066300057224]
    [0.13726073655301821, 0.72444615598997308, 0.13726055201607695, -31900.48877302416804014]
    [-0.53033111509607322, -0.00000004686351722, 0.53033207542862892, 1938.15985239669680595]
  #403 objects/buildingsets/citysets/hightech/background/plates/habitation_plate_thruster_a.cgf
    [-0.51226110613294706, 0.19411507164136896, -0.51226036352055493, 2352.71359031118117855]
    [-0.13725960252894132, -0.72444607866295541, -0.13726056444791251, -29966.04318831267300993]
    [-0.53033116312936213, -0.00000079291051658, 0.53033163147442419, 1938.15985239669680595]
  #404 objects/buildingsets/citysets/hightech/background/plates/habitation_plate_thruster_a.cgf
    [-0.51226110613294706, 0.19411507164136896, -0.51226036352055493, 2870.35888163293930120]
    [-0.13725960252894132, -0.72444607866295541, -0.13726056444791251, -31897.89806520732963691]
    [-0.53033116312936213, -0.00000079291051658, 0.53033163147442419, 1938.15985239669680595]
  #405 objects/buildingsets/human/hightech/delta/int/light/light_fixture/light_decal_capsule_a.cgf
    [-0.51764443658030213, -1.93185641772259897, 0.00000000000000000, 2790.96042203896286082]
    [1.93185641772259897, -0.51764443658030213, 0.00000000000000000, -31621.01244034755654866]
    [0.00000000000000000, 0.00000000000000000, 2.00000624534488169, 1951.48375939764082432]
  #406 objects/buildingsets/citysets/hightech/background/plates/habitation_plate_thruster_a.cgf
    [0.51226126188631727, -0.19411586472731443, 0.51226031712332409, 1825.39983117219890119]
    [0.13726073655301821, 0.72444615598997308, 0.13726055201607695, -28036.77925492115900852]
    [-0.53033111509607322, -0.00000004686351722, 0.53033207542862892, 1938.15985239669680595]
  #407 objects/buildingsets/citysets/hightech/background/plates/habitation_plate_thruster_a.cgf
    [-0.51226110613294706, 0.19411507164136896, -0.51226036352055493, 1835.06836214213763014]
    [-0.13725960252894132, -0.72444607866295541, -0.13726056444791251, -28034.18854710429877741]
    [-0.53033116312936213, -0.00000079291051658, 0.53033163147442419, 1938.15985239669680595]
  #408 objects/buildingsets/citysets/hightech/struts/ht_connect_ring_addon_001.cgf
    [-0.96592722813299714, 0.25882206158666005, 0.00000000000000000, 8667.71035114983169478]
    [-0.25882206158666005, -0.96592722813299714, -0.00000000000000000, -26232.87174754565785406]
    [-0.00000000000000000, 0.00000000000000000, 1.00000213480405309, 1936.48372899927198887]
  #409 objects/buildingsets/human/hightech/delta/int/light/light_fixture/light_decal_capsule_a.cgf
    [-0.51764443658030213, -1.93185641772259897, 0.00000000000000000, 6520.53327224523673067]
    [1.93185641772259897, -0.51764443658030213, 0.00000000000000000, -18219.57487400811078260]
    [0.00000000000000000, 0.00000000000000000, 2.00000624534488169, 1951.48375939764082432]
  #410 objects/buildingsets/human/hightech/delta/int/light/light_fixture/light_decal_capsule_a.cgf
    [-1.93185584786718767, 0.51764428770263404, 0.00000000000000000, 6700.66185739636421204]
    [-0.51764428770263404, -1.93185584786718767, -0.00000000000000000, -18891.83694708928669570]
    [-0.00000000000000000, 0.00000000000000000, 2.00000565637445460, 1951.48377370275557041]
  #411 objects/buildingsets/human/hightech/delta/int/light/light_fixture/light_decal_capsule_a.cgf
    [-1.73205997943263612, -0.99999861547437163, -0.00000000000000000, 7669.03837412526991102]
    [0.99999861547437163, -1.73205997943263612, 0.00000000000000000, -20757.32067714846925810]
    [0.00000000000000000, -0.00000000000000000, 2.00000725081256681, 1951.48377370275557041]
  #412 objects/buildingsets/human/hightech/delta/int/light/light_fixture/light_decal_capsule_a.cgf
    [-0.51764443658030213, -1.93185641772259897, 0.00000000000000000, 6272.06354794014623621]
    [1.93185641772259897, -0.51764443658030213, 0.00000000000000000, -17292.28459105431829812]
    [0.00000000000000000, 0.00000000000000000, 2.00000624534488169, 1951.48375939764082432]
  #413 objects/buildingsets/human/hightech/delta/int/light/light_fixture/light_decal_capsule_a.cgf
    [-1.93185584786718767, 0.51764428770263404, 0.00000000000000000, 6949.13224688227273873]
    [-0.51764428770263404, -1.93185584786718767, -0.00000000000000000, -19819.12775671143026557]
    [-0.00000000000000000, 0.00000000000000000, 2.00000565637445460, 1951.48377370275557041]
  #414 objects/buildingsets/human/hightech/delta/int/light/light_fixture/light_decal_capsule_a.cgf
    [-1.73205997943263612, -0.99999861547437163, -0.00000000000000000, 6756.78023897714956547]
    [0.99999861547437163, -1.73205997943263612, 0.00000000000000000, -21057.39911082106118556]
    [0.00000000000000000, -0.00000000000000000, 2.00000725081256681, 1951.48377370275557041]
  #415 objects/buildingsets/human/hightech/delta/int/light/light_fixture/light_decal_capsule_a.cgf
    [-1.73205997943263612, -0.99999861547437163, -0.00000000000000000, 6276.78166794376011239]
    [0.99999861547437163, -1.73205997943263612, 0.00000000000000000, -21888.78791219963750336]
    [0.00000000000000000, -0.00000000000000000, 2.00000725081256681, 1951.48377370275557041]
  #416 objects/buildingsets/human/hightech/delta/int/light/light_fixture/light_decal_capsule_a.cgf
    [-1.73205997943263612, -0.99999861547437163, -0.00000000000000000, 8500.42717550384622882]
    [0.99999861547437163, -1.73205997943263612, 0.00000000000000000, -21237.31924818186234916]
    [0.00000000000000000, -0.00000000000000000, 2.00000725081256681, 1951.48377370275557041]
  #417 objects/buildingsets/human/hightech/delta/int/light/light_fixture/light_decal_capsule_a.cgf
    [-0.51764443658030213, -1.93185641772259897, 0.00000000000000000, 7637.66808608892824850]
    [1.93185641772259897, -0.51764443658030213, 0.00000000000000000, -22392.61278104363736929]
    [0.00000000000000000, 0.00000000000000000, 2.00000624534488169, 1951.48375939764082432]
  #418 objects/buildingsets/citysets/hightech/background/plates/habitation_plate_thruster_a.cgf
    [0.51226126188631727, -0.19411586472731443, 0.51226031712332409, 7128.60338202642742544]
    [0.13726073655301821, 0.72444615598997308, 0.13726055201607695, -20508.15752999582764460]
    [-0.53033111509607322, -0.00000004686351722, 0.53033207542862892, 1938.15985239669680595]
  #419 objects/buildingsets/citysets/hightech/struts/ht_strut_y_2000m_001.cgf
    [0.49999846862607350, -0.86602992718750993, 0.00000000000000000, 7114.77917320621418185]
    [0.86602992718750993, 0.49999846862607350, 0.00000000000000000, -20437.32162979287386406]
    [0.00000000000000000, 0.00000000000000000, 1.00000315170144449, 1936.48372899927198887]
  #420 objects/buildingsets/human/hightech/delta/int/light/light_fixture/light_decal_capsule_a.cgf
    [-0.51764443658030213, -1.93185641772259897, 0.00000000000000000, 8134.60753469909832347]
    [1.93185641772259897, -0.51764443658030213, 0.00000000000000000, -24247.19334695121506229]
    [0.00000000000000000, 0.00000000000000000, 2.00000624534488169, 1951.48375939764082432]
  #421 objects/buildingsets/human/hightech/delta/int/light/light_fixture/light_decal_capsule_a.cgf
    [0.99999924937369000, -1.73205960576750040, 0.00000000000000000, 6101.91751529375687824]
    [1.73205960576750040, 0.99999924937369000, 0.00000000000000000, -22189.65904437748395139]
    [0.00000000000000000, 0.00000000000000000, 2.00000724415673359, 1951.48375939764082432]
  #422 objects/buildingsets/human/hightech/delta/int/light/light_fixture/light_decal_capsule_a.cgf
    [-1.73205997943263612, -0.99999861547437163, -0.00000000000000000, 8867.11731657677228213]
    [0.99999861547437163, -1.73205997943263612, 0.00000000000000000, -21450.18237230356317014]
    [0.00000000000000000, -0.00000000000000000, 2.00000725081256681, 1951.48377370275557041]
  #423 objects/buildingsets/human/hightech/delta/int/light/light_fixture/light_decal_capsule_a.cgf
    [-0.51764443658030213, -1.93185641772259897, 0.00000000000000000, 7120.02498893576193950]
    [1.93185641772259897, -0.51764443658030213, 0.00000000000000000, -20460.76270949620084139]
    [0.00000000000000000, 0.00000000000000000, 2.00000624534488169, 1951.48375939764082432]
  #424 objects/buildingsets/citysets/hightech/background/plates/habitation_plate_thruster_a.cgf
    [0.45928079000215383, 0.37500040870517926, 0.45928076026883941, 6074.47013926246290794]
    [-0.26516555062779051, 0.64952110113379646, -0.26516511325847214, -22229.23806944151874632]
    [-0.53033136249182478, -0.00000025732075515, 0.53033160692596437, 1938.15985239669680595]
  #425 objects/buildingsets/human/hightech/delta/int/light/light_fixture/light_decal_capsule_a.cgf
    [-0.51764443658030213, -1.93185641772259897, 0.00000000000000000, 7368.49471324085243396]
    [1.93185641772259897, -0.51764443658030213, 0.00000000000000000, -21388.05299244998604991]
    [0.00000000000000000, 0.00000000000000000, 2.00000624534488169, 1951.48375939764082432]
  #426 objects/buildingsets/human/hightech/delta/int/light/light_fixture/light_decal_capsule_a.cgf
    [-0.51764443658030213, -1.93185641772259897, 0.00000000000000000, 8383.07725900418881793]
    [1.93185641772259897, -0.51764443658030213, 0.00000000000000000, -25174.48362990500754677]
    [0.00000000000000000, 0.00000000000000000, 2.00000624534488169, 1951.48375939764082432]
  #427 objects/buildingsets/human/hightech/delta/int/light/light_fixture/light_decal_capsule_a.cgf
    [0.99999924937369000, -1.73205960576750040, 0.00000000000000000, 4109.85324891255731927]
    [1.73205960576750040, 0.99999924937369000, 0.00000000000000000, -17156.71895482893887674]
    [0.00000000000000000, 0.00000000000000000, 2.00000724415673359, 1951.48375939764082432]
  #428 objects/buildingsets/citysets/hightech/background/plates/habitation_plate_thruster_a.cgf
    [0.26516581316335436, -0.64952218826974328, 0.26516459130452918, 8906.69640203515882604]
    [0.45928208173975721, 0.37500022526945981, 0.45928100597308180, -21477.62973273078387138]
    [-0.53033131430192637, -0.00000036789370556, 0.53033285687165621, 1938.15985399484634399]
  #429 objects/buildingsets/human/hightech/delta/int/light/light_fixture/light_decal_capsule_a.cgf
    [0.99999924937369000, -1.73205960576750040, 0.00000000000000000, 3149.85528796985818190]
    [1.73205960576750040, 0.99999924937369000, 0.00000000000000000, -18819.49420972279767739]
    [0.00000000000000000, 0.00000000000000000, 2.00000724415673359, 1951.48375939764082432]
  #430 objects/buildingsets/citysets/hightech/struts/ht_strut_straight_2000m_001.cgf
    [0.96592724926592088, -0.25882259496925547, 0.00000000000000000, 7114.77917320621418185]
    [0.25882259496925547, 0.96592724926592088, 0.00000000000000000, -20437.32162979287386406]
    [0.00000000000000000, 0.00000000000000000, 1.00000229326789425, 1936.48372899927198887]
  #431 objects/buildingsets/human/hightech/delta/int/light/light_fixture/light_decal_capsule_a.cgf
    [-0.51764443658030213, -1.93185641772259897, 0.00000000000000000, 7886.13781039401510498]
    [1.93185641772259897, -0.51764443658030213, 0.00000000000000000, -23319.90306399742257781]
    [0.00000000000000000, 0.00000000000000000, 2.00000624534488169, 1951.48375939764082432]
  #432 objects/buildingsets/citysets/hightech/struts/ht_strut_straight_2000m_001.cgf
    [0.86602867319254873, 0.49999887713978930, 0.00000000000000000, 6114.78351858413589071]
    [-0.49999887713978930, 0.86602867319254873, -0.00000000000000000, -22169.37435262929648161]
    [-0.00000000000000000, 0.00000000000000000, 1.00000226996377184, 1936.48372899927198887]
  #433 objects/buildingsets/citysets/hightech/background/plates/habitation_plate_thruster_a.cgf
    [0.51226126188631727, -0.19411586472731443, 0.51226031712332409, 7646.24647917958645849]
    [0.13726073655301821, 0.72444615598997308, 0.13726055201607695, -22440.00760154325689655]
    [-0.53033111509607322, -0.00000004686351722, 0.53033207542862892, 1938.15985239669680595]
  #434 objects/buildingsets/human/hightech/delta/int/light/light_fixture/light_decal_capsule_a.cgf
    [-1.73205997943263612, -0.99999861547437163, -0.00000000000000000, 9698.50611795534496196]
    [0.99999861547437163, -1.73205997943263612, 0.00000000000000000, -21930.18094333695626119]
    [0.00000000000000000, -0.00000000000000000, 2.00000725081256681, 1951.48377370275557041]
  #435 objects/buildingsets/citysets/hightech/struts/ht_strut_straight_2000m_001.cgf
    [0.49999846862607350, -0.86602992718750993, 0.00000000000000000, 8846.83259505379828624]
    [0.86602992718750993, 0.49999846862607350, 0.00000000000000000, -21437.31637802629120415]
    [0.00000000000000000, 0.00000000000000000, 1.00000315170144449, 1936.48372899927198887]
  #436 objects/buildingsets/citysets/hightech/background/plates/habitation_plate_thruster_a.cgf
    [-0.51226110613294706, 0.19411507164136896, -0.51226036352055493, 8173.56029940070584416]
    [-0.13725960252894132, -0.72444607866295541, -0.13726056444791251, -24369.27176289365161210]
    [-0.53033116312936213, -0.00000079291051658, 0.53033163147442419, 1938.15985239669680595]
  #437 objects/buildingsets/human/hightech/delta/int/light/light_fixture/light_decal_capsule_a.cgf
    [0.99999924937369000, -1.73205960576750040, 0.00000000000000000, 3629.85426844120593159]
    [1.73205960576750040, 0.99999924937369000, 0.00000000000000000, -17988.10658227586827707]
    [0.00000000000000000, 0.00000000000000000, 2.00000724415673359, 1951.48375939764082432]
  #438 objects/buildingsets/citysets/hightech/background/plates/habitation_plate_thruster_a.cgf
    [-0.45928048526387605, -0.37500142079020443, -0.45928071676524534, 3530.20962285847053863]
    [0.26516700704899432, -0.64952085488846245, 0.26516508814120016, -18170.75499174803553615]
    [-0.53033131225654406, -0.00000125693409807, 0.53033207122515535, 1938.15985239669680595]
  #439 objects/buildingsets/human/hightech/delta/int/light/light_fixture/light_decal_capsule_a.cgf
    [0.99999924937369000, -1.73205960576750040, 0.00000000000000000, 5621.91853482242004247]
    [1.73205960576750040, 0.99999924937369000, 0.00000000000000000, -23021.04667182441335171]
    [0.00000000000000000, 0.00000000000000000, 2.00000724415673359, 1951.48375939764082432]
  #440 objects/buildingsets/citysets/hightech/background/plates/habitation_plate_thruster_a.cgf
    [0.51226126188631727, -0.19411586472731443, 0.51226031712332409, 8163.89176843077075318]
    [0.13726073655301821, 0.72444615598997308, 0.13726055201607695, -24371.86247071049001534]
    [-0.53033111509607322, -0.00000004686351722, 0.53033207542862892, 1938.15985239669680595]
  #441 objects/buildingsets/citysets/hightech/background/plates/habitation_plate_thruster_a.cgf
    [-0.26516570240190407, 0.64952168203007188, -0.26516463106863403, 8911.70117826978821540]
    [-0.45928129693688197, -0.37500017506626088, -0.45928107484576708, -21468.96113218487880658]
    [-0.53033139382928696, -0.00000057753469569, 0.53033212183120315, 1938.15985399484634399]
  #442 objects/buildingsets/citysets/hightech/background/plates/habitation_plate_thruster_a.cgf
    [-0.51226110613294706, 0.19411507164136896, -0.51226036352055493, 7138.27191299636615440]
    [-0.13725960252894132, -0.72444607866295541, -0.13726056444791251, -20505.56682217896741349]
    [-0.53033116312936213, -0.00000079291051658, 0.53033163147442419, 1938.15985239669680595]
  #443 objects/buildingsets/citysets/hightech/background/plates/habitation_plate_thruster_a.cgf
    [-0.45928048526387605, -0.37500142079020443, -0.45928071676524534, 6083.13872756817727350]
    [0.26516700704899432, -0.64952085488846245, 0.26516508814120016, -22234.24284994521440240]
    [-0.53033131225654406, -0.00000125693409807, 0.53033207122515535, 1938.15985239669680595]
  #444 objects/buildingsets/citysets/hightech/background/plates/habitation_plate_thruster_a.cgf
    [0.45928079000215383, 0.37500040870517926, 0.45928076026883941, 3521.54103455274889711]
    [-0.26516555062779051, 0.64952110113379646, -0.26516511325847214, -18165.75021124434715603]
    [-0.53033136249182478, -0.00000025732075515, 0.53033160692596437, 1938.15985239669680595]
  #445 objects/buildingsets/citysets/hightech/background/plates/habitation_plate_thruster_a.cgf
    [-0.51226110613294706, 0.19411507164136896, -0.51226036352055493, 7655.91501014952518744]
    [-0.13725960252894132, -0.72444607866295541, -0.13726056444791251, -22437.41689372640394140]
    [-0.53033116312936213, -0.00000079291051658, 0.53033163147442419, 1938.15985239669680595]
  #446 objects/buildingsets/citysets/hightech/struts/ht_connect_ring_addon_001.cgf
    [-0.49999846410905940, 0.86602973795603144, 0.00000000000000000, 10578.88702640511837672]
    [-0.86602973795603144, -0.49999846410905940, -0.00000000000000000, -22437.31019236936117522]
    [-0.00000000000000000, 0.00000000000000000, 1.00000298556334855, 1936.48372899927198887]
  #447 objects/buildingsets/human/shop/alpha/shippart/dumpersdepot/prop/prop_crate_dumper_cluster_02.cgf
    [0.96592724926592088, -0.25882259496925547, 0.00000000000000000, 7078.94288346299072145]
    [0.25882259496925547, 0.96592724926592088, 0.00000000000000000, -20433.78999179831589572]
    [0.00000000000000000, 0.00000000000000000, 1.00000229326789425, 1957.87091234140098095]
  #448 objects/buildingsets/citysets/hightech/addon/medium/ht_med_addon_vent_001_a.cgf
    [0.32200367121613110, -1.20171878777444463, 0.00000000000000000, 7091.35993853232866968]
    [-1.20171878777444463, -0.32200367121613138, -0.00000000000000000, -20397.93426380153687205]
    [0.00000000000000000, 0.00000000000000000, -1.24411189575807346, 1954.57907967083156109]
  #449 objects/buildingsets/citysets/hightech/addon/medium/ht_med_addon_panel_03_a.cgf
    [-0.31357308626160429, -0.18104018758669918, -0.00000000000000000, 7084.07379827167824260]
    [0.18104018758669918, -0.31357308626160429, 0.00000000000000000, -20475.21032697430928238]
    [0.00000000000000000, -0.00000000000000000, 0.36208235244078762, 1955.29235311597585678]
  #450 objects/buildingsets/citysets/hightech/addon/medium/ht_med_addon_panel_01_a.cgf
    [0.09835224861211517, 0.49735674114452227, -0.26977886882740942, 7160.54272897245755303]
    [0.17035119773448526, -0.28714770218951802, -0.46727315072927256, -20507.21900598147476558]
    [-0.53955985345290680, 0.00000036855831028, -0.19670458910888997, 1942.00031117908656597]
  #451 objects/buildingsets/citysets/hightech/addon/large/ht_lrg_addon_tank_001_b.cgf
    [-0.02588221597995669, -0.06830148483192312, 0.06830153319454312, 6973.46766565195866860]
    [0.09659292037705877, -0.01830151573825471, 0.01830146512488620, -20035.97309282176865963]
    [0.00000004342059807, 0.07071098261543829, 0.07071094900056939, 1963.89822055585682392]
  #452 objects/buildingsets/citysets/hightech/addon/medium/ht_med_addon_vent_001_a.cgf
    [-0.25882223624712836, 0.00000032444922222, -0.96592755929610807, 7025.06084858092435752]
    [0.96592755929615259, -0.00000005720877374, -0.25882223624715922, -20250.58630010970227886]
    [-0.00000013923385618, -1.00000249988872381, -0.00000029858679643, 1945.92932614125311375]
  #453 objects/buildingsets/human/shop/alpha/shippart/dumpersdepot/prop/prop_crate_dumper_cluster_01.cgf
    [0.25882265270543497, 0.96592701345002507, 0.00000000000000000, 7072.00705558796835248]
    [-0.96592701345002507, 0.25882265270543497, -0.00000000000000000, -20385.29200124611088540]
    [-0.00000000000000000, 0.00000000000000000, 1.00000208043081762, 1957.87664235383272171]
  #454 objects/buildingsets/citysets/hightech/addon/large/ht_lrg_addon_tank_009_b.cgf
    [-0.27071252584884647, 0.46889252056119746, 0.00000000000000000, 7208.24500632713898085]
    [-0.46889252056119746, -0.27071252584884647, -0.00000000000000000, -20507.15211456464749062]
    [-0.00000000000000000, 0.00000000000000000, 0.54142909737997569, 1958.04410069249570370]
  #455 objects/buildingsets/citysets/hightech/addon/medium/ht_med_addon_antenna_005_a.cgf
    [0.00000006509291808, 0.82229075075189129, 1.42425639968165929, 7103.64493378513725474]
    [-0.00000009939891156, 1.42425639968165929, -0.82229075075188696, -20443.01733214466366917]
    [-1.64458759900659057, -0.00000005353575027, 0.00000010607146185, 1947.38241608627140522]
  #456 objects/buildingsets/citysets/hightech/addon/large/ht_lrg_addon_tank_002_b.cgf
    [-0.06214572008610372, 0.23192871341467092, 0.00000000000000000, 6976.79119330132380128]
    [0.23192871341467092, 0.06214572008610369, 0.00000000000000000, -20048.29389046946016606]
    [0.00000000000000000, 0.00000000000000000, -0.24011043007584013, 1950.19034777581691742]
  #457 objects/buildingsets/citysets/hightech/addon/containers/containers_01x04x02_a.cgf
    [0.96592724926592088, -0.25882259496925547, 0.00000000000000000, 7071.18247115033227601]
    [0.25882259496925547, 0.96592724926592088, 0.00000000000000000, -20421.10816689497733023]
    [0.00000000000000000, 0.00000000000000000, 1.00000229326789425, 1957.87778835557401180]
  #458 objects/buildingsets/citysets/hightech/addon/large/ht_lrg_addon_tank_008_c.cgf
    [-0.26450648197950249, 0.14175015225432921, -0.45813861099908321, 7084.72685525565611897]
    [-0.07087450320376766, -0.52901291656908045, -0.12275956361995623, -20366.67524319591757376]
    [-0.47430042941991302, -0.00000064609395793, 0.27383731340548928, 1952.58569763042032719]
  #459 objects/buildingsets/citysets/hightech/addon/small/ht_sml_addon_vent_005_a.cgf
    [0.96592724926592088, -0.25882259496925547, 0.00000000000000000, 6988.72248222621419700]
    [0.25882259496925547, 0.96592724926592088, 0.00000000000000000, -20058.35172171513841022]
    [0.00000000000000000, 0.00000000000000000, 1.00000229326789425, 1967.71256928704679012]
  #460 objects/buildingsets/citysets/hightech/addon/medium/ht_med_addon_panel_02_a.cgf
    [0.96592724926592088, -0.25882259496925547, 0.00000000000000000, 7054.62614704543011612]
    [0.25882259496925547, 0.96592724926592088, 0.00000000000000000, -20252.43822456055931980]
    [0.00000000000000000, 0.00000000000000000, 1.00000229326789425, 1962.12979997321963310]
  #461 objects/buildingsets/citysets/hightech/addon/medium/ht_med_addon_panel_04_a.cgf
    [-0.20222306451497324, 0.35026411186078288, 0.00000000000000000, 7148.72574615105622797]
    [-0.35026411186078288, -0.20222306451497324, -0.00000000000000000, -20500.07436868581862655]
    [-0.00000000000000000, 0.00000000000000000, 0.40444915116668245, 1957.83668327145278454]
  #462 objects/buildingsets/citysets/hightech/addon/medium/ht_med_addon_panel_02_a.cgf
    [-0.60544090475863366, 0.16222905678039981, 0.00000000000000000, 6995.48111247626366094]
    [-0.16222905678039981, -0.60544090475863366, -0.00000000000000000, -20051.35577055691101123]
    [-0.00000000000000000, 0.00000000000000000, 0.62679897576400889, 1969.07542804814875126]
  #463 objects/buildingsets/human/universal/prop/uee/forklift/forklift_machine_1_a.cgf
    [-0.61566514801598393, -0.78801135869869254, 0.00000000000000000, 7093.67441572133975569]
    [0.78801135869869254, -0.61566514801598393, 0.00000000000000000, -20412.38195405331498478]
    [0.00000000000000000, 0.00000000000000000, 1.00000273795610317, 1957.87599735148251057]
  #464 objects/buildingsets/citysets/hightech/struts/ht_connect_ring_addon_001.cgf
    [-0.86602837090970930, -0.49999990680382367, -0.00000000000000000, 5114.78801258409657748]
    [0.49999990680382367, -0.86602837090970930, 0.00000000000000000, -23901.42774139026732882]
    [0.00000000000000000, -0.00000000000000000, 1.00000252300899595, 1936.48372899927198887]
  #465 objects/buildingsets/citysets/hightech/addon/large/ht_lrg_addon_tank_008_a_linemarking_a.cgf
    [-0.34968048179426203, 0.09369755873798176, 0.00000000000000000, 7058.04435138150438434]
    [-0.09369755873798176, -0.34968048179426203, -0.00000000000000000, -20424.02318507445306750]
    [-0.00000000000000000, 0.00000000000000000, 0.36201612099646141, 1955.30602314323186874]
  #466 objects/buildingsets/citysets/hightech/addon/medium/ht_med_addon_vent_001_a.cgf
    [-0.25882223624712836, 0.00000032444922222, -0.96592755929610807, 7017.19910687971787411]
    [0.96592755929615259, -0.00000005720877374, -0.25882223624715922, -20221.24624370238598203]
    [-0.00000013923385618, -1.00000249988872381, -0.00000029858679643, 1945.92932614125311375]
  #467 objects/buildingsets/citysets/hightech/addon/medium/ht_med_addon_tank_003_a.cgf
    [-0.54201556486712243, 0.14523411477086032, 0.00000000000000000, 6984.20164010260486975]
    [-0.14523411477086032, -0.54201556486712243, -0.00000000000000000, -20029.37234922858624486]
    [-0.00000000000000000, 0.00000000000000000, 0.56113618725894088, 1968.53273994848132133]
  #468 objects/buildingsets/citysets/hightech/rooftop/ht_rooftop_doorway_24x02x08_a.cgf
    [1.17360195973592241, -0.22236293075780647, -0.22236469106824000, 7037.60600502061788575]
    [0.31446991717657086, 0.82985913431514835, 0.82986467396181296, -20283.57822866074275225]
    [0.00000018847490783, -0.85913993791674281, 0.85913413142620110, 1954.65027381479740143]
  #469 objects/buildingsets/citysets/hightech/addon/greeble/orison_shipyard_greeble_d.cgf
    [0.45214254001418369, 0.78314136746755136, 0.00000000000000000, 7142.27344144329617848]
    [0.78314136746755136, -0.45214254001418386, 0.00000000000000000, -20476.54205200607248116]
    [0.00000000000000000, 0.00000000000000000, -0.90429158899628403, 1940.67123848572373390]
  #470 objects/buildingsets/citysets/hightech/addon/medium/ht_med_addon_panel_01_a.cgf
    [0.25882223488561540, -0.18430797280321265, 0.94818011579513495, 7048.35239836424443638]
    [-0.96592699559961825, -0.04938573727361417, 0.25406691682532540, -20217.12702098713634769]
    [0.00000001569025430, -0.98162901862893293, -0.19080980028522676, 1954.20702991634607315]
  #471 objects/buildingsets/citysets/hightech/addon/medium/ht_med_addon_vent_001_a.cgf
    [0.32200367121613110, -1.20171878777444463, 0.00000000000000000, 7061.92686816105560865]
    [-1.20171878777444463, -0.32200367121613138, -0.00000000000000000, -20357.58402387102250941]
    [0.00000000000000000, 0.00000000000000000, -1.24411189575807346, 1954.57907967083156109]
  #472 objects/buildingsets/citysets/hightech/addon/large/ht_lrg_addon_building_001_a.cgf
    [-0.08460613649646689, -0.31575130769141024, 0.00000000000000000, 6986.29128547650543624]
    [0.31575130769141024, -0.08460613649646689, 0.00000000000000000, -20038.09651235250930768]
    [0.00000000000000000, 0.00000000000000000, 0.32689002224248809, 1962.78289629518985748]
  #473 objects/buildingsets/citysets/hightech/addon/large/ht_lrg_addon_tank_002_b.cgf
    [0.06917716656334248, 0.25816941909451807, 0.00000000000000000, 7064.40619573147705523]
    [-0.25816941909451807, 0.06917716656334248, -0.00000000000000000, -20320.08280008377187187]
    [-0.00000000000000000, 0.00000000000000000, 0.26727687765561270, 1956.85877029038965702]
  #474 objects/buildingsets/citysets/hightech/addon/large/ht_lrg_addon_antenna_001_a.cgf
    [0.15131648506968878, 0.08736166311066003, 0.00000000000000000, 7287.69065513254463440]
    [-0.08736166311066003, 0.15131648506968878, -0.00000000000000000, -20548.97904593111888971]
    [-0.00000000000000000, 0.00000000000000000, 0.17472475163898732, 1958.73373208940029144]
  #475 objects/buildingsets/citysets/hightech/addon/medium/ht_med_addon_antenna_003_a.cgf
    [-0.49999884141117135, -0.00000102901318098, 0.86602856969819586, 7209.58479106116647017]
    [-0.86602856969866915, 0.00000115870832441, -0.49999884141006773, -20517.68016114455531351]
    [-0.00000048896805727, -1.00000216246999885, -0.00000147050445333, 1954.63037577457726002]
  #476 objects/buildingsets/citysets/hightech/addon/large/ht_lrg_addon_tank_001_b.cgf
    [-0.02944594564300933, -0.10989268897036386, 0.00000000000000000, 7049.53995068778385757]
    [0.10989268897036386, -0.02944594564300933, 0.00000000000000000, -20199.65256667068751995]
    [0.00000000000000000, 0.00000000000000000, 0.11376935793063170, 1965.60661401785910130]
  #477 objects/buildingsets/citysets/hightech/addon/medium/ht_med_addon_antenna_008_c.cgf
    [0.29844880052781914, -0.00000005410858355, -0.17230651238461051, 7284.45786669455992524]
    [-0.17230651238461128, 0.00000000954074025, -0.29844880052782335, -20546.68592115089268191]
    [0.00000005162991884, 0.34461749918807338, -0.00000001879138130, 1958.51185763999819756]
  #478 objects/buildingsets/citysets/hightech/addon/medium/ht_med_addon_panel_01_a.cgf
    [-0.25882223624712836, 0.00000032444922222, -0.96592755929610807, 7008.76897085473319748]
    [0.96592755929615259, -0.00000005720877374, -0.25882223624715922, -20194.24582029301382136]
    [-0.00000013923385618, -1.00000249988872381, -0.00000029858679643, 1953.88533326424658298]
  #479 objects/buildingsets/citysets/hightech/addon/medium/ht_med_addon_vent_003_a.cgf
    [-0.33107216449626165, -0.57344017434267469, 0.00000000000000000, 7100.85666016322647920]
    [-0.57344017434267469, 0.33107216449626153, -0.00000000000000000, -20480.74027641068096273]
    [0.00000000000000000, 0.00000000000000000, -0.66214984078711137, 1937.69828746095299721]
  #480 objects/buildingsets/citysets/hightech/addon/large/ht_lrg_addon_building_001_a.cgf
    [-0.14758525791393495, -0.08520776797623326, -0.00000000000000000, 7129.66888287117035361]
    [0.08520776797623326, -0.14758525791393495, 0.00000000000000000, -20492.90212235162471188]
    [0.00000000000000000, -0.00000000000000000, 0.17041646656650963, 1955.92384539544582367]
  #481 objects/buildingsets/citysets/hightech/addon/greeble/orison_shipyard_greeble_c.cgf
    [1.12141483044277956, 0.30048512050151494, 0.00000000000000000, 7027.72659599060716573]
    [0.30048512050151494, -1.12141483044277979, 0.00000000000000000, -20212.56537485575245228]
    [0.00000000000000000, 0.00000000000000000, -1.16097481866740693, 1941.10593136586248875]
  #482 objects/buildingsets/citysets/hightech/addon/medium/ht_med_addon_panel_01_a.cgf
    [-0.96592462859109018, -0.19234308521843405, 0.17318588401812904, 7191.77177613299500081]
    [-0.25882274408257971, 0.71782359592225176, -0.64632783729012711, -20520.79277773163630627]
    [-0.00000022374197101, -0.66912855542057359, -0.74314640367430196, 1953.47339743003249168]
  #483 objects/buildingsets/citysets/hightech/addon/medium/ht_med_addon_panel_06_a.cgf
    [0.86602888980691373, 0.00000010137367489, -0.49999838150148551, 7128.82079050734682824]
    [-0.49999838150109571, 0.00000144064165627, -0.86602888980594639, -20480.91615837439167080]
    [0.00000063252456761, 1.00000220973867093, 0.00000129832109863, 1939.73373358510434628]
  #484 objects/buildingsets/citysets/hightech/addon/large/ht_lrg_addon_tank_002_b.cgf
    [-0.06214572008610372, 0.23192871341467092, 0.00000000000000000, 6981.73165205518307630]
    [0.23192871341467092, 0.06214572008610369, 0.00000000000000000, -20066.73170010037574684]
    [0.00000000000000000, 0.00000000000000000, -0.24011043007584013, 1950.19034777581691742]
  #485 objects/buildingsets/citysets/hightech/addon/medium/ht_med_addon_tank_003_a.cgf
    [0.23294064276367335, -0.86933526499289837, 0.00000000000000000, 7039.45820172666935832]
    [-0.86933526499289837, -0.23294064276367316, -0.00000000000000000, -20246.06221887814899674]
    [0.00000000000000000, 0.00000000000000000, -0.90000285889069598, 1937.35655676759779453]
  #486 objects/buildingsets/citysets/hightech/addon/large/ht_lrg_addon_tank_002_a.cgf
    [-0.06917705045442336, -0.25816973859964631, 0.00000000000000000, 7059.32680105946565163]
    [0.25816973859964631, -0.06917705045442336, 0.00000000000000000, -20301.12648475882451748]
    [0.00000000000000000, 0.00000000000000000, 0.26727715622212000, 1956.85877029038965702]
  #487 objects/buildingsets/human/universal/prop/uee/forklift/forklift_machine_1_a.cgf
    [-0.61566514801598393, -0.78801135869869254, 0.00000000000000000, 7092.56418517076963326]
    [0.78801135869869254, -0.61566514801598393, 0.00000000000000000, -20408.00146620781742968]
    [0.00000000000000000, 0.00000000000000000, 1.00000273795610317, 1957.87599735148251057]
  #488 objects/buildingsets/citysets/hightech/addon/large/ht_lrg_addon_tank_005_a.cgf
    [0.05459480547606387, -0.00000006843745638, -0.20374819087109355, 7070.19033986613794696]
    [-0.20374819087110296, 0.00000001206729023, -0.05459480547607047, -20423.78468418537522666]
    [0.00000002936920968, 0.21093581504384856, -0.00000006298217571, 1946.75851482152938843]
  #489 objects/buildingsets/citysets/hightech/addon/medium/ht_med_addon_panel_06_a.cgf
    [-0.25882229340840940, -0.64758400687944673, 0.71669370818971800, 7019.07978587369143497]
    [0.96592697308066100, -0.17352157602436627, 0.19203968917702641, -20088.72880497018195456]
    [-0.00000000962529661, 0.74197649125692500, 0.67042880555061068, 1959.87132839486002922]
  #490 objects/buildingsets/citysets/hightech/addon/small/ht_sml_addon_vent_006_a.cgf
    [1.06252003176614673, -0.28470486989317872, 0.00000000000000000, 6997.42617296833850560]
    [0.28470486989317872, 1.06252003176614673, 0.00000000000000000, -20066.59132089784543496]
    [0.00000000000000000, 0.00000000000000000, 1.10000258219934444, 1962.00996672920882702]
  #491 objects/buildingsets/citysets/hightech/addon/medium/ht_med_addon_panel_01_a.cgf
    [-0.25882223624712836, 0.00000032444922222, -0.96592755929610807, 7075.65459117628415697]
    [0.96592755929615259, -0.00000005720877374, -0.25882223624715922, -20450.56296078417653916]
    [-0.00000013923385618, -1.00000249988872381, -0.00000029858679643, 1951.30401703342795372]
  #492 objects/buildingsets/citysets/hightech/addon/large/ht_lrg_addon_tank_002_b.cgf
    [-0.20794161227220537, 0.12005470666055514, 0.00000000000000000, 7103.19658982696637395]
    [0.12005470666055514, 0.20794161227220520, 0.00000000000000000, -20458.19089121675642673]
    [0.00000000000000000, 0.00000000000000000, -0.24011007206220261, 1940.12691438198089600]
  #493 objects/buildingsets/citysets/hightech/addon/large/ht_lrg_addon_tank_008_a_linemarking_a.cgf
    [-0.34968048179426203, 0.09369755873798176, 0.00000000000000000, 7059.54602526605958701]
    [-0.09369755873798176, -0.34968048179426203, -0.00000000000000000, -20429.62743969826988177]
    [-0.00000000000000000, 0.00000000000000000, 0.36201612099646141, 1955.30602314323186874]
  #494 objects/buildingsets/citysets/hightech/struts/ht_connect_45_002.cgf
    [0.96592724926592088, -0.25882259496925547, 0.00000000000000000, 7069.84938498484916636]
    [0.25882259496925547, 0.96592724926592088, 0.00000000000000000, -20269.64334130330826156]
    [0.00000000000000000, 0.00000000000000000, 1.00000229326789425, 1946.48374926485121250]
  #495 objects/buildingsets/citysets/hightech/addon/large/ht_lrg_addon_tank_008_a.cgf
    [-0.37482933541303448, 0.10043624251308662, 0.00000000000000000, 7058.04435138150438434]
    [-0.10043624251308662, -0.37482933541303448, -0.00000000000000000, -20424.02318507445306750]
    [-0.00000000000000000, 0.00000000000000000, 0.38805214790840237, 1955.30602314323186874]
  #496 objects/buildingsets/citysets/hightech/addon/large/ht_lrg_addon_tank_008_a.cgf
    [-0.37482933541303448, 0.10043624251308662, 0.00000000000000000, 7059.54602526605958701]
    [-0.10043624251308662, -0.37482933541303448, -0.00000000000000000, -20429.62743969826988177]
    [-0.00000000000000000, 0.00000000000000000, 0.38805214790840237, 1955.30602314323186874]
  #497 objects/buildingsets/citysets/hightech/addon/medium/ht_med_addon_panel_01_a.cgf
    [-0.09296439001307526, -0.49735740291505059, -0.27168216070815471, 7100.37493062653447851]
    [-0.16101921999158114, 0.28714730410934497, -0.47057113917876098, -20473.34697861148742959]
    [0.54336764117378056, -0.00000053858583157, -0.18592893001604213, 1941.73078563250601292]
  #498 objects/buildingsets/citysets/hightech/addon/large/ht_lrg_addon_antenna_002_a.cgf
    [0.11780369139647537, -0.43964377389134307, 0.00000000000000000, 7080.74161391767847817]
    [-0.43964377389134307, -0.11780369139647526, -0.00000000000000000, -20443.87456296754680807]
    [0.00000000000000000, 0.00000000000000000, -0.45515311448792523, 1931.38665566965937614]
  #499 objects/buildingsets/citysets/hightech/struts/ht_connect_45_001.cgf
    [0.96592724926592088, -0.25882259496925547, 0.00000000000000000, 7114.79237574854414561]
    [0.25882259496925547, 0.96592724926592088, 0.00000000000000000, -20437.37090174843615387]
    [0.00000000000000000, 0.00000000000000000, 1.00000229326789425, 1946.48374926485121250]
  #500 objects/buildingsets/citysets/hightech/addon/large/ht_lrg_addon_tank_001_b.cgf
    [-0.02588221597995669, -0.06830148483192312, 0.06830153319454312, 6978.79234103045746451]
    [0.09659292037705877, -0.01830151573825471, 0.01830146512488620, -20055.84485109017987270]
    [0.00000004342059807, 0.07071098261543829, 0.07071094900056939, 1963.89822055585682392]
  #501 objects/buildingsets/citysets/hightech/addon/medium/ht_med_addon_window_01_a.cgf
    [0.40081328652406073, -0.69423563926935417, 0.00000000000000000, 7132.74685956796020037]
    [0.69423563926935417, 0.40081328652406073, 0.00000000000000000, -20492.91203085079177981]
    [0.00000000000000000, 0.00000000000000000, 0.80163234308874265, 1958.80037322454154491]
  #502 objects/buildingsets/citysets/hightech/addon/medium/ht_med_addon_panel_01_a.cgf
    [0.25882223488561540, -0.18430797280321265, 0.94818011579513495, 7035.17782751345657744]
    [-0.96592699559961825, -0.04938573727361417, 0.25406691682532540, -20167.95945513504557312]
    [0.00000001569025430, -0.98162901862893293, -0.19080980028522676, 1954.20702991634607315]
  #503 objects/buildingsets/human/universal/prop/uee/forklift/forklift_machine_1_a.cgf
    [-0.61566514801598393, -0.78801135869869254, 0.00000000000000000, 7090.22278786415336072]
    [0.78801135869869254, -0.61566514801598393, 0.00000000000000000, -20399.34006874991609948]
    [0.00000000000000000, 0.00000000000000000, 1.00000273795610317, 1957.87599735148251057]
  #504 objects/buildingsets/citysets/hightech/addon/large/ht_lrg_addon_antenna_001_a.cgf
    [-0.16848257586177570, 0.62877937528555605, 0.00000000000000000, 7077.34913328289258061]
    [0.62877937528555605, 0.16848257586177562, 0.00000000000000000, -20387.38769392929680180]
    [0.00000000000000000, 0.00000000000000000, -0.65096073702913382, 1931.50048889964818954]
  #505 objects/buildingsets/citysets/hightech/addon/medium/ht_med_addon_vent_001_a.cgf
    [-1.07743558093422442, 0.62205358912394415, 0.00000000000000000, 7134.34468353663396556]
    [0.62205358912394415, 1.07743558093422398, 0.00000000000000000, -20496.98428119329764741]
    [0.00000000000000000, 0.00000000000000000, -1.24411337859740501, 1953.31388710625469685]
  #506 objects/buildingsets/citysets/hightech/addon/containers/containers_01x02x03_a.cgf
    [0.96592724926592088, -0.25882259496925547, 0.00000000000000000, 7067.35839326809218619]
    [0.25882259496925547, 0.96592724926592088, 0.00000000000000000, -20406.36524382774223341]
    [0.00000000000000000, 0.00000000000000000, 1.00000229326789425, 1957.87778835557401180]
  #507 objects/buildingsets/human/hightech/delta/int/garage/high_tech_garage_door_l.cga
    [-0.47348944330552756, -0.27336726712840548, -0.00000000000000000, 7123.83680144041136373]
    [0.27336726712840548, -0.47348944330552756, 0.00000000000000000, -20497.53935612907662289]
    [0.00000000000000000, -0.00000000000000000, 0.54673751989325825, 1954.67384286224842072]
  #508 objects/buildingsets/citysets/hightech/addon/medium/ht_med_addon_tank_003_a.cgf
    [0.23294064276367335, -0.86933526499289837, 0.00000000000000000, 7023.79942953698991914]
    [-0.86933526499289837, -0.23294064276367316, -0.00000000000000000, -20187.62360091335722245]
    [0.00000000000000000, 0.00000000000000000, -0.90000285889069598, 1937.35655676759779453]
  #509 objects/buildingsets/citysets/hightech/addon/greeble/orison_shipyard_greeble_d.cgf
    [-0.81422467270239995, -0.21817465318255103, 0.00000000000000000, 6984.52418435941945063]
    [-0.21817465318255103, 0.81422467270239951, -0.00000000000000000, -20079.39992094027547864]
    [0.00000000000000000, 0.00000000000000000, -0.84294839517532538, 1950.19169977866113186]
  #510 objects/buildingsets/citysets/hightech/addon/medium/ht_med_addon_panel_06_a.cgf
    [-0.25882218760130449, -0.68634390264038103, 0.67966887885216254, 7066.66537267472085659]
    [0.96592843294506836, -0.18390722230073667, 0.18211825383640487, -20244.29273114655370591]
    [0.00000026251295288, 0.70364539596341269, 0.71055599294209904, 1957.51691762357950211]
  #511 objects/buildingsets/citysets/hightech/addon/medium/ht_med_addon_panel_06_a.cgf
    [0.25882265270543497, 0.96592701345002507, 0.00000000000000000, 7048.77012961475702468]
    [-0.96592701345002507, 0.25882265270543497, -0.00000000000000000, -20280.56430933850788279]
    [-0.00000000000000000, 0.00000000000000000, 1.00000208043081762, 1957.85877231694757938]
  #512 objects/buildingsets/citysets/hightech/addon/containers/containers_01x02x02_a.cgf
    [-0.96592773670029752, 0.25882015148584997, 0.00000000000000000, 7077.26020926559795043]
    [-0.25882015148584997, -0.96592773670029752, -0.00000000000000000, -20400.99674108131875983]
    [-0.00000000000000000, 0.00000000000000000, 1.00000213166878638, 1957.87778835557401180]
  #513 objects/buildingsets/citysets/hightech/addon/large/ht_lrg_addon_tank_001_b.cgf
    [-0.02944594564300933, -0.10989268897036386, 0.00000000000000000, 7042.12306593635730678]
    [0.10989268897036386, -0.02944594564300933, 0.00000000000000000, -20171.97271094977622852]
    [0.00000000000000000, 0.00000000000000000, 0.11376935793063170, 1965.60661401785910130]
  #514 objects/buildingsets/citysets/hightech/addon/medium/ht_med_addon_panel_06_a.cgf
    [0.25882203672463427, 0.68420425224167825, -0.68182073263064702, 7020.42654915435923613]
    [-0.96592700046668700, 0.18333378256351399, -0.18269529513716951, -20246.00893868869025027]
    [-0.00000012385376047, 0.70587327638198216, 0.70834083223729560, 1957.58660876564681530]
  #515 objects/buildingsets/citysets/hightech/addon/greeble/orison_shipyard_greeble_c.cgf
    [-0.84745190268118764, -0.22707795346638374, 0.00000000000000000, 7088.88989465610939078]
    [-0.22707795346638374, 0.84745190268118686, -0.00000000000000000, -20425.46193078540818533]
    [0.00000000000000000, 0.00000000000000000, -0.87734777842566303, 1940.73373861238360405]
  #516 objects/buildingsets/human/hightech/delta/int/garage/high_tech_garage_door_l.cga
    [-0.47345828247998162, -0.27334927654837998, -0.00000000000000000, 7133.08869777076688479]
    [0.27334927654837998, -0.47345828247998162, 0.00000000000000000, -20502.88089177979418309]
    [0.00000000000000000, -0.00000000000000000, 0.54670153853671999, 1954.67384286224842072]
  #517 objects/buildingsets/citysets/hightech/addon/medium/ht_med_addon_panel_06_a.cgf
    [0.25882265270543497, 0.96592701345002507, 0.00000000000000000, 7054.20347498015689780]
    [-0.96592701345002507, 0.25882265270543497, -0.00000000000000000, -20279.10843101236969233]
    [-0.00000000000000000, 0.00000000000000000, 1.00000208043081762, 1957.85877231694757938]
  #518 objects/buildingsets/human/shop/alpha/shippart/dumpersdepot/prop/prop_crate_dumper_pallet_05.cgf
    [-0.96592722813299714, 0.25882206158666005, 0.00000000000000000, 7078.70639979729094193]
    [-0.25882206158666005, -0.96592722813299714, -0.00000000000000000, -20410.41334457621996989]
    [-0.00000000000000000, 0.00000000000000000, 1.00000213480405309, 1957.87664235383272171]
  #519 objects/buildingsets/citysets/hightech/addon/greeble/orison_shipyard_greeble_c.cgf
    [0.96592735382351258, 0.25882262298572067, 0.00000000000000000, 7003.72488695736683439]
    [0.25882262298572067, -0.96592735382351247, 0.00000000000000000, -20112.89019724497484276]
    [0.00000000000000000, 0.00000000000000000, -1.00000240151396702, 1950.19732079096138477]
  #520 objects/buildingsets/citysets/hightech/addon/large/ht_lrg_addon_tank_008_b_linemarking_a.cgf
    [-0.27071252584884647, 0.46889252056119746, 0.00000000000000000, 7208.24500632713898085]
    [-0.46889252056119746, -0.27071252584884647, -0.00000000000000000, -20507.15211456464749062]
    [-0.00000000000000000, 0.00000000000000000, 0.54142909737997569, 1957.95035050250589848]
  #521 objects/buildingsets/citysets/hightech/addon/medium/ht_med_addon_vent_001_a.cgf
    [0.32200367121613110, -1.20171878777444463, 0.00000000000000000, 7079.20982964638824342]
    [-1.20171878777444463, -0.32200367121613138, -0.00000000000000000, -20352.95301781568559818]
    [0.00000000000000000, 0.00000000000000000, -1.24411189575807346, 1954.57907967083156109]
  #522 objects/buildingsets/citysets/hightech/addon/medium/ht_med_addon_panel_03_a.cgf
    [0.20222306132443457, -0.35026397820060051, 0.00000000000000000, 7113.97124471891947906]
    [0.35026397820060051, 0.20222306132443457, 0.00000000000000000, -20480.00903384553384967]
    [0.00000000000000000, 0.00000000000000000, 0.40444903381802849, 1957.82236124388873577]
  #523 objects/buildingsets/citysets/hightech/addon/medium/ht_med_addon_panel_02_a.cgf
    [-0.29743133130241473, -0.51517004586261683, 0.00000000000000000, 7143.32145618513823138]
    [-0.51517004586261683, 0.29743133130241428, -0.00000000000000000, -20493.32951496718305862]
    [0.00000000000000000, 0.00000000000000000, -0.59486601264017247, 1941.95249108225107193]
  #524 objects/buildingsets/citysets/hightech/addon/medium/ht_med_addon_panel_06_a.cgf
    [0.25882203672463427, 0.68420425224167825, -0.68182073263064702, 6977.48741863321993151]
    [-0.96592700046668700, 0.18333378256351399, -0.18269529513716951, -20085.75946651418053079]
    [-0.00000012385376047, 0.70587327638198216, 0.70834083223729560, 1957.58660876564681530]
  #525 objects/buildingsets/citysets/hightech/addon/medium/ht_med_addon_tank_003_a.cgf
    [0.23294064276367335, -0.86933526499289837, 0.00000000000000000, 7031.59646461490410729]
    [-0.86933526499289837, -0.23294064276367316, -0.00000000000000000, -20216.72217573498346610]
    [0.00000000000000000, 0.00000000000000000, -0.90000285889069598, 1937.35655676759779453]
  #526 objects/buildingsets/human/hightech/delta/int/light/light_fixture/light_decal_capsule_a.cgf
    [-1.93185697475410811, 0.51764511053649154, 0.00000000000000000, 12146.63667610888296622]
    [-0.51764511053649154, -1.93185697475410811, -0.00000000000000000, -20092.10033925633615581]
    [-0.00000000000000000, 0.00000000000000000, 2.00000695783000415, -48.51622629724442959]
  #527 objects/buildingsets/human/hightech/delta/int/light/light_fixture/light_decal_capsule_a.cgf
    [-1.93185697475410811, 0.51764511053649154, 0.00000000000000000, 12331.04283663459864329]
    [-0.51764511053649154, -1.93185697475410811, -0.00000000000000000, -18307.55643217683245894]
    [-0.00000000000000000, 0.00000000000000000, 2.00000695783000415, -48.51622629724442959]
  #528 objects/buildingsets/human/hightech/delta/int/light/light_fixture/light_decal_capsule_a.cgf
    [-1.93185697475410811, 0.51764511053649154, 0.00000000000000000, 11898.16603553050663322]
    [-0.51764511053649154, -1.93185697475410811, -0.00000000000000000, -19164.80860845313873142]
    [-0.00000000000000000, 0.00000000000000000, 2.00000695783000415, -48.51622629724442959]
  #529 objects/buildingsets/human/hightech/delta/int/light/light_fixture/light_decal_capsule_a.cgf
    [-1.93185697475410811, 0.51764511053649154, 0.00000000000000000, 13258.33456743780334364]
    [-0.51764511053649154, -1.93185697475410811, -0.00000000000000000, -18059.08579159845248796]
    [-0.00000000000000000, 0.00000000000000000, 2.00000695783000415, -48.51622629724442959]
  #530 objects/buildingsets/citysets/hightech/struts/ht_connect_ring_addon_001.cgf
    [-0.96592918563650698, 0.25882258610349645, 0.00000000000000000, 12230.49335506102579529]
    [-0.25882258610349645, -0.96592918563650698, -0.00000000000000000, -20405.05334704020060599]
    [-0.00000000000000000, 0.00000000000000000, 1.00000416136219461, -63.51627100072801113]
  #531 objects/buildingsets/citysets/hightech/addon/medium/ht_med_addon_panel_01_a.cgf
    [-0.90031153553128818, -0.00000022905988138, 0.24124088868456428, 11726.30221402276583831]
    [-0.24124088868458096, 0.00000004038917008, -0.90031153553131149, -18458.07705956283462001]
    [0.00000021080104883, -0.93207190032959475, -0.00000009829868894, -46.13668956048786640]
  #532 objects/buildingsets/citysets/hightech/addon/medium/ht_med_addon_antenna_002_a.cgf
    [-1.06252514531884978, -0.00000027033031428, 0.28470646014232592, 11707.16816421897237888]
    [-0.28470646014234552, 0.00000004766621287, -1.06252514531887776, -18462.79326091943948995]
    [0.00000024878173093, -1.10000793309939993, -0.00000011600946984, -61.49641381390392780]
  #533 objects/buildingsets/citysets/hightech/addon/medium/ht_med_addon_tank_002_a.cgf
    [0.09165070425638333, -0.34203947240316968, 0.00000000000000000, 11820.86416760601059650]
    [-0.34203947240316968, -0.09165070425638337, -0.00000000000000000, -18421.30903487176692579]
    [0.00000000000000000, 0.00000000000000000, -0.35410570776609873, -55.52230060100555420]
  #534 objects/buildingsets/citysets/hightech/addon/greeble/orison_shipyard_greeble_c.cgf
    [0.15497663685468491, -0.57837119239487034, 0.00000000000000000, 11835.36337944913975662]
    [-0.57837119239487034, -0.15497663685468496, -0.00000000000000000, -18418.09618221403070493]
    [0.00000000000000000, 0.00000000000000000, -0.59877457708477655, -54.91866715438663960]
  #535 objects/buildingsets/citysets/hightech/addon/large/ht_lrg_addon_antenna_001_a.cgf
    [-0.03967984172807967, -0.14808505756808224, 0.00000000000000000, 11742.60773477265684051]
    [0.14808505756808224, -0.03967984172807967, 0.00000000000000000, -18593.83415590843651444]
    [0.00000000000000000, 0.00000000000000000, 0.15330908033938395, -41.26622281968593597]
  #536 objects/buildingsets/citysets/hightech/addon/medium/ht_med_addon_panel_06_a.cgf
    [-0.71438511580924358, -0.19170338589154520, -0.00803685686926971, 11723.03053142355565797]
    [-0.19141948490879643, 0.71420179207134693, -0.02086273998624803, -18448.33662867128441576]
    [0.01316662553089748, -0.01806889482508653, -0.73936528721081796, -66.88276564516127110]
  #537 objects/buildingsets/citysets/hightech/addon/medium/ht_med_addon_tank_002_a.cgf
    [0.09165070425638333, -0.34203947240316968, 0.00000000000000000, 11707.34804022254684241]
    [-0.34203947240316968, -0.09165070425638337, -0.00000000000000000, -18489.65605264972691657]
    [0.00000000000000000, 0.00000000000000000, -0.35410570776609873, -59.99346372298896313]
  #538 objects/buildingsets/citysets/hightech/struts/ht_connect_90_001.cgf
    [0.25882406629257165, 0.96592871596825047, 0.00000000000000000, 11712.84834943247187766]
    [-0.96592871596825047, 0.25882406629257165, -0.00000000000000000, -18473.20352589574758895]
    [-0.00000000000000000, 0.00000000000000000, 1.00000409080377994, -53.51623046956956387]
  #539 objects/buildingsets/citysets/hightech/addon/medium/ht_med_addon_panel_02_a.cgf
    [0.00000070724798046, -0.90030987510526139, 0.24124100438649906, 11746.18197134318324970]
    [0.00000109282645248, -0.24124100438560175, -0.90030987510511640, -18452.75020827297703363]
    [0.93207032642835708, 0.00000096599673485, 0.00000087253634259, -50.65668587945401669]
  #540 objects/buildingsets/citysets/hightech/addon/medium/ht_med_addon_panel_06_a.cgf
    [-0.19145167408773786, 0.71449851977284251, 0.00000000000000000, 11707.34532909537665546]
    [0.71449851977284251, 0.19145167408773778, 0.00000000000000000, -18502.59113155507657211]
    [0.00000000000000000, 0.00000000000000000, -0.73970391256811696, -65.93362679891288280]
  #541 objects/buildingsets/human/shop/alpha/shippart/dumpersdepot/prop/prop_crate_dumper_pallet_05.cgf
    [0.25882406629257165, 0.96592871596825047, 0.00000000000000000, 11728.28225420985836536]
    [-0.96592871596825047, 0.25882406629257165, -0.00000000000000000, -18440.07265491523867240]
    [-0.00000000000000000, 0.00000000000000000, 1.00000409080377994, -42.12331429310142994]
  #542 objects/buildingsets/citysets/hightech/addon/large/ht_lrg_addon_tank_008_c.cgf
    [-0.07087525900214055, -0.52901463281129291, -0.12275979247865178, 11784.35617995057691587]
    [0.26450789214242049, -0.14175072835064528, 0.45813977858610405, -18442.92028026491607307]
    [-0.47430161645543900, -0.00000028937126634, 0.27383887113440097, -47.41426973789930344]
  #543 objects/buildingsets/human/universal/prop/uee/forklift/forklift_machine_1_a.cgf
    [0.51503684950263540, -0.85717392538924742, 0.00000000000000000, 11750.96218743014105712]
    [0.85717392538924742, 0.51503684950263540, 0.00000000000000000, -18448.71894314247765578]
    [0.00000000000000000, 0.00000000000000000, 1.00000504734366791, -42.12326129339635372]
  #544 objects/buildingsets/citysets/hightech/addon/medium/ht_med_addon_tank_002_a.cgf
    [-0.09165052981900165, 0.34203951914424452, 0.00000000000000000, 11827.25731478958186926]
    [0.34203951914424452, 0.09165052981900161, 0.00000000000000000, -18419.59597227918129647]
    [0.00000000000000000, 0.00000000000000000, -0.35410570776609873, -55.52230060100555420]
  #545 objects/buildingsets/citysets/hightech/addon/medium/ht_med_addon_panel_01_a.cgf
    [0.24124130634880211, -0.00000107018381950, 0.90030904417448443, 11726.78335315620643087]
    [-0.90030904417500324, 0.00000018870103418, 0.24124130634916569, -18537.23203379338519881]
    [-0.00000045925946908, -0.93206960196715716, -0.00000098487675793, -46.13668956048786640]
  #546 objects/buildingsets/citysets/hightech/addon/large/ht_lrg_addon_antenna_001_a.cgf
    [-0.45762050529110004, -0.12262077180863304, 0.00000000000000000, 11718.34230378581560217]
    [-0.12262077180863304, 0.45762050529110010, -0.00000000000000000, -18543.97456055122893304]
    [0.00000000000000000, 0.00000000000000000, -0.47376405577230801, -68.61004164628684521]
  #547 objects/buildingsets/citysets/hightech/addon/medium/ht_med_addon_panel_01_a.cgf
    [-0.83520971673073019, 0.35390948156596258, -0.29876060588810949, 11717.36303100314762560]
    [0.46315204929910597, 0.63821308291706424, -0.53875721036277535, -18585.92927619291731389]
    [0.00000171965916648, -0.61604969876265081, -0.72977247162785952, -46.18265874497592449]
  #548 objects/buildingsets/citysets/hightech/addon/medium/ht_med_addon_vent_001_a.cgf
    [-1.22749584262710387, -0.32890964888216134, 0.00000000000000000, 11798.58914109517354518]
    [-0.32890964888216134, 1.22749584262710365, -0.00000000000000000, -18437.73448791421833448]
    [0.00000000000000000, 0.00000000000000000, -1.27079801730826225, -45.14783255197107792]
  #549 objects/buildingsets/citysets/hightech/addon/medium/ht_med_addon_panel_02_a.cgf
    [-0.23261575854766131, -0.19145157164647522, -0.67557189381133231, 11686.69995577198278625]
    [-0.06232943903314897, 0.71449805796252797, -0.18102139463618222, -18498.14734137302730232]
    [0.69940412425403131, -0.00000055678912169, -0.24082161467480631, -52.11564479209482670]
  #550 objects/buildingsets/citysets/hightech/addon/medium/ht_med_addon_panel_01_a.cgf
    [0.37330912061274130, 0.15265076759392049, -0.62008009036740253, 11678.77557326940586790]
    [0.63859343507184307, -0.08923713318613494, 0.36248645987620220, -18445.91151605482446030]
    [-0.00000045054224977, -0.71825883361322096, -0.17682059491498769, -46.18265874497592449]
  #551 objects/buildingsets/citysets/hightech/addon/large/ht_lrg_addon_tank_008_b_linemarking_a.cgf
    [0.52298138193214394, -0.14013526969759135, 0.00000000000000000, 11683.63931920496179373]
    [0.14013526969759135, 0.52298138193214394, 0.00000000000000000, -18465.59296294131490868]
    [0.00000000000000000, 0.00000000000000000, 0.54143090017182405, -42.04960599355399609]
  #552 objects/buildingsets/citysets/hightech/addon/medium/ht_med_addon_vent_001_a.cgf
    [-0.19145319742685316, 0.61244276881369430, -0.36799305785780984, 11694.80687420722097158]
    [0.71449635107750598, 0.16410781445772765, -0.09860503049808539, -18502.34969795678625815]
    [0.00000080919516723, -0.38097485831799316, -0.63404851536583662, -58.37172015011310577]
  #553 objects/buildingsets/citysets/hightech/addon/medium/ht_med_addon_vent_001_a.cgf
    [1.22749507023882587, 0.32891253143349536, 0.00000000000000000, 11873.24785148721275618]
    [0.32891253143349536, -1.22749507023882654, 0.00000000000000000, -18399.46106348821194842]
    [0.00000000000000000, 0.00000000000000000, -1.27079801730826292, -45.14783255197107792]
  #554 objects/buildingsets/human/universal/prop/uee/forklift/forklift_machine_1_a.cgf
    [0.51503684950263540, -0.85717392538924742, 0.00000000000000000, 11742.25652658550461638]
    [0.85717392538924742, 0.51503684950263540, 0.00000000000000000, -18451.09463489081099397]
    [0.00000000000000000, 0.00000000000000000, 1.00000504734366791, -42.12326129339635372]
  #555 objects/buildingsets/citysets/hightech/addon/medium/ht_med_addon_vent_001_a.cgf
    [-1.22749584262710387, -0.32890964888216134, 0.00000000000000000, 11877.81500584817695199]
    [-0.32890964888216134, 1.22749584262710365, -0.00000000000000000, -18416.50563206601509592]
    [0.00000000000000000, 0.00000000000000000, -1.27079801730826225, -45.14783255197107792]
  #556 objects/buildingsets/citysets/hightech/addon/large/ht_lrg_addon_arm_003_a.cgf
    [-0.06077130438140523, 0.22679833678468081, 0.00000000000000000, 11691.38174385579986847]
    [0.22679833678468081, 0.06077130438140520, 0.00000000000000000, -18504.28727079421514645]
    [0.00000000000000000, 0.00000000000000000, -0.23479914183087403, -38.71224746666848660]
  #557 objects/buildingsets/citysets/hightech/addon/containers/containers_01x02x02_a.cgf
    [0.25882406629257165, 0.96592871596825047, 0.00000000000000000, 11727.85292641941850889]
    [-0.96592871596825047, 0.25882406629257165, -0.00000000000000000, -18430.02006199317838764]
    [-0.00000000000000000, 0.00000000000000000, 1.00000409080377994, -42.12216828763484955]
  #558 objects/buildingsets/citysets/hightech/addon/medium/ht_med_addon_vent_001_a.cgf
    [1.22749507023882587, 0.32891253143349536, 0.00000000000000000, 11794.02199342632229673]
    [0.32891253143349536, -1.22749507023882654, 0.00000000000000000, -18420.68991340210777707]
    [0.00000000000000000, 0.00000000000000000, -1.27079801730826292, -45.14783255197107792]
  #559 objects/buildingsets/citysets/hightech/addon/medium/ht_med_addon_tank_002_a.cgf
    [0.09165070425638333, -0.34203947240316968, 0.00000000000000000, 11861.83306120967245079]
    [-0.34203947240316968, -0.09165070425638337, -0.00000000000000000, -18410.33127278776373714]
    [0.00000000000000000, 0.00000000000000000, -0.35410570776609873, -55.52230060100555420]
  #560 objects/buildingsets/citysets/hightech/addon/medium/ht_med_addon_vent_003_a.cgf
    [0.19145292864556002, -0.61244285646918639, -0.36799311052656120, 11700.42152862934744917]
    [-0.71449645333933987, -0.16410758406690237, -0.09860489206596901, -18523.30349492855020799]
    [-0.00000080919460184, 0.38097487336266739, -0.63404854040345937, -58.37171114981174469]
  #561 objects/buildingsets/citysets/hightech/addon/large/ht_lrg_addon_antenna_001_a.cgf
    [-0.00000008587271123, 0.26583252066595714, 0.07123070184718833, 11693.84890649419321562]
    [0.00000037463973326, 0.07123070184723865, -0.26583252066569352, -18518.11656843414675677]
    [-0.27521035941461069, 0.00000001401870148, -0.00000038409963331, -39.90586030483245850]
  #562 objects/buildingsets/citysets/hightech/addon/greeble/orison_shipyard_greeble_c.cgf
    [0.22707956621756581, -0.84745266288017385, 0.00000000000000000, 11719.07395444345456781]
    [-0.84745266288017385, -0.22707956621756631, -0.00000000000000000, -18447.55069460811500903]
    [0.00000000000000000, 0.00000000000000000, -0.87734893013911852, -59.90576536767184734]
  #563 objects/buildingsets/human/shop/alpha/shippart/dumpersdepot/prop/prop_crate_dumper_cluster_01.cgf
    [-0.96592952370280449, 0.25882283295389469, 0.00000000000000000, 11713.48287896050169365]
    [-0.25882283295389469, -0.96592952370280449, -0.00000000000000000, -18434.97268817247095285]
    [-0.00000000000000000, 0.00000000000000000, 1.00000455179914338, -42.12331429310142994]
  #564 objects/buildingsets/citysets/hightech/addon/medium/ht_med_addon_tank_002_a.cgf
    [0.34203970119103055, 0.09165111307902662, 0.00000000000000000, 11711.80783109470576164]
    [0.09165111307902662, -0.34203970119103072, 0.00000000000000000, -18439.01301960024284199]
    [0.00000000000000000, 0.00000000000000000, -0.35410603457082473, -59.99346372298896313]
  #565 objects/buildingsets/citysets/hightech/addon/medium/ht_med_addon_panel_06_a.cgf
    [-0.96592952370280449, 0.25882283295389469, 0.00000000000000000, 11892.68358049584639957]
    [-0.25882283295389469, -0.96592952370280449, -0.00000000000000000, -18401.01045226417772938]
    [-0.00000000000000000, 0.00000000000000000, 1.00000455179914338, -42.14118436537683010]
  #566 objects/buildingsets/citysets/hightech/addon/large/ht_lrg_addon_base_antenna_001_a.cgf
    [0.02372769611230203, 0.08855151442035179, 0.00000000000000000, 11691.17716250373268849]
    [-0.08855151442035179, 0.02372769611230203, -0.00000000000000000, -18503.96954509828356095]
    [-0.00000000000000000, 0.00000000000000000, 0.09167537438666681, -43.51921695098280907]
  #567 objects/buildingsets/citysets/hightech/addon/medium/ht_med_addon_panel_06_a.cgf
    [-0.96592952370280449, 0.25882283295389469, 0.00000000000000000, 11894.13946660327928839]
    [-0.25882283295389469, -0.96592952370280449, -0.00000000000000000, -18406.44380016913783038]
    [-0.00000000000000000, 0.00000000000000000, 1.00000455179914338, -42.14118436537683010]
  #568 objects/buildingsets/citysets/hightech/addon/medium/ht_med_addon_tank_002_a.cgf
    [0.09165070425638333, -0.34203947240316968, 0.00000000000000000, 11701.43041376977998880]
    [-0.34203947240316968, -0.09165070425638337, -0.00000000000000000, -18491.24170086161757354]
    [0.00000000000000000, 0.00000000000000000, -0.35410570776609873, -59.99346372298896313]
  #569 objects/buildingsets/citysets/hightech/addon/large/ht_lrg_addon_tank_008_b.cgf
    [0.52298138193214394, -0.14013526969759135, 0.00000000000000000, 11683.91946585949699511]
    [0.14013526969759135, 0.52298138193214394, 0.00000000000000000, -18466.63847506153251743]
    [0.00000000000000000, 0.00000000000000000, 0.54143090017182405, -41.95585561357438564]
  #570 objects/buildingsets/citysets/hightech/addon/medium/ht_med_addon_panel_06_a.cgf
    [-0.96592938913578708, -0.00000024575351353, -0.25882336840674358, 11706.01087611314142123]
    [-0.25882336840676140, 0.00000004333268865, 0.96592938913581250, -18432.51096904277073918]
    [-0.00000022616399731, 1.00000456040442409, -0.00000010546258889, -50.71417111344635487]
  #571 objects/buildingsets/citysets/hightech/addon/large/ht_lrg_addon_tank_002_a.cgf
    [0.25817011101534176, -0.06917787015922125, 0.00000000000000000, 11849.90502225161253591]
    [0.06917787015922125, 0.25817011101534176, 0.00000000000000000, -18417.52011504626716487]
    [0.00000000000000000, 0.00000000000000000, 0.26727772810587858, -43.14118841849267483]
  #572 objects/buildingsets/citysets/hightech/addon/large/ht_lrg_addon_tank_002_b.cgf
    [-0.25817008499400151, 0.06917721339124785, 0.00000000000000000, 11830.94867979569971794]
    [-0.06917721339124785, -0.25817008499400151, -0.00000000000000000, -18422.59953607949137222]
    [-0.00000000000000000, 0.00000000000000000, 0.26727753298470153, -43.14118841849267483]
  #573 objects/buildingsets/human/shop/alpha/shippart/dumpersdepot/prop/prop_crate_dumper_cluster_02.cgf
    [-0.86603159884737646, -0.49999767074734502, -0.00000000000000000, 11759.16623688335675979]
    [0.49999767074734502, -0.86603159884737646, 0.00000000000000000, -18432.32648828563105781]
    [0.00000000000000000, -0.00000000000000000, 1.00000420046863514, -42.12904431670904160]
  #574 objects/buildingsets/citysets/hightech/addon/containers/containers_01x04x02_a.cgf
    [0.25882406629257165, 0.96592871596825047, 0.00000000000000000, 11740.38150551911530783]
    [-0.96592871596825047, 0.25882406629257165, -0.00000000000000000, -18427.95613376385153970]
    [-0.00000000000000000, 0.00000000000000000, 1.00000409080377994, -42.12216828763484955]
  #575 objects/buildingsets/citysets/hightech/addon/containers/containers_01x02x03_a.cgf
    [-0.25882180464171850, -0.96593012919594223, 0.00000000000000000, 11745.07668395706423325]
    [0.96593012919594223, -0.25882180464171850, 0.00000000000000000, -18434.53386231382319238]
    [0.00000000000000000, 0.00000000000000000, 1.00000487051138154, -42.12216828763484955]
  #576 objects/buildingsets/citysets/hightech/addon/large/ht_lrg_addon_antenna_002_a.cgf
    [0.33509145912418720, 0.08978929961950355, 0.00000000000000000, 11894.98359804284336860]
    [0.08978929961950355, -0.33509145912418736, 0.00000000000000000, -18401.14151061628217576]
    [0.00000000000000000, 0.00000000000000000, -0.34691267532930808, -59.29504489153623581]
  #577 objects/buildingsets/citysets/hightech/addon/medium/ht_med_addon_tank_002_a.cgf
    [-0.09165052981900165, 0.34203951914424452, 0.00000000000000000, 11868.22620761676080292]
    [0.34203951914424452, 0.09165052981900161, 0.00000000000000000, -18408.61820729738974478]
    [0.00000000000000000, 0.00000000000000000, -0.35410570776609873, -55.52230060100555420]
  #578 objects/buildingsets/human/universal/prop/uee/forklift/forklift_machine_1_a.cgf
    [0.51503684950263540, -0.85717392538924742, 0.00000000000000000, 11755.34267981866651098]
    [0.85717392538924742, 0.51503684950263540, 0.00000000000000000, -18447.60870764435821911]
    [0.00000000000000000, 0.00000000000000000, 1.00000504734366791, -42.12326129339635372]
  #579 objects/buildingsets/citysets/hightech/struts/ht_connect_ring_addon_001.cgf
    [0.25882406629257165, 0.96592871596825047, 0.00000000000000000, 13644.69817057692125672]
    [-0.96592871596825047, 0.25882406629257165, -0.00000000000000000, -17955.55852026719367132]
    [-0.00000000000000000, 0.00000000000000000, 1.00000409080377994, -63.51627100072801113]
  #580 objects/buildingsets/human/hightech/delta/int/light/light_fixture/light_decal_capsule_a.cgf
    [-0.51764044733955705, -1.93185527788326850, 0.00000000000000000, 825.65993203700054437]
    [1.93185527788326850, -0.51764044733955705, 0.00000000000000000, -24291.30767588051094208]
    [0.00000000000000000, 0.00000000000000000, 2.00000411184760774, 1951.48375939764082432]
  #581 objects/buildingsets/citysets/hightech/background/plates/habitation_plate_thruster_a.cgf
    [-0.51226110613294706, 0.19411507164136896, -0.51226036352055493, 1317.42307289095333545]
    [-0.13725960252894132, -0.72444607866295541, -0.13726056444791251, -26102.33367793707293458]
    [-0.53033116312936213, -0.00000079291051658, 0.53033163147442419, 1938.15985239669680595]
  #582 objects/buildingsets/citysets/hightech/background/plates/habitation_plate_thruster_a.cgf
    [0.51226126188631727, -0.19411586472731443, 0.51226031712332409, 1307.75454192102188244]
    [0.13726073655301821, 0.72444615598997308, 0.13726055201607695, -26104.92438575391861377]
    [-0.53033111509607322, -0.00000004686351722, 0.53033207542862892, 1938.15985239669680595]
  #583 objects/buildingsets/human/hightech/delta/int/light/light_fixture/light_decal_capsule_a.cgf
    [-0.51764044733955705, -1.93185527788326850, 0.00000000000000000, 1074.12920191163721029]
    [1.93185527788326850, -0.51764044733955705, 0.00000000000000000, -25218.59794492404034827]
    [0.00000000000000000, 0.00000000000000000, 2.00000411184760774, 1951.48375939764082432]
  #584 objects/buildingsets/human/hightech/delta/int/light/light_fixture/light_decal_capsule_a.cgf
    [-0.51764443658030213, -1.93185641772259897, 0.00000000000000000, 1300.14207620843080804]
    [1.93185641772259897, -0.51764443658030213, 0.00000000000000000, -26057.27074262480891775]
    [0.00000000000000000, 0.00000000000000000, 2.00000624534488169, 1951.48375939764082432]
  #585 objects/buildingsets/human/hightech/delta/int/light/light_fixture/light_decal_capsule_a.cgf
    [1.73205687837041866, 1.00000095717488091, 0.00000000000000000, 4794.76364821355309687]
    [-1.00000095717488091, 1.73205687837041866, -0.00000000000000000, -6314.99143680942688661]
    [-0.00000000000000000, 0.00000000000000000, 2.00000573605701382, -48.51622629724442959]
  #586 objects/buildingsets/human/hightech/delta/int/light/light_fixture/light_decal_capsule_a.cgf
    [1.73205687837041866, 1.00000095717488091, 0.00000000000000000, 3963.37550788474982255]
    [-1.00000095717488091, 1.73205687837041866, -0.00000000000000000, -5834.99209787009931460]
    [-0.00000000000000000, 0.00000000000000000, 2.00000573605701382, -48.51622629724442959]
  #587 objects/buildingsets/citysets/hightech/background/plates/habitation_plate_thruster_a.cgf
    [-0.26516570240190407, 0.64952168203007188, -0.26516463106863403, 3902.66670724880168564]
    [-0.45928129693688197, -0.37500017506626088, -0.45928107484576708, -4300.42770785780339793]
    [-0.53033139382928696, -0.00000057753469569, 0.53033212183120315, -61.84014600515365601]
  #588 objects/buildingsets/human/hightech/delta/int/light/light_fixture/light_decal_capsule_a.cgf
    [0.51764579907490216, 1.93185586925588537, 0.00000000000000000, 1583.98741596022227895]
    [-1.93185586925588537, 0.51764579907490216, -0.00000000000000000, -2055.81742295726508019]
    [-0.00000000000000000, 0.00000000000000000, 2.00000606821037064, -48.51622629724442959]
  #589 objects/buildingsets/human/hightech/delta/int/light/light_fixture/light_decal_capsule_a.cgf
    [1.73206076510926477, 0.99999593922505459, 0.00000000000000000, 3942.24578035427839495]
    [-0.99999593922505459, 1.73206076510926477, -0.00000000000000000, -4327.87506503491931653]
    [-0.00000000000000000, 0.00000000000000000, 2.00000659311350537, -48.51622629724442959]
  #590 objects/buildingsets/human/hightech/delta/int/light/light_fixture/light_decal_capsule_a.cgf
    [1.73206076510926477, 0.99999593922505459, 0.00000000000000000, 3110.85722970038841595]
    [-0.99999593922505459, 1.73206076510926477, -0.00000000000000000, -3847.87653821076128224]
    [-0.00000000000000000, 0.00000000000000000, 2.00000659311350537, -48.51622629724442959]
  #591 objects/buildingsets/human/hightech/delta/int/light/light_fixture/light_decal_capsule_a.cgf
    [0.51764579907490216, 1.93185586925588537, 0.00000000000000000, 2080.92627501879542251]
    [-1.93185586925588537, 0.51764579907490216, -0.00000000000000000, -3910.39957001008042425]
    [-0.00000000000000000, 0.00000000000000000, 2.00000606821037064, -48.51622629724442959]
  #592 objects/buildingsets/human/hightech/delta/int/light/light_fixture/light_decal_capsule_a.cgf
    [0.51764579907490216, 1.93185586925588537, 0.00000000000000000, 2225.23041228071815567]
    [-1.93185586925588537, 0.51764579907490216, -0.00000000000000000, -3317.30597080875486427]
    [-0.00000000000000000, 0.00000000000000000, 2.00000606821037064, -48.51622629724442959]
  #593 objects/buildingsets/human/hightech/delta/int/light/light_fixture/light_decal_capsule_a.cgf
    [-1.73205715706004826, -1.00000000787698995, -0.00000000000000000, 3176.10917060689098435]
    [1.00000000787698995, -1.73205715706004826, 0.00000000000000000, -5378.74404412530748232]
    [0.00000000000000000, -0.00000000000000000, 2.00000550276165923, -48.51622629724442959]
  #594 objects/buildingsets/human/hightech/delta/int/light/light_fixture/light_decal_capsule_a.cgf
    [0.51764579907490216, 1.93185586925588537, 0.00000000000000000, 1832.45684548951976467]
    [-1.93185586925588537, 0.51764579907490216, -0.00000000000000000, -2983.10849648366638576]
    [-0.00000000000000000, 0.00000000000000000, 2.00000606821037064, -48.51622629724442959]
  #595 objects/buildingsets/citysets/hightech/background/plates/habitation_plate_thruster_a.cgf
    [-0.51226159466219778, 0.19411525676354466, -0.51226085204909722, 2072.34789994510720135]
    [-0.13725973342962841, -0.72444676954714637, -0.13726069534951704, -3863.00471120413021708]
    [-0.53033166889152616, -0.00000079291127285, 0.53033213723703532, -61.84014600515365601]
  #596 objects/buildingsets/human/hightech/delta/int/light/light_fixture/light_decal_capsule_a.cgf
    [1.73205687837041866, 1.00000095717488091, 0.00000000000000000, 5187.55230282513002749]
    [-1.00000095717488091, 1.73205687837041866, -0.00000000000000000, -5048.86431826965599612]
    [-0.00000000000000000, 0.00000000000000000, 2.00000573605701382, -48.51622629724442959]
  #597 objects/buildingsets/human/hightech/delta/int/light/light_fixture/light_decal_capsule_a.cgf
    [0.51764579907490216, 1.93185586925588537, 0.00000000000000000, 1335.51798643094662111]
    [-1.93185586925588537, 0.51764579907490216, -0.00000000000000000, -1128.52634943086195563]
    [-0.00000000000000000, 0.00000000000000000, 2.00000606821037064, -48.51622629724442959]
  #598 objects/buildingsets/human/hightech/delta/int/light/light_fixture/light_decal_capsule_a.cgf
    [1.73205687837041866, 1.00000095717488091, 0.00000000000000000, 4356.16416249633402913]
    [-1.00000095717488091, 1.73205687837041866, -0.00000000000000000, -4568.86497933032842411]
    [-0.00000000000000000, 0.00000000000000000, 2.00000573605701382, -48.51622629724442959]
  #599 objects/buildingsets/human/hightech/delta/int/light/light_fixture/light_decal_capsule_a.cgf
    [-1.73205715706004826, -1.00000000787698995, -0.00000000000000000, 2344.72058798776197364]
    [1.00000000787698995, -1.73205715706004826, 0.00000000000000000, -4898.74501488173882535]
    [0.00000000000000000, -0.00000000000000000, 2.00000550276165923, -48.51622629724442959]
  #600 objects/buildingsets/citysets/hightech/struts/ht_strut_45_2000m_001.cgf
    [0.96592817044406332, -0.25882284180121662, 0.00000000000000000, 2086.17208255543664563]
    [0.25882284180121662, 0.96592817044406332, 0.00000000000000000, -3933.84066917065683811]
    [0.00000000000000000, 0.00000000000000000, 1.00000324694246512, -63.51627100072801113]
  #601 objects/buildingsets/citysets/hightech/background/plates/habitation_plate_thruster_a.cgf
    [-0.51226159466219778, 0.19411525676354466, -0.51226085204909722, 2109.66484474997923826]
    [-0.13725973342962841, -0.72444676954714637, -0.13726069534951704, -4002.08592664031493769]
    [-0.53033166889152616, -0.00000079291127285, 0.53033213723703532, -61.84014600515365601]
  #602 objects/buildingsets/human/hightech/delta/int/light/light_fixture/light_decal_capsule_a.cgf
    [0.51764579907490216, 1.93185586925588537, 0.00000000000000000, 1976.76098275142794591]
    [-1.93185586925588537, 0.51764579907490216, -0.00000000000000000, -2390.01489728234628274]
    [-0.00000000000000000, 0.00000000000000000, 2.00000606821037064, -48.51622629724442959]
  #603 objects/buildingsets/human/hightech/delta/int/light/light_fixture/light_decal_capsule_a.cgf
    [-0.51764493024350589, -1.93185826008071393, 0.00000000000000000, 2092.38383158704164089]
    [1.93185826008071393, -0.51764493024350589, 0.00000000000000000, -3957.02294835278917162]
    [0.00000000000000000, 0.00000000000000000, 2.00000815269560528, -48.51622629724442959]
  #604 objects/buildingsets/citysets/hightech/background/plates/habitation_plate_thruster_a.cgf
    [0.51226175041571664, -0.19411604985024652, 0.51226080565182230, 1545.03468559725297382]
    [0.13726086745478683, 0.72444684687423822, 0.13726068291766957, -1933.73889975384736317]
    [-0.53033162085819185, -0.00000004686356192, 0.53033258119166349, -61.84014600515365601]
  #605 objects/buildingsets/citysets/hightech/struts/ht_strut_straight_2000m_001.cgf
    [-0.49999846410905940, 0.86602973795603144, 0.00000000000000000, 3962.53049565518449526]
    [-0.86602973795603144, -0.49999846410905940, -0.00000000000000000, -4340.74105794578827044]
    [-0.00000000000000000, 0.00000000000000000, 1.00000298556334855, -63.51627100072801113]
  #606 objects/buildingsets/citysets/hightech/background/plates/habitation_plate_thruster_a.cgf
    [-0.51226159466219778, 0.19411525676354466, -0.51226085204909722, 2216.65203720701538259]
    [-0.13725973342962841, -0.72444676954714637, -0.13726069534951704, -3269.91111200280465710]
    [-0.53033166889152616, -0.00000079291127285, 0.53033213723703532, -61.84014600515365601]
  #607 objects/buildingsets/citysets/hightech/background/plates/habitation_plate_thruster_a.cgf
    [0.51226175041571664, -0.19411604985024652, 0.51226080565182230, 2099.99630455942678964]
    [0.13726086745478683, 0.72444684687423822, 0.13726068291766957, -4004.67663692785026797]
    [-0.53033162085819185, -0.00000004686356192, 0.53033258119166349, -61.84014600515365601]
  #608 objects/buildingsets/citysets/hightech/struts/ht_connect_ring_addon_001.cgf
    [0.96592817044406332, -0.25882284180121662, 0.00000000000000000, 1712.83322591367686982]
    [0.25882284180121662, 0.96592817044406332, 0.00000000000000000, -1408.89673535433576035]
    [0.00000000000000000, 0.00000000000000000, 1.00000324694246512, -63.51627100072801113]
  #609 objects/buildingsets/citysets/hightech/background/plates/habitation_plate_thruster_a.cgf
    [-0.51226159466219778, 0.19411525676354466, -0.51226085204909722, 1554.70322481022230932]
    [-0.13725973342962841, -0.72444676954714637, -0.13726069534951704, -1931.14819501052261330]
    [-0.53033166889152616, -0.00000079291127285, 0.53033213723703532, -61.84014600515365601]
  #610 objects/buildingsets/citysets/hightech/struts/ht_connect_ring_addon_001.cgf
    [0.96592817044406332, -0.25882284180121662, 0.00000000000000000, 1111.87327511608964414]
    [0.25882284180121662, 0.96592817044406332, 0.00000000000000000, -297.74509696149652882]
    [0.00000000000000000, 0.00000000000000000, 1.00000324694246512, -63.51627100072801113]
  #611 objects/buildingsets/citysets/hightech/background/plates/habitation_plate_thruster_a.cgf
    [0.26516581316335436, -0.64952218826974328, 0.26516459130452918, 3897.66193147512967698]
    [0.45928208173975721, 0.37500022526945981, 0.45928100597308180, -4309.09630578949327173]
    [-0.53033131430192637, -0.00000036789370556, 0.53033285687165621, -61.84014600515365601]
  #612 objects/buildingsets/citysets/hightech/struts/ht_strut_straight_2000m_001.cgf
    [-0.96592814931111948, 0.25882230841811249, 0.00000000000000000, 2230.47621981736665475]
    [-0.25882230841811249, -0.96592814931111948, -0.00000000000000000, -3340.74706996933855407]
    [-0.00000000000000000, 0.00000000000000000, 1.00000308847847252, -63.51627100072801113]
  #613 objects/buildingsets/citysets/hightech/background/plates/habitation_plate_thruster_a.cgf
    [0.51226175041571664, -0.19411604985024652, 0.51226080565182230, 2062.67936073213786585]
    [0.13726086745478683, 0.72444684687423822, 0.13726068291766957, -3865.59541594745860493]
    [-0.53033162085819185, -0.00000004686356192, 0.53033258119166349, -61.84014600515365601]
  #614 objects/buildingsets/citysets/hightech/struts/ht_strut_straight_4000m_001.cgf
    [-0.96592814931111948, 0.25882230841811249, 0.00000000000000000, 2086.17208255543664563]
    [-0.25882230841811249, -0.96592814931111948, -0.00000000000000000, -3933.84066917065683811]
    [-0.00000000000000000, 0.00000000000000000, 1.00000308847847252, -63.51627100072801113]
  #615 objects/buildingsets/citysets/hightech/background/plates/habitation_plate_thruster_a.cgf
    [0.51226175041571664, -0.19411604985024652, 0.51226080565182230, 2206.98349799406787497]
    [0.13726086745478683, 0.72444684687423822, 0.13726068291766957, -3272.50181674613486393]
    [-0.53033162085819185, -0.00000004686356192, 0.53033258119166349, -61.84014600515365601]
  #616 objects/buildingsets/citysets/hightech/background/plates/habitation_plate_thruster_a.cgf
    [0.51226175041571664, -0.19411604985024652, 0.51226080565182230, 1027.39007154442515457]
    [0.13726086745478683, 0.72444684687423822, 0.13726068291766957, -1.88261151930237247]
    [-0.53033162085819185, -0.00000004686356192, 0.53033258119166349, -61.84014600515365601]
  #617 objects/buildingsets/citysets/hightech/background/plates/habitation_plate_thruster_a.cgf
    [-0.51226159466219778, 0.19411525676354466, -0.51226085204909722, 1037.05861075738721411]
    [-0.13725973342962841, -0.72444676954714637, -0.13726069534951704, 0.70809322403147235]
    [-0.53033166889152616, -0.00000079291127285, 0.53033213723703532, -61.84014600515365601]
  #618 objects/buildingsets/citysets/hightech/addon/medium/ht_med_addon_panel_01_a.cgf
    [0.09835234048137474, 0.49735720571748487, -0.26977912082352806, 2390.75766124399888213]
    [0.17035135685680938, -0.28714797040958556, -0.46727358720163548, -4969.66317854964472644]
    [-0.53956035744712039, 0.00000036855865461, -0.19670477284749474, -57.99968356080353260]
  #619 objects/buildingsets/citysets/hightech/addon/medium/ht_med_addon_panel_03_a.cgf
    [-0.31357337016758269, -0.18104035149869874, -0.00000000000000000, 2314.28865761691122316]
    [0.18104035149869874, -0.31357337016758269, 0.00000000000000000, -4937.65446901666473423]
    [0.00000000000000000, -0.00000000000000000, 0.36208268026657697, -44.70762894675135612]
  #620 objects/buildingsets/human/shop/alpha/shippart/dumpersdepot/prop/prop_crate_dumper_cluster_02.cgf
    [0.96592817044406332, -0.25882284180121662, 0.00000000000000000, 2309.15773791501851520]
    [0.25882284180121662, 0.96592817044406332, 0.00000000000000000, -4896.23409433925007761]
    [0.00000000000000000, 0.00000000000000000, 1.00000324694246512, -42.12906726263463497]
  #621 objects/buildingsets/citysets/hightech/addon/medium/ht_med_addon_vent_001_a.cgf
    [0.32200397975648959, -1.20171993924810350, 0.00000000000000000, 2321.57480482617029338]
    [-1.20171993924810350, -0.32200397975648931, -0.00000000000000000, -4860.37833214784222946]
    [0.00000000000000000, 0.00000000000000000, -1.24411308785233965, -45.42090307176113129]
  #622 objects/buildingsets/citysets/hightech/addon/greeble/orison_shipyard_greeble_d.cgf
    [0.45214295724356507, 0.78314209013697389, 0.00000000000000000, 2372.48835629193854402]
    [0.78314209013697389, -0.45214295724356529, 0.00000000000000000, -4938.98619531845361053]
    [0.00000000000000000, 0.00000000000000000, -0.90429242346105321, -59.32875752076506615]
  #623 objects/buildingsets/citysets/hightech/addon/large/ht_lrg_addon_tank_009_b.cgf
    [-0.27071279406774129, 0.46889298513457928, 0.00000000000000000, 2438.45998409104140592]
    [-0.46889298513457928, -0.27071279406774129, -0.00000000000000000, -4969.59628706900730322]
    [-0.00000000000000000, 0.00000000000000000, 0.54142963382177367, -41.95587874576449394]
  #624 objects/buildingsets/human/shop/alpha/shippart/dumpersdepot/prop/prop_crate_dumper_cluster_01.cgf
    [0.25882289953745108, 0.96592793462794269, 0.00000000000000000, 2302.22190342549220077]
    [-0.96592793462794269, 0.25882289953745108, -0.00000000000000000, -4847.73605753585616185]
    [-0.00000000000000000, 0.00000000000000000, 1.00000303410518532, -42.12333724461495876]
  #625 objects/buildingsets/citysets/hightech/addon/medium/ht_med_addon_vent_001_a.cgf
    [-0.25882248307874717, 0.00000032444953159, -0.96592848047454605, 2255.27565164714906132]
    [0.96592848047459046, -0.00000005720882841, -0.25882248307877809, -4713.03022793433228799]
    [-0.00000013923398907, -1.00000345356349163, -0.00000029858708107, -54.07066485099494457]
  #626 objects/buildingsets/citysets/hightech/addon/medium/ht_med_addon_vent_003_a.cgf
    [-0.33107246251716665, -0.57344069053516655, 0.00000000000000000, 2331.07153551382725709]
    [-0.57344069053516655, 0.33107246251716649, -0.00000000000000000, -4943.18442372681056440]
    [0.00000000000000000, 0.00000000000000000, -0.66215043683337504, -62.30171138048171997]
  #627 objects/buildingsets/citysets/hightech/addon/large/ht_lrg_addon_tank_008_a_linemarking_a.cgf
    [-0.34968079844924133, 0.09369764358629351, 0.00000000000000000, 2289.76086121984553756]
    [-0.09369764358629351, -0.34968079844924133, -0.00000000000000000, -4892.07153826949252107]
    [-0.00000000000000000, 0.00000000000000000, 0.36201644882204315, -44.69395890645682812]
  #628 objects/buildingsets/citysets/hightech/addon/large/ht_lrg_addon_tank_008_c.cgf
    [-0.26450671227395400, 0.14175027566999138, -0.45813900988135220, 2314.94171522370015737]
    [-0.07087456491128978, -0.52901337715848418, -0.12275967050123322, -4829.11928173137312115]
    [-0.47430084237350839, -0.00000064609422770, 0.27383755182392960, -47.41428701393306255]
  #629 objects/buildingsets/citysets/hightech/addon/large/ht_lrg_addon_tank_002_b.cgf
    [0.06917723598484704, 0.25816967817580744, 0.00000000000000000, 2294.62103632026628475]
    [-0.25816967817580744, 0.06917723598484704, -0.00000000000000000, -4782.52679418530351541]
    [-0.00000000000000000, 0.00000000000000000, 0.26727714587652868, -43.14121027849614620]
  #630 objects/buildingsets/citysets/hightech/addon/large/ht_lrg_addon_tank_001_b.cgf
    [-0.02588224104878560, -0.06830155098693234, 0.06830159934959917, 2203.68241951519303257]
    [0.09659301393440314, -0.01830153346461814, 0.01830148285120060, -4498.41681597571187012]
    [0.00000004342064012, 0.07071105110422324, 0.07071101748932176, -36.10175330005586147]
  #631 objects/buildingsets/citysets/hightech/addon/large/ht_lrg_addon_tank_008_a_linemarking_a.cgf
    [-0.34968079844924133, 0.09369764358629351, 0.00000000000000000, 2288.25918590318542556]
    [-0.09369764358629351, -0.34968079844924133, -0.00000000000000000, -4886.46727830105555768]
    [-0.00000000000000000, 0.00000000000000000, 0.36201644882204315, -44.69395890645682812]
  #632 objects/buildingsets/citysets/hightech/addon/medium/ht_med_addon_antenna_005_a.cgf
    [0.00000006509298010, 0.82229152561252195, 1.42425774177898190, 2333.85981179483133019]
    [-0.00000009939900559, 1.42425774177898257, -0.82229152561251762, -4905.46144348544657987]
    [-1.64458914872728124, -0.00000005353580113, 0.00000010607156253, -52.61757352016866207]
  #633 objects/buildingsets/human/universal/prop/uee/forklift/forklift_machine_1_a.cgf
    [-0.61566573515883327, -0.78801211020336359, 0.00000000000000000, 2323.88928422242679517]
    [0.78801211020336359, -0.61566573515883327, 0.00000000000000000, -4874.82603617799213680]
    [0.00000000000000000, 0.00000000000000000, 1.00000369163109815, -42.12398224696516991]
  #634 objects/buildingsets/citysets/hightech/addon/medium/ht_med_addon_vent_001_a.cgf
    [-1.07743661331754703, 0.62205418516855360, 0.00000000000000000, 2364.55959082382833003]
    [0.62205418516855360, 1.07743661331754681, 0.00000000000000000, -4959.42844400087233225]
    [0.00000000000000000, 0.00000000000000000, -1.24411457068989351, -46.68609684333205223]
  #635 objects/buildingsets/citysets/hightech/addon/medium/ht_med_addon_panel_02_a.cgf
    [-0.60544148049495994, 0.16222921105005758, 0.00000000000000000, 2225.69588733311320539]
    [-0.16222921105005758, -0.60544148049495994, -0.00000000000000000, -4513.79950838088007004]
    [-0.00000000000000000, 0.00000000000000000, 0.62679957181052115, -30.92454086989164352]
  #636 objects/buildingsets/citysets/hightech/addon/small/ht_sml_addon_vent_006_a.cgf
    [1.06252106809155689, -0.28470514757913495, 0.00000000000000000, 2227.64094968013887410]
    [0.28470514757913495, 1.06252106809155689, 0.00000000000000000, -4529.03507325154532737]
    [0.00000000000000000, 0.00000000000000000, 1.10000365508323661, -37.99000892601907253]
  #637 objects/buildingsets/citysets/hightech/addon/medium/ht_med_addon_panel_01_a.cgf
    [-0.25882248307874717, 0.00000032444953159, -0.96592848047454605, 2238.98375838384163217]
    [0.96592848047459046, -0.00000005720882841, -0.25882248307877809, -4656.68969438727981469]
    [-0.00000013923398907, -1.00000345356349163, -0.00000029858708107, -46.11465013958513737]
  #638 objects/buildingsets/citysets/hightech/addon/small/ht_sml_addon_vent_005_a.cgf
    [0.96592817044406332, -0.25882284180121662, 0.00000000000000000, 2218.93725063753663562]
    [0.25882284180121662, 0.96592817044406332, 0.00000000000000000, -4520.79546621095687442]
    [0.00000000000000000, 0.00000000000000000, 1.00000324694246512, -32.28740093111991882]
  #639 objects/buildingsets/citysets/hightech/addon/medium/ht_med_addon_panel_02_a.cgf
    [0.96592817044406332, -0.25882284180121662, 0.00000000000000000, 2284.84097830726750544]
    [0.25882284180121662, 0.96592817044406332, 0.00000000000000000, -4714.88215415132617636]
    [0.00000000000000000, 0.00000000000000000, 1.00000324694246512, -37.87017557024955750]
  #640 objects/buildingsets/citysets/hightech/addon/medium/ht_med_addon_antenna_003_a.cgf
    [-0.49999931824625826, -0.00000102901416227, 0.86602939560572623, 2439.79977010278889793]
    [-0.86602939560619963, 0.00000115870942943, -0.49999931824515459, -4980.12434368922731664]
    [-0.00000048896852364, -1.00000311614444470, -0.00000147050585571, -45.36960691958665848]
  #641 objects/buildingsets/citysets/hightech/addon/large/ht_lrg_addon_tank_002_b.cgf
    [-0.06214577793726358, 0.23192892931602424, 0.00000000000000000, 2207.00595033409990720]
    [0.23192892931602424, 0.06214577793726345, 0.00000000000000000, -4510.73762537340553536]
    [0.00000000000000000, 0.00000000000000000, -0.24011065359351519, -49.80963915213942528]
  #642 objects/buildingsets/citysets/hightech/addon/greeble/orison_shipyard_greeble_c.cgf
    [1.12141586676830185, 0.30048539818750158, 0.00000000000000000, 2257.94140159908420173]
    [0.30048539818750158, -1.12141586676830163, 0.00000000000000000, -4675.00926642088052176]
    [0.00000000000000000, 0.00000000000000000, -1.16097589155141478, -58.89406422525644302]
  #643 objects/buildingsets/citysets/hightech/addon/medium/ht_med_addon_panel_04_a.cgf
    [-0.20222324332756975, 0.35026442157637078, 0.00000000000000000, 2378.94066715307053528]
    [-0.35026442157637078, -0.20222324332756975, -0.00000000000000000, -4962.51853444033076812]
    [-0.00000000000000000, 0.00000000000000000, 0.40444950879454777, -42.16329636424779892]
  #644 objects/buildingsets/citysets/hightech/addon/medium/ht_med_addon_panel_01_a.cgf
    [-0.09296447684962242, -0.49735786748863159, -0.27168241448210789, 2330.58980551771674072]
    [-0.16101937039705455, 0.28714757232904081, -0.47057157873172217, -4935.79111887683575333]
    [0.54336814872478789, -0.00000053858633466, -0.18592910368927656, -58.26920936256647110]
  #645 objects/buildingsets/citysets/hightech/addon/medium/ht_med_addon_vent_001_a.cgf
    [0.32200397975648959, -1.20171993924810350, 0.00000000000000000, 2292.14170638539508218]
    [-1.20171993924810350, -0.32200397975648931, -0.00000000000000000, -4820.02805373643241182]
    [0.00000000000000000, 0.00000000000000000, -1.24411308785233965, -45.42090307176113129]
  #646 objects/buildingsets/citysets/hightech/addon/medium/ht_med_addon_panel_06_a.cgf
    [0.86602971571474940, 0.00000010137377135, -0.49999885833613411, 2359.03569252656234312]
    [-0.49999885833574431, 0.00000144064302951, -0.86602971571378251, -4943.36030585825392336]
    [0.00000063252517088, 1.00000316341316253, 0.00000129832233606, -60.26626331545412540]
  #647 objects/buildingsets/citysets/hightech/addon/large/ht_lrg_addon_antenna_001_a.cgf
    [0.15131662702275187, 0.08736174506640777, 0.00000000000000000, 2517.90570866157213459]
    [-0.08736174506640777, 0.15131662702275187, -0.00000000000000000, -5011.42325832467213331]
    [-0.00000000000000000, 0.00000000000000000, 0.17472491555181999, -41.26624669134616852]
  #648 objects/buildingsets/citysets/hightech/addon/large/ht_lrg_addon_building_001_a.cgf
    [-0.08460622134482998, -0.31575162434671122, 0.00000000000000000, 2216.50605156926758355]
    [0.31575162434671122, -0.08460622134482998, 0.00000000000000000, -4500.54023753149704135]
    [0.00000000000000000, 0.00000000000000000, 0.32689035006839373, -37.21707862243056297]
  #649 objects/buildingsets/citysets/hightech/addon/medium/ht_med_addon_antenna_002_a.cgf
    [-1.06252415578512371, -0.00000008132766300, 0.28470450045612605, 4788.80998906383319991]
    [-0.28470450045612788, 0.00000001434016607, -1.06252415578512593, -6303.56060791667732701]
    [0.00000007484492026, -1.10000647007499985, -0.00000003490081770, -61.49641598202288151]
  #650 objects/buildingsets/citysets/hightech/addon/medium/ht_med_addon_panel_01_a.cgf
    [-0.90031065400122567, -0.00000006891163482, 0.24123921664006259, 4807.94402761954188463]
    [-0.24123921664006409, 0.00000001215089988, -0.90031065400122745, -6298.84445260608663375]
    [0.00000006341859117, -0.93207061607649933, -0.00000002957262403, -46.13670820556581020]
  #651 objects/buildingsets/citysets/hightech/addon/medium/ht_med_addon_window_01_a.cgf
    [0.40081367395134709, -0.69423631031953859, 0.00000000000000000, 2362.96176533135803766]
    [0.69423631031953859, 0.40081367395134709, 0.00000000000000000, -4955.35618977478043234]
    [0.00000000000000000, 0.00000000000000000, 0.80163311794889280, -41.19960549287497997]
  #652 objects/buildingsets/citysets/hightech/addon/large/ht_lrg_addon_tank_005_a.cgf
    [0.05459485561378296, -0.00000006843751920, -0.20374837798540729, 2300.40518597111076815]
    [-0.20374837798541665, 0.00000001206730136, -0.05459485561378954, -4886.22877718452400586]
    [0.00000002936923667, 0.21093600875899321, -0.00000006298223351, -53.24147537909448147]
  #653 objects/buildingsets/citysets/hightech/addon/medium/ht_med_addon_tank_003_a.cgf
    [-0.54201608302981641, 0.14523425361355236, 0.00000000000000000, 2214.41640420253679622]
    [-0.14523425361355236, -0.54201608302981641, -0.00000000000000000, -4491.81606608758920629]
    [-0.00000000000000000, 0.00000000000000000, 0.56113672370080192, -31.46722948737442493]
  #654 objects/buildingsets/citysets/hightech/rooftop/ht_rooftop_doorway_24x02x08_a.cgf
    [1.17360299606157992, -0.22236312711092987, -0.22236488742291782, 2267.82082005081974785]
    [0.31447019486292016, 0.82985986710560244, 0.82986540675715881, -4746.02218794886903197]
    [0.00000018847507426, -0.85914069656302283, 0.85913489006735388, -45.34970886074006557]
  #655 objects/buildingsets/human/hightech/delta/int/garage/high_tech_garage_door_l.cga
    [-0.47345869543413194, -0.27334951496583382, -0.00000000000000000, 2363.30360386016036500]
    [0.27334951496583382, -0.47345869543413194, 0.00000000000000000, -4965.32506021081098879]
    [0.00000000000000000, -0.00000000000000000, 0.54670201537423169, -45.32613979093730450]
  #656 objects/buildingsets/citysets/hightech/addon/containers/containers_01x04x02_a.cgf
    [0.96592817044406332, -0.25882284180121662, 0.00000000000000000, 2301.39731820147426333]
    [0.25882284180121662, 0.96592817044406332, 0.00000000000000000, -4883.55225734160376305]
    [0.00000000000000000, 0.00000000000000000, 1.00000324694246512, -42.12219124101102352]
  #657 objects/buildingsets/citysets/hightech/addon/medium/ht_med_addon_panel_06_a.cgf
    [-0.25882243443287711, -0.68634455718760667, 0.67966952703360239, 2296.88021541803755099]
    [0.96592935412433945, -0.18390739768797573, 0.18211842751755411, -4706.73665296918807144]
    [0.00000026251320329, 0.70364606701059462, 0.71055667057972660, -42.48306231759488583]
  #658 objects/buildingsets/citysets/hightech/addon/medium/ht_med_addon_panel_06_a.cgf
    [0.25882289953745108, 0.96592793462794269, 0.00000000000000000, 2278.98495529188585351]
    [-0.96592793462794269, 0.25882289953745108, -0.00000000000000000, -4743.00826575234714255]
    [-0.00000000000000000, 0.00000000000000000, 1.00000303410518532, -42.14120729826390743]
  #659 objects/buildingsets/citysets/hightech/addon/large/ht_lrg_addon_antenna_001_a.cgf
    [-0.45761994227000696, -0.12261984685071201, 0.00000000000000000, 4799.98394310553339892]
    [-0.12261984685071201, 0.45761994227000696, -0.00000000000000000, -6384.74184098736623127]
    [0.00000000000000000, 0.00000000000000000, -0.47376327253692485, -68.61003618128597736]
  #660 objects/buildingsets/citysets/hightech/addon/medium/ht_med_addon_panel_01_a.cgf
    [0.25882248171723360, -0.18430814857263608, 0.94818102004832583, 2265.39264022797215148]
    [-0.96592791677751833, -0.04938578437142773, 0.25406715912192768, -4630.40330416073447850]
    [0.00000001569026937, -0.98162995478141890, -0.19080998225526322, -45.79295318201184273]
  #661 objects/buildingsets/citysets/hightech/addon/greeble/orison_shipyard_greeble_c.cgf
    [0.15497514472648283, -0.57837055622521327, 0.00000000000000000, 4917.00515686207654653]
    [-0.57837055622521327, -0.15497514472648297, -0.00000000000000000, -6258.86385229692859866]
    [0.00000000000000000, 0.00000000000000000, -0.59877357639700246, -54.91867637820541859]
  #662 objects/buildingsets/citysets/hightech/addon/medium/ht_med_addon_panel_01_a.cgf
    [-0.96592554976991740, -0.19234326865029128, 0.17318604917996466, 2421.98673818682073033]
    [-0.25882299091385447, 0.71782428049289460, -0.64632845367755953, -4983.23696324471711705]
    [-0.00000022374181632, -0.66912919355214229, -0.74314711239442366, -46.52658636681735516]
  #663 objects/buildingsets/citysets/hightech/addon/large/ht_lrg_addon_tank_001_b.cgf
    [-0.02588224104878560, -0.06830155098693234, 0.06830159934959917, 2209.00709997167359688]
    [0.09659301393440314, -0.01830153346461814, 0.01830148285120060, -4518.28859319527145999]
    [0.00000004342064012, 0.07071105110422324, 0.07071101748932176, -36.10175330005586147]
  #664 objects/buildingsets/citysets/hightech/addon/medium/ht_med_addon_vent_001_a.cgf
    [-0.25882248307874717, 0.00000032444953159, -0.96592848047454605, 2247.41390244839567458]
    [0.96592848047459046, -0.00000005720882841, -0.25882248307877809, -4683.69014354621504026]
    [-0.00000013923398907, -1.00000345356349163, -0.00000029858708107, -54.07066485099494457]
  #665 objects/buildingsets/citysets/hightech/addon/medium/ht_med_addon_antenna_008_c.cgf
    [0.29844908443426132, -0.00000005410863517, -0.17230667629559138, 2514.67291714056045748]
    [-0.17230667629559215, 0.00000000954074908, -0.29844908443426571, -5009.13013135756227712]
    [0.00000005162996806, 0.34461782701375526, -0.00000001879139950, -41.48812135122716427]
  #666 objects/buildingsets/citysets/hightech/addon/large/ht_lrg_addon_tank_001_b.cgf
    [-0.02944597456858771, -0.10989279692103469, 0.00000000000000000, 2279.75477709905317170]
    [0.10989279692103469, -0.02944597456858771, 0.00000000000000000, -4662.09644592122822360]
    [0.00000000000000000, 0.00000000000000000, 0.11376946968946318, -34.39335820823907852]
  #667 objects/buildingsets/citysets/hightech/addon/medium/ht_med_addon_tank_003_a.cgf
    [0.23294085874192424, -0.86933607102445976, 0.00000000000000000, 2254.01423140023689484]
    [-0.86933607102445976, -0.23294085874192444, -0.00000000000000000, -4650.06746869220842200]
    [0.00000000000000000, 0.00000000000000000, -0.90000369335668284, -62.64344239979982376]
  #668 objects/buildingsets/citysets/hightech/addon/medium/ht_med_addon_tank_003_a.cgf
    [0.23294085874192424, -0.86933607102445976, 0.00000000000000000, 2269.67301852325908840]
    [-0.86933607102445976, -0.23294085874192444, -0.00000000000000000, -4708.50614238828165981]
    [0.00000000000000000, 0.00000000000000000, -0.90000369335668284, -62.64344239979982376]
  #669 objects/buildingsets/citysets/hightech/struts/ht_connect_45_002.cgf
    [0.96592817044406332, -0.25882284180121662, 0.00000000000000000, 2300.06423076466671773]
    [0.25882284180121662, 0.96592817044406332, 0.00000000000000000, -4732.08728730211623770]
    [0.00000000000000000, 0.00000000000000000, 1.00000324694246512, -53.51624119840562344]
  #670 objects/buildingsets/citysets/hightech/addon/medium/ht_med_addon_tank_002_a.cgf
    [0.09164982191622169, -0.34203909648337799, 0.00000000000000000, 4902.50595431196779828]
    [-0.34203909648337799, -0.09164982191622185, -0.00000000000000000, -6262.07667046421011037]
    [0.00000000000000000, 0.00000000000000000, -0.35410511628673313, -55.52230917662382126]
  #671 objects/buildingsets/citysets/hightech/addon/medium/ht_med_addon_tank_002_a.cgf
    [-0.09164977242447134, 0.34203910974475321, 0.00000000000000000, 4908.89909802994225174]
    [0.34203910974475321, 0.09164977242447121, 0.00000000000000000, -6260.36362340954838146]
    [0.00000000000000000, 0.00000000000000000, -0.35410511628673313, -55.52230917662382126]
  #672 objects/buildingsets/citysets/hightech/addon/containers/containers_01x02x03_a.cgf
    [0.96592817044406332, -0.25882284180121662, 0.00000000000000000, 2297.57323667231685249]
    [0.25882284180121662, 0.96592817044406332, 0.00000000000000000, -4868.80932021445369173]
    [0.00000000000000000, 0.00000000000000000, 1.00000324694246512, -42.12219124101102352]
  #673 objects/buildingsets/citysets/hightech/addon/medium/ht_med_addon_vent_001_a.cgf
    [-1.22749437846204446, -0.32890718017137943, 0.00000000000000000, 4959.45673938773688860]
    [-0.32890718017137943, 1.22749437846204401, -0.00000000000000000, -6257.27339442959964799]
    [0.00000000000000000, 0.00000000000000000, -1.27079596408086282, -45.14785225875675678]
  #674 objects/buildingsets/citysets/hightech/addon/medium/ht_med_addon_panel_06_a.cgf
    [-0.19145010085863928, 0.71449769784497952, 0.00000000000000000, 4788.98706889118329855]
    [0.71449769784497952, 0.19145010085863903, 0.00000000000000000, -6343.35843462012599048]
    [0.00000000000000000, 0.00000000000000000, -0.73970271146221922, -65.93362420424818993]
  #675 objects/buildingsets/citysets/hightech/addon/greeble/orison_shipyard_greeble_c.cgf
    [-0.84745270871225908, -0.22707816944396214, 0.00000000000000000, 2319.10475859433427104]
    [-0.22707816944396214, 0.84745270871225875, -0.00000000000000000, -4887.90602538410348643]
    [0.00000000000000000, 0.00000000000000000, -0.87734861289100241, -59.26625733450055122]
  #676 objects/buildingsets/citysets/hightech/addon/medium/ht_med_addon_panel_01_a.cgf
    [0.25882248171723360, -0.18430814857263608, 0.94818102004832583, 2278.56722364297456807]
    [-0.96592791677751833, -0.04938578437142773, 0.25406715912192768, -4679.57091690258130257]
    [0.00000001569026937, -0.98162995478141890, -0.19080998225526322, -45.79295318201184273]
  #677 objects/buildingsets/citysets/hightech/addon/large/ht_lrg_addon_tank_002_a.cgf
    [-0.06917711987581139, -0.25816999768125620, 0.00000000000000000, 2289.54163680417696014]
    [0.25816999768125620, -0.06917711987581139, 0.00000000000000000, -4763.57046078224266239]
    [0.00000000000000000, 0.00000000000000000, 0.26727742444331548, -43.14121027849614620]
  #678 objects/buildingsets/citysets/hightech/addon/large/ht_lrg_addon_tank_002_b.cgf
    [-0.06214577793726358, 0.23192892931602424, 0.00000000000000000, 2211.94641379955282900]
    [0.23192892931602424, 0.06214577793726345, 0.00000000000000000, -4529.17545258796053531]
    [0.00000000000000000, 0.00000000000000000, -0.24011065359351519, -49.80963915213942528]
  #679 objects/buildingsets/human/universal/prop/uee/forklift/forklift_machine_1_a.cgf
    [-0.61566573515883327, -0.78801211020336359, 0.00000000000000000, 2322.77905261306295870]
    [0.78801211020336359, -0.61566573515883327, 0.00000000000000000, -4870.44554415494530986]
    [0.00000000000000000, 0.00000000000000000, 1.00000369163109815, -42.12398224696516991]
  #680 objects/buildingsets/citysets/hightech/addon/medium/ht_med_addon_vent_001_a.cgf
    [0.32200397975648959, -1.20171993924810350, 0.00000000000000000, 2309.42468435300179408]
    [-1.20171993924810350, -0.32200397975648931, -0.00000000000000000, -4815.39704326464016049]
    [0.00000000000000000, 0.00000000000000000, -1.24411308785233965, -45.42090307176113129]
  #681 objects/buildingsets/citysets/hightech/struts/ht_connect_90_001.cgf
    [0.25882172219098987, 0.96592820539686253, 0.00000000000000000, 4794.49014575776163838]
    [-0.96592820539686253, 0.25882172219098987, -0.00000000000000000, -6313.97087341301266861]
    [-0.00000000000000000, 0.00000000000000000, 1.00000299092508360, -53.51624119840562344]
  #682 objects/buildingsets/citysets/hightech/addon/medium/ht_med_addon_panel_01_a.cgf
    [-0.83520762635320855, 0.35390997592545159, -0.29876105718309742, 4799.00458196278850664]
    [0.46315271816713960, 0.63821151216466065, -0.53875583046697817, -6426.69650782987628190]
    [0.00000176234311753, -0.61604871085671431, -0.72977133769143832, -46.18267734348773956]
  #683 objects/buildingsets/citysets/hightech/addon/greeble/orison_shipyard_greeble_d.cgf
    [-0.81422542115982355, -0.21817485373315973, 0.00000000000000000, 2214.73894876693520928]
    [-0.21817485373315973, 0.81422542115982321, -0.00000000000000000, -4541.84368550920225971]
    [0.00000000000000000, 0.00000000000000000, -0.84294917003599790, -49.80828714743256569]
  #684 objects/buildingsets/human/universal/prop/uee/forklift/forklift_machine_1_a.cgf
    [0.51503781201652077, -0.85717136787735904, 0.00000000000000000, 4832.60399352330932743]
    [0.85717136787735904, 0.51503781201652077, 0.00000000000000000, -6289.48639918158914952]
    [0.00000000000000000, 0.00000000000000000, 1.00000335085213976, -42.12328424490988255]
  #685 objects/buildingsets/citysets/hightech/addon/large/ht_lrg_addon_building_001_a.cgf
    [-0.14758539986692409, -0.08520784993223303, -0.00000000000000000, 2359.88378569919586880]
    [0.08520784993223303, -0.14758539986692409, 0.00000000000000000, -4955.34628126616189547]
    [0.00000000000000000, -0.00000000000000000, 0.17041663047940425, -44.07613606564700603]
  #686 objects/buildingsets/citysets/hightech/addon/medium/ht_med_addon_panel_06_a.cgf
    [-0.71438426181747605, -0.19170204919550335, -0.00803687594857154, 4804.67236943020907347]
    [-0.19141814848021088, 0.71420093897789627, -0.02086268843575707, -6289.10402558382520510]
    [0.01316660446644707, -0.01806885913953440, -0.73936411694745363, -66.88276203349232674]
  #687 objects/buildingsets/citysets/hightech/addon/medium/ht_med_addon_panel_01_a.cgf
    [-0.09835229758724873, -0.49735726742847153, 0.26977924856100632, 5141.52215088901721174]
    [-0.17035093014414415, 0.28714807572844120, 0.46727380844984917, -4977.94364160416625964]
    [-0.53956061292229474, 0.00000053410841673, -0.19670438185607500, -57.99968356080353260]
  #688 objects/buildingsets/citysets/hightech/addon/large/ht_lrg_addon_antenna_001_a.cgf
    [-0.16848274555851125, 0.62878000859619232, 0.00000000000000000, 2307.56398621501284651]
    [0.62878000859619232, 0.16848274555851089, 0.00000000000000000, -4849.83175221765304741]
    [0.00000000000000000, 0.00000000000000000, -0.65096139268098063, -68.49951585195958614]
  #689 objects/buildingsets/citysets/hightech/addon/containers/containers_01x02x02_a.cgf
    [-0.96592865787890458, 0.25882039831548076, 0.00000000000000000, 2307.47506211291329237]
    [-0.25882039831548076, -0.96592865787890458, -0.00000000000000000, -4863.44081234824443527]
    [-0.00000000000000000, 0.00000000000000000, 1.00000308534320292, -42.12219124101102352]
  #690 objects/buildingsets/citysets/hightech/addon/medium/ht_med_addon_vent_001_a.cgf
    [-0.32200310369153445, 1.20172017399164233, 0.00000000000000000, 5210.70493515589987510]
    [1.20172017399164233, 0.32200310369153429, 0.00000000000000000, -5087.22849729449990264]
    [0.00000000000000000, 0.00000000000000000, -1.24411308785233987, -45.42090307176113129]
  #691 objects/buildingsets/citysets/hightech/addon/large/ht_lrg_addon_tank_008_a.cgf
    [-0.37482970964164664, 0.10043634278836419, 0.00000000000000000, 2289.76086121984553756]
    [-0.10043634278836419, -0.37482970964164664, -0.00000000000000000, -4892.07153826949252107]
    [-0.00000000000000000, 0.00000000000000000, 0.38805253533863537, -44.69395890645682812]
  #692 objects/buildingsets/citysets/hightech/addon/large/ht_lrg_addon_tank_001_b.cgf
    [-0.02944597456858771, -0.10989279692103469, 0.00000000000000000, 2272.33788527435172000]
    [0.10989279692103469, -0.02944597456858771, 0.00000000000000000, -4634.41656380280073790]
    [0.00000000000000000, 0.00000000000000000, 0.11376946968946318, -34.39335820823907852]
  #693 objects/buildingsets/citysets/hightech/addon/large/ht_lrg_addon_tank_002_b.cgf
    [-0.20794180584407840, 0.12005481841891943, 0.00000000000000000, 2333.41146740908516222]
    [0.12005481841891943, 0.20794180584407829, 0.00000000000000000, -4920.63501702815301542]
    [0.00000000000000000, 0.00000000000000000, -0.24011029557954428, -59.87308214232325554]
  #694 objects/buildingsets/human/shop/alpha/shippart/dumpersdepot/prop/prop_crate_dumper_pallet_05.cgf
    [0.25882172219098987, 0.96592820539686253, 0.00000000000000000, 4809.92410398875654209]
    [-0.96592820539686253, 0.25882172219098987, -0.00000000000000000, -6280.84007222570107842]
    [-0.00000000000000000, 0.00000000000000000, 1.00000299092508360, -42.12333724461495876]
  #695 objects/buildingsets/citysets/hightech/addon/medium/ht_med_addon_vent_001_a.cgf
    [-0.19145161542591196, 0.61244198887602919, -0.36799276178203810, 4776.44862847775948467]
    [0.71449553005014488, 0.16410647156704183, -0.09860419382443894, -6343.11697455778812582]
    [0.00000087213738538, -0.38097435578130284, -0.63404741443195711, -58.37172566913068295]
  #696 objects/buildingsets/human/shop/alpha/shippart/dumpersdepot/prop/prop_crate_dumper_pallet_05.cgf
    [-0.96592814931111948, 0.25882230841811249, 0.00000000000000000, 2308.92125402380042942]
    [-0.25882230841811249, -0.96592814931111948, -0.00000000000000000, -4872.85742482349633065]
    [-0.00000000000000000, 0.00000000000000000, 1.00000308847847252, -42.12333724461495876]
  #697 objects/buildingsets/citysets/hightech/addon/medium/ht_med_addon_panel_02_a.cgf
    [0.00000047152989048, -0.90030891785379952, 0.24123888172760694, 4827.82377416358576738]
    [0.00000072860160999, -0.24123888172720806, -0.90030891785373512, -6293.51764963202185754]
    [0.93206885240508652, 0.00000064403997792, 0.00000058173297189, -50.65669967606663704]
  #698 objects/buildingsets/citysets/hightech/addon/medium/ht_med_addon_panel_06_a.cgf
    [0.25882228355606302, 0.68420490474837847, -0.68182138286425042, 2207.70217632999265334]
    [-0.96592792164459207, 0.18333395740387945, -0.18269546936862713, -4548.20323714801816095]
    [-0.00000012385387859, 0.70587394955383242, 0.70834150776238558, -42.41337110847234726]
  #699 objects/buildingsets/citysets/hightech/addon/medium/ht_med_addon_vent_001_a.cgf
    [1.22749386713020447, 0.32890908847574218, 0.00000000000000000, 4954.88962645192441414]
    [0.32890908847574218, -1.22749386713020470, 0.00000000000000000, -6240.22883509126586432]
    [0.00000000000000000, 0.00000000000000000, -1.27079596408086215, -45.14785225875675678]
  #700 objects/buildingsets/citysets/hightech/addon/large/ht_lrg_addon_tank_002_b.cgf
    [-0.06917711987581139, -0.25816999768125620, 0.00000000000000000, 5237.65865757122082869]
    [0.25816999768125620, -0.06917711987581139, 0.00000000000000000, -5165.08003049143189855]
    [0.00000000000000000, 0.00000000000000000, 0.26727742444331548, -43.14121027849614620]
  #701 objects/buildingsets/citysets/hightech/addon/medium/ht_med_addon_panel_01_a.cgf
    [-0.25882248307874717, 0.00000032444953159, -0.96592848047454605, 2305.86944249236694304]
    [0.96592848047459046, -0.00000005720882841, -0.25882248307877809, -4913.00707932102704945]
    [-0.00000013923398907, -1.00000345356349163, -0.00000029858708107, -48.69596883282065392]
  #702 objects/buildingsets/citysets/hightech/addon/large/ht_lrg_addon_tank_008_a.cgf
    [-0.37482970964164664, 0.10043634278836419, 0.00000000000000000, 2288.25918590318542556]
    [-0.10043634278836419, -0.37482970964164664, -0.00000000000000000, -4886.46727830105555768]
    [-0.00000000000000000, 0.00000000000000000, 0.38805253533863537, -44.69395890645682812]
  #703 objects/buildingsets/citysets/hightech/addon/medium/ht_med_addon_tank_002_a.cgf
    [0.34203934466012598, 0.09165014799953268, 0.00000000000000000, 4793.44970147501589963]
    [0.09165014799953268, -0.34203934466012603, 0.00000000000000000, -6279.78040296586732438]
    [0.00000000000000000, 0.00000000000000000, -0.35410544040421732, -59.99346750229597092]
  #704 objects/buildingsets/citysets/hightech/addon/large/ht_lrg_addon_tank_008_c.cgf
    [-0.07087475598935775, -0.52901402634188488, -0.12275867910504029, 4865.99796122689804179]
    [0.26450742715357334, -0.14174951263461155, 0.45813934675714657, -6283.68781395841688209]
    [-0.47430091117629519, -0.00000012408857735, 0.27383829179999347, -47.41428701393306255]
  #705 objects/buildingsets/citysets/hightech/addon/large/ht_lrg_addon_antenna_001_a.cgf
    [-0.03967951587711595, -0.14808488801100050, 0.00000000000000000, 4824.24924077176547144]
    [0.14808488801100050, -0.03967951587711595, 0.00000000000000000, -6434.60143256777701026]
    [0.00000000000000000, 0.00000000000000000, 0.15330883222265060, -41.26624669134616852]
  #706 objects/buildingsets/citysets/hightech/addon/medium/ht_med_addon_panel_06_a.cgf
    [0.25882228355606302, 0.68420490474837847, -0.68182138286425042, 2250.64134780097447219]
    [-0.96592792164459207, 0.18333395740387945, -0.18269546936862713, -4708.45286214800762536]
    [-0.00000012385387859, 0.70587394955383242, 0.70834150776238558, -42.41337110847234726]
  #707 objects/buildingsets/human/shop/alpha/shippart/dumpersdepot/prop/prop_crate_dumper_cluster_02.cgf
    [-0.96592814931111948, 0.25882230841811249, 0.00000000000000000, 5223.12201739257216104]
    [-0.25882230841811249, -0.96592814931111948, -0.00000000000000000, -5051.37274995527877763]
    [-0.00000000000000000, 0.00000000000000000, 1.00000308847847252, -42.12906726263463497]
  #708 objects/buildingsets/citysets/hightech/addon/medium/ht_med_addon_panel_02_a.cgf
    [0.60544149374103906, -0.16222954537332637, 0.00000000000000000, 5306.58365319502263446]
    [0.16222954537332637, 0.60544149374103906, 0.00000000000000000, -5433.80728755431664467]
    [0.00000000000000000, 0.00000000000000000, 0.62679967113537705, -30.92454086989164352]
  #709 objects/buildingsets/citysets/hightech/addon/medium/ht_med_addon_panel_06_a.cgf
    [-0.96592873306120808, 0.25882098716880819, 0.00000000000000000, 4974.32533051792779588]
    [-0.25882098716880819, -0.96592873306120808, -0.00000000000000000, -6241.77826358052880096]
    [-0.00000000000000000, 0.00000000000000000, 1.00000331037065360, -42.14120729826390743]
  #710 objects/buildingsets/citysets/hightech/addon/medium/ht_med_addon_vent_001_a.cgf
    [-1.22749437846204446, -0.32890718017137943, 0.00000000000000000, 4880.23091758134614793]
    [-0.32890718017137943, 1.22749437846204401, -0.00000000000000000, -6278.50205772709341545]
    [0.00000000000000000, 0.00000000000000000, -1.27079596408086282, -45.14785225875675678]
  #711 objects/buildingsets/citysets/hightech/addon/medium/ht_med_addon_panel_06_a.cgf
    [-0.96592873306120808, 0.25882098716880819, 0.00000000000000000, 4975.78120342013062327]
    [-0.25882098716880819, -0.96592873306120808, -0.00000000000000000, -6247.21160854017398378]
    [-0.00000000000000000, 0.00000000000000000, 1.00000331037065360, -42.14120729826390743]
  #712 objects/buildingsets/citysets/hightech/addon/large/ht_lrg_addon_tank_008_b_linemarking_a.cgf
    [-0.27071279406774129, 0.46889298513457928, 0.00000000000000000, 2438.45998409104140592]
    [-0.46889298513457928, -0.27071279406774129, -0.00000000000000000, -4969.59628706900730322]
    [-0.00000000000000000, 0.00000000000000000, 0.54142963382177367, -42.04962902516126633]
  #713 objects/buildingsets/citysets/hightech/addon/medium/ht_med_addon_panel_03_a.cgf
    [0.31357353360649765, 0.18103979477671350, 0.00000000000000000, 5217.99112002376205055]
    [-0.18103979477671350, 0.31357353360649765, -0.00000000000000000, -5009.95238250788861478]
    [-0.00000000000000000, 0.00000000000000000, 0.36208254345005347, -44.70762894675135612]
  #714 objects/buildingsets/human/shop/alpha/shippart/dumpersdepot/prop/prop_crate_dumper_cluster_01.cgf
    [-0.25882246512175294, -0.96592913004035696, 0.00000000000000000, 5230.05782551224911003]
    [0.96592913004035696, -0.25882246512175294, 0.00000000000000000, -5099.87077876636794826]
    [0.00000000000000000, 0.00000000000000000, 1.00000407634780264, -42.12333724461495876]
  #715 objects/buildingsets/citysets/hightech/addon/medium/ht_med_addon_panel_03_a.cgf
    [0.20222324013702828, -0.35026428791607023, 0.00000000000000000, 2344.18613257652032189]
    [0.35026428791607023, 0.20222324013702828, 0.00000000000000000, -4942.45318046428474190]
    [0.00000000000000000, 0.00000000000000000, 0.40444939144579006, -42.17761840671300888]
  #716 objects/buildingsets/citysets/hightech/addon/large/ht_lrg_addon_tank_008_b_linemarking_a.cgf
    [0.52298092140066677, -0.14013381675412506, 0.00000000000000000, 4765.28116427707209368]
    [0.14013381675412506, 0.52298092140066677, 0.00000000000000000, -6306.36025665629313153]
    [0.00000000000000000, 0.00000000000000000, 0.54143007927817333, -42.04962902516126633]
  #717 objects/buildingsets/citysets/hightech/addon/greeble/orison_shipyard_greeble_c.cgf
    [-1.12141601993647444, -0.30048482656107678, 0.00000000000000000, 5274.33822876819613157]
    [-0.30048482656107678, 1.12141601993647422, -0.00000000000000000, -5272.59755139639491972]
    [0.00000000000000000, 0.00000000000000000, -1.16097589155141523, -58.89406422525644302]
  #718 objects/buildingsets/citysets/hightech/addon/medium/ht_med_addon_panel_01_a.cgf
    [0.24123908304943792, -0.00000071350612238, 0.90030836386176483, 4808.42499745341774542]
    [-0.90030836386199542, 0.00000012580954869, 0.24123908304959948, -6377.99933973336919735]
    [-0.00000030619315178, -0.93206836939677651, -0.00000065663139068, -46.13670820556581020]
  #719 objects/buildingsets/citysets/hightech/addon/medium/ht_med_addon_panel_01_a.cgf
    [0.37330986212864564, 0.15265006335597167, -0.62007839827507572, 4760.41746571889598272]
    [0.63859162369205602, -0.08923727033651441, 0.36248718976772887, -6286.67882131278929592]
    [-0.00000055586271025, -0.71825774117149610, -0.17682005615705867, -46.18267734348773956]
  #720 objects/buildingsets/citysets/hightech/addon/medium/ht_med_addon_panel_06_a.cgf
    [0.25882289953745108, 0.96592793462794269, 0.00000000000000000, 2284.41830583890623529]
    [-0.96592793462794269, 0.25882289953745108, -0.00000000000000000, -4741.55238603777434037]
    [-0.00000000000000000, 0.00000000000000000, 1.00000303410518532, -42.14120729826390743]
  #721 objects/buildingsets/human/universal/prop/uee/forklift/forklift_machine_1_a.cgf
    [-0.61566573515883327, -0.78801211020336359, 0.00000000000000000, 2320.43765307350986404]
    [0.78801211020336359, -0.61566573515883327, 0.00000000000000000, -4861.78413843690395879]
    [0.00000000000000000, 0.00000000000000000, 1.00000369163109815, -42.12398224696516991]
  #722 objects/buildingsets/citysets/hightech/addon/medium/ht_med_addon_antenna_005_a.cgf
    [-0.00000009516369314, -0.82229151574110149, -1.42425772468111278, 5198.41995408783986932]
    [-0.00000007114161580, -1.42425772468111189, 0.82229151574110571, -5042.14539041082935000]
    [-1.64458912898438347, 0.00000010919219276, 0.00000004684360135, -52.61757352016866207]
  #723 objects/buildingsets/citysets/hightech/addon/large/ht_lrg_addon_antenna_002_a.cgf
    [0.11780380709910977, -0.43964420569396517, 0.00000000000000000, 2310.95647008511150489]
    [-0.43964420569396517, -0.11780380709910966, -0.00000000000000000, -4906.31867512586359226]
    [0.00000000000000000, 0.00000000000000000, -0.45515356152327513, -68.61334919184446335]
  #724 objects/buildingsets/citysets/hightech/addon/large/ht_lrg_addon_tank_009_b.cgf
    [0.27071278979661800, -0.46889280620582302, 0.00000000000000000, 5093.81983934649542789]
    [0.46889280620582302, 0.27071278979661800, 0.00000000000000000, -4978.01050875327382528]
    [0.00000000000000000, 0.00000000000000000, 0.54142947672900055, -41.95587874576449394]
  #725 objects/buildingsets/citysets/hightech/addon/medium/ht_med_addon_panel_06_a.cgf
    [-0.25882254024008300, -0.64758462446242981, 0.71669439168071503, 2249.29458323594008107]
    [0.96592789425853964, -0.17352174150710128, 0.19203987231997460, -4551.17257843579318433]
    [-0.00000000962530568, 0.74197719885941393, 0.67042944492004763, -40.12864929996430874]
  #726 objects/buildingsets/citysets/hightech/addon/containers/containers_01x02x02_a.cgf
    [0.25882172219098987, 0.96592820539686253, 0.00000000000000000, 4809.49479810914999689]
    [-0.96592820539686253, 0.25882172219098987, -0.00000000000000000, -6270.78748958058167773]
    [-0.00000000000000000, 0.00000000000000000, 1.00000299092508360, -42.12219124101102352]
  #727 objects/buildingsets/human/hightech/delta/int/garage/high_tech_garage_door_l.cga
    [-0.47348985625967760, -0.27336750554585909, -0.00000000000000000, 2354.05169870653116959]
    [0.27336750554585909, -0.47348985625967760, 0.00000000000000000, -4959.98351946602087992]
    [0.00000000000000000, -0.00000000000000000, 0.54673799673076995, -45.32613979093730450]
  #728 objects/buildingsets/citysets/hightech/addon/medium/ht_med_addon_tank_002_a.cgf
    [0.09164982191622169, -0.34203909648337799, 0.00000000000000000, 4943.47482570727515849]
    [-0.34203909648337799, -0.09164982191622185, -0.00000000000000000, -6251.09900795108296734]
    [0.00000000000000000, 0.00000000000000000, -0.35410511628673313, -55.52230917662382126]
  #729 objects/buildingsets/citysets/hightech/addon/medium/ht_med_addon_panel_02_a.cgf
    [-0.96592814931111948, 0.25882230841811249, 0.00000000000000000, 5247.43867877859520377]
    [-0.25882230841811249, -0.96592814931111948, -0.00000000000000000, -5232.72465943184397474]
    [-0.00000000000000000, 0.00000000000000000, 1.00000308847847252, -37.87017557024955750]
  #730 objects/buildingsets/citysets/hightech/addon/medium/ht_med_addon_vent_003_a.cgf
    [0.33107255335257152, 0.57344063809189361, 0.00000000000000000, 5201.20824893487952068]
    [0.57344063809189361, -0.33107255335257169, 0.00000000000000000, -5004.42242055732094741]
    [0.00000000000000000, 0.00000000000000000, -0.66215043683337516, -62.30171138048171997]
  #731 objects/buildingsets/citysets/hightech/addon/containers/containers_01x04x02_a.cgf
    [-0.96592814931111948, 0.25882230841811249, 0.00000000000000000, 5230.88242879708923283]
    [-0.25882230841811249, -0.96592814931111948, -0.00000000000000000, -5064.05458789428121236]
    [-0.00000000000000000, 0.00000000000000000, 1.00000308847847252, -42.12219124101102352]
  #732 objects/buildingsets/citysets/hightech/addon/medium/ht_med_addon_tank_002_a.cgf
    [0.09164982191622169, -0.34203909648337799, 0.00000000000000000, 4788.98980759381447569]
    [-0.34203909648337799, -0.09164982191622185, -0.00000000000000000, -6330.42337012213283742]
    [0.00000000000000000, 0.00000000000000000, -0.35410511628673313, -59.99346750229597092]
  #733 objects/buildingsets/citysets/hightech/addon/medium/ht_med_addon_vent_001_a.cgf
    [1.22749386713020447, 0.32890908847574218, 0.00000000000000000, 4875.66381133766481071]
    [0.32890908847574218, -1.22749386713020470, 0.00000000000000000, -6261.45749245449587761]
    [0.00000000000000000, 0.00000000000000000, -1.27079596408086215, -45.14785225875675678]
  #734 objects/buildingsets/citysets/hightech/addon/medium/ht_med_addon_tank_002_a.cgf
    [0.09164982191622169, -0.34203909648337799, 0.00000000000000000, 4783.07218434887181502]
    [-0.34203909648337799, -0.09164982191622185, -0.00000000000000000, -6332.00900395182725333]
    [0.00000000000000000, 0.00000000000000000, -0.35410511628673313, -59.99346750229597092]
  #735 objects/buildingsets/citysets/hightech/addon/large/ht_lrg_addon_tank_001_b.cgf
    [0.02588232870590578, 0.06830141392411404, -0.06830146228664599, 5328.59710793932026718]
    [-0.09659282009821123, 0.01830159544757657, -0.01830154483413040, -5449.18998752414518094]
    [0.00000004342066706, 0.07071093475416604, 0.07071090113948506, -36.10175330005586147]
  #736 objects/buildingsets/human/universal/prop/uee/forklift/forklift_machine_1_a.cgf
    [0.61566613276963056, 0.78801107573146445, 0.00000000000000000, 5208.39046367430273676]
    [-0.78801107573146445, 0.61566613276963056, -0.00000000000000000, -5072.78079551873997843]
    [-0.00000000000000000, 0.00000000000000000, 1.00000312125261481, -42.12398224696516991]
  #737 objects/buildingsets/citysets/hightech/addon/medium/ht_med_addon_vent_001_a.cgf
    [0.25882272301809456, -0.00000032444941381, 0.96592818879787967, 5277.00399746717812377]
    [-0.96592818879792408, 0.00000005720880740, 0.25882272301812570, -5234.57660027916608669]
    [-0.00000013923403021, -1.00000323392719603, -0.00000029858692967, -54.07066485099494457]
  #738 objects/buildingsets/citysets/hightech/addon/large/ht_lrg_addon_tank_002_a.cgf
    [0.25816990880496304, -0.06917715964668400, 0.00000000000000000, 4931.54678470246653887]
    [0.06917715964668400, 0.25816990880496304, 0.00000000000000000, -6258.28781677433471486]
    [0.00000000000000000, 0.00000000000000000, 0.26727734888902527, -43.14121027849614620]
  #739 objects/buildingsets/citysets/hightech/addon/medium/ht_med_addon_tank_003_a.cgf
    [0.23294085874192424, -0.86933607102445976, 0.00000000000000000, 2261.81127391395784798]
    [-0.86933607102445976, -0.23294085874192444, -0.00000000000000000, -4679.16607126433700614]
    [0.00000000000000000, 0.00000000000000000, -0.90000369335668284, -62.64344239979982376]
  #740 objects/buildingsets/citysets/hightech/addon/medium/ht_med_addon_vent_003_a.cgf
    [0.19145109109246053, -0.61244215987196748, -0.36799286452687324, 4782.06323197373785661]
    [-0.71449572953977381, -0.16410602212499298, -0.09860392377368002, -6364.07076017098188458]
    [-0.00000087213620786, 0.38097438513041632, -0.63404746327508388, -58.37171666882932186]
  #741 objects/buildingsets/citysets/hightech/addon/medium/ht_med_addon_antenna_003_a.cgf
    [0.49999926299872893, 0.00000102901448930, -0.86602957066019393, 5092.48005901974465814]
    [0.86602957066066721, -0.00000115870924502, 0.49999926299762559, -4967.48245395258891222]
    [-0.00000048896839918, -1.00000324012265551, -0.00000147050598040, -45.36960691958665848]
  #742 objects/buildingsets/citysets/hightech/addon/greeble/orison_shipyard_greeble_c.cgf
    [0.96592827500175438, 0.25882286981770863, 0.00000000000000000, 2233.93966967608139385]
    [0.25882286981770863, -0.96592827500175438, 0.00000000000000000, -4575.33399375264161790]
    [0.00000000000000000, 0.00000000000000000, -1.00000335518864114, -49.80266613140702248]
  #743 objects/buildingsets/citysets/hightech/addon/small/ht_sml_addon_vent_005_a.cgf
    [-0.96592814931111948, 0.25882230841811249, 0.00000000000000000, 5313.34229185019648867]
    [-0.25882230841811249, -0.96592814931111948, -0.00000000000000000, -5426.81133483225312375]
    [-0.00000000000000000, 0.00000000000000000, 1.00000308847847252, -32.28740093111991882]
  #744 objects/buildingsets/citysets/hightech/addon/large/ht_lrg_addon_tank_002_b.cgf
    [0.06214594701556599, -0.23192888401111983, 0.00000000000000000, 5325.27358419076699647]
    [-0.23192888401111983, -0.06214594701556604, -0.00000000000000000, -5436.86917936092686432]
    [0.00000000000000000, 0.00000000000000000, -0.24011065359351513, -49.80963915213942528]
  #745 objects/buildingsets/citysets/hightech/struts/ht_connect_45_001.cgf
    [0.96592817044406332, -0.25882284180121662, 0.00000000000000000, 2345.00726438925630646]
    [0.25882284180121662, 0.96592817044406332, 0.00000000000000000, -4899.81500770438469772]
    [0.00000000000000000, 0.00000000000000000, 1.00000324694246512, -53.51624119840562344]
  #746 objects/buildingsets/citysets/hightech/addon/medium/ht_med_addon_panel_02_a.cgf
    [-0.29743162932331940, -0.51517056205510858, 0.00000000000000000, 2373.53637203324615257]
    [-0.51517056205510858, 0.29743162932331935, -0.00000000000000000, -4955.77367428931211180]
    [0.00000000000000000, 0.00000000000000000, -0.59486660868643559, -58.04750370234251022]
  #747 objects/buildingsets/citysets/hightech/addon/medium/ht_med_addon_panel_06_a.cgf
    [-0.86602956225762651, -0.00000010137421672, 0.49999921841845019, 5173.24409865874622483]
    [0.49999921841806033, -0.00000144064281422, 0.86602956225665950, -5004.24652421333485108]
    [0.00000063252518189, 1.00000321055540731, 0.00000129832212680, -60.26626331545412540]
  #748 objects/buildingsets/citysets/hightech/addon/medium/ht_med_addon_panel_01_a.cgf
    [0.09296455988219619, 0.49735774947090161, 0.27168218953374218, 5201.68997504784056218]
    [0.16102014451801380, -0.28714738637828624, 0.47057118910767998, -5011.81572389550456137]
    [0.54336769882650027, -0.00000024040987459, -0.18592981561501817, -58.26920936256647110]
  #749 objects/buildingsets/citysets/hightech/addon/large/ht_lrg_addon_antenna_001_a.cgf
    [-0.15131654815440787, -0.08736201371565268, -0.00000000000000000, 5014.37415498058544472]
    [0.08736201371565268, -0.15131654815440787, 0.00000000000000000, -4936.18350694328000827]
    [0.00000000000000000, -0.00000000000000000, 0.17472498157338315, -41.26624669134616852]
  #750 objects/buildingsets/human/universal/prop/uee/forklift/forklift_machine_1_a.cgf
    [0.51503781201652077, -0.85717136787735904, 0.00000000000000000, 4823.89833730618556729]
    [0.85717136787735904, 0.51503781201652077, 0.00000000000000000, -6291.86206972382387903]
    [0.00000000000000000, 0.00000000000000000, 1.00000335085213976, -42.12328424490988255]
  #751 objects/buildingsets/citysets/hightech/addon/medium/ht_med_addon_antenna_008_c.cgf
    [-0.29844896519973413, 0.00000005410877111, 0.17230695607814381, 5017.60694456427881960]
    [0.17230695607814459, -0.00000000954077336, 0.29844896519973829, -4938.47663501319948409]
    [0.00000005163008136, 0.34461786364277075, -0.00000001879149190, -41.48812135122716427]
  #752 objects/buildingsets/citysets/hightech/addon/medium/ht_med_addon_panel_04_a.cgf
    [0.20222324013702828, -0.35026428791607023, 0.00000000000000000, 5153.33913852920159115]
    [0.35026428791607023, 0.20222324013702828, 0.00000000000000000, -4985.08829003877508512]
    [0.00000000000000000, 0.00000000000000000, 0.40444939144579006, -42.16329636424779892]
  #753 objects/buildingsets/citysets/hightech/addon/large/ht_lrg_addon_tank_008_c.cgf
    [0.26450694698146721, -0.14175094122140200, 0.45813900988096229, 5217.33800724784305203]
    [0.07087589601378219, 0.52901349451218449, 0.12275967050122343, -5118.48754366197135823]
    [-0.47430084237338788, 0.00000041478465372, 0.27383812305272826, -47.41428701393306255]
  #754 objects/buildingsets/citysets/hightech/addon/large/ht_lrg_addon_tank_008_a_linemarking_a.cgf
    [0.34968080609969099, -0.09369783667915441, 0.00000000000000000, 5244.02055945841129869]
    [0.09369783667915441, 0.34968080609969099, 0.00000000000000000, -5061.13957432470670028]
    [0.00000000000000000, 0.00000000000000000, 0.36201650618843778, -44.69395890645682812]
  #755 objects/buildingsets/human/universal/prop/uee/forklift/forklift_machine_1_a.cgf
    [0.61566613276963056, 0.78801107573146445, 0.00000000000000000, 5209.50069278687806218]
    [-0.78801107573146445, 0.61566613276963056, -0.00000000000000000, -5077.16128706648487423]
    [-0.00000000000000000, 0.00000000000000000, 1.00000312125261481, -42.12398224696516991]
  #756 objects/buildingsets/human/shop/alpha/shippart/dumpersdepot/prop/prop_crate_dumper_cluster_02.cgf
    [-0.86602952841358471, -0.49999820189647215, -0.00000000000000000, 4840.80806879220472183]
    [0.49999820189647215, -0.86602952841358471, 0.00000000000000000, -6273.09398006727315078]
    [0.00000000000000000, -0.00000000000000000, 1.00000267298840773, -42.12906726263463497]
  #757 objects/buildingsets/human/shop/alpha/shippart/dumpersdepot/prop/prop_crate_dumper_cluster_01.cgf
    [-0.96592873306120808, 0.25882098716880819, 0.00000000000000000, 4795.12475609013927169]
    [-0.25882098716880819, -0.96592873306120808, -0.00000000000000000, -6275.74007960780909343]
    [-0.00000000000000000, 0.00000000000000000, 1.00000331037065360, -42.12333724461495876]
  #758 objects/buildingsets/citysets/hightech/addon/medium/ht_med_addon_panel_01_a.cgf
    [-0.25882254194422610, 0.18430813706197816, -0.94818096083125225, 5266.88696917314518942]
    [0.96592785645209200, 0.04938579586330658, -0.25406721824237527, -5317.20349925574009831]
    [0.00000001569027003, -0.98162991288381962, -0.19080997411117925, -45.79295318201184273]
  #759 objects/buildingsets/citysets/hightech/addon/large/ht_lrg_addon_tank_002_b.cgf
    [0.20794174813019051, -0.12005491838261556, 0.00000000000000000, 5198.86830610154356691]
    [-0.12005491838261556, -0.20794174813019062, -0.00000000000000000, -5026.97182070334565651]
    [0.00000000000000000, 0.00000000000000000, -0.24011029557954428, -59.87308214232325554]
  #760 objects/buildingsets/citysets/hightech/addon/large/ht_lrg_addon_tank_002_b.cgf
    [-0.25816989157812426, 0.06917672485396512, 0.00000000000000000, 4912.59045252238138346]
    [-0.06917672485396512, -0.25816989157812426, -0.00000000000000000, -6263.36719173602068622]
    [-0.00000000000000000, 0.00000000000000000, 0.26727721971575047, -43.14121027849614620]
  #761 objects/buildingsets/citysets/hightech/addon/large/ht_lrg_addon_tank_008_a.cgf
    [0.37482971784231378, -0.10043654976839080, 0.00000000000000000, 5242.51888735539250774]
    [0.10043654976839080, 0.37482971784231378, 0.00000000000000000, -5055.53531492292131588]
    [0.00000000000000000, 0.00000000000000000, 0.38805259683079946, -44.69395890645682812]
  #762 objects/buildingsets/citysets/hightech/addon/large/ht_lrg_addon_tank_008_b.cgf
    [0.52298092140066677, -0.14013381675412506, 0.00000000000000000, 4765.56130839059915161]
    [0.14013381675412506, 0.52298092140066677, 0.00000000000000000, -6307.40576820977184980]
    [0.00000000000000000, 0.00000000000000000, 0.54143007927817333, -41.95587874576449394]
  #763 objects/buildingsets/citysets/hightech/rooftop/ht_rooftop_doorway_24x02x08_a.cgf
    [-1.17360299928363410, 0.22236219061651785, 0.22236395092156688, 5264.45884886265776004]
    [-0.31446887045491495, -0.82985986938399725, -0.82986540903543671, -5201.58464171194100345]
    [0.00000018847468201, -0.85914045637658454, 0.85913464988310517, -45.34970886074006557]
  #764 objects/buildingsets/citysets/hightech/addon/medium/ht_med_addon_vent_001_a.cgf
    [0.25882272301809456, -0.00000032444941381, 0.96592818879787967, 5284.86572984149825061]
    [-0.96592818879792408, 0.00000005720880740, 0.25882272301812570, -5263.91668170071534405]
    [-0.00000013923403021, -1.00000323392719603, -0.00000029858692967, -54.07066485099494457]
  #765 objects/buildingsets/citysets/hightech/addon/medium/ht_med_addon_panel_01_a.cgf
    [-0.25882254194422610, 0.18430813706197816, -0.94818096083125225, 5253.71241395220567938]
    [0.96592785645209200, 0.04938579586330658, -0.25406721824237527, -5268.03589148522769392]
    [0.00000001569027003, -0.98162991288381962, -0.19080997411117925, -45.79295318201184273]
  #766 objects/buildingsets/citysets/hightech/addon/medium/ht_med_addon_vent_001_a.cgf
    [1.07743631427869735, -0.62205470312218858, 0.00000000000000000, 5167.72020986500137951]
    [-0.62205470312218858, -1.07743631427869846, -0.00000000000000000, -4988.17838707430382783]
    [0.00000000000000000, 0.00000000000000000, -1.24411457068989462, -46.68609684333205223]
  #767 objects/buildingsets/citysets/hightech/addon/medium/ht_med_addon_panel_06_a.cgf
    [-0.25882254534353805, -0.68420449431035069, 0.68182097385607532, 5281.63829787854774622]
    [0.96592734220774290, -0.18333414283825911, 0.18269565415708144, -5239.15396733975103416]
    [-0.00000012385390048, 0.70587360230987206, 0.70834115930440333, -42.41337110847234726]
  #768 objects/buildingsets/citysets/hightech/addon/medium/ht_med_addon_panel_01_a.cgf
    [0.96592529469621602, 0.19234410882568359, -0.17318680567402395, 5110.29308828825014643]
    [0.25882412147917838, -0.71782409093566357, 0.64632828300052825, -4964.36984421691340685]
    [-0.00000022374225775, -0.66912922448951007, -0.74314714675325788, -46.52658636681735516]
  #769 objects/buildingsets/citysets/hightech/addon/medium/ht_med_addon_vent_001_a.cgf
    [0.32200334502661393, -1.20172212343403939, 0.00000000000000000, 2258.38490796455880627]
    [-1.20172212343403939, -0.32200334502661437, -0.00000000000000000, -3284.11129011757657281]
    [0.00000000000000000, 0.00000000000000000, -1.24411503333057838, -46.68609684333205223]
  #770 objects/buildingsets/citysets/hightech/addon/medium/ht_med_addon_tank_003_a.cgf
    [-0.23294022498788455, 0.86933624084025352, 0.00000000000000000, 5278.26538531982805580]
    [0.86933624084025352, 0.23294022498788447, 0.00000000000000000, -5297.53934519834183448]
    [0.00000000000000000, 0.00000000000000000, -0.90000369335668262, -62.64344239979982376]
  #771 objects/buildingsets/citysets/hightech/addon/large/ht_lrg_addon_tank_001_b.cgf
    [0.02944602399162982, 0.10989266092015261, 0.00000000000000000, 5252.52485187103229691]
    [-0.10989266092015261, 0.02944602399162982, -0.00000000000000000, -5285.51035770764610788]
    [-0.00000000000000000, 0.00000000000000000, 0.11376935111455666, -34.39335820823907852]
  #772 objects/buildingsets/citysets/hightech/addon/medium/ht_med_addon_vent_001_a.cgf
    [0.62205413186886538, 1.07743564316237195, 0.00000000000000000, 2195.16546519154871930]
    [1.07743564316237195, -0.62205413186886538, 0.00000000000000000, -3425.09171515245725459]
    [0.00000000000000000, 0.00000000000000000, -1.24411370385983688, -45.42090307176113129]
  #773 objects/buildingsets/citysets/hightech/addon/medium/ht_med_addon_panel_02_a.cgf
    [-0.23261525545968120, -0.19144995566521722, -0.67557121700819489, 4768.34172802827742998]
    [-0.06232927263785805, 0.71449725424419297, -0.18101974283669831, -6338.91460536830891215]
    [0.69940304299208111, -0.00000012322797661, -0.24082108566344848, -52.11565702408552170]
  #774 objects/buildingsets/citysets/hightech/addon/greeble/orison_shipyard_greeble_c.cgf
    [0.22707738170013450, -0.84745173751670189, 0.00000000000000000, 4800.71579853093862766]
    [-0.84745173751670189, -0.22707738170013470, -0.00000000000000000, -6288.31808395998996275]
    [0.00000000000000000, 0.00000000000000000, -0.87734747090298593, -59.90576924011111259]
  #775 objects/buildingsets/human/hightech/delta/int/garage/high_tech_garage_door_l.cga
    [0.47345894220756002, 0.27334867438149224, 0.00000000000000000, 5168.97619953584944597]
    [-0.27334867438149224, 0.47345894220756002, -0.00000000000000000, -4982.28177290617350081]
    [-0.00000000000000000, 0.00000000000000000, 0.54670180879746566, -45.32613979093730450]
  #776 objects/buildingsets/citysets/hightech/addon/small/ht_sml_addon_vent_006_a.cgf
    [-1.06252104484531684, 0.28470456085767576, 0.00000000000000000, 5304.63859907644655323]
    [-0.28470456085767576, -1.06252104484531684, -0.00000000000000000, -5418.57172531358992273]
    [-0.00000000000000000, 0.00000000000000000, 1.10000348077283161, -37.99000892601907253]
  #777 objects/buildingsets/human/hightech/delta/int/garage/high_tech_garage_door_l.cga
    [0.47349010304934708, 0.27336666490619432, 0.00000000000000000, 5178.22809976756616379]
    [-0.27336666490619432, 0.47349010304934708, -0.00000000000000000, -4987.62331709735917684]
    [-0.00000000000000000, 0.00000000000000000, 0.54673779014040802, -45.32613979093730450]
  #778 objects/buildingsets/human/shop/alpha/shippart/dumpersdepot/prop/prop_crate_dumper_pallet_05.cgf
    [-0.86602919681705015, -0.50000038363992683, -0.00000000000000000, 2237.43532251197029836]
    [0.50000038363992683, -0.86602919681705015, 0.00000000000000000, -3384.72263149051468645]
    [0.00000000000000000, -0.00000000000000000, 1.00000347668378575, -42.12333724461495876]
  #779 objects/buildingsets/citysets/hightech/addon/containers/containers_01x02x02_a.cgf
    [0.96592867839996133, -0.25882091624817322, 0.00000000000000000, 5224.80467607876198599]
    [0.25882091624817322, 0.96592867839996133, 0.00000000000000000, -5084.16602500920453167]
    [0.00000000000000000, 0.00000000000000000, 1.00000323921627365, -42.12219124101102352]
  #780 objects/buildingsets/citysets/hightech/addon/medium/ht_med_addon_tank_003_a.cgf
    [0.54201609488825053, -0.14523455291347553, 0.00000000000000000, 5317.86312243876454886]
    [0.14523455291347553, 0.54201609488825053, 0.00000000000000000, -5455.79073037179659877]
    [0.00000000000000000, 0.00000000000000000, 0.56113681262049286, -31.46722948737442493]
  #781 objects/buildingsets/citysets/hightech/addon/large/ht_lrg_addon_building_001_a.cgf
    [0.14758547679054043, 0.08520758790731439, 0.00000000000000000, 5172.39601179739111103]
    [-0.08520758790731439, 0.14758547679054043, -0.00000000000000000, -4992.26055122212892456]
    [-0.00000000000000000, 0.00000000000000000, 0.17041656608579420, -44.07613606564700603]
  #782 objects/buildingsets/citysets/hightech/addon/medium/ht_med_addon_panel_06_a.cgf
    [-0.96592839534813635, -0.00000007393383545, -0.25882156163383591, 4787.65276681044633733]
    [-0.25882156163383757, 0.00000001303644369, 0.96592839534813857, -6273.27834728810012166]
    [-0.00000006804046515, 1.00000313284829390, -0.00000003172784261, -50.71418484672904015]
  #783 objects/buildingsets/citysets/hightech/addon/greeble/orison_shipyard_greeble_d.cgf
    [-0.45214283319042431, -0.78314216175838780, 0.00000000000000000, 5159.79143586135978694]
    [-0.78314216175838780, 0.45214283319042398, -0.00000000000000000, -5008.62062685610908375]
    [0.00000000000000000, 0.00000000000000000, -0.90429242346105343, -59.32875752076506615]
  #784 objects/buildingsets/citysets/hightech/addon/large/ht_lrg_addon_antenna_001_a.cgf
    [-0.19184456047686974, 0.71597170233659113, 0.00000000000000000, 2234.69586696827536798]
    [0.71597170233659113, 0.19184456047686949, 0.00000000000000000, -3268.85607877046459180]
    [0.00000000000000000, 0.00000000000000000, -0.74122858412996984, -65.84642894566059113]
  #785 objects/buildingsets/citysets/hightech/addon/medium/ht_med_addon_window_01_a.cgf
    [-0.40081368027511405, 0.69423657523902094, 0.00000000000000000, 5169.31803290190509870]
    [-0.69423657523902094, -0.40081368027511405, -0.00000000000000000, -4992.25064114690212591]
    [-0.00000000000000000, 0.00000000000000000, 0.80163335053831553, -41.19960549287497997]
  #786 objects/buildingsets/citysets/hightech/addon/greeble/orison_shipyard_greeble_c.cgf
    [-0.96592840693318349, -0.25882237744844067, 0.00000000000000000, 5298.33990417795575922]
    [-0.25882237744844067, 0.96592840693318294, -0.00000000000000000, -5372.27281260684139852]
    [0.00000000000000000, 0.00000000000000000, -1.00000335518864159, -49.80266613140702248]
  #787 objects/buildingsets/citysets/hightech/addon/large/ht_lrg_addon_tank_002_b.cgf
    [0.06214594701556599, -0.23192888401111983, 0.00000000000000000, 5320.33313129808084341]
    [-0.23192888401111983, -0.06214594701556604, -0.00000000000000000, -5418.43135401063227619]
    [0.00000000000000000, 0.00000000000000000, -0.24011065359351513, -49.80963915213942528]
  #788 objects/buildingsets/citysets/hightech/addon/containers/containers_01x02x03_a.cgf
    [-0.25881967822014917, -0.96592901962049404, 0.00000000000000000, 4826.71852684658006183]
    [0.96592901962049404, -0.25881967822014917, 0.00000000000000000, -6275.30132159792447055]
    [0.00000000000000000, 0.00000000000000000, 1.00000324838421917, -42.12219124101102352]
  #789 objects/buildingsets/citysets/hightech/addon/large/ht_lrg_addon_tank_005_a.cgf
    [-0.05459480500209838, 0.00000006843754402, 0.20374843951032018, 5231.87456215596466791]
    [0.20374843951032956, -0.00000001206730576, 0.05459480500210490, -5061.37806919328613731]
    [0.00000002936922794, 0.21093605508804697, -0.00000006298226540, -53.24147537909448147]
  #790 objects/buildingsets/citysets/hightech/addon/medium/ht_med_addon_panel_03_a.cgf
    [-0.20222324332756975, 0.35026442157637078, 0.00000000000000000, 5188.09365461671404773]
    [-0.35026442157637078, -0.20222324332756975, -0.00000000000000000, -5005.15365696104890958]
    [-0.00000000000000000, 0.00000000000000000, 0.40444950879454777, -42.17761840671300888]
  #791 objects/buildingsets/citysets/hightech/addon/large/ht_lrg_addon_tank_003_c.cgf
    [0.16327521850681884, -0.09426642378619292, 0.00000000000000000, 2254.43340848395018838]
    [-0.09426642378619292, -0.16327521850681895, -0.00000000000000000, -3337.94602905910141999]
    [0.00000000000000000, 0.00000000000000000, -0.18853369892909752, -59.99808251485228539]
  #792 objects/buildingsets/citysets/hightech/addon/large/ht_lrg_addon_antenna_001_a.cgf
    [-0.00000005725204453, 0.26583231979718641, 0.07123009700675652, 4775.49062821525512845]
    [0.00000024977710464, 0.07123009700677890, -0.26583231979706923, -6358.88382543827356130]
    [-0.27521000884466962, 0.00000000934633006, -0.00000025608405791, -39.90588563680648804]
  #793 objects/buildingsets/human/universal/prop/uee/forklift/forklift_machine_1_a.cgf
    [-0.12186736392928739, 0.99254939811241127, 0.00000000000000000, 2220.85738359250171925]
    [-0.99254939811241127, -0.12186736392928739, -0.00000000000000000, -3384.89553207250901323]
    [-0.00000000000000000, 0.00000000000000000, 1.00000298103774821, -42.12328424490988255]
  #794 objects/buildingsets/citysets/hightech/addon/containers/containers_01x02x03_a.cgf
    [-0.96592814931111948, 0.25882230841811249, 0.00000000000000000, 5234.70650190228116116]
    [-0.25882230841811249, -0.96592814931111948, -0.00000000000000000, -5078.79752346638451854]
    [-0.00000000000000000, 0.00000000000000000, 1.00000308847847252, -42.12219124101102352]
  #795 objects/buildingsets/citysets/hightech/addon/greeble/orison_shipyard_greeble_d.cgf
    [0.81422530994761644, 0.21817526877509497, 0.00000000000000000, 5317.54060345193283865]
    [0.21817526877509497, -0.81422530994761644, 0.00000000000000000, -5405.76312267711364257]
    [0.00000000000000000, 0.00000000000000000, -0.84294917003599756, -49.80828714743256569]
  #796 objects/buildingsets/citysets/hightech/addon/medium/ht_med_addon_tank_003_a.cgf
    [0.42603475110786071, -0.24596979727147997, 0.00000000000000000, 2153.82541357927766512]
    [-0.24596979727147997, -0.42603475110786099, -0.00000000000000000, -3516.01533591314546356]
    [0.00000000000000000, 0.00000000000000000, -0.49194181599179998, -56.51842414587736130]
  #797 objects/buildingsets/citysets/hightech/addon/large/ht_lrg_addon_tank_009_b.cgf
    [0.52298041179137411, -0.14013421141514892, 0.00000000000000000, 2213.76365580547644640]
    [0.14013421141514892, 0.52298041179137411, 0.00000000000000000, -3225.27896132671594387]
    [0.00000000000000000, 0.00000000000000000, 0.54142968918080292, -41.95587874576449394]
  #798 objects/buildingsets/citysets/hightech/addon/large/ht_lrg_addon_tank_002_a.cgf
    [0.06917723598484704, 0.25816967817580744, 0.00000000000000000, 5242.73804621721865260]
    [-0.25816967817580744, 0.06917723598484704, -0.00000000000000000, -5184.03636197780906514]
    [-0.00000000000000000, 0.00000000000000000, 0.26727714587652868, -43.14121027849614620]
  #799 objects/buildingsets/human/universal/prop/uee/forklift/forklift_machine_1_a.cgf
    [0.51503781201652077, -0.85717136787735904, 0.00000000000000000, 4836.98448340181494132]
    [0.85717136787735904, 0.51503781201652077, 0.00000000000000000, -6288.37617425910320890]
    [0.00000000000000000, 0.00000000000000000, 1.00000335085213976, -42.12328424490988255]
  #800 objects/buildingsets/citysets/hightech/addon/large/ht_lrg_addon_tank_008_a_linemarking_a.cgf
    [0.34968080609969099, -0.09369783667915441, 0.00000000000000000, 5242.51888735539250774]
    [0.09369783667915441, 0.34968080609969099, 0.00000000000000000, -5055.53531492292131588]
    [0.00000000000000000, 0.00000000000000000, 0.36201650618843778, -44.69395890645682812]
  #801 objects/buildingsets/citysets/hightech/addon/large/ht_lrg_addon_arm_003_a.cgf
    [-0.06077080309652265, 0.22679806877576292, 0.00000000000000000, 4773.02349780875010765]
    [0.22679806877576292, 0.06077080309652247, 0.00000000000000000, -6345.05453793535161822]
    [0.00000000000000000, 0.00000000000000000, -0.23479875321094032, -38.71227408014237881]
  #802 objects/buildingsets/citysets/hightech/addon/medium/ht_med_addon_panel_01_a.cgf
    [0.25882272301809456, -0.00000032444941381, 0.96592818879787967, 5226.41032058341443189]
    [-0.96592818879792408, 0.00000005720880740, 0.25882272301812570, -5034.59977063653241203]
    [-0.00000013923403021, -1.00000323392719603, -0.00000029858692967, -48.69596883282065392]
  #803 objects/buildingsets/citysets/hightech/addon/medium/ht_med_addon_panel_06_a.cgf
    [0.50000010152267904, -0.86603062879245651, 0.00000000000000000, 2154.80716731018765131]
    [0.86603062879245651, 0.50000010152267904, 0.00000000000000000, -3518.18545933214409160]
    [0.00000000000000000, 0.00000000000000000, 1.00000457575420465, -42.14120729826390743]
  #804 objects/buildingsets/citysets/hightech/addon/medium/ht_med_addon_tank_002_a.cgf
    [-0.09164977242447134, 0.34203910974475321, 0.00000000000000000, 4949.86796864878851920]
    [0.34203910974475321, 0.09164977242447121, 0.00000000000000000, -6249.38595799864015135]
    [0.00000000000000000, 0.00000000000000000, -0.35410511628673313, -55.52230917662382126]
  #805 objects/buildingsets/citysets/hightech/addon/large/ht_lrg_addon_tank_008_b_linemarking_a.cgf
    [0.27071278979661800, -0.46889280620582302, 0.00000000000000000, 5093.81983934649542789]
    [0.46889280620582302, 0.27071278979661800, 0.00000000000000000, -4978.01050875327382528]
    [0.00000000000000000, 0.00000000000000000, 0.54142947672900055, -42.04962902516126633]
  #806 objects/buildingsets/citysets/hightech/addon/large/ht_lrg_addon_tank_001_b.cgf
    [0.02588232870590578, 0.06830141392411404, -0.06830146228664599, 5323.27243887785516563]
    [-0.09659282009821123, 0.01830159544757657, -0.01830154483413040, -5429.31821231382673432]
    [0.00000004342066706, 0.07071093475416604, 0.07071090113948506, -36.10175330005586147]
  #807 objects/buildingsets/citysets/hightech/addon/medium/ht_med_addon_panel_06_a.cgf
    [-0.25882246512175294, -0.96592913004035696, 0.00000000000000000, 5247.86136474129307317]
    [0.96592913004035696, -0.25882246512175294, 0.00000000000000000, -5206.05443410023326578]
    [0.00000000000000000, 0.00000000000000000, 1.00000407634780264, -42.14120729826390743]
  #808 objects/buildingsets/citysets/hightech/addon/large/ht_lrg_addon_tank_002_b.cgf
    [0.13363819460061704, -0.23146949240251610, 0.00000000000000000, 2183.19468354270793498]
    [0.23146949240251610, 0.13363819460061704, 0.00000000000000000, -3459.26659855876278016]
    [0.00000000000000000, 0.00000000000000000, 0.26727755792282831, -43.14121027849614620]
  #809 objects/buildingsets/human/shop/alpha/shippart/dumpersdepot/prop/prop_crate_dumper_cluster_02.cgf
    [0.86602949910017790, 0.49999935397491041, 0.00000000000000000, 2226.35397431704768678]
    [-0.49999935397491041, 0.86602949910017790, -0.00000000000000000, -3400.50486496828671079]
    [-0.00000000000000000, 0.00000000000000000, 1.00000322363832050, -42.12906726263463497]
  #810 objects/buildingsets/citysets/hightech/addon/containers/containers_01x04x02_a.cgf
    [0.25882172219098987, 0.96592820539686253, 0.00000000000000000, 4822.02336766028747661]
    [-0.96592820539686253, 0.25882172219098987, -0.00000000000000000, -6268.72359036097805074]
    [-0.00000000000000000, 0.00000000000000000, 1.00000299092508360, -42.12219124101102352]
  #811 objects/buildingsets/human/shop/alpha/shippart/dumpersdepot/prop/prop_crate_dumper_cluster_01.cgf
    [-0.50000005949258930, 0.86602886799116108, 0.00000000000000000, 2247.73446191599941812]
    [-0.86602886799116108, -0.50000005949258930, -0.00000000000000000, -3369.08574649290130765]
    [-0.00000000000000000, 0.00000000000000000, 1.00000302983873257, -42.12333724461495876]
  #812 objects/buildingsets/citysets/hightech/struts/ht_connect_45_001.cgf
    [-0.96592814931111948, 0.25882230841811249, 0.00000000000000000, 5187.27250126492435811]
    [-0.25882230841811249, -0.96592814931111948, -0.00000000000000000, -5047.79181916750712844]
    [-0.00000000000000000, 0.00000000000000000, 1.00000308847847252, -53.51624119840562344]
  #813 objects/buildingsets/citysets/hightech/addon/medium/ht_med_addon_panel_03_a.cgf
    [-0.39066788338240555, 0.10468058771116491, 0.00000000000000000, 2261.82443378136304091]
    [-0.10468058771116491, -0.39066788338240555, -0.00000000000000000, -3311.04725477297506586]
    [-0.00000000000000000, 0.00000000000000000, 0.40444952781533033, -42.17761840671300888]
  #814 objects/buildingsets/citysets/hightech/addon/large/ht_lrg_addon_base_antenna_001_a.cgf
    [0.02372748160477815, 0.08855146906169641, 0.00000000000000000, 4772.81891736186662456]
    [-0.08855146906169641, 0.02372748160477815, -0.00000000000000000, -6344.73681215699070890]
    [-0.00000000000000000, 0.00000000000000000, 0.09167527505434417, -43.51923840492963791]
  #815 objects/buildingsets/citysets/hightech/addon/greeble/orison_shipyard_greeble_d.cgf
    [-0.87347898309521588, -0.23405121637361570, 0.00000000000000000, 2237.90191475318715675]
    [-0.23405121637361570, 0.87347898309521577, -0.00000000000000000, -3293.07261060084601922]
    [0.00000000000000000, 0.00000000000000000, -0.90429282082466034, -59.32875752076506615]
  #816 objects/buildingsets/citysets/hightech/addon/large/ht_lrg_addon_antenna_002_a.cgf
    [0.33509113102060645, 0.08978835982125420, 0.00000000000000000, 4976.62534522471833043]
    [0.08978835982125420, -0.33509113102060645, 0.00000000000000000, -6241.90932669049834658]
    [0.00000000000000000, 0.00000000000000000, -0.34691211516472042, -59.29504941962659359]
  #817 objects/buildingsets/citysets/hightech/addon/large/ht_lrg_addon_tank_008_a.cgf
    [0.37482971784231378, -0.10043654976839080, 0.00000000000000000, 5244.02055945841129869]
    [0.10043654976839080, 0.37482971784231378, 0.00000000000000000, -5061.13957432470670028]
    [0.00000000000000000, 0.00000000000000000, 0.38805259683079946, -44.69395890645682812]
  #818 objects/buildingsets/citysets/hightech/addon/large/ht_lrg_addon_antenna_002_a.cgf
    [-0.22304728156116976, -0.38633135571810401, 0.00000000000000000, 2228.03268529751221649]
    [-0.38633135571810401, 0.22304728156116976, -0.00000000000000000, -3385.91454058527779125]
    [0.00000000000000000, 0.00000000000000000, -0.44609640911221865, -67.48503182828426361]
  #819 objects/buildingsets/citysets/hightech/addon/medium/ht_med_addon_panel_06_a.cgf
    [0.25882250638764703, 0.64758467325570535, -0.71669444568117291, 5282.98498195192587445]
    [-0.96592796703788553, 0.17352171881149742, -0.19203984720231204, -5396.43421435367963568]
    [-0.00000000962530571, 0.74197724451881353, 0.67042948617658116, -40.12864929996430874]
  #820 objects/buildingsets/human/universal/prop/uee/forklift/forklift_machine_1_a.cgf
    [0.61566613276963056, 0.78801107573146445, 0.00000000000000000, 5211.84208735484935460]
    [-0.78801107573146445, 0.61566613276963056, -0.00000000000000000, -5085.82269191924751794]
    [-0.00000000000000000, 0.00000000000000000, 1.00000312125261481, -42.12398224696516991]
  #821 objects/buildingsets/citysets/hightech/addon/large/ht_lrg_addon_building_001_a.cgf
    [0.04410764003452242, 0.16460955274369557, 0.00000000000000000, 2258.57206756484083598]
    [-0.16460955274369557, 0.04410764003452242, -0.00000000000000000, -3291.12258020808258152]
    [-0.00000000000000000, 0.00000000000000000, 0.17041651552562179, -44.07613606564700603]
  #822 objects/buildingsets/citysets/hightech/addon/medium/ht_med_addon_vent_001_a.cgf
    [0.62205413186886538, 1.07743564316237195, 0.00000000000000000, 2218.46204671535087982]
    [1.07743564316237195, -0.62205413186886538, 0.00000000000000000, -3384.74070854170349776]
    [0.00000000000000000, 0.00000000000000000, -1.24411370385983688, -45.42090307176113129]
  #823 objects/buildingsets/citysets/hightech/addon/medium/ht_med_addon_panel_02_a.cgf
    [0.57459690975347588, 0.15396423098668985, 0.00000000000000000, 2249.59879875001206528]
    [0.15396423098668985, -0.57459690975347599, 0.00000000000000000, -3279.84645129519958573]
    [0.00000000000000000, 0.00000000000000000, -0.59486687008234629, -58.04750370234251022]
  #824 objects/buildingsets/human/shop/alpha/shippart/dumpersdepot/prop/prop_crate_dumper_pallet_05.cgf
    [0.96592817044406332, -0.25882284180121662, 0.00000000000000000, 5223.35848931162763620]
    [0.25882284180121662, 0.96592817044406332, 0.00000000000000000, -5074.74941403504817572]
    [0.00000000000000000, 0.00000000000000000, 1.00000324694246512, -42.12333724461495876]
  #825 objects/buildingsets/citysets/hightech/struts/ht_connect_45_001.cgf
    [-0.86602919681705015, -0.50000038363992683, -0.00000000000000000, 2230.47621981736665475]
    [0.50000038363992683, -0.86602919681705015, 0.00000000000000000, -3340.74706996933855407]
    [0.00000000000000000, -0.00000000000000000, 1.00000347668378575, -53.51624119840562344]
  #826 objects/buildingsets/citysets/hightech/addon/medium/ht_med_addon_panel_01_a.cgf
    [0.25882272301809456, -0.00000032444941381, 0.96592818879787967, 5293.29585813913945458]
    [-0.96592818879792408, 0.00000005720880740, 0.25882272301812570, -5290.91712873891265190]
    [-0.00000013923403021, -1.00000323392719603, -0.00000029858692967, -46.11465013958513737]
  #827 objects/buildingsets/citysets/hightech/addon/medium/ht_med_addon_antenna_008_c.cgf
    [-0.08919575197936504, 0.00000023234345231, 0.33287490149891796, 2187.90742364944526344]
    [0.33287490149898419, -0.00000004096814866, 0.08919575197941133, -3142.30319485296058701]
    [0.00000009970841635, 0.34461802364223071, -0.00000021382259177, -41.26624469086527824]
  #828 objects/buildingsets/citysets/hightech/addon/medium/ht_med_addon_panel_01_a.cgf
    [-0.50000007916026545, -0.00000059032941978, 0.86602930522273192, 2267.46940518555857125]
    [-0.86602930522290889, 0.00000010409031613, -0.50000007916029654, -3359.02909181171889941]
    [0.00000020501879149, -1.00000341832657180, -0.00000056328581846, -48.69596883282065392]
  #829 objects/buildingsets/citysets/hightech/addon/medium/ht_med_addon_antenna_003_a.cgf
    [0.96592862556461112, -0.00000003753885640, -0.25882223524526721, 2220.26075905608740868]
    [0.25882223524495579, -0.00000141794215875, 0.96592862556365455, -3216.88713615353663045]
    [-0.00000040325339162, -1.00000352956401328, -0.00000135991022992, -45.36960691958665848]
  #830 objects/buildingsets/citysets/hightech/addon/medium/ht_med_addon_vent_001_a.cgf
    [-0.32200310369153445, 1.20172017399164233, 0.00000000000000000, 5240.13800603254640009]
    [1.20172017399164233, 0.32200310369153429, 0.00000000000000000, -5127.57878111797799647]
    [0.00000000000000000, 0.00000000000000000, -1.24411308785233987, -45.42090307176113129]
  #831 objects/buildingsets/citysets/hightech/addon/large/ht_lrg_addon_tank_002_a.cgf
    [0.16504198690254043, 0.28942527195649276, -0.02614011233286819, 2205.53592569507964072]
    [0.28586198933251883, -0.16709926066115222, -0.04527594396535894, -3427.63928373930139060]
    [-0.05228017382067202, -0.00000009803108920, -0.33008473818986817, -52.37305979058146477]
  #832 objects/buildingsets/citysets/hightech/addon/medium/ht_med_addon_panel_06_a.cgf
    [-0.25882246512175294, -0.96592913004035696, 0.00000000000000000, 5253.29471473895682720]
    [0.96592913004035696, -0.25882246512175294, 0.00000000000000000, -5204.59855750129827356]
    [0.00000000000000000, 0.00000000000000000, 1.00000407634780264, -42.14120729826390743]
  #833 objects/buildingsets/citysets/hightech/addon/medium/ht_med_addon_panel_02_a.cgf
    [0.29743171092879439, 0.51517051494051080, 0.00000000000000000, 5158.74342892636195756]
    [0.51517051494051080, -0.29743171092879450, 0.00000000000000000, -4991.83315134134500113]
    [0.00000000000000000, 0.00000000000000000, -0.59486660868643559, -58.04750370234251022]
  #834 objects/buildingsets/human/hightech/delta/int/garage/high_tech_garage_door_l.cga
    [0.14149872364240193, 0.52807272378094172, 0.00000000000000000, 2265.98002138163064956]
    [-0.52807272378094172, 0.14149872364240193, -0.00000000000000000, -3291.98462556991944439]
    [-0.00000000000000000, 0.00000000000000000, 0.54670164659881126, -45.20113941840827465]
  #835 objects/buildingsets/citysets/hightech/addon/greeble/orison_shipyard_greeble_c.cgf
    [0.84745259296169961, 0.22707860142306899, 0.00000000000000000, 5213.17499483249412151]
    [0.22707860142306899, -0.84745259296169984, 0.00000000000000000, -5059.70081186052448174]
    [0.00000000000000000, 0.00000000000000000, -0.87734861289100219, -59.26625733450055122]
  #836 objects/buildingsets/citysets/hightech/addon/medium/ht_med_addon_panel_06_a.cgf
    [0.25882299397019159, 0.68634367569586185, -0.67966865411462440, 5235.39944037744498928]
    [-0.96592811355381014, 0.18390779526935302, -0.18211882123198708, -5240.87015254100151651]
    [0.00000026251330127, 0.70364532573793492, 0.71055592202758522, -42.48306231759488583]
  #837 objects/buildingsets/citysets/hightech/addon/medium/ht_med_addon_tank_003_a.cgf
    [-0.23294022498788455, 0.86933624084025352, 0.00000000000000000, 5270.46835949204614735]
    [0.86933624084025352, 0.23294022498788447, 0.00000000000000000, -5268.44074556837040291]
    [0.00000000000000000, 0.00000000000000000, -0.90000369335668262, -62.64344239979982376]
  #838 objects/buildingsets/citysets/hightech/addon/medium/ht_med_addon_tank_003_a.cgf
    [0.42603475110786071, -0.24596979727147997, 0.00000000000000000, 2173.38793994509251206]
    [-0.24596979727147997, -0.42603475110786099, -0.00000000000000000, -3482.13192391858501651]
    [0.00000000000000000, 0.00000000000000000, -0.49194181599179998, -56.51842414587736130]
  #839 objects/buildingsets/citysets/hightech/addon/containers/containers_01x02x02_a.cgf
    [0.86602849002157090, 0.50000111864044394, 0.00000000000000000, 2245.75114903985377168]
    [-0.50000111864044394, 0.86602849002157090, -0.00000000000000000, -3378.38212928390203160]
    [-0.00000000000000000, 0.00000000000000000, 1.00000323208014552, -42.12219124101102352]
  #840 objects/buildingsets/citysets/hightech/addon/medium/ht_med_addon_panel_04_a.cgf
    [0.39066788636068417, -0.10468066288153177, 0.00000000000000000, 2251.43767272467812290]
    [0.10468066288153177, 0.39066788636068417, 0.00000000000000000, -3272.28370846894176793]
    [0.00000000000000000, 0.00000000000000000, 0.40444955014790329, -42.16329636424779892]
  #841 objects/buildingsets/citysets/hightech/addon/medium/ht_med_addon_vent_001_a.cgf
    [-0.32200310369153445, 1.20172017399164233, 0.00000000000000000, 5222.85502981241734233]
    [1.20172017399164233, 0.32200310369153429, 0.00000000000000000, -5132.20978167922476132]
    [0.00000000000000000, 0.00000000000000000, -1.24411308785233987, -45.42090307176113129]
  #842 objects/buildingsets/citysets/hightech/addon/medium/ht_med_addon_panel_01_a.cgf
    [-0.19000233459281124, -0.14863988670480160, 0.52117528717560124, 2247.45675282214506296]
    [-0.05091039407796089, 0.55472927371162362, 0.13964937413073736, -3259.10511774971564591]
    [-0.53956058756826686, 0.00000081465602496, -0.19670474161856957, -58.21413819864392281]
  #843 objects/buildingsets/citysets/hightech/addon/large/ht_lrg_addon_tank_002_a.cgf
    [-0.13363818336696870, 0.23146902178199941, 0.00000000000000000, 2173.38218067615525797]
    [-0.23146902178199941, -0.13363818336696870, -0.00000000000000000, -3476.26241947082780825]
    [-0.00000000000000000, 0.00000000000000000, 0.26727714473620684, -43.14121027849614620]
  #844 objects/buildingsets/citysets/hightech/addon/containers/containers_01x02x03_a.cgf
    [0.86602849002157090, 0.50000111864044394, 0.00000000000000000, 2253.61594993176913704]
    [-0.50000111864044394, 0.86602849002157090, -0.00000000000000000, -3364.94035649835859658]
    [-0.00000000000000000, 0.00000000000000000, 1.00000323208014552, -42.12219124101102352]
  #845 objects/buildingsets/citysets/hightech/addon/medium/ht_med_addon_window_01_a.cgf
    [-0.77431767746968627, 0.20748065812548314, 0.00000000000000000, 2256.40261618781005382]
    [-0.20748065812548314, -0.77431767746968627, -0.00000000000000000, -3288.93910956551189884]
    [-0.00000000000000000, 0.00000000000000000, 0.80163338823818497, -41.19960549287497997]
  #846 objects/buildingsets/citysets/hightech/addon/medium/ht_med_addon_vent_003_a.cgf
    [0.63958776702215148, 0.17137991304468206, 0.00000000000000000, 2254.71585998305090470]
    [0.17137991304468206, -0.63958776702215159, 0.00000000000000000, -3259.13576500516137457]
    [0.00000000000000000, 0.00000000000000000, -0.66215072779510320, -62.23849119246006012]
  #847 objects/buildingsets/citysets/hightech/addon/medium/ht_med_addon_panel_06_a.cgf
    [0.50000010152267904, -0.86603062879245651, 0.00000000000000000, 2149.93575136888830457]
    [0.86603062879245651, 0.50000010152267904, 0.00000000000000000, -3515.37295734206600173]
    [0.00000000000000000, 0.00000000000000000, 1.00000457575420465, -42.14120729826390743]
  #848 objects/buildingsets/citysets/hightech/addon/containers/containers_01x04x02_a.cgf
    [0.86602849002157090, 0.50000111864044394, 0.00000000000000000, 2234.28881855880899820]
    [-0.50000111864044394, 0.86602849002157090, -0.00000000000000000, -3388.83330327445582952]
    [-0.00000000000000000, 0.00000000000000000, 1.00000323208014552, -42.12219124101102352]
  #849 objects/buildingsets/citysets/hightech/addon/medium/ht_med_addon_vent_001_a.cgf
    [0.62205413186886538, 1.07743564316237195, 0.00000000000000000, 2211.01289282843572437]
    [1.07743564316237195, -0.62205413186886538, 0.00000000000000000, -3434.24120563996621058]
    [0.00000000000000000, 0.00000000000000000, -1.24411370385983688, -45.42090307176113129]
  #850 objects/buildingsets/citysets/hightech/addon/large/ht_lrg_addon_tank_008_c.cgf
    [0.23715089759155636, 0.27383663190055513, 0.41075710345529953, 2201.77173478867916856]
    [-0.13691766036812919, 0.47430153517244139, -0.23714985821309612, -3411.95185630398555077]
    [-0.47430101548378051, 0.00000073064115688, 0.27383753203063560, -47.41428701393306255]
  #851 objects/buildingsets/citysets/hightech/addon/medium/ht_med_addon_panel_01_a.cgf
    [0.86602714169791273, -0.37157269071970300, 0.33456390548366072, 2234.18263073661000817]
    [-0.49999927134061584, -0.64358516177858072, 0.57948351977938850, -3226.79709287228797621]
    [0.00000011456369313, -0.66912940194582360, -0.74314744495976626, -46.50713131017982960]
  #852 objects/buildingsets/citysets/hightech/addon/large/ht_lrg_addon_tank_008_b_linemarking_a.cgf
    [0.52298041179137411, -0.14013421141514892, 0.00000000000000000, 2213.76365580547644640]
    [0.14013421141514892, 0.52298041179137411, 0.00000000000000000, -3225.27896132671594387]
    [0.00000000000000000, 0.00000000000000000, 0.54142968918080292, -42.04962902516126633]
  #853 objects/buildingsets/citysets/hightech/addon/medium/ht_med_addon_antenna_004_a.cgf
    [0.00000036470609287, -2.72564089121424491, -0.73033362869264962, 2242.18645099923014641]
    [0.00000056353978823, -0.73033362869257124, 2.72564089121423248, -3346.63953374087759585]
    [-2.82179118239784721, -0.00000049813391867, 0.00000044994469197, -55.02856270596385002]
  #854 objects/buildingsets/human/universal/prop/uee/forklift/forklift_machine_1_a.cgf
    [-0.12186736392928739, 0.99254939811241127, 0.00000000000000000, 2225.32631600023159990]
    [-0.99254939811241127, -0.12186736392928739, -0.00000000000000000, -3377.11537786869484989]
    [-0.00000000000000000, 0.00000000000000000, 1.00000298103774821, -42.12328424490988255]
  #855 objects/buildingsets/citysets/hightech/addon/medium/ht_med_addon_panel_01_a.cgf
    [0.17959449968976085, 0.14864091809903893, 0.52485259963345487, 2265.46934002935813623]
    [0.04812276957065277, -0.55472915522875754, 0.14063542079496025, -3325.70498208882236213]
    [0.54336780630082482, 0.00000002206934712, -0.18593005477857871, -58.26920936256647110]
  #856 objects/buildingsets/citysets/hightech/addon/greeble/orison_shipyard_greeble_c.cgf
    [0.75980696592510022, -0.43867359714242421, 0.00000000000000000, 2239.53057417571108090]
    [-0.43867359714242421, -0.75980696592510044, -0.00000000000000000, -3366.93967697418884200]
    [0.00000000000000000, 0.00000000000000000, -0.87734893303530082, -59.26625733450055122]
  #857 objects/buildingsets/citysets/hightech/addon/medium/ht_med_addon_tank_003_a.cgf
    [0.42603475110786071, -0.24596979727147997, 0.00000000000000000, 2163.51293128301767865]
    [-0.24596979727147997, -0.42603475110786099, -0.00000000000000000, -3499.23600443535178783]
    [0.00000000000000000, 0.00000000000000000, -0.49194181599179998, -56.51842414587736130]
  #858 objects/buildingsets/human/hightech/delta/int/garage/high_tech_garage_door_l.cga
    [0.14149872364240193, 0.52807272378094172, 0.00000000000000000, 2263.21498667927153292]
    [-0.52807272378094172, 0.14149872364240193, -0.00000000000000000, -3281.66550024898788251]
    [-0.00000000000000000, 0.00000000000000000, 0.54670164659881126, -45.20113941840827465]
  #859 objects/buildingsets/citysets/hightech/addon/large/ht_lrg_addon_antenna_001_a.cgf
    [-0.04522264368003922, -0.16877135238234628, 0.00000000000000000, 2187.16329938514172682]
    [0.16877135238234628, -0.04522264368003922, 0.00000000000000000, -3139.52614638067825581]
    [0.00000000000000000, 0.00000000000000000, 0.17472508945877768, -41.26624669134616852]
  #860 objects/buildingsets/citysets/hightech/addon/medium/ht_med_addon_panel_06_a.cgf
    [-0.25882194740993986, -0.00000077356237713, 0.96592869216893540, 2251.31630907440558076]
    [0.96592869216898747, -0.00000093772785057, 0.25882194740920283, -3299.99068815874670690]
    [0.00000070556083222, 1.00000351940149912, 0.00000098990715979, -60.26626331545412540]
  #861 objects/buildingsets/human/universal/prop/uee/forklift/forklift_machine_1_a.cgf
    [-0.12186736392928739, 0.99254939811241127, 0.00000000000000000, 2227.63874592146021314]
    [-0.99254939811241127, -0.12186736392928739, -0.00000000000000000, -3373.23285207681692555]
    [-0.00000000000000000, 0.00000000000000000, 1.00000298103774821, -42.12328424490988255]
  #862 objects/buildingsets/citysets/hightech/addon/large/ht_lrg_addon_antenna_002_a.cgf
    [-0.11780348659441582, 0.43964429157390544, 0.00000000000000000, 5221.32329079050396103]
    [0.43964429157390544, 0.11780348659441578, 0.00000000000000000, -5041.28817064884970023]
    [0.00000000000000000, 0.00000000000000000, -0.45515356152327524, -68.61334919184446335]
  #863 objects/buildingsets/citysets/hightech/addon/medium/ht_med_addon_tank_003_a.cgf
    [-0.23294022498788455, 0.86933624084025352, 0.00000000000000000, 5262.60663170716725290]
    [0.86933624084025352, 0.23294022498788447, 0.00000000000000000, -5239.10067741099373961]
    [0.00000000000000000, 0.00000000000000000, -0.90000369335668262, -62.64344239979982376]
  #864 objects/buildingsets/citysets/hightech/addon/large/ht_lrg_addon_antenna_001_a.cgf
    [0.16848320394486591, -0.62877988577055643, 0.00000000000000000, 5224.71574506077377009]
    [-0.62877988577055643, -0.16848320394486574, -0.00000000000000000, -5097.77508185965598386]
    [0.00000000000000000, 0.00000000000000000, -0.65096139268098019, -68.49951585195958614]
  #865 objects/buildingsets/citysets/hightech/addon/medium/ht_med_addon_panel_06_a.cgf
    [-0.25882254534353805, -0.68420449431035069, 0.68182097385607532, 5324.57737745797930984]
    [0.96592734220774290, -0.18333414283825911, 0.18269565415708144, -5399.40357613683045201]
    [-0.00000012385390048, 0.70587360230987206, 0.70834115930440333, -42.41337110847234726]
  #866 objects/buildingsets/citysets/hightech/addon/large/ht_lrg_addon_tank_001_b.cgf
    [0.02944602399162982, 0.10989266092015261, 0.00000000000000000, 5259.94172782331588678]
    [-0.10989266092015261, 0.02944602399162982, -0.00000000000000000, -5313.19023702736194537]
    [-0.00000000000000000, 0.00000000000000000, 0.11376935111455666, -34.39335820823907852]
  #867 objects/buildingsets/human/hightech/delta/int/light/light_fixture/light_decal_capsule_a.cgf
    [0.99999924937369000, -1.73205960576750040, 0.00000000000000000, 2669.85630749850679422]
    [1.73205960576750040, 0.99999924937369000, 0.00000000000000000, -19650.88183716972707771]
    [0.00000000000000000, 0.00000000000000000, 2.00000724415673359, 1951.48375939764082432]
  #868 objects/buildingsets/human/hightech/delta/int/light/light_fixture/light_decal_capsule_a.cgf
    [0.99999924937369000, -1.73205960576750040, 0.00000000000000000, 1709.85834655580765684]
    [1.73205960576750040, 0.99999924937369000, 0.00000000000000000, -21313.65709206358587835]
    [0.00000000000000000, 0.00000000000000000, 2.00000724415673359, 1951.48375939764082432]
  #869 objects/buildingsets/human/hightech/delta/int/light/light_fixture/light_decal_capsule_a.cgf
    [0.99999924937369000, -1.73205960576750040, 0.00000000000000000, 1069.00287614725675667]
    [1.73205960576750040, 0.99999924937369000, 0.00000000000000000, -22421.65825036422756966]
    [0.00000000000000000, 0.00000000000000000, 2.00000724415673359, 1951.48375939764082432]
  #870 objects/buildingsets/human/hightech/delta/int/light/light_fixture/light_decal_capsule_a.cgf
    [0.99999924937369000, -1.73205960576750040, 0.00000000000000000, 1549.00185661860814434]
    [1.73205960576750040, 0.99999924937369000, 0.00000000000000000, -21590.27062291730544530]
    [0.00000000000000000, 0.00000000000000000, 2.00000724415673359, 1951.48375939764082432]
  #871 objects/buildingsets/human/hightech/delta/int/light/light_fixture/light_decal_capsule_a.cgf
    [0.99999924937369000, -1.73205960576750040, 0.00000000000000000, 2189.85732702715904452]
    [1.73205960576750040, 0.99999924937369000, 0.00000000000000000, -20482.26946461666375399]
    [0.00000000000000000, 0.00000000000000000, 2.00000724415673359, 1951.48375939764082432]
  #872 objects/buildingsets/human/hightech/delta/int/light/light_fixture/light_decal_capsule_a.cgf
    [-0.51764044733955705, -1.93185527788326850, 0.00000000000000000, 560.62604395110247424]
    [1.93185527788326850, -0.51764044733955705, 0.00000000000000000, -23302.19805474778695498]
    [0.00000000000000000, 0.00000000000000000, 2.00000411184760774, 1951.48375939764082432]
  #873 objects/buildingsets/citysets/hightech/background/plates/habitation_plate_thruster_a.cgf
    [-0.45928048526387605, -0.37500142079020443, -0.45928071676524534, 1530.22306889301398769]
    [0.26516700704899432, -0.64952085488846245, 0.26516508814120016, -21634.85442848503589630]
    [-0.53033131225654406, -0.00000125693409807, 0.53033207122515535, 1938.15985239669680595]
  #874 objects/buildingsets/citysets/hightech/background/plates/habitation_plate_thruster_a.cgf
    [-0.45928048526387605, -0.37500142079020443, -0.45928071676524534, 2530.21168437662345241]
    [0.26516700704899432, -0.64952085488846245, 0.26516508814120016, -19902.81265718274516985]
    [-0.53033131225654406, -0.00000125693409807, 0.53033207122515535, 1938.15985239669680595]
  #875 objects/buildingsets/citysets/hightech/background/plates/habitation_plate_thruster_a.cgf
    [0.45928079000215383, 0.37500040870517926, 0.45928076026883941, 1021.55551559637387982]
    [-0.26516555062779051, 0.64952110113379646, -0.26516511325847214, -22495.87847333742683986]
    [-0.53033136249182478, -0.00000025732075515, 0.53033160692596437, 1938.15985239669680595]
  #876 objects/buildingsets/citysets/hightech/background/plates/habitation_plate_thruster_a.cgf
    [0.45928079000215383, 0.37500040870517926, 0.45928076026883941, 1521.55448058729962213]
    [-0.26516555062779051, 0.64952110113379646, -0.26516511325847214, -21629.84964798133296426]
    [-0.53033136249182478, -0.00000025732075515, 0.53033160692596437, 1938.15985239669680595]
  #877 objects/buildingsets/citysets/hightech/background/plates/habitation_plate_thruster_a.cgf
    [-0.45928048526387605, -0.37500142079020443, -0.45928071676524534, 1030.22410340208807611]
    [0.26516700704899432, -0.64952085488846245, 0.26516508814120016, -22500.88325470715790289]
    [-0.53033131225654406, -0.00000125693409807, 0.53033207122515535, 1938.15985239669680595]
  #878 objects/buildingsets/citysets/hightech/background/plates/habitation_plate_thruster_a.cgf
    [0.45928079000215383, 0.37500040870517926, 0.45928076026883941, 2521.54309607090908685]
    [-0.26516555062779051, 0.64952110113379646, -0.26516511325847214, -19897.80787667904223781]
    [-0.53033136249182478, -0.00000025732075515, 0.53033160692596437, 1938.15985239669680595]
  #879 objects/buildingsets/citysets/hightech/addon/large/ht_lrg_addon_tank_009_b.cgf
    [-0.52297988964187092, 0.14013397194271840, 0.00000000000000000, 578.58499469668095117]
    [-0.14013397194271840, -0.52297988964187092, -0.00000000000000000, -23417.50737832879531197]
    [-0.00000000000000000, 0.00000000000000000, 0.54142912284274658, 1958.04410069249570370]
  #880 objects/buildingsets/human/shop/alpha/shippart/dumpersdepot/prop/prop_crate_dumper_cluster_01.cgf
    [0.49999962468684500, -0.86602980288375020, 0.00000000000000000, 544.61408390796714230]
    [0.86602980288375020, 0.49999962468684500, 0.00000000000000000, -23273.70082031792117050]
    [0.00000000000000000, 0.00000000000000000, 1.00000362207836679, 1957.87664235383272171]
  #881 objects/buildingsets/citysets/hightech/addon/large/ht_lrg_addon_antenna_001_a.cgf
    [0.19184502238207884, -0.71597083808039552, 0.00000000000000000, 557.65276599696881021]
    [-0.71597083808039552, -0.19184502238207884, -0.00000000000000000, -23373.93034081297082594]
    [0.00000000000000000, 0.00000000000000000, -0.74122786887321246, 1934.15357327647507191]
  #882 objects/buildingsets/citysets/hightech/struts/ht_connect_45_001.cgf
    [0.86602867319254873, 0.49999887713978930, 0.00000000000000000, 561.87233255033061141]
    [-0.49999887713978930, 0.86602867319254873, -0.00000000000000000, -23302.03944106146809645]
    [-0.00000000000000000, 0.00000000000000000, 1.00000226996377184, 1946.48374926485121250]
  #883 objects/buildingsets/citysets/hightech/addon/medium/ht_med_addon_vent_001_a.cgf
    [-0.32200301301893380, 1.20172097824986746, 0.00000000000000000, 533.96374067488432047]
    [1.20172097824986746, 0.32200301301893397, 0.00000000000000000, -23358.67517450888408348]
    [0.00000000000000000, 0.00000000000000000, -1.24411384123764557, 1953.31388710625469685]
  #884 objects/buildingsets/citysets/hightech/addon/medium/ht_med_addon_vent_001_a.cgf
    [-0.62205444517331310, -1.07743408576594124, 0.00000000000000000, 597.18295213940655231]
    [-1.07743408576594124, 0.62205444517331310, -0.00000000000000000, -23217.69487150594068225]
    [0.00000000000000000, 0.00000000000000000, -1.24411251176498028, 1954.57907967083156109]
  #885 objects/buildingsets/citysets/hightech/addon/medium/ht_med_addon_panel_04_a.cgf
    [-0.39066753794071718, 0.10468049514906677, 0.00000000000000000, 540.91097898687075940]
    [-0.10468049514906677, -0.39066753794071718, -0.00000000000000000, -23370.50273314358491916]
    [-0.00000000000000000, 0.00000000000000000, 0.40444917018744819, 1957.83668327145278454]
  #886 objects/buildingsets/human/hightech/delta/int/garage/high_tech_garage_door_l.cga
    [-0.14149830581720063, -0.52807307333782683, 0.00000000000000000, 526.36862917317557731]
    [0.52807307333782683, -0.14149830581720063, 0.00000000000000000, -23350.80185747415089281]
    [0.00000000000000000, 0.00000000000000000, 0.54670187610213639, 1954.79884311556816101]
  #887 objects/buildingsets/citysets/hightech/addon/large/ht_lrg_addon_tank_002_a.cgf
    [-0.16504195947602421, -0.28942494468357488, 0.02614011948035272, 586.81250280542735709]
    [-0.28586165601939667, 0.16709923469042878, 0.04527595634488839, -23215.14731713047513040]
    [-0.05228018811543842, -0.00000007567613707, -0.33008443581882463, 1947.62692958116531372]
  #888 objects/buildingsets/citysets/hightech/addon/large/ht_lrg_addon_tank_003_c.cgf
    [-0.16327496534288685, 0.09426650465167298, 0.00000000000000000, 537.91517874545752420]
    [0.09426650465167298, 0.16327496534288671, 0.00000000000000000, -23304.84050322106486419]
    [0.00000000000000000, 0.00000000000000000, -0.18853352011503099, 1940.00191412866115570]
  #889 objects/buildingsets/citysets/hightech/addon/medium/ht_med_addon_tank_003_a.cgf
    [-0.42603408164310891, 0.24597000314556192, 0.00000000000000000, 638.52285381553156185]
    [0.24597000314556192, 0.42603408164310891, 0.00000000000000000, -23126.77132885651371907]
    [0.00000000000000000, 0.00000000000000000, -0.49194133915428873, 1943.48156918026506901]
  #890 objects/buildingsets/citysets/hightech/addon/medium/ht_med_addon_panel_06_a.cgf
    [-0.49999958265679589, 0.86602804208413420, 0.00000000000000000, 637.54109913041611435]
    [-0.86602804208413420, -0.49999958265679589, -0.00000000000000000, -23124.60120935463055503]
    [-0.00000000000000000, 0.00000000000000000, 1.00000207616436887, 1957.85877231694757938]
  #891 objects/buildingsets/citysets/hightech/addon/containers/containers_01x02x03_a.cgf
    [-0.86602735134685704, -0.50000170718104808, -0.00000000000000000, 538.73260805665995576]
    [0.50000170718104808, -0.86602735134685704, 0.00000000000000000, -23277.84621091921144398]
    [0.00000000000000000, -0.00000000000000000, 1.00000254022918078, 1957.87778835557401180]
  #892 objects/buildingsets/human/shop/alpha/shippart/dumpersdepot/prop/prop_crate_dumper_cluster_02.cgf
    [-0.86602837090970930, -0.49999990680382367, -0.00000000000000000, 565.99451023610527045]
    [0.49999990680382367, -0.86602837090970930, 0.00000000000000000, -23242.28172143500705715]
    [0.00000000000000000, -0.00000000000000000, 1.00000252300899595, 1957.87091234140098095]
  #893 objects/buildingsets/citysets/hightech/addon/large/ht_lrg_addon_antenna_002_a.cgf
    [0.22304673198307617, 0.38633115682372743, 0.00000000000000000, 564.31581670932791894]
    [0.38633115682372743, -0.22304673198307634, 0.00000000000000000, -23256.87202811628230847]
    [0.00000000000000000, 0.00000000000000000, -0.44609596207664765, 1932.51497195661067963]
  #894 objects/buildingsets/human/universal/prop/uee/forklift/forklift_machine_1_a.cgf
    [0.12186748235614195, -0.99254960541124038, 0.00000000000000000, 571.49110991063207621]
    [0.99254960541124038, 0.12186748235614195, 0.00000000000000000, -23257.89102778768574353]
    [0.00000000000000000, 0.00000000000000000, 1.00000320122379271, 1957.87669535353779793]
  #895 objects/buildingsets/citysets/hightech/addon/medium/ht_med_addon_panel_01_a.cgf
    [-0.86602546899508126, 0.37157350924440119, -0.33456464248341583, 558.16604540572734550]
    [0.50000037277210285, 0.64358391871549214, -0.57948240052565347, -23415.98927010125771631]
    [0.00000011456440994, -0.66912880114296114, -0.74314677769696058, 1953.49285246990621090]
  #896 objects/buildingsets/citysets/hightech/addon/large/ht_lrg_addon_building_001_a.cgf
    [-0.04410750583774898, -0.16460964695292385, 0.00000000000000000, 533.77657401237593149]
    [0.16460964695292385, -0.04410750583774898, 0.00000000000000000, -23351.66389396127487998]
    [0.00000000000000000, 0.00000000000000000, 0.17041657179157568, 1955.92384539544582367]
  #897 objects/buildingsets/citysets/hightech/addon/large/ht_lrg_addon_tank_002_b.cgf
    [-0.13363804925690165, 0.23146878949564792, 0.00000000000000000, 609.15368218894946040]
    [-0.23146878949564792, -0.13363804925690165, -0.00000000000000000, -23183.52002117912343238]
    [-0.00000000000000000, 0.00000000000000000, 0.26727687651529197, 1956.85877029038965702]
  #898 objects/buildingsets/citysets/hightech/addon/medium/ht_med_addon_vent_003_a.cgf
    [-0.63958722172636795, -0.17137964517119431, 0.00000000000000000, 537.63280981050411356]
    [-0.17137964517119431, 0.63958722172636773, -0.00000000000000000, -23383.65066249669325771]
    [0.00000000000000000, 0.00000000000000000, -0.66215013174857773, 1937.76150758937001228]
  #899 objects/buildingsets/citysets/hightech/addon/medium/ht_med_addon_window_01_a.cgf
    [0.77431693491574360, -0.20748060656447445, 0.00000000000000000, 535.94602477404987440]
    [0.20748060656447445, 0.77431693491574360, 0.00000000000000000, -23353.84735943035047967]
    [0.00000000000000000, 0.00000000000000000, 0.80163265764168701, 1958.80037322454154491]
  #900 objects/buildingsets/citysets/hightech/addon/medium/ht_med_addon_panel_01_a.cgf
    [0.49999942424296678, 0.00000059032918625, -0.86602904357512955, 524.87917743742582388]
    [0.86602904357530641, -0.00000010409027534, 0.49999942424299842, -23283.75748217183718225]
    [0.00000020501846468, -1.00000286427536866, -0.00000056328568506, 1951.30401703342795372]
  #901 objects/buildingsets/citysets/hightech/addon/greeble/orison_shipyard_greeble_c.cgf
    [-0.75980578578118829, 0.43867397228149146, 0.00000000000000000, 552.81796294855666929]
    [0.43867397228149146, 0.75980578578118796, 0.00000000000000000, -23275.84687841996492352]
    [0.00000000000000000, 0.00000000000000000, -0.87734809856965668, 1940.73373861238360405]
  #902 objects/buildingsets/citysets/hightech/addon/greeble/orison_shipyard_greeble_d.cgf
    [0.87347813549252251, 0.23405115554203279, 0.00000000000000000, 554.44669723220067681]
    [0.23405115554203279, -0.87347813549252296, 0.00000000000000000, -23349.71384461243724218]
    [0.00000000000000000, 0.00000000000000000, -0.90429198635952490, 1940.67123848572373390]
  #903 objects/buildingsets/citysets/hightech/addon/large/ht_lrg_addon_tank_002_a.cgf
    [0.13363806049053872, -0.23146926011569235, 0.00000000000000000, 618.96615424894116586]
    [0.23146926011569235, 0.13363806049053872, 0.00000000000000000, -23166.52421269355545519]
    [0.00000000000000000, 0.00000000000000000, 0.26727728970149883, 1956.85877029038965702]
  #904 objects/buildingsets/citysets/hightech/addon/medium/ht_med_addon_antenna_003_a.cgf
    [-0.96592779924047478, 0.00000003754049548, 0.25882111026470306, 572.08790885969574447]
    [-0.25882111026439170, 0.00000141794089767, -0.96592779923951810, -23425.89919908920273883]
    [-0.00000040325346160, -1.00000244022811757, -0.00000135990893970, 1954.63037577457726002]
  #905 objects/buildingsets/citysets/hightech/addon/medium/ht_med_addon_panel_01_a.cgf
    [0.19000222638766151, 0.14863994878566536, -0.52117464346236642, 544.89190732522911276]
    [0.05091104844985301, -0.55472863187359944, -0.13964920164748443, -23383.68130214108532527]
    [-0.53955992114765783, 0.00000019450219121, -0.19670480646515429, 1941.78585674427449703]
  #906 objects/buildingsets/citysets/hightech/addon/large/ht_lrg_addon_tank_008_b_linemarking_a.cgf
    [-0.52297988964187092, 0.14013397194271840, 0.00000000000000000, 578.58499469668095117]
    [-0.14013397194271840, -0.52297988964187092, -0.00000000000000000, -23417.50737832879531197]
    [-0.00000000000000000, 0.00000000000000000, 0.54142912284274658, 1957.95035050250589848]
  #907 objects/buildingsets/citysets/hightech/addon/medium/ht_med_addon_antenna_008_c.cgf
    [0.08919583895552544, -0.00000023234305600, -0.33287437596865843, 604.44127891173775424]
    [-0.33287437596872455, 0.00000004096807881, -0.08919583895557172, -23500.48300721182022244]
    [0.00000009970838283, 0.34461753853148869, -0.00000021382216333, 1958.73373408988118172]
  #908 objects/buildingsets/citysets/hightech/addon/medium/ht_med_addon_vent_001_a.cgf
    [-0.62205444517331310, -1.07743408576594124, 0.00000000000000000, 581.33553608934380463]
    [-1.07743408576594124, 0.62205444517331310, -0.00000000000000000, -23208.54540974342671689]
    [0.00000000000000000, 0.00000000000000000, -1.24411251176498028, 1954.57907967083156109]
  #909 objects/buildingsets/citysets/hightech/addon/medium/ht_med_addon_vent_001_a.cgf
    [-0.62205444517331310, -1.07743408576594124, 0.00000000000000000, 573.88644375567309908]
    [-1.07743408576594124, 0.62205444517331310, -0.00000000000000000, -23258.04584861409239238]
    [0.00000000000000000, 0.00000000000000000, -1.24411251176498028, 1954.57907967083156109]
  #910 objects/buildingsets/citysets/hightech/addon/containers/containers_01x04x02_a.cgf
    [-0.86602735134685704, -0.50000170718104808, -0.00000000000000000, 558.05968874511381728]
    [0.50000170718104808, -0.86602735134685704, 0.00000000000000000, -23253.95327584273763932]
    [0.00000000000000000, -0.00000000000000000, 1.00000254022918078, 1957.87778835557401180]
  #911 objects/buildingsets/human/shop/alpha/shippart/dumpersdepot/prop/prop_crate_dumper_pallet_05.cgf
    [0.86602867319254873, 0.49999887713978930, 0.00000000000000000, 554.91319327381279436]
    [-0.49999887713978930, 0.86602867319254873, -0.00000000000000000, -23258.06394542751513654]
    [-0.00000000000000000, 0.00000000000000000, 1.00000226996377184, 1957.87664235383272171]
  #912 objects/buildingsets/citysets/hightech/addon/medium/ht_med_addon_panel_01_a.cgf
    [-0.17959421377082918, -0.14864047672619513, -0.52485235735951308, 526.87927467920235358]
    [-0.04812159598124807, 0.55472883343561552, -0.14063535587671183, -23317.08154537996597355]
    [0.54336755547920412, -0.00000098046049881, -0.18592947485211550, 1941.73078563250601292]
  #913 objects/buildingsets/human/universal/prop/uee/forklift/forklift_machine_1_a.cgf
    [0.12186748235614195, -0.99254960541124038, 0.00000000000000000, 567.02219157460058341]
    [0.99254960541124038, 0.12186748235614195, 0.00000000000000000, -23265.67117627913103206]
    [0.00000000000000000, 0.00000000000000000, 1.00000320122379271, 1957.87669535353779793]
  #914 objects/buildingsets/citysets/hightech/addon/medium/ht_med_addon_tank_003_a.cgf
    [-0.42603408164310891, 0.24597000314556192, 0.00000000000000000, 628.83536652594921179]
    [0.24597000314556192, 0.42603408164310891, 0.00000000000000000, -23143.55064806611335371]
    [0.00000000000000000, 0.00000000000000000, -0.49194133915428873, 1943.48156918026506901]
  #915 objects/buildingsets/citysets/hightech/addon/large/ht_lrg_addon_antenna_001_a.cgf
    [0.04522269534837321, 0.16877093513354458, 0.00000000000000000, 605.18540507998841349]
    [-0.16877093513354458, 0.04522269534837321, -0.00000000000000000, -23503.26005120561603690]
    [-0.00000000000000000, 0.00000000000000000, 0.17472469980063746, 1958.73373208940029144]
  #916 objects/buildingsets/human/hightech/delta/int/garage/high_tech_garage_door_l.cga
    [-0.14149830581720063, -0.52807307333782683, 0.00000000000000000, 529.13367095041758148]
    [0.52807307333782683, -0.14149830581720063, 0.00000000000000000, -23361.12096615371410735]
    [0.00000000000000000, 0.00000000000000000, 0.54670187610213639, 1954.79884311556816101]
  #917 objects/buildingsets/citysets/hightech/addon/containers/containers_01x02x02_a.cgf
    [-0.86602735134685704, -0.50000170718104808, -0.00000000000000000, 546.59738444513277500]
    [0.50000170718104808, -0.86602735134685704, 0.00000000000000000, -23264.40444785291037988]
    [0.00000000000000000, -0.00000000000000000, 1.00000254022918078, 1957.87778835557401180]
  #918 objects/buildingsets/citysets/hightech/addon/medium/ht_med_addon_tank_003_a.cgf
    [-0.42603408164310891, 0.24597000314556192, 0.00000000000000000, 618.96038886664973688]
    [0.24597000314556192, 0.42603408164310891, 0.00000000000000000, -23160.65471607723156922]
    [0.00000000000000000, 0.00000000000000000, -0.49194133915428873, 1943.48156918026506901]
  #919 objects/buildingsets/citysets/hightech/addon/medium/ht_med_addon_panel_03_a.cgf
    [0.39066754091899319, -0.10468057031936717, 0.00000000000000000, 530.52419135353920865]
    [0.10468057031936717, 0.39066754091899319, 0.00000000000000000, -23331.73924935246031964]
    [0.00000000000000000, 0.00000000000000000, 0.40444919252000144, 1957.82236124388873577]
  #920 objects/buildingsets/citysets/hightech/addon/medium/ht_med_addon_panel_06_a.cgf
    [0.25882197389233713, 0.00000077356127973, -0.96592743874269749, 541.03231358103585080]
    [-0.96592743874274956, 0.00000093772755696, -0.25882197389160028, -23342.79579026723513380]
    [0.00000070556048643, 1.00000231553965624, 0.00000098990627056, 1939.73373358510434628]
  #921 objects/buildingsets/citysets/hightech/addon/large/ht_lrg_addon_tank_008_c.cgf
    [-0.23715039726704923, -0.27383722673401678, -0.41075674582602595, 590.57670505295027397]
    [0.13691920766229179, -0.47430097529426168, 0.23714965173688426, -23230.83471972521510907]
    [-0.47430060252976064, -0.00000064647664744, 0.27383787238139862, 1952.58569763042032719]
  #922 objects/buildingsets/citysets/hightech/addon/medium/ht_med_addon_antenna_004_a.cgf
    [-0.00000014997098515, 2.72563799711561661, 0.73033285322375741, 550.16211083603411680]
    [0.00000065428997685, 0.73033285322377228, -2.72563799711553845, -23296.14699735803878866]
    [-2.82178818620710015, 0.00000002448194028, -0.00000067081093057, 1944.97142920084297657]
  #923 objects/buildingsets/citysets/hightech/addon/medium/ht_med_addon_panel_06_a.cgf
    [-0.49999958265679589, 0.86602804208413420, 0.00000000000000000, 642.41251150998868980]
    [-0.86602804208413420, -0.49999958265679589, -0.00000000000000000, -23127.41370251480111619]
    [-0.00000000000000000, 0.00000000000000000, 1.00000207616436887, 1957.85877231694757938]
  #924 objects/buildingsets/citysets/hightech/addon/medium/ht_med_addon_panel_02_a.cgf
    [-0.57459636136424241, -0.15396397465716813, 0.00000000000000000, 542.74984262305952143]
    [-0.15396397465716813, 0.57459636136424230, -0.00000000000000000, -23362.93999848258681595]
    [0.00000000000000000, 0.00000000000000000, -0.59486627403582071, 1941.95249108225107193]
  #925 objects/buildingsets/human/universal/prop/uee/forklift/forklift_machine_1_a.cgf
    [0.12186748235614195, -0.99254960541124038, 0.00000000000000000, 564.70976878530927934]
    [0.99254960541124038, 0.12186748235614195, 0.00000000000000000, -23269.55369930621964158]
    [0.00000000000000000, 0.00000000000000000, 1.00000320122379271, 1957.87669535353779793]
  #926 objects/buildingsets/citysets/hightech/background/plates/habitation_plate_thruster_a.cgf
    [-0.51226110613294706, 0.19411507164136896, -0.51226036352055493, -1431.04063804458564846]
    [-0.13725960252894132, -0.72444607866295541, -0.13726056444791251, 16939.07351844907316263]
    [-0.53033116312936213, -0.00000079291051658, 0.53033163147442419, 1938.15985239669680595]
  #927 objects/buildingsets/citysets/hightech/background/plates/habitation_plate_thruster_a.cgf
    [0.51226126188631727, -0.19411586472731443, 0.51226031712332409, -1440.70916803694854025]
    [0.13726073655301821, 0.72444615598997308, 0.13726055201607695, 16936.48281617641987395]
    [-0.53033111509607322, -0.00000004686351722, 0.53033207542862892, 1938.15985239669680595]
  #928 objects/buildingsets/human/hightech/delta/int/light/light_fixture/light_decal_capsule_a.cgf
    [0.51764530541086995, 1.93185402690005015, 0.00000000000000000, -1671.89739100335282274]
    [-1.93185402690005015, 0.51764530541086995, -0.00000000000000000, 17818.71007196201753686]
    [-0.00000000000000000, 0.00000000000000000, 2.00000416086163524, 1951.48375939764082432]
  #929 objects/buildingsets/human/hightech/delta/int/light/light_fixture/light_decal_capsule_a.cgf
    [0.51764530541086995, 1.93185402690005015, 0.00000000000000000, -1423.42819843227334786]
    [-1.93185402690005015, 0.51764530541086995, -0.00000000000000000, 16891.41988276665870217]
    [-0.00000000000000000, 0.00000000000000000, 2.00000416086163524, 1951.48375939764082432]
  #930 objects/buildingsets/citysets/hightech/background/plates/habitation_plate_thruster_a.cgf
    [-0.51226110613294706, 0.19411507164136896, -0.51226036352055493, -395.75649686386896065]
    [-0.13725960252894132, -0.72444607866295541, -0.13726056444791251, 13075.38086391655997431]
    [-0.53033116312936213, -0.00000079291051658, 0.53033163147442419, 1938.15985239669680595]
  #931 objects/buildingsets/human/hightech/delta/int/light/light_fixture/light_decal_capsule_a.cgf
    [0.51764530541086995, 1.93185402690005015, 0.00000000000000000, -98.26333310292102396]
    [-1.93185402690005015, 0.51764530541086995, -0.00000000000000000, 11945.88867610474335379]
    [-0.00000000000000000, 0.00000000000000000, 2.00000416086163524, 1951.48375939764082432]
  #932 objects/buildingsets/human/hightech/delta/int/light/light_fixture/light_decal_capsule_a.cgf
    [0.51764530541086995, 1.93185402690005015, 0.00000000000000000, -346.73252567400777480]
    [-1.93185402690005015, 0.51764530541086995, -0.00000000000000000, 12873.17886530010582646]
    [-0.00000000000000000, 0.00000000000000000, 2.00000416086163524, 1951.48375939764082432]
  #933 objects/buildingsets/human/hightech/delta/int/light/light_fixture/light_decal_capsule_a.cgf
    [0.51764530541086995, 1.93185402690005015, 0.00000000000000000, -1340.60929595832567429]
    [-1.93185402690005015, 0.51764530541086995, -0.00000000000000000, 16582.33962208153752727]
    [-0.00000000000000000, 0.00000000000000000, 2.00000416086163524, 1951.48375939764082432]
  #934 objects/buildingsets/human/hightech/delta/int/light/light_fixture/light_decal_capsule_a.cgf
    [0.51764530541086995, 1.93185402690005015, 0.00000000000000000, -843.67091081616672454]
    [-1.93185402690005015, 0.51764530541086995, -0.00000000000000000, 14727.75924369082713383]
    [-0.00000000000000000, 0.00000000000000000, 2.00000416086163524, 1951.48375939764082432]
  #935 objects/buildingsets/human/hightech/delta/int/light/light_fixture/light_decal_capsule_a.cgf
    [0.51764530541086995, 1.93185402690005015, 0.00000000000000000, -1092.14010338724619942]
    [-1.93185402690005015, 0.51764530541086995, -0.00000000000000000, 15655.04943288617869257]
    [-0.00000000000000000, 0.00000000000000000, 2.00000416086163524, 1951.48375939764082432]
  #936 objects/buildingsets/human/hightech/delta/int/light/light_fixture/light_decal_capsule_a.cgf
    [0.51764530541086995, 1.93185402690005015, 0.00000000000000000, -595.20171824507269775]
    [-1.93185402690005015, 0.51764530541086995, -0.00000000000000000, 13800.46905449546829914]
    [-0.00000000000000000, 0.00000000000000000, 2.00000416086163524, 1951.48375939764082432]
  #937 objects/buildingsets/citysets/hightech/background/plates/habitation_plate_thruster_a.cgf
    [0.51226126188631727, -0.19411586472731443, 0.51226031712332409, -405.42502685623185243]
    [0.13726073655301821, 0.72444615598997308, 0.13726055201607695, 13072.79016164390486665]
    [-0.53033111509607322, -0.00000004686351722, 0.53033207542862892, 1938.15985239669680595]
  #938 objects/buildingsets/citysets/hightech/background/plates/habitation_plate_thruster_a.cgf
    [0.51226126188631727, -0.19411586472731443, 0.51226031712332409, -923.06921039873850532]
    [0.13726073655301821, 0.72444615598997308, 0.13726055201607695, 15004.64484320848350762]
    [-0.53033111509607322, -0.00000004686351722, 0.53033207542862892, 1938.15985239669680595]
  #939 objects/buildingsets/citysets/hightech/background/plates/habitation_plate_thruster_a.cgf
    [-0.51226110613294706, 0.19411507164136896, -0.51226036352055493, -913.40068040638288949]
    [-0.13725960252894132, -0.72444607866295541, -0.13726056444791251, 15007.23554548113315832]
    [-0.53033116312936213, -0.00000079291051658, 0.53033163147442419, 1938.15985239669680595]
  #940 objects/buildingsets/human/hightech/delta/int/light/light_fixture/light_decal_capsule_a.cgf
    [-0.51764443658030213, -1.93185641772259897, 0.00000000000000000, 6967.59110857340056100]
    [1.93185641772259897, -0.51764443658030213, 0.00000000000000000, -8959.92576106329397589]
    [0.00000000000000000, 0.00000000000000000, 2.00000624534488169, 2951.48375939764082432]
  #941 objects/buildingsets/human/hightech/delta/int/light/light_fixture/light_decal_capsule_a.cgf
    [-0.51764443658030213, -1.93185641772259897, 0.00000000000000000, 7050.40375489167490741]
    [1.93185641772259897, -0.51764443658030213, 0.00000000000000000, -9269.00577767740651325]
    [0.00000000000000000, 0.00000000000000000, 2.00000624534488169, 2951.48375939764082432]
  #942 objects/buildingsets/human/hightech/delta/int/light/light_fixture/light_decal_capsule_a.cgf
    [-1.73205550524654583, -0.99999905420550916, -0.00000000000000000, 8134.12806039358838461]
    [0.99999905420550916, -1.73205550524654583, 0.00000000000000000, -10690.72551759507950919]
    [0.00000000000000000, -0.00000000000000000, 2.00000359541346295, 2951.48375939764082432]
  #943 objects/buildingsets/human/hightech/delta/int/light/light_fixture/light_decal_capsule_a.cgf
    [-1.73205997943263612, -0.99999861547437163, -0.00000000000000000, 10210.82192142293570214]
    [0.99999861547437163, -1.73205997943263612, 0.00000000000000000, -11891.71621506081464759]
    [0.00000000000000000, -0.00000000000000000, 2.00000725081256681, 2951.48377370275557041]
  #944 objects/buildingsets/human/hightech/delta/int/light/light_fixture/light_decal_capsule_a.cgf
    [-1.73205550524654583, -0.99999905420550916, -0.00000000000000000, 7302.74027064604160842]
    [0.99999905420550916, -1.73205550524654583, 0.00000000000000000, -10210.72694611289080058]
    [0.00000000000000000, -0.00000000000000000, 2.00000359541346295, 2951.48375939764082432]
  #945 objects/buildingsets/citysets/hightech/struts/ht_strut_45_2000m_001.cgf
    [0.96592724926592088, -0.25882259496925547, 0.00000000000000000, 7044.19201178404546226]
    [0.25882259496925547, 0.96592724926592088, 0.00000000000000000, -9245.82352060356242873]
    [0.00000000000000000, 0.00000000000000000, 1.00000229326789425, 2936.48372899927198887]
  #946 objects/buildingsets/human/hightech/delta/int/light/light_fixture/light_decal_capsule_a.cgf
    [-1.73205997943263612, -0.99999861547437163, -0.00000000000000000, 11042.21072280151201994]
    [0.99999861547437163, -1.73205997943263612, 0.00000000000000000, -12371.71478609419318673]
    [0.00000000000000000, -0.00000000000000000, 2.00000725081256681, 2951.48377370275557041]
  #947 objects/buildingsets/citysets/hightech/background/plates/habitation_plate_thruster_a.cgf
    [-0.51226110613294706, 0.19411507164136896, -0.51226036352055493, 7067.68475157421198674]
    [-0.13725960252894132, -0.72444607866295541, -0.13726056444791251, -9314.06871298964870221]
    [-0.53033116312936213, -0.00000079291051658, 0.53033163147442419, 2938.15985239669680595]
  #948 objects/buildingsets/citysets/hightech/background/plates/habitation_plate_thruster_a.cgf
    [0.26516581316335436, -0.64952218826974328, 0.26516459130452918, 8587.62340412416597246]
    [0.45928208173975721, 0.37500022526945981, 0.45928100597308180, -10959.16643342124916671]
    [-0.53033131430192637, -0.00000036789370556, 0.53033285687165621, 2938.15985399484634399]
  #949 objects/buildingsets/citysets/hightech/background/plates/habitation_plate_thruster_a.cgf
    [0.51226126188631727, -0.19411586472731443, 0.51226031712332409, 7058.01622060426598182]
    [0.13726073655301821, 0.72444615598997308, 0.13726055201607695, -9316.65942080651620927]
    [-0.53033111509607322, -0.00000004686351722, 0.53033207542862892, 2938.15985239669680595]
  #950 objects/buildingsets/human/hightech/delta/int/light/light_fixture/light_decal_capsule_a.cgf
    [-1.73205997943263612, -0.99999861547437163, -0.00000000000000000, 9379.43312004435574636]
    [0.99999861547437163, -1.73205997943263612, 0.00000000000000000, -11411.71764402742155653]
    [0.00000000000000000, -0.00000000000000000, 2.00000725081256681, 2951.48377370275557041]
  #951 objects/buildingsets/citysets/hightech/background/plates/habitation_plate_thruster_a.cgf
    [-0.26516570240190407, 0.64952168203007188, -0.26516463106863403, 10324.68828455635230057]
    [-0.45928129693688197, -0.37500017506626088, -0.45928107484576708, -11950.49491436140851874]
    [-0.53033139382928696, -0.00000057753469569, 0.53033212183120315, 2938.15985399484634399]
  #952 objects/buildingsets/citysets/hightech/struts/ht_strut_straight_4000m_001.cgf
    [0.49999846862607350, -0.86602992718750993, 0.00000000000000000, 8527.75959714281270863]
    [0.86602992718750993, 0.49999846862607350, 0.00000000000000000, -10918.85307871675649949]
    [0.00000000000000000, 0.00000000000000000, 1.00000315170144449, 2936.48372899927198887]
  #953 objects/buildingsets/human/hightech/delta/int/light/light_fixture/light_decal_capsule_a.cgf
    [-1.73205997943263612, -0.99999861547437163, -0.00000000000000000, 8548.04431866577942856]
    [0.99999861547437163, -1.73205997943263612, 0.00000000000000000, -10931.71907299402846547]
    [0.00000000000000000, -0.00000000000000000, 2.00000725081256681, 2951.48377370275557041]
  #954 objects/buildingsets/citysets/hightech/background/plates/habitation_plate_thruster_a.cgf
    [0.26516581316335436, -0.64952218826974328, 0.26516459130452918, 10319.68350832171199727]
    [0.45928208173975721, 0.37500022526945981, 0.45928100597308180, -11959.16351490729903162]
    [-0.53033131430192637, -0.00000036789370556, 0.53033285687165621, 2938.15985399484634399]
  #955 objects/buildingsets/citysets/hightech/background/plates/habitation_plate_thruster_a.cgf
    [-0.26516570240190407, 0.64952168203007188, -0.26516463106863403, 12056.74818437082285527]
    [-0.45928129693688197, -0.37500017506626088, -0.45928107484576708, -12950.49187784781133814]
    [-0.53033139382928696, -0.00000057753469569, 0.53033212183120315, 2938.15985399484634399]
  #956 objects/buildingsets/citysets/hightech/background/plates/habitation_plate_thruster_a.cgf
    [-0.26516570240190407, 0.64952168203007188, -0.26516463106863403, 8592.62818035880991374]
    [-0.45928129693688197, -0.37500017506626088, -0.45928107484576708, -10950.49783287535137788]
    [-0.53033139382928696, -0.00000057753469569, 0.53033212183120315, 2938.15985399484634399]
  #957 objects/buildingsets/citysets/hightech/background/plates/habitation_plate_thruster_a.cgf
    [0.26516581316335436, -0.64952218826974328, 0.26516459130452918, 12051.74340813619346591]
    [0.45928208173975721, 0.37500022526945981, 0.45928100597308180, -12959.16047839370185102]
    [-0.53033131430192637, -0.00000036789370556, 0.53033285687165621, 2938.15985399484634399]
  #958 objects/buildingsets/citysets/hightech/background/plates/habitation_plate_thruster_a.cgf
    [0.51226126188631727, -0.19411586472731443, 0.51226031712332409, 5575.67846093735352042]
    [0.13726073655301821, 0.72444615598997308, 0.13726055201607695, -14712.61576388249704905]
    [-0.53033111509607322, -0.00000004686351722, 0.53033207542862892, 1938.15985239669680595]
  #959 objects/buildingsets/citysets/hightech/background/plates/habitation_plate_thruster_a.cgf
    [-0.51226110613294706, 0.19411507164136896, -0.51226036352055493, 5585.34699190728861140]
    [-0.13725960252894132, -0.72444607866295541, -0.13726056444791251, -14710.02505606564409391]
    [-0.53033116312936213, -0.00000079291051658, 0.53033163147442419, 1938.15985239669680595]
  #960 objects/buildingsets/human/hightech/delta/int/light/light_fixture/light_decal_capsule_a.cgf
    [-0.51764443658030213, -1.93185641772259897, 0.00000000000000000, 5278.18465071980244829]
    [1.93185641772259897, -0.51764443658030213, 0.00000000000000000, -13583.12345923915745516]
    [0.00000000000000000, 0.00000000000000000, 2.00000624534488169, 1951.48375939764082432]
  #961 objects/buildingsets/citysets/hightech/background/plates/habitation_plate_thruster_a.cgf
    [-0.51226110613294706, 0.19411507164136896, -0.51226036352055493, 4550.05647448706076830]
    [-0.13725960252894132, -0.72444607866295541, -0.13726056444791251, -10846.31554569003674260]
    [-0.53033116312936213, -0.00000079291051658, 0.53033163147442419, 1938.15985239669680595]
  #962 objects/buildingsets/citysets/hightech/background/plates/habitation_plate_thruster_a.cgf
    [0.51226126188631727, -0.19411586472731443, 0.51226031712332409, 4540.38794351712931530]
    [0.13726073655301821, 0.72444615598997308, 0.13726055201607695, -10848.90625350689697370]
    [-0.53033111509607322, -0.00000004686351722, 0.53033207542862892, 1938.15985239669680595]
  #963 objects/buildingsets/human/hightech/delta/int/light/light_fixture/light_decal_capsule_a.cgf
    [-0.51764443658030213, -1.93185641772259897, 0.00000000000000000, 5029.71492641471195384]
    [1.93185641772259897, -0.51764443658030213, 0.00000000000000000, -12655.83317628536497068]
    [0.00000000000000000, 0.00000000000000000, 2.00000624534488169, 1951.48375939764082432]
  #964 objects/buildingsets/human/hightech/delta/int/light/light_fixture/light_decal_capsule_a.cgf
    [-0.51764443658030213, -1.93185641772259897, 0.00000000000000000, 4532.77547780453824089]
    [1.93185641772259897, -0.51764443658030213, 0.00000000000000000, -10801.25261037778727768]
    [0.00000000000000000, 0.00000000000000000, 2.00000624534488169, 1951.48375939764082432]
  #965 objects/buildingsets/citysets/hightech/background/plates/habitation_plate_thruster_a.cgf
    [0.51226126188631727, -0.19411586472731443, 0.51226031712332409, 6093.32375225910800509]
    [0.13726073655301821, 0.72444615598997308, 0.13726055201607695, -16644.47064077715185704]
    [-0.53033111509607322, -0.00000004686351722, 0.53033207542862892, 1938.15985239669680595]
  #966 objects/buildingsets/human/hightech/delta/int/light/light_fixture/light_decal_capsule_a.cgf
    [-0.51764443658030213, -1.93185641772259897, 0.00000000000000000, 5526.65437502488566679]
    [1.93185641772259897, -0.51764443658030213, 0.00000000000000000, -14510.41374219294993964]
    [0.00000000000000000, 0.00000000000000000, 2.00000624534488169, 1951.48375939764082432]
  #967 objects/buildingsets/human/hightech/delta/int/light/light_fixture/light_decal_capsule_a.cgf
    [-0.51764443658030213, -1.93185641772259897, 0.00000000000000000, 6023.59382363507756963]
    [1.93185641772259897, -0.51764443658030213, 0.00000000000000000, -16364.99430810053490859]
    [0.00000000000000000, 0.00000000000000000, 2.00000624534488169, 1951.48375939764082432]
  #968 objects/buildingsets/citysets/hightech/background/plates/habitation_plate_thruster_a.cgf
    [-0.51226110613294706, 0.19411507164136896, -0.51226036352055493, 6102.99228322905037203]
    [-0.13725960252894132, -0.72444607866295541, -0.13726056444791251, -16641.87993296029890189]
    [-0.53033116312936213, -0.00000079291051658, 0.53033163147442419, 1938.15985239669680595]
  #969 objects/buildingsets/human/hightech/delta/int/light/light_fixture/light_decal_capsule_a.cgf
    [-0.51764443658030213, -1.93185641772259897, 0.00000000000000000, 4781.24520210962509736]
    [1.93185641772259897, -0.51764443658030213, 0.00000000000000000, -11728.54289333157976216]
    [0.00000000000000000, 0.00000000000000000, 2.00000624534488169, 1951.48375939764082432]
  #970 objects/buildingsets/human/hightech/delta/int/light/light_fixture/light_decal_capsule_a.cgf
    [-0.51764443658030213, -1.93185641772259897, 0.00000000000000000, 5775.12409932997979922]
    [1.93185641772259897, -0.51764443658030213, 0.00000000000000000, -15437.70402514674242411]
    [0.00000000000000000, 0.00000000000000000, 2.00000624534488169, 1951.48375939764082432]
  #971 objects/buildingsets/citysets/hightech/background/plates/habitation_plate_thruster_a.cgf
    [-0.45928048526387605, -0.37500142079020443, -0.45928071676524534, 5530.20537382242036983]
    [0.26516700704899432, -0.64952085488846245, 0.26516508814120016, -14706.63987911788899510]
    [-0.53033131225654406, -0.00000125693409807, 0.53033207122515535, 1938.15985239669680595]
  #972 objects/buildingsets/human/hightech/delta/int/light/light_fixture/light_decal_capsule_a.cgf
    [0.99999924937369000, -1.73205960576750040, 0.00000000000000000, 4589.85222938390143099]
    [1.73205960576750040, 0.99999924937369000, 0.00000000000000000, -16325.33132738201129541]
    [0.00000000000000000, 0.00000000000000000, 2.00000724415673359, 1951.48375939764082432]
  #973 objects/buildingsets/human/hightech/delta/int/light/light_fixture/light_decal_capsule_a.cgf
    [0.99999924937369000, -1.73205960576750040, 0.00000000000000000, 5549.85019032660056837]
    [1.73205960576750040, 0.99999924937369000, 0.00000000000000000, -14662.55607248815977073]
    [0.00000000000000000, 0.00000000000000000, 2.00000724415673359, 1951.48375939764082432]
  #974 objects/buildingsets/human/hightech/delta/int/light/light_fixture/light_decal_capsule_a.cgf
    [0.99999924937369000, -1.73205960576750040, 0.00000000000000000, 5069.85120985524918069]
    [1.73205960576750040, 0.99999924937369000, 0.00000000000000000, -15493.94369993507461913]
    [0.00000000000000000, 0.00000000000000000, 2.00000724415673359, 1951.48375939764082432]
  #975 objects/buildingsets/citysets/hightech/background/plates/habitation_plate_thruster_a.cgf
    [-0.51226110613294706, 0.19411507164136896, -0.51226036352055493, 5067.70176373823778704]
    [-0.13725960252894132, -0.72444607866295541, -0.13726056444791251, -12778.17041485727713734]
    [-0.53033116312936213, -0.00000079291051658, 0.53033163147442419, 1938.15985239669680595]
  #976 objects/buildingsets/citysets/hightech/background/plates/habitation_plate_thruster_a.cgf
    [0.51226126188631727, -0.19411586472731443, 0.51226031712332409, 5058.03323276829905808]
    [0.13726073655301821, 0.72444615598997308, 0.13726055201607695, -12780.76112267411554058]
    [-0.53033111509607322, -0.00000004686351722, 0.53033207542862892, 1938.15985239669680595]
  #977 objects/buildingsets/citysets/hightech/background/plates/habitation_plate_thruster_a.cgf
    [0.45928079000215383, 0.37500040870517926, 0.45928076026883941, 5521.53678551670964225]
    [-0.26516555062779051, 0.64952110113379646, -0.26516511325847214, -14701.63509861418606306]
    [-0.53033136249182478, -0.00000025732075515, 0.53033160692596437, 1938.15985239669680595]
  #978 objects/buildingsets/citysets/hightech/struts/ht_connect_strut_addon_001_b.cgf
    [0.96592724926592088, -0.25882259496925547, 0.00000000000000000, 5561.85154838955349987]
    [0.25882259496925547, 0.96592724926592088, 0.00000000000000000, -14641.77005997024571116]
    [0.00000000000000000, 0.00000000000000000, 1.00000229326789425, 1936.48372899927198887]
  #979 objects/buildingsets/human/hightech/delta/int/light/light_fixture/light_decal_capsule_a.cgf
    [-0.51764443658030213, -1.93185641772259897, 0.00000000000000000, 4648.54978391203258070]
    [1.93185641772259897, -0.51764443658030213, 0.00000000000000000, -305.22834883772338799]
    [0.00000000000000000, 0.00000000000000000, 2.00000624534488169, 2951.48375939764082432]
  #980 objects/buildingsets/human/hightech/delta/int/light/light_fixture/light_decal_capsule_a.cgf
    [-0.51764443658030213, -1.93185641772259897, 0.00000000000000000, 4897.01950821711216122]
    [1.93185641772259897, -0.51764443658030213, 0.00000000000000000, -1232.51863179151041550]
    [0.00000000000000000, 0.00000000000000000, 2.00000624534488169, 2951.48375939764082432]
  #981 objects/buildingsets/human/hightech/delta/int/light/light_fixture/light_decal_capsule_a.cgf
    [-0.51764443658030213, -1.93185641772259897, 0.00000000000000000, 5228.30303843778892769]
    [1.93185641772259897, -0.51764443658030213, 0.00000000000000000, -2468.89378038675386051]
    [0.00000000000000000, 0.00000000000000000, 2.00000624534488169, 2951.48375939764082432]
  #982 objects/buildingsets/human/hightech/delta/int/light/light_fixture/light_decal_capsule_a.cgf
    [-0.51764443658030213, -1.93185641772259897, 0.00000000000000000, 5476.77276274286487023]
    [1.93185641772259897, -0.51764443658030213, 0.00000000000000000, -3396.18406334053906903]
    [0.00000000000000000, 0.00000000000000000, 2.00000624534488169, 2951.48375939764082432]
  #983 objects/buildingsets/citysets/hightech/background/plates/habitation_plate_thruster_a.cgf
    [-0.51226110613294706, 0.19411507164136896, -0.51226036352055493, 4997.11431081521732267]
    [-0.13725960252894132, -0.72444607866295541, -0.13726056444791251, -1586.66643274521811691]
    [-0.53033116312936213, -0.00000079291051658, 0.53033163147442419, 2938.15985239669680595]
  #984 objects/buildingsets/human/hightech/delta/int/light/light_fixture/light_decal_capsule_a.cgf
    [-0.51764443658030213, -1.93185641772259897, 0.00000000000000000, 4979.83331413269115728]
    [1.93185641772259897, -0.51764443658030213, 0.00000000000000000, -1541.60349743296865199]
    [0.00000000000000000, 0.00000000000000000, 2.00000624534488169, 2951.48375939764082432]
  #985 objects/buildingsets/citysets/hightech/background/plates/habitation_plate_thruster_a.cgf
    [0.51226126188631727, -0.19411586472731443, 0.51226031712332409, 4987.44577984528586967]
    [0.13726073655301821, 0.72444615598997308, 0.13726055201607695, -1589.25714056207107205]
    [-0.53033111509607322, -0.00000004686351722, 0.53033207542862892, 2938.15985239669680595]
  #986 objects/buildingsets/citysets/hightech/background/plates/habitation_plate_thruster_a.cgf
    [-0.51226110613294706, 0.19411507164136896, -0.51226036352055493, 5514.75960006640161737]
    [-0.13725960252894132, -0.72444607866295541, -0.13726056444791251, -3518.52130191244395974]
    [-0.53033116312936213, -0.00000079291051658, 0.53033163147442419, 2938.15985239669680595]
  #987 objects/buildingsets/citysets/hightech/background/plates/habitation_plate_thruster_a.cgf
    [0.51226126188631727, -0.19411586472731443, 0.51226031712332409, 5505.09106909646288841]
    [0.13726073655301821, 0.72444615598997308, 0.13726055201607695, -3521.11200972929691488]
    [-0.53033111509607322, -0.00000004686351722, 0.53033207542862892, 2938.15985239669680595]
  #988 objects/buildingsets/human/hightech/delta/int/light/light_fixture/light_decal_capsule_a.cgf
    [0.51764530541086995, 1.93185402690005015, 0.00000000000000000, 4042.88196998460625764]
    [-1.93185402690005015, 0.51764530541086995, -0.00000000000000000, -3508.91511041858939279]
    [-0.00000000000000000, 0.00000000000000000, 2.00000416086163524, 1951.48375939764082432]
  #989 objects/buildingsets/citysets/hightech/background/plates/habitation_plate_thruster_a.cgf
    [-0.51226110613294706, 0.19411507164136896, -0.51226036352055493, 3745.38880622364376904]
    [-0.13725960252894132, -0.72444607866295541, -0.13726056444791251, -2379.42292260677822924]
    [-0.53033116312936213, -0.00000079291051658, 0.53033163147442419, 1938.15985239669680595]
  #990 objects/buildingsets/citysets/hightech/background/plates/habitation_plate_thruster_a.cgf
    [-0.51226110613294706, 0.19411507164136896, -0.51226036352055493, 4780.67710808550691581]
    [-0.13725960252894132, -0.72444607866295541, -0.13726056444791251, -6243.13204232225143642]
    [-0.53033116312936213, -0.00000079291051658, 0.53033163147442419, 1938.15985239669680595]
  #991 objects/buildingsets/citysets/hightech/background/plates/habitation_plate_thruster_a.cgf
    [0.51226126188631727, -0.19411586472731443, 0.51226031712332409, 4771.00857809315857594]
    [0.13726073655301821, 0.72444615598997308, 0.13726055201607695, -6245.72274459489744913]
    [-0.53033111509607322, -0.00000004686351722, 0.53033207542862892, 1938.15985239669680595]
  #992 objects/buildingsets/human/hightech/delta/int/light/light_fixture/light_decal_capsule_a.cgf
    [0.51764530541086995, 1.93185402690005015, 0.00000000000000000, 3545.94358484243639396]
    [-1.93185402690005015, 0.51764530541086995, -0.00000000000000000, -1654.33473202786626644]
    [-0.00000000000000000, 0.00000000000000000, 2.00000416086163524, 1951.48375939764082432]
  #993 objects/buildingsets/human/hightech/delta/int/light/light_fixture/light_decal_capsule_a.cgf
    [0.51764530541086995, 1.93185402690005015, 0.00000000000000000, 3297.47439227135691908]
    [-1.93185402690005015, 0.51764530541086995, -0.00000000000000000, -727.04454283250743174]
    [-0.00000000000000000, 0.00000000000000000, 2.00000416086163524, 1951.48375939764082432]
  #994 objects/buildingsets/citysets/hightech/background/plates/habitation_plate_thruster_a.cgf
    [0.51226126188631727, -0.19411586472731443, 0.51226031712332409, 3218.07609268879241426]
    [0.13726073655301821, 0.72444615598997308, 0.13726055201607695, -450.15894331485105795]
    [-0.53033111509607322, -0.00000004686351722, 0.53033207542862892, 1938.15985239669680595]
  #995 objects/buildingsets/human/hightech/delta/int/light/light_fixture/light_decal_capsule_a.cgf
    [0.51764530541086995, 1.93185402690005015, 0.00000000000000000, 3794.41277741352314479]
    [-1.93185402690005015, 0.51764530541086995, -0.00000000000000000, -2581.62492122323055810]
    [-0.00000000000000000, 0.00000000000000000, 2.00000416086163524, 1951.48375939764082432]
  #996 objects/buildingsets/human/hightech/delta/int/light/light_fixture/light_decal_capsule_a.cgf
    [0.51764530541086995, 1.93185402690005015, 0.00000000000000000, 4788.28954769784104428]
    [-1.93185402690005015, 0.51764530541086995, -0.00000000000000000, -6290.78567800466589688]
    [-0.00000000000000000, 0.00000000000000000, 2.00000416086163524, 1951.48375939764082432]
  #997 objects/buildingsets/human/hightech/delta/int/light/light_fixture/light_decal_capsule_a.cgf
    [0.51764530541086995, 1.93185402690005015, 0.00000000000000000, 4291.35116255567845656]
    [-1.93185402690005015, 0.51764530541086995, -0.00000000000000000, -4436.20529961394822749]
    [-0.00000000000000000, 0.00000000000000000, 2.00000416086163524, 1951.48375939764082432]
  #998 objects/buildingsets/human/hightech/delta/int/light/light_fixture/light_decal_capsule_a.cgf
    [0.51764530541086995, 1.93185402690005015, 0.00000000000000000, 4539.82035512675793143]
    [-1.93185402690005015, 0.51764530541086995, -0.00000000000000000, -5363.49548880930706218]
    [-0.00000000000000000, 0.00000000000000000, 2.00000416086163524, 1951.48375939764082432]
  #999 objects/buildingsets/human/hightech/delta/int/light/light_fixture/light_decal_capsule_a.cgf
    [0.51764530541086995, 1.93185402690005015, 0.00000000000000000, 3049.00519970028835814]
    [-1.93185402690005015, 0.51764530541086995, -0.00000000000000000, 200.24564636284594599]
    [-0.00000000000000000, 0.00000000000000000, 2.00000416086163524, 1951.48375939764082432]
  #1000 objects/buildingsets/citysets/hightech/background/plates/habitation_plate_thruster_a.cgf
    [0.51226126188631727, -0.19411586472731443, 0.51226031712332409, 4253.36439662121847505]
    [0.13726073655301821, 0.72444615598997308, 0.13726055201607695, -4313.86807075774595432]
    [-0.53033111509607322, -0.00000004686351722, 0.53033207542862892, 1938.15985239669680595]
  #1001 objects/buildingsets/citysets/hightech/background/plates/habitation_plate_thruster_a.cgf
    [-0.51226110613294706, 0.19411507164136896, -0.51226036352055493, 3227.74462268114439212]
    [-0.13725960252894132, -0.72444607866295541, -0.13726056444791251, -447.56824104220868321]
    [-0.53033116312936213, -0.00000079291051658, 0.53033163147442419, 1938.15985239669680595]
  #1002 objects/buildingsets/human/hightech/delta/int/light/light_fixture/light_decal_capsule_a.cgf
    [0.99999924937369000, -1.73205960576750040, 0.00000000000000000, 4781.63527422173865489]
    [1.73205960576750040, 0.99999924937369000, 0.00000000000000000, -6334.25262448272587790]
    [0.00000000000000000, 0.00000000000000000, 2.00000724415673359, 1951.48375939764082432]
  #1003 objects/buildingsets/citysets/hightech/background/plates/habitation_plate_thruster_a.cgf
    [0.45928079000215383, 0.37500040870517926, 0.45928076026883941, 4254.18893319950802834]
    [-0.26516555062779051, 0.64952110113379646, -0.26516511325847214, -7239.86047490286910033]
    [-0.53033136249182478, -0.00000025732075515, 0.53033160692596437, 1938.15985239669680595]
  #1004 objects/buildingsets/human/hightech/delta/int/light/light_fixture/light_decal_capsule_a.cgf
    [0.99999924937369000, -1.73205960576750040, 0.00000000000000000, 4301.63629375038726721]
    [1.73205960576750040, 0.99999924937369000, 0.00000000000000000, -7165.64025192966255418]
    [0.00000000000000000, 0.00000000000000000, 2.00000724415673359, 1951.48375939764082432]
  #1005 objects/buildingsets/citysets/hightech/background/plates/habitation_plate_thruster_a.cgf
    [-0.51226110613294706, 0.19411507164136896, -0.51226036352055493, 4263.03292661356681492]
    [-0.13725960252894132, -0.72444607866295541, -0.13726056444791251, -4311.27736848509266565]
    [-0.53033116312936213, -0.00000079291051658, 0.53033163147442419, 1938.15985239669680595]
  #1006 objects/buildingsets/citysets/hightech/background/plates/habitation_plate_thruster_a.cgf
    [0.51226126188631727, -0.19411586472731443, 0.51226031712332409, 3735.72027623129179119]
    [0.13726073655301821, 0.72444615598997308, 0.13726055201607695, -2382.01362487942424195]
    [-0.53033111509607322, -0.00000004686351722, 0.53033207542862892, 1938.15985239669680595]
  #1007 objects/buildingsets/citysets/hightech/background/plates/habitation_plate_thruster_a.cgf
    [-0.45928048526387605, -0.37500142079020443, -0.45928071676524534, 4262.85752100523313857]
    [0.26516700704899432, -0.64952085488846245, 0.26516508814120016, -7244.86525627260016336]
    [-0.53033131225654406, -0.00000125693409807, 0.53033207122515535, 1938.15985239669680595]
  #1008 objects/buildingsets/citysets/hightech/background/plates/habitation_plate_thruster_a.cgf
    [-0.45928048526387605, -0.37500142079020443, -0.45928071676524534, 4762.85648649616632611]
    [0.26516700704899432, -0.64952085488846245, 0.26516508814120016, -6378.83643005046360486]
    [-0.53033131225654406, -0.00000125693409807, 0.53033207122515535, 1938.15985239669680595]
  #1009 objects/buildingsets/citysets/hightech/background/plates/habitation_plate_thruster_a.cgf
    [0.45928079000215383, 0.37500040870517926, 0.45928076026883941, 4754.18789819043013267]
    [-0.26516555062779051, 0.64952110113379646, -0.26516511325847214, -6373.83164954675339686]
    [-0.53033136249182478, -0.00000025732075515, 0.53033160692596437, 1938.15985239669680595]
  #1010 objects/buildingsets/citysets/hightech/addon/medium/ht_med_addon_vent_001_a.cgf
    [-0.62205444517331310, -1.07743408576594124, 0.00000000000000000, 3829.81636974254797678]
    [-1.07743408576594124, 0.62205444517331310, -0.00000000000000000, -7961.67687307136839081]
    [0.00000000000000000, 0.00000000000000000, -1.24411251176498028, 1954.57907967083156109]
  #1011 objects/buildingsets/citysets/hightech/addon/medium/ht_med_addon_tank_003_a.cgf
    [-0.42603408164310891, 0.24597000314556192, 0.00000000000000000, 3871.15627141868390027]
    [0.24597000314556192, 0.42603408164310891, 0.00000000000000000, -7870.75333042194870359]
    [0.00000000000000000, 0.00000000000000000, -0.49194133915428873, 1943.48156918026506901]
  #1012 objects/buildingsets/human/universal/prop/uee/forklift/forklift_machine_1_a.cgf
    [0.12186748235614195, -0.99254960541124038, 0.00000000000000000, 3804.12452751378077664]
    [0.99254960541124038, 0.12186748235614195, 0.00000000000000000, -8001.87302935312072805]
    [0.00000000000000000, 0.00000000000000000, 1.00000320122379271, 1957.87669535353779793]
  #1013 objects/buildingsets/citysets/hightech/addon/medium/ht_med_addon_panel_06_a.cgf
    [-0.49999958265679589, 0.86602804208413420, 0.00000000000000000, 3870.17451673356117681]
    [-0.86602804208413420, -0.49999958265679589, -0.00000000000000000, -7868.58321092006553954]
    [-0.00000000000000000, 0.00000000000000000, 1.00000207616436887, 1957.85877231694757938]
  #1014 objects/buildingsets/citysets/hightech/addon/large/ht_lrg_addon_tank_002_b.cgf
    [-0.13363804925690165, 0.23146878949564792, 0.00000000000000000, 3841.78709979208724690]
    [-0.23146878949564792, -0.13363804925690165, -0.00000000000000000, -7927.50202274456569285]
    [-0.00000000000000000, 0.00000000000000000, 0.26727687651529197, 1956.85877029038965702]
  #1015 objects/buildingsets/human/shop/alpha/shippart/dumpersdepot/prop/prop_crate_dumper_cluster_02.cgf
    [-0.86602837090970930, -0.49999990680382367, -0.00000000000000000, 3798.62792783924305695]
    [0.49999990680382367, -0.86602837090970930, 0.00000000000000000, -7986.26372300043476571]
    [0.00000000000000000, -0.00000000000000000, 1.00000252300899595, 1957.87091234140098095]
  #1016 objects/buildingsets/citysets/hightech/addon/medium/ht_med_addon_vent_001_a.cgf
    [0.62205353582404332, 1.07743461077643765, 0.00000000000000000, 4759.19055656116688624]
    [1.07743461077643765, -0.62205353582404332, 0.00000000000000000, -6398.31249748058507976]
    [0.00000000000000000, 0.00000000000000000, -1.24411251176498028, 1954.57907967083156109]
  #1017 objects/buildingsets/citysets/hightech/addon/large/ht_lrg_addon_tank_002_a.cgf
    [0.13363806049053872, -0.23146926011569235, 0.00000000000000000, 3851.59957185208622832]
    [0.23146926011569235, 0.13363806049053872, 0.00000000000000000, -7910.50621425898316375]
    [0.00000000000000000, 0.00000000000000000, 0.26727728970149883, 1956.85877029038965702]
  #1018 objects/buildingsets/citysets/hightech/addon/large/ht_lrg_addon_tank_003_c.cgf
    [0.16327506364906150, -0.09426633437956335, 0.00000000000000000, 4818.45844333142667892]
    [-0.09426633437956335, -0.16327506364906161, -0.00000000000000000, -6311.16689449558361957]
    [0.00000000000000000, 0.00000000000000000, -0.18853352011503091, 1940.00191412866115570]
  #1019 objects/buildingsets/citysets/hightech/addon/medium/ht_med_addon_vent_001_a.cgf
    [0.32200303648946643, -1.20172097196090166, 0.00000000000000000, 4822.40993904358765576]
    [-1.20172097196090166, -0.32200303648946715, -0.00000000000000000, -6257.33220689471090736]
    [0.00000000000000000, 0.00000000000000000, -1.24411384123764623, 1953.31388710625469685]
  #1020 objects/buildingsets/human/universal/prop/uee/forklift/forklift_machine_1_a.cgf
    [-0.12186724770785878, 0.99254845154636362, 0.00000000000000000, 4784.88245046044903575]
    [-0.99254845154636362, -0.12186724770785878, -0.00000000000000000, -6358.11635273458705342]
    [-0.00000000000000000, 0.00000000000000000, 1.00000202736343113, 1957.87669535353779793]
  #1021 objects/buildingsets/citysets/hightech/addon/large/ht_lrg_addon_tank_002_a.cgf
    [-0.16504195947602421, -0.28942494468357488, 0.02614011948035272, 3819.44592040856878157]
    [-0.28586165601939667, 0.16709923469042878, 0.04527595634488839, -7959.12931869590283895]
    [-0.05228018811543842, -0.00000007567613707, -0.33008443581882463, 1947.62692958116531372]
  #1022 objects/buildingsets/citysets/hightech/addon/medium/ht_med_addon_panel_06_a.cgf
    [-0.49999958265679589, 0.86602804208413420, 0.00000000000000000, 3875.04592911313011427]
    [-0.86602804208413420, -0.49999958265679589, -0.00000000000000000, -7871.39570408023610071]
    [-0.00000000000000000, 0.00000000000000000, 1.00000207616436887, 1957.85877231694757938]
  #1023 objects/buildingsets/citysets/hightech/addon/medium/ht_med_addon_vent_003_a.cgf
    [0.63958719128597796, 0.17137975877440204, 0.00000000000000000, 4818.74089456114597851]
    [0.17137975877440204, -0.63958719128597796, 0.00000000000000000, -6232.35670560075413960]
    [0.00000000000000000, 0.00000000000000000, -0.66215013174857740, 1937.76150758937001228]
  #1024 objects/buildingsets/human/shop/alpha/shippart/dumpersdepot/prop/prop_crate_dumper_pallet_05.cgf
    [-0.86602837090970930, -0.49999990680382367, -0.00000000000000000, 4801.46037357002933277]
    [0.49999990680382367, -0.86602837090970930, 0.00000000000000000, -6357.94345231748775404]
    [0.00000000000000000, -0.00000000000000000, 1.00000252300899595, 1957.87664235383272171]
  #1025 objects/buildingsets/citysets/hightech/addon/large/ht_lrg_addon_antenna_001_a.cgf
    [-0.19184437535290397, 0.71597101145212461, 0.00000000000000000, 4798.72092063887612312]
    [0.71597101145212461, 0.19184437535290397, 0.00000000000000000, -6242.07701009606716980]
    [0.00000000000000000, 0.00000000000000000, -0.74122786887321246, 1934.15357327647507191]
  #1026 objects/buildingsets/citysets/hightech/addon/medium/ht_med_addon_panel_06_a.cgf
    [0.49999962468684500, -0.86602980288375020, 0.00000000000000000, 4718.83229716835921863]
    [0.86602980288375020, 0.49999962468684500, 0.00000000000000000, -6491.40615287941363931]
    [0.00000000000000000, 0.00000000000000000, 1.00000362207836679, 1957.85877231694757938]
  #1027 objects/buildingsets/citysets/hightech/addon/medium/ht_med_addon_vent_001_a.cgf
    [0.62205353582404332, 1.07743461077643765, 0.00000000000000000, 4782.48711586767603876]
    [1.07743461077643765, -0.62205353582404332, 0.00000000000000000, -6357.96152935143800278]
    [0.00000000000000000, 0.00000000000000000, -1.24411251176498028, 1954.57907967083156109]
  #1028 objects/buildingsets/citysets/hightech/addon/large/ht_lrg_addon_tank_002_b.cgf
    [0.13363806049053872, -0.23146926011569235, 0.00000000000000000, 4747.21978632851096336]
    [0.23146926011569235, 0.13363806049053872, 0.00000000000000000, -6432.48734829527711554]
    [0.00000000000000000, 0.00000000000000000, 0.26727728970149883, 1956.85877029038965702]
  #1029 objects/buildingsets/human/shop/alpha/shippart/dumpersdepot/prop/prop_crate_dumper_cluster_01.cgf
    [-0.49999958265679589, 0.86602804208413420, 0.00000000000000000, 4811.75950315206137020]
    [-0.86602804208413420, -0.49999958265679589, -0.00000000000000000, -6342.30658223232785531]
    [-0.00000000000000000, 0.00000000000000000, 1.00000207616436887, 1957.87664235383272171]
  #1030 objects/buildingsets/citysets/hightech/addon/greeble/orison_shipyard_greeble_d.cgf
    [-0.87347817706453468, -0.23405100039536667, 0.00000000000000000, 4801.92696536626681336]
    [-0.23405100039536667, 0.87347817706453457, -0.00000000000000000, -6266.29351883182425809]
    [0.00000000000000000, 0.00000000000000000, -0.90429198635952446, 1940.67123848572373390]
  #1031 objects/buildingsets/citysets/hightech/addon/medium/ht_med_addon_tank_003_a.cgf
    [-0.42603408164310891, 0.24597000314556192, 0.00000000000000000, 3851.59380646979116136]
    [0.24597000314556192, 0.42603408164310891, 0.00000000000000000, -7904.63671764266655373]
    [0.00000000000000000, 0.00000000000000000, -0.49194133915428873, 1943.48156918026506901]
  #1032 objects/buildingsets/citysets/hightech/addon/medium/ht_med_addon_tank_003_a.cgf
    [0.42603433815384112, -0.24596955885380106, 0.00000000000000000, 4717.85054437371218228]
    [-0.24596955885380106, -0.42603433815384134, -0.00000000000000000, -6489.23603153001204191]
    [0.00000000000000000, 0.00000000000000000, -0.49194133915428895, 1943.48156918026506901]
  #1033 objects/buildingsets/citysets/hightech/addon/large/ht_lrg_addon_building_001_a.cgf
    [0.04410759761019485, 0.16460939441625885, 0.00000000000000000, 4822.59709846539044520]
    [-0.16460939441625885, 0.04410759761019485, -0.00000000000000000, -6264.34349029875920678]
    [-0.00000000000000000, 0.00000000000000000, 0.17041635161283769, 1955.92384539544582367]
  #1034 objects/buildingsets/citysets/hightech/addon/large/ht_lrg_addon_tank_009_b.cgf
    [0.52297989362883757, -0.14013407257190202, 0.00000000000000000, 4777.78872943852911703]
    [0.14013407257190202, 0.52297989362883757, 0.00000000000000000, -6198.49993421056024090]
    [0.00000000000000000, 0.00000000000000000, 0.54142915273895009, 1958.04410069249570370]
  #1035 objects/buildingsets/citysets/hightech/addon/medium/ht_med_addon_antenna_003_a.cgf
    [0.96592770438603459, -0.00000003753882080, -0.25882198841388454, 4784.28582649303643848]
    [0.25882198841357312, -0.00000141794080654, 0.96592770438507813, -6190.10811704043044301]
    [-0.00000040325300730, -1.00000257588917285, -0.00000135990893300, 1954.63037577457726002]
  #1036 objects/buildingsets/citysets/hightech/addon/medium/ht_med_addon_tank_003_a.cgf
    [-0.42603408164310891, 0.24597000314556192, 0.00000000000000000, 3861.46878412909427425]
    [0.24597000314556192, 0.42603408164310891, 0.00000000000000000, -7887.53264963154106226]
    [0.00000000000000000, 0.00000000000000000, -0.49194133915428873, 1943.48156918026506901]
  #1037 objects/buildingsets/citysets/hightech/addon/medium/ht_med_addon_vent_001_a.cgf
    [-0.62205444517331310, -1.07743408576594124, 0.00000000000000000, 3813.96895369248522911]
    [-1.07743408576594124, 0.62205444517331310, -0.00000000000000000, -7952.52741130885442544]
    [0.00000000000000000, 0.00000000000000000, -1.24411251176498028, 1954.57907967083156109]
  #1038 objects/buildingsets/human/shop/alpha/shippart/dumpersdepot/prop/prop_crate_dumper_cluster_02.cgf
    [0.86602867319254873, 0.49999887713978930, 0.00000000000000000, 4790.37903594307135791]
    [-0.49999887713978930, 0.86602867319254873, -0.00000000000000000, -6373.72567074419384880]
    [-0.00000000000000000, 0.00000000000000000, 1.00000226996377184, 1957.87091234140098095]
  #1039 objects/buildingsets/citysets/hightech/addon/medium/ht_med_addon_window_01_a.cgf
    [-0.77431692901269489, 0.20748045757427050, 0.00000000000000000, 4820.42764915730731445]
    [-0.20748045757427050, -0.77431692901269489, -0.00000000000000000, -6262.16002173849301471]
    [-0.00000000000000000, 0.00000000000000000, 0.80163261337777370, 1958.80037322454154491]
  #1040 objects/buildingsets/citysets/hightech/addon/containers/containers_01x02x02_a.cgf
    [0.86602766411490417, 0.50000064180364034, 0.00000000000000000, 4809.77619216734456131]
    [-0.50000064180364034, 0.86602766411490417, -0.00000000000000000, -6351.60295615763061505]
    [-0.00000000000000000, 0.00000000000000000, 1.00000227840558908, 1957.87778835557401180]
  #1041 objects/buildingsets/citysets/hightech/addon/large/ht_lrg_addon_antenna_002_a.cgf
    [-0.22304705804403485, -0.38633096857356736, 0.00000000000000000, 4792.05774532259601983]
    [-0.38633096857356736, 0.22304705804403474, -0.00000000000000000, -6359.13536027557165653]
    [0.00000000000000000, 0.00000000000000000, -0.44609596207664759, 1932.51497195661067963]
  #1042 objects/buildingsets/citysets/hightech/struts/ht_connect_45_001.cgf
    [-0.86602837090970930, -0.49999990680382367, -0.00000000000000000, 4794.50127751211766736]
    [0.49999990680382367, -0.86602837090970930, 0.00000000000000000, -6313.96793273454568407]
    [0.00000000000000000, -0.00000000000000000, 1.00000252300899595, 1946.48374926485121250]
  #1043 objects/buildingsets/citysets/hightech/addon/medium/ht_med_addon_antenna_008_c.cgf
    [-0.08919566713019890, 0.00000023234323123, 0.33287458484387039, 4751.93252194084197981]
    [0.33287458484393651, -0.00000004096810977, 0.08919566713024511, -6115.52424686842459778]
    [0.00000009970832153, 0.34461769581636198, -0.00000021382238836, 1958.73373408988118172]
  #1044 objects/buildingsets/citysets/hightech/addon/large/ht_lrg_addon_tank_002_a.cgf
    [0.16504183972597045, 0.28942501386025515, -0.02614008902238695, 4769.56100717468143557]
    [0.28586173441387475, -0.16709911165000738, -0.04527590359020836, -6400.86006363788510498]
    [-0.05228012719952531, -0.00000009803108888, -0.33008444383556157, 1947.62692958116531372]
  #1045 objects/buildingsets/citysets/hightech/addon/medium/ht_med_addon_panel_04_a.cgf
    [0.39066754091899319, -0.10468057031936717, 0.00000000000000000, 4815.46271042909575044]
    [0.10468057031936717, 0.39066754091899319, 0.00000000000000000, -6245.50463652570942941]
    [0.00000000000000000, 0.00000000000000000, 0.40444919252000144, 1957.83668327145278454]
  #1046 objects/buildingsets/citysets/hightech/addon/medium/ht_med_addon_panel_03_a.cgf
    [-0.39066753794071718, 0.10468049514906677, 0.00000000000000000, 4825.84946158021921292]
    [-0.10468049514906677, -0.39066753794071718, -0.00000000000000000, -6284.26814586205910018]
    [-0.00000000000000000, 0.00000000000000000, 0.40444917018744819, 1957.82236124388873577]
  #1047 objects/buildingsets/citysets/hightech/addon/large/ht_lrg_addon_tank_008_b_linemarking_a.cgf
    [0.52297989362883757, -0.14013407257190202, 0.00000000000000000, 4777.78872943852911703]
    [0.14013407257190202, 0.52297989362883757, 0.00000000000000000, -6198.49993421056024090]
    [0.00000000000000000, 0.00000000000000000, 0.54142915273895009, 1957.95035050250589848]
  #1048 objects/buildingsets/citysets/hightech/addon/medium/ht_med_addon_panel_01_a.cgf
    [-0.19000215711484089, -0.14863974786279496, 0.52117480035457109, 4811.48179432305914816]
    [-0.05091034652342200, 0.55472875554838141, 0.13964924368661655, -6232.32605837453047570]
    [-0.53956008357383833, 0.00000081465526399, -0.19670455787999405, 1941.78585674427449703]
  #1049 objects/buildingsets/citysets/hightech/addon/medium/ht_med_addon_panel_06_a.cgf
    [0.49999962468684500, -0.86602980288375020, 0.00000000000000000, 4713.96088587278791238]
    [0.86602980288375020, 0.49999962468684500, 0.00000000000000000, -6488.59365357153910736]
    [0.00000000000000000, 0.00000000000000000, 1.00000362207836679, 1957.85877231694757938]
  #1050 objects/buildingsets/citysets/hightech/addon/medium/ht_med_addon_tank_003_a.cgf
    [0.42603433815384112, -0.24596955885380106, 0.00000000000000000, 4737.41305208332414622]
    [-0.24596955885380106, -0.42603433815384134, -0.00000000000000000, -6455.35265184909985692]
    [0.00000000000000000, 0.00000000000000000, -0.49194133915428895, 1943.48156918026506901]
  #1051 objects/buildingsets/citysets/hightech/addon/medium/ht_med_addon_panel_01_a.cgf
    [0.86602631578937239, -0.37157233636118536, 0.33456358641950223, 4798.20768489666079404]
    [-0.49999879450532331, -0.64358454800773890, 0.57948296714001990, -6200.01806430834585626]
    [0.00000011456389285, -0.66912876381401210, -0.74314673623936645, 1953.49285246990621090]
  #1052 objects/buildingsets/citysets/hightech/addon/medium/ht_med_addon_panel_01_a.cgf
    [-0.49999960232445267, -0.00000059032885669, 0.86602847931528770, 4831.49442760096280836]
    [-0.86602847931546467, 0.00000010409021697, -0.49999960232448376, -6332.24993714189804450]
    [0.00000020501859591, -1.00000246465183751, -0.00000056328528094, 1951.30401703342795372]
  #1053 objects/buildingsets/citysets/hightech/addon/large/ht_lrg_addon_tank_002_a.cgf
    [-0.13363804925690165, 0.23146878949564792, 0.00000000000000000, 4737.40729281987296417]
    [-0.23146878949564792, -0.13363804925690165, -0.00000000000000000, -6449.48315299891146424]
    [-0.00000000000000000, 0.00000000000000000, 0.26727687651529197, 1956.85877029038965702]
  #1054 objects/buildingsets/citysets/hightech/addon/medium/ht_med_addon_vent_001_a.cgf
    [0.62205353582404332, 1.07743461077643765, 0.00000000000000000, 4775.03796908481308492]
    [1.07743461077643765, -0.62205353582404332, 0.00000000000000000, -6407.46197924249463540]
    [0.00000000000000000, 0.00000000000000000, -1.24411251176498028, 1954.57907967083156109]
  #1055 objects/buildingsets/human/hightech/delta/int/garage/high_tech_garage_door_l.cga
    [0.14149860022617627, 0.52807226319203493, 0.00000000000000000, 4830.00504521742550423]
    [-0.52807226319203493, 0.14149860022617627, -0.00000000000000000, -6265.20553483848379983]
    [-0.00000000000000000, 0.00000000000000000, 0.54670116976162120, 1954.79884311556816101]
  #1056 objects/buildingsets/citysets/hightech/addon/containers/containers_01x02x03_a.cgf
    [0.86602766411490417, 0.50000064180364034, 0.00000000000000000, 4817.64098555883174413]
    [-0.50000064180364034, 0.86602766411490417, -0.00000000000000000, -6338.16119619112032524]
    [-0.00000000000000000, 0.00000000000000000, 1.00000227840558908, 1957.87778835557401180]
  #1057 objects/buildingsets/citysets/hightech/addon/containers/containers_01x04x02_a.cgf
    [0.86602766411490417, 0.50000064180364034, 0.00000000000000000, 4798.31387261760391993]
    [-0.50000064180364034, 0.86602766411490417, -0.00000000000000000, -6362.05412018120296125]
    [-0.00000000000000000, 0.00000000000000000, 1.00000227840558908, 1957.87778835557401180]
  #1058 objects/buildingsets/citysets/hightech/addon/medium/ht_med_addon_panel_02_a.cgf
    [0.57459633401730248, 0.15396407671640991, 0.00000000000000000, 4813.62383820811010082]
    [0.15396407671640991, -0.57459633401730281, 0.00000000000000000, -6253.06737213959604560]
    [0.00000000000000000, 0.00000000000000000, -0.59486627403582082, 1941.95249108225107193]
  #1059 objects/buildingsets/human/universal/prop/uee/forklift/forklift_machine_1_a.cgf
    [-0.12186724770785878, 0.99254845154636362, 0.00000000000000000, 4789.35137860630857176]
    [-0.99254845154636362, -0.12186724770785878, -0.00000000000000000, -6350.33620595048887481]
    [-0.00000000000000000, 0.00000000000000000, 1.00000202736343113, 1957.87669535353779793]
  #1060 objects/buildingsets/citysets/hightech/addon/large/ht_lrg_addon_tank_008_c.cgf
    [-0.23715039726704923, -0.27383722673401678, -0.41075674582602595, 3823.21012265609533642]
    [0.13691920766229179, -0.47430097529426168, 0.23714965173688426, -7974.81672129064281762]
    [-0.47430060252976064, -0.00000064647664744, 0.27383787238139862, 1952.58569763042032719]
  #1061 objects/buildingsets/citysets/hightech/addon/greeble/orison_shipyard_greeble_c.cgf
    [0.75980624325556601, -0.43867317991148591, 0.00000000000000000, 4803.55562323559206561]
    [-0.43867317991148591, -0.75980624325556645, -0.00000000000000000, -6340.16051476026950695]
    [0.00000000000000000, 0.00000000000000000, -0.87734809856965668, 1940.73373861238360405]
  #1062 objects/buildingsets/citysets/hightech/addon/medium/ht_med_addon_tank_003_a.cgf
    [0.42603433815384112, -0.24596955885380106, 0.00000000000000000, 4727.53805283874680754]
    [-0.24596955885380106, -0.42603433815384134, -0.00000000000000000, -6472.45671605418647232]
    [0.00000000000000000, 0.00000000000000000, -0.49194133915428895, 1943.48156918026506901]
  #1063 objects/buildingsets/citysets/hightech/addon/medium/ht_med_addon_panel_06_a.cgf
    [-0.25882170057883169, -0.00000077356163946, 0.96592777099029548, 4815.34134689455459011]
    [0.96592777099034743, -0.00000093772695618, 0.25882170057809473, -6273.21158979215579166]
    [0.00000070556015929, 1.00000256572666824, 0.00000098990621585, 1939.73373358510434628]
  #1064 objects/buildingsets/citysets/hightech/addon/medium/ht_med_addon_antenna_004_a.cgf
    [0.00000036470575422, -2.72563835797156395, -0.73033294991497832, 4806.21149752626297413]
    [0.00000056353926431, -0.73033294991489994, 2.72563835797155107, -6319.86039088661527785]
    [-2.82178855979272836, -0.00000049813345617, 0.00000044994427378, 1944.97142920084297657]
  #1065 objects/buildingsets/citysets/hightech/addon/medium/ht_med_addon_panel_01_a.cgf
    [0.17959433193357319, 0.14864077925606853, 0.52485210937750915, 4829.49436435217648977]
    [0.04812272461998682, -0.55472863706562592, 0.14063528942978964, -6298.92585919924204063]
    [0.54336729875013734, 0.00000002206932654, -0.18592988110445602, 1941.73078563250601292]
  #1066 objects/buildingsets/citysets/hightech/addon/large/ht_lrg_addon_antenna_001_a.cgf
    [-0.04522260125579991, -0.16877119405466662, 0.00000000000000000, 4751.18839838620988303]
    [0.16877119405466662, -0.04522260125579991, 0.00000000000000000, -6112.74720104454354441]
    [0.00000000000000000, 0.00000000000000000, 0.17472492554578178, 1958.73373208940029144]
  #1067 objects/buildingsets/human/universal/prop/uee/forklift/forklift_machine_1_a.cgf
    [-0.12186724770785878, 0.99254845154636362, 0.00000000000000000, 4791.66380632223081193]
    [-0.99254845154636362, -0.12186724770785878, -0.00000000000000000, -6346.45368386125664983]
    [-0.00000000000000000, 0.00000000000000000, 1.00000202736343113, 1957.87669535353779793]
  #1068 objects/buildingsets/citysets/hightech/addon/large/ht_lrg_addon_tank_008_c.cgf
    [0.23715069111467799, 0.27383639348288741, 0.41075674582636462, 4765.79681985808565514]
    [-0.13691754115980875, 0.47430112221825943, -0.23714965173704275, -6385.17265116322414542]
    [-0.47430060253001105, 0.00000073064076620, 0.27383729361225345, 1952.58569763042032719]
  #1069 objects/buildingsets/human/hightech/delta/int/garage/high_tech_garage_door_l.cga
    [0.14149860022617627, 0.52807226319203493, 0.00000000000000000, 4827.24001315199348028]
    [-0.52807226319203493, 0.14149860022617627, -0.00000000000000000, -6254.88641935860687227]
    [-0.00000000000000000, 0.00000000000000000, 0.54670116976162120, 1954.79884311556816101]
  #1070 objects/buildingsets/human/hightech/delta/int/light/light_fixture/light_decal_capsule_a.cgf
    [-0.51764443658030213, -1.93185641772259897, 0.00000000000000000, 4115.15770721516128106]
    [1.93185641772259897, -0.51764443658030213, 0.00000000000000000, -36566.80224421476304997]
    [0.00000000000000000, 0.00000000000000000, 2.00000624534488169, 1951.48375939764082432]
  #1071 objects/buildingsets/human/hightech/delta/int/light/light_fixture/light_decal_capsule_a.cgf
    [-0.51764443658030213, -1.93185641772259897, 0.00000000000000000, 3866.68798291007442458]
    [1.93185641772259897, -0.51764443658030213, 0.00000000000000000, -35639.51196126096328953]
    [0.00000000000000000, 0.00000000000000000, 2.00000624534488169, 1951.48375939764082432]
  #1072 objects/buildingsets/citysets/hightech/background/plates/habitation_plate_thruster_a.cgf
    [0.51226126188631727, -0.19411586472731443, 0.51226031712332409, 3378.32692739056619757]
    [0.13726073655301821, 0.72444615598997308, 0.13726055201607695, -33832.32621585301239975]
    [-0.53033111509607322, -0.00000004686351722, 0.53033207542862892, 1938.15985239669680595]
  #1073 objects/buildingsets/human/hightech/delta/int/light/light_fixture/light_decal_capsule_a.cgf
    [-0.51764443658030213, -1.93185641772259897, 0.00000000000000000, 3618.21825860498938709]
    [1.93185641772259897, -0.51764443658030213, 0.00000000000000000, -34712.22167830717808101]
    [0.00000000000000000, 0.00000000000000000, 2.00000624534488169, 1951.48375939764082432]
  #1074 objects/buildingsets/citysets/hightech/background/plates/habitation_plate_thruster_a.cgf
    [0.45928079000215383, 0.37500040870517926, 0.45928076026883941, 3324.18933924867451424]
    [-0.26516555062779051, 0.64952110113379646, -0.26516511325847214, -33821.35403246225905605]
    [-0.53033136249182478, -0.00000025732075515, 0.53033160692596437, 1938.15985239669680595]
  #1075 objects/buildingsets/human/hightech/delta/int/light/light_fixture/light_decal_capsule_a.cgf
    [0.99999924937369000, -1.73205960576750040, 0.00000000000000000, 2871.63773480862982979]
    [1.73205960576750040, 0.99999924937369000, 0.00000000000000000, -34613.16263484516821336]
    [0.00000000000000000, 0.00000000000000000, 2.00000724415673359, 1951.48375939764082432]
  #1076 objects/buildingsets/human/hightech/delta/int/light/light_fixture/light_decal_capsule_a.cgf
    [0.99999924937369000, -1.73205960576750040, 0.00000000000000000, 3351.63671527998121746]
    [1.73205960576750040, 0.99999924937369000, 0.00000000000000000, -33781.77500739823153708]
    [0.00000000000000000, 0.00000000000000000, 2.00000724415673359, 1951.48375939764082432]
  #1077 objects/buildingsets/citysets/hightech/background/plates/habitation_plate_thruster_a.cgf
    [-0.51226110613294706, 0.19411507164136896, -0.51226036352055493, 3905.64074761169285921]
    [-0.13725960252894132, -0.72444607866295541, -0.13726056444791251, -35761.59037720339983935]
    [-0.53033116312936213, -0.00000079291051658, 0.53033163147442419, 1938.15985239669680595]
  #1078 objects/buildingsets/citysets/hightech/struts/ht_strut_straight_4000m_001.cgf
    [0.96592724926592088, -0.25882259496925547, 0.00000000000000000, 3364.50271857035295398]
    [0.25882259496925547, 0.96592724926592088, 0.00000000000000000, -33761.49031565005134325]
    [0.00000000000000000, 0.00000000000000000, 1.00000229326789425, 1936.48372899927198887]
  #1079 objects/buildingsets/human/hightech/delta/int/light/light_fixture/light_decal_capsule_a.cgf
    [-0.51764443658030213, -1.93185641772259897, 0.00000000000000000, 3287.89987064913657377]
    [1.93185641772259897, -0.51764443658030213, 0.00000000000000000, -33475.59300625515606953]
    [0.00000000000000000, 0.00000000000000000, 2.00000624534488169, 1951.48375939764082432]
  #1080 objects/buildingsets/human/hightech/delta/int/light/light_fixture/light_decal_capsule_a.cgf
    [-0.51764443658030213, -1.93185641772259897, 0.00000000000000000, 3369.74853429990616860]
    [1.93185641772259897, -0.51764443658030213, 0.00000000000000000, -33784.93139535339287249]
    [0.00000000000000000, 0.00000000000000000, 2.00000624534488169, 1951.48375939764082432]
  #1081 objects/buildingsets/citysets/hightech/background/plates/habitation_plate_thruster_a.cgf
    [-0.51226110613294706, 0.19411507164136896, -0.51226036352055493, 4423.28597578073276964]
    [-0.13725960252894132, -0.72444607866295541, -0.13726056444791251, -37693.44501841178134782]
    [-0.53033116312936213, -0.00000079291051658, 0.53033163147442419, 1938.15985239669680595]
  #1082 objects/buildingsets/citysets/hightech/struts/ht_strut_straight_2000m_001.cgf
    [0.86602867319254873, 0.49999887713978930, 0.00000000000000000, 3364.50271857035295398]
    [-0.49999887713978930, 0.86602867319254873, -0.00000000000000000, -33761.49031565005134325]
    [-0.00000000000000000, 0.00000000000000000, 1.00000226996377184, 1936.48372899927198887]
  #1083 objects/buildingsets/citysets/hightech/background/plates/habitation_plate_thruster_a.cgf
    [-0.51226110613294706, 0.19411507164136896, -0.51226036352055493, 3387.99545836050492653]
    [-0.13725960252894132, -0.72444607866295541, -0.13726056444791251, -33829.73550803615216864]
    [-0.53033116312936213, -0.00000079291051658, 0.53033163147442419, 1938.15985239669680595]
  #1084 objects/buildingsets/citysets/hightech/background/plates/habitation_plate_thruster_a.cgf
    [0.51226126188631727, -0.19411586472731443, 0.51226031712332409, 3895.97221664175049227]
    [0.13726073655301821, 0.72444615598997308, 0.13726055201607695, -35764.18108502024551854]
    [-0.53033111509607322, -0.00000004686351722, 0.53033207542862892, 1938.15985239669680595]
  #1085 objects/buildingsets/citysets/hightech/background/plates/habitation_plate_thruster_a.cgf
    [0.51226126188631727, -0.19411586472731443, 0.51226031712332409, 4413.61744481079222169]
    [0.13726073655301821, 0.72444615598997308, 0.13726055201607695, -37696.03572622862702701]
    [-0.53033111509607322, -0.00000004686351722, 0.53033207542862892, 1938.15985239669680595]
  #1086 objects/buildingsets/citysets/hightech/background/plates/habitation_plate_thruster_a.cgf
    [-0.45928048526387605, -0.37500142079020443, -0.45928071676524534, 3332.85792755439251778]
    [0.26516700704899432, -0.64952085488846245, 0.26516508814120016, -33826.35881296596926404]
    [-0.53033131225654406, -0.00000125693409807, 0.53033207122515535, 1938.15985239669680595]
  #1087 objects/buildingsets/citysets/hightech/struts/ht_connect_ring_addon_001.cgf
    [-0.96592722813299714, 0.25882206158666005, 0.00000000000000000, 4399.79083286609420611]
    [-0.25882206158666005, -0.96592722813299714, -0.00000000000000000, -37625.19052312349231215]
    [-0.00000000000000000, 0.00000000000000000, 1.00000213480405309, 1936.48372899927198887]
  #1088 objects/buildingsets/citysets/hightech/struts/ht_connect_ring_addon_001.cgf
    [-0.86602837090970930, -0.49999990680382367, -0.00000000000000000, 2364.50721257030272682]
    [0.49999990680382367, -0.86602837090970930, 0.00000000000000000, -35493.54370441102219047]
    [0.00000000000000000, -0.00000000000000000, 1.00000252300899595, 1936.48372899927198887]
  #1089 objects/buildingsets/citysets/hightech/struts/ht_connect_strut_addon_001_b.cgf
    [0.96592724926592088, -0.25882259496925547, 0.00000000000000000, 3364.50271857035295398]
    [0.25882259496925547, 0.96592724926592088, 0.00000000000000000, -33761.49031565005134325]
    [0.00000000000000000, 0.00000000000000000, 1.00000229326789425, 1936.48372899927198887]
  #1090 objects/buildingsets/human/hightech/delta/int/light/light_fixture/light_decal_capsule_a.cgf
    [-0.51764044733955705, -1.93185527788326850, 0.00000000000000000, 3793.25946155424389872]
    [1.93185527788326850, -0.51764044733955705, 0.00000000000000000, -8046.18005631320738757]
    [0.00000000000000000, 0.00000000000000000, 2.00000411184760774, 1951.48375939764082432]
  #1091 objects/buildingsets/human/hightech/delta/int/light/light_fixture/light_decal_capsule_a.cgf
    [-0.51764044733955705, -1.93185527788326850, 0.00000000000000000, 4306.76261951478227274]
    [1.93185527788326850, -0.51764044733955705, 0.00000000000000000, -9962.57994648946805682]
    [0.00000000000000000, 0.00000000000000000, 2.00000411184760774, 1951.48375939764082432]
  #1092 objects/buildingsets/human/hightech/delta/int/light/light_fixture/light_decal_capsule_a.cgf
    [-0.51764044733955705, -1.93185527788326850, 0.00000000000000000, 4058.29334964013105491]
    [1.93185527788326850, -0.51764044733955705, 0.00000000000000000, -9035.28967744593865064]
    [0.00000000000000000, 0.00000000000000000, 2.00000411184760774, 1951.48375939764082432]
  #1093 objects/buildingsets/citysets/hightech/addon/large/ht_lrg_addon_antenna_001_a.cgf
    [0.19184502238207884, -0.71597083808039552, 0.00000000000000000, 3790.28618360012114863]
    [-0.71597083808039552, -0.19184502238207884, -0.00000000000000000, -8117.91234237840581045]
    [0.00000000000000000, 0.00000000000000000, -0.74122786887321246, 1934.15357327647507191]
  #1094 objects/buildingsets/citysets/hightech/addon/medium/ht_med_addon_vent_001_a.cgf
    [-0.32200301301893380, 1.20172097824986746, 0.00000000000000000, 3766.59715827802938293]
    [1.20172097824986746, 0.32200301301893397, 0.00000000000000000, -8102.65717607431906799]
    [0.00000000000000000, 0.00000000000000000, -1.24411384123764557, 1953.31388710625469685]
  #1095 objects/buildingsets/citysets/hightech/addon/large/ht_lrg_addon_tank_009_b.cgf
    [-0.52297988964187092, 0.14013397194271840, 0.00000000000000000, 3811.21841229981873767]
    [-0.14013397194271840, -0.52297988964187092, -0.00000000000000000, -8161.48937989423757244]
    [-0.00000000000000000, 0.00000000000000000, 0.54142912284274658, 1958.04410069249570370]
  #1096 objects/buildingsets/citysets/hightech/addon/large/ht_lrg_addon_tank_003_c.cgf
    [-0.16327496534288685, 0.09426650465167298, 0.00000000000000000, 3770.54859634859894868]
    [0.09426650465167298, 0.16327496534288671, 0.00000000000000000, -8048.82250478649984871]
    [0.00000000000000000, 0.00000000000000000, -0.18853352011503099, 1940.00191412866115570]
  #1097 objects/buildingsets/human/shop/alpha/shippart/dumpersdepot/prop/prop_crate_dumper_cluster_01.cgf
    [0.49999962468684500, -0.86602980288375020, 0.00000000000000000, 3777.24750151111584273]
    [0.86602980288375020, 0.49999962468684500, 0.00000000000000000, -8017.68282188334887906]
    [0.00000000000000000, 0.00000000000000000, 1.00000362207836679, 1957.87664235383272171]
  #1098 objects/buildingsets/citysets/hightech/addon/large/ht_lrg_addon_building_001_a.cgf
    [-0.04410750583774898, -0.16460964695292385, 0.00000000000000000, 3766.40999161552463192]
    [0.16460964695292385, -0.04410750583774898, 0.00000000000000000, -8095.64589552670986450]
    [0.00000000000000000, 0.00000000000000000, 0.17041657179157568, 1955.92384539544582367]
  #1099 objects/buildingsets/citysets/hightech/addon/medium/ht_med_addon_vent_003_a.cgf
    [-0.63958722172636795, -0.17137964517119431, 0.00000000000000000, 3770.26622741364553804]
    [-0.17137964517119431, 0.63958722172636773, -0.00000000000000000, -8127.63266406212096626]
    [0.00000000000000000, 0.00000000000000000, -0.66215013174857773, 1937.76150758937001228]
  #1100 objects/buildingsets/citysets/hightech/addon/greeble/orison_shipyard_greeble_d.cgf
    [0.87347813549252251, 0.23405115554203279, 0.00000000000000000, 3787.08011483534573927]
    [0.23405115554203279, -0.87347813549252296, 0.00000000000000000, -8093.69584617787222669]
    [0.00000000000000000, 0.00000000000000000, -0.90429198635952490, 1940.67123848572373390]
  #1101 objects/buildingsets/citysets/hightech/addon/medium/ht_med_addon_panel_04_a.cgf
    [-0.39066753794071718, 0.10468049514906677, 0.00000000000000000, 3773.54439659001218388]
    [-0.10468049514906677, -0.39066753794071718, -0.00000000000000000, -8114.48473470901990368]
    [-0.00000000000000000, 0.00000000000000000, 0.40444917018744819, 1957.83668327145278454]
  #1102 objects/buildingsets/citysets/hightech/addon/medium/ht_med_addon_window_01_a.cgf
    [0.77431693491574360, -0.20748060656447445, 0.00000000000000000, 3768.57944237719493685]
    [0.20748060656447445, 0.77431693491574360, 0.00000000000000000, -8097.82936099577818823]
    [0.00000000000000000, 0.00000000000000000, 0.80163265764168701, 1958.80037322454154491]
  #1103 objects/buildingsets/citysets/hightech/addon/large/ht_lrg_addon_tank_008_b_linemarking_a.cgf
    [-0.52297988964187092, 0.14013397194271840, 0.00000000000000000, 3811.21841229981873767]
    [-0.14013397194271840, -0.52297988964187092, -0.00000000000000000, -8161.48937989423757244]
    [-0.00000000000000000, 0.00000000000000000, 0.54142912284274658, 1957.95035050250589848]
  #1104 objects/buildingsets/citysets/hightech/addon/medium/ht_med_addon_antenna_008_c.cgf
    [0.08919583895552544, -0.00000023234305600, -0.33287437596865843, 3837.07469651487554074]
    [-0.33287437596872455, 0.00000004096807881, -0.08919583895557172, -8244.46500877724793099]
    [0.00000009970838283, 0.34461753853148869, -0.00000021382216333, 1958.73373408988118172]
  #1105 objects/buildingsets/citysets/hightech/addon/medium/ht_med_addon_panel_01_a.cgf
    [0.19000222638766151, 0.14863994878566536, -0.52117464346236642, 3777.52532492837053724]
    [0.05091104844985301, -0.55472863187359944, -0.13964920164748443, -8127.66330370652030979]
    [-0.53955992114765783, 0.00000019450219121, -0.19670480646515429, 1941.78585674427449703]
  #1106 objects/buildingsets/human/hightech/delta/int/garage/high_tech_garage_door_l.cga
    [-0.14149830581720063, -0.52807307333782683, 0.00000000000000000, 3759.00204677632063976]
    [0.52807307333782683, -0.14149830581720063, 0.00000000000000000, -8094.78385903960042924]
    [0.00000000000000000, 0.00000000000000000, 0.54670187610213639, 1954.79884311556816101]
  #1107 objects/buildingsets/citysets/hightech/addon/containers/containers_01x02x02_a.cgf
    [-0.86602735134685704, -0.50000170718104808, -0.00000000000000000, 3779.23080204826692352]
    [0.50000170718104808, -0.86602735134685704, 0.00000000000000000, -8008.38644941834536439]
    [0.00000000000000000, -0.00000000000000000, 1.00000254022918078, 1957.87778835557401180]
  #1108 objects/buildingsets/citysets/hightech/addon/medium/ht_med_addon_panel_01_a.cgf
    [-0.86602546899508126, 0.37157350924440119, -0.33456464248341583, 3790.79946300886513200]
    [0.50000037277210285, 0.64358391871549214, -0.57948240052565347, -8159.97127166669270082]
    [0.00000011456440994, -0.66912880114296114, -0.74314677769696058, 1953.49285246990621090]
  #1109 objects/buildingsets/citysets/hightech/addon/medium/ht_med_addon_panel_01_a.cgf
    [0.49999942424296678, 0.00000059032918625, -0.86602904357512955, 3757.51259504055997240]
    [0.86602904357530641, -0.00000010409027534, 0.49999942424299842, -8027.73948373727216676]
    [0.00000020501846468, -1.00000286427536866, -0.00000056328568506, 1951.30401703342795372]
  #1110 objects/buildingsets/human/universal/prop/uee/forklift/forklift_machine_1_a.cgf
    [0.12186748235614195, -0.99254960541124038, 0.00000000000000000, 3799.65560917774928384]
    [0.99254960541124038, 0.12186748235614195, 0.00000000000000000, -8009.65317784456601657]
    [0.00000000000000000, 0.00000000000000000, 1.00000320122379271, 1957.87669535353779793]
  #1111 objects/buildingsets/citysets/hightech/addon/medium/ht_med_addon_antenna_004_a.cgf
    [-0.00000014997098515, 2.72563799711561661, 0.73033285322375741, 3782.79552843917190330]
    [0.00000065428997685, 0.73033285322377228, -2.72563799711553845, -8040.12899892347377317]
    [-2.82178818620710015, 0.00000002448194028, -0.00000067081093057, 1944.97142920084297657]
  #1112 objects/buildingsets/citysets/hightech/addon/medium/ht_med_addon_antenna_003_a.cgf
    [-0.96592779924047478, 0.00000003754049548, 0.25882111026470306, 3804.72132646284444490]
    [-0.25882111026439170, 0.00000141794089767, -0.96592779923951810, -8169.88120065463772335]
    [-0.00000040325346160, -1.00000244022811757, -0.00000135990893970, 1954.63037577457726002]
  #1113 objects/buildingsets/citysets/hightech/addon/medium/ht_med_addon_panel_01_a.cgf
    [-0.17959421377082918, -0.14864047672619513, -0.52485235735951308, 3759.51269228235469200]
    [-0.04812159598124807, 0.55472883343561552, -0.14063535587671183, -8061.06354694540095807]
    [0.54336755547920412, -0.00000098046049881, -0.18592947485211550, 1941.73078563250601292]
  #1114 objects/buildingsets/citysets/hightech/addon/containers/containers_01x02x03_a.cgf
    [-0.86602735134685704, -0.50000170718104808, -0.00000000000000000, 3771.36602565979410429]
    [0.50000170718104808, -0.86602735134685704, 0.00000000000000000, -8021.82821248464642849]
    [0.00000000000000000, -0.00000000000000000, 1.00000254022918078, 1957.87778835557401180]
  #1115 objects/buildingsets/citysets/hightech/addon/medium/ht_med_addon_panel_03_a.cgf
    [0.39066754091899319, -0.10468057031936717, 0.00000000000000000, 3763.15760895667699515]
    [0.10468057031936717, 0.39066754091899319, 0.00000000000000000, -8075.72125091790258011]
    [0.00000000000000000, 0.00000000000000000, 0.40444919252000144, 1957.82236124388873577]
  #1116 objects/buildingsets/citysets/hightech/addon/medium/ht_med_addon_panel_02_a.cgf
    [-0.57459636136424241, -0.15396397465716813, 0.00000000000000000, 3775.38326022620094591]
    [-0.15396397465716813, 0.57459636136424230, -0.00000000000000000, -8106.92200004801452451]
    [0.00000000000000000, 0.00000000000000000, -0.59486627403582071, 1941.95249108225107193]
  #1117 objects/buildingsets/citysets/hightech/addon/medium/ht_med_addon_panel_06_a.cgf
    [0.25882197389233713, 0.00000077356127973, -0.96592743874269749, 3773.66573118418091326]
    [-0.96592743874274956, 0.00000093772755696, -0.25882197389160028, -8086.77779183267011831]
    [0.00000070556048643, 1.00000231553965624, 0.00000098990627056, 1939.73373358510434628]
  #1118 objects/buildingsets/human/hightech/delta/int/garage/high_tech_garage_door_l.cga
    [-0.14149830581720063, -0.52807307333782683, 0.00000000000000000, 3761.76708855355536798]
    [0.52807307333782683, -0.14149830581720063, 0.00000000000000000, -8105.10296771914909186]
    [0.00000000000000000, 0.00000000000000000, 0.54670187610213639, 1954.79884311556816101]
  #1119 objects/buildingsets/human/universal/prop/uee/forklift/forklift_machine_1_a.cgf
    [0.12186748235614195, -0.99254960541124038, 0.00000000000000000, 3797.34318638845797977]
    [0.99254960541124038, 0.12186748235614195, 0.00000000000000000, -8013.53570087164735014]
    [0.00000000000000000, 0.00000000000000000, 1.00000320122379271, 1957.87669535353779793]
  #1120 objects/buildingsets/citysets/hightech/addon/large/ht_lrg_addon_antenna_001_a.cgf
    [0.04522269534837321, 0.16877093513354458, 0.00000000000000000, 3837.81882268314075191]
    [-0.16877093513354458, 0.04522269534837321, -0.00000000000000000, -8247.24205277105102141]
    [-0.00000000000000000, 0.00000000000000000, 0.17472469980063746, 1958.73373208940029144]
  #1121 objects/buildingsets/citysets/hightech/background/plates/habitation_plate_thruster_a.cgf
    [0.51226126188631727, -0.19411586472731443, 0.51226031712332409, 1291.34015013903263025]
    [0.13726073655301821, 0.72444615598997308, 0.13726055201607695, 17668.53976015048465342]
    [-0.53033111509607322, -0.00000004686351722, 0.53033207542862892, 2938.15985239669680595]
  #1122 objects/buildingsets/human/hightech/delta/int/light/light_fixture/light_decal_capsule_a.cgf
    [0.51764530541086995, 1.93185402690005015, 0.00000000000000000, 1308.62111974370782264]
    [-1.93185402690005015, 0.51764530541086995, -0.00000000000000000, 17623.47682674072348163]
    [-0.00000000000000000, 0.00000000000000000, 2.00000416086163524, 2951.48375939764082432]
  #1123 objects/buildingsets/human/hightech/delta/int/light/light_fixture/light_decal_capsule_a.cgf
    [0.51764047061623930, 1.93185521383107850, 0.00000000000000000, 1320.22179801682796096]
    [-1.93185521383107850, 0.51764047061623930, -0.00000000000000000, 17585.00382212172189611]
    [-0.00000000000000000, 0.00000000000000000, 2.00000405600241793, 2951.48375939764082432]
  #1124 objects/buildingsets/citysets/hightech/background/plates/habitation_plate_thruster_a.cgf
    [-0.51226110613294706, 0.19411507164136896, -0.51226036352055493, 1301.00868013138097012]
    [-0.13725960252894132, -0.72444607866295541, -0.13726056444791251, 17671.13046242312702816]
    [-0.53033116312936213, -0.00000079291051658, 0.53033163147442419, 2938.15985239669680595]
  #1125 objects/buildingsets/human/hightech/delta/int/light/light_fixture/light_decal_capsule_a.cgf
    [0.51764530541086995, 1.93185402690005015, 0.00000000000000000, -4238.43940087799273897]
    [-1.93185402690005015, 0.51764530541086995, -0.00000000000000000, 27400.95149649111408507]
    [-0.00000000000000000, 0.00000000000000000, 2.00000416086163524, 1951.48375939764082432]
  #1126 objects/buildingsets/human/hightech/delta/int/light/light_fixture/light_decal_capsule_a.cgf
    [0.51764530541086995, 1.93185402690005015, 0.00000000000000000, -4776.78581880927958991]
    [-1.93185402690005015, 0.51764530541086995, -0.00000000000000000, 29410.07233289304713253]
    [-0.00000000000000000, 0.00000000000000000, 2.00000416086163524, 1951.48375939764082432]
  #1127 objects/buildingsets/citysets/hightech/background/plates/habitation_plate_thruster_a.cgf
    [0.51226126188631727, -0.19411586472731443, 0.51226031712332409, -4546.56352312330272980]
    [0.13726073655301821, 0.72444615598997308, 0.13726055201607695, 28527.58625503184521222]
    [-0.53033111509607322, -0.00000004686351722, 0.53033207542862892, 1938.15985239669680595]
  #1128 objects/buildingsets/human/hightech/delta/int/light/light_fixture/light_decal_capsule_a.cgf
    [1.73205522655718269, 1.00000000350249363, 0.00000000000000000, -4079.94690353798796423]
    [-1.00000000350249363, 1.73205522655718269, -0.00000000000000000, 32054.95922552554839058]
    [-0.00000000000000000, 0.00000000000000000, 2.00000382870859550, 1951.48375939764082432]
  #1129 objects/buildingsets/human/hightech/delta/int/light/light_fixture/light_decal_capsule_a.cgf
    [0.51764530541086995, 1.93185402690005015, 0.00000000000000000, -4528.31662623820011504]
    [-1.93185402690005015, 0.51764530541086995, -0.00000000000000000, 28482.78214369768465986]
    [-0.00000000000000000, 0.00000000000000000, 2.00000416086163524, 1951.48375939764082432]
  #1130 objects/buildingsets/human/hightech/delta/int/light/light_fixture/light_decal_capsule_a.cgf
    [1.73205522655718269, 1.00000000350249363, 0.00000000000000000, -4559.94579037249059184]
    [-1.00000000350249363, 1.73205522655718269, -0.00000000000000000, 31223.57186826990437112]
    [-0.00000000000000000, 0.00000000000000000, 2.00000382870859550, 1951.48375939764082432]
  #1131 objects/buildingsets/citysets/hightech/background/plates/habitation_plate_thruster_a.cgf
    [0.51226126188631727, -0.19411586472731443, 0.51226031712332409, -4805.38561295337422052]
    [0.13726073655301821, 0.72444615598997308, 0.13726055201607695, 29493.51358856969090994]
    [-0.53033111509607322, -0.00000004686351722, 0.53033207542862892, 1938.15985239669680595]
  #1132 objects/buildingsets/citysets/hightech/background/plates/habitation_plate_thruster_a.cgf
    [0.45928079000215383, 0.37500040870517926, 0.45928076026883941, -3594.86016344933887012]
    [-0.26516555062779051, 0.64952110113379646, -0.26516511325847214, 32905.55317780443147058]
    [-0.53033136249182478, -0.00000025732075515, 0.53033160692596437, 1938.15985239669680595]
  #1133 objects/buildingsets/human/hightech/delta/int/light/light_fixture/light_decal_capsule_a.cgf
    [-0.99999916531359179, 1.73205608416826840, 0.00000000000000000, -3133.63897511752293212]
    [-1.73205608416826840, -0.99999916531359179, -0.00000000000000000, 33692.35681734215904726]
    [-0.00000000000000000, 0.00000000000000000, 2.00000415232873774, 1951.48375939764082432]
  #1134 objects/buildingsets/citysets/hightech/background/plates/habitation_plate_thruster_a.cgf
    [-0.45928048526387605, -0.37500142079020443, -0.45928071676524534, -3586.19157707258273149]
    [0.26516700704899432, -0.64952085488846245, 0.26516508814120016, 32900.54838636099157156]
    [-0.53033131225654406, -0.00000125693409807, 0.53033207122515535, 1938.15985239669680595]
  #1135 objects/buildingsets/citysets/hightech/background/plates/habitation_plate_thruster_a.cgf
    [-0.51226110613294706, 0.19411507164136896, -0.51226036352055493, -4795.71708270221279236]
    [-0.13725960252894132, -0.72444607866295541, -0.13726056444791251, 29496.10428987639897969]
    [-0.53033116312936213, -0.00000079291051658, 0.53033163147442419, 1938.15985239669680595]
  #1136 objects/buildingsets/citysets/hightech/background/plates/habitation_plate_thruster_a.cgf
    [0.51226126188631727, -0.19411586472731443, 0.51226031712332409, -4546.56702191170188598]
    [0.13726073655301821, 0.72444615598997308, 0.13726055201607695, 28527.59415995468225447]
    [-0.53033111509607322, -0.00000004686351722, 0.53033207542862892, 1938.15985239669680595]
  #1137 objects/buildingsets/citysets/hightech/background/plates/habitation_plate_thruster_a.cgf
    [0.45928079000215383, 0.37500040870517926, 0.45928076026883941, -2594.86405321443453431]
    [-0.26516555062779051, 0.64952110113379646, -0.26516511325847214, 34637.60627318472688785]
    [-0.53033136249182478, -0.00000025732075515, 0.53033160692596437, 1938.15985239669680595]
  #1138 objects/buildingsets/human/hightech/delta/int/light/light_fixture/light_decal_capsule_a.cgf
    [0.51764047061623930, 1.93185521383107850, 0.00000000000000000, -2625.26103168319968972]
    [-1.93185521383107850, 0.51764047061623930, -0.00000000000000000, 34572.89642578572966158]
    [-0.00000000000000000, 0.00000000000000000, 2.00000405600241793, 1951.48375939764082432]
  #1139 objects/buildingsets/human/hightech/delta/int/light/light_fixture/light_decal_capsule_a.cgf
    [-0.99999916531359179, 1.73205608416826840, 0.00000000000000000, -3613.63900479717267444]
    [-1.73205608416826840, -0.99999916531359179, -0.00000000000000000, 32860.96937489773699781]
    [-0.00000000000000000, 0.00000000000000000, 2.00000415232873774, 1951.48375939764082432]
  #1140 objects/buildingsets/citysets/hightech/background/plates/habitation_plate_thruster_a.cgf
    [-0.45928048526387605, -0.37500142079020443, -0.45928071676524534, -3086.19151915626571281]
    [0.26516700704899432, -0.64952085488846245, 0.26516508814120016, 33766.57701900615211343]
    [-0.53033131225654406, -0.00000125693409807, 0.53033207122515535, 1938.15985239669680595]
  #1141 objects/buildingsets/citysets/hightech/background/plates/habitation_plate_thruster_a.cgf
    [-0.51226110613294706, 0.19411507164136896, -0.51226036352055493, -4536.89499313095438993]
    [-0.13725960252894132, -0.72444607866295541, -0.13726056444791251, 28530.17695730450213887]
    [-0.53033116312936213, -0.00000079291051658, 0.53033163147442419, 1938.15985239669680595]
  #1142 objects/buildingsets/human/hightech/delta/int/light/light_fixture/light_decal_capsule_a.cgf
    [-0.99999916531359179, 1.73205608416826840, 0.00000000000000000, -2613.64289456225378672]
    [-1.73205608416826840, -0.99999916531359179, -0.00000000000000000, 34593.02247027803241508]
    [-0.00000000000000000, 0.00000000000000000, 2.00000415232873774, 1951.48375939764082432]
  #1143 objects/buildingsets/citysets/hightech/background/plates/habitation_plate_thruster_a.cgf
    [-0.45928048526387605, -0.37500142079020443, -0.45928071676524534, -2586.19546683766384376]
    [0.26516700704899432, -0.64952085488846245, 0.26516508814120016, 34632.60148174129426479]
    [-0.53033131225654406, -0.00000125693409807, 0.53033207122515535, 1938.15985239669680595]
  #1144 objects/buildingsets/citysets/hightech/background/plates/habitation_plate_thruster_a.cgf
    [0.45928079000215383, 0.37500040870517926, 0.45928076026883941, -3094.86010503303987207]
    [-0.26516555062779051, 0.64952110113379646, -0.26516511325847214, 33771.58181131559831556]
    [-0.53033136249182478, -0.00000025732075515, 0.53033160692596437, 1938.15985239669680595]
  #1145 objects/buildingsets/citysets/hightech/background/plates/habitation_plate_thruster_a.cgf
    [-0.51226110613294706, 0.19411507164136896, -0.51226036352055493, -4536.89849191934627015]
    [-0.13725960252894132, -0.72444607866295541, -0.13726056444791251, 28530.18486222732462920]
    [-0.53033116312936213, -0.00000079291051658, 0.53033163147442419, 1938.15985239669680595]
  #1146 objects/buildingsets/human/hightech/delta/int/light/light_fixture/light_decal_capsule_a.cgf
    [1.73205522655718269, 1.00000000350249363, 0.00000000000000000, -792.61145496578683378]
    [-1.00000000350249363, 1.73205522655718269, -0.00000000000000000, 28091.92680218175883056]
    [-0.00000000000000000, 0.00000000000000000, 2.00000382870859550, 2951.48375939764082432]
  #1147 objects/buildingsets/human/hightech/delta/int/light/light_fixture/light_decal_capsule_a.cgf
    [0.51764530541086995, 1.93185402690005015, 0.00000000000000000, -1009.45148340257583186]
    [-1.93185402690005015, 0.51764530541086995, -0.00000000000000000, 26278.42726680489431601]
    [-0.00000000000000000, 0.00000000000000000, 2.00000416086163524, 2951.48375939764082432]
  #1148 objects/buildingsets/citysets/hightech/background/plates/habitation_plate_thruster_a.cgf
    [-0.45928048526387605, -0.37500142079020443, -0.45928071676524534, 181.14277374375524232]
    [0.26516700704899432, -0.64952085488846245, 0.26516508814120016, 29768.90331552487623412]
    [-0.53033131225654406, -0.00000125693409807, 0.53033207122515535, 2938.15985239669680595]
  #1149 objects/buildingsets/human/hightech/delta/int/light/light_fixture/light_decal_capsule_a.cgf
    [-0.99999916531359179, 1.73205608416826840, 0.00000000000000000, 633.69537569880048977]
    [-1.73205608416826840, -0.99999916531359179, -0.00000000000000000, 30560.71174650602915790]
    [-0.00000000000000000, 0.00000000000000000, 2.00000415232873774, 2951.48375939764082432]
  #1150 objects/buildingsets/citysets/hightech/background/plates/habitation_plate_thruster_a.cgf
    [0.45928079000215383, 0.37500040870517926, 0.45928076026883941, 1172.47005091181927128]
    [-0.26516555062779051, 0.64952110113379646, -0.26516511325847214, 31505.96142151520325569]
    [-0.53033136249182478, -0.00000025732075515, 0.53033160692596437, 2938.15985239669680595]
  #1151 objects/buildingsets/citysets/hightech/background/plates/habitation_plate_thruster_a.cgf
    [0.51226126188631727, -0.19411586472731443, 0.51226031712332409, -1038.05127754668501439]
    [0.13726073655301821, 0.72444615598997308, 0.13726055201607695, 26361.86852248153445544]
    [-0.53033111509607322, -0.00000004686351722, 0.53033207542862892, 2938.15985239669680595]
  #1152 objects/buildingsets/human/hightech/delta/int/light/light_fixture/light_decal_capsule_a.cgf
    [-0.99999916531359179, 1.73205608416826840, 0.00000000000000000, 153.69534601915074745]
    [-1.73205608416826840, -0.99999916531359179, -0.00000000000000000, 29729.32430406161074643]
    [-0.00000000000000000, 0.00000000000000000, 2.00000415232873774, 2951.48375939764082432]
  #1153 objects/buildingsets/citysets/hightech/struts/ht_strut_45_2000m_001.cgf
    [-0.86602837090970930, -0.49999990680382367, -0.00000000000000000, 1140.82518023611191893]
    [0.49999990680382367, -0.86602837090970930, 0.00000000000000000, 31441.09293257831814117]
    [0.00000000000000000, -0.00000000000000000, 1.00000252300899595, 2936.48372899927198887]
  #1154 objects/buildingsets/human/hightech/delta/int/light/light_fixture/light_decal_capsule_a.cgf
    [-0.99999916531359179, 1.73205608416826840, 0.00000000000000000, 1152.82518097809952451]
    [-1.73205608416826840, -0.99999916531359179, -0.00000000000000000, 31461.87761863943524077]
    [-0.00000000000000000, 0.00000000000000000, 2.00000415232873774, 2951.48375939764082432]
  #1155 objects/buildingsets/human/hightech/delta/int/light/light_fixture/light_decal_capsule_a.cgf
    [0.51764047061623930, 1.93185521383107850, 0.00000000000000000, 1391.82677796373900492]
    [-1.93185521383107850, 0.51764047061623930, -0.00000000000000000, 33233.49434593208570732]
    [-0.00000000000000000, 0.00000000000000000, 2.00000405600241793, 2951.48375939764082432]
  #1156 objects/buildingsets/human/hightech/delta/int/light/light_fixture/light_decal_capsule_a.cgf
    [1.73205522655718269, 1.00000000350249363, 0.00000000000000000, -1272.61033614344341913]
    [-1.00000000350249363, 1.73205522655718269, -0.00000000000000000, 27260.53945472410850925]
    [-0.00000000000000000, 0.00000000000000000, 2.00000382870859550, 2951.48375939764082432]
  #1157 objects/buildingsets/citysets/hightech/background/plates/habitation_plate_thruster_a.cgf
    [-0.51226110613294706, 0.19411507164136896, -0.51226036352055493, 1260.97066545333655085]
    [-0.13725960252894132, -0.72444607866295541, -0.13726056444791251, 33743.98023090635251720]
    [-0.53033116312936213, -0.00000079291051658, 0.53033163147442419, 2938.15985239669680595]
  #1158 objects/buildingsets/citysets/hightech/struts/ht_strut_straight_2000m_001.cgf
    [-0.86602837090970930, -0.49999990680382367, -0.00000000000000000, 140.82931669127719942]
    [0.49999990680382367, -0.86602837090970930, 0.00000000000000000, 29709.03961803142010467]
    [0.00000000000000000, -0.00000000000000000, 1.00000252300899595, 2936.48372899927198887]
  #1159 objects/buildingsets/human/hightech/delta/int/light/light_fixture/light_decal_capsule_a.cgf
    [0.51764047061623930, 1.93185521383107850, 0.00000000000000000, 1640.29517511963786092]
    [-1.93185521383107850, 0.51764047061623930, -0.00000000000000000, 32306.20346580282784998]
    [-0.00000000000000000, 0.00000000000000000, 2.00000405600241793, 2951.48375939764082432]
  #1160 objects/buildingsets/human/hightech/delta/int/light/light_fixture/light_decal_capsule_a.cgf
    [0.51764530541086995, 1.93185402690005015, 0.00000000000000000, 1268.58310506566340337]
    [-1.93185402690005015, 0.51764530541086995, -0.00000000000000000, 33696.32659522393805673]
    [-0.00000000000000000, 0.00000000000000000, 2.00000416086163524, 2951.48375939764082432]
  #1161 objects/buildingsets/citysets/hightech/background/plates/habitation_plate_thruster_a.cgf
    [-0.45928048526387605, -0.37500142079020443, -0.45928071676524534, 1181.13863728857540991]
    [0.26516700704899432, -0.64952085488846245, 0.26516508814120016, 31500.95663007177790860]
    [-0.53033131225654406, -0.00000125693409807, 0.53033207122515535, 2938.15985239669680595]
  #1162 objects/buildingsets/citysets/hightech/background/plates/habitation_plate_thruster_a.cgf
    [0.51226126188631727, -0.19411586472731443, 0.51226031712332409, 1251.30213546097365906]
    [0.13726073655301821, 0.72444615598997308, 0.13726055201607695, 33741.38952863369922852]
    [-0.53033111509607322, -0.00000004686351722, 0.53033207542862892, 2938.15985239669680595]
  #1163 objects/buildingsets/citysets/hightech/background/plates/habitation_plate_thruster_a.cgf
    [0.45928079000215383, 0.37500040870517926, 0.45928076026883941, 172.47418736698455177]
    [-0.26516555062779051, 0.64952110113379646, -0.26516511325847214, 29773.90810696831249516]
    [-0.53033136249182478, -0.00000025732075515, 0.53033160692596437, 2938.15985239669680595]
  #1164 objects/buildingsets/citysets/hightech/background/plates/habitation_plate_thruster_a.cgf
    [-0.51226110613294706, 0.19411507164136896, -0.51226036352055493, -1028.38274729550903430]
    [-0.13725960252894132, -0.72444607866295541, -0.13726056444791251, 26364.45922378826071508]
    [-0.53033116312936213, -0.00000079291051658, 0.53033163147442419, 2938.15985239669680595]
  #1165 objects/buildingsets/human/hightech/delta/int/light/light_fixture/light_decal_capsule_a.cgf
    [1.73205522655718269, 1.00000000350249363, 0.00000000000000000, -312.61256813129875809]
    [-1.00000000350249363, 1.73205522655718269, -0.00000000000000000, 28923.31415943740285002]
    [-0.00000000000000000, 0.00000000000000000, 2.00000382870859550, 2951.48375939764082432]
  #1166 objects/buildingsets/human/hightech/delta/int/light/light_fixture/light_decal_capsule_a.cgf
    [-1.00000102403172364, 1.73205486915745355, 0.00000000000000000, 691.52087740021670470]
    [-1.73205486915745355, -1.00000102403172364, -0.00000000000000000, 29250.14688699702674057]
    [-0.00000000000000000, 0.00000000000000000, 2.00000402945507449, 2951.48375939764082432]
  #1167 objects/buildingsets/human/hightech/delta/int/light/light_fixture/light_decal_capsule_a.cgf
    [-1.93185562376505793, 0.51764148067723081, 0.00000000000000000, -250.20053329332586145]
    [-0.51764148067723081, -1.93185562376505793, -0.00000000000000000, 28997.81155305897482322]
    [-0.00000000000000000, 0.00000000000000000, 2.00000471339204422, 2951.48375939764082432]
  #1168 objects/buildingsets/human/hightech/delta/int/light/light_fixture/light_decal_capsule_a.cgf
    [-1.00000102403172364, 1.73205486915745355, 0.00000000000000000, 1171.52044042413035640]
    [-1.73205486915745355, -1.00000102403172364, -0.00000000000000000, 30081.53402255736727966]
    [-0.00000000000000000, 0.00000000000000000, 2.00000402945507449, 2951.48375939764082432]
  #1169 objects/buildingsets/citysets/hightech/background/plates/habitation_plate_thruster_a.cgf
    [0.13725966535419326, 0.72444594742934609, 0.13726026614246042, -205.13757995783817023]
    [-0.51226104314803911, 0.19411490513181556, -0.51226024091275746, 29015.09249280578296748]
    [-0.53033096749217368, -0.00000055716537609, 0.53033158689630377, 2938.15985239669680595]
  #1170 objects/buildingsets/citysets/hightech/struts/ht_strut_45_2000m_001.cgf
    [-0.25882138913585173, -0.96592752148819738, 0.00000000000000000, -273.38279633082129294]
    [0.96592752148819738, -0.25882138913585173, 0.00000000000000000, 28991.59983904399996391]
    [0.00000000000000000, 0.00000000000000000, 1.00000224411875349, 2936.48372899927198887]
  #1171 objects/buildingsets/citysets/hightech/background/plates/habitation_plate_thruster_a.cgf
    [-0.13725945180508325, -0.72444657270072998, -0.13726024126097791, -202.54688427454675548]
    [0.51226202027623247, -0.19411473653506114, 0.51226014805089459, 29005.42395934861633577]
    [-0.53033087135426005, -0.00000088184922036, 0.53033247545906637, 2938.15985239669680595]
  #1172 objects/buildingsets/human/hightech/delta/int/light/light_fixture/light_decal_capsule_a.cgf
    [0.51764047061623930, 1.93185521383107850, 0.00000000000000000, 2899.11260455099545652]
    [-1.93185521383107850, 0.51764047061623930, -0.00000000000000000, 33072.33140795624785824]
    [-0.00000000000000000, 0.00000000000000000, 2.00000405600241793, 2951.48375939764082432]
  #1173 objects/buildingsets/human/hightech/delta/int/light/light_fixture/light_decal_capsule_a.cgf
    [-0.99999916531359179, 1.73205608416826840, 0.00000000000000000, 2411.64261040945712011]
    [-1.73205608416826840, -0.99999916531359179, -0.00000000000000000, 32228.00556079285524902]
    [-0.00000000000000000, 0.00000000000000000, 2.00000415232873774, 2951.48375939764082432]
  #1174 objects/buildingsets/citysets/hightech/background/plates/habitation_plate_thruster_a.cgf
    [0.45928079000215383, 0.37500040870517926, 0.45928076026883941, 2431.28748034317686688]
    [-0.26516555062779051, 0.64952110113379646, -0.26516511325847214, 32272.08936366862326395]
    [-0.53033136249182478, -0.00000025732075515, 0.53033160692596437, 2938.15985239669680595]
  #1175 objects/buildingsets/human/hightech/delta/int/light/light_fixture/light_decal_capsule_a.cgf
    [-0.99999916531359179, 1.73205608416826840, 0.00000000000000000, 1412.51248938505159458]
    [-1.73205608416826840, -0.99999916531359179, -0.00000000000000000, 30495.45235148877691245]
    [-0.00000000000000000, 0.00000000000000000, 2.00000415232873774, 2951.48375939764082432]
  #1176 objects/buildingsets/human/hightech/delta/int/light/light_fixture/light_decal_capsule_a.cgf
    [-0.99999916531359179, 1.73205608416826840, 0.00000000000000000, 1892.51251906471588882]
    [-1.73205608416826840, -0.99999916531359179, -0.00000000000000000, 31326.83979393320259987]
    [-0.00000000000000000, 0.00000000000000000, 2.00000415232873774, 2951.48375939764082432]
  #1177 objects/buildingsets/citysets/hightech/background/plates/habitation_plate_thruster_a.cgf
    [-0.45928048526387605, -0.37500142079020443, -0.45928071676524534, 1439.95991710964153754]
    [0.26516700704899432, -0.64952085488846245, 0.26516508814120016, 30535.03136295204240014]
    [-0.53033131225654406, -0.00000125693409807, 0.53033207122515535, 2938.15985239669680595]
  #1178 objects/buildingsets/citysets/hightech/background/plates/habitation_plate_thruster_a.cgf
    [-0.45928048526387605, -0.37500142079020443, -0.45928071676524534, 2439.95606671993300552]
    [0.26516700704899432, -0.64952085488846245, 0.26516508814120016, 32267.08457222519791685]
    [-0.53033131225654406, -0.00000125693409807, 0.53033207122515535, 2938.15985239669680595]
  #1179 objects/buildingsets/citysets/hightech/struts/ht_strut_straight_2000m_001.cgf
    [-0.86602837090970930, -0.49999990680382367, -0.00000000000000000, 1399.64646005719259847]
    [0.49999990680382367, -0.86602837090970930, 0.00000000000000000, 30475.16766545858990867]
    [0.00000000000000000, -0.00000000000000000, 1.00000252300899595, 2936.48372899927198887]
  #1180 objects/buildingsets/citysets/hightech/background/plates/habitation_plate_thruster_a.cgf
    [0.45928079000215383, 0.37500040870517926, 0.45928076026883941, 1431.29133073288539890]
    [-0.26516555062779051, 0.64952110113379646, -0.26516511325847214, 30540.03615439547138521]
    [-0.53033136249182478, -0.00000025732075515, 0.53033160692596437, 2938.15985239669680595]
  #1181 objects/buildingsets/citysets/hightech/addon/medium/ht_med_addon_panel_01_a.cgf
    [-0.24123984408445548, 0.00000030240993289, -0.90030986974001614, -1258.26577963065210497]
    [0.90030986974005744, -0.00000005332267802, -0.24123984408448440, 27246.09117926707403967]
    [-0.00000012977593482, -0.93207002093467961, -0.00000027830429797, 2953.86327522061765194]
  #1182 objects/buildingsets/citysets/hightech/addon/greeble/orison_shipyard_greeble_c.cgf
    [-0.57836997533247725, -0.15497534908992769, 0.00000000000000000, -1218.28514826056198217]
    [-0.15497534908992769, 0.57836997533247714, -0.00000000000000000, 27137.03016129355455632]
    [0.00000000000000000, 0.00000000000000000, -0.59877306819164400, 2945.08131542243063450]
  #1183 objects/buildingsets/citysets/hightech/addon/medium/ht_med_addon_antenna_002_a.cgf
    [-0.28470523636274347, 0.00000035689608499, -1.06252321309868836, -1262.98194224607141223]
    [1.06252321309873743, -0.00000006292999311, -0.28470523636277772, 27265.22519963609374827]
    [-0.00000015315807468, -1.10000574997857292, -0.00000032844726166, 2938.50358209200203419]
  #1184 objects/buildingsets/human/shop/alpha/shippart/dumpersdepot/prop/prop_crate_dumper_pallet_05.cgf
    [-0.96592722813299714, 0.25882206158666005, 0.00000000000000000, -1240.26141263599856757]
    [-0.25882206158666005, -0.96592722813299714, -0.00000000000000000, 27244.11111495278964867]
    [-0.00000000000000000, 0.00000000000000000, 1.00000213480405309, 2957.87664235383272171]
  #1185 objects/buildingsets/citysets/hightech/addon/medium/ht_med_addon_vent_001_a.cgf
    [0.71449494316198081, 0.16410603840831020, -0.09860473980360313, -1302.53828413072915282]
    [0.19145152533683835, -0.61244201863237924, 0.36799157275342997, 27277.58652726935179089]
    [-0.00000006316047569, -0.38097334858133480, -0.63404733106335942, 2941.62826942466199398]
  #1186 objects/buildingsets/citysets/hightech/addon/medium/ht_med_addon_tank_002_a.cgf
    [-0.34203877677898653, -0.09164994915779261, 0.00000000000000000, -1289.84468265967007028]
    [-0.09164994915779261, 0.34203877677898653, -0.00000000000000000, 27265.04536565032321960]
    [0.00000000000000000, 0.00000000000000000, -0.35410484040901125, 2940.00652913749217987]
  #1187 objects/buildingsets/citysets/hightech/addon/medium/ht_med_addon_tank_002_a.cgf
    [0.34203873006158586, 0.09165012350754866, 0.00000000000000000, -1219.78492287007247796]
    [0.09165012350754866, -0.34203873006158586, 0.00000000000000000, 27145.13621271030933713]
    [0.00000000000000000, 0.00000000000000000, -0.35410484040901125, 2944.47768319956958294]
  #1188 objects/buildingsets/citysets/hightech/addon/medium/ht_med_addon_tank_002_a.cgf
    [-0.34203877677898653, -0.09164994915779261, 0.00000000000000000, -1221.49797225464863004]
    [-0.09164994915779261, 0.34203877677898653, -0.00000000000000000, 27151.52935027195053408]
    [0.00000000000000000, 0.00000000000000000, -0.35410484040901125, 2944.47768319956958294]
  #1189 objects/buildingsets/citysets/hightech/addon/medium/ht_med_addon_panel_02_a.cgf
    [-0.06232971905640957, 0.71449620424981752, -0.18102084656634904, -1298.33592304219200741]
    [0.23261557844601186, 0.19145114460140664, 0.67556999530151141, 27285.69342361438975786]
    [0.69940214858350402, -0.00000024459153526, -0.24082151318635112, 2947.88433210365474224]
  #1190 objects/buildingsets/citysets/hightech/addon/large/ht_lrg_addon_antenna_001_a.cgf
    [-0.12261958844007947, 0.45761955185364783, 0.00000000000000000, -1344.16310328629333526]
    [0.45761955185364783, 0.12261958844007936, 0.00000000000000000, 27254.05120746834654710]
    [0.00000000000000000, 0.00000000000000000, -0.47376282854182222, 2931.38996867649257183]
  #1191 objects/buildingsets/citysets/hightech/addon/medium/ht_med_addon_vent_001_a.cgf
    [-0.32890929385014295, 1.22749258639475989, 0.00000000000000000, -1216.69466702285717474]
    [1.22749258639475989, 0.32890929385014250, 0.00000000000000000, 27094.57861396452426561]
    [0.00000000000000000, 0.00000000000000000, -1.27079478014158442, 2954.85213022306561470]
  #1192 objects/buildingsets/citysets/hightech/addon/medium/ht_med_addon_panel_06_a.cgf
    [0.71449668621537255, 0.19145153203248330, 0.00000000000000000, -1302.77973671622021357]
    [0.19145153203248330, -0.71449668621537255, 0.00000000000000000, 27265.04809683850544388]
    [0.00000000000000000, 0.00000000000000000, -0.73970210472211961, 2934.06637809984385967]
  #1193 objects/buildingsets/citysets/hightech/addon/large/ht_lrg_addon_antenna_001_a.cgf
    [0.14808470234293009, -0.03967966217411815, 0.00000000000000000, -1394.02264052049577003]
    [0.03967966217411815, 0.14808470234293009, 0.00000000000000000, 27229.78590043578151381]
    [0.00000000000000000, 0.00000000000000000, 0.15330869074597939, 2958.73373208940029144]
  #1194 objects/buildingsets/citysets/hightech/addon/medium/ht_med_addon_vent_001_a.cgf
    [0.62205353582404332, 1.07743461077643765, 0.00000000000000000, 1629.53259765636903467]
    [1.07743461077643765, -0.62205353582404332, 0.00000000000000000, 32262.70818538332605385]
    [0.00000000000000000, 0.00000000000000000, -1.24411251176498028, 2954.57907967083156109]
  #1195 objects/buildingsets/human/universal/prop/uee/forklift/forklift_machine_1_a.cgf
    [0.85717107408715687, 0.51503614334739434, 0.00000000000000000, -1248.90771943963773083]
    [-0.51503614334739434, 0.85717107408715687, -0.00000000000000000, 27221.43123870718409307]
    [-0.00000000000000000, 0.00000000000000000, 1.00000223960043599, 2957.87669535353779793]
  #1196 objects/buildingsets/human/shop/alpha/shippart/dumpersdepot/prop/prop_crate_dumper_cluster_01.cgf
    [-0.25882221829015106, -0.96592820886129949, 0.00000000000000000, -1235.16143273051420692]
    [0.96592820886129949, -0.25882221829015106, 0.00000000000000000, 27258.91045386518089799]
    [0.00000000000000000, 0.00000000000000000, 1.00000312267244085, 2957.87664235383272171]
  #1197 objects/buildingsets/citysets/hightech/addon/medium/ht_med_addon_tank_002_a.cgf
    [0.09165023449024073, -0.34203898444664144, 0.00000000000000000, -1239.20175379944703309]
    [-0.34203898444664144, -0.09165023449024082, -0.00000000000000000, 27260.58550478147662943]
    [0.00000000000000000, 0.00000000000000000, -0.35410511485066964, 2940.00652913749217987]
  #1198 objects/buildingsets/citysets/hightech/addon/medium/ht_med_addon_vent_001_a.cgf
    [-0.32890929385014295, 1.22749258639475989, 0.00000000000000000, -1237.92335919320612447]
    [1.22749258639475989, 0.32890929385014250, 0.00000000000000000, 27173.80435947970181587]
    [0.00000000000000000, 0.00000000000000000, -1.27079478014158442, 2954.85213022306561470]
  #1199 objects/buildingsets/citysets/hightech/addon/medium/ht_med_addon_vent_001_a.cgf
    [0.32891018870390665, -1.22749234661640849, 0.00000000000000000, -1199.65012409775954438]
    [-1.22749234661640849, -0.32891018870390737, -0.00000000000000000, 27099.14573311201456818]
    [0.00000000000000000, 0.00000000000000000, -1.27079478014158442, 2954.85213022306561470]
  #1200 objects/buildingsets/human/shop/alpha/shippart/dumpersdepot/prop/prop_crate_dumper_cluster_01.cgf
    [0.49999962468684500, -0.86602980288375020, 0.00000000000000000, 1634.27769062143488554]
    [0.86602980288375020, 0.49999962468684500, 0.00000000000000000, 32240.08418613862522761]
    [0.00000000000000000, 0.00000000000000000, 1.00000362207836679, 2957.87664235383272171]
  #1201 objects/buildingsets/citysets/hightech/struts/ht_connect_90_001.cgf
    [-0.96592722813299714, 0.25882206158666005, 0.00000000000000000, -1273.39219603892706800]
    [-0.25882206158666005, -0.96592722813299714, -0.00000000000000000, 27259.54504148207706749]
    [-0.00000000000000000, 0.00000000000000000, 1.00000213480405309, 2946.48374926485121250]
  #1202 objects/buildingsets/citysets/hightech/struts/ht_connect_strut_addon_001_b.cgf
    [-0.86602844582996619, -0.49999680657835471, -0.00000000000000000, -273.39776868763874518]
    [0.49999680657835471, -0.86602844582996619, 0.00000000000000000, 28991.59899309814863955]
    [0.00000000000000000, -0.00000000000000000, 1.00000103778707095, 2936.48372899927198887]
  #1203 objects/buildingsets/citysets/hightech/addon/medium/ht_med_addon_panel_01_a.cgf
    [0.63859113079420315, -0.08923707874280526, 0.36248655365210808, -1246.10018576095171738]
    [-0.37330919865564111, -0.15265006574729975, 0.62007789007235226, 27293.61770986290139263]
    [-0.00000046404600693, -0.71825698140355543, -0.17681996152863863, 2953.81730612739920616]
  #1204 objects/buildingsets/citysets/hightech/addon/medium/ht_med_addon_panel_01_a.cgf
    [-0.19000215711484089, -0.14863974786279496, 0.52117480035457109, 1657.88915827371965861]
    [-0.05091034652342200, 0.55472875554838141, 0.13964924368661655, 32388.90378897812479408]
    [-0.53956008357383833, 0.00000081465526399, -0.19670455787999405, 2942.00031117908656597]
  #1205 objects/buildingsets/citysets/hightech/addon/medium/ht_med_addon_antenna_005_a.cgf
    [0.00000021255733481, -1.58854938614499730, -0.42565363182291988, 1652.72440624001319520]
    [0.00000032844072359, -0.42565363182287425, 1.58854938614498997, 32303.27351145206557703]
    [-1.64458814494863170, -0.00000029032181245, 0.00000026223496067, 2947.38241608627140522]
  #1206 objects/buildingsets/citysets/hightech/addon/medium/ht_med_addon_panel_02_a.cgf
    [-0.00000066454266311, -0.24123950413646209, -0.90030783965781869, -1252.93896941167622572]
    [0.00000105583551174, 0.90030783965727479, -0.24123950413709580, 27226.21145186643116176]
    [0.93206797204078395, -0.00000119185613539, -0.00000036862519091, 2949.34328806027770042]
  #1207 objects/buildingsets/citysets/hightech/addon/large/ht_lrg_addon_arm_003_a.cgf
    [0.22679781108213448, 0.06077103430122278, 0.00000000000000000, -1304.47584793319401797]
    [0.06077103430122278, -0.22679781108213448, 0.00000000000000000, 27281.01165404784114799]
    [0.00000000000000000, 0.00000000000000000, -0.23479856413889749, 2961.28770226612687111]
  #1208 objects/buildingsets/citysets/hightech/addon/medium/ht_med_addon_panel_06_a.cgf
    [-0.19141861781298175, 0.71420018217058356, -0.02086273181313760, -1248.52536237231834093]
    [0.71438350652873805, 0.19170251893058302, 0.00803684465495052, 27249.36284047196750180]
    [0.01316660134226320, -0.01806889758144152, -0.73936350774562820, 2933.11724117770791054]
  #1209 objects/buildingsets/citysets/hightech/addon/medium/ht_med_addon_panel_06_a.cgf
    [-0.25882221829015106, -0.96592820886129949, 0.00000000000000000, -1206.63287977607251378]
    [0.96592820886129949, -0.25882221829015106, 0.00000000000000000, 27078.25416895508533344]
    [0.00000000000000000, 0.00000000000000000, 1.00000312267244085, 2957.85877231694757938]
  #1210 objects/buildingsets/citysets/hightech/addon/large/ht_lrg_addon_tank_002_b.cgf
    [0.13363806049053872, -0.23146926011569235, 0.00000000000000000, 1593.54235075514588971]
    [0.23146926011569235, 0.13363806049053872, 0.00000000000000000, 32188.59974146528838901]
    [0.00000000000000000, 0.00000000000000000, 0.26727728970149883, 2956.85877029038965702]
  #1211 objects/buildingsets/citysets/hightech/addon/medium/ht_med_addon_panel_02_a.cgf
    [0.54282472651492697, 0.31339811503080833, 0.00000000000000000, 1452.26063370520569151]
    [-0.31339811503080833, 0.54282472651492697, -0.00000000000000000, 31949.84377196216883021]
    [-0.00000000000000000, 0.00000000000000000, 0.62679906048180145, 2969.07542804814875126]
  #1212 objects/buildingsets/citysets/hightech/addon/containers/containers_01x02x02_a.cgf
    [-0.96592722813299714, 0.25882206158666005, 0.00000000000000000, -1230.20883835608401569]
    [-0.25882206158666005, -0.96592722813299714, -0.00000000000000000, 27244.54042632399432478]
    [-0.00000000000000000, 0.00000000000000000, 1.00000213480405309, 2957.87778835557401180]
  #1213 objects/buildingsets/citysets/hightech/addon/large/ht_lrg_addon_tank_009_b.cgf
    [0.52297989362883757, -0.14013407257190202, 0.00000000000000000, 1624.11129386515676742]
    [0.14013407257190202, 0.52297989362883757, 0.00000000000000000, 32422.58715555000890163]
    [0.00000000000000000, 0.00000000000000000, 0.54142915273895009, 2958.04410069249570370]
  #1214 objects/buildingsets/citysets/hightech/addon/medium/ht_med_addon_vent_001_a.cgf
    [0.32891018870390665, -1.22749234661640849, 0.00000000000000000, -1220.87881033380836016]
    [-1.22749234661640849, -0.32891018870390737, -0.00000000000000000, 27178.37147193505006726]
    [0.00000000000000000, 0.00000000000000000, -1.27079478014158442, 2954.85213022306561470]
  #1215 objects/buildingsets/citysets/hightech/addon/medium/ht_med_addon_tank_002_a.cgf
    [-0.34203877677898653, -0.09164994915779261, 0.00000000000000000, -1291.43031864596559899]
    [-0.09164994915779261, 0.34203877677898653, -0.00000000000000000, 27270.96298319684501621]
    [0.00000000000000000, 0.00000000000000000, -0.35410484040901125, 2940.00652913749217987]
  #1216 objects/buildingsets/citysets/hightech/addon/large/ht_lrg_addon_tank_008_c.cgf
    [0.26450671668681147, -0.14175081780516050, 0.45813861099869341, -1243.10911950385343516]
    [0.07087583430510143, 0.52901303392267862, 0.12275956361994636, 27188.03730133156204829]
    [-0.47430042941979261, 0.00000041478400005, 0.27383788463379072, 2952.58569763042032719]
  #1217 objects/buildingsets/citysets/hightech/addon/medium/ht_med_addon_panel_01_a.cgf
    [0.46314946357454412, 0.63821278966963968, -0.53875573605494764, -1386.11773682582133915]
    [0.83520854163767189, -0.35390738187529097, 0.29875908466363205, 27255.03054345458076568]
    [0.00000234217432417, -0.61604767169081487, -0.72977119690916914, 2953.81730612739920616]
  #1218 objects/buildingsets/citysets/hightech/addon/containers/containers_01x04x02_a.cgf
    [-0.86602837090970930, -0.49999990680382367, -0.00000000000000000, 1660.18665942742518382]
    [0.49999990680382367, -0.86602837090970930, 0.00000000000000000, 32264.82694025559976581]
    [0.00000000000000000, -0.00000000000000000, 1.00000252300899595, 2957.87778835557401180]
  #1219 objects/buildingsets/human/universal/prop/uee/forklift/forklift_machine_1_a.cgf
    [-0.12186724770785878, 0.99254845154636362, 0.00000000000000000, 1638.11209558278642362]
    [-0.99254845154636362, -0.12186724770785878, -0.00000000000000000, 32274.56081889482447878]
    [-0.00000000000000000, 0.00000000000000000, 1.00000202736343113, 2957.87599735148251057]
  #1220 objects/buildingsets/citysets/hightech/addon/large/ht_lrg_addon_tank_002_a.cgf
    [0.06917716656334248, 0.25816941909451807, 0.00000000000000000, -1217.70910475774871884]
    [-0.25816941909451807, 0.06917716656334248, -0.00000000000000000, 27122.48854552776901983]
    [-0.00000000000000000, 0.00000000000000000, 0.26727687765561270, 2956.85877029038965702]
  #1221 objects/buildingsets/human/shop/alpha/shippart/dumpersdepot/prop/prop_crate_dumper_cluster_02.cgf
    [-0.86602837090970930, -0.49999990680382367, -0.00000000000000000, 1663.66664647188736126]
    [0.49999990680382367, -0.86602837090970930, 0.00000000000000000, 32279.28178458771435544]
    [0.00000000000000000, -0.00000000000000000, 1.00000252300899595, 2957.87091234140098095]
  #1222 objects/buildingsets/citysets/hightech/addon/large/ht_lrg_addon_tank_008_b_linemarking_a.cgf
    [0.14013383255114734, 0.52297993604712523, 0.00000000000000000, -1265.78160239014687249]
    [-0.52297993604712523, 0.14013383255114734, -0.00000000000000000, 27288.75400380109931575]
    [-0.00000000000000000, 0.00000000000000000, 0.54142913158910111, 2957.95035050250589848]
  #1223 objects/buildingsets/citysets/hightech/addon/large/ht_lrg_addon_base_antenna_001_a.cgf
    [-0.08855137755958693, 0.02372751220670145, 0.00000000000000000, -1304.15812253017793410]
    [-0.02372751220670145, -0.08855137755958693, -0.00000000000000000, 27281.21623451408231631]
    [-0.00000000000000000, 0.00000000000000000, 0.09167519459057435, 2956.48074252344667912]
  #1224 objects/buildingsets/citysets/hightech/addon/greeble/orison_shipyard_greeble_d.cgf
    [-0.87347817706453468, -0.23405100039536667, 0.00000000000000000, 1649.11555837876949226]
    [-0.23405100039536667, 0.87347817706453457, -0.00000000000000000, 32354.29357089781842660]
    [0.00000000000000000, 0.00000000000000000, -0.90429198635952446, 2940.67123848572373390]
  #1225 objects/buildingsets/citysets/hightech/addon/medium/ht_med_addon_panel_01_a.cgf
    [-0.90030780492430695, -0.00000038473355231, 0.24123862748591016, -1337.42060257351840846]
    [-0.24123862748595709, 0.00000006783845687, -0.90030780492437368, 27245.61016385108814575]
    [0.00000035406586834, -0.93206771159551738, -0.00000016510397807, 2953.86327522061765194]
  #1226 objects/buildingsets/citysets/hightech/addon/medium/ht_med_addon_tank_002_a.cgf
    [-0.34203877677898653, -0.09164994915779261, 0.00000000000000000, -1210.52029481093632057]
    [-0.09164994915779261, 0.34203877677898653, -0.00000000000000000, 27110.56051832797675161]
    [0.00000000000000000, 0.00000000000000000, -0.35410484040901125, 2944.47768319956958294]
  #1227 objects/buildingsets/citysets/hightech/addon/medium/ht_med_addon_window_01_a.cgf
    [-0.77431692901269489, 0.20748045757427050, 0.00000000000000000, 1667.42720562452450395]
    [-0.20748045757427050, -0.77431692901269489, -0.00000000000000000, 32359.13255756838771049]
    [-0.00000000000000000, 0.00000000000000000, 0.80163261337777370, 2958.80037322454154491]
  #1228 objects/buildingsets/citysets/hightech/addon/medium/ht_med_addon_panel_06_a.cgf
    [-0.25882170057883169, -0.00000077356163946, 0.96592777099029548, 1661.72097409341222374]
    [0.96592777099034743, -0.00000093772695618, 0.25882170057809473, 32347.87404939654516056]
    [0.00000070556015929, 1.00000256572666824, 0.00000098990621585, 2939.73373358510434628]
  #1229 objects/buildingsets/citysets/hightech/addon/greeble/orison_shipyard_greeble_c.cgf
    [-1.00543526754380941, 0.58048551750111188, 0.00000000000000000, 1543.45227415644330904]
    [0.58048551750111188, 1.00543526754380919, 0.00000000000000000, 32086.63708709699494648]
    [0.00000000000000000, 0.00000000000000000, -1.16097524230683979, 2941.10593136586248875]
  #1230 objects/buildingsets/citysets/hightech/addon/medium/ht_med_addon_antenna_003_a.cgf
    [0.96592770438603459, -0.00000003753882080, -0.25882198841388454, 1630.60839091966772685]
    [0.25882198841357312, -0.00000141794080654, 0.96592770438507813, 32430.97897272013506154]
    [-0.00000040325300730, -1.00000257588917285, -0.00000135990893300, 2954.63037577457726002]
  #1231 objects/buildingsets/citysets/hightech/addon/small/ht_sml_addon_vent_005_a.cgf
    [-0.86602837090970930, -0.49999990680382367, -0.00000000000000000, 1461.98659509414574131]
    [0.49999990680382367, -0.86602837090970930, 0.00000000000000000, 31950.01156869015903794]
    [0.00000000000000000, -0.00000000000000000, 1.00000252300899595, 2967.71256928704679012]
  #1232 objects/buildingsets/citysets/hightech/addon/large/ht_lrg_addon_antenna_002_a.cgf
    [0.08978844283136236, -0.33509077169196705, 0.00000000000000000, -1201.33060171689430717]
    [-0.33509077169196705, -0.08978844283136243, -0.00000000000000000, 27077.41003091139646131]
    [0.00000000000000000, 0.00000000000000000, -0.34691178956501151, 2940.70494655333459377]
  #1233 objects/buildingsets/citysets/hightech/addon/large/ht_lrg_addon_tank_002_b.cgf
    [-0.12005492501953922, -0.20794203688085020, 0.00000000000000000, 1463.31130691383441444]
    [-0.20794203688085020, 0.12005492501953922, -0.00000000000000000, 31934.46290536475135013]
    [0.00000000000000000, 0.00000000000000000, -0.24011054896360562, 2950.19034777581691742]
  #1234 objects/buildingsets/citysets/hightech/addon/large/ht_lrg_addon_tank_002_b.cgf
    [-0.06917705045442336, -0.25816973859964631, 0.00000000000000000, -1222.78848662781820167]
    [0.25816973859964631, -0.06917705045442336, 0.00000000000000000, 27141.44485945367705426]
    [0.00000000000000000, 0.00000000000000000, 0.26727715622212000, 2956.85877029038965702]
  #1235 objects/buildingsets/citysets/hightech/addon/medium/ht_med_addon_antenna_008_c.cgf
    [-0.08919566713019890, 0.00000023234323123, 0.33287458484387039, 1598.17539973943348741]
    [0.33287458484393651, -0.00000004096810977, 0.08919566713024511, 32504.43247566642821766]
    [0.00000009970832153, 0.34461769581636198, -0.00000021382238836, 2958.51185763999819756]
  #1236 objects/buildingsets/citysets/hightech/addon/medium/ht_med_addon_panel_06_a.cgf
    [-0.25882223624712836, 0.00000032444922222, 0.96592755929610807, -1232.69970673774514580]
    [0.96592755929615259, -0.00000005720877374, 0.25882223624715922, 27266.38243854210304562]
    [0.00000013923385618, 1.00000249988872381, -0.00000029858679643, 2949.28580294363200665]
  #1237 objects/buildingsets/citysets/hightech/addon/large/ht_lrg_addon_tank_008_c.cgf
    [0.23715069111467799, 0.27383639348288741, 0.41075674582636462, 1612.11938428471330553]
    [-0.13691754115980875, 0.47430112221825943, -0.23714965173704275, 32235.91443859734863508]
    [-0.47430060253001105, 0.00000073064076620, 0.27383729361225345, 2952.58569763042032719]
  #1238 objects/buildingsets/citysets/hightech/addon/large/ht_lrg_addon_tank_001_b.cgf
    [-0.05688445385293116, 0.09852714662982862, 0.00000000000000000, 1518.89716985330596799]
    [-0.09852714662982862, -0.05688445385293116, -0.00000000000000000, 32092.93076280358582153]
    [-0.00000000000000000, 0.00000000000000000, 0.11376923887045209, 2965.60661401785910130]
  #1239 objects/buildingsets/citysets/hightech/addon/medium/ht_med_addon_panel_06_a.cgf
    [-0.25882221829015106, -0.96592820886129949, 0.00000000000000000, -1201.19954004850296769]
    [0.96592820886129949, -0.25882221829015106, 0.00000000000000000, 27079.71004383741819765]
    [0.00000000000000000, 0.00000000000000000, 1.00000312267244085, 2957.85877231694757938]
  #1240 objects/buildingsets/citysets/hightech/addon/medium/ht_med_addon_panel_03_a.cgf
    [0.09371502076636512, 0.34974411783635423, 0.00000000000000000, 1689.32719979633839102]
    [-0.34974411783635423, 0.09371502076636512, -0.00000000000000000, 32312.19846207120281179]
    [-0.00000000000000000, 0.00000000000000000, 0.36208210819974224, 2955.29235311597585678]
  #1241 objects/buildingsets/citysets/hightech/addon/medium/ht_med_addon_panel_01_a.cgf
    [0.17959433193357319, 0.14864077925606853, 0.52485210937750915, 1676.48298315411375370]
    [0.04812272461998682, -0.55472863706562592, 0.14063528942978964, 32322.40753977476560976]
    [0.54336729875013734, 0.00000002206932654, -0.18592988110445602, 2941.73078563250601292]
  #1242 objects/buildingsets/human/universal/prop/uee/forklift/forklift_machine_1_a.cgf
    [0.85717107408715687, 0.51503614334739434, 0.00000000000000000, -1251.28339311984746018]
    [-0.51503614334739434, 0.85717107408715687, -0.00000000000000000, 27230.13688651614938863]
    [-0.00000000000000000, 0.00000000000000000, 1.00000223960043599, 2957.87669535353779793]
  #1243 objects/buildingsets/citysets/hightech/addon/large/ht_lrg_addon_tank_008_a.cgf
    [0.33606356935276249, 0.19402522402005001, 0.00000000000000000, 1674.43890640434256056]
    [-0.19402522402005001, 0.33606356935276249, -0.00000000000000000, 32262.62274394613268669]
    [-0.00000000000000000, 0.00000000000000000, 0.38805220035730964, 2955.30602314323186874]
  #1244 objects/buildingsets/citysets/hightech/addon/greeble/orison_shipyard_greeble_c.cgf
    [-0.84745171572054534, -0.22707473623241051, 0.00000000000000000, -1247.73942368083953625]
    [-0.22707473623241051, 0.84745171572054490, -0.00000000000000000, 27253.31940863339332282]
    [0.00000000000000000, 0.00000000000000000, -0.87734676514632159, 2940.09422731585800648]
  #1245 objects/buildingsets/citysets/hightech/addon/containers/containers_01x02x03_a.cgf
    [0.96592775722133473, -0.25882066941804843, 0.00000000000000000, -1234.72265672625508159]
    [0.25882066941804843, 0.96592775722133473, 0.00000000000000000, 27227.31670887053041952]
    [0.00000000000000000, 0.00000000000000000, 1.00000228554171033, 2957.87778835557401180]
  #1246 objects/buildingsets/human/universal/prop/uee/forklift/forklift_machine_1_a.cgf
    [-0.12186724770785878, 0.99254845154636362, 0.00000000000000000, 1635.79966786685690749]
    [-0.99254845154636362, -0.12186724770785878, -0.00000000000000000, 32270.67829680558861583]
    [-0.00000000000000000, 0.00000000000000000, 1.00000202736343113, 2957.87599735148251057]
  #1247 objects/buildingsets/citysets/hightech/addon/medium/ht_med_addon_panel_01_a.cgf
    [0.49999929359515971, 0.16524665488962856, -0.85011703044627229, 1532.09322307918046135]
    [0.86602853440691863, -0.09540464257424880, 0.49081284393436925, 32104.44732587029284332]
    [0.00000006920084847, -0.98162936652574073, -0.19081012231254246, 2954.20702991634607315]
  #1248 objects/buildingsets/citysets/hightech/addon/small/ht_sml_addon_vent_006_a.cgf
    [-0.95263125961988904, -0.54999992728646274, -0.00000000000000000, 1461.65845061950676609]
    [0.54999992728646274, -0.95263125961988904, 0.00000000000000000, 31961.99228851134103024]
    [0.00000000000000000, -0.00000000000000000, 1.10000283491456985, 2962.00996672920882702]
  #1249 objects/buildingsets/citysets/hightech/addon/large/ht_lrg_addon_building_001_a.cgf
    [-0.16344436431270257, 0.28309504192641544, 0.00000000000000000, 1449.38308656046865508]
    [-0.28309504192641544, -0.16344436431270257, -0.00000000000000000, 31933.96987041832471732]
    [-0.00000000000000000, 0.00000000000000000, 0.32688968015050940, 2962.78289629518985748]
  #1250 objects/buildingsets/citysets/hightech/addon/medium/ht_med_addon_panel_06_a.cgf
    [0.49999912085378911, -0.61344173902061661, 0.61130484680208785, 1572.26239514059125213]
    [0.86602793424713442, 0.35416905032482426, -0.35293541143752805, 32105.12330851031583734]
    [0.00000005550323904, 0.70587323250729528, 0.70834065489750253, 2957.58660876564681530]
  #1251 objects/buildingsets/citysets/hightech/addon/medium/ht_med_addon_panel_01_a.cgf
    [0.49999929359515971, 0.16524665488962856, -0.85011703044627229, 1506.64225750548212091]
    [0.86602853440691863, -0.09540464257424880, 0.49081284393436925, 32060.36480114590813173]
    [0.00000006920084847, -0.98162936652574073, -0.19081012231254246, 2954.20702991634607315]
  #1252 objects/buildingsets/citysets/hightech/addon/large/ht_lrg_addon_tank_001_b.cgf
    [-0.04999999549471128, 0.06123740220745160, -0.06123748763202197, 1456.94925754062569467]
    [-0.08660282513057849, -0.03535534472614963, 0.03535532702108631, 31923.40070256773469737]
    [-0.00000004104417185, 0.07071088346392169, 0.07071081833652036, 2963.89822055585682392]
  #1253 objects/buildingsets/citysets/hightech/addon/medium/ht_med_addon_vent_001_a.cgf
    [0.62205353582404332, 1.07743461077643765, 0.00000000000000000, 2888.35002708772663027]
    [1.07743461077643765, -0.62205353582404332, 0.00000000000000000, 33028.83612753674242413]
    [0.00000000000000000, 0.00000000000000000, -1.24411251176498028, 2954.57907967083156109]
  #1254 objects/buildingsets/citysets/hightech/rooftop/ht_rooftop_doorway_24x02x08_a.cgf
    [-1.05222469785261530, -0.42956611326024052, -0.42956926555460512, 1586.68024800066632451]
    [0.60750045232130145, -0.74403279523790211, -0.74403764312133336, 32143.83650972110262956]
    [-0.00000021639767672, -0.85914013309274795, 0.85913435855574316, 2954.65027381479740143]
  #1255 objects/buildingsets/citysets/hightech/addon/medium/ht_med_addon_panel_02_a.cgf
    [-0.86602837090970930, -0.49999990680382367, -0.00000000000000000, 1552.62585541745647788]
    [0.49999990680382367, -0.86602837090970930, 0.00000000000000000, 32133.85230701439286349]
    [0.00000000000000000, -0.00000000000000000, 1.00000252300899595, 2962.12979997321963310]
  #1256 objects/buildingsets/citysets/hightech/addon/containers/containers_01x02x02_a.cgf
    [0.86602766411490417, 0.50000064180364034, 0.00000000000000000, 1641.66810278936463874]
    [-0.50000064180364034, 0.86602766411490417, -0.00000000000000000, 32254.90364880935521796]
    [-0.00000000000000000, 0.00000000000000000, 1.00000227840558908, 2957.87778835557401180]
  #1257 objects/buildingsets/citysets/hightech/addon/containers/containers_01x04x02_a.cgf
    [-0.96592722813299714, 0.25882206158666005, 0.00000000000000000, -1228.14493352657882497]
    [-0.25882206158666005, -0.96592722813299714, -0.00000000000000000, 27232.01186808634520276]
    [-0.00000000000000000, 0.00000000000000000, 1.00000213480405309, 2957.87778835557401180]
  #1258 objects/buildingsets/citysets/hightech/addon/medium/ht_med_addon_vent_001_a.cgf
    [-0.49999960232445267, -0.00000059032885669, 0.86602847931528770, 1572.22214362347585848]
    [-0.86602847931546467, 0.00000010409021697, -0.49999960232448376, 32111.63693866652829456]
    [0.00000020501859591, -1.00000246465183751, -0.00000056328528094, 2945.92932614125311375]
  #1259 objects/buildingsets/citysets/hightech/addon/medium/ht_med_addon_panel_06_a.cgf
    [0.49999962468684500, -0.86602980288375020, 0.00000000000000000, 1576.65486217209399911]
    [0.86602980288375020, 0.49999962468684500, 0.00000000000000000, 32149.59959212431567721]
    [0.00000000000000000, 0.00000000000000000, 1.00000362207836679, 2957.85877231694757938]
  #1260 objects/buildingsets/citysets/hightech/addon/large/ht_lrg_addon_tank_002_b.cgf
    [0.06214524242994195, -0.23192856319784314, 0.00000000000000000, 1663.77077919475414092]
    [-0.23192856319784314, -0.06214524242994206, -0.00000000000000000, 32313.68579797263373621]
    [0.00000000000000000, 0.00000000000000000, -0.24011016135035229, 2940.12691438198089600]
  #1261 objects/buildingsets/citysets/hightech/addon/medium/ht_med_addon_panel_01_a.cgf
    [0.86602631578937239, -0.37157233636118536, 0.33456358641950223, 1645.40503640970564447]
    [-0.49999879450532331, -0.64358454800773890, 0.57948296714001990, 32420.58419564404539415]
    [0.00000011456389285, -0.66912876381401210, -0.74314673623936645, 2953.47339743003249168]
  #1262 objects/buildingsets/citysets/hightech/addon/large/ht_lrg_addon_tank_001_b.cgf
    [-0.04999999549471128, 0.06123740220745160, -0.06123748763202197, 1467.23562870297610061]
    [-0.08660282513057849, -0.03535534472614963, 0.03535532702108631, 31941.21726240907810279]
    [-0.00000004104417185, 0.07071088346392169, 0.07071081833652036, 2963.89822055585682392]
  #1263 objects/buildingsets/citysets/hightech/addon/medium/ht_med_addon_vent_003_a.cgf
    [-0.71449469525089115, -0.16410690824667992, -0.09860526245593913, -1323.49204956627363572]
    [-0.19145254011969878, 0.61244180613085086, 0.36799144507019338, 27271.97191613704853808]
    [0.00000006316181777, 0.38097336052386893, -0.63404735093768727, 2941.62827842496335506]
  #1264 objects/buildingsets/citysets/hightech/addon/medium/ht_med_addon_panel_06_a.cgf
    [0.49999962468684500, -0.86602980288375020, 0.00000000000000000, 1571.78344791239942424]
    [0.86602980288375020, 0.49999962468684500, 0.00000000000000000, 32152.41209429822993116]
    [0.00000000000000000, 0.00000000000000000, 1.00000362207836679, 2957.85877231694757938]
  #1265 objects/buildingsets/citysets/hightech/addon/large/ht_lrg_addon_antenna_001_a.cgf
    [0.00000029101052862, 0.07123029669829022, -0.26583206082990246, -1318.30512283831922105]
    [0.00000022584340429, -0.26583206083002348, -0.07123029669807539, 27278.54451760158190154]
    [-0.27520981038609149, -0.00000014282794365, -0.00000033954756604, 2960.09409184753894806]
  #1266 objects/buildingsets/citysets/hightech/addon/medium/ht_med_addon_vent_003_a.cgf
    [0.63958719128597796, 0.17137975877440204, 0.00000000000000000, 1681.37020995769125875]
    [0.17137975877440204, -0.63958719128597796, 0.00000000000000000, 32327.97601961202235543]
    [0.00000000000000000, 0.00000000000000000, -0.66215013174857740, 2937.69828746095299721]
  #1267 objects/buildingsets/citysets/hightech/addon/large/ht_lrg_addon_tank_008_b.cgf
    [0.14013383255114734, 0.52297993604712523, 0.00000000000000000, -1266.82711293684405973]
    [-0.52297993604712523, 0.14013383255114734, -0.00000000000000000, 27288.47385930655582342]
    [-0.00000000000000000, 0.00000000000000000, 0.54142913158910111, 2958.04410069249570370]
  #1268 objects/buildingsets/citysets/hightech/struts/ht_connect_45_002.cgf
    [-0.86602837090970930, -0.49999990680382367, -0.00000000000000000, 1554.02729015322984196]
    [0.49999990680382367, -0.86602837090970930, 0.00000000000000000, 32156.78262231790722581]
    [0.00000000000000000, -0.00000000000000000, 1.00000252300899595, 2946.48374926485121250]
  #1269 objects/buildingsets/citysets/hightech/addon/large/ht_lrg_addon_tank_008_a_linemarking_a.cgf
    [0.31351567164635213, 0.18100726758968436, 0.00000000000000000, 1671.53793522496562218]
    [-0.18100726758968436, 0.31351567164635213, -0.00000000000000000, 32257.59809632052201778]
    [-0.00000000000000000, 0.00000000000000000, 0.36201616992635410, 2955.30602314323186874]
  #1270 objects/buildingsets/citysets/hightech/addon/large/ht_lrg_addon_tank_005_a.cgf
    [0.10546754558149629, 0.00000012452069476, 0.18267612561044722, 1662.78078838846704457]
    [0.18267612561048455, -0.00000002195621301, -0.10546754558150288, 32266.01797755146253621]
    [-0.00000004324543368, 0.21093593823487833, -0.00000011881629174, 2946.75851482152938843]
  #1271 objects/buildingsets/citysets/hightech/addon/medium/ht_med_addon_vent_001_a.cgf
    [0.62205353582404332, 1.07743461077643765, 0.00000000000000000, 1621.81291653368680272]
    [1.07743461077643765, -0.62205353582404332, 0.00000000000000000, 32213.36392800193425501]
    [0.00000000000000000, 0.00000000000000000, -1.24411251176498028, 2954.57907967083156109]
  #1272 objects/buildingsets/citysets/hightech/addon/medium/ht_med_addon_tank_003_a.cgf
    [0.44999968454089273, 0.77942686125970650, 0.00000000000000000, 1528.59266703100001905]
    [0.77942686125970650, -0.44999968454089273, 0.00000000000000000, 32066.22367877760189003]
    [0.00000000000000000, 0.00000000000000000, -0.90000330451618937, 2937.35655676759779453]
  #1273 objects/buildingsets/human/shop/alpha/shippart/dumpersdepot/prop/prop_crate_dumper_cluster_02.cgf
    [-0.86602837090970930, -0.49999990680382367, -0.00000000000000000, 2922.48407590323040495]
    [0.49999990680382367, -0.86602837090970930, 0.00000000000000000, 33045.40972674113436369]
    [0.00000000000000000, -0.00000000000000000, 1.00000252300899595, 2957.87091234140098095]
  #1274 objects/buildingsets/citysets/hightech/addon/medium/ht_med_addon_tank_002_a.cgf
    [0.34203873006158586, 0.09165012350754866, 0.00000000000000000, -1208.80724252860818524]
    [0.09165012350754866, -0.34203873006158586, 0.00000000000000000, 27104.16738154280028539]
    [0.00000000000000000, 0.00000000000000000, -0.35410484040901125, 2944.47768319956958294]
  #1275 objects/buildingsets/citysets/hightech/addon/large/ht_lrg_addon_tank_008_a.cgf
    [0.33606356935276249, 0.19402522402005001, 0.00000000000000000, 1671.53793522496562218]
    [-0.19402522402005001, 0.33606356935276249, -0.00000000000000000, 32257.59809632052201778]
    [-0.00000000000000000, 0.00000000000000000, 0.38805220035730964, 2955.30602314323186874]
  #1276 objects/buildingsets/human/hightech/delta/int/garage/high_tech_garage_door_l.cga
    [0.14150791300696347, 0.52810701845617913, 0.00000000000000000, 1676.99957999759499216]
    [-0.52810701845617913, 0.14150791300696347, -0.00000000000000000, 32356.10419276153697865]
    [-0.00000000000000000, 0.00000000000000000, 0.54673715109388843, 2954.67384286224842072]
  #1277 objects/buildingsets/citysets/hightech/addon/large/ht_lrg_addon_building_001_a.cgf
    [0.04410759761019485, 0.16460939441625885, 0.00000000000000000, 1669.59665493259672076]
    [-0.16460939441625885, 0.04410759761019485, -0.00000000000000000, 32356.94908900812515640]
    [-0.00000000000000000, 0.00000000000000000, 0.17041635161283769, 2955.92384539544582367]
  #1278 objects/buildingsets/citysets/hightech/addon/medium/ht_med_addon_tank_003_a.cgf
    [0.48595899030496403, 0.28056686459669333, 0.00000000000000000, 1444.69176101106131682]
    [-0.28056686459669333, 0.48595899030496403, -0.00000000000000000, 31926.32335748378682183]
    [-0.00000000000000000, 0.00000000000000000, 0.56113626310178832, 2968.53273994848132133]
  #1279 objects/buildingsets/human/universal/prop/uee/forklift/forklift_machine_1_a.cgf
    [0.85717107408715687, 0.51503614334739434, 0.00000000000000000, -1247.79749286945298081]
    [-0.51503614334739434, 0.85717107408715687, -0.00000000000000000, 27217.05075301001488697]
    [-0.00000000000000000, 0.00000000000000000, 1.00000223960043599, 2957.87669535353779793]
  #1280 objects/buildingsets/citysets/hightech/addon/large/ht_lrg_addon_tank_008_a_linemarking_a.cgf
    [0.31351567164635213, 0.18100726758968436, 0.00000000000000000, 1674.43890640434256056]
    [-0.18100726758968436, 0.31351567164635213, -0.00000000000000000, 32262.62274394613268669]
    [-0.00000000000000000, 0.00000000000000000, 0.36201616992635410, 2955.30602314323186874]
  #1281 objects/buildingsets/citysets/hightech/addon/large/ht_lrg_addon_antenna_001_a.cgf
    [-0.04522260125579991, -0.16877119405466662, 0.00000000000000000, 1597.51096281282661948]
    [0.16877119405466662, -0.04522260125579991, 0.00000000000000000, 32508.33988871602923609]
    [0.00000000000000000, 0.00000000000000000, 0.17472492554578178, 2958.73373208940029144]
  #1282 objects/buildingsets/citysets/hightech/addon/medium/ht_med_addon_vent_001_a.cgf
    [0.62205353582404332, 1.07743461077643765, 0.00000000000000000, 1606.31740952975815162]
    [1.07743461077643765, -0.62205353582404332, 0.00000000000000000, 32222.31023775128051057]
    [0.00000000000000000, 0.00000000000000000, -1.24411251176498028, 2954.57907967083156109]
  #1283 objects/buildingsets/citysets/hightech/addon/medium/ht_med_addon_panel_04_a.cgf
    [0.39066754091899319, -0.10468057031936717, 0.00000000000000000, 1661.19298655477905413]
    [0.10468057031936717, 0.39066754091899319, 0.00000000000000000, 32375.49588924691124703]
    [0.00000000000000000, 0.00000000000000000, 0.40444919252000144, 2957.83668327145278454]
  #1284 objects/buildingsets/citysets/hightech/addon/medium/ht_med_addon_panel_01_a.cgf
    [-0.19000215711484089, -0.14863974786279496, 0.52117480035457109, 2916.70658770506270230]
    [-0.05091034652342200, 0.55472875554838141, 0.13964924368661655, 33155.03173113154480234]
    [-0.53956008357383833, 0.00000081465526399, -0.19670455787999405, 2942.00031117908656597]
  #1285 objects/buildingsets/citysets/hightech/addon/greeble/orison_shipyard_greeble_c.cgf
    [0.75980624325556601, -0.43867317991148591, 0.00000000000000000, 1650.74421624809474451]
    [-0.43867317991148591, -0.75980624325556645, -0.00000000000000000, 32280.42657496938772965]
    [0.00000000000000000, 0.00000000000000000, -0.87734809856965668, 2940.73373861238360405]
  #1286 objects/buildingsets/citysets/hightech/addon/medium/ht_med_addon_panel_02_a.cgf
    [0.54282472651492697, 0.31339811503080833, 0.00000000000000000, 2711.07806313654873520]
    [-0.31339811503080833, 0.54282472651492697, -0.00000000000000000, 32715.97171411558883847]
    [-0.00000000000000000, 0.00000000000000000, 0.62679906048180145, 2969.07542804814875126]
  #1287 objects/buildingsets/citysets/hightech/addon/large/ht_lrg_addon_tank_002_b.cgf
    [-0.12005492501953922, -0.20794203688085020, 0.00000000000000000, 1472.85540327192575205]
    [-0.20794203688085020, 0.12005492501953922, -0.00000000000000000, 31950.99382888758555055]
    [0.00000000000000000, 0.00000000000000000, -0.24011054896360562, 2950.19034777581691742]
  #1288 objects/buildingsets/citysets/hightech/addon/medium/ht_med_addon_vent_001_a.cgf
    [-0.49999960232445267, -0.00000059032885669, 0.86602847931528770, 1557.03463705043395748]
    [-0.86602847931546467, 0.00000010409021697, -0.49999960232448376, 32085.33130861206882400]
    [0.00000020501859591, -1.00000246465183751, -0.00000056328528094, 2945.92932614125311375]
  #1289 objects/buildingsets/citysets/hightech/addon/medium/ht_med_addon_antenna_005_a.cgf
    [0.00000021255733481, -1.58854938614499730, -0.42565363182291988, 2911.54183567134168698]
    [0.00000032844072359, -0.42565363182287425, 1.58854938614498997, 33069.40145360548922326]
    [-1.64458814494863170, -0.00000029032181245, 0.00000026223496067, 2947.38241608627140522]
  #1290 objects/buildingsets/citysets/hightech/addon/large/ht_lrg_addon_tank_008_c.cgf
    [0.23715069111467799, 0.27383639348288741, 0.41075674582636462, 2870.93681371607090114]
    [-0.13691754115980875, 0.47430112221825943, -0.23714965173704275, 33002.04238075076136738]
    [-0.47430060253001105, 0.00000073064076620, 0.27383729361225345, 2952.58569763042032719]
  #1291 objects/buildingsets/citysets/hightech/addon/small/ht_sml_addon_vent_005_a.cgf
    [-0.86602837090970930, -0.49999990680382367, -0.00000000000000000, 2720.80402452548878500]
    [0.49999990680382367, -0.86602837090970930, 0.00000000000000000, 32716.13951084357904620]
    [0.00000000000000000, -0.00000000000000000, 1.00000252300899595, 2967.71256928704679012]
  #1292 objects/buildingsets/human/shop/alpha/shippart/dumpersdepot/prop/prop_crate_dumper_cluster_01.cgf
    [0.49999962468684500, -0.86602980288375020, 0.00000000000000000, 2893.09512005279248115]
    [0.86602980288375020, 0.49999962468684500, 0.00000000000000000, 33006.21212829204159789]
    [0.00000000000000000, 0.00000000000000000, 1.00000362207836679, 2957.87664235383272171]
  #1293 objects/buildingsets/citysets/hightech/addon/medium/ht_med_addon_panel_01_a.cgf
    [-0.49999960232445267, -0.00000059032885669, 0.86602847931528770, 1543.90341889914998319]
    [-0.86602847931546467, 0.00000010409021697, -0.49999960232448376, 32060.27813078992039664]
    [0.00000020501859591, -1.00000246465183751, -0.00000056328528094, 2953.88533326424658298]
  #1294 objects/buildingsets/citysets/hightech/addon/medium/ht_med_addon_tank_003_a.cgf
    [0.44999968454089273, 0.77942686125970650, 0.00000000000000000, 1543.65517446235026000]
    [0.77942686125970650, -0.44999968454089273, 0.00000000000000000, 32092.31280118559152470]
    [0.00000000000000000, 0.00000000000000000, -0.90000330451618937, 2937.35655676759779453]
  #1295 objects/buildingsets/citysets/hightech/addon/medium/ht_med_addon_antenna_003_a.cgf
    [0.96592770438603459, -0.00000003753882080, -0.25882198841388454, 2889.42582035102532245]
    [0.25882198841357312, -0.00000141794080654, 0.96592770438507813, 33197.10691487355506979]
    [-0.00000040325300730, -1.00000257588917285, -0.00000135990893300, 2954.63037577457726002]
  #1296 objects/buildingsets/citysets/hightech/addon/large/ht_lrg_addon_tank_001_b.cgf
    [-0.04999999549471128, 0.06123740220745160, -0.06123748763202197, 2715.76668697196873836]
    [-0.08660282513057849, -0.03535534472614963, 0.03535532702108631, 32689.52864472115106764]
    [-0.00000004104417185, 0.07071088346392169, 0.07071081833652036, 2963.89822055585682392]
  #1297 objects/buildingsets/human/universal/prop/uee/forklift/forklift_machine_1_a.cgf
    [-0.12186724770785878, 0.99254845154636362, 0.00000000000000000, 1631.33073972100828541]
    [-0.99254845154636362, -0.12186724770785878, -0.00000000000000000, 32262.89815002148679923]
    [-0.00000000000000000, 0.00000000000000000, 1.00000202736343113, 2957.87599735148251057]
  #1298 objects/buildingsets/citysets/hightech/addon/greeble/orison_shipyard_greeble_d.cgf
    [0.73001544777414462, -0.42147355967803057, 0.00000000000000000, 1479.83858836944273207]
    [-0.42147355967803057, -0.73001544777414495, -0.00000000000000000, 31961.92622559630035539]
    [0.00000000000000000, 0.00000000000000000, -0.84294870276699263, 2950.19169977866113186]
  #1299 objects/buildingsets/citysets/hightech/addon/greeble/orison_shipyard_greeble_d.cgf
    [-0.87347817706453468, -0.23405100039536667, 0.00000000000000000, 2907.93298781012708787]
    [-0.23405100039536667, 0.87347817706453457, -0.00000000000000000, 33120.42151305123843485]
    [0.00000000000000000, 0.00000000000000000, -0.90429198635952446, 2940.67123848572373390]
  #1300 objects/buildingsets/citysets/hightech/addon/large/ht_lrg_addon_antenna_002_a.cgf
    [0.22757567480376870, 0.39417492946096111, 0.00000000000000000, 1669.52563522141281283]
    [0.39417492946096111, -0.22757567480376892, 0.00000000000000000, 32287.68454187755560270]
    [0.00000000000000000, 0.00000000000000000, -0.45515333985146644, 2931.38665566965937614]
  #1301 objects/buildingsets/citysets/hightech/addon/medium/ht_med_addon_tank_003_a.cgf
    [0.44999968454089273, 0.77942686125970650, 0.00000000000000000, 1558.84267490143247414]
    [0.77942686125970650, -0.44999968454089273, 0.00000000000000000, 32118.61841861567154410]
    [0.00000000000000000, 0.00000000000000000, -0.90000330451618937, 2937.35655676759779453]
  #1302 objects/buildingsets/citysets/hightech/addon/medium/ht_med_addon_panel_06_a.cgf
    [-0.49999970548853329, 0.61535928655606253, -0.60937497232938975, 1538.35310290690540569]
    [-0.86602823767597426, -0.35527670337047723, 0.35182121813628997, 32136.60561377362319035]
    [-0.00000027749738881, 0.70364481553712210, 0.71055512629809581, 2957.51691762357950211]
  #1303 objects/buildingsets/citysets/hightech/addon/medium/ht_med_addon_panel_03_a.cgf
    [-0.39066753794071718, 0.10468049514906677, 0.00000000000000000, 1671.57974143794854172]
    [-0.10468049514906677, -0.39066753794071718, -0.00000000000000000, 32336.73238237466284772]
    [-0.00000000000000000, 0.00000000000000000, 0.40444917018744819, 2957.82236124388873577]
  #1304 objects/buildingsets/citysets/hightech/addon/large/ht_lrg_addon_tank_009_b.cgf
    [0.52297989362883757, -0.14013407257190202, 0.00000000000000000, 2882.92872329649981111]
    [0.14013407257190202, 0.52297989362883757, 0.00000000000000000, 33188.71509770341799594]
    [0.00000000000000000, 0.00000000000000000, 0.54142915273895009, 2958.04410069249570370]
  #1305 objects/buildingsets/citysets/hightech/addon/medium/ht_med_addon_panel_01_a.cgf
    [0.49999929359515971, 0.16524665488962856, -0.85011703044627229, 2790.91065251053805696]
    [0.86602853440691863, -0.09540464257424880, 0.49081284393436925, 32870.57526802371285157]
    [0.00000006920084847, -0.98162936652574073, -0.19081012231254246, 2954.20702991634607315]
  #1306 objects/buildingsets/citysets/hightech/addon/medium/ht_med_addon_panel_03_a.cgf
    [0.09371502076636512, 0.34974411783635423, 0.00000000000000000, 2948.14462922768143471]
    [-0.34974411783635423, 0.09371502076636512, -0.00000000000000000, 33078.32640422462282004]
    [-0.00000000000000000, 0.00000000000000000, 0.36208210819974224, 2955.29235311597585678]
  #1307 objects/buildingsets/citysets/hightech/addon/large/ht_lrg_addon_tank_002_b.cgf
    [0.13363806049053872, -0.23146926011569235, 0.00000000000000000, 2852.35978018650348531]
    [0.23146926011569235, 0.13363806049053872, 0.00000000000000000, 32954.72768361870839726]
    [0.00000000000000000, 0.00000000000000000, 0.26727728970149883, 2956.85877029038965702]
  #1308 objects/buildingsets/citysets/hightech/addon/large/ht_lrg_addon_tank_002_a.cgf
    [-0.13363804925690165, 0.23146878949564792, 0.00000000000000000, 1583.72985724650789052]
    [-0.23146878949564792, -0.13363804925690165, -0.00000000000000000, 32171.60393676165404031]
    [-0.00000000000000000, 0.00000000000000000, 0.26727687651529197, 2956.85877029038965702]
  #1309 objects/buildingsets/citysets/hightech/addon/containers/containers_01x04x02_a.cgf
    [-0.86602837090970930, -0.49999990680382367, -0.00000000000000000, 2919.00408885878277943]
    [0.49999990680382367, -0.86602837090970930, 0.00000000000000000, 33030.95488240903068800]
    [0.00000000000000000, -0.00000000000000000, 1.00000252300899595, 2957.87778835557401180]
  #1310 objects/buildingsets/citysets/hightech/addon/medium/ht_med_addon_panel_01_a.cgf
    [-0.49999960232445267, -0.00000059032885669, 0.86602847931528770, 1677.85211951305973344]
    [-0.86602847931546467, 0.00000010409021697, -0.49999960232448376, 32288.81687298345786985]
    [0.00000020501859591, -1.00000246465183751, -0.00000056328528094, 2951.30401703342795372]
  #1311 objects/buildingsets/citysets/hightech/addon/small/ht_sml_addon_vent_006_a.cgf
    [-0.95263125961988904, -0.54999992728646274, -0.00000000000000000, 2720.47588005086436169]
    [0.54999992728646274, -0.95263125961988904, 0.00000000000000000, 32728.12023066476103850]
    [0.00000000000000000, -0.00000000000000000, 1.10000283491456985, 2962.00996672920882702]
  #1312 objects/buildingsets/citysets/hightech/addon/medium/ht_med_addon_antenna_008_c.cgf
    [-0.08919566713019890, 0.00000023234323123, 0.33287458484387039, 2856.99282917076197919]
    [0.33287458484393651, -0.00000004096810977, 0.08919566713024511, 33270.56041781984822592]
    [0.00000009970832153, 0.34461769581636198, -0.00000021382238836, 2958.51185763999819756]
  #1313 objects/buildingsets/citysets/hightech/addon/medium/ht_med_addon_vent_001_a.cgf
    [-0.49999960232445267, -0.00000059032885669, 0.86602847931528770, 2831.03957305484800600]
    [-0.86602847931546467, 0.00000010409021697, -0.49999960232448376, 32877.76488081995194079]
    [0.00000020501859591, -1.00000246465183751, -0.00000056328528094, 2945.92932614125311375]
  #1314 objects/buildingsets/citysets/hightech/addon/medium/ht_med_addon_panel_06_a.cgf
    [-0.49999929563185741, 0.58060900746799393, -0.64257142157290792, 1462.00064565492357360]
    [-0.86602820472268338, -0.33521325333130569, 0.37098702190696342, 31992.95728029870952014]
    [-0.00000005015016326, 0.74197668578306619, 0.67042877680028334, 2959.87132839486002922]
  #1315 objects/buildingsets/human/universal/prop/uee/forklift/forklift_machine_1_a.cgf
    [-0.12186724770785878, 0.99254845154636362, 0.00000000000000000, 2896.92952501412946731]
    [-0.99254845154636362, -0.12186724770785878, -0.00000000000000000, 33040.68876104824448703]
    [-0.00000000000000000, 0.00000000000000000, 1.00000202736343113, 2957.87599735148251057]
  #1316 objects/buildingsets/citysets/hightech/addon/medium/ht_med_addon_panel_06_a.cgf
    [0.49999912085378911, -0.61344173902061661, 0.61130484680208785, 1489.31121348042506725]
    [0.86602793424713442, 0.35416905032482426, -0.35293541143752805, 31961.44734429497111705]
    [0.00000005550323904, 0.70587323250729528, 0.70834065489750253, 2957.58660876564681530]
  #1317 objects/buildingsets/human/shop/alpha/shippart/dumpersdepot/prop/prop_crate_dumper_cluster_02.cgf
    [0.49999726461310628, -0.86602897733723461, 0.00000000000000000, -1232.51530879497295246]
    [0.86602897733723461, 0.49999726461310628, 0.00000000000000000, 27213.22717958194698440]
    [0.00000000000000000, 0.00000000000000000, 1.00000172710269108, 2957.87091234140098095]
  #1318 objects/buildingsets/citysets/hightech/addon/large/ht_lrg_addon_building_001_a.cgf
    [0.04410759761019485, 0.16460939441625885, 0.00000000000000000, 2928.41408436395431636]
    [-0.16460939441625885, 0.04410759761019485, -0.00000000000000000, 33123.07703116154880263]
    [-0.00000000000000000, 0.00000000000000000, 0.17041635161283769, 2955.92384539544582367]
  #1319 objects/buildingsets/citysets/hightech/addon/containers/containers_01x02x03_a.cgf
    [-0.86602837090970930, -0.49999990680382367, -0.00000000000000000, 1652.46584764851286309]
    [0.49999990680382367, -0.86602837090970930, 0.00000000000000000, 32251.69809500651172129]
    [0.00000000000000000, -0.00000000000000000, 1.00000252300899595, 2957.87778835557401180]
  #1320 objects/buildingsets/citysets/hightech/addon/medium/ht_med_addon_panel_02_a.cgf
    [0.57459633401730248, 0.15396407671640991, 0.00000000000000000, 1660.24505165330629097]
    [0.15396407671640991, -0.57459633401730281, 0.00000000000000000, 32366.90514581989918952]
    [0.00000000000000000, 0.00000000000000000, -0.59486627403582082, 2941.95249108225107193]
  #1321 objects/buildingsets/citysets/hightech/addon/medium/ht_med_addon_panel_01_a.cgf
    [0.49999929359515971, 0.16524665488962856, -0.85011703044627229, 2765.45968693683971651]
    [0.86602853440691863, -0.09540464257424880, 0.49081284393436925, 32826.49274329932813998]
    [0.00000006920084847, -0.98162936652574073, -0.19081012231254246, 2954.20702991634607315]
  #1322 objects/buildingsets/citysets/hightech/addon/medium/ht_med_addon_panel_02_a.cgf
    [-0.86602837090970930, -0.49999990680382367, -0.00000000000000000, 2811.44328484879952157]
    [0.49999990680382367, -0.86602837090970930, 0.00000000000000000, 32899.98024916781287175]
    [0.00000000000000000, -0.00000000000000000, 1.00000252300899595, 2962.12979997321963310]
  #1323 objects/buildingsets/citysets/hightech/addon/medium/ht_med_addon_panel_04_a.cgf
    [0.39066754091899319, -0.10468057031936717, 0.00000000000000000, 2920.01041598612209782]
    [0.10468057031936717, 0.39066754091899319, 0.00000000000000000, 33141.62383140032761730]
    [0.00000000000000000, 0.00000000000000000, 0.40444919252000144, 2957.83668327145278454]
  #1324 objects/buildingsets/citysets/hightech/addon/greeble/orison_shipyard_greeble_c.cgf
    [-0.86602858170534047, 0.50000002850629788, 0.00000000000000000, 1489.94290207057929365]
    [0.50000002850629788, 0.86602858170533970, 0.00000000000000000, 31999.18437180582986912]
    [0.00000000000000000, 0.00000000000000000, -1.00000276641460473, 2950.19732079096138477]
  #1325 objects/buildingsets/citysets/hightech/addon/greeble/orison_shipyard_greeble_c.cgf
    [-1.00543526754380941, 0.58048551750111188, 0.00000000000000000, 2802.26970358778635273]
    [0.58048551750111188, 1.00543526754380919, 0.00000000000000000, 32852.76502925042586867]
    [0.00000000000000000, 0.00000000000000000, -1.16097524230683979, 2941.10593136586248875]
  #1326 objects/buildingsets/citysets/hightech/addon/medium/ht_med_addon_vent_001_a.cgf
    [0.32200303648946643, -1.20172097196090166, 0.00000000000000000, 1669.17689589528163197]
    [-1.20172097196090166, -0.32200303648946715, -0.00000000000000000, 32363.14190432719988166]
    [0.00000000000000000, 0.00000000000000000, -1.24411384123764623, 2953.31388710625469685]
  #1327 objects/buildingsets/citysets/hightech/addon/medium/ht_med_addon_window_01_a.cgf
    [-0.77431692901269489, 0.20748045757427050, 0.00000000000000000, 2926.24463505586754763]
    [-0.20748045757427050, -0.77431692901269489, -0.00000000000000000, 33125.26049972180771874]
    [-0.00000000000000000, 0.00000000000000000, 0.80163261337777370, 2958.80037322454154491]
  #1328 objects/buildingsets/citysets/hightech/struts/ht_connect_45_001.cgf
    [-0.86602837090970930, -0.49999990680382367, -0.00000000000000000, 1640.84934694032563129]
    [0.49999990680382367, -0.86602837090970930, 0.00000000000000000, 32307.16333314418443479]
    [0.00000000000000000, -0.00000000000000000, 1.00000252300899595, 2946.48374926485121250]
  #1329 objects/buildingsets/citysets/hightech/addon/large/ht_lrg_addon_tank_002_b.cgf
    [-0.12005492501953922, -0.20794203688085020, 0.00000000000000000, 2722.12873634519201005]
    [-0.20794203688085020, 0.12005492501953922, -0.00000000000000000, 32700.59084751817135839]
    [0.00000000000000000, 0.00000000000000000, -0.24011054896360562, 2950.19034777581691742]
  #1330 objects/buildingsets/citysets/hightech/addon/medium/ht_med_addon_tank_003_a.cgf
    [0.48595899030496403, 0.28056686459669333, 0.00000000000000000, 2703.50919044243346434]
    [-0.28056686459669333, 0.48595899030496403, -0.00000000000000000, 32692.45129963720683008]
    [-0.00000000000000000, 0.00000000000000000, 0.56113626310178832, 2968.53273994848132133]
  #1331 objects/buildingsets/citysets/hightech/addon/large/ht_lrg_addon_building_001_a.cgf
    [-0.16344436431270257, 0.28309504192641544, 0.00000000000000000, 2708.20051599181169877]
    [-0.28309504192641544, -0.16344436431270257, -0.00000000000000000, 32700.09781257174472557]
    [-0.00000000000000000, 0.00000000000000000, 0.32688968015050940, 2962.78289629518985748]
  #1332 objects/buildingsets/citysets/hightech/addon/large/ht_lrg_addon_tank_008_b_linemarking_a.cgf
    [0.52297989362883757, -0.14013407257190202, 0.00000000000000000, 1624.11129386515676742]
    [0.14013407257190202, 0.52297989362883757, 0.00000000000000000, 32422.58715555000890163]
    [0.00000000000000000, 0.00000000000000000, 0.54142915273895009, 2957.95035050250589848]
  #1333 objects/buildingsets/citysets/hightech/addon/medium/ht_med_addon_vent_001_a.cgf
    [0.62205353582404332, 1.07743461077643765, 0.00000000000000000, 2880.63034596502984641]
    [1.07743461077643765, -0.62205353582404332, 0.00000000000000000, 32979.49187015535426326]
    [0.00000000000000000, 0.00000000000000000, -1.24411251176498028, 2954.57907967083156109]
  #1334 objects/buildingsets/citysets/hightech/addon/medium/ht_med_addon_tank_003_a.cgf
    [0.44999968454089273, 0.77942686125970650, 0.00000000000000000, 2787.41009646235761466]
    [0.77942686125970650, -0.44999968454089273, 0.00000000000000000, 32832.35162093101826031]
    [0.00000000000000000, 0.00000000000000000, -0.90000330451618937, 2937.35655676759779453]
  #1335 objects/buildingsets/human/universal/prop/uee/forklift/forklift_machine_1_a.cgf
    [-0.12186724770785878, 0.99254845154636362, 0.00000000000000000, 2894.61709729819995118]
    [-0.99254845154636362, -0.12186724770785878, -0.00000000000000000, 33036.80623895901226206]
    [-0.00000000000000000, 0.00000000000000000, 1.00000202736343113, 2957.87599735148251057]
  #1336 objects/buildingsets/citysets/hightech/addon/large/ht_lrg_addon_tank_008_a_linemarking_a.cgf
    [0.31351567164635213, 0.18100726758968436, 0.00000000000000000, 2930.35536465632321779]
    [-0.18100726758968436, 0.31351567164635213, -0.00000000000000000, 33023.72603847394202603]
    [-0.00000000000000000, 0.00000000000000000, 0.36201616992635410, 2955.30602314323186874]
  #1337 objects/buildingsets/citysets/hightech/addon/containers/containers_01x02x02_a.cgf
    [0.86602766411490417, 0.50000064180364034, 0.00000000000000000, 2900.48553222070768243]
    [-0.50000064180364034, 0.86602766411490417, -0.00000000000000000, 33021.03159096277522622]
    [-0.00000000000000000, 0.00000000000000000, 1.00000227840558908, 2957.87778835557401180]
  #1338 objects/buildingsets/citysets/hightech/addon/large/ht_lrg_addon_tank_001_b.cgf
    [-0.04999999549471128, 0.06123740220745160, -0.06123748763202197, 2726.05305813431914430]
    [-0.08660282513057849, -0.03535534472614963, 0.03535532702108631, 32707.34520456250902498]
    [-0.00000004104417185, 0.07071088346392169, 0.07071081833652036, 2963.89822055585682392]
  #1339 objects/buildingsets/citysets/hightech/addon/large/ht_lrg_addon_tank_001_b.cgf
    [-0.05688445385293116, 0.09852714662982862, 0.00000000000000000, 2777.71459928464901168]
    [-0.09852714662982862, -0.05688445385293116, -0.00000000000000000, 32859.05870495700219180]
    [-0.00000000000000000, 0.00000000000000000, 0.11376923887045209, 2965.60661401785910130]
  #1340 objects/buildingsets/citysets/hightech/addon/large/ht_lrg_addon_tank_009_b.cgf
    [-0.14013374526733632, -0.52297988038448928, 0.00000000000000000, 577.07470698741963133]
    [0.52297988038448928, -0.14013374526733632, 0.00000000000000000, 29233.70815266513454844]
    [0.00000000000000000, 0.00000000000000000, 0.54142905523219309, 2958.04410069249570370]
  #1341 objects/buildingsets/citysets/hightech/addon/medium/ht_med_addon_vent_003_a.cgf
    [0.63958719128597796, 0.17137975877440204, 0.00000000000000000, 2940.18763938900519861]
    [0.17137975877440204, -0.63958719128597796, 0.00000000000000000, 33094.10396176543144975]
    [0.00000000000000000, 0.00000000000000000, -0.66215013174857740, 2937.69828746095299721]
  #1342 objects/buildingsets/citysets/hightech/addon/medium/ht_med_addon_panel_06_a.cgf
    [-0.25882170057883169, -0.00000077356163946, 0.96592777099029548, 2920.53840352475526743]
    [0.96592777099034743, -0.00000093772695618, 0.25882170057809473, 33114.00199154996516882]
    [0.00000070556015929, 1.00000256572666824, 0.00000098990621585, 2939.73373358510434628]
  #1343 objects/buildingsets/citysets/hightech/addon/medium/ht_med_addon_vent_001_a.cgf
    [1.20172203594831739, 0.32199867735174909, 0.00000000000000000, 635.90694434745819308]
    [0.32199867735174909, -1.20172203594831739, 0.00000000000000000, 29278.32932138441901770]
    [0.00000000000000000, 0.00000000000000000, -1.24411374074079117, 2953.31388710625469685]
  #1344 objects/buildingsets/citysets/hightech/addon/medium/ht_med_addon_tank_003_a.cgf
    [0.44999968454089273, 0.77942686125970650, 0.00000000000000000, 2817.66010433279006975]
    [0.77942686125970650, -0.44999968454089273, 0.00000000000000000, 32884.74636076908791438]
    [0.00000000000000000, 0.00000000000000000, -0.90000330451618937, 2937.35655676759779453]
  #1345 objects/buildingsets/citysets/hightech/addon/large/ht_lrg_addon_antenna_001_a.cgf
    [-0.32547958224893536, -0.56374936126074471, 0.00000000000000000, 1631.98215684392926050]
    [-0.56374936126074471, 0.32547958224893536, -0.00000000000000000, 32245.34348925720769330]
    [0.00000000000000000, 0.00000000000000000, -0.65096105934444271, 2931.50048889964818954]
  #1346 objects/buildingsets/citysets/hightech/addon/large/ht_lrg_addon_tank_002_b.cgf
    [0.06214524242994195, -0.23192856319784314, 0.00000000000000000, 2922.58820862609718461]
    [-0.23192856319784314, -0.06214524242994206, -0.00000000000000000, 33079.81374012605374446]
    [0.00000000000000000, 0.00000000000000000, -0.24011016135035229, 2940.12691438198089600]
  #1347 objects/buildingsets/citysets/hightech/addon/medium/ht_med_addon_vent_001_a.cgf
    [-0.49999960232445267, -0.00000059032885669, 0.86602847931528770, 2815.85206648179155309]
    [-0.86602847931546467, 0.00000010409021697, -0.49999960232448376, 32851.45925076548883226]
    [0.00000020501859591, -1.00000246465183751, -0.00000056328528094, 2945.92932614125311375]
  #1348 objects/buildingsets/citysets/hightech/addon/medium/ht_med_addon_panel_06_a.cgf
    [-0.49999929563185741, 0.58060900746799393, -0.64257142157290792, 2720.81807508628116921]
    [-0.86602820472268338, -0.33521325333130569, 0.37098702190696342, 32759.08522245214044233]
    [-0.00000005015016326, 0.74197668578306619, 0.67042877680028334, 2959.87132839486002922]
  #1349 objects/buildingsets/human/hightech/delta/int/garage/high_tech_garage_door_l.cga
    [0.14149860022617627, 0.52807226319203493, 0.00000000000000000, 1674.23455193217523629]
    [-0.52807226319203493, 0.14149860022617627, -0.00000000000000000, 32366.42331516964623006]
    [-0.00000000000000000, 0.00000000000000000, 0.54670116976162120, 2954.67384286224842072]
  #1350 objects/buildingsets/citysets/hightech/addon/large/ht_lrg_addon_tank_005_a.cgf
    [0.10546754558149629, 0.00000012452069476, 0.18267612561044722, 2921.59821781982464017]
    [0.18267612561048455, -0.00000002195621301, -0.10546754558150288, 33032.14591970488254447]
    [-0.00000004324543368, 0.21093593823487833, -0.00000011881629174, 2946.75851482152938843]
  #1351 objects/buildingsets/citysets/hightech/addon/large/ht_lrg_addon_tank_008_a_linemarking_a.cgf
    [0.31351567164635213, 0.18100726758968436, 0.00000000000000000, 2933.25633583570015617]
    [-0.18100726758968436, 0.31351567164635213, -0.00000000000000000, 33028.75068609954905696]
    [-0.00000000000000000, 0.00000000000000000, 0.36201616992635410, 2955.30602314323186874]
  #1352 objects/buildingsets/citysets/hightech/addon/medium/ht_med_addon_panel_01_a.cgf
    [0.86602631578937239, -0.37157233636118536, 0.33456358641950223, 2904.22246584106324008]
    [-0.49999879450532331, -0.64358454800773890, 0.57948296714001990, 33186.71213779746904038]
    [0.00000011456389285, -0.66912876381401210, -0.74314673623936645, 2953.47339743003249168]
  #1353 objects/buildingsets/citysets/hightech/addon/medium/ht_med_addon_vent_003_a.cgf
    [-0.17137860152325332, 0.63958734912748172, 0.00000000000000000, 610.93146037214319222]
    [0.63958734912748172, 0.17137860152325304, 0.00000000000000000, 29274.66028332648784271]
    [0.00000000000000000, 0.00000000000000000, -0.66214998468925867, 2937.76150758937001228]
  #1354 objects/buildingsets/citysets/hightech/addon/medium/ht_med_addon_panel_06_a.cgf
    [0.49999962468684500, -0.86602980288375020, 0.00000000000000000, 2835.47229160343704280]
    [0.86602980288375020, 0.49999962468684500, 0.00000000000000000, 32915.72753427773568546]
    [0.00000000000000000, 0.00000000000000000, 1.00000362207836679, 2957.85877231694757938]
  #1355 objects/buildingsets/citysets/hightech/addon/medium/ht_med_addon_vent_001_a.cgf
    [-1.07743316305924997, 0.62205550780702024, 0.00000000000000000, 776.88712440965173300]
    [0.62205550780702024, 1.07743316305924997, 0.00000000000000000, 29215.10996271174008143]
    [0.00000000000000000, 0.00000000000000000, -1.24411224399284404, 2954.57907967083156109]
  #1356 objects/buildingsets/citysets/hightech/addon/medium/ht_med_addon_panel_06_a.cgf
    [0.49999962468684500, -0.86602980288375020, 0.00000000000000000, 2830.60087734375701984]
    [0.86602980288375020, 0.49999962468684500, 0.00000000000000000, 32918.54003645165357739]
    [0.00000000000000000, 0.00000000000000000, 1.00000362207836679, 2957.85877231694757938]
  #1357 objects/buildingsets/human/shop/alpha/shippart/dumpersdepot/prop/prop_crate_dumper_cluster_01.cgf
    [0.86602885900029569, 0.49999900934302305, 0.00000000000000000, 720.88125724341807654]
    [-0.49999900934302305, 0.86602885900029569, -0.00000000000000000, 29267.67888019301972236]
    [-0.00000000000000000, 0.00000000000000000, 1.00000249697956178, 2957.87664235383272171]
  #1358 objects/buildingsets/citysets/hightech/rooftop/ht_rooftop_doorway_24x02x08_a.cgf
    [-1.05222469785261530, -0.42956611326024052, -0.42956926555460512, 2845.49767743200936820]
    [0.60750045232130145, -0.74403279523790211, -0.74403764312133336, 32909.96445187451899983]
    [-0.00000021639767672, -0.85914013309274795, 0.85913435855574316, 2954.65027381479740143]
  #1359 objects/buildingsets/citysets/hightech/addon/large/ht_lrg_addon_antenna_001_a.cgf
    [-0.04522260125579991, -0.16877119405466662, 0.00000000000000000, 2856.32839224418421509]
    [0.16877119405466662, -0.04522260125579991, 0.00000000000000000, 33274.46783086944924435]
    [0.00000000000000000, 0.00000000000000000, 0.17472492554578178, 2958.73373208940029144]
  #1360 objects/buildingsets/citysets/hightech/addon/large/ht_lrg_addon_tank_002_b.cgf
    [-0.23146885169210882, -0.13363842790211622, -0.00000000000000000, 811.06194894255168037]
    [0.13363842790211622, -0.23146885169210882, 0.00000000000000000, 29203.13919584997347556]
    [0.00000000000000000, -0.00000000000000000, 0.26727711970128026, 2956.85877029038965702]
  #1361 objects/buildingsets/citysets/hightech/addon/large/ht_lrg_addon_tank_003_c.cgf
    [0.09426646645109926, 0.16327496546542691, 0.00000000000000000, 689.74159281425090740]
    [0.16327496546542691, -0.09426646645109936, 0.00000000000000000, 29274.37782031330061727]
    [0.00000000000000000, 0.00000000000000000, -0.18853350112092174, 2940.00191412866115570]
  #1362 objects/buildingsets/citysets/hightech/addon/large/ht_lrg_addon_antenna_001_a.cgf
    [-0.71597037636801852, -0.19184663454403553, 0.00000000000000000, 620.65175486529187765]
    [-0.19184663454403553, 0.71597037636801808, -0.00000000000000000, 29254.64032225558912614]
    [0.00000000000000000, 0.00000000000000000, -0.74122784015607157, 2934.15357327647507191]
  #1363 objects/buildingsets/citysets/hightech/addon/medium/ht_med_addon_tank_003_a.cgf
    [0.24596990346863792, 0.42603408196285364, 0.00000000000000000, 867.81058709185890621]
    [0.42603408196285364, -0.24596990346863787, 0.00000000000000000, 29173.76996628624328878]
    [0.00000000000000000, 0.00000000000000000, -0.49194128959287664, 2943.48156918026506901]
  #1364 objects/buildingsets/citysets/hightech/addon/large/ht_lrg_addon_tank_002_a.cgf
    [-0.13363804925690165, 0.23146878949564792, 0.00000000000000000, 2842.54728667786548613]
    [-0.23146878949564792, -0.13363804925690165, -0.00000000000000000, 32937.73187891507404856]
    [-0.00000000000000000, 0.00000000000000000, 0.26727687651529197, 2956.85877029038965702]
  #1365 objects/buildingsets/citysets/hightech/addon/medium/ht_med_addon_vent_001_a.cgf
    [0.32200303648946643, -1.20172097196090166, 0.00000000000000000, 2927.99432532663922757]
    [-1.20172097196090166, -0.32200303648946715, -0.00000000000000000, 33129.26984648060170002]
    [0.00000000000000000, 0.00000000000000000, -1.24411384123764623, 2953.31388710625469685]
  #1366 objects/buildingsets/citysets/hightech/addon/large/ht_lrg_addon_building_001_a.cgf
    [0.16460954491356961, -0.04410764150017601, 0.00000000000000000, 642.91822276150196558]
    [0.04410764150017601, 0.16460954491356961, 0.00000000000000000, 29278.51647960596892517]
    [0.00000000000000000, 0.00000000000000000, 0.17041650834165256, 2955.92384539544582367]
  #1367 objects/buildingsets/citysets/hightech/struts/ht_connect_45_002.cgf
    [-0.86602837090970930, -0.49999990680382367, -0.00000000000000000, 2812.84471958458743757]
    [0.49999990680382367, -0.86602837090970930, 0.00000000000000000, 32922.91056447132723406]
    [0.00000000000000000, -0.00000000000000000, 1.00000252300899595, 2946.48374926485121250]
  #1368 objects/buildingsets/citysets/hightech/addon/medium/ht_med_addon_panel_01_a.cgf
    [-0.49999960232445267, -0.00000059032885669, 0.86602847931528770, 2936.66954894441732904]
    [-0.86602847931546467, 0.00000010409021697, -0.49999960232448376, 33054.94481513687787810]
    [0.00000020501859591, -1.00000246465183751, -0.00000056328528094, 2951.30401703342795372]
  #1369 objects/buildingsets/human/shop/alpha/shippart/dumpersdepot/prop/prop_crate_dumper_pallet_05.cgf
    [0.86602867319254873, 0.49999887713978930, 0.00000000000000000, 1647.30404928031202871]
    [-0.49999887713978930, 0.86602867319254873, -0.00000000000000000, 32262.58479834192257840]
    [-0.00000000000000000, 0.00000000000000000, 1.00000226996377184, 2957.87664235383272171]
  #1370 objects/buildingsets/citysets/hightech/addon/medium/ht_med_addon_tank_003_a.cgf
    [0.44999968454089273, 0.77942686125970650, 0.00000000000000000, 2802.47260389370785560]
    [0.77942686125970650, -0.44999968454089273, 0.00000000000000000, 32858.44074333902244689]
    [0.00000000000000000, 0.00000000000000000, -0.90000330451618937, 2937.35655676759779453]
  #1371 objects/buildingsets/citysets/hightech/addon/medium/ht_med_addon_panel_01_a.cgf
    [-0.49999960232445267, -0.00000059032885669, 0.86602847931528770, 2802.72084833050757879]
    [-0.86602847931546467, 0.00000010409021697, -0.49999960232448376, 32826.40607294335495681]
    [0.00000020501859591, -1.00000246465183751, -0.00000056328528094, 2953.88533326424658298]
  #1372 objects/buildingsets/human/universal/prop/uee/forklift/forklift_machine_1_a.cgf
    [0.99254902073079587, 0.12186711793088525, 0.00000000000000000, 736.69101234203844797]
    [-0.12186711793088525, 0.99254902073079587, -0.00000000000000000, 29240.80184433473550598]
    [-0.00000000000000000, 0.00000000000000000, 1.00000257648990187, 2957.87669535353779793]
  #1373 objects/buildingsets/citysets/hightech/addon/large/ht_lrg_addon_antenna_002_a.cgf
    [0.38633077118986153, -0.22304720789585769, 0.00000000000000000, 737.71002024486369919]
    [-0.22304720789585769, -0.38633077118986153, -0.00000000000000000, 29247.97713390605713357]
    [0.00000000000000000, 0.00000000000000000, -0.44609586606276808, 2932.51497195661067963]
  #1374 objects/buildingsets/citysets/hightech/addon/large/ht_lrg_addon_tank_002_b.cgf
    [-0.12005492501953922, -0.20794203688085020, 0.00000000000000000, 2731.67283270326879574]
    [-0.20794203688085020, 0.12005492501953922, -0.00000000000000000, 32717.12177104100919678]
    [0.00000000000000000, 0.00000000000000000, -0.24011054896360562, 2950.19034777581691742]
  #1375 objects/buildingsets/citysets/hightech/addon/greeble/orison_shipyard_greeble_c.cgf
    [0.75980624325556601, -0.43867317991148591, 0.00000000000000000, 2909.56164567945234012]
    [-0.43867317991148591, -0.75980624325556645, -0.00000000000000000, 33046.55451712280773791]
    [0.00000000000000000, 0.00000000000000000, -0.87734809856965668, 2940.73373861238360405]
  #1376 objects/buildingsets/citysets/hightech/addon/large/ht_lrg_addon_tank_008_b_linemarking_a.cgf
    [0.52297989362883757, -0.14013407257190202, 0.00000000000000000, 2882.92872329649981111]
    [0.14013407257190202, 0.52297989362883757, 0.00000000000000000, 33188.71509770341799594]
    [0.00000000000000000, 0.00000000000000000, 0.54142915273895009, 2957.95035050250589848]
  #1377 objects/buildingsets/citysets/hightech/addon/large/ht_lrg_addon_tank_008_a.cgf
    [0.33606356935276249, 0.19402522402005001, 0.00000000000000000, 2933.25633583570015617]
    [-0.19402522402005001, 0.33606356935276249, -0.00000000000000000, 33028.75068609954905696]
    [-0.00000000000000000, 0.00000000000000000, 0.38805220035730964, 2955.30602314323186874]
  #1378 objects/buildingsets/citysets/hightech/addon/large/ht_lrg_addon_antenna_001_a.cgf
    [-0.32547958224893536, -0.56374936126074471, 0.00000000000000000, 2890.79958627527230419]
    [-0.56374936126074471, 0.32547958224893536, -0.00000000000000000, 33011.47143141062406357]
    [0.00000000000000000, 0.00000000000000000, -0.65096105934444271, 2931.50048889964818954]
  #1379 objects/buildingsets/citysets/hightech/struts/ht_connect_strut_addon_001_a.cgf
    [-0.86602837090970930, -0.49999990680382367, -0.00000000000000000, -2626.51009923582023475]
    [0.49999990680382367, -0.86602837090970930, 0.00000000000000000, 34572.73844944893062348]
    [0.00000000000000000, -0.00000000000000000, 1.00000252300899595, 1936.48372899927198887]
  #1380 objects/buildingsets/citysets/hightech/addon/medium/ht_med_addon_vent_001_a.cgf
    [0.62205353582404332, 1.07743461077643765, 0.00000000000000000, 2865.13483896111574722]
    [1.07743461077643765, -0.62205353582404332, 0.00000000000000000, 32988.43817990470415680]
    [0.00000000000000000, 0.00000000000000000, -1.24411251176498028, 2954.57907967083156109]
  #1381 objects/buildingsets/citysets/hightech/addon/medium/ht_med_addon_panel_06_a.cgf
    [-0.49999970548853329, 0.61535928655606253, -0.60937497232938975, 2797.17053233826300129]
    [-0.86602823767597426, -0.35527670337047723, 0.35182121813628997, 32902.73355592704319861]
    [-0.00000027749738881, 0.70364481553712210, 0.71055512629809581, 2957.51691762357950211]
  #1382 objects/buildingsets/citysets/hightech/addon/large/ht_lrg_addon_tank_001_b.cgf
    [-0.05688445385293116, 0.09852714662982862, 0.00000000000000000, 1504.56904360133921728]
    [-0.09852714662982862, -0.05688445385293116, -0.00000000000000000, 32068.11363250550130033]
    [-0.00000000000000000, 0.00000000000000000, 0.11376923887045209, 2965.60661401785910130]
  #1383 objects/buildingsets/citysets/hightech/addon/containers/containers_01x02x03_a.cgf
    [-0.86602837090970930, -0.49999990680382367, -0.00000000000000000, 2911.28327707987045869]
    [0.49999990680382367, -0.86602837090970930, 0.00000000000000000, 33017.82603715993172955]
    [0.00000000000000000, -0.00000000000000000, 1.00000252300899595, 2957.87778835557401180]
  #1384 objects/buildingsets/citysets/hightech/addon/large/ht_lrg_addon_tank_008_a.cgf
    [0.33606356935276249, 0.19402522402005001, 0.00000000000000000, 2930.35536465632321779]
    [-0.19402522402005001, 0.33606356935276249, -0.00000000000000000, 33023.72603847394202603]
    [-0.00000000000000000, 0.00000000000000000, 0.38805220035730964, 2955.30602314323186874]
  #1385 objects/buildingsets/citysets/hightech/struts/ht_connect_45_001.cgf
    [-0.86602837090970930, -0.49999990680382367, -0.00000000000000000, 2899.66677637166867498]
    [0.49999990680382367, -0.86602837090970930, 0.00000000000000000, 33073.29127529760444304]
    [0.00000000000000000, -0.00000000000000000, 1.00000252300899595, 2946.48374926485121250]
  #1386 objects/buildingsets/human/universal/prop/uee/forklift/forklift_machine_1_a.cgf
    [-0.12186724770785878, 0.99254845154636362, 0.00000000000000000, 2890.14816915235132910]
    [-0.99254845154636362, -0.12186724770785878, -0.00000000000000000, 33029.02609217490680749]
    [-0.00000000000000000, 0.00000000000000000, 1.00000202736343113, 2957.87599735148251057]
  #1387 objects/buildingsets/human/shop/alpha/shippart/dumpersdepot/prop/prop_crate_dumper_pallet_05.cgf
    [0.86602867319254873, 0.49999887713978930, 0.00000000000000000, 2906.12147871165507240]
    [-0.49999887713978930, 0.86602867319254873, -0.00000000000000000, 33028.71274049534258666]
    [-0.00000000000000000, 0.00000000000000000, 1.00000226996377184, 2957.87664235383272171]
  #1388 objects/buildingsets/human/hightech/delta/int/garage/high_tech_garage_door_l.cga
    [0.14150791300696347, 0.52810701845617913, 0.00000000000000000, 2935.81700942895258777]
    [-0.52810701845617913, 0.14150791300696347, -0.00000000000000000, 33122.23213491495698690]
    [-0.00000000000000000, 0.00000000000000000, 0.54673715109388843, 2954.67384286224842072]
  #1389 objects/buildingsets/citysets/hightech/addon/large/ht_lrg_addon_tank_001_b.cgf
    [-0.05688445385293116, 0.09852714662982862, 0.00000000000000000, 2763.38647303268226096]
    [-0.09852714662982862, -0.05688445385293116, -0.00000000000000000, 32834.24157465892494656]
    [-0.00000000000000000, 0.00000000000000000, 0.11376923887045209, 2965.60661401785910130]
  #1390 objects/buildingsets/human/hightech/delta/int/garage/high_tech_garage_door_l.cga
    [0.14149860022617627, 0.52807226319203493, 0.00000000000000000, 2933.05198136353283189]
    [-0.52807226319203493, 0.14149860022617627, -0.00000000000000000, 33132.55125732306623831]
    [-0.00000000000000000, 0.00000000000000000, 0.54670116976162120, 2954.67384286224842072]
  #1391 objects/buildingsets/citysets/hightech/addon/greeble/orison_shipyard_greeble_d.cgf
    [0.73001544777414462, -0.42147355967803057, 0.00000000000000000, 2738.65601780078577576]
    [-0.42147355967803057, -0.73001544777414495, -0.00000000000000000, 32728.05416774971308769]
    [0.00000000000000000, 0.00000000000000000, -0.84294870276699263, 2950.19169977866113186]
  #1392 objects/buildingsets/citysets/hightech/addon/medium/ht_med_addon_panel_01_a.cgf
    [0.17959433193357319, 0.14864077925606853, 0.52485210937750915, 2935.30041258545679739]
    [0.04812272461998682, -0.55472863706562592, 0.14063528942978964, 33088.53548192818561802]
    [0.54336729875013734, 0.00000002206932654, -0.18592988110445602, 2941.73078563250601292]
  #1393 objects/buildingsets/citysets/hightech/addon/medium/ht_med_addon_panel_03_a.cgf
    [-0.39066753794071718, 0.10468049514906677, 0.00000000000000000, 2930.39717086930613732]
    [-0.10468049514906677, -0.39066753794071718, -0.00000000000000000, 33102.86032452808285598]
    [-0.00000000000000000, 0.00000000000000000, 0.40444917018744819, 2957.82236124388873577]
  #1394 objects/buildingsets/citysets/hightech/addon/large/ht_lrg_addon_antenna_002_a.cgf
    [0.22757567480376870, 0.39417492946096111, 0.00000000000000000, 2928.34306465275585651]
    [0.39417492946096111, -0.22757567480376892, 0.00000000000000000, 33053.81248403097561095]
    [0.00000000000000000, 0.00000000000000000, -0.45515333985146644, 2931.38665566965937614]
  #1395 objects/buildingsets/citysets/hightech/addon/medium/ht_med_addon_panel_06_a.cgf
    [0.49999912085378911, -0.61344173902061661, 0.61130484680208785, 2748.12864291176811093]
    [0.86602793424713442, 0.35416905032482426, -0.35293541143752805, 32727.57528644839112530]
    [0.00000005550323904, 0.70587323250729528, 0.70834065489750253, 2957.58660876564681530]
  #1396 objects/buildingsets/citysets/hightech/addon/medium/ht_med_addon_panel_02_a.cgf
    [0.57459633401730248, 0.15396407671640991, 0.00000000000000000, 2919.06248108464933466]
    [0.15396407671640991, -0.57459633401730281, 0.00000000000000000, 33133.03308797332283575]
    [0.00000000000000000, 0.00000000000000000, -0.59486627403582082, 2941.95249108225107193]
  #1397 objects/buildingsets/citysets/hightech/addon/medium/ht_med_addon_panel_06_a.cgf
    [0.49999912085378911, -0.61344173902061661, 0.61130484680208785, 2831.07982457193429582]
    [0.86602793424713442, 0.35416905032482426, -0.35293541143752805, 32871.25125066373584559]
    [0.00000005550323904, 0.70587323250729528, 0.70834065489750253, 2957.58660876564681530]
  #1398 objects/buildingsets/citysets/hightech/addon/greeble/orison_shipyard_greeble_c.cgf
    [-0.86602858170534047, 0.50000002850629788, 0.00000000000000000, 2748.76033150192233734]
    [0.50000002850629788, 0.86602858170533970, 0.00000000000000000, 32765.31231395924987737]
    [0.00000000000000000, 0.00000000000000000, -1.00000276641460473, 2950.19732079096138477]
  #1399 objects/buildingsets/citysets/hightech/struts/ht_connect_45_001.cgf
    [-0.49999979992249916, 0.86602788161840172, 0.00000000000000000, 692.54262540486524813]
    [-0.86602788161840172, -0.49999979992249916, -0.00000000000000000, 29250.42067121575746569]
    [-0.00000000000000000, 0.00000000000000000, 1.00000204582940455, 2946.48374926485121250]
  #1400 objects/buildingsets/human/shop/alpha/shippart/dumpersdepot/prop/prop_crate_dumper_pallet_05.cgf
    [-0.49999979992249916, 0.86602788161840172, 0.00000000000000000, 736.51811456990981242]
    [-0.86602788161840172, -0.49999979992249916, -0.00000000000000000, 29257.37975560466293246]
    [-0.00000000000000000, 0.00000000000000000, 1.00000204582940455, 2957.87664235383272171]
  #1401 objects/buildingsets/citysets/hightech/addon/greeble/orison_shipyard_greeble_d.cgf
    [0.23405054841699668, -0.87347809025089507, 0.00000000000000000, 644.86824675524985651]
    [-0.87347809025089507, -0.23405054841699688, -0.00000000000000000, 29257.84636100529314717]
    [0.00000000000000000, 0.00000000000000000, -0.90429178552204481, 2940.67123848572373390]
  #1402 objects/buildingsets/citysets/hightech/addon/medium/ht_med_addon_antenna_008_c.cgf
    [-0.33287473102683623, -0.00000010130439067, -0.08919461990106137, 494.09907510431366973]
    [-0.08919461990107017, 0.00000001786257921, 0.33287473102684884, 29207.85197629363028682]
    [-0.00000009322921699, 0.34461756597057419, -0.00000004347372082, 2958.73373408988118172]
  #1403 objects/buildingsets/citysets/hightech/addon/large/ht_lrg_addon_tank_002_a.cgf
    [-0.28586179029575598, 0.16709887296080556, 0.04527622229446335, 779.43469032063876512]
    [0.16504161502681367, 0.28942511891046857, -0.02613998190752948, 29225.48040551497979322]
    [-0.05228034964850688, 0.00000011616854915, -0.33008437988147854, 2947.62692958116531372]
  #1404 objects/buildingsets/citysets/hightech/addon/large/ht_lrg_addon_tank_002_a.cgf
    [0.23146900783799468, 0.13363789602370546, 0.00000000000000000, 828.05773998882796150]
    [-0.13363789602370546, 0.23146900783799468, -0.00000000000000000, 29193.32670678003341891]
    [-0.00000000000000000, 0.00000000000000000, 0.26727698898922886, 2956.85877029038965702]
  #1405 objects/buildingsets/citysets/hightech/addon/medium/ht_med_addon_antenna_003_a.cgf
    [-0.25882093033245346, 0.00000172430613807, -0.96592797175513878, 568.68289681198075414]
    [0.96592797175642731, -0.00000025831967977, -0.25882093033325965, 29240.20524634548928589]
    [-0.00000069580294148, -1.00000256029526557, -0.00000159869289790, 2954.63037577457726002]
  #1406 objects/buildingsets/citysets/hightech/addon/medium/ht_med_addon_panel_01_a.cgf
    [0.05091085312729055, -0.55472879663223806, -0.13964893452866792, 610.90081206389004365]
    [-0.19000170452712156, -0.14863963092367183, 0.52117500908030368, 29267.40118828889171709]
    [-0.53956020517161141, 0.00000012407319275, -0.19670425183341819, 2941.78585674427449703]
  #1407 objects/buildingsets/citysets/hightech/addon/medium/ht_med_addon_vent_001_a.cgf
    [-1.07743316305924997, 0.62205550780702024, 0.00000000000000000, 736.53618870540958596]
    [0.62205550780702024, 1.07743316305924997, 0.00000000000000000, 29238.40651148000324611]
    [0.00000000000000000, 0.00000000000000000, -1.24411224399284404, 2954.57907967083156109]
  #1408 objects/buildingsets/citysets/hightech/addon/medium/ht_med_addon_antenna_004_a.cgf
    [0.00000046180739718, 0.73032545721096931, -2.72563991737216460, 698.43508112020936096]
    [0.00000035839076581, -2.72563991737219569, -0.73032545721091657, 29262.13088195197633468]
    [-2.82178812681300073, -0.00000022665574060, -0.00000053882946413, 2944.97142920084297657]
  #1409 objects/buildingsets/human/shop/alpha/shippart/dumpersdepot/prop/prop_crate_dumper_cluster_02.cgf
    [0.49999981625050455, -0.86602856566571784, 0.00000000000000000, 752.30032001492509153]
    [0.86602856566571784, 0.49999981625050455, 0.00000000000000000, 29246.29842350916078431]
    [0.00000000000000000, 0.00000000000000000, 1.00000264639627745, 2957.87091234140098095]
  #1410 objects/buildingsets/human/hightech/delta/int/garage/high_tech_garage_door_l.cga
    [0.52807274599227705, -0.14149874102665586, 0.00000000000000000, 643.78026781084190588]
    [0.14149874102665586, 0.52807274599227705, 0.00000000000000000, 29285.92442092453347868]
    [0.00000000000000000, 0.00000000000000000, 0.54670167255273017, 2954.79884311556816101]
  #1411 objects/buildingsets/citysets/hightech/addon/containers/containers_01x02x02_a.cgf
    [0.50000154386190399, -0.86602755234838291, 0.00000000000000000, 730.17762421306542819]
    [0.86602755234838291, 0.50000154386190399, 0.00000000000000000, 29265.69556921406183392]
    [0.00000000000000000, 0.00000000000000000, 1.00000263264194400, 2957.87778835557401180]
  #1412 objects/buildingsets/citysets/hightech/addon/medium/ht_med_addon_panel_03_a.cgf
    [0.10468031185147927, 0.39066756946875963, 0.00000000000000000, 662.84286455803521676]
    [-0.39066756946875963, 0.10468031185147927, -0.00000000000000000, 29281.76883736266245251]
    [-0.00000000000000000, 0.00000000000000000, 0.40444915319969582, 2957.82236124388873577]
  #1413 objects/buildingsets/citysets/hightech/addon/containers/containers_01x02x03_a.cgf
    [0.50000154386190399, -0.86602755234838291, 0.00000000000000000, 716.73587506381591083]
    [0.86602755234838291, 0.50000154386190399, 0.00000000000000000, 29273.56035902043731767]
    [0.00000000000000000, 0.00000000000000000, 1.00000263264194400, 2957.87778835557401180]
  #1414 objects/buildingsets/citysets/hightech/addon/medium/ht_med_addon_panel_01_a.cgf
    [-0.04812225691307837, 0.55472868349832516, -0.14063489774289847, 677.50056795802811394]
    [0.17959432350836166, 0.14864025724374733, 0.52485216133634760, 29285.41373529652992147]
    [0.54336724756145771, -0.00000027646392059, -0.18592975191388272, 2941.73078563250601292]
  #1415 objects/buildingsets/citysets/hightech/addon/medium/ht_med_addon_panel_04_a.cgf
    [-0.10468032582188004, -0.39066753102542545, 0.00000000000000000, 624.07938138767349301]
    [0.39066753102542545, -0.10468032582188004, 0.00000000000000000, 29271.38209954129706603]
    [0.00000000000000000, 0.00000000000000000, 0.40444911968216302, 2957.83668327145278454]
  #1416 objects/buildingsets/citysets/hightech/addon/medium/ht_med_addon_panel_06_a.cgf
    [-0.86602827478885147, -0.50000099933752606, -0.00000000000000000, 869.98070703727717046]
    [0.50000099933752606, -0.86602827478885147, 0.00000000000000000, 29174.75171804813362542]
    [0.00000000000000000, -0.00000000000000000, 1.00000298603168081, 2957.85877231694757938]
  #1417 objects/buildingsets/citysets/hightech/addon/medium/ht_med_addon_panel_06_a.cgf
    [-0.86602827478885147, -0.50000099933752606, -0.00000000000000000, 867.16820900164020713]
    [0.50000099933752606, -0.86602827478885147, 0.00000000000000000, 29169.88031066708572325]
    [0.00000000000000000, -0.00000000000000000, 1.00000298603168081, 2957.85877231694757938]
  #1418 objects/buildingsets/citysets/hightech/addon/medium/ht_med_addon_tank_003_a.cgf
    [0.24596990346863792, 0.42603408196285364, 0.00000000000000000, 833.92723463870061096]
    [0.42603408196285364, -0.24596990346863787, 0.00000000000000000, 29193.33246514670463512]
    [0.00000000000000000, 0.00000000000000000, -0.49194128959287664, 2943.48156918026506901]
  #1419 objects/buildingsets/citysets/hightech/addon/large/ht_lrg_addon_tank_008_b_linemarking_a.cgf
    [-0.14013374526733632, -0.52297988038448928, 0.00000000000000000, 577.07470698741963133]
    [0.52297988038448928, -0.14013374526733632, 0.00000000000000000, 29233.70815266513454844]
    [0.00000000000000000, 0.00000000000000000, 0.54142905523219309, 2957.95035050250589848]
  #1420 objects/buildingsets/human/universal/prop/uee/forklift/forklift_machine_1_a.cgf
    [0.99254902073079587, 0.12186711793088525, 0.00000000000000000, 728.91087180635076948]
    [-0.12186711793088525, 0.99254902073079587, -0.00000000000000000, 29245.27077046509657521]
    [-0.00000000000000000, 0.00000000000000000, 1.00000257648990187, 2957.87669535353779793]
  #1421 objects/buildingsets/citysets/hightech/addon/medium/ht_med_addon_vent_001_a.cgf
    [-1.07743316305924997, 0.62205550780702024, 0.00000000000000000, 786.03660203277104301]
    [0.62205550780702024, 1.07743316305924997, 0.00000000000000000, 29230.95736250083064078]
    [0.00000000000000000, 0.00000000000000000, -1.24411224399284404, 2954.57907967083156109]
  #1422 objects/buildingsets/citysets/hightech/addon/medium/ht_med_addon_panel_01_a.cgf
    [0.49999722985093009, 0.64358495344034072, -0.57948389574078019, 578.59283910393423866]
    [0.86602723843866380, -0.37157120555801343, 0.33456250396418807, 29254.12709327716220287]
    [-0.00000013620515221, -0.66912902678159181, -0.74314652195554454, 2953.49285246990621090]
  #1423 objects/buildingsets/citysets/hightech/addon/medium/ht_med_addon_panel_02_a.cgf
    [-0.15396516607691429, 0.57459590534346527, 0.00000000000000000, 631.64211130876356037]
    [0.57459590534346527, 0.15396516607691377, 0.00000000000000000, 29269.54322748634876916]
    [0.00000000000000000, 0.00000000000000000, -0.59486614191981757, 2941.95249108225107193]
  #1424 objects/buildingsets/citysets/hightech/addon/medium/ht_med_addon_tank_003_a.cgf
    [0.24596990346863792, 0.42603408196285364, 0.00000000000000000, 851.03128509943780955]
    [0.42603408196285364, -0.24596990346863787, 0.00000000000000000, 29183.45747036911780015]
    [0.00000000000000000, 0.00000000000000000, -0.49194128959287664, 2943.48156918026506901]
  #1425 objects/buildingsets/citysets/hightech/addon/medium/ht_med_addon_window_01_a.cgf
    [0.20748009427194514, 0.77431699150239408, 0.00000000000000000, 640.73475543418317102]
    [-0.77431699150239408, 0.20748009427194514, -0.00000000000000000, 29276.34703218276990810]
    [-0.00000000000000000, 0.00000000000000000, 0.80163257970744539, 2958.80037322454154491]
  #1426 objects/buildingsets/citysets/hightech/addon/large/ht_lrg_addon_tank_008_c.cgf
    [0.13691844254936508, -0.47430152183378549, 0.23714945846322708, 763.74728850206884090]
    [0.23715125051064515, 0.27383667679752788, 0.41075688429424279, 29221.71622327845034306]
    [-0.47430062581076565, 0.00000017851533996, 0.27383822875718911, 2952.58569763042032719]
  #1427 objects/buildingsets/citysets/hightech/addon/medium/ht_med_addon_panel_06_a.cgf
    [-0.96592780455693483, 0.00000070674958634, -0.25882091912852639, 651.78631480393960373]
    [-0.25882091912919447, -0.00000112301211817, 0.96592780455636129, 29271.26073187988004065]
    [0.00000039200910858, 1.00000239589385642, 0.00000126766716952, 2939.73373358510434628]
  #1428 objects/buildingsets/citysets/hightech/addon/greeble/orison_shipyard_greeble_c.cgf
    [0.43867157144158125, 0.75980706983778246, 0.00000000000000000, 718.73519005977141205]
    [0.75980706983778246, -0.43867157144158164, 0.00000000000000000, 29259.47500647498236503]
    [0.00000000000000000, 0.00000000000000000, -0.87734801017982811, 2940.73373861238360405]
  #1429 objects/buildingsets/citysets/hightech/addon/medium/ht_med_addon_panel_01_a.cgf
    [0.86602860114912728, -0.00000018470780879, 0.49999948683917345, 710.82462235254934058]
    [-0.49999948683917644, 0.00000003256875493, 0.86602860114914482, 29287.41379204573604511]
    [-0.00000017624616335, -1.00000251242071903, -0.00000006414817521, 2951.30401703342795372]
  #1430 objects/buildingsets/human/universal/prop/uee/forklift/forklift_machine_1_a.cgf
    [0.99254902073079587, 0.12186711793088525, 0.00000000000000000, 725.02835284778848290]
    [-0.12186711793088525, 0.99254902073079587, -0.00000000000000000, 29247.58319711632429971]
    [-0.00000000000000000, 0.00000000000000000, 1.00000257648990187, 2957.87669535353779793]
  #1431 objects/buildingsets/citysets/hightech/addon/large/ht_lrg_addon_antenna_001_a.cgf
    [-0.16877107577858888, 0.04522239565257977, 0.00000000000000000, 491.32203115498850821]
    [-0.04522239565257977, -0.16877107577858888, -0.00000000000000000, 29207.10785369395307498]
    [-0.00000000000000000, 0.00000000000000000, 0.17472475808545460, 2958.73373208940029144]
  #1432 objects/buildingsets/citysets/hightech/addon/containers/containers_01x04x02_a.cgf
    [0.50000154386190399, -0.86602755234838291, 0.00000000000000000, 740.62877901280444348]
    [0.86602755234838291, 0.50000154386190399, 0.00000000000000000, 29254.23325627923986758]
    [0.00000000000000000, 0.00000000000000000, 1.00000263264194400, 2957.87778835557401180]
  #1433 objects/buildingsets/human/hightech/delta/int/garage/high_tech_garage_door_l.cga
    [0.52807274599227705, -0.14149874102665586, 0.00000000000000000, 633.46115929652296472]
    [0.14149874102665586, 0.52807274599227705, 0.00000000000000000, 29283.15939240758598316]
    [0.00000000000000000, 0.00000000000000000, 0.54670167255273017, 2954.79884311556816101]
  #1434 objects/buildingsets/human/hightech/delta/int/light/light_fixture/light_decal_capsule_a.cgf
    [0.51764047061623930, 1.93185521383107850, 0.00000000000000000, -3138.76238602499506669]
    [-1.93185521383107850, 0.51764047061623930, -0.00000000000000000, 36489.29757887246523751]
    [-0.00000000000000000, 0.00000000000000000, 2.00000405600241793, 1951.48375939764082432]
  #1435 objects/buildingsets/human/hightech/delta/int/light/light_fixture/light_decal_capsule_a.cgf
    [0.51764047061623930, 1.93185521383107850, 0.00000000000000000, -2890.29398886909621069]
    [-1.93185521383107850, 0.51764047061623930, -0.00000000000000000, 35562.00669874320738018]
    [-0.00000000000000000, 0.00000000000000000, 2.00000405600241793, 1951.48375939764082432]
  #1436 objects/buildingsets/human/hightech/delta/int/light/light_fixture/light_decal_capsule_a.cgf
    [0.51764047061623930, 1.93185521383107850, 0.00000000000000000, -1890.29787863417732297]
    [-1.93185521383107850, 0.51764047061623930, -0.00000000000000000, 37294.05979412350279745]
    [-0.00000000000000000, 0.00000000000000000, 2.00000405600241793, 1951.48375939764082432]
  #1437 objects/buildingsets/human/hightech/delta/int/light/light_fixture/light_decal_capsule_a.cgf
    [-0.99999916531359179, 1.73205608416826840, 0.00000000000000000, -2133.64286488260404440]
    [-1.73205608416826840, -0.99999916531359179, -0.00000000000000000, 35424.40991272244718857]
    [-0.00000000000000000, 0.00000000000000000, 2.00000415232873774, 1951.48375939764082432]
  #1438 objects/buildingsets/citysets/hightech/struts/ht_strut_45_4000m_001.cgf
    [-0.86602837090970930, -0.49999990680382367, -0.00000000000000000, -1626.51277583054616116]
    [0.49999990680382367, -0.86602837090970930, 0.00000000000000000, 36304.79089834433398210]
    [0.00000000000000000, -0.00000000000000000, 1.00000252300899595, 1936.48372899927198887]
  #1439 objects/buildingsets/citysets/hightech/background/plates/habitation_plate_thruster_a.cgf
    [0.45928079000215383, 0.37500040870517926, 0.45928076026883941, -1594.86790515485336073]
    [-0.26516555062779051, 0.64952110113379646, -0.26516511325847214, 36369.65938728122273460]
    [-0.53033136249182478, -0.00000025732075515, 0.53033160692596437, 1938.15985239669680595]
  #1440 objects/buildingsets/citysets/hightech/background/plates/habitation_plate_thruster_a.cgf
    [-0.45928048526387605, -0.37500142079020443, -0.45928071676524534, -1086.19926086178020341]
    [0.26516700704899432, -0.64952085488846245, 0.26516508814120016, 37230.68322848294337746]
    [-0.53033131225654406, -0.00000125693409807, 0.53033207122515535, 1938.15985239669680595]
  #1441 objects/buildingsets/human/hightech/delta/int/light/light_fixture/light_decal_capsule_a.cgf
    [0.51764047061623930, 1.93185521383107850, 0.00000000000000000, -2138.76627579006162705]
    [-1.93185521383107850, 0.51764047061623930, -0.00000000000000000, 38221.35067425276065478]
    [-0.00000000000000000, 0.00000000000000000, 2.00000405600241793, 1951.48375939764082432]
  #1442 objects/buildingsets/human/hightech/delta/int/light/light_fixture/light_decal_capsule_a.cgf
    [0.51764047061623930, 1.93185521383107850, 0.00000000000000000, -890.30173057461070130]
    [-1.93185521383107850, 0.51764047061623930, -0.00000000000000000, 39026.11290821999864420]
    [-0.00000000000000000, 0.00000000000000000, 2.00000405600241793, 1951.48375939764082432]
  #1443 objects/buildingsets/human/hightech/delta/int/light/light_fixture/light_decal_capsule_a.cgf
    [-0.99999916531359179, 1.73205608416826840, 0.00000000000000000, -1613.64674650268716505]
    [-1.73205608416826840, -0.99999916531359179, -0.00000000000000000, 36325.07558437452826183]
    [-0.00000000000000000, 0.00000000000000000, 2.00000415232873774, 1951.48375939764082432]
  #1444 objects/buildingsets/human/hightech/delta/int/light/light_fixture/light_decal_capsule_a.cgf
    [0.51764047061623930, 1.93185521383107850, 0.00000000000000000, -625.26877338871418033]
    [-1.93185521383107850, 0.51764047061623930, -0.00000000000000000, 38037.00263526252092561]
    [-0.00000000000000000, 0.00000000000000000, 2.00000405600241793, 1951.48375939764082432]
  #1445 objects/buildingsets/human/hightech/delta/int/light/light_fixture/light_decal_capsule_a.cgf
    [0.51764047061623930, 1.93185521383107850, 0.00000000000000000, -1625.26492144826625008]
    [-1.93185521383107850, 0.51764047061623930, -0.00000000000000000, 36304.94952116603235481]
    [-0.00000000000000000, 0.00000000000000000, 2.00000405600241793, 1951.48375939764082432]
  #1446 objects/buildingsets/citysets/hightech/background/plates/habitation_plate_thruster_a.cgf
    [-0.45928048526387605, -0.37500142079020443, -0.45928071676524534, -1586.19931877809722209]
    [0.26516700704899432, -0.64952085488846245, 0.26516508814120016, 36364.65459583779738750]
    [-0.53033131225654406, -0.00000125693409807, 0.53033207122515535, 1938.15985239669680595]
  #1447 objects/buildingsets/human/hightech/delta/int/light/light_fixture/light_decal_capsule_a.cgf
    [-0.99999916531359179, 1.73205608416826840, 0.00000000000000000, -1133.64671682303742273]
    [-1.73205608416826840, -0.99999916531359179, -0.00000000000000000, 37156.46302681895031128]
    [-0.00000000000000000, 0.00000000000000000, 2.00000415232873774, 1951.48375939764082432]
  #1448 objects/buildingsets/citysets/hightech/background/plates/habitation_plate_thruster_a.cgf
    [0.45928079000215383, 0.37500040870517926, 0.45928076026883941, -1094.86784673855436267]
    [-0.26516555062779051, 0.64952110113379646, -0.26516511325847214, 37235.68802079240413150]
    [-0.53033136249182478, -0.00000025732075515, 0.53033160692596437, 1938.15985239669680595]
  #1449 objects/buildingsets/human/hightech/delta/int/light/light_fixture/light_decal_capsule_a.cgf
    [0.51764047061623930, 1.93185521383107850, 0.00000000000000000, -1138.77012773049500538]
    [-1.93185521383107850, 0.51764047061623930, -0.00000000000000000, 39953.40378834925650153]
    [-0.00000000000000000, 0.00000000000000000, 2.00000405600241793, 1951.48375939764082432]
  #1450 objects/buildingsets/citysets/hightech/struts/ht_strut_45_2000m_001.cgf
    [-0.25882138913585173, -0.96592752148819738, 0.00000000000000000, 494.43153523776709335]
    [0.96592752148819738, -0.25882138913585173, 0.00000000000000000, 34309.43112991314410465]
    [0.00000000000000000, 0.00000000000000000, 1.00000224411875349, 4936.48372899927198887]
  #1451 objects/buildingsets/citysets/hightech/background/plates/habitation_plate_thruster_a.cgf
    [0.13725966535419326, 0.72444594742934609, 0.13726026614246042, 562.67675161073566414]
    [-0.51226104314803911, 0.19411490513181556, -0.51226024091275746, 34332.92378367492347024]
    [-0.53033096749217368, -0.00000055716537609, 0.53033158689630377, 4938.15985239669680595]
  #1452 objects/buildingsets/human/hightech/delta/int/light/light_fixture/light_decal_capsule_a.cgf
    [-1.93185562376505793, 0.51764148067723081, 0.00000000000000000, 517.61379827523342101]
    [-0.51764148067723081, -1.93185562376505793, -0.00000000000000000, 34315.64284392810805002]
    [-0.00000000000000000, 0.00000000000000000, 2.00000471339204422, 4951.48375939764082432]
  #1453 objects/buildingsets/human/hightech/delta/int/light/light_fixture/light_decal_capsule_a.cgf
    [-1.00000102403172364, 1.73205486915745355, 0.00000000000000000, 1459.33520896880509099]
    [-1.73205486915745355, -1.00000102403172364, -0.00000000000000000, 34567.97817786615632940]
    [-0.00000000000000000, 0.00000000000000000, 2.00000402945507449, 4951.48375939764082432]
  #1454 objects/buildingsets/human/hightech/delta/int/light/light_fixture/light_decal_capsule_a.cgf
    [-1.00000102403172364, 1.73205486915745355, 0.00000000000000000, 1939.33477199271874269]
    [-1.73205486915745355, -1.00000102403172364, -0.00000000000000000, 35399.36531342651142040]
    [-0.00000000000000000, 0.00000000000000000, 2.00000402945507449, 4951.48375939764082432]
  #1455 objects/buildingsets/citysets/hightech/struts/ht_connect_ring_addon_001.cgf
    [-0.25882138913585173, -0.96592752148819738, 0.00000000000000000, 494.43153523776709335]
    [0.96592752148819738, -0.25882138913585173, 0.00000000000000000, 34309.43112991314410465]
    [0.00000000000000000, 0.00000000000000000, 1.00000224411875349, 4936.48372899927198887]
  #1456 objects/buildingsets/human/hightech/delta/int/light/light_fixture/light_decal_capsule_a.cgf
    [-0.99999916531359179, 1.73205608416826840, 0.00000000000000000, 2179.46073258953401819]
    [-1.73205608416826840, -0.99999916531359179, -0.00000000000000000, 35813.78361434306862066]
    [-0.00000000000000000, 0.00000000000000000, 2.00000415232873774, 4951.48375939764082432]
  #1457 objects/buildingsets/human/hightech/delta/int/light/light_fixture/light_decal_capsule_a.cgf
    [1.73205522655718269, 1.00000000350249363, 0.00000000000000000, 1016.11099537916743429]
    [-1.00000000350249363, 1.73205522655718269, -0.00000000000000000, 34638.55572204319469165]
    [-0.00000000000000000, 0.00000000000000000, 2.00000382870859550, 2951.48375939764082432]
  #1458 objects/buildingsets/citysets/hightech/background/plates/habitation_plate_thruster_a.cgf
    [-0.45928048526387605, -0.37500142079020443, -0.45928071676524534, -2086.19540892136137700]
    [0.26516700704899432, -0.64952085488846245, 0.26516508814120016, 35498.63011438644753071]
    [-0.53033131225654406, -0.00000125693409807, 0.53033207122515535, 1938.15985239669680595]
  #1459 objects/buildingsets/citysets/hightech/background/plates/habitation_plate_thruster_a.cgf
    [-0.13725945180508325, -0.72444657270072998, -0.13726024126097791, 565.26744729402707890]
    [0.51226202027623247, -0.19411473653506114, 0.51226014805089459, 34323.25525021775683854]
    [-0.53033087135426005, -0.00000088184922036, 0.53033247545906637, 4938.15985239669680595]
  #1460 objects/buildingsets/citysets/hightech/struts/ht_strut_45_2000m_001.cgf
    [-0.86602837090970930, -0.49999990680382367, -0.00000000000000000, 2167.46073184754641261]
    [0.49999990680382367, -0.86602837090970930, 0.00000000000000000, 35792.99892828196607297]
    [0.00000000000000000, -0.00000000000000000, 1.00000252300899595, 4936.48372899927198887]
  #1461 objects/buildingsets/human/hightech/delta/int/light/light_fixture/light_decal_capsule_a.cgf
    [0.51764530541086995, 1.93185402690005015, 0.00000000000000000, 2296.18449078682897380]
    [-1.93185402690005015, 0.51764530541086995, -0.00000000000000000, 38048.49115526645618957]
    [-0.00000000000000000, 0.00000000000000000, 2.00000416086163524, 4951.48375939764082432]
  #1462 objects/buildingsets/human/hightech/delta/int/light/light_fixture/light_decal_capsule_a.cgf
    [0.51764530541086995, 1.93185402690005015, 0.00000000000000000, 1778.54208916327479528]
    [-1.93185402690005015, 0.51764530541086995, -0.00000000000000000, 39980.34176217037020251]
    [-0.00000000000000000, 0.00000000000000000, 2.00000416086163524, 4951.48375939764082432]
  #1463 objects/buildingsets/citysets/hightech/background/plates/habitation_plate_thruster_a.cgf
    [-0.51226110613294706, 0.19411507164136896, -0.51226036352055493, 1769.96372227053507231]
    [-0.13725960252894132, -0.72444607866295541, -0.13726056444791251, 40027.73657577719131950]
    [-0.53033116312936213, -0.00000079291051658, 0.53033163147442419, 4938.15985239669680595]
  #1464 objects/buildingsets/citysets/hightech/background/plates/habitation_plate_thruster_a.cgf
    [0.45928079000215383, 0.37500040870517926, 0.45928076026883941, -2094.86399479812098434]
    [-0.26516555062779051, 0.64952110113379646, -0.26516511325847214, 35503.63490669590828475]
    [-0.53033136249182478, -0.00000025732075515, 0.53033160692596437, 1938.15985239669680595]
  #1465 objects/buildingsets/human/hightech/delta/int/light/light_fixture/light_decal_capsule_a.cgf
    [-0.51764443658030213, -1.93185641772259897, 0.00000000000000000, 3710.53241036626423011]
    [1.93185641772259897, -0.51764443658030213, 0.00000000000000000, 40489.73705390693794470]
    [0.00000000000000000, 0.00000000000000000, 2.00000624534488169, 4951.48375939764082432]
  #1466 objects/buildingsets/citysets/hightech/background/plates/habitation_plate_thruster_a.cgf
    [-0.51226110613294706, 0.19411507164136896, -0.51226036352055493, 3480.30961012177431257]
    [-0.13725960252894132, -0.72444607866295541, -0.13726056444791251, 41372.22322417794202920]
    [-0.53033116312936213, -0.00000079291051658, 0.53033163147442419, 4938.15985239669680595]
  #1467 objects/buildingsets/human/hightech/delta/int/light/light_fixture/light_decal_capsule_a.cgf
    [0.51764047061623930, 1.93185521383107850, 0.00000000000000000, 2666.93072673107235460]
    [-1.93185521383107850, 0.51764047061623930, -0.00000000000000000, 36658.10946150647941977]
    [-0.00000000000000000, 0.00000000000000000, 2.00000405600241793, 4951.48375939764082432]
  #1468 objects/buildingsets/human/hightech/delta/int/light/light_fixture/light_decal_capsule_a.cgf
    [-1.73205550524654583, -0.99999905420550916, -0.00000000000000000, 3973.69182627758709714]
    [0.99999905420550916, -1.73205550524654583, 0.00000000000000000, 39507.62476668622548459]
    [0.00000000000000000, -0.00000000000000000, 2.00000359541346295, 4951.48375939764082432]
  #1469 objects/buildingsets/citysets/hightech/background/plates/habitation_plate_thruster_a.cgf
    [0.45928079000215383, 0.37500040870517926, 0.45928076026883941, 2199.10560252325376496]
    [-0.26516555062779051, 0.64952110113379646, -0.26516511325847214, 35857.86741721884754952]
    [-0.53033136249182478, -0.00000025732075515, 0.53033160692596437, 4938.15985239669680595]
  #1470 objects/buildingsets/human/hightech/delta/int/light/light_fixture/light_decal_capsule_a.cgf
    [-0.51764443658030213, -1.93185641772259897, 0.00000000000000000, 3462.06268606118828757]
    [1.93185641772259897, -0.51764443658030213, 0.00000000000000000, 41417.02733686072315322]
    [0.00000000000000000, 0.00000000000000000, 2.00000624534488169, 4951.48375939764082432]
  #1471 objects/buildingsets/citysets/hightech/struts/ht_strut_straight_2000m_001.cgf
    [-0.96592722813299714, 0.25882206158666005, 0.00000000000000000, 1783.78789169714582385]
    [-0.25882206158666005, -0.96592722813299714, -0.00000000000000000, 39956.90068536488979589]
    [-0.00000000000000000, 0.00000000000000000, 1.00000213480405309, 4936.48372899927198887]
  #1472 objects/buildingsets/citysets/hightech/background/plates/habitation_plate_thruster_a.cgf
    [-0.45928048526387605, -0.37500142079020443, -0.45928071676524534, 2207.77418890002445551]
    [0.26516700704899432, -0.64952085488846245, 0.26516508814120016, 35852.86262577542220242]
    [-0.53033131225654406, -0.00000125693409807, 0.53033207122515535, 4938.15985239669680595]
  #1473 objects/buildingsets/human/hightech/delta/int/light/light_fixture/light_decal_capsule_a.cgf
    [0.51764047061623930, 1.93185521383107850, 0.00000000000000000, 2418.46232957518805051]
    [-1.93185521383107850, 0.51764047061623930, -0.00000000000000000, 37585.40034163573000114]
    [-0.00000000000000000, 0.00000000000000000, 2.00000405600241793, 4951.48375939764082432]
  #1474 objects/buildingsets/human/hightech/delta/int/light/light_fixture/light_decal_capsule_a.cgf
    [1.73205522655718269, 1.00000000350249363, 0.00000000000000000, 1496.10987655680946773]
    [-1.00000000350249363, 1.73205522655718269, -0.00000000000000000, 35469.94306950084865093]
    [-0.00000000000000000, 0.00000000000000000, 2.00000382870859550, 2951.48375939764082432]
  #1475 objects/buildingsets/citysets/hightech/background/plates/habitation_plate_thruster_a.cgf
    [0.51226126188631727, -0.19411586472731443, 0.51226031712332409, 1760.29519227818673244]
    [0.13726073655301821, 0.72444615598997308, 0.13726055201607695, 40025.14587350453803083]
    [-0.53033111509607322, -0.00000004686351722, 0.53033207542862892, 4938.15985239669680595]
  #1476 objects/buildingsets/human/hightech/delta/int/light/light_fixture/light_decal_capsule_a.cgf
    [-1.73205550524654583, -0.99999905420550916, -0.00000000000000000, 3013.69467765637091361]
    [0.99999905420550916, -1.73205550524654583, 0.00000000000000000, 37844.84917739311640617]
    [0.00000000000000000, -0.00000000000000000, 2.00000359541346295, 4951.48375939764082432]
  #1477 objects/buildingsets/human/hightech/delta/int/light/light_fixture/light_decal_capsule_a.cgf
    [-1.73205550524654583, -0.99999905420550916, -0.00000000000000000, 3493.69325479541294044]
    [0.99999905420550916, -1.73205550524654583, 0.00000000000000000, 38676.23697693865688052]
    [0.00000000000000000, -0.00000000000000000, 2.00000359541346295, 4951.48375939764082432]
  #1478 objects/buildingsets/human/hightech/delta/int/light/light_fixture/light_decal_capsule_a.cgf
    [0.51764530541086995, 1.93185402690005015, 0.00000000000000000, 2047.71529821576405084]
    [-1.93185402690005015, 0.51764530541086995, -0.00000000000000000, 38975.78134446181502426]
    [-0.00000000000000000, 0.00000000000000000, 2.00000416086163524, 4951.48375939764082432]
  #1479 objects/buildingsets/human/hightech/delta/int/light/light_fixture/light_decal_capsule_a.cgf
    [0.51764530541086995, 1.93185402690005015, 0.00000000000000000, 1530.07289659219532041]
    [-1.93185402690005015, 0.51764530541086995, -0.00000000000000000, 40907.63195136572903721]
    [-0.00000000000000000, 0.00000000000000000, 2.00000416086163524, 4951.48375939764082432]
  #1480 objects/buildingsets/citysets/hightech/background/plates/habitation_plate_thruster_a.cgf
    [-0.51226110613294706, 0.19411507164136896, -0.51226036352055493, 2287.60612389410380274]
    [-0.13725960252894132, -0.72444607866295541, -0.13726056444791251, 38095.88596887326275464]
    [-0.53033116312936213, -0.00000079291051658, 0.53033163147442419, 4938.15985239669680595]
  #1481 objects/buildingsets/citysets/hightech/struts/ht_strut_45_4000m_flip_001.cgf
    [0.96592724926592088, -0.25882259496925547, 0.00000000000000000, 3456.81687033164052991]
    [0.25882259496925547, 0.96592724926592088, 0.00000000000000000, 41440.46841656405013055]
    [0.00000000000000000, 0.00000000000000000, 1.00000229326789425, 4936.48372899927198887]
  #1482 objects/buildingsets/citysets/hightech/background/plates/habitation_plate_thruster_a.cgf
    [-0.51226110613294706, 0.19411507164136896, -0.51226036352055493, 3739.13225384150427999]
    [-0.13725960252894132, -0.72444607866295541, -0.13726056444791251, 40406.29579297507734736]
    [-0.53033116312936213, -0.00000079291051658, 0.53033163147442419, 4938.15985239669680595]
  #1483 objects/buildingsets/citysets/hightech/background/plates/habitation_plate_thruster_a.cgf
    [0.51226126188631727, -0.19411586472731443, 0.51226031712332409, 3470.64107915182830766]
    [0.13726073655301821, 0.72444615598997308, 0.13726055201607695, 41369.63251636110362597]
    [-0.53033111509607322, -0.00000004686351722, 0.53033207542862892, 4938.15985239669680595]
  #1484 objects/buildingsets/citysets/hightech/background/plates/habitation_plate_thruster_a.cgf
    [0.51226126188631727, -0.19411586472731443, 0.51226031712332409, 3729.46372261273791082]
    [0.13726073655301821, 0.72444615598997308, 0.13726055201607695, 40403.70508612415869720]
    [-0.53033111509607322, -0.00000004686351722, 0.53033207542862892, 4938.15985239669680595]
  #1485 objects/buildingsets/citysets/hightech/struts/ht_strut_straight_2000m_001.cgf
    [-0.96592722813299714, 0.25882206158666005, 0.00000000000000000, 2301.43029332068545045]
    [-0.25882206158666005, -0.96592722813299714, -0.00000000000000000, 38025.05007846097578295]
    [-0.00000000000000000, 0.00000000000000000, 1.00000213480405309, 4936.48372899927198887]
  #1486 objects/buildingsets/citysets/hightech/background/plates/habitation_plate_thruster_a.cgf
    [0.51226126188631727, -0.19411586472731443, 0.51226031712332409, 2277.93759390174091095]
    [0.13726073655301821, 0.72444615598997308, 0.13726055201607695, 38093.29526660060946597]
    [-0.53033111509607322, -0.00000004686351722, 0.53033207542862892, 4938.15985239669680595]
  #1487 objects/buildingsets/human/hightech/delta/int/light/light_fixture/light_decal_capsule_a.cgf
    [0.51764047061623930, 1.93185521383107850, 0.00000000000000000, 2650.64420739509660052]
    [-1.93185521383107850, 0.51764047061623930, -0.00000000000000000, 33999.62228808550571557]
    [-0.00000000000000000, 0.00000000000000000, 2.00000405600241793, 2951.48375939764082432]
  #1488 objects/buildingsets/citysets/hightech/background/plates/habitation_plate_thruster_a.cgf
    [-0.45928048526387605, -0.37500142079020443, -0.45928071676524534, 2573.92562819307931932]
    [0.26516700704899432, -0.64952085488846245, 0.26516508814120016, 34499.13572240419307491]
    [-0.53033131225654406, -0.00000125693409807, 0.53033207122515535, 2938.15985239669680595]
  #1489 objects/buildingsets/human/hightech/delta/int/light/light_fixture/light_decal_capsule_a.cgf
    [-0.99999916531359179, 1.73205608416826840, 0.00000000000000000, 2546.47820046846027253]
    [-1.73205608416826840, -0.99999916531359179, -0.00000000000000000, 34459.55671094093850115]
    [-0.00000000000000000, 0.00000000000000000, 2.00000415232873774, 2951.48375939764082432]
  #1490 objects/buildingsets/citysets/hightech/struts/ht_strut_straight_2000m_001.cgf
    [-0.86602837090970930, -0.49999990680382367, -0.00000000000000000, 2533.61217114060127642]
    [0.49999990680382367, -0.86602837090970930, 0.00000000000000000, 34439.27202491075149737]
    [0.00000000000000000, -0.00000000000000000, 1.00000252300899595, 2936.48372899927198887]
  #1491 objects/buildingsets/human/hightech/delta/int/light/light_fixture/light_decal_capsule_a.cgf
    [-0.99999916531359179, 1.73205608416826840, 0.00000000000000000, 3026.47823014812456677]
    [-1.73205608416826840, -0.99999916531359179, -0.00000000000000000, 35290.94415338536055060]
    [-0.00000000000000000, 0.00000000000000000, 2.00000415232873774, 2951.48375939764082432]
  #1492 objects/buildingsets/citysets/hightech/background/plates/habitation_plate_thruster_a.cgf
    [0.45928079000215383, 0.37500040870517926, 0.45928076026883941, 2565.25704181630862877]
    [-0.26516555062779051, 0.64952110113379646, -0.26516511325847214, 34504.14051384763297392]
    [-0.53033136249182478, -0.00000025732075515, 0.53033160692596437, 2938.15985239669680595]
  #1493 objects/buildingsets/citysets/hightech/struts/ht_connect_strut_addon_001_b.cgf
    [-0.96592722813299714, 0.25882206158666005, 0.00000000000000000, 2533.61217114060127642]
    [-0.25882206158666005, -0.96592722813299714, -0.00000000000000000, 34439.27202491075149737]
    [-0.00000000000000000, 0.00000000000000000, 1.00000213480405309, 2936.48372899927198887]
  #1494 objects/buildingsets/citysets/hightech/struts/ht_connect_ring_addon_001.cgf
    [0.96592724926592088, -0.25882259496925547, 0.00000000000000000, 1266.14489779347059084]
    [0.25882259496925547, 0.96592724926592088, 0.00000000000000000, 41888.75101997989258962]
    [0.00000000000000000, 0.00000000000000000, 1.00000229326789425, 4936.48372899927198887]
  #1495 objects/buildingsets/citysets/hightech/struts/ht_connect_ring_addon_001.cgf
    [0.96592724926592088, -0.25882259496925547, 0.00000000000000000, 3456.81687033164052991]
    [0.25882259496925547, 0.96592724926592088, 0.00000000000000000, 41440.46841656405013055]
    [0.00000000000000000, 0.00000000000000000, 1.00000229326789425, 4936.48372899927198887]
  #1496 objects/buildingsets/citysets/hightech/struts/ht_connect_strut_addon_001_a.cgf
    [-0.86602837090970930, -0.49999990680382367, -0.00000000000000000, -1626.51277583054616116]
    [0.49999990680382367, -0.86602837090970930, 0.00000000000000000, 36304.79089834433398210]
    [0.00000000000000000, -0.00000000000000000, 1.00000252300899595, 1936.48372899927198887]
  #1497 objects/buildingsets/citysets/hightech/addon/medium/ht_med_addon_tank_003_a.cgf
    [0.42603433815384112, -0.24596955885380106, 0.00000000000000000, 3897.81017486463679234]
    [-0.24596955885380106, -0.42603433815384134, -0.00000000000000000, 39333.34989049877185607]
    [0.00000000000000000, 0.00000000000000000, -0.49194133915428895, 4943.48156918026506901]
  #1498 objects/buildingsets/human/universal/prop/uee/forklift/forklift_machine_1_a.cgf
    [-0.12186724770785878, 0.99254845154636362, 0.00000000000000000, 3964.84208095138455974]
    [-0.99254845154636362, -0.12186724770785878, -0.00000000000000000, 39464.46956929418229265]
    [-0.00000000000000000, 0.00000000000000000, 1.00000202736343113, 4957.87669535353779793]
  #1499 objects/buildingsets/citysets/hightech/addon/medium/ht_med_addon_vent_003_a.cgf
    [0.63958719128597796, 0.17137975877440204, 0.00000000000000000, 3998.70052505205239868]
    [0.17137975877440204, -0.63958719128597796, 0.00000000000000000, 39590.22921642801520647]
    [0.00000000000000000, 0.00000000000000000, -0.66215013174857740, 4937.76150758937001228]
  #1500 objects/buildingsets/citysets/hightech/addon/medium/ht_med_addon_vent_001_a.cgf
    [0.32200303648946643, -1.20172097196090166, 0.00000000000000000, 4002.36956953450862784]
    [-1.20172097196090166, -0.32200303648946715, -0.00000000000000000, 39565.25371513404388679]
    [0.00000000000000000, 0.00000000000000000, -1.24411384123764623, 4953.31388710625469685]
  #1501 objects/buildingsets/citysets/hightech/struts/ht_connect_45_001.cgf
    [-0.86602837090970930, -0.49999990680382367, -0.00000000000000000, 3974.46090800303500146]
    [0.49999990680382367, -0.86602837090970930, 0.00000000000000000, 39508.61798929420911008]
    [0.00000000000000000, -0.00000000000000000, 1.00000252300899595, 4946.48374926485121250]
  #1502 objects/buildingsets/citysets/hightech/addon/medium/ht_med_addon_vent_001_a.cgf
    [0.62205353582404332, 1.07743461077643765, 0.00000000000000000, 3939.15018705208058236]
    [1.07743461077643765, -0.62205353582404332, 0.00000000000000000, 39424.27342454818426631]
    [0.00000000000000000, 0.00000000000000000, -1.24411251176498028, 4954.57907967083156109]
  #1503 objects/buildingsets/citysets/hightech/addon/large/ht_lrg_addon_building_001_a.cgf
    [0.04410759761019485, 0.16460939441625885, 0.00000000000000000, 4002.55672895630414132]
    [-0.16460939441625885, 0.04410759761019485, -0.00000000000000000, 39558.24243173001741525]
    [-0.00000000000000000, 0.00000000000000000, 0.17041635161283769, 4955.92384539544582367]
  #1504 objects/buildingsets/citysets/hightech/addon/medium/ht_med_addon_vent_001_a.cgf
    [0.62205353582404332, 1.07743461077643765, 0.00000000000000000, 3962.44674635858245892]
    [1.07743461077643765, -0.62205353582404332, 0.00000000000000000, 39464.62439267733861925]
    [0.00000000000000000, 0.00000000000000000, -1.24411251176498028, 4954.57907967083156109]
  #1505 objects/buildingsets/citysets/hightech/addon/medium/ht_med_addon_panel_04_a.cgf
    [0.39066754091899319, -0.10468057031936717, 0.00000000000000000, 3995.42234091999853263]
    [0.10468057031936717, 0.39066754091899319, 0.00000000000000000, 39577.08128550306719262]
    [0.00000000000000000, 0.00000000000000000, 0.40444919252000144, 4957.83668327145278454]
  #1506 objects/buildingsets/citysets/hightech/addon/large/ht_lrg_addon_tank_002_b.cgf
    [0.13363806049053872, -0.23146926011569235, 0.00000000000000000, 3927.17941681943193544]
    [0.23146926011569235, 0.13363806049053872, 0.00000000000000000, 39390.09857373348495457]
    [0.00000000000000000, 0.00000000000000000, 0.26727728970149883, 4956.85877029038965702]
  #1507 objects/buildingsets/citysets/hightech/addon/medium/ht_med_addon_antenna_008_c.cgf
    [-0.08919566713019890, 0.00000023234323123, 0.33287458484387039, 3931.89215243177022785]
    [0.33287458484393651, -0.00000004096810977, 0.08919566713024511, 39707.06167516033019638]
    [0.00000009970832153, 0.34461769581636198, -0.00000021382238836, 4958.73373408988118172]
  #1508 objects/buildingsets/citysets/hightech/addon/medium/ht_med_addon_antenna_003_a.cgf
    [0.96592770438603459, -0.00000003753882080, -0.25882198841388454, 3964.24545698396832449]
    [0.25882198841357312, -0.00000141794080654, 0.96592770438507813, 39632.47780498833162710]
    [-0.00000040325300730, -1.00000257588917285, -0.00000135990893300, 4954.63037577457726002]
  #1509 objects/buildingsets/citysets/hightech/addon/large/ht_lrg_addon_tank_008_b_linemarking_a.cgf
    [0.52297989362883757, -0.14013407257190202, 0.00000000000000000, 3957.74835992944281315]
    [0.14013407257190202, 0.52297989362883757, 0.00000000000000000, 39624.08598781820910517]
    [0.00000000000000000, 0.00000000000000000, 0.54142915273895009, 4957.95035050250589848]
  #1510 objects/buildingsets/human/shop/alpha/shippart/dumpersdepot/prop/prop_crate_dumper_cluster_01.cgf
    [-0.49999958265679589, 0.86602804208413420, 0.00000000000000000, 3991.71913364298961824]
    [-0.86602804208413420, -0.49999958265679589, -0.00000000000000000, 39480.27933979644149076]
    [-0.00000000000000000, 0.00000000000000000, 1.00000207616436887, 4957.87664235383272171]
  #1511 objects/buildingsets/human/shop/alpha/shippart/dumpersdepot/prop/prop_crate_dumper_cluster_02.cgf
    [0.86602867319254873, 0.49999887713978930, 0.00000000000000000, 3970.33866643398505403]
    [-0.49999887713978930, 0.86602867319254873, -0.00000000000000000, 39448.86025128456822131]
    [-0.00000000000000000, 0.00000000000000000, 1.00000226996377184, 4957.87091234140098095]
  #1512 objects/buildingsets/human/hightech/delta/int/garage/high_tech_garage_door_l.cga
    [0.14149860022617627, 0.52807226319203493, 0.00000000000000000, 4009.96467570835375227]
    [-0.52807226319203493, 0.14149860022617627, -0.00000000000000000, 39557.38038719027827028]
    [-0.00000000000000000, 0.00000000000000000, 0.54670116976162120, 4954.79884311556816101]
  #1513 objects/buildingsets/citysets/hightech/addon/medium/ht_med_addon_tank_003_a.cgf
    [0.42603433815384112, -0.24596955885380106, 0.00000000000000000, 3917.37268257424875628]
    [-0.24596955885380106, -0.42603433815384134, -0.00000000000000000, 39367.23327017967676511]
    [0.00000000000000000, 0.00000000000000000, -0.49194133915428895, 4943.48156918026506901]
  #1514 objects/buildingsets/citysets/hightech/addon/large/ht_lrg_addon_tank_003_c.cgf
    [0.16327506364906150, -0.09426633437956335, 0.00000000000000000, 3998.41807382234401302]
    [-0.09426633437956335, -0.16327506364906161, -0.00000000000000000, 39511.41902753318572650]
    [0.00000000000000000, 0.00000000000000000, -0.18853352011503091, 4940.00191412866115570]
  #1515 objects/buildingsets/citysets/hightech/addon/medium/ht_med_addon_vent_001_a.cgf
    [0.62205353582404332, 1.07743461077643765, 0.00000000000000000, 3954.99759957572678104]
    [1.07743461077643765, -0.62205353582404332, 0.00000000000000000, 39415.12394278627471067]
    [0.00000000000000000, 0.00000000000000000, -1.24411251176498028, 4954.57907967083156109]
  #1516 objects/buildingsets/citysets/hightech/addon/large/ht_lrg_addon_antenna_001_a.cgf
    [-0.19184437535290397, 0.71597101145212461, 0.00000000000000000, 3978.68055112979345722]
    [0.71597101145212461, 0.19184437535290397, 0.00000000000000000, 39580.50891193270945223]
    [0.00000000000000000, 0.00000000000000000, -0.74122786887321246, 4934.15357327647507191]
  #1517 objects/buildingsets/citysets/hightech/addon/large/ht_lrg_addon_tank_009_b.cgf
    [0.52297989362883757, -0.14013407257190202, 0.00000000000000000, 3957.74835992944281315]
    [0.14013407257190202, 0.52297989362883757, 0.00000000000000000, 39624.08598781820910517]
    [0.00000000000000000, 0.00000000000000000, 0.54142915273895009, 4958.04410069249570370]
  #1518 objects/buildingsets/human/shop/alpha/shippart/dumpersdepot/prop/prop_crate_dumper_pallet_05.cgf
    [-0.86602837090970930, -0.49999990680382367, -0.00000000000000000, 3981.42000406096485676]
    [0.49999990680382367, -0.86602837090970930, 0.00000000000000000, 39464.64246971128159203]
    [0.00000000000000000, -0.00000000000000000, 1.00000252300899595, 4957.87664235383272171]
  #1519 objects/buildingsets/citysets/hightech/addon/medium/ht_med_addon_panel_01_a.cgf
    [0.86602631578937239, -0.37157233636118536, 0.33456358641950223, 3978.16731538757449016]
    [-0.49999879450532331, -0.64358454800773890, 0.57948296714001990, 39622.56785772043804172]
    [0.00000011456389285, -0.66912876381401210, -0.74314673623936645, 4953.49285246990621090]
  #1520 objects/buildingsets/citysets/hightech/addon/medium/ht_med_addon_panel_01_a.cgf
    [0.17959433193357319, 0.14864077925606853, 0.52485210937750915, 4009.45399484309746185]
    [0.04812272461998682, -0.55472863706562592, 0.14063528942978964, 39523.66006282951275352]
    [0.54336729875013734, 0.00000002206932654, -0.18592988110445602, 4941.73078563250601292]
  #1521 objects/buildingsets/citysets/hightech/addon/containers/containers_01x02x02_a.cgf
    [0.86602766411490417, 0.50000064180364034, 0.00000000000000000, 3989.73582265825098148]
    [-0.50000064180364034, 0.86602766411490417, -0.00000000000000000, 39470.98296587113145506]
    [-0.00000000000000000, 0.00000000000000000, 1.00000227840558908, 4957.87778835557401180]
  #1522 objects/buildingsets/citysets/hightech/addon/medium/ht_med_addon_tank_003_a.cgf
    [0.42603433815384112, -0.24596955885380106, 0.00000000000000000, 3907.49768332966050366]
    [-0.24596955885380106, -0.42603433815384134, -0.00000000000000000, 39350.12920597457559779]
    [0.00000000000000000, 0.00000000000000000, -0.49194133915428895, 4943.48156918026506901]
  #1523 objects/buildingsets/citysets/hightech/addon/greeble/orison_shipyard_greeble_c.cgf
    [0.75980624325556601, -0.43867317991148591, 0.00000000000000000, 3983.51525372652395163]
    [-0.43867317991148591, -0.75980624325556645, -0.00000000000000000, 39482.42540726851439103]
    [0.00000000000000000, 0.00000000000000000, -0.87734809856965668, 4940.73373861238360405]
  #1524 objects/buildingsets/citysets/hightech/addon/greeble/orison_shipyard_greeble_d.cgf
    [-0.87347817706453468, -0.23405100039536667, 0.00000000000000000, 3981.88659585718414746]
    [-0.23405100039536667, 0.87347817706453457, -0.00000000000000000, 39556.29240319694508798]
    [0.00000000000000000, 0.00000000000000000, -0.90429198635952446, 4940.67123848572373390]
  #1525 objects/buildingsets/citysets/hightech/addon/medium/ht_med_addon_panel_01_a.cgf
    [-0.19000215711484089, -0.14863974786279496, 0.52117480035457109, 3991.44142481398012023]
    [-0.05091034652342200, 0.55472875554838141, 0.13964924368661655, 39590.25986365424614633]
    [-0.53956008357383833, 0.00000081465526399, -0.19670455787999405, 4941.78585674427449703]
  #1526 objects/buildingsets/citysets/hightech/addon/medium/ht_med_addon_panel_06_a.cgf
    [0.49999962468684500, -0.86602980288375020, 0.00000000000000000, 3898.79192765926563879]
    [0.86602980288375020, 0.49999962468684500, 0.00000000000000000, 39331.17976914934115484]
    [0.00000000000000000, 0.00000000000000000, 1.00000362207836679, 4957.85877231694757938]
  #1527 objects/buildingsets/citysets/hightech/addon/large/ht_lrg_addon_tank_008_c.cgf
    [0.23715069111467799, 0.27383639348288741, 0.41075674582636462, 3945.75645034899935126]
    [-0.13691754115980875, 0.47430112221825943, -0.23714965173704275, 39437.41327086555975256]
    [-0.47430060253001105, 0.00000073064076620, 0.27383729361225345, 4952.58569763042032719]
  #1528 objects/buildingsets/citysets/hightech/addon/large/ht_lrg_addon_tank_002_a.cgf
    [0.16504183972597045, 0.28942501386025515, -0.02614008902238695, 3949.52063766558421776]
    [0.28586173441387475, -0.16709911165000738, -0.04527590359020836, 39421.72585839088424109]
    [-0.05228012719952531, -0.00000009803108888, -0.33008444383556157, 4947.62692958116531372]
  #1529 objects/buildingsets/citysets/hightech/addon/medium/ht_med_addon_panel_01_a.cgf
    [-0.49999960232445267, -0.00000059032885669, 0.86602847931528770, 4011.45405809187650448]
    [-0.86602847931546467, 0.00000010409021697, -0.49999960232448376, 39490.33598488687130157]
    [0.00000020501859591, -1.00000246465183751, -0.00000056328528094, 4951.30401703342795372]
  #1530 objects/buildingsets/human/universal/prop/uee/forklift/forklift_machine_1_a.cgf
    [-0.12186724770785878, 0.99254845154636362, 0.00000000000000000, 3969.31100909721862990]
    [-0.99254845154636362, -0.12186724770785878, -0.00000000000000000, 39472.24971607828774722]
    [-0.00000000000000000, 0.00000000000000000, 1.00000202736343113, 4957.87669535353779793]
  #1531 objects/buildingsets/citysets/hightech/addon/large/ht_lrg_addon_antenna_001_a.cgf
    [-0.04522260125579991, -0.16877119405466662, 0.00000000000000000, 3931.14802887711266521]
    [0.16877119405466662, -0.04522260125579991, 0.00000000000000000, 39709.83872098422580166]
    [0.00000000000000000, 0.00000000000000000, 0.17472492554578178, 4958.73373208940029144]
  #1532 objects/buildingsets/citysets/hightech/addon/large/ht_lrg_addon_antenna_002_a.cgf
    [-0.22304705804403485, -0.38633096857356736, 0.00000000000000000, 3972.01737581349880202]
    [-0.38633096857356736, 0.22304705804403474, -0.00000000000000000, 39463.45056175319768954]
    [0.00000000000000000, 0.00000000000000000, -0.44609596207664759, 4932.51497195661067963]
  #1533 objects/buildingsets/citysets/hightech/addon/medium/ht_med_addon_panel_03_a.cgf
    [-0.39066753794071718, 0.10468049514906677, 0.00000000000000000, 4005.80909207113290904]
    [-0.10468049514906677, -0.39066753794071718, -0.00000000000000000, 39538.31777616670296993]
    [-0.00000000000000000, 0.00000000000000000, 0.40444917018744819, 4957.82236124388873577]
  #1534 objects/buildingsets/citysets/hightech/addon/medium/ht_med_addon_panel_06_a.cgf
    [-0.25882170057883169, -0.00000077356163946, 0.96592777099029548, 3995.30097738547920017]
    [0.96592777099034743, -0.00000093772695618, 0.25882170057809473, 39549.37433223661355441]
    [0.00000070556015929, 1.00000256572666824, 0.00000098990621585, 4939.73373358510434628]
  #1535 objects/buildingsets/citysets/hightech/addon/medium/ht_med_addon_window_01_a.cgf
    [-0.77431692901269489, 0.20748045757427050, 0.00000000000000000, 4000.38727964821737260]
    [-0.20748045757427050, -0.77431692901269489, -0.00000000000000000, 39560.42590029026905540]
    [-0.00000000000000000, 0.00000000000000000, 0.80163261337777370, 4958.80037322454154491]
  #1536 objects/buildingsets/human/universal/prop/uee/forklift/forklift_machine_1_a.cgf
    [-0.12186724770785878, 0.99254845154636362, 0.00000000000000000, 3971.62343681313359411]
    [-0.99254845154636362, -0.12186724770785878, -0.00000000000000000, 39476.13223816751269624]
    [-0.00000000000000000, 0.00000000000000000, 1.00000202736343113, 4957.87669535353779793]
  #1537 objects/buildingsets/citysets/hightech/addon/medium/ht_med_addon_panel_06_a.cgf
    [0.49999962468684500, -0.86602980288375020, 0.00000000000000000, 3893.92051636370888446]
    [0.86602980288375020, 0.49999962468684500, 0.00000000000000000, 39333.99226845723023871]
    [0.00000000000000000, 0.00000000000000000, 1.00000362207836679, 4957.85877231694757938]
  #1538 objects/buildingsets/citysets/hightech/addon/containers/containers_01x02x03_a.cgf
    [0.86602766411490417, 0.50000064180364034, 0.00000000000000000, 3997.60061604976363014]
    [-0.50000064180364034, 0.86602766411490417, -0.00000000000000000, 39484.42472583765629679]
    [-0.00000000000000000, 0.00000000000000000, 1.00000227840558908, 4957.87778835557401180]
  #1539 objects/buildingsets/citysets/hightech/addon/containers/containers_01x04x02_a.cgf
    [0.86602766411490417, 0.50000064180364034, 0.00000000000000000, 3978.27350310851761606]
    [-0.50000064180364034, 0.86602766411490417, -0.00000000000000000, 39460.53180184757366078]
    [-0.00000000000000000, 0.00000000000000000, 1.00000227840558908, 4957.87778835557401180]
  #1540 objects/buildingsets/citysets/hightech/addon/medium/ht_med_addon_panel_02_a.cgf
    [0.57459633401730248, 0.15396407671640991, 0.00000000000000000, 3993.58346869902015897]
    [0.15396407671640991, -0.57459633401730281, 0.00000000000000000, 39569.51854988916602451]
    [0.00000000000000000, 0.00000000000000000, -0.59486627403582082, 4941.95249108225107193]
  #1541 objects/buildingsets/citysets/hightech/addon/large/ht_lrg_addon_tank_002_a.cgf
    [-0.13363804925690165, 0.23146878949564792, 0.00000000000000000, 3917.36692331079393625]
    [-0.23146878949564792, -0.13363804925690165, -0.00000000000000000, 39373.10276902985060588]
    [-0.00000000000000000, 0.00000000000000000, 0.26727687651529197, 4956.85877029038965702]
  #1542 objects/buildingsets/citysets/hightech/addon/medium/ht_med_addon_antenna_004_a.cgf
    [0.00000036470575422, -2.72563835797156395, -0.73033294991497832, 3986.17112801718758419]
    [0.00000056353926431, -0.73033294991489994, 2.72563835797155107, 39502.72553114216134418]
    [-2.82178855979272836, -0.00000049813345617, 0.00000044994427378, 4944.97142920084297657]
  #1543 objects/buildingsets/human/hightech/delta/int/garage/high_tech_garage_door_l.cga
    [0.14149860022617627, 0.52807226319203493, 0.00000000000000000, 4007.19964364293264225]
    [-0.52807226319203493, 0.14149860022617627, -0.00000000000000000, 39567.69950267016247381]
    [-0.00000000000000000, 0.00000000000000000, 0.54670116976162120, 4954.79884311556816101]
  #1544 objects/buildingsets/citysets/hightech/background/plates/habitation_plate_thruster_a.cgf
    [-0.51226110613294706, 0.19411507164136896, -0.51226036352055493, -2466.32893990645243321]
    [-0.13725960252894132, -0.72444607866295541, -0.13726056444791251, 20802.78263816454273183]
    [-0.53033116312936213, -0.00000079291051658, 0.53033163147442419, 1938.15985239669680595]
  #1545 objects/buildingsets/human/hightech/delta/int/light/light_fixture/light_decal_capsule_a.cgf
    [0.51764530541086995, 1.93185402690005015, 0.00000000000000000, -2417.30496871656941948]
    [-1.93185402690005015, 0.51764530541086995, -0.00000000000000000, 20600.58063954809404095]
    [-0.00000000000000000, 0.00000000000000000, 2.00000416086163524, 1951.48375939764082432]
  #1546 objects/buildingsets/human/hightech/delta/int/light/light_fixture/light_decal_capsule_a.cgf
    [0.51764530541086995, 1.93185402690005015, 0.00000000000000000, -2665.77416128767799819]
    [-1.93185402690005015, 0.51764530541086995, -0.00000000000000000, 21527.87082874345287564]
    [-0.00000000000000000, 0.00000000000000000, 2.00000416086163524, 1951.48375939764082432]
  #1547 objects/buildingsets/human/hightech/delta/int/light/light_fixture/light_decal_capsule_a.cgf
    [0.51764530541086995, 1.93185402690005015, 0.00000000000000000, -2168.83577614551177248]
    [-1.93185402690005015, 0.51764530541086995, -0.00000000000000000, 19673.29045035273884423]
    [-0.00000000000000000, 0.00000000000000000, 2.00000416086163524, 1951.48375939764082432]
  #1548 objects/buildingsets/human/hightech/delta/int/light/light_fixture/light_decal_capsule_a.cgf
    [0.51764530541086995, 1.93185402690005015, 0.00000000000000000, -3411.18173900090187090]
    [-1.93185402690005015, 0.51764530541086995, -0.00000000000000000, 24309.74139632953301771]
    [-0.00000000000000000, 0.00000000000000000, 2.00000416086163524, 1951.48375939764082432]
  #1549 objects/buildingsets/citysets/hightech/background/plates/habitation_plate_thruster_a.cgf
    [-0.51226110613294706, 0.19411507164136896, -0.51226036352055493, 265.72037826951418538]
    [-0.13725960252894132, -0.72444607866295541, -0.13726056444791251, 21534.83958213860023534]
    [-0.53033116312936213, -0.00000079291051658, 0.53033163147442419, 2938.15985239669680595]
  #1550 objects/buildingsets/human/hightech/delta/int/light/light_fixture/light_decal_capsule_a.cgf
    [0.51764530541086995, 1.93185402690005015, 0.00000000000000000, -1920.36658357441774569]
    [-1.93185402690005015, 0.51764530541086995, -0.00000000000000000, 18746.00026115738000954]
    [-0.00000000000000000, 0.00000000000000000, 2.00000416086163524, 1951.48375939764082432]
  #1551 objects/buildingsets/human/hightech/delta/int/light/light_fixture/light_decal_capsule_a.cgf
    [0.51764530541086995, 1.93185402690005015, 0.00000000000000000, 563.21354203046939801]
    [-1.93185402690005015, 0.51764530541086995, -0.00000000000000000, 20405.34739432679270976]
    [-0.00000000000000000, 0.00000000000000000, 2.00000416086163524, 2951.48375939764082432]
  #1552 objects/buildingsets/human/hightech/delta/int/light/light_fixture/light_decal_capsule_a.cgf
    [0.51764530541086995, 1.93185402690005015, 0.00000000000000000, 66.27515688831772422]
    [-1.93185402690005015, 0.51764530541086995, -0.00000000000000000, 22259.92777271751765511]
    [-0.00000000000000000, 0.00000000000000000, 2.00000416086163524, 2951.48375939764082432]
  #1553 objects/buildingsets/human/hightech/delta/int/light/light_fixture/light_decal_capsule_a.cgf
    [0.51764530541086995, 1.93185402690005015, 0.00000000000000000, -679.13242082492070040]
    [-1.93185402690005015, 0.51764530541086995, -0.00000000000000000, 25041.79834030359052122]
    [-0.00000000000000000, 0.00000000000000000, 2.00000416086163524, 2951.48375939764082432]
  #1554 objects/buildingsets/human/hightech/delta/int/light/light_fixture/light_decal_capsule_a.cgf
    [0.51764530541086995, 1.93185402690005015, 0.00000000000000000, -3162.71254642982239602]
    [-1.93185402690005015, 0.51764530541086995, -0.00000000000000000, 23382.45120713417418301]
    [-0.00000000000000000, 0.00000000000000000, 2.00000416086163524, 1951.48375939764082432]
  #1555 objects/buildingsets/human/hightech/delta/int/light/light_fixture/light_decal_capsule_a.cgf
    [0.51764530541086995, 1.93185402690005015, 0.00000000000000000, -182.19403568276175065]
    [-1.93185402690005015, 0.51764530541086995, -0.00000000000000000, 23187.21796191287648981]
    [-0.00000000000000000, 0.00000000000000000, 2.00000416086163524, 2951.48375939764082432]
  #1556 objects/buildingsets/human/hightech/delta/int/light/light_fixture/light_decal_capsule_a.cgf
    [0.51764530541086995, 1.93185402690005015, 0.00000000000000000, 1060.15192717262834776]
    [-1.93185402690005015, 0.51764530541086995, -0.00000000000000000, 18550.76701593608231633]
    [-0.00000000000000000, 0.00000000000000000, 2.00000416086163524, 2951.48375939764082432]
  #1557 objects/buildingsets/human/hightech/delta/int/light/light_fixture/light_decal_capsule_a.cgf
    [0.51764530541086995, 1.93185402690005015, 0.00000000000000000, -430.66322825384122552]
    [-1.93185402690005015, 0.51764530541086995, -0.00000000000000000, 24114.50815110823168652]
    [-0.00000000000000000, 0.00000000000000000, 2.00000416086163524, 2951.48375939764082432]
  #1558 objects/buildingsets/citysets/hightech/background/plates/habitation_plate_thruster_a.cgf
    [0.51226126188631727, -0.19411586472731443, 0.51226031712332409, 256.05184827717312146]
    [0.13726073655301821, 0.72444615598997308, 0.13726055201607695, 21532.24887986596149858]
    [-0.53033111509607322, -0.00000004686351722, 0.53033207542862892, 2938.15985239669680595]
  #1559 objects/buildingsets/human/hightech/delta/int/light/light_fixture/light_decal_capsule_a.cgf
    [0.51764530541086995, 1.93185402690005015, 0.00000000000000000, -2914.24335385874292115]
    [-1.93185402690005015, 0.51764530541086995, -0.00000000000000000, 22455.16101793881171034]
    [-0.00000000000000000, 0.00000000000000000, 2.00000416086163524, 1951.48375939764082432]
  #1560 objects/buildingsets/citysets/hightech/background/plates/habitation_plate_thruster_a.cgf
    [-0.51226110613294706, 0.19411507164136896, -0.51226036352055493, -2983.97312344895908609]
    [-0.13725960252894132, -0.72444607866295541, -0.13726056444791251, 22734.63731972911409684]
    [-0.53033116312936213, -0.00000079291051658, 0.53033163147442419, 1938.15985239669680595]
  #1561 objects/buildingsets/citysets/hightech/background/plates/habitation_plate_thruster_a.cgf
    [-0.51226110613294706, 0.19411507164136896, -0.51226036352055493, -3501.61019005749403732]
    [-0.13725960252894132, -0.72444607866295541, -0.13726056444791251, 24666.47574251185506000]
    [-0.53033116312936213, -0.00000079291051658, 0.53033163147442419, 1938.15985239669680595]
  #1562 objects/buildingsets/citysets/hightech/background/plates/habitation_plate_thruster_a.cgf
    [0.51226126188631727, -0.19411586472731443, 0.51226031712332409, -261.59233526533353142]
    [0.13726073655301821, 0.72444615598997308, 0.13726055201607695, 23464.10356143053286360]
    [-0.53033111509607322, -0.00000004686351722, 0.53033207542862892, 2938.15985239669680595]
  #1563 objects/buildingsets/citysets/hightech/background/plates/habitation_plate_thruster_a.cgf
    [0.51226126188631727, -0.19411586472731443, 0.51226031712332409, -4028.92290152177156415]
    [0.13726073655301821, 0.72444615598997308, 0.13726055201607695, 26595.73971407635690412]
    [-0.53033111509607322, -0.00000004686351722, 0.53033207542862892, 1938.15985239669680595]
  #1564 objects/buildingsets/human/hightech/delta/int/light/light_fixture/light_decal_capsule_a.cgf
    [0.51764530541086995, 1.93185402690005015, 0.00000000000000000, 314.74434945939719910]
    [-1.93185402690005015, 0.51764530541086995, -0.00000000000000000, 21332.63758352215882041]
    [-0.00000000000000000, 0.00000000000000000, 2.00000416086163524, 2951.48375939764082432]
  #1565 objects/buildingsets/citysets/hightech/background/plates/habitation_plate_thruster_a.cgf
    [-0.51226110613294706, 0.19411507164136896, -0.51226036352055493, -4019.25437152942322427]
    [-0.13725960252894132, -0.72444607866295541, -0.13726056444791251, 26598.33041634900291683]
    [-0.53033116312936213, -0.00000079291051658, 0.53033163147442419, 1938.15985239669680595]
  #1566 objects/buildingsets/citysets/hightech/background/plates/habitation_plate_thruster_a.cgf
    [0.51226126188631727, -0.19411586472731443, 0.51226031712332409, -2475.99746989880804904]
    [0.13726073655301821, 0.72444615598997308, 0.13726055201607695, 20800.19193589190399507]
    [-0.53033111509607322, -0.00000004686351722, 0.53033207542862892, 1938.15985239669680595]
  #1567 objects/buildingsets/human/hightech/delta/int/light/light_fixture/light_decal_capsule_a.cgf
    [0.51764530541086995, 1.93185402690005015, 0.00000000000000000, 811.68273460154887289]
    [-1.93185402690005015, 0.51764530541086995, -0.00000000000000000, 19478.05720513142659911]
    [-0.00000000000000000, 0.00000000000000000, 2.00000416086163524, 2951.48375939764082432]
  #1568 objects/buildingsets/human/hightech/delta/int/light/light_fixture/light_decal_capsule_a.cgf
    [0.51764530541086995, 1.93185402690005015, 0.00000000000000000, -3989.97020830689871218]
    [-1.93185402690005015, 0.51764530541086995, -0.00000000000000000, 26473.66130729575525038]
    [-0.00000000000000000, 0.00000000000000000, 2.00000416086163524, 1951.48375939764082432]
  #1569 objects/buildingsets/citysets/hightech/background/plates/habitation_plate_thruster_a.cgf
    [-0.51226110613294706, 0.19411507164136896, -0.51226036352055493, -251.92380527299246751]
    [-0.13725960252894132, -0.72444607866295541, -0.13726056444791251, 23466.69426370317523833]
    [-0.53033116312936213, -0.00000079291051658, 0.53033163147442419, 2938.15985239669680595]
  #1570 objects/buildingsets/citysets/hightech/background/plates/habitation_plate_thruster_a.cgf
    [0.51226126188631727, -0.19411586472731443, 0.51226031712332409, -2993.64165344131470192]
    [0.13726073655301821, 0.72444615598997308, 0.13726055201607695, 22732.04661745647899806]
    [-0.53033111509607322, -0.00000004686351722, 0.53033207542862892, 1938.15985239669680595]
  #1571 objects/buildingsets/citysets/hightech/background/plates/habitation_plate_thruster_a.cgf
    [0.51226126188631727, -0.19411586472731443, 0.51226031712332409, 773.69596866708889138]
    [0.13726073655301821, 0.72444615598997308, 0.13726055201607695, 19600.39443398763251025]
    [-0.53033111509607322, -0.00000004686351722, 0.53033207542862892, 2938.15985239669680595]
  #1572 objects/buildingsets/human/hightech/delta/int/light/light_fixture/light_decal_capsule_a.cgf
    [0.51764530541086995, 1.93185402690005015, 0.00000000000000000, -3741.50101573581923731]
    [-1.93185402690005015, 0.51764530541086995, -0.00000000000000000, 25546.37111810040369164]
    [-0.00000000000000000, 0.00000000000000000, 2.00000416086163524, 1951.48375939764082432]
  #1573 objects/buildingsets/human/hightech/delta/int/light/light_fixture/light_decal_capsule_a.cgf
    [0.51764530541086995, 1.93185402690005015, 0.00000000000000000, -3493.03182316475431435]
    [-1.93185402690005015, 0.51764530541086995, -0.00000000000000000, 24619.08092890503758099]
    [-0.00000000000000000, 0.00000000000000000, 2.00000416086163524, 1951.48375939764082432]
  #1574 objects/buildingsets/citysets/hightech/background/plates/habitation_plate_thruster_a.cgf
    [0.51226126188631727, -0.19411586472731443, 0.51226031712332409, -1958.35334950887772720]
    [0.13726073655301821, 0.72444615598997308, 0.13726055201607695, 18868.33749001357500674]
    [-0.53033111509607322, -0.00000004686351722, 0.53033207542862892, 1938.15985239669680595]
  #1575 objects/buildingsets/citysets/hightech/background/plates/habitation_plate_thruster_a.cgf
    [0.51226126188631727, -0.19411586472731443, 0.51226031712332409, -3511.27872004984237719]
    [0.13726073655301821, 0.72444615598997308, 0.13726055201607695, 24663.88504023920904729]
    [-0.53033111509607322, -0.00000004686351722, 0.53033207542862892, 1938.15985239669680595]
  #1576 objects/buildingsets/citysets/hightech/background/plates/habitation_plate_thruster_a.cgf
    [-0.51226110613294706, 0.19411507164136896, -0.51226036352055493, -1948.68481951654393924]
    [-0.13725960252894132, -0.72444607866295541, -0.13726056444791251, 18870.92819228622465744]
    [-0.53033116312936213, -0.00000079291051658, 0.53033163147442419, 1938.15985239669680595]
  #1577 objects/buildingsets/human/hightech/delta/int/light/light_fixture/light_decal_capsule_a.cgf
    [0.51764530541086995, 1.93185402690005015, 0.00000000000000000, -760.98229083149635699]
    [-1.93185402690005015, 0.51764530541086995, -0.00000000000000000, 25351.13707760953548132]
    [-0.00000000000000000, 0.00000000000000000, 2.00000416086163524, 2951.48375939764082432]
  #1578 objects/buildingsets/citysets/hightech/background/plates/habitation_plate_thruster_a.cgf
    [0.51226126188631727, -0.19411586472731443, 0.51226031712332409, -779.22918771659897175]
    [0.13726073655301821, 0.72444615598997308, 0.13726055201607695, 25395.94118894370330963]
    [-0.53033111509607322, -0.00000004686351722, 0.53033207542862892, 2938.15985239669680595]
  #1579 objects/buildingsets/citysets/hightech/background/plates/habitation_plate_thruster_a.cgf
    [-0.51226110613294706, 0.19411507164136896, -0.51226036352055493, 783.36449865945178317]
    [-0.13725960252894132, -0.72444607866295541, -0.13726056444791251, 19602.98513626028216095]
    [-0.53033116312936213, -0.00000079291051658, 0.53033163147442419, 2938.15985239669680595]
  #1580 objects/buildingsets/citysets/hightech/background/plates/habitation_plate_thruster_a.cgf
    [-0.51226110613294706, 0.19411507164136896, -0.51226036352055493, -769.56065772425063187]
    [-0.13725960252894132, -0.72444607866295541, -0.13726056444791251, 25398.53189121635296033]
    [-0.53033116312936213, -0.00000079291051658, 0.53033163147442419, 2938.15985239669680595]
  #1581 objects/buildingsets/citysets/hightech/background/plates/habitation_plate_thruster_a.cgf
    [0.51226126188631727, -0.19411586472731443, 0.51226031712332409, 1881.59388942358782515]
    [0.13726073655301821, 0.72444615598997308, 0.13726055201607695, 10001.84551615275449876]
    [-0.53033111509607322, -0.00000004686351722, 0.53033207542862892, 2938.15985239669680595]
  #1582 objects/buildingsets/human/hightech/delta/int/light/light_fixture/light_decal_capsule_a.cgf
    [-0.51764443658030213, -1.93185641772259897, 0.00000000000000000, 1584.10007920602220111]
    [1.93185641772259897, -0.51764443658030213, 0.00000000000000000, 11131.33782079610136861]
    [0.00000000000000000, 0.00000000000000000, 2.00000624534488169, 2951.48375939764082432]
  #1583 objects/buildingsets/citysets/hightech/background/plates/habitation_plate_thruster_a.cgf
    [0.51226126188631727, -0.19411586472731443, 0.51226031712332409, 846.30337200334179215]
    [0.13726073655301821, 0.72444615598997308, 0.13726055201607695, 13865.55502652837094502]
    [-0.53033111509607322, -0.00000004686351722, 0.53033207542862892, 2938.15985239669680595]
  #1584 objects/buildingsets/human/hightech/delta/int/light/light_fixture/light_decal_capsule_a.cgf
    [-0.51764443658030213, -1.93185641772259897, 0.00000000000000000, 2081.03952781620319001]
    [1.93185641772259897, -0.51764443658030213, 0.00000000000000000, 9276.75725488852003764]
    [0.00000000000000000, 0.00000000000000000, 2.00000624534488169, 2951.48375939764082432]
  #1585 objects/buildingsets/human/hightech/delta/int/light/light_fixture/light_decal_capsule_a.cgf
    [-0.51764443658030213, -1.93185641772259897, 0.00000000000000000, 1335.63035490095353452]
    [1.93185641772259897, -0.51764443658030213, 0.00000000000000000, 12058.62810374988839612]
    [0.00000000000000000, 0.00000000000000000, 2.00000624534488169, 2951.48375939764082432]
  #1586 objects/buildingsets/human/hightech/delta/int/light/light_fixture/light_decal_capsule_a.cgf
    [-0.51764443658030213, -1.93185641772259897, 0.00000000000000000, 838.69090629075799370]
    [1.93185641772259897, -0.51764443658030213, 0.00000000000000000, 13913.20866965747336508]
    [0.00000000000000000, 0.00000000000000000, 2.00000624534488169, 2951.48375939764082432]
  #1587 objects/buildingsets/citysets/hightech/background/plates/habitation_plate_thruster_a.cgf
    [-0.51226110613294706, 0.19411507164136896, -0.51226036352055493, 1891.26242039352655411]
    [-0.13725960252894132, -0.72444607866295541, -0.13726056444791251, 10004.43622396961472987]
    [-0.53033116312936213, -0.00000079291051658, 0.53033163147442419, 2938.15985239669680595]
  #1588 objects/buildingsets/citysets/hightech/background/plates/habitation_plate_thruster_a.cgf
    [-0.51226110613294706, 0.19411507164136896, -0.51226036352055493, 855.97190297328779707]
    [-0.13725960252894132, -0.72444607866295541, -0.13726056444791251, 13868.14573434521662421]
    [-0.53033116312936213, -0.00000079291051658, 0.53033163147442419, 2938.15985239669680595]
  #1589 objects/buildingsets/human/hightech/delta/int/light/light_fixture/light_decal_capsule_a.cgf
    [-0.51764443658030213, -1.93185641772259897, 0.00000000000000000, 1832.56980351111997152]
    [1.93185641772259897, -0.51764443658030213, 0.00000000000000000, 10204.04753784231434111]
    [0.00000000000000000, 0.00000000000000000, 2.00000624534488169, 2951.48375939764082432]
  #1590 objects/buildingsets/human/hightech/delta/int/light/light_fixture/light_decal_capsule_a.cgf
    [-0.51764443658030213, -1.93185641772259897, 0.00000000000000000, 1087.16063059586304007]
    [1.93185641772259897, -0.51764443658030213, 0.00000000000000000, 12985.91838670368451858]
    [0.00000000000000000, 0.00000000000000000, 2.00000624534488169, 2951.48375939764082432]
  #1591 objects/buildingsets/citysets/hightech/background/plates/habitation_plate_thruster_a.cgf
    [-0.51226110613294706, 0.19411507164136896, -0.51226036352055493, 1373.61719222447572974]
    [-0.13725960252894132, -0.72444607866295541, -0.13726056444791251, 11936.29086517799441935]
    [-0.53033116312936213, -0.00000079291051658, 0.53033163147442419, 2938.15985239669680595]
  #1592 objects/buildingsets/citysets/hightech/background/plates/habitation_plate_thruster_a.cgf
    [0.51226126188631727, -0.19411586472731443, 0.51226031712332409, 1363.94866125452972483]
    [0.13726073655301821, 0.72444615598997308, 0.13726055201607695, 11933.70015736113418825]
    [-0.53033111509607322, -0.00000004686351722, 0.53033207542862892, 2938.15985239669680595]
  #1593 objects/buildingsets/human/hightech/delta/int/light/light_fixture/light_decal_capsule_a.cgf
    [-0.99999916531359179, 1.73205608416826840, 0.00000000000000000, 845.34517924463580130]
    [-1.73205608416826840, -0.99999916531359179, -0.00000000000000000, 13956.67561814700457035]
    [-0.00000000000000000, 0.00000000000000000, 2.00000415232873774, 2951.48375939764082432]
  #1594 objects/buildingsets/citysets/hightech/background/plates/habitation_plate_thruster_a.cgf
    [0.45928079000215383, 0.37500040870517926, 0.45928076026883941, 864.12402059246960562]
    [-0.26516555062779051, 0.64952110113379646, -0.26516511325847214, 14001.25942105368812918]
    [-0.53033136249182478, -0.00000025732075515, 0.53033160692596437, 2938.15985239669680595]
  #1595 objects/buildingsets/human/hightech/delta/int/light/light_fixture/light_decal_capsule_a.cgf
    [0.51764047061623930, 1.93185521383107850, 0.00000000000000000, 1568.69019517271226505]
    [-1.93185521383107850, 0.51764047061623930, -0.00000000000000000, 16657.71294199247495271]
    [-0.00000000000000000, 0.00000000000000000, 2.00000405600241793, 2951.48375939764082432]
  #1596 objects/buildingsets/human/hightech/delta/int/light/light_fixture/light_decal_capsule_a.cgf
    [-0.99999916531359179, 1.73205608416826840, 0.00000000000000000, 1325.34520892428554362]
    [-1.73205608416826840, -0.99999916531359179, -0.00000000000000000, 14788.06306059142480080]
    [-0.00000000000000000, 0.00000000000000000, 2.00000415232873774, 2951.48375939764082432]
  #1597 objects/buildingsets/human/hightech/delta/int/light/light_fixture/light_decal_capsule_a.cgf
    [0.51764047061623930, 1.93185521383107850, 0.00000000000000000, 1833.72315235862333793]
    [-1.93185521383107850, 0.51764047061623930, -0.00000000000000000, 15668.60266903499541513]
    [-0.00000000000000000, 0.00000000000000000, 2.00000405600241793, 2951.48375939764082432]
  #1598 objects/buildingsets/citysets/hightech/background/plates/habitation_plate_thruster_a.cgf
    [-0.45928048526387605, -0.37500142079020443, -0.45928071676524534, 1372.79266488552821102]
    [0.26516700704899432, -0.64952085488846245, 0.26516508814120016, 14862.28326225541241001]
    [-0.53033131225654406, -0.00000125693409807, 0.53033207122515535, 2938.15985239669680595]
  #1599 objects/buildingsets/citysets/hightech/background/plates/habitation_plate_thruster_a.cgf
    [-0.45928048526387605, -0.37500142079020443, -0.45928071676524534, 872.79260696922574425]
    [0.26516700704899432, -0.64952085488846245, 0.26516508814120016, 13996.25462961026096309]
    [-0.53033131225654406, -0.00000125693409807, 0.53033207122515535, 2938.15985239669680595]
  #1600 objects/buildingsets/citysets/hightech/background/plates/habitation_plate_thruster_a.cgf
    [0.45928079000215383, 0.37500040870517926, 0.45928076026883941, 1364.12407900876860367]
    [-0.26516555062779051, 0.64952110113379646, -0.26516511325847214, 14867.28805456487134506]
    [-0.53033136249182478, -0.00000025732075515, 0.53033160692596437, 2938.15985239669680595]
  #1601 objects/buildingsets/human/hightech/delta/int/light/light_fixture/light_decal_capsule_a.cgf
    [0.51764530541086995, 1.93185402690005015, 0.00000000000000000, 398.67505203922337387]
    [-1.93185402690005015, 0.51764530541086995, -0.00000000000000000, 10091.30829771403296036]
    [-0.00000000000000000, 0.00000000000000000, 2.00000416086163524, 1951.48375939764082432]
  #1602 objects/buildingsets/citysets/hightech/background/plates/habitation_plate_thruster_a.cgf
    [-0.51226110613294706, 0.19411507164136896, -0.51226036352055493, 639.53180499798327219]
    [-0.13725960252894132, -0.72444607866295541, -0.13726056444791251, 9211.67174420108494814]
    [-0.53033116312936213, -0.00000079291051658, 0.53033163147442419, 1938.15985239669680595]
  #1603 objects/buildingsets/citysets/hightech/background/plates/habitation_plate_thruster_a.cgf
    [0.51226126188631727, -0.19411586472731443, 0.51226031712332409, 112.21909353370574536]
    [0.13726073655301821, 0.72444615598997308, 0.13726055201607695, 11140.93571576559224923]
    [-0.53033111509607322, -0.00000004686351722, 0.53033207542862892, 1938.15985239669680595]
  #1604 objects/buildingsets/human/hightech/delta/int/light/light_fixture/light_decal_capsule_a.cgf
    [0.51764530541086995, 1.93185402690005015, 0.00000000000000000, 150.20585946815845091]
    [-1.93185402690005015, 0.51764530541086995, -0.00000000000000000, 11018.59848690938451909]
    [-0.00000000000000000, 0.00000000000000000, 2.00000416086163524, 1951.48375939764082432]
  #1605 objects/buildingsets/citysets/hightech/background/plates/habitation_plate_thruster_a.cgf
    [-0.51226110613294706, 0.19411507164136896, -0.51226036352055493, 121.88762352604680927]
    [-0.13725960252894132, -0.72444607866295541, -0.13726056444791251, 11143.52641803823826194]
    [-0.53033116312936213, -0.00000079291051658, 0.53033163147442419, 1938.15985239669680595]
  #1606 objects/buildingsets/citysets/hightech/addon/medium/ht_med_addon_vent_001_a.cgf
    [-0.62205120979729267, -1.07743277948029892, 0.00000000000000000, 843.77036218826106051]
    [-1.07743277948029892, 0.62205120979729189, -0.00000000000000000, 13980.80184029376869148]
    [0.00000000000000000, 0.00000000000000000, -1.24410976280588614, 2954.57907967083156109]
  #1607 objects/buildingsets/citysets/hightech/addon/medium/ht_med_addon_panel_01_a.cgf
    [0.19000102718545953, 0.14864007240812743, -0.52117401096671667, 815.41392474104941357]
    [0.05091041068989149, -0.55472762689290323, -0.13964956573263362, 13854.60640414202134707]
    [-0.53955940443663408, 0.00000065818947052, -0.19670348305942637, 2942.00031117908656597]
  #1608 objects/buildingsets/citysets/hightech/addon/medium/ht_med_addon_panel_02_a.cgf
    [-0.54282458400459754, -0.31339681720779244, -0.00000000000000000, 1021.04186333119287156]
    [0.31339681720779244, -0.54282458400459754, 0.00000000000000000, 14293.66590761719635339]
    [0.00000000000000000, -0.00000000000000000, 0.62679828815635608, 2969.07542804814875126]
  #1609 objects/buildingsets/human/shop/alpha/shippart/dumpersdepot/prop/prop_crate_dumper_cluster_02.cgf
    [0.86602784377940323, 0.49999885734173094, 0.00000000000000000, 809.63637430792005034]
    [-0.49999885734173094, 0.86602784377940323, -0.00000000000000000, 13964.22824345674234792]
    [-0.00000000000000000, 0.00000000000000000, 1.00000154177093092, 2957.87091234140098095]
  #1610 objects/buildingsets/citysets/hightech/addon/greeble/orison_shipyard_greeble_d.cgf
    [0.87347621741140802, 0.23405026116144859, 0.00000000000000000, 824.18748938872158760]
    [0.23405026116144859, -0.87347621741140835, 0.00000000000000000, 13889.21657694272471417]
    [0.00000000000000000, 0.00000000000000000, -0.90428990215145300, 2940.67123848572373390]
  #1611 objects/buildingsets/citysets/hightech/addon/large/ht_lrg_addon_tank_009_b.cgf
    [-0.52297915953073926, 0.14013530482772316, 0.00000000000000000, 849.19176116924791131]
    [-0.14013530482772316, -0.52297915953073926, -0.00000000000000000, 13820.92310894381625985]
    [-0.00000000000000000, 0.00000000000000000, 0.54142876259267658, 2958.04410069249570370]
  #1612 objects/buildingsets/human/shop/alpha/shippart/dumpersdepot/prop/prop_crate_dumper_cluster_01.cgf
    [-0.49999805357183441, 0.86602884796284108, 0.00000000000000000, 839.02526160811248701]
    [-0.86602884796284108, -0.49999805357183441, -0.00000000000000000, 14003.42580317727333750]
    [-0.00000000000000000, 0.00000000000000000, 1.00000200953771468, 2957.87664235383272171]
  #1613 objects/buildingsets/citysets/hightech/addon/large/ht_lrg_addon_tank_008_c.cgf
    [-0.23715102269712071, -0.27383582943008367, -0.41075608155739274, 861.18353264034521999]
    [0.13691793372320951, -0.47430071273669838, 0.23714877377874508, 14007.59555887994611112]
    [-0.47429958827834984, 0.00000036569524542, 0.27383777705274637, 2952.58569763042032719]
  #1614 objects/buildingsets/citysets/hightech/addon/medium/ht_med_addon_vent_001_a.cgf
    [0.49999780202830896, -0.00000102274192864, -0.86602733698027823, 901.08063438301905990]
    [0.86602733698080914, 0.00000018033580416, 0.49999780202840294, 14131.87290163802936149]
    [-0.00000035519277561, -1.00000057521496455, 0.00000097588941313, 2945.92932614125311375]
  #1615 objects/buildingsets/citysets/hightech/addon/medium/ht_med_addon_panel_03_a.cgf
    [-0.09371529337806378, -0.34974372496505041, 0.00000000000000000, 783.97587999302049866]
    [0.34974372496505041, -0.09371529337806378, 0.00000000000000000, 13931.31159786313946825]
    [0.00000000000000000, 0.00000000000000000, 0.36208179927381801, 2955.29235311597585678]
  #1616 objects/buildingsets/citysets/hightech/addon/large/ht_lrg_addon_tank_002_b.cgf
    [-0.13363764056869787, 0.23146900488794442, 0.00000000000000000, 879.76050829530140618]
    [-0.23146900488794442, -0.13363764056869787, -0.00000000000000000, 14054.91019835938823235]
    [-0.00000000000000000, 0.00000000000000000, 0.26727685870756496, 2956.85877029038965702]
  #1617 objects/buildingsets/citysets/hightech/addon/large/ht_lrg_addon_building_001_a.cgf
    [0.16344385975756481, -0.28309510787135655, 0.00000000000000000, 1023.91939599724719301]
    [0.28309510787135655, 0.16344385975756481, 0.00000000000000000, 14309.53978765385181759]
    [0.00000000000000000, 0.00000000000000000, 0.32688948498406228, 2962.78289629518985748]
  #1618 objects/buildingsets/citysets/hightech/addon/large/ht_lrg_addon_tank_008_a_linemarking_a.cgf
    [-0.31351558933760781, -0.18100651801466569, -0.00000000000000000, 798.86411948064778699]
    [0.18100651801466569, -0.31351558933760781, 0.00000000000000000, 13980.88725262738444144]
    [0.00000000000000000, -0.00000000000000000, 0.36201572385947667, 2955.30602314323186874]
  #1619 objects/buildingsets/citysets/hightech/addon/medium/ht_med_addon_panel_02_a.cgf
    [0.86602784377940323, 0.49999885734173094, 0.00000000000000000, 920.67690808165934868]
    [-0.49999885734173094, 0.86602784377940323, -0.00000000000000000, 14109.65757863332328270]
    [-0.00000000000000000, 0.00000000000000000, 1.00000154177093092, 2962.12979997321963310]
  #1620 objects/buildingsets/citysets/hightech/addon/medium/ht_med_addon_antenna_005_a.cgf
    [0.00000056566288518, 1.58854685715171473, 0.42565496867926439, 820.57861391618644120]
    [-0.00000246784289396, 0.42565496867962938, -1.58854685714980048, 13940.23655896567106538]
    [-1.64458604813547105, -0.00000009234396103, 0.00000253015723593, 2947.38241608627140522]
  #1621 objects/buildingsets/citysets/hightech/addon/large/ht_lrg_addon_tank_002_b.cgf
    [0.12005436081611069, 0.20794175000563489, 0.00000000000000000, 1009.99119646231702063]
    [0.20794175000563489, -0.12005436081611078, 0.00000000000000000, 14309.04674444528973254]
    [0.00000000000000000, 0.00000000000000000, -0.24011001842149549, 2950.19034777581691742]
  #1622 objects/buildingsets/citysets/hightech/addon/medium/ht_med_addon_panel_01_a.cgf
    [-0.17959316675043163, -0.14864111548151970, -0.52485130517887035, 796.82008431831491180]
    [-0.04812276521372410, 0.55472749895005480, -0.14063563090413564, 13921.10254347416048404]
    [0.54336661033572808, 0.00000017032869774, -0.18592876613164125, 2941.73078563250601292]
  #1623 objects/buildingsets/citysets/hightech/addon/large/ht_lrg_addon_tank_001_b.cgf
    [0.04999982698425369, -0.06123753079150943, 0.06123746542883929, 1016.35322933315910632]
    [0.08660290035321756, 0.03535523932229641, -0.03535519411512927, 14320.10893506576394429]
    [-0.00000000457461415, 0.07071079778270598, 0.07071087699200100, 2963.89822055585682392]
  #1624 objects/buildingsets/human/universal/prop/uee/forklift/forklift_machine_1_a.cgf
    [0.12186597881237386, -0.99254758964206025, 0.00000000000000000, 835.19088453806762118]
    [0.99254758964206025, 0.12186597881237386, 0.00000000000000000, 13968.94921869130121195]
    [0.00000000000000000, 0.00000000000000000, 1.00000101724756330, 2957.87599735148251057]
  #1625 objects/buildingsets/citysets/hightech/addon/medium/ht_med_addon_panel_01_a.cgf
    [-0.49999713903513227, -0.16524497117316550, 0.85011680200982098, 966.66039089137484552]
    [-0.86602798889943777, 0.09540393044191331, -0.49081078747290430, 14183.14500601197869400]
    [-0.00000046981862834, -0.98162814046814939, -0.19080830810414173, 2954.20702991634607315]
  #1626 objects/buildingsets/citysets/hightech/addon/medium/ht_med_addon_panel_06_a.cgf
    [0.49999805540257952, -0.61536004563283064, 0.60937422796370022, 934.94964136149792466]
    [0.86602825327329136, 0.35527567021131223, -0.35181991638091015, 14106.90428513669212407]
    [0.00000008254926758, 0.70364352002176456, 0.71055526710125061, 2957.51691762357950211]
  #1627 objects/buildingsets/citysets/hightech/addon/greeble/orison_shipyard_greeble_c.cgf
    [1.00543341668757757, -0.58048358384758902, 0.00000000000000000, 929.85044537273643073]
    [-0.58048358384758902, -1.00543341668757757, -0.00000000000000000, 14156.87273497650858189]
    [0.00000000000000000, 0.00000000000000000, -1.16097267259337200, 2941.10593136586248875]
  #1628 objects/buildingsets/citysets/hightech/addon/small/ht_sml_addon_vent_006_a.cgf
    [0.95263067977652083, 0.54999877287809784, 0.00000000000000000, 1011.64406808846251806]
    [-0.54999877287809784, 0.95263067977652083, -0.00000000000000000, 14281.51740288448672800]
    [-0.00000000000000000, 0.00000000000000000, 1.10000175555263979, 2962.00996672920882702]
  #1629 objects/buildingsets/citysets/hightech/addon/containers/containers_01x04x02_a.cgf
    [0.86602784377940323, 0.49999885734173094, 0.00000000000000000, 813.11634690271603176]
    [-0.49999885734173094, 0.86602784377940323, -0.00000000000000000, 13978.68306875906455389]
    [-0.00000000000000000, 0.00000000000000000, 1.00000154177093092, 2957.87778835557401180]
  #1630 objects/buildingsets/citysets/hightech/addon/medium/ht_med_addon_vent_001_a.cgf
    [-0.62205120979729267, -1.07743277948029892, 0.00000000000000000, 851.49000010708550690]
    [-1.07743277948029892, 0.62205120979729189, -0.00000000000000000, 14030.14603002913099772]
    [0.00000000000000000, 0.00000000000000000, -1.24410976280588614, 2954.57907967083156109]
  #1631 objects/buildingsets/citysets/hightech/addon/small/ht_sml_addon_vent_005_a.cgf
    [0.86602784377940323, 0.49999885734173094, 0.00000000000000000, 1011.31591636573284632]
    [-0.49999885734173094, 0.86602784377940323, -0.00000000000000000, 14293.49810486006026622]
    [-0.00000000000000000, 0.00000000000000000, 1.00000154177093092, 2967.71256928704679012]
  #1632 objects/buildingsets/citysets/hightech/addon/medium/ht_med_addon_tank_003_a.cgf
    [-0.44999800187011968, -0.77942553648195456, 0.00000000000000000, 944.71001745434477925]
    [-0.77942553648195456, 0.44999800187011907, -0.00000000000000000, 14177.28612283918846515]
    [0.00000000000000000, 0.00000000000000000, -0.90000131589197307, 2937.35655676759779453]
  #1633 objects/buildingsets/citysets/hightech/addon/medium/ht_med_addon_vent_003_a.cgf
    [-0.63958528026733441, -0.17138099427999692, 0.00000000000000000, 791.93286830135184573]
    [-0.17138099427999692, 0.63958528026733408, -0.00000000000000000, 13915.53406867918238277]
    [0.00000000000000000, 0.00000000000000000, -0.66214860562795497, 2937.69828746095299721]
  #1634 objects/buildingsets/citysets/hightech/addon/medium/ht_med_addon_antenna_008_c.cgf
    [0.08919590057744900, 0.00000027122597986, -0.33287395181175905, 875.12766993556579109]
    [-0.33287395181184926, -0.00000004782414215, -0.08919590057751223, 13739.07792602801055182]
    [-0.00000011639483785, 0.34461714477750116, 0.00000024960553357, 2958.51185763999819756]
  #1635 objects/buildingsets/citysets/hightech/addon/medium/ht_med_addon_panel_06_a.cgf
    [0.25882215271169923, 0.00000223480946824, -0.96592620793423489, 811.58208808493509423]
    [-0.96592620793681694, 0.00000068007042247, -0.25882215271081777, 13895.63608086119529617]
    [0.00000007847955487, 1.00000117295334534, 0.00000233467558729, 2939.73373358510434628]
  #1636 objects/buildingsets/citysets/hightech/addon/medium/ht_med_addon_panel_01_a.cgf
    [-0.86602499183932724, 0.37157069521969960, -0.33456263402752656, 827.89804867347265827]
    [0.49999693762387659, 0.64358360402586634, -0.57948203692574995, 13822.92605216094852949]
    [0.00000048245290478, -0.66912748202926187, -0.74314509815832175, 2953.47339743003249168]
  #1637 objects/buildingsets/citysets/hightech/addon/medium/ht_med_addon_tank_003_a.cgf
    [-0.48595886272386396, -0.28056570273222481, -0.00000000000000000, 1028.61070970744913211]
    [0.28056570273222481, -0.48595886272386396, 0.00000000000000000, 14317.18629236112792569]
    [0.00000000000000000, -0.00000000000000000, 0.56113557168432837, 2968.53273994848132133]
  #1638 objects/buildingsets/citysets/hightech/addon/medium/ht_med_addon_antenna_003_a.cgf
    [-0.96592575828248428, 0.00000065639073753, 0.25882329584948927, 842.69467909273225814]
    [-0.25882329584844854, 0.00000135480942731, -0.96592575828203608, 13812.53129993265793019]
    [-0.00000098467994346, -1.00000103449253941, -0.00000113875493144, 2954.63037577457726002]
  #1639 objects/buildingsets/citysets/hightech/addon/large/ht_lrg_addon_antenna_001_a.cgf
    [0.04522277244168937, 0.16877089540422216, 0.00000000000000000, 875.79210840563609963]
    [-0.16877089540422216, 0.04522277244168937, -0.00000000000000000, 13735.17051915829870268]
    [-0.00000000000000000, 0.00000000000000000, 0.17472468137860694, 2958.73373208940029144]
  #1640 objects/buildingsets/citysets/hightech/addon/large/ht_lrg_addon_tank_008_a_linemarking_a.cgf
    [-0.31351558933760781, -0.18100651801466569, -0.00000000000000000, 801.76508314783131937]
    [0.18100651801466569, -0.31351558933760781, 0.00000000000000000, 13985.91189472942642169]
    [0.00000000000000000, -0.00000000000000000, 0.36201572385947667, 2955.30602314323186874]
  #1641 objects/buildingsets/citysets/hightech/addon/medium/ht_med_addon_panel_06_a.cgf
    [-0.49999740634267031, 0.61344306932072568, -0.61130462915783834, 901.04037872193293879]
    [-0.86602872292277089, -0.35416797185948545, 0.35293406474655487, 14138.38652218117022130]
    [0.00000043524813336, 0.70587237067910380, 0.70834126774352490, 2957.58660876564681530]
  #1642 objects/buildingsets/citysets/hightech/addon/medium/ht_med_addon_window_01_a.cgf
    [0.77431574979172135, -0.20747995176932946, 0.00000000000000000, 805.87587221762078116]
    [0.20747995176932946, 0.77431574979172135, 0.00000000000000000, 13884.37758557801862480]
    [0.00000000000000000, 0.00000000000000000, 0.80163134342521747, 2958.80037322454154491]
  #1643 objects/buildingsets/citysets/hightech/addon/medium/ht_med_addon_tank_003_a.cgf
    [-0.44999800187011968, -0.77942553648195456, 0.00000000000000000, 914.46008791757049039]
    [-0.77942553648195456, 0.44999800187011907, -0.00000000000000000, 14124.89144059831232880]
    [0.00000000000000000, 0.00000000000000000, -0.90000131589197307, 2937.35655676759779453]
  #1644 objects/buildingsets/citysets/hightech/struts/ht_connect_45_002.cgf
    [0.86602784377940323, 0.49999885734173094, 0.00000000000000000, 919.27549020540755009]
    [-0.49999885734173094, 0.86602784377940323, -0.00000000000000000, 14086.72729617551158299]
    [-0.00000000000000000, 0.00000000000000000, 1.00000154177093092, 2946.48374926485121250]
  #1645 objects/buildingsets/citysets/hightech/addon/large/ht_lrg_addon_tank_001_b.cgf
    [0.04999982698425369, -0.06123753079150943, 0.06123746542883929, 1006.06688480778393568]
    [0.08660290035321756, 0.03535523932229641, -0.03535519411512927, 14302.29239481002332468]
    [-0.00000000457461415, 0.07071079778270598, 0.07071087699200100, 2963.89822055585682392]
  #1646 objects/buildingsets/citysets/hightech/addon/large/ht_lrg_addon_tank_005_a.cgf
    [-0.10546713832058364, 0.00000021573159800, -0.18267597183482867, 810.52222252842329908]
    [-0.18267597183494072, -0.00000003803904994, 0.10546713832060337, 13977.49203154225688195]
    [0.00000007492226902, 0.21093560143164736, 0.00000020584884089, 2946.75851482152938843]
  #1647 objects/buildingsets/citysets/hightech/addon/medium/ht_med_addon_panel_01_a.cgf
    [-0.49999713903513227, -0.16524497117316550, 0.85011680200982098, 941.20949122400634224]
    [-0.86602798889943777, 0.09540393044191331, -0.49081078747290430, 14139.06252974721610371]
    [-0.00000046981862834, -0.98162814046814939, -0.19080830810414173, 2954.20702991634607315]
  #1648 objects/buildingsets/citysets/hightech/addon/large/ht_lrg_addon_tank_001_b.cgf
    [0.05688427824979195, -0.09852716958101425, 0.00000000000000000, 954.40551759564550593]
    [0.09852716958101425, 0.05688427824979195, 0.00000000000000000, 14150.57908437856895034]
    [0.00000000000000000, 0.00000000000000000, 0.11376917094558478, 2965.60661401785910130]
  #1649 objects/buildingsets/citysets/hightech/addon/containers/containers_01x02x02_a.cgf
    [-0.86602742626983575, -0.49999860695566278, -0.00000000000000000, 831.63486988073418615]
    [0.49999860695566278, -0.86602742626983575, 0.00000000000000000, 13988.60635754962640931]
    [0.00000000000000000, -0.00000000000000000, 1.00000105500402237, 2957.87778835557401180]
  #1650 objects/buildingsets/citysets/hightech/rooftop/ht_rooftop_doorway_24x02x08_a.cgf
    [1.05222407521991856, 0.42956498046692460, 0.42956746447296973, 886.62257206428330392]
    [-0.60749837775686932, 0.74403228903035046, 0.74403726879285248, 14099.67336864675598918]
    [0.00000023946535546, -0.85913890837652451, 0.85913335377183153, 2954.65027381479740143]
  #1651 objects/buildingsets/citysets/hightech/addon/large/ht_lrg_addon_tank_002_b.cgf
    [-0.06214552703255844, 0.23192796391086101, 0.00000000000000000, 809.53226393908698810]
    [0.23192796391086101, 0.06214552703255836, 0.00000000000000000, 13929.82428064228224684]
    [0.00000000000000000, 0.00000000000000000, -0.24010965614483756, 2940.12691438198089600]
  #1652 objects/buildingsets/citysets/hightech/addon/medium/ht_med_addon_panel_04_a.cgf
    [-0.39066699254552339, 0.10468149081814203, 0.00000000000000000, 812.11009267067129258]
    [-0.10468149081814203, -0.39066699254552339, -0.00000000000000000, 13868.01428200684313197]
    [-0.00000000000000000, 0.00000000000000000, 0.40444890107957115, 2957.83668327145278454]
  #1653 objects/buildingsets/citysets/hightech/addon/medium/ht_med_addon_vent_001_a.cgf
    [0.49999780202830896, -0.00000102274192864, -0.86602733698027823, 916.26810162740002852]
    [0.86602733698080914, 0.00000018033580416, 0.49999780202840294, 14158.17850277489742439]
    [-0.00000035519277561, -1.00000057521496455, 0.00000097588941313, 2945.92932614125311375]
  #1654 objects/buildingsets/citysets/hightech/addon/large/ht_lrg_addon_tank_008_a.cgf
    [-0.33606348112441209, -0.19402442053595323, -0.00000000000000000, 801.76508314783131937]
    [0.19402442053595323, -0.33606348112441209, 0.00000000000000000, 13985.91189472942642169]
    [0.00000000000000000, -0.00000000000000000, 0.38805172220951495, 2955.30602314323186874]
  #1655 objects/buildingsets/human/universal/prop/uee/forklift/forklift_machine_1_a.cgf
    [0.12186597881237386, -0.99254758964206025, 0.00000000000000000, 837.50330634506826755]
    [0.99254758964206025, 0.12186597881237386, 0.00000000000000000, 13972.83173655823156878]
    [0.00000000000000000, 0.00000000000000000, 1.00000101724756330, 2957.87599735148251057]
  #1656 objects/buildingsets/citysets/hightech/addon/containers/containers_01x02x03_a.cgf
    [0.86602784377940323, 0.49999885734173094, 0.00000000000000000, 820.83713884575263364]
    [-0.49999885734173094, 0.86602784377940323, -0.00000000000000000, 13991.81189966663077939]
    [-0.00000000000000000, 0.00000000000000000, 1.00000154177093092, 2957.87778835557401180]
  #1657 objects/buildingsets/citysets/hightech/addon/large/ht_lrg_addon_tank_008_a.cgf
    [-0.33606348112441209, -0.19402442053595323, -0.00000000000000000, 798.86411948064778699]
    [0.19402442053595323, -0.33606348112441209, 0.00000000000000000, 13980.88725262738444144]
    [0.00000000000000000, -0.00000000000000000, 0.38805172220951495, 2955.30602314323186874]
  #1658 objects/buildingsets/citysets/hightech/addon/large/ht_lrg_addon_antenna_001_a.cgf
    [0.64192306239495367, -0.37061190359011670, 0.00000000000000000, 1880.32477557556558168]
    [-0.37061190359011670, -0.64192306239495367, -0.00000000000000000, 15614.62661835992548731]
    [0.00000000000000000, 0.00000000000000000, -0.74122763110747947, 2934.15357327647507191]
  #1659 objects/buildingsets/citysets/hightech/addon/large/ht_lrg_addon_antenna_001_a.cgf
    [0.32547805264324720, 0.56374858351651447, 0.00000000000000000, 841.32079540074482793]
    [0.56374858351651447, -0.32547805264324731, 0.00000000000000000, 13998.16650928090166417]
    [0.00000000000000000, 0.00000000000000000, -0.65095962099758298, 2931.50048889964818954]
  #1660 objects/buildingsets/citysets/hightech/addon/medium/ht_med_addon_panel_03_a.cgf
    [0.39066694298620036, -0.10468023995437363, 0.00000000000000000, 801.72332806137274019]
    [0.10468023995437363, 0.39066694298620036, 0.00000000000000000, 13906.77772512235969771]
    [0.00000000000000000, 0.00000000000000000, 0.40444852945595977, 2957.82236124388873577]
  #1661 objects/buildingsets/citysets/hightech/addon/medium/ht_med_addon_panel_01_a.cgf
    [0.49999780202830896, -0.00000102274192864, -0.86602733698027823, 929.39928428475104738]
    [0.86602733698080914, 0.00000018033580416, 0.49999780202840294, 14183.23165219594193331]
    [-0.00000035519277561, -1.00000057521496455, 0.00000097588941313, 2953.88533326424658298]
  #1662 objects/buildingsets/human/hightech/delta/int/garage/high_tech_garage_door_l.cga
    [-0.14150832464548441, -0.52810642522792361, 0.00000000000000000, 796.30350997948698932]
    [0.52810642522792361, -0.14150832464548441, 0.00000000000000000, 13887.40593975054071052]
    [0.00000000000000000, 0.00000000000000000, 0.54673668462157210, 2954.67384286224842072]
  #1663 objects/buildingsets/citysets/hightech/addon/large/ht_lrg_addon_tank_002_b.cgf
    [0.12005436081611069, 0.20794175000563489, 0.00000000000000000, 1000.44712481908209156]
    [0.20794175000563489, -0.12005436081611078, 0.00000000000000000, 14292.51583909477631096]
    [0.00000000000000000, 0.00000000000000000, -0.24011001842149549, 2950.19034777581691742]
  #1664 objects/buildingsets/citysets/hightech/addon/medium/ht_med_addon_vent_001_a.cgf
    [-1.07743558093422442, 0.62205358912394415, 0.00000000000000000, 1852.78707533069245983]
    [0.62205358912394415, 1.07743558093422398, 0.00000000000000000, 15608.66296676035744895]
    [0.00000000000000000, 0.00000000000000000, -1.24411337859740501, 2953.31388710625469685]
  #1665 objects/buildingsets/citysets/hightech/addon/medium/ht_med_addon_vent_001_a.cgf
    [-0.32200451113860162, 1.20171786679396830, 0.00000000000000000, 804.12618710933747934]
    [1.20171786679396830, 0.32200451113860151, 0.00000000000000000, 13880.36824359132151585]
    [0.00000000000000000, 0.00000000000000000, -1.24411122355095549, 2953.31388710625469685]
  #1666 objects/buildingsets/citysets/hightech/addon/medium/ht_med_addon_tank_003_a.cgf
    [-0.47517834632784245, -0.12732495330484495, 0.00000000000000000, 1762.74064038488722872]
    [-0.12732495330484495, 0.47517834632784217, -0.00000000000000000, 15846.57817402300497633]
    [0.00000000000000000, 0.00000000000000000, -0.49194115964507784, 2943.48156918026506901]
  #1667 objects/buildingsets/citysets/hightech/addon/medium/ht_med_addon_vent_003_a.cgf
    [-0.33107216449626165, -0.57344017434267469, 0.00000000000000000, 1873.04184345690737246]
    [-0.57344017434267469, 0.33107216449626153, -0.00000000000000000, 15593.59706216573431448]
    [0.00000000000000000, 0.00000000000000000, -0.66214984078711137, 2937.76150758937001228]
  #1668 objects/buildingsets/citysets/hightech/addon/large/ht_lrg_addon_tank_002_a.cgf
    [0.13363763671429349, -0.23146884341462709, 0.00000000000000000, 889.57297639407624956]
    [0.23146884341462709, 0.13363763671429349, 0.00000000000000000, 14071.90598437964581535]
    [0.00000000000000000, 0.00000000000000000, 0.26727671694011551, 2956.85877029038965702]
  #1669 objects/buildingsets/citysets/hightech/addon/large/ht_lrg_addon_building_001_a.cgf
    [-0.04410772591670335, -0.16460920950876762, 0.00000000000000000, 803.70642469364975113]
    [0.16460920950876762, -0.04410772591670335, 0.00000000000000000, 13886.56104952460009372]
    [0.00000000000000000, 0.00000000000000000, 0.17041620621479750, 2955.92384539544582367]
  #1670 objects/buildingsets/citysets/hightech/addon/large/ht_lrg_addon_antenna_002_a.cgf
    [-0.22757482383664607, -0.39417425948895601, 0.00000000000000000, 803.77739960423787124]
    [-0.39417425948895601, 0.22757482383664607, -0.00000000000000000, 13955.82549475375344628]
    [0.00000000000000000, 0.00000000000000000, -0.45515233415632100, 2931.38665566965937614]
  #1671 objects/buildingsets/human/universal/prop/uee/forklift/forklift_machine_1_a.cgf
    [-0.61566514801598393, -0.78801135869869254, 0.00000000000000000, 1808.05773309997312026]
    [0.78801135869869254, -0.61566514801598393, 0.00000000000000000, 15706.46396074442600366]
    [0.00000000000000000, 0.00000000000000000, 1.00000273795610317, 2957.87669535353779793]
  #1672 objects/buildingsets/citysets/hightech/addon/greeble/orison_shipyard_greeble_c.cgf
    [0.86602698747680462, -0.49999836295771799, 0.00000000000000000, 983.35968226784461876]
    [-0.49999836295771799, -0.86602698747680462, -0.00000000000000000, 14244.32535607943646028]
    [0.00000000000000000, 0.00000000000000000, -1.00000055299912072, 2950.19732079096138477]
  #1673 objects/buildingsets/citysets/hightech/addon/greeble/orison_shipyard_greeble_c.cgf
    [-0.75980529823556775, 0.43867093286730502, 0.00000000000000000, 822.55878625051263953]
    [0.43867093286730502, 0.75980529823556719, 0.00000000000000000, 13963.08346309882654168]
    [0.00000000000000000, 0.00000000000000000, -0.87734615663916349, 2940.73373861238360405]
  #1674 objects/buildingsets/citysets/hightech/addon/large/ht_lrg_addon_tank_009_b.cgf
    [-0.27071252584884647, 0.46889252056119746, 0.00000000000000000, 1925.93972402178769698]
    [-0.46889252056119746, -0.27071252584884647, -0.00000000000000000, 15598.61434061327963718]
    [-0.00000000000000000, 0.00000000000000000, 0.54142909737997569, 2958.04410069249570370]
  #1675 objects/buildingsets/citysets/hightech/struts/ht_connect_45_001.cgf
    [0.96592724926592088, -0.25882259496925547, 0.00000000000000000, 1832.47389090086653596]
    [0.25882259496925547, 0.96592724926592088, 0.00000000000000000, 15668.44482538504962577]
    [0.00000000000000000, 0.00000000000000000, 1.00000229326789425, 2946.48374926485121250]
  #1676 objects/buildingsets/citysets/hightech/addon/large/ht_lrg_addon_tank_001_b.cgf
    [0.05688427824979195, -0.09852716958101425, 0.00000000000000000, 968.73360674434661632]
    [0.09852716958101425, 0.05688427824979195, 0.00000000000000000, 14175.39618739536308567]
    [0.00000000000000000, 0.00000000000000000, 0.11376917094558478, 2965.60661401785910130]
  #1677 objects/buildingsets/citysets/hightech/addon/medium/ht_med_addon_panel_02_a.cgf
    [-0.57459461718857163, -0.15396518667571513, 0.00000000000000000, 813.05802063336159335]
    [-0.15396518667571513, 0.57459461718857119, -0.00000000000000000, 13876.60501340122937108]
    [0.00000000000000000, 0.00000000000000000, -0.59486490299072869, 2941.95249108225107193]
  #1678 objects/buildingsets/citysets/hightech/addon/medium/ht_med_addon_panel_06_a.cgf
    [0.25882265270543497, 0.96592701345002507, 0.00000000000000000, 1760.51192831483058399]
    [-0.96592701345002507, 0.25882265270543497, -0.00000000000000000, 15847.41847386214431026]
    [-0.00000000000000000, 0.00000000000000000, 1.00000208043081762, 2957.85877231694757938]
  #1679 objects/buildingsets/citysets/hightech/addon/medium/ht_med_addon_panel_06_a.cgf
    [-0.49999805357183441, 0.86602884796284108, 0.00000000000000000, 896.64794685584638501]
    [-0.86602884796284108, -0.49999805357183441, -0.00000000000000000, 14093.91030119527204079]
    [-0.00000000000000000, 0.00000000000000000, 1.00000200953771468, 2957.85877231694757938]
  #1680 objects/buildingsets/citysets/hightech/addon/medium/ht_med_addon_panel_06_a.cgf
    [-0.49999805357183441, 0.86602884796284108, 0.00000000000000000, 901.51935576041432796]
    [-0.86602884796284108, -0.49999805357183441, -0.00000000000000000, 14091.09780630446584837]
    [-0.00000000000000000, 0.00000000000000000, 1.00000200953771468, 2957.85877231694757938]
  #1681 objects/buildingsets/citysets/hightech/addon/large/ht_lrg_addon_tank_008_b_linemarking_a.cgf
    [-0.52297915953073926, 0.14013530482772316, 0.00000000000000000, 849.19176116924791131]
    [-0.14013530482772316, -0.52297915953073926, -0.00000000000000000, 13820.92310894381625985]
    [-0.00000000000000000, 0.00000000000000000, 0.54142876259267658, 2957.95035050250589848]
  #1682 objects/buildingsets/citysets/hightech/addon/greeble/orison_shipyard_greeble_d.cgf
    [-0.73001453980707653, 0.42147140073657857, 0.00000000000000000, 993.46395705440954771]
    [0.42147140073657857, 0.73001453980707653, 0.00000000000000000, 14281.58345397074663197]
    [0.00000000000000000, 0.00000000000000000, -0.84294683697644390, 2950.19169977866113186]
  #1683 objects/buildingsets/citysets/hightech/addon/large/ht_lrg_addon_tank_002_b.cgf
    [0.06917716656334248, 0.25816941909451807, 0.00000000000000000, 1782.10091342611849541]
    [-0.25816941909451807, 0.06917716656334248, -0.00000000000000000, 15785.68365509415525594]
    [-0.00000000000000000, 0.00000000000000000, 0.26727687765561270, 2956.85877029038965702]
  #1684 objects/buildingsets/human/hightech/delta/int/garage/high_tech_garage_door_l.cga
    [-0.14149901183760688, -0.52807167000282040, 0.00000000000000000, 799.06854063406353816]
    [0.52807167000282040, -0.14149901183760688, 0.00000000000000000, 13877.08683431493045646]
    [0.00000000000000000, 0.00000000000000000, 0.54670070332000387, 2954.67384286224842072]
  #1685 objects/buildingsets/citysets/hightech/addon/medium/ht_med_addon_vent_001_a.cgf
    [0.32200367121613110, -1.20171878777444463, 0.00000000000000000, 1797.80161279040476074]
    [-1.20171878777444463, -0.32200367121613138, -0.00000000000000000, 15753.05380826764121593]
    [0.00000000000000000, 0.00000000000000000, -1.24411189575807346, 2954.57907967083156109]
  #1686 objects/buildingsets/human/shop/alpha/shippart/dumpersdepot/prop/prop_crate_dumper_cluster_01.cgf
    [-0.25882221829015106, -0.96592820886129949, 0.00000000000000000, 1800.23203067711438052]
    [0.96592820886129949, -0.25882221829015106, 0.00000000000000000, 15676.27981728857957933]
    [0.00000000000000000, 0.00000000000000000, 1.00000312267244085, 2957.87664235383272171]
  #1687 objects/buildingsets/citysets/hightech/addon/large/ht_lrg_addon_building_001_a.cgf
    [-0.14758525791393495, -0.08520776797623326, -0.00000000000000000, 1847.69700212823954644]
    [0.08520776797623326, -0.14758525791393495, 0.00000000000000000, 15613.48834182450809749]
    [0.00000000000000000, -0.00000000000000000, 0.17041646656650963, 2955.92384539544582367]
  #1688 objects/buildingsets/citysets/hightech/addon/large/ht_lrg_addon_tank_008_b_linemarking_a.cgf
    [-0.27071252584884647, 0.46889252056119746, 0.00000000000000000, 1925.93972402178769698]
    [-0.46889252056119746, -0.27071252584884647, -0.00000000000000000, 15598.61434061327963718]
    [-0.00000000000000000, 0.00000000000000000, 0.54142909737997569, 2957.95035050250589848]
  #1689 objects/buildingsets/human/shop/alpha/shippart/dumpersdepot/prop/prop_crate_dumper_cluster_02.cgf
    [-0.96592722813299714, 0.25882206158666005, 0.00000000000000000, 1793.13360006060975138]
    [-0.25882206158666005, -0.96592722813299714, -0.00000000000000000, 15713.61471769481431693]
    [-0.00000000000000000, 0.00000000000000000, 1.00000213480405309, 2957.87091234140098095]
  #1690 objects/buildingsets/citysets/hightech/addon/medium/ht_med_addon_panel_04_a.cgf
    [-0.20222306451497324, 0.35026411186078288, 0.00000000000000000, 1866.06286359608202474]
    [-0.35026411186078288, -0.20222306451497324, -0.00000000000000000, 15605.21206506552698556]
    [-0.00000000000000000, 0.00000000000000000, 0.40444915116668245, 2957.83668327145278454]
  #1691 objects/buildingsets/human/hightech/delta/int/garage/high_tech_garage_door_l.cga
    [-0.47345828247998162, -0.27334927654837998, -0.00000000000000000, 1841.84924414672423154]
    [0.27334927654837998, -0.47345828247998162, 0.00000000000000000, 15608.85968282606336288]
    [0.00000000000000000, -0.00000000000000000, 0.54670153853671999, 2954.79884311556816101]
  #1692 objects/buildingsets/citysets/hightech/addon/medium/ht_med_addon_vent_001_a.cgf
    [0.32200367121613110, -1.20171878777444463, 0.00000000000000000, 1809.86096410582103999]
    [-1.20171878777444463, -0.32200367121613138, -0.00000000000000000, 15708.04824356635799631]
    [0.00000000000000000, 0.00000000000000000, -1.24411189575807346, 2954.57907967083156109]
  #1693 objects/buildingsets/citysets/hightech/addon/large/ht_lrg_addon_antenna_002_a.cgf
    [-0.11545876490702792, 0.43089521222788957, 0.00000000000000000, 1802.26349481420766097]
    [0.43089521222788957, 0.11545876490702792, 0.00000000000000000, 15702.11080106269582757]
    [0.00000000000000000, 0.00000000000000000, -0.44609574119775491, 2932.51497195661067963]
  #1694 objects/buildingsets/citysets/hightech/addon/large/ht_lrg_addon_tank_003_c.cgf
    [-0.18210920527565161, -0.04879651237749623, 0.00000000000000000, 1817.51428309249604354]
    [-0.04879651237749623, 0.18210920527565161, -0.00000000000000000, 15649.52390197875683953]
    [0.00000000000000000, 0.00000000000000000, -0.18853345131921961, 2940.00191412866115570]
  #1695 objects/buildingsets/citysets/hightech/addon/medium/ht_med_addon_tank_003_a.cgf
    [-0.44999800187011968, -0.77942553648195456, 0.00000000000000000, 929.64754902798449621]
    [-0.77942553648195456, 0.44999800187011907, -0.00000000000000000, 14151.19702911079002661]
    [0.00000000000000000, 0.00000000000000000, -0.90000131589197307, 2937.35655676759779453]
  #1696 objects/buildingsets/citysets/hightech/addon/medium/ht_med_addon_panel_01_a.cgf
    [0.49999780202830896, -0.00000102274192864, -0.86602733698027823, 795.45092829862551298]
    [0.86602733698080914, 0.00000018033580416, 0.49999780202840294, 13954.69315994144562865]
    [-0.00000035519277561, -1.00000057521496455, 0.00000097588941313, 2951.30401703342795372]
  #1697 objects/buildingsets/citysets/hightech/addon/medium/ht_med_addon_panel_01_a.cgf
    [-0.96592462859109018, -0.19234308521843405, 0.17318588401812904, 1910.42788740972173400]
    [-0.25882274408257971, 0.71782359592225176, -0.64632783729012711, 15585.24942022566756350]
    [-0.00000022374197101, -0.66912855542057359, -0.74314640367430196, 2953.49285246990621090]
  #1698 objects/buildingsets/citysets/hightech/addon/medium/ht_med_addon_panel_01_a.cgf
    [-0.25882223624712836, 0.00000032444922222, -0.96592755929610807, 1793.38848759249231080]
    [0.96592755929615259, -0.00000005720877374, -0.25882223624715922, 15655.21399346434918698]
    [-0.00000013923385618, -1.00000249988872381, -0.00000029858679643, 2951.30401703342795372]
  #1699 objects/buildingsets/citysets/hightech/addon/medium/ht_med_addon_window_01_a.cgf
    [0.40081328652406073, -0.69423563926935417, 0.00000000000000000, 1850.77497882501484128]
    [0.69423563926935417, 0.40081328652406073, 0.00000000000000000, 15613.47843332533739158]
    [0.00000000000000000, 0.00000000000000000, 0.80163234308874265, 2958.80037322454154491]
  #1700 objects/buildingsets/citysets/hightech/addon/medium/ht_med_addon_antenna_008_c.cgf
    [0.29844880052781914, -0.00000005410858355, -0.17230651238461051, 2002.89552878897666233]
    [-0.17230651238461128, 0.00000000954074025, -0.29844880052782335, 15558.22489814799337182]
    [0.00000005162991884, 0.34461749918807338, -0.00000001879138130, 2958.73373408988118172]
  #1701 objects/buildingsets/human/shop/alpha/shippart/dumpersdepot/prop/prop_crate_dumper_pallet_05.cgf
    [0.96592724926592088, -0.25882259496925547, 0.00000000000000000, 1796.45765202969778329]
    [0.25882259496925547, 0.96592724926592088, 0.00000000000000000, 15694.61932656238241179]
    [0.00000000000000000, 0.00000000000000000, 1.00000229326789425, 2957.87664235383272171]
  #1702 objects/buildingsets/human/shop/alpha/shippart/dumpersdepot/prop/prop_crate_dumper_pallet_05.cgf
    [-0.86602844582996619, -0.49999680657835471, -0.00000000000000000, 825.99893664168484975]
    [0.49999680657835471, -0.86602844582996619, 0.00000000000000000, 13980.92521568573283730]
    [0.00000000000000000, -0.00000000000000000, 1.00000103778707095, 2957.87664235383272171]
  #1703 objects/buildingsets/citysets/hightech/addon/medium/ht_med_addon_vent_001_a.cgf
    [-0.62205120979729267, -1.07743277948029892, 0.00000000000000000, 866.98549007694236934]
    [-1.07743277948029892, 0.62205120979729189, -0.00000000000000000, 14021.19974344661750365]
    [0.00000000000000000, 0.00000000000000000, -1.24410976280588614, 2954.57907967083156109]
  #1704 objects/buildingsets/human/universal/prop/uee/forklift/forklift_machine_1_a.cgf
    [0.12186597881237386, -0.99254758964206025, 0.00000000000000000, 841.97222289280034602]
    [0.99254758964206025, 0.12186597881237386, 0.00000000000000000, 13980.61187477487692377]
    [0.00000000000000000, 0.00000000000000000, 1.00000101724756330, 2957.87599735148251057]
  #1705 objects/buildingsets/citysets/hightech/addon/containers/containers_01x02x02_a.cgf
    [-0.96592773670029752, 0.25882015148584997, 0.00000000000000000, 1795.06090412790945265]
    [-0.25882015148584997, -0.96592773670029752, -0.00000000000000000, 15684.25574849176518910]
    [-0.00000000000000000, 0.00000000000000000, 1.00000213166878638, 2957.87778835557401180]
  #1706 objects/buildingsets/citysets/hightech/addon/medium/ht_med_addon_panel_01_a.cgf
    [-0.09296439001307526, -0.49735740291505059, -0.27168216070815471, 1818.36645190386479953]
    [-0.16101921999158114, 0.28714730410934497, -0.47057113917876098, 15633.06461526873135881]
    [0.54336764117378056, -0.00000053858583157, -0.18592893001604213, 2941.73078563250601292]
  #1707 objects/buildingsets/citysets/hightech/addon/large/ht_lrg_addon_tank_002_a.cgf
    [0.08543340911736616, -0.32281093589082571, -0.01353141054042571, 1788.66720695725234691]
    [-0.31883660843615774, -0.08649836105163185, 0.05049868762304013, 15747.52218185829406139]
    [-0.05228017332462257, 0.00000010174923714, -0.33008430782525350, 2947.62692958116531372]
  #1708 objects/buildingsets/citysets/hightech/struts/ht_connect_45_001.cgf
    [0.86602784377940323, 0.49999885734173094, 0.00000000000000000, 832.45365824760665419]
    [-0.49999885734173094, 0.86602784377940323, -0.00000000000000000, 13936.34675066171257640]
    [-0.00000000000000000, 0.00000000000000000, 1.00000154177093092, 2946.48374926485121250]
  #1709 objects/buildingsets/citysets/hightech/addon/medium/ht_med_addon_panel_06_a.cgf
    [0.49999769115541159, -0.58060893315499384, 0.64256971420902786, 1011.30189353829337051]
    [0.86602688808023687, 0.33521231379623034, -0.37098570840428974, 14250.55245645221475570]
    [0.00000033569692955, 0.74197455041179927, 0.67042824267768564, 2959.87132839486002922]
  #1710 objects/buildingsets/citysets/hightech/addon/containers/containers_01x04x02_a.cgf
    [-0.96592773670029752, 0.25882015148584997, 0.00000000000000000, 1795.77587562489497941]
    [-0.25882015148584997, -0.96592773670029752, -0.00000000000000000, 15699.75091705592421931]
    [-0.00000000000000000, 0.00000000000000000, 1.00000213166878638, 2957.87778835557401180]
  #1711 objects/buildingsets/citysets/hightech/addon/greeble/orison_shipyard_greeble_c.cgf
    [-0.84745190268118764, -0.22707795346638374, 0.00000000000000000, 1807.55053972884343239]
    [-0.22707795346638374, 0.84745190268118686, -0.00000000000000000, 15680.56334702200183528]
    [0.00000000000000000, 0.00000000000000000, -0.87734777842566303, 2940.73373861238360405]
  #1712 objects/buildingsets/citysets/hightech/addon/medium/ht_med_addon_tank_003_a.cgf
    [-0.47517834632784245, -0.12732495330484495, 0.00000000000000000, 1772.86707912814745214]
    [-0.12732495330484495, 0.47517834632784217, -0.00000000000000000, 15808.78625279868720099]
    [0.00000000000000000, 0.00000000000000000, -0.49194115964507784, 2943.48156918026506901]
  #1713 objects/buildingsets/citysets/hightech/addon/medium/ht_med_addon_tank_003_a.cgf
    [-0.47517834632784245, -0.12732495330484495, 0.00000000000000000, 1767.75533148874092149]
    [-0.12732495330484495, 0.47517834632784217, -0.00000000000000000, 15827.86331729095763876]
    [0.00000000000000000, 0.00000000000000000, -0.49194115964507784, 2943.48156918026506901]
  #1714 objects/buildingsets/citysets/hightech/addon/greeble/orison_shipyard_greeble_d.cgf
    [0.45214254001418369, 0.78314136746755136, 0.00000000000000000, 1860.93408651602658210]
    [0.78314136746755136, -0.45214254001418386, 0.00000000000000000, 15629.48322580134117743]
    [0.00000000000000000, 0.00000000000000000, -0.90429158899628403, 2940.67123848572373390]
  #1715 objects/buildingsets/citysets/hightech/addon/containers/containers_01x02x03_a.cgf
    [-0.96592773670029752, 0.25882015148584997, 0.00000000000000000, 1799.00443619641737314]
    [-0.25882015148584997, -0.96592773670029752, -0.00000000000000000, 15669.18975122135088895]
    [-0.00000000000000000, 0.00000000000000000, 1.00000213166878638, 2957.87778835557401180]
  #1716 objects/buildingsets/citysets/hightech/addon/medium/ht_med_addon_panel_06_a.cgf
    [-0.49999740634267031, 0.61344306932072568, -0.61130462915783834, 983.99134557671641232]
    [-0.86602872292277089, -0.35416797185948545, 0.35293406474655487, 14282.06232845458362135]
    [0.00000043524813336, 0.70587237067910380, 0.70834126774352490, 2957.58660876564681530]
  #1717 objects/buildingsets/citysets/hightech/addon/large/ht_lrg_addon_tank_002_a.cgf
    [-0.06917705045442336, -0.25816973859964631, 0.00000000000000000, 1777.02151875411072979]
    [0.25816973859964631, -0.06917705045442336, 0.00000000000000000, 15804.63997041909533436]
    [0.00000000000000000, 0.00000000000000000, 0.26727715622212000, 2956.85877029038965702]
  #1718 objects/buildingsets/citysets/hightech/addon/medium/ht_med_addon_panel_06_a.cgf
    [0.25882265270543497, 0.96592701345002507, 0.00000000000000000, 1765.94526955769106280]
    [-0.96592701345002507, 0.25882265270543497, -0.00000000000000000, 15848.87435211892807274]
    [-0.00000000000000000, 0.00000000000000000, 1.00000208043081762, 2957.85877231694757938]
  #1719 objects/buildingsets/citysets/hightech/addon/medium/ht_med_addon_panel_01_a.cgf
    [0.09835224861211517, 0.49735674114452227, -0.26977886882740942, 1878.19646389749686932]
    [0.17035119773448526, -0.28714770218951802, -0.46727315072927256, 15598.70835625957261072]
    [-0.53955985345290680, 0.00000036855831028, -0.19670458910888997, 2941.78585674427449703]
  #1720 objects/buildingsets/citysets/hightech/addon/large/ht_lrg_addon_antenna_001_a.cgf
    [0.15131648506968878, 0.08736166311066003, 0.00000000000000000, 2005.38537282719335053]
    [-0.08736166311066003, 0.15131648506968878, -0.00000000000000000, 15556.78740924680460012]
    [-0.00000000000000000, 0.00000000000000000, 0.17472475163898732, 2958.73373208940029144]
  #1721 objects/buildingsets/citysets/hightech/addon/medium/ht_med_addon_panel_03_a.cgf
    [0.20222306132443457, -0.35026397820060051, 0.00000000000000000, 1831.30836306051060092]
    [0.35026397820060051, 0.20222306132443457, 0.00000000000000000, 15625.27740428716970200]
    [0.00000000000000000, 0.00000000000000000, 0.40444903381802849, 2957.82236124388873577]
  #1722 objects/buildingsets/human/hightech/delta/int/garage/high_tech_garage_door_l.cga
    [-0.47345828247998162, -0.27334927654837998, -0.00000000000000000, 1851.10113840649864869]
    [0.27334927654837998, -0.47345828247998162, 0.00000000000000000, 15603.51815490276203491]
    [0.00000000000000000, -0.00000000000000000, 0.54670153853671999, 2954.79884311556816101]
  #1723 objects/buildingsets/citysets/hightech/addon/medium/ht_med_addon_antenna_003_a.cgf
    [-0.49999884141117135, -0.00000102901318098, 0.86602856969819586, 1927.27950875582610024]
    [-0.86602856969866915, 0.00000115870832441, -0.49999884141006773, 15588.08629403337363328]
    [-0.00000048896805727, -1.00000216246999885, -0.00000147050445333, 2954.63037577457726002]
  #1724 objects/buildingsets/human/universal/prop/uee/forklift/forklift_machine_1_a.cgf
    [-0.61566514801598393, -0.78801135869869254, 0.00000000000000000, 1811.50936095716315322]
    [0.78801135869869254, -0.61566514801598393, 0.00000000000000000, 15693.42207544102711836]
    [0.00000000000000000, 0.00000000000000000, 1.00000273795610317, 2957.87669535353779793]
  #1725 objects/buildingsets/citysets/hightech/addon/medium/ht_med_addon_panel_02_a.cgf
    [-0.29743133130241473, -0.51517004586261683, 0.00000000000000000, 1862.01547242359811207]
    [-0.51517004586261683, 0.29743133130241428, -0.00000000000000000, 15611.85999737241581897]
    [0.00000000000000000, 0.00000000000000000, -0.59486601264017247, 2941.95249108225107193]
  #1726 objects/buildingsets/human/universal/prop/uee/forklift/forklift_machine_1_a.cgf
    [-0.61566514801598393, -0.78801135869869254, 0.00000000000000000, 1810.39913040659303078]
    [0.78801135869869254, -0.61566514801598393, 0.00000000000000000, 15697.80256328652467346]
    [0.00000000000000000, 0.00000000000000000, 1.00000273795610317, 2957.87669535353779793]
  #1727 objects/buildingsets/citysets/hightech/addon/medium/ht_med_addon_vent_001_a.cgf
    [0.32200367121613110, -1.20171878777444463, 0.00000000000000000, 1780.12615251055103727]
    [-1.20171878777444463, -0.32200367121613138, -0.00000000000000000, 15748.31763118974777171]
    [0.00000000000000000, 0.00000000000000000, -1.24411189575807346, 2954.57907967083156109]
  #1728 objects/buildingsets/citysets/hightech/addon/medium/ht_med_addon_antenna_004_a.cgf
    [0.00000011168662691, 1.41089207421057394, 2.44374076870007606, 1820.02692824745463440]
    [-0.00000017054931669, 2.44374076870007517, -1.41089207421056639, 15664.33102931382018141]
    [-2.82178762306397246, -0.00000009185685618, 0.00000018199804893, 2944.97142920084297657]
  #1729 objects/buildingsets/citysets/hightech/addon/large/ht_lrg_addon_tank_008_c.cgf
    [-0.26450648197950249, 0.14175015225432921, -0.45813861099908321, 1802.42157295029028319]
    [-0.07087450320376766, -0.52901291656908045, -0.12275956361995623, 15739.09121198200045910]
    [-0.47430042941991302, -0.00000064609395793, 0.27383731340548928, 2952.58569763042032719]
  #1730 objects/buildingsets/citysets/hightech/addon/medium/ht_med_addon_panel_06_a.cgf
    [0.86602888980691373, 0.00000010137367489, -0.49999838150148551, 1846.55688331129204016]
    [-0.49999838150109571, 0.00000144064165627, -0.86602888980594639, 15624.88962061588244978]
    [0.00000063252456761, 1.00000220973867093, 0.00000129832109863, 2939.73373358510434628]
