# IncludedObjects
# Cgfs: 86, Materials: 6, Palettes: 14, Placements: 315

[CGFs]
      0: objects/spaceships/derelicts/metal_plate/derelicts_metal_plate_08x04_b.cgf
      1: objects/buildingsets/human/colonialism/ruin/structure/col_a_ruin_struct_addon_bar_4m_d.cgf
      2: objects/spaceships/derelicts/metal_plate/derelicts_metal_plate_04x04_a.cgf
      3: objects/spaceships/derelicts/metal_plate/derelicts_metal_plate_straight_08x04_a.cgf
      4: objects/landscape/terrain/sand/pile/sand_pile_single_centre_7x10m_a.cgf
      5: objects/spaceships/derelicts/metal_plate/derelicts_metal_plate_straight_16x04_a.cgf
      6: objects/spaceships/derelicts/metal_plate/derelicts_metal_plate_04x01_a.cgf
      7: objects/spaceships/derelicts/metal_plate/derelicts_metal_plate_04x04_e.cgf
      8: objects/buildingsets/human/colonialism/ruin/structure/col_a_ruin_struct_addon_bar_4m_c.cgf
      9: objects/spaceships/derelicts/metal_plate/derelicts_metal_plate_04x02_b.cgf
     10: objects/landscape/terrain/sand/pile/sand_pile_single_centre_2x003_a.cgf
     11: objects/spaceships/derelicts/habs/ext/building/lge/hab_building_lge_int_floor_a.cgf
     12: objects/spaceships/derelicts/metal_plate/derelicts_metal_plate_04x02_c.cgf
     13: objects/spaceships/derelicts/habs/ext/addon/plate/drlct_hab_plate_grp_d.cgf
     14: objects/landscape/terrain/sand/pile/sand_pile_single_centre_16m_a.cgf
     15: objects/buildingsets/human/colonialism/ruin/structure/col_a_structural_addon_bar_2m_b.cgf
     16: objects/buildingsets/human/colonialism/ruin/structure/col_a_structural_addon_bar_2m_a.cgf
     17: objects/buildingsets/human/lowtech/alpha/int/stairs/util_stairs_b_rail_cornerout_005x005_a.cgf
     18: objects/buildingsets/human/colonialism/ruin/structure/col_a_ruin_struct_sheet_2m_a.cgf
     19: objects/buildingsets/human/colonialism/ruin/structure/col_a_ruin_struct_scaffold_2m_b.cgf
     20: objects/buildingsets/human/colonialism/ruin/structure/col_a_ruin_struct_addon_bar_4m_b.cgf
     21: objects/buildingsets/human/lowtech/prop/light/lamp/lamp_lantern_1_a.cgf
     22: objects/buildingsets/human/colonialism/col_a/ext/nongp/col_a_ext_adn_fluff_d.cgf
     23: objects/buildingsets/human/lowtech/alpha/int/stairs/util_stairs_b_rail_straight_02x01_a.cgf
     24: objects/buildingsets/human/colonialism/col_a/int/garage/col_garage_sml_a_int_cylinder_generator_b.cgf
     25: objects/buildingsets/human/colonialism/ruin/structure/col_a_ruin_struct_grate_4m_a.cgf
     26: objects/buildingsets/human/colonialism/col_a/int/habitation/col_a_hab_a_int_bedroom_bin_a.cgf
     27: objects/buildingsets/human/colonialism/col_a/ext/addons/col_a_ext_adn_floorplate_metal_1x4m_a.cgf
     28: objects/buildingsets/human/lowtech/alpha/int/stairs/util_stairs_b_rail_straight_01x01_a.cgf
     29: objects/spaceships/derelicts/habs/ext/addon/plate/drlct_hab_plate_grp_e.cgf
     30: objects/buildingsets/human/colonialism/col_a/ext/tradingpost/col_a_trdpst_storage_int_light_ceiling_b.cgf
     31: objects/buildingsets/human/colonialism/ruin/structure/col_a_structural_addon_bar_4m_e.cgf
     32: objects/buildingsets/human/colonialism/ruin/structure/col_a_ruin_struct_addon_bar_4m_e.cgf
     33: objects/buildingsets/human/colonialism/col_a/ext/addons/col_a_ext_adn_anten_c.cgf
     34: objects/spaceships/derelicts/habs/ext/addon/ladders/derelict_ladder_1mx05m_a.cgf
     35: objects/buildingsets/human/lowtech/alpha/int/stairs/util_stairs_structure_4m_d.cgf
     36: objects/buildingsets/human/lowtech/alpha/int/stairs/util_stairs_b_rail_straight_005x01_a.cgf
     37: objects/buildingsets/human/colonialism/ruin/structure/col_a_structural_addon_floor_1m_a.cgf
     38: objects/buildingsets/human/colonialism/props/addons/addons_solar_1_small_d.cgf
     39: objects/spaceships/derelicts/metal_plate/derelicts_metal_plate_02x01_a.cgf
     40: objects/buildingsets/human/colonialism/col_a/ext/addons/col_a_ext_adn_fluff_a.cgf
     41: objects/buildingsets/human/colonialism/col_a/ext/habitation/col_a_ext_hab_addon_canopy_legstand_b_mirror.cgf
     42: objects/buildingsets/human/colonialism/ruin/structure/col_a_ruin_struct_scaffold_2m_a.cgf
     43: objects/spaceships/derelicts/metal_plate/derelicts_metal_plate_corner_02x02_a.cgf
     44: objects/spaceships/derelicts/habs/ext/power_sources/drlct_hab_commtower_base_a.cgf
     45: objects/buildingsets/human/universal/prop/junk/scrap/scrap_pile_2_large_a.cgf
     46: objects/buildingsets/human/colonialism/col_a/ext/garage/col_garage_sml_a_ext_addon_a.cgf
     47: objects/buildingsets/human/colonialism/col_a/ext/habitation/col_a_ext_hab_blade_addon_b.cgf
     48: objects/spaceships/derelicts/habs/ext/power_sources/drlct_hab_commtower_platform_a.cgf
     49: objects/spaceships/derelicts/metal_plate/derelicts_metal_plate_01x01_b.cgf
     50: objects/buildingsets/human/lowtech/alpha/int/stairs/util_addon_floorplate_01x02_a.cgf
     51: objects/buildingsets/human/colonialism/col_a/ext/nongp/col_a_ext_adn_fluff_a.cgf
     52: objects/spaceships/derelicts/metal_plate/derelicts_metal_plate_02x005_a.cgf
     53: objects/buildingsets/human/colonialism/col_a/ext/habitation/col_a_ext_hab_addon_fuel_tank_a.cgf
     54: objects/spaceships/derelicts/metal_plate/derelicts_metal_plate_02x01_b.cgf
     55: objects/buildingsets/human/colonialism/col_a/ext/garage/col_garage_sml_a_ext_addon_b.cgf
     56: objects/buildingsets/human/universal/prop/junk/scrap/scrap_pile_3_medium_a.cgf
     57: objects/buildingsets/human/lowtech/bravo/int/prop/light/light_b.cgf
     58: objects/buildingsets/human/colonialism/props/light/col_light_beacon_a_tube_a.cgf
     59: objects/buildingsets/human/colonialism/props/addons/addons_solar_1_small_b.cgf
     60: objects/buildingsets/human/lowtech/alpha/int/universal/prop/cable_hanging_h.cgf
     61: objects/buildingsets/human/colonialism/col_a/int/addons/col_a_int_addn_gen_a.cgf
     62: objects/spaceships/derelicts/metal_plate/derelicts_metal_plate_02x005_b.cgf
     63: objects/buildingsets/human/colonialism/col_a/ext/addons/col_a_ext_adn_pole_a.cgf
     64: objects/buildingsets/human/colonialism/col_a/ext/nongp/col_a_ext_adn_fluff_c.cgf
     65: objects/spaceships/derelicts/metal_plate/derelicts_metal_plate_04x005_c.cgf
     66: objects/buildingsets/human/colonialism/col_a/int/addons/col_a_int_addn_gen_h.cgf
     67: objects/buildingsets/human/colonialism/col_a/int/garage/col_garage_sml_a_int_floor_cables_c.cgf
     68: objects/buildingsets/human/colonialism/col_a/ext/nongp/col_a_ext_adn_fluff_b.cgf
     69: objects/buildingsets/human/lowtech/alpha/int/stairs/util_stairs_structure_1m_a.cgf
     70: objects/buildingsets/human/colonialism/col_a/ext/addons/col_a_ext_adn_anten_b.cgf
     71: objects/spaceships/derelicts/habs/ext/addon/antenna/drlct_hab_antenna_b.cgf
     72: objects/buildingsets/human/colonialism/col_a/ext/addons/col_a_ext_adn_anten_a.cgf
     73: objects/buildingsets/human/universal/prop/junk/scrap/scrap_pile_3_large_a.cgf
     74: objects/buildingsets/human/universal/prop/junk/scrap/scrap_pile_1_large_a.cgf
     75: objects/buildingsets/human/colonialism/col_a/ext/addons/col_a_ext_adn_anten_d.cgf
     76: objects/spaceships/derelicts/metal_plate/derelicts_metal_plate_04x01_c.cgf
     77: objects/buildingsets/human/colonialism/ruin/structure/col_a_ruin_struct_sheet_4x1m_bare_a.cgf
     78: objects/buildingsets/human/colonialism/col_a/ext/tradingpost/col_a_trdpst_tarp_pole_b.cgf
     79: objects/buildingsets/human/universal/prop/junk/scrap/scrap_pile_2_small_a.cgf
     80: objects/spaceships/derelicts/metal_plate/derelicts_metal_plate_04x01_b.cgf
     81: objects/spaceships/derelicts/habs/ext/power_sources/drlct_hab_comtower_plates_a_base_a.cgf
     82: objects/buildingsets/human/colonialism/col_a/ext/habitation/col_a_ext_hab_addon_g.cgf
     83: objects/spaceships/derelicts/habs/ext/addon/plate/drlct_hab_plate_grp_g.cgf
     84: objects/spaceships/derelicts/habs/ext/addon/cable/drlct_cable_support_a.cgf
     85: objects/buildingsets/human/colonialism/col_a/int/garage/col_garage_sml_a_int_machinery_h.cgf

[Materials]
      0: objects/landscape/sand_pile/tilable_sand_pile_01
      1: objects/spaceships/derelicts/materials/habitation/derelict_col_a_organic_01
      2: materials/decals/manmade_marking/habs/paintstrip_03_a
      3: materials/decals/graffiti/graff_symbol3
      4: materials/decals/damage_decals/ballistic_v3
      5: objects/buildingsets/human/colonialism/col_a/col_a_habs

[Palettes]
      0: Libs/Foundry/Records/TintPalettes/Brand/Derelict_Habs/derelict_hab_b
      1: Libs/Foundry/Records/TintPalettes/Brand/DRAK/drak_cutlass_black_default
      2: Libs/Foundry/Records/TintPalettes/Brand/AEGS/Reclaimer/aegs_reclaimer_default
      3: Libs/Foundry/Records/TintPalettes/default
      4: Libs/Foundry/Records/TintPalettes/generic/gen_grey_darkgrey_red_a<222>
      5: Libs/Foundry/Records/TintPalettes/no_tint
      6: Libs/Foundry/Records/TintPalettes/Generic/gen_grey_darkgrey_orange_a<232>
      7: Libs/Foundry/Records/TintPalettes/Generic/gen_beige_burgundy_red<133>
      8: Libs/Foundry/Records/TintPalettes/Generic/gen_grey_darkgrey_orange_a<111>
      9: Libs/Foundry/Records/TintPalettes/Brand/Derelict_Habs/derelict_habs_reclaimer_root|exterior_b
     10: Libs/Foundry/Records/TintPalettes/Generic/gen_grey_darkgrey_orange_a<311>
     11: Libs/Foundry/Records/TintPalettes/Brand/Derelict_Habs/derelict_hab_b<333>
     12: Libs/Foundry/Records/TintPalettes/Generic/gen_beige_burgundy_red
     13: Libs/Foundry/Records/TintPalettes/Brand/Derelict_Habs/derelict_habs_reclaimer_root|exterior<213>

[Placements]
  #0 objects/spaceships/derelicts/metal_plate/derelicts_metal_plate_08x04_b.cgf
    [0.29435685243647941, -0.92085731443949936, 0.29236349228797615, -10.874814000000015]
    [-0.81413556460888759, -0.40098040002628715, -0.44328158431135611, -27.310834999999997]
    [0.5202286878080794, -0.1064757577756144, -0.8591423555752864, 5.9572940000000001]
  #1 objects/buildingsets/human/colonialism/ruin/structure/col_a_ruin_struct_addon_bar_4m_d.cgf
    [0.030708306555176309, 1.9110478934759925, -0.14064149945888277, -6.326129999999921]
    [-0.013440316385948945, -0.14044129106218436, -1.9112620658300081, -60.963434000000007]
    [-1.916168948820671, 0.031611314846371849, 0.011151993979761674, 6.0943649999999998]
  #2 objects/spaceships/derelicts/metal_plate/derelicts_metal_plate_04x04_a.cgf
    [1.0099999904632568, 0, 0, -2.7935529999999744]
    [0, 1.0099999904632568, 0, -62.923127999999963]
    [0, 0, 1.0099999904632568, 6.6273149999999994]
  #3 objects/spaceships/derelicts/metal_plate/derelicts_metal_plate_straight_08x04_a.cgf
    [0.99144335301963149, -0.19271754120991919, 0, -8.5094699999999648]
    [0.19271754120991919, 0.99144335301963149, 0, -39.640597000000014]
    [0, 0, 1.0099999866023794, 2.3475510000000002]
  #4 objects/landscape/terrain/sand/pile/sand_pile_single_centre_7x10m_a.cgf
    [0.48362836646330587, 0.87004698900220512, -0.095506274777383215, 1.0683999999999969]
    [-0.87248910961497528, 0.48790766213348669, 0.026617198882021978, -23.144329999999968]
    [0.069756470645554083, 0.070455366021716828, 0.99507270319481889, -0.51941300000000012]
  #5 objects/spaceships/derelicts/metal_plate/derelicts_metal_plate_04x04_a.cgf
    [1.0099999904632568, 0, 0, -2.0723769999999604]
    [0, 1.0099999904632568, 0, -58.242542000000014]
    [0, 0, 1.0099999904632568, 6.7453289999999999]
  #6 objects/spaceships/derelicts/metal_plate/derelicts_metal_plate_straight_16x04_a.cgf
    [-0.17112188246566012, -0.99411988883216862, -0.050431187220221892, 1.422505000000001]
    [0.96056322258590787, -0.17834005912782183, 0.25615127444612917, -30.961073999999996]
    [-0.26102864484860655, -0.0045636184456282446, 0.97567595882541758, 2.2418670000000001]
  #7 objects/spaceships/derelicts/metal_plate/derelicts_metal_plate_straight_08x04_a.cgf
    [-0.17088910700402579, -0.994656125066121, -0.039452864428553551, -9.0497369999999364]
    [0.96916292819900529, -0.1753841937126116, 0.22374991784648521, -32.681136999999978]
    [-0.22720157184293061, 1.6835401925054789E-07, 0.9841137476368651, 2.3174590000000004]
  #8 objects/spaceships/derelicts/metal_plate/derelicts_metal_plate_04x01_a.cgf
    [0.17523452085043928, 0.50474685281081111, 0.85710188769661277, 2.842151000000058]
    [-0.95850591585653255, -0.14689094460675084, 0.28247057948353688, -22.998174000000006]
    [0.26581843537186367, -0.86241163813072275, 0.45352717057122011, 0.26882999999999946]
  #9 objects/spaceships/derelicts/metal_plate/derelicts_metal_plate_04x04_e.cgf
    [-0.6922738161534302, 0.73496260530628132, 0.02620284934503898, -17.630407999999989]
    [-0.73459589351205312, -0.68933709276486577, -0.072683580110915982, -33.001170999999999]
    [-0.035007052826877279, -0.068876689699164356, 1.0070402995473864, 0.55563500000000055]
  #10 objects/spaceships/derelicts/metal_plate/derelicts_metal_plate_08x04_b.cgf
    [-0.32812020225157179, -0.94048766324597077, 0.16708792961228613, -15.375999999999976]
    [-0.95519103464304278, 0.32180559785962409, -0.06441686572134972, -12.626702999999964]
    [0.0067459823258054306, -0.17894803864234615, -0.99399717265901544, 0.62345400000000062]
  #11 objects/buildingsets/human/colonialism/ruin/structure/col_a_ruin_struct_addon_bar_4m_d.cgf
    [0.030708286184269414, 1.9110475767270514, -0.14064147614808722, -6.3476439999999457]
    [-0.013440320844418915, -0.14044126776319224, -1.9112617487545998, -53.914648]
    [-1.9161686311760373, 0.031611294857304705, 0.01115199992021456, 6.3289659999999994]
  #12 objects/spaceships/derelicts/metal_plate/derelicts_metal_plate_straight_08x04_a.cgf
    [0.99144335301963149, -0.19271754120991919, 0, -2.1364529999999604]
    [0.19271754120991919, 0.99144335301963149, 0, -43.604820000000018]
    [0, 0, 1.0099999866023794, 2.2151529999999999]
  #13 objects/spaceships/derelicts/metal_plate/derelicts_metal_plate_straight_16x04_a.cgf
    [-0.17112188246566012, -0.99411988883216862, -0.050431187220221892, -1.5059780000000274]
    [0.96056322258590787, -0.17834005912782183, 0.25615127444612917, -31.323432999999966]
    [-0.26102864484860655, -0.0045636184456282446, 0.97567595882541758, 2.3236030000000003]
  #14 objects/spaceships/derelicts/metal_plate/derelicts_metal_plate_08x04_b.cgf
    [0.31843536184671584, 0.95836168892941431, -0.015571858865702906, -12.931548000000021]
    [-0.95808709013903859, 0.3187347508959017, 0.024041122079861831, -33.272187999999971]
    [0.027726112332646255, 0.0071917337485248476, 1.009594092163395, 2.2575279999999998]
  #15 objects/spaceships/derelicts/metal_plate/derelicts_metal_plate_04x04_a.cgf
    [1.0099999904632568, 0, 0, -5.5890009999999393]
    [0, 1.0099999904632568, 0, -54.742121999999995]
    [0, 0, 1.0099999904632568, 6.743455]
  #16 objects/landscape/terrain/sand/pile/sand_pile_single_centre_7x10m_a.cgf
    [0.88639590644888855, -0.45296875693917693, -0.095507201861549124, 7.5475870000000214]
    [0.45716027863779829, 0.8889859537972703, 0.026617229885184397, -29.129464999999982]
    [0.072847786557015279, -0.067255501841313986, 0.99507282186059576, -0.51941300000000012]
  #17 objects/spaceships/derelicts/metal_plate/derelicts_metal_plate_04x04_a.cgf
    [1.0099999904632568, 0, 0, -5.6223420000000033]
    [0, 1.0099999904632568, 0, -52.212658999999974]
    [0, 0, 1.0099999904632568, 6.6273149999999994]
  #18 objects/buildingsets/human/colonialism/ruin/structure/col_a_ruin_struct_addon_bar_4m_c.cgf
    [1.6214523044136888, 0.0016501375679791948, 0.036578030808604389, -0.15382399999998597]
    [-0.0015414866918696992, 1.6218577314171139, -0.004834629417287648, -59.787682000000018]
    [-0.036582770679751103, 0.004798631974892241, 1.6214459364409448, 6.3482140000000005]
  #19 objects/spaceships/derelicts/metal_plate/derelicts_metal_plate_straight_08x04_a.cgf
    [-0.017628499699773609, -1.0098464323128, 0, -4.52642400000002]
    [1.0098464323128, -0.017628499699773609, 0, -62.871008000000018]
    [0, 0, 1.0100002875527094, 6.7440479999999994]
  #20 objects/buildingsets/human/colonialism/ruin/structure/col_a_ruin_struct_addon_bar_4m_c.cgf
    [0.028505684035221784, 1.4934622490314688, 0.13696736006056628, -6.1202949999999419]
    [-0.13153913990292534, -0.13397441232080004, 1.4882037604250653, -53.963670999999977]
    [1.4939501335980705, -0.040292537616450061, 0.12841974443653195, 6.3602240000000005]
  #21 objects/spaceships/derelicts/metal_plate/derelicts_metal_plate_04x04_a.cgf
    [1.0099999904632568, 0, 0, -6.691524999999956]
    [0, 1.0099999904632568, 0, -62.923127999999963]
    [0, 0, 1.0099999904632568, 6.6273149999999994]
  #22 objects/spaceships/derelicts/metal_plate/derelicts_metal_plate_04x01_a.cgf
    [0.1330415471693572, 0.50384738211062496, 0.8651811426462428, 3.6519710000000032]
    [-1.0011993458111672, 0.0663584984867778, 0.11531290885879134, -28.79906699999998]
    [0.00068117375118485572, -0.87283160606296495, 0.50819796416698726, 1.8096579999999998]
  #23 objects/spaceships/derelicts/metal_plate/derelicts_metal_plate_04x04_a.cgf
    [1.0099999904632568, 0, 0, -9.2531109999999899]
    [0, 1.0099999904632568, 0, -59.805787000000009]
    [0, 0, 1.0099999904632568, 6.7091709999999996]
  #24 objects/spaceships/derelicts/metal_plate/derelicts_metal_plate_04x04_a.cgf
    [1.0099999904632568, 0, 0, -5.970348999999942]
    [0, 1.0099999904632568, 0, -58.242542000000014]
    [0, 0, 1.0099999904632568, 6.7979979999999998]
  #25 objects/buildingsets/human/colonialism/ruin/structure/col_a_ruin_struct_addon_bar_4m_c.cgf
    [1.4984734205550703, 0.067381084554096651, -0.0060988884979754328, -8.9873639999999568]
    [-0.067415994861186698, 1.498458778536254, -0.0087390944109626209, -51.115181000000007]
    [0.0057000555675808182, 0.0090043088885791815, 1.4999621431538115, 6.3416899999999998]
  #26 objects/spaceships/derelicts/metal_plate/derelicts_metal_plate_04x01_a.cgf
    [0.17523452085043928, 0.50474685281081111, 0.85710188769661277, 3.194810000000075]
    [-0.95850591585653255, -0.14689094460675084, 0.28247057948353688, -25.069504999999992]
    [0.26581843537186367, -0.86241163813072275, 0.45352717057122011, 0.7694460000000003]
  #27 objects/buildingsets/human/colonialism/ruin/structure/col_a_ruin_struct_addon_bar_4m_c.cgf
    [1.4492518890932766, -0.059118828223144591, 0.38232836282497179, -9.1537549999999328]
    [-0.36482121032333875, 0.28447670164739536, 1.4268775496269344, -48.879407000000015]
    [-0.12874586350293052, -1.471590643243111, 0.26047366903689834, 3.7737999999999996]
  #28 objects/landscape/terrain/sand/pile/sand_pile_single_centre_7x10m_a.cgf
    [0.88639590644888855, -0.45296875693917693, -0.095507201861549124, 2.4303200000000516]
    [0.45716027863779829, 0.8889859537972703, 0.026617229885184397, -26.188846000000012]
    [0.072847786557015279, -0.067255501841313986, 0.99507282186059576, -0.51941300000000012]
  #29 objects/buildingsets/human/colonialism/ruin/structure/col_a_ruin_struct_addon_bar_4m_c.cgf
    [1.4488886465692483, 0.067417461349856198, 0.38232824328722159, -9.0381320000000187]
    [-0.3648128223067329, -0.2688133690411133, 1.4299123354851455, -52.095134999999971]
    [0.13278405171762289, -1.4741752163149153, -0.24325734743177807, 3.64527]
  #30 objects/spaceships/derelicts/metal_plate/derelicts_metal_plate_04x01_a.cgf
    [0.1330415471693572, 0.50384738211062496, 0.8651811426462428, 4.3700420000000122]
    [-1.0011993458111672, 0.0663584984867778, 0.11531290885879134, -33.170425999999964]
    [0.00068117375118485572, -0.87283160606296495, 0.50819796416698726, 1.6380790000000003]
  #31 objects/buildingsets/human/colonialism/ruin/structure/col_a_ruin_struct_addon_bar_4m_c.cgf
    [1.498643989403776, -0.063474424456208711, -0.0060984570879799738, -8.5777630000000045]
    [0.063438378329035428, 1.4986324504278987, -0.0087379284970208922, -54.144961999999964]
    [0.0064626537802243535, 0.0084721118612737182, 1.499962152236413, 6.3226110000000002]
  #32 objects/spaceships/derelicts/metal_plate/derelicts_metal_plate_04x04_a.cgf
    [-0.99465666076139769, 0.17538514812733569, 0, -5.5873259999999618]
    [-0.17538514812733569, -0.99465666076139769, 0, -52.504998999999998]
    [0, 0, 1.0100009024652707, 6.766184]
  #33 objects/landscape/terrain/sand/pile/sand_pile_single_centre_7x10m_a.cgf
    [0.49668934088784289, -0.86265774132297157, -0.095506275192517226, -3.2715590000000248]
    [0.86758361437296516, 0.49657858288018458, 0.02661788333901631, -23.190810999999997]
    [0.024464246097969603, -0.096080492179506927, 0.99507294622183418, -0.51941300000000012]
  #34 objects/landscape/terrain/sand/pile/sand_pile_single_centre_7x10m_a.cgf
    [0.88639590644888855, -0.45296875693917693, -0.095507201861549124, 4.728727000000049]
    [0.45716027863779829, 0.8889859537972703, 0.026617229885184397, -28.979199999999992]
    [0.072847786557015279, -0.067255501841313986, 0.99507282186059576, -0.51941300000000012]
  #35 objects/spaceships/derelicts/metal_plate/derelicts_metal_plate_04x01_a.cgf
    [0.1330415471693572, 0.50384738211062496, 0.8651811426462428, 3.8505049999999983]
    [-1.0011993458111672, 0.0663584984867778, 0.11531290885879134, -29.260694999999998]
    [0.00068117375118485572, -0.87283160606296495, 0.50819796416698726, 1.6354179999999996]
  #36 objects/spaceships/derelicts/metal_plate/derelicts_metal_plate_straight_08x04_a.cgf
    [0.99144335301963149, -0.19271754120991919, 0, -9.1790349999999989]
    [0.19271754120991919, 0.99144335301963149, 0, -36.754883000000007]
    [0, 0, 1.0099999866023794, 2.2596299999999996]
  #37 objects/buildingsets/human/colonialism/ruin/structure/col_a_ruin_struct_addon_bar_4m_c.cgf
    [1.5666019094445554, 0.072894047601043649, 0.4133907966173761, -0.95999199999994289]
    [-0.4197683800637394, 0.27203941481782812, 1.5428013804320946, -58.094169999999963]
    [1.5086711044678136E-06, -1.5972251094284891, 0.28163626433364986, 3.3049499999999998]
  #38 objects/spaceships/derelicts/metal_plate/derelicts_metal_plate_08x04_b.cgf
    [0.7349998506998614, -0.67982053142876897, 0.13311604852375486, -17.106787999999938]
    [-0.69272900202236887, -0.72173118966035199, 0.13903682060532346, -36.004966999999965]
    [0.0015385329913542422, -0.19248052570286187, -0.99148852640707619, 0.55563500000000055]
  #39 objects/spaceships/derelicts/metal_plate/derelicts_metal_plate_04x01_a.cgf
    [0.23163874050641409, 0.44736059852177162, 0.87539286003602979, 3.6249209999999721]
    [-0.98292260810206822, 0.089355426141964095, 0.21442813461864432, -27.907362999999975]
    [0.017530287893972256, -0.90110197720593521, 0.45586027058422646, 0.97546299999999952]
  #40 objects/spaceships/derelicts/metal_plate/derelicts_metal_plate_straight_08x04_a.cgf
    [0.99144335301963149, -0.19271754120991919, 0, -2.907022999999981]
    [0.19271754120991919, 0.99144335301963149, 0, -39.640597000000014]
    [0, 0, 1.0099999866023794, 2.2151529999999999]
  #41 objects/landscape/terrain/sand/pile/sand_pile_single_centre_7x10m_a.cgf
    [0.88639590644888855, -0.45296875693917693, -0.095507201861549124, 5.1530579999999873]
    [0.45716027863779829, 0.8889859537972703, 0.026617229885184397, -25.718555999999978]
    [0.072847786557015279, -0.067255501841313986, 0.99507282186059576, -0.51941300000000012]
  #42 objects/spaceships/derelicts/metal_plate/derelicts_metal_plate_04x04_e.cgf
    [0.7349998506998614, -0.67982053142876897, 0.13311604852375486, -17.487926000000016]
    [-0.69272900202236887, -0.72173118966035199, 0.13903682060532346, -31.325082000000009]
    [0.0015385329913542422, -0.19248052570286187, -0.99148852640707619, 0.55563500000000055]
  #43 objects/spaceships/derelicts/metal_plate/derelicts_metal_plate_04x02_b.cgf
    [-0.20250559550208552, 0.98873225111596497, 0.038693331907557506, 4.361686000000077]
    [0.98948325321996367, 0.20248504801053704, 0.0044554988513027969, -37.49572999999998]
    [-0.0033955747951020889, 0.038800714889460942, -1.0092473082136428, 2.183681]
  #44 objects/buildingsets/human/colonialism/ruin/structure/col_a_ruin_struct_addon_bar_4m_d.cgf
    [0.030708286184269414, 1.9110475767270514, -0.14064147614808722, -5.4650289999999586]
    [-0.013440320844418915, -0.14044126776319224, -1.9112617487545998, -56.926177999999993]
    [-1.9161686311760373, 0.031611294857304705, 0.01115199992021456, 6.3472480000000004]
  #45 objects/spaceships/derelicts/metal_plate/derelicts_metal_plate_04x02_b.cgf
    [1.009943605041107, 0.010125041102816349, 0.0034478062975416639, -2.7810690000000022]
    [0.010111001261178571, -1.0099412851024439, 0.0041057871533069935, -62.405450999999971]
    [0.0034887646947786249, -0.0040710413063606843, -1.0099860119489845, 6.5485509999999998]
  #46 objects/buildingsets/human/colonialism/ruin/structure/col_a_ruin_struct_addon_bar_4m_d.cgf
    [1.8873480674185439, 0.30160859616975993, -0.14064160257753633, -2.833772999999951]
    [-0.14064167292889157, -0.01115119444563142, -1.9112629604389295, -61.171745999999985]
    [-0.30160856336455982, 1.8925481338202537, 0.011152081699124123, 2.6927690000000002]
  #47 objects/landscape/terrain/sand/pile/sand_pile_single_centre_2x003_a.cgf
    [0.92513559091588604, -0.3655382588058399, 0.10248816639193241, -7.707176000000004]
    [0.33521314627426113, 0.91327405122268102, 0.23143154151647924, -61.017196000000013]
    [-0.17819705234962901, -0.17975036354060001, 0.96743657250560722, 4.2937580000000004]
  #48 objects/buildingsets/human/colonialism/ruin/structure/col_a_ruin_struct_addon_bar_4m_c.cgf
    [0.051474196869411362, -2.2727104817648738, -0.20117135929159499, -3.8783730000000105]
    [-0.0068049608448085353, 0.20106872786640845, -2.2732922165547893, -55.888835999999969]
    [2.2815864091090332, 0.051873648577703359, -0.0022416553453252865, 6.2546460000000002]
  #49 objects/spaceships/derelicts/metal_plate/derelicts_metal_plate_straight_08x04_a.cgf
    [0.99144335301963149, -0.19271754120991919, 0, -3.7808390000000145]
    [0.19271754120991919, 0.99144335301963149, 0, -35.704102999999975]
    [0, 0, 1.0099999866023794, 2.2151529999999999]
  #50 objects/spaceships/derelicts/metal_plate/derelicts_metal_plate_08x04_b.cgf
    [-0.28970880949790362, -0.95763627674459273, -0.13821003373576748, -9.8342079999999896]
    [0.79597382507297842, -0.31791181213919162, 0.53428287990936763, -27.216673000000014]
    [-0.5500862857417731, 0.044331562439304209, 0.84589611482361737, 6.3207249999999995]
  #51 objects/spaceships/derelicts/metal_plate/derelicts_metal_plate_08x04_b.cgf
    [-0.33205845529269945, -0.94908907441702117, -0.095215764941988301, -12.192553999999973]
    [0.91232269201634453, -0.34544009556545452, 0.26160538375652664, -21.768313999999975]
    [-0.27839435824616893, 7.6894315138358278E-07, 0.97087358193470918, 2.5837859999999999]
  #52 objects/buildingsets/human/colonialism/ruin/structure/col_a_ruin_struct_addon_bar_4m_c.cgf
    [1.5666020510953766, -0.072889330537463756, 0.41339250028081459, -7.9874290000000201]
    [0.34385658036479355, -0.69329009525529783, -1.4253279258653411, -60.989924999999971]
    [0.24076724431378377, 1.4644057462348219, -0.6542133786088804, 3.5478649999999998]
  #53 objects/spaceships/derelicts/metal_plate/derelicts_metal_plate_08x04_b.cgf
    [0.62714574595547568, 0.79160474506655842, 0.012241147590655329, -11.257381000000009]
    [-0.78983702101744746, 0.6266661972523202, -0.059553859890667832, -38.457190999999966]
    [-0.054271524177153738, 0.027406378558688087, 1.0081682383680135, 2.5584090000000002]
  #54 objects/spaceships/derelicts/metal_plate/derelicts_metal_plate_04x01_a.cgf
    [0.1330415471693572, 0.50384738211062496, 0.8651811426462428, 4.5831920000000537]
    [-1.0011993458111672, 0.0663584984867778, 0.11531290885879134, -31.694022000000018]
    [0.00068117375118485572, -0.87283160606296495, 0.50819796416698726, 0.9889569999999992]
  #55 objects/spaceships/derelicts/habs/ext/building/lge/hab_building_lge_int_floor_a.cgf
    [-0.10557425856336304, -1.0044666533149829, 0, -0.33259899999995923]
    [1.0044666533149829, -0.10557425856336304, 0, -50.419136999999978]
    [0, 0, 1.0099995948974465, 6.4581289999999996]
  #56 objects/buildingsets/human/colonialism/ruin/structure/col_a_ruin_struct_addon_bar_4m_c.cgf
    [1.6214523044136888, 0.0016501375679791948, 0.036578030808604389, -0.721416999999974]
    [-0.0015414866918696992, 1.6218577314171139, -0.004834629417287648, -59.590472999999974]
    [-0.036582770679751103, 0.004798631974892241, 1.6214459364409448, 6.3616069999999993]
  #57 objects/buildingsets/human/colonialism/ruin/structure/col_a_ruin_struct_addon_bar_4m_c.cgf
    [1.3338412799337915, -0.29380835082634182, -0.62011751798912662, -9.7221660000000156]
    [0.53007042941146254, -0.41967218494162284, 1.338992994842608, -50.913592999999992]
    [-0.43576877239636752, -1.4098062112782501, -0.26935787872852973, 5.9929779999999999]
  #58 objects/landscape/terrain/sand/pile/sand_pile_single_centre_7x10m_a.cgf
    [0.48362781810226774, 0.87427629292005071, 0.041776337531379874, -8.7985879999999952]
    [-0.87248977238548597, 0.47773620369511044, 0.10261521302238293, -28.850779999999986]
    [0.069755973380670619, -0.086076991692786167, 0.99384355955087689, -0.086892000000000635]
  #59 objects/buildingsets/human/colonialism/ruin/structure/col_a_ruin_struct_addon_bar_4m_d.cgf
    [0.030708286184269414, 1.9110475767270514, -0.14064147614808722, -5.236144999999965]
    [-0.013440320844418915, -0.14044126776319224, -1.9112617487545998, -62.446524000000011]
    [-1.9161686311760373, 0.031611294857304705, 0.01115199992021456, 6.3470460000000006]
  #60 objects/spaceships/derelicts/metal_plate/derelicts_metal_plate_straight_16x04_a.cgf
    [-0.17112188246566012, -0.99411988883216862, -0.050431187220221892, 4.1458000000000084]
    [0.96056322258590787, -0.17834005912782183, 0.25615127444612917, -30.245020000000011]
    [-0.26102864484860655, -0.0045636184456282446, 0.97567595882541758, 2.2061299999999999]
  #61 objects/spaceships/derelicts/metal_plate/derelicts_metal_plate_straight_08x04_a.cgf
    [1.0098461461873236, -0.017627869651301219, 0, -5.1772290000000112]
    [0.017627869651301219, 1.0098461461873236, 0, -60.940526999999975]
    [0, 0, 1.0099999904741745, 6.6925340000000002]
  #62 objects/spaceships/derelicts/metal_plate/derelicts_metal_plate_04x04_a.cgf
    [1.0099999904632568, 0, 0, -2.9842820000000074]
    [0, 1.0099999904632568, 0, -54.687126999999975]
    [0, 0, 1.0099999904632568, 6.8139669999999999]
  #63 objects/landscape/terrain/sand/pile/sand_pile_single_centre_7x10m_a.cgf
    [0.49668934088784289, -0.86265774132297157, -0.095506275192517226, -6.9392849999999271]
    [0.86758361437296516, 0.49657858288018458, 0.02661788333901631, -25.508571000000018]
    [0.024464246097969603, -0.096080492179506927, 0.99507294622183418, -0.51941300000000012]
  #64 objects/buildingsets/human/colonialism/ruin/structure/col_a_ruin_struct_addon_bar_4m_c.cgf
    [1.6218663074102975, -0, 0, -8.3638250000000198]
    [0, 0.14135580015520305, 1.6156945431841983, -22.511234000000002]
    [-0, -1.6156945431841983, 0.14135580015520305, 3.408512]
  #65 objects/landscape/terrain/sand/pile/sand_pile_single_centre_2x003_a.cgf
    [-0.43118995999442083, 0.87652410576636541, 0.2139592789874887, -6.1824970000000121]
    [-0.8408691089960566, -0.47636627377557428, 0.25692835071224657, -59.819007999999997]
    [0.32712722691722002, -0.069126896892677439, 0.94244740552977346, 3.8937039999999996]
  #66 objects/buildingsets/human/colonialism/ruin/structure/col_a_ruin_struct_addon_bar_4m_c.cgf
    [1.4488886465692483, 0.067417461349856198, 0.38232824328722159, -8.7131449999999404]
    [-0.3648128223067329, -0.2688133690411133, 1.4299123354851455, -54.533626999999967]
    [0.13278405171762289, -1.4741752163149153, -0.24325734743177807, 3.5862949999999998]
  #67 objects/buildingsets/human/colonialism/ruin/structure/col_a_ruin_struct_addon_bar_4m_c.cgf
    [1.5666019094445554, 0.072894047601043649, 0.4133907966173761, -5.1106409999999869]
    [-0.4197683800637394, 0.27203941481782812, 1.5428013804320946, -59.660527999999999]
    [1.5086711044678136E-06, -1.5972251094284891, 0.28163626433364986, 3.2506930000000001]
  #68 objects/spaceships/derelicts/metal_plate/derelicts_metal_plate_08x04_b.cgf
    [-0.28971036215227064, 0.48688413475276593, -0.83612958528931991, -15.943847000000005]
    [0.79597428918090107, -0.37628439858270041, -0.49491001238068971, -36.004966999999965]
    [-0.55008524342414356, -0.80090875180493903, -0.27577587685962501, 5.8208400000000005]
  #69 objects/landscape/terrain/sand/pile/sand_pile_single_centre_7x10m_a.cgf
    [0.88639590644888855, -0.45296875693917693, -0.095507201861549124, 5.57449100000008]
    [0.45716027863779829, 0.8889859537972703, 0.026617229885184397, -32.492128999999977]
    [0.072847786557015279, -0.067255501841313986, 0.99507282186059576, -0.51941300000000012]
  #70 objects/spaceships/derelicts/habs/ext/building/lge/hab_building_lge_int_floor_a.cgf
    [1.0044670939394413, -0.10557388264315298, 0, 0.39378799999997227]
    [0.10557388264315298, 1.0044670939394413, 0, -62.116108999999994]
    [0, 0, 1.0099999938136122, 6.3686449999999999]
  #71 objects/spaceships/derelicts/metal_plate/derelicts_metal_plate_04x02_c.cgf
    [1.0040768467669274, -0.080484303051509498, -0.07383726275777687, 2.8559850000000324]
    [0.080212676034241662, 1.0067878125570109, -0.006648737681633825, -39.787010000000009]
    [0.074132253524859179, 0.00074570211623985585, 1.0072754496851117, 1.9611219999999996]
  #72 objects/landscape/terrain/sand/pile/sand_pile_single_centre_2x003_a.cgf
    [-0.35843105215250581, 0.91428402088475924, 0.18870608831601496, -1.4941689999999426]
    [-0.88830729139982301, -0.39618546369212132, 0.2322613014792945, -56.579046000000005]
    [0.28711568166619628, -0.084379412617905963, 0.95417125183454332, 2.1125829999999999]
  #73 objects/landscape/terrain/sand/pile/sand_pile_single_centre_7x10m_a.cgf
    [0.88639590644888855, -0.45296875693917693, -0.095507201861549124, -5.6784109999999828]
    [0.45716027863779829, 0.8889859537972703, 0.026617229885184397, -22.18841900000001]
    [0.072847786557015279, -0.067255501841313986, 0.99507282186059576, -0.51941300000000012]
  #74 objects/buildingsets/human/colonialism/ruin/structure/col_a_ruin_struct_addon_bar_4m_c.cgf
    [0.0062411525226905287, 0.25575229120687287, 1.4780224439333582, -4.1727099999999382]
    [-0.0027301656672483183, -1.478030852738321, 0.25576527473872368, -52.693916000000002]
    [1.4999840417230217, -0.0037543453730752791, -0.0056842484289287487, 6.2885439999999999]
  #75 objects/spaceships/derelicts/habs/ext/addon/plate/drlct_hab_plate_grp_d.cgf
    [0.088025144575461775, 1.0061571454846248, 0, -7.8083319999999503]
    [-1.0061571454846248, 0.088025144575461775, -0, -59.086635999999999]
    [-0, 0, 1.0100003106372291, 6.5382289999999994]
  #76 objects/buildingsets/human/colonialism/ruin/structure/col_a_ruin_struct_addon_bar_4m_c.cgf
    [1.6202147788518595, 0.072893108439818222, -0.006159832558098299, -8.1166379999999663]
    [0.072855368308367613, -1.6201989152795697, -0.0097390266814982498, -59.303077999999971]
    [-0.0065912141381547357, 0.0094524110168639902, -1.6218244313819232, 6.3023959999999999]
  #77 objects/spaceships/derelicts/metal_plate/derelicts_metal_plate_04x02_b.cgf
    [-0.20250559550208552, 0.98873225111596497, 0.038693331907557506, 3.8504140000000007]
    [0.98948325321996367, 0.20248504801053704, 0.0044554988513027969, -33.874931000000004]
    [-0.0033955747951020889, 0.038800714889460942, -1.0092473082136428, 2.0045200000000003]
  #78 objects/landscape/terrain/sand/pile/sand_pile_single_centre_16m_a.cgf
    [0.48481036589374293, 0.87461905503735737, 0, -12.630686999999966]
    [-0.87461905503735737, 0.48481036589374293, -0, -40.777111999999988]
    [-0, 0, 0.99999979115621063, 0.62575700000000012]
  #79 objects/buildingsets/human/colonialism/ruin/structure/col_a_ruin_struct_addon_bar_4m_c.cgf
    [1.5666026299531715, 0.072894355133034397, 0.41339073720593966, -0.50987399999996796]
    [0.34385521312040485, -1.138972567972997, -1.1022496861460389, -58.247364000000005]
    [0.2407676909966372, 1.1523355375882753, -1.1156177735126902, 4.2285259999999996]
  #80 objects/spaceships/derelicts/metal_plate/derelicts_metal_plate_04x02_c.cgf
    [1.0040768467669274, -0.080484303051509498, -0.07383726275777687, 2.7154430000000502]
    [0.080212676034241662, 1.0067878125570109, -0.006648737681633825, -38.028931]
    [0.074132253524859179, 0.00074570211623985585, 1.0072754496851117, 1.9624230000000003]
  #81 objects/spaceships/derelicts/habs/ext/building/lge/hab_building_lge_int_floor_a.cgf
    [-1.0044683237998264, 0.10557381906487573, 0, -8.0521489999999858]
    [-0.10557381906487573, -1.0044683237998264, 0, -49.140479999999968]
    [0, 0, 1.0100012102909464, 6.232691]
  #82 objects/spaceships/derelicts/metal_plate/derelicts_metal_plate_straight_16x04_a.cgf
    [-0.17112188246566012, -0.99411988883216862, -0.050431187220221892, -5.3505089999999882]
    [0.96056322258590787, -0.17834005912782183, 0.25615127444612917, -32.000223000000005]
    [-0.26102864484860655, -0.0045636184456282446, 0.97567595882541758, 2.3101250000000002]
  #83 objects/buildingsets/human/colonialism/ruin/structure/col_a_ruin_struct_addon_bar_4m_c.cgf
    [1.5666017117590958, 0.072894347445629407, 0.41339143955801355, -6.2639709999999695]
    [-0.4054651377841082, -0.1506254835387108, 1.5631241080689482, -61.282044999999982]
    [0.10864663009539242, -1.6132096482773424, -0.12726952482707529, 3.3049499999999998]
  #84 objects/spaceships/derelicts/metal_plate/derelicts_metal_plate_04x04_a.cgf
    [1.0099999904632568, 0, 0, -9.4862110000000257]
    [0, 1.0099999904632568, 0, -53.068896999999993]
    [0, 0, 1.0099999904632568, 6.7091709999999996]
  #85 objects/spaceships/derelicts/metal_plate/derelicts_metal_plate_straight_08x04_a.cgf
    [0.99144335301963149, -0.19271754120991919, 0, -7.6539440000000241]
    [0.19271754120991919, 0.99144335301963149, 0, -43.466121999999984]
    [0, 0, 1.0099999866023794, 2.2626460000000002]
  #86 objects/buildingsets/human/colonialism/ruin/structure/col_a_structural_addon_bar_2m_b.cgf
    [0.087156344244270045, 0.99619504004964965, 0, -3.9491859999999406]
    [-0.99619504004964965, 0.087156344244270045, -0, -47.661163999999985]
    [-0, 0, 1.0000003930806973, 9.9697300000000002]
  #87 objects/buildingsets/human/colonialism/ruin/structure/col_a_ruin_struct_addon_bar_4m_c.cgf
    [0.09712417189411568, -0.023764630854605454, 0.99498832294514328, -5.4096660000000156]
    [-0.99518464397387163, 0.010932614223517967, 0.097404453634320556, -47.450734000000011]
    [-0.01319260684789013, -0.99965761414073495, -0.022588378825691605, 14.804269]
  #88 objects/buildingsets/human/colonialism/ruin/structure/col_a_structural_addon_bar_2m_a.cgf
    [-0.031602826866455977, -1.0561127612742442, 0.086827180101786611, -5.0928649999999607]
    [0.36121290838416492, -0.092399663799929393, -0.9924209788910151, -47.855330999999978]
    [0.99621200481995287, -1.9820190113143993E-07, 0.36259275206388092, 14.12598]
  #89 objects/buildingsets/human/lowtech/alpha/int/stairs/util_stairs_b_rail_cornerout_005x005_a.cgf
    [-0.97424571364971768, -0.22476725377894388, -0.018023989610800865, 0.10890200000005734]
    [0.22491681862505808, -0.97435470396182766, -0.0067252289706885076, -45.14303799999999]
    [-0.016050148672244881, -0.010605924466885545, 0.99981488298157883, 21.663775999999999]
  #90 objects/buildingsets/human/colonialism/ruin/structure/col_a_ruin_struct_sheet_2m_a.cgf
    [0.034768261325037637, 0.069767338995182851, -0.99695768124480177, -2.997208999999998]
    [0.003042174259394063, -0.99756357129077444, -0.069703645445686885, -48.698938999999996]
    [-0.99939123718354461, -0.00060944415149113344, -0.034895779080238859, 14.531105]
  #91 objects/buildingsets/human/colonialism/ruin/structure/col_a_ruin_struct_scaffold_2m_b.cgf
    [0.00029889165955986286, -0.041925587700031894, 0.49823912227848072, -2.6038810000000012]
    [2.5288666354470513E-05, 0.49823921193041015, 0.041925580073449688, -49.507042000000013]
    [-0.4999999772333068, 1.3719342531587257E-07, 0.00029995953390150664, 13.961003999999999]
  #92 objects/buildingsets/human/colonialism/ruin/structure/col_a_ruin_struct_sheet_2m_a.cgf
    [0.034767218376823845, 0.087154677455503371, -0.9955872122228554, -4.8115900000000238]
    [0.0030422064271823229, -0.99619408581615565, -0.087101565902570899, -48.824297999999999]
    [-0.99939010397547168, -5.0265350016837931E-07, -0.034900064374649646, 14.467601]
  #93 objects/buildingsets/human/colonialism/ruin/structure/col_a_structural_addon_bar_2m_a.cgf
    [-1.6735007536308797E-06, -0.97371956614657618, 0.085194567591881307, -5.0952599999999393]
    [-1.8445069301017981E-06, -0.085194567588708678, -0.97371956614654476, -47.827955999999972]
    [0.97743946505164292, -1.8279008182114041E-06, -1.6916232400480673E-06, 13.104604]
  #94 objects/buildingsets/human/colonialism/ruin/structure/col_a_ruin_struct_addon_bar_4m_b.cgf
    [-0.087156524141535199, -9.1079255055551873E-07, 0.9961951862412779, -4.8278829999999289]
    [0.99619518623742975, -3.0057146862754009E-06, 0.087156524138450389, -49.808419000000015]
    [2.9148953725936117E-06, 1.0000005543906934, 1.169294150718841E-06, 11.84468]
  #95 objects/buildingsets/human/colonialism/ruin/structure/col_a_ruin_struct_sheet_2m_a.cgf
    [0.034767266118081411, 0.9955876381712242, 0.087156211518372648, -4.0476370000000088]
    [0.0030410473784332746, 0.087103141376072238, -0.99619451317108709, -47.933398000000011]
    [-0.99939066561402001, 0.034900010916628671, 7.0891898324865779E-07, 14.15882]
  #96 objects/buildingsets/human/colonialism/ruin/structure/col_a_structural_addon_bar_2m_b.cgf
    [0.99619459143933553, -0.087156950140779343, 0, -2.8603879999999435]
    [0.087156950140779343, 0.99619459143933553, 0, -48.63246399999997]
    [0, 0, 0.99999999898541347, 9.9697300000000002]
  #97 objects/buildingsets/human/colonialism/ruin/structure/col_a_ruin_struct_addon_bar_4m_b.cgf
    [-0.087156524141535199, -9.1079255055551873E-07, 0.9961951862412779, -2.835493999999926]
    [0.99619518623742975, -3.0057146862754009E-06, 0.087156524138450389, -49.634105999999974]
    [2.9148953725936117E-06, 1.0000005543906934, 1.169294150718841E-06, 11.84468]
  #98 objects/buildingsets/human/colonialism/ruin/structure/col_a_ruin_struct_addon_bar_4m_b.cgf
    [-0.087156524141535199, -9.1079255055551873E-07, 0.9961951862412779, -4.8834170000000086]
    [0.99619518623742975, -3.0057146862754009E-06, 0.087156524138450389, -49.882391999999982]
    [2.9148953725936117E-06, 1.0000005543906934, 1.169294150718841E-06, 14.444302]
  #99 objects/buildingsets/human/colonialism/ruin/structure/col_a_structural_addon_bar_2m_b.cgf
    [0.087156344244270045, 0.99619504004964965, 0, -3.9464619999999968]
    [-0.99619504004964965, 0.087156344244270045, -0, -47.692295000000001]
    [-0, 0, 1.0000003930806973, 10.53223]
  #100 objects/buildingsets/human/lowtech/prop/light/lamp/lamp_lantern_1_a.cgf
    [0.99741189622102133, 0.059241495988044998, -0.040741806463614257, -0.20236999999997352]
    [-0.069734027920261121, 0.9350826421628643, -0.34750188206650978, -45.579503999999986]
    [0.017510425204328831, 0.34944361182149075, 0.9367937273115936, 22.574762]
  #101 objects/buildingsets/human/colonialism/ruin/structure/col_a_ruin_struct_addon_bar_4m_b.cgf
    [0.99619547232463701, 1.875212389291536E-07, 0.087157015054719678, -2.835493999999926]
    [0.087157015054829493, -3.5956160919691048E-06, -0.99619547231815586, -49.634105999999974]
    [1.2657524503613487E-07, 1.0000008821698239, -3.5982770881656668E-06, 11.84468]
  #102 objects/buildingsets/human/colonialism/ruin/structure/col_a_ruin_struct_sheet_2m_a.cgf
    [0.034765711151530161, 0.069764503308387238, -0.99695765940673486, -4.8152370000000246]
    [0.0030420141155420516, -0.99756346051631994, -0.069700815176853434, -48.824616999999989]
    [-0.99939101793129104, -0.00060956076896836152, -0.034893222227528657, 12.122294999999999]
  #103 objects/buildingsets/human/colonialism/col_a/ext/nongp/col_a_ext_adn_fluff_d.cgf
    [0.99845954873503628, -0.052476415783703836, -0.018020978490055826, -2.2570240000000013]
    [0.052362679373305389, 0.99860547945070233, -0.0067265562732333715, -43.168639999999982]
    [0.018348833425905729, 0.0057725676214657436, 0.99981498194134877, 24.91]
  #104 objects/buildingsets/human/lowtech/alpha/int/stairs/util_stairs_b_rail_straight_02x01_a.cgf
    [0.22477284944382719, -0.97424488281762323, -0.018020486457825998, -0.49060599999995702]
    [0.97435381799733722, 0.22492237468861631, -0.0067250423079577492, -45.517752999999971]
    [0.01060504514430438, -0.016046717536860242, 0.99981533262366895, 21.650451]
  #105 objects/buildingsets/human/colonialism/col_a/int/garage/col_garage_sml_a_int_cylinder_generator_b.cgf
    [0.43663590626309318, 0.10073862484111232, -0.0080771967155848206, -1.8922340000000304]
    [-0.10080566425551836, 0.436684730278665, -0.0030150746767885288, -44.763168000000007]
    [0.0071923358976298422, 0.0047541651658867274, 0.44809607730682538, 21.634844000000001]
  #106 objects/buildingsets/human/colonialism/ruin/structure/col_a_ruin_struct_addon_bar_4m_b.cgf
    [0.99619547232463701, 1.875212389291536E-07, 0.087157015054719678, -4.8278829999999289]
    [0.087157015054829493, -3.5956160919691048E-06, -0.99619547231815586, -49.808419000000015]
    [1.2657524503613487E-07, 1.0000008821698239, -3.5982770881656668E-06, 11.84468]
  #107 objects/buildingsets/human/colonialism/ruin/structure/col_a_ruin_struct_grate_4m_a.cgf
    [0.018305277105428636, 0.0367348728510569, -0.52493209216091963, -4.9241439999999557]
    [0.0016017521506070799, -0.52525106525494669, -0.036701338835549061, -48.91933499999999]
    [-0.52621344210678567, -0.00032093440208091873, -0.018372419028752633, 15.653506]
  #108 objects/buildingsets/human/colonialism/ruin/structure/col_a_structural_addon_bar_2m_b.cgf
    [0.10453273712146177, 0.99452121692920692, 0, -0.88030500000002121]
    [-0.99452121692920692, 0.10453273712146177, -0, -46.395935000000009]
    [-0, 0, 0.99999977202620172, 14.356082000000001]
  #109 objects/buildingsets/human/colonialism/col_a/int/habitation/col_a_hab_a_int_bedroom_bin_a.cgf
    [0.81749401581861703, -0.87691200889691401, -0.021606870179769096, -4.2738449999999375]
    [0.87693545861199529, 0.81771459197310914, -0.0080648365797016466, -43.637981999999965]
    [0.020633216316322919, -0.010303825137613428, 1.1988353079792959, 26.604890000000001]
  #110 objects/buildingsets/human/colonialism/ruin/structure/col_a_ruin_struct_grate_4m_a.cgf
    [-0.0025152986481876819, 0.075058133217794476, -0.13961572107206596, -2.7475620000000163]
    [0.0095724938459851739, 0.139450377256571, 0.074796786725575895, -37.719387999999981]
    [0.15822338731736749, -0.0072435199152434283, -0.0067446856827038633, 26.846185999999999]
  #111 objects/buildingsets/human/colonialism/col_a/ext/addons/col_a_ext_adn_floorplate_metal_1x4m_a.cgf
    [0.16622046468871943, -0.72045828895768671, -0.013327403400777692, -2.5205809999999929]
    [0.7205388561684406, 0.16633106639961256, -0.0049741122244289938, -42.95456200000001]
    [0.0078436318577390484, -0.011867557166853501, 0.7393677347685319, 27.383037000000002]
  #112 objects/buildingsets/human/colonialism/ruin/structure/col_a_ruin_struct_grate_4m_a.cgf
    [0.01830598965766941, -0.5249317659664644, -0.036735045074827062, -4.063197999999943]
    [0.0016017968222790944, -0.036701509163265714, 0.52525076409915483, -47.992851999999971]
    [-0.52621312859359626, -0.018373133078900601, 0.00032092253203809318, 15.325139]
  #113 objects/buildingsets/human/colonialism/ruin/structure/col_a_ruin_struct_grate_4m_a.cgf
    [0.018305327444029275, 0.52589430958316552, 0.01839226920594873, -3.8222170000000233]
    [0.0016028020738015714, 0.018347586692646405, -0.5262119178804292, -49.546158999999989]
    [-0.52621338964721398, 0.018350112858863971, -0.00096298774024719113, 14.393045000000001]
  #114 objects/buildingsets/human/colonialism/ruin/structure/col_a_ruin_struct_grate_4m_a.cgf
    [0.018305327444029275, 0.52589430958316552, 0.01839226920594873, -3.7843020000000251]
    [0.0016028020738015714, 0.018347586692646405, -0.5262119178804292, -49.570829000000003]
    [-0.52621338964721398, 0.018350112858863971, -0.00096298774024719113, 13.331142]
  #115 objects/buildingsets/human/colonialism/ruin/structure/col_a_ruin_struct_grate_4m_a.cgf
    [0.018305487437014767, -0.018393502276143503, 0.5258942336808039, -4.7551869999999781]
    [0.0016025386944116668, 0.52621184816049482, 0.018348829397495797, -48.803650000000005]
    [-0.52621335769289945, 0.00096267572058112132, 0.018350265829976283, 11.017058]
  #116 objects/buildingsets/human/colonialism/ruin/structure/col_a_ruin_struct_sheet_2m_a.cgf
    [0.034767218376823845, 0.087154677455503371, -0.9955872122228554, -4.9314339999999675]
    [0.0030422064271823229, -0.99619408581615565, -0.087101565902570899, -48.834783000000016]
    [-0.99939010397547168, -5.0265350016837931E-07, -0.034900064374649646, 14.4634]
  #117 objects/buildingsets/human/colonialism/ruin/structure/col_a_ruin_struct_grate_4m_a.cgf
    [0.01830598965766941, -0.5249317659664644, -0.036735045074827062, -3.9192839999999478]
    [0.0016017968222790944, -0.036701509163265714, 0.52525076409915483, -47.926081000000011]
    [-0.52621312859359626, -0.018373133078900601, 0.00032092253203809318, 11.048807]
  #118 objects/buildingsets/human/lowtech/alpha/int/stairs/util_stairs_b_rail_straight_01x01_a.cgf
    [-0.22477096622863804, 0.97424521597626423, -0.01802360381861657, -4.7565359999999828]
    [-0.9743541749974356, -0.2249205644128062, -0.0067275386208431398, -45.857286999999985]
    [-0.010608148392376934, 0.016049213631536486, 0.99981521709568821, 26.616592000000001]
  #119 objects/buildingsets/human/colonialism/ruin/structure/col_a_ruin_struct_addon_bar_4m_b.cgf
    [0.99619547232463701, 1.875212389291536E-07, 0.087157015054719678, -3.009806000000026]
    [0.087157015054829493, -3.5956160919691048E-06, -0.99619547231815586, -47.641716999999971]
    [1.2657524503613487E-07, 1.0000008821698239, -3.5982770881656668E-06, 11.84468]
  #120 objects/buildingsets/human/colonialism/ruin/structure/col_a_structural_addon_bar_2m_b.cgf
    [0.087156344244270045, 0.99619504004964965, 0, -3.7667030000000068]
    [-0.99619504004964965, 0.087156344244270045, -0, -49.74694599999998]
    [-0, 0, 1.0000003930806973, 9.9697300000000002]
  #121 objects/spaceships/derelicts/habs/ext/addon/plate/drlct_hab_plate_grp_e.cgf
    [1.0759233183749762E-06, -1.7499972360262475, 4.8572180611677281E-17, -3.9699519999999211]
    [-1.6444587435339084, -1.0110367451292205E-06, -0.598536353878794, -35.191549000000009]
    [0.59853635387868098, 3.6798870700775789E-07, -1.6444587435342193, 12.948542]
  #122 objects/buildingsets/human/colonialism/col_a/ext/tradingpost/col_a_trdpst_storage_int_light_ceiling_b.cgf
    [0.40653861064408586, -0.91345589099585112, -0.018020764216880526, -2.3454679999999826]
    [0.91353427036284274, 0.40670620616497588, -0.006727066368692608, -37.630953999999974]
    [0.013474034682047033, -0.013727773099676087, 0.99981500954802593, 26.138093999999999]
  #123 objects/buildingsets/human/colonialism/ruin/structure/col_a_structural_addon_bar_4m_e.cgf
    [1.0121039358174428, 0.31159214969102905, 0.049644517346322685, -2.2797499999999218]
    [0.047446985663772021, 0.014606904330335862, -1.05898255162495, -47.982871999999986]
    [-0.31193433508199736, 1.0132154723184954, -3.8003884089473459E-07, 13.276463]
  #124 objects/buildingsets/human/colonialism/ruin/structure/col_a_ruin_struct_addon_bar_4m_c.cgf
    [0.09712417189411568, -0.023764630854605454, 0.99498832294514328, -2.6535410000000184]
    [-0.99518464397387163, 0.010932614223517967, 0.097404453634320556, -47.450734000000011]
    [-0.01319260684789013, -0.99965761414073495, -0.022588378825691605, 14.198128000000001]
  #125 objects/buildingsets/human/colonialism/ruin/structure/col_a_ruin_struct_addon_bar_4m_e.cgf
    [-0.95342122745031854, 0.24236477528146499, -0.17957933706763468, -0.11364800000001196]
    [0.24586814723977191, 0.96929990394098697, 0.0028301845581073177, -38.787304000000006]
    [0.17475204368409547, -0.041454450599617131, -0.98374016452794788, 27.025200999999999]
  #126 objects/buildingsets/human/colonialism/ruin/structure/col_a_ruin_struct_addon_bar_4m_b.cgf
    [-0.087156524141535199, -9.1079255055551873E-07, 0.9961951862412779, -3.065339999999992]
    [0.99619518623742975, -3.0057146862754009E-06, 0.087156524138450389, -47.715689999999995]
    [2.9148953725936117E-06, 1.0000005543906934, 1.169294150718841E-06, 14.444302]
  #127 objects/buildingsets/human/colonialism/ruin/structure/col_a_ruin_struct_addon_bar_4m_b.cgf
    [-0.087156524141535199, -9.1079255055551873E-07, 0.9961951862412779, -3.009806000000026]
    [0.99619518623742975, -3.0057146862754009E-06, 0.087156524138450389, -47.641716999999971]
    [2.9148953725936117E-06, 1.0000005543906934, 1.169294150718841E-06, 11.84468]
  #128 objects/buildingsets/human/colonialism/col_a/ext/addons/col_a_ext_adn_anten_c.cgf
    [-0.47703910056359511, -0.11023954146179732, -0.015233139930032596, -3.0136699999999337]
    [0.11007088356242278, -0.47727048985885095, 0.0069561930708604931, -40.083960999999988]
    [-0.016407487486597278, 0.0033513472729925784, 0.48956171352158667, 27.109020999999998]
  #129 objects/spaceships/derelicts/metal_plate/derelicts_metal_plate_04x02_b.cgf
    [0.27098326352137431, -0.97219990053305716, 0.038692865694363816, -10.169171000000006]
    [-0.97295048636932113, -0.27101515503109547, 0.0044553763023561033, -43.995460999999978]
    [0.0060938925023130705, -0.038468853736600014, -1.0092495852499446, 15.784276]
  #130 objects/buildingsets/human/colonialism/ruin/structure/col_a_structural_addon_bar_2m_b.cgf
    [0.99619459143933553, -0.087156950140779343, 0, -4.9827490000000125]
    [0.087156950140779343, 0.99619459143933553, 0, -48.755408999999986]
    [0, 0, 0.99999999898541347, 9.9697300000000002]
  #131 objects/buildingsets/human/colonialism/ruin/structure/col_a_ruin_struct_addon_bar_4m_b.cgf
    [-0.087156524141535199, -9.1079255055551873E-07, 0.9961951862412779, -2.8910280000000057]
    [0.99619518623742975, -3.0057146862754009E-06, 0.087156524138450389, -49.708079999999995]
    [2.9148953725936117E-06, 1.0000005543906934, 1.169294150718841E-06, 14.444302]
  #132 objects/buildingsets/human/colonialism/ruin/structure/col_a_ruin_struct_grate_4m_a.cgf
    [-0.0038538729047469006, -0.22632274702013594, -0.088070610780615483, -1.6679080000000113]
    [0.014665548323555121, 0.087704061983915269, -0.22602254277453848, -43.396073000000001]
    [0.24241150961614963, -0.0089040626209695752, 0.012273887437903426, 27.016947999999999]
  #133 objects/buildingsets/human/colonialism/ruin/structure/col_a_ruin_struct_grate_4m_a.cgf
    [0.01830598965766941, -0.5249317659664644, -0.036735045074827062, -3.9479509999999891]
    [0.0016017968222790944, -0.036701509163265714, 0.52525076409915483, -49.640688000000011]
    [-0.52621312859359626, -0.018373133078900601, 0.00032092253203809318, 15.324133]
  #134 objects/spaceships/derelicts/habs/ext/addon/ladders/derelict_ladder_1mx05m_a.cgf
    [0.95202145441210195, 0.29655073319893643, -0.075583126796794103, -0.67193199999996978]
    [-0.30594036560759563, 0.91623487185455155, -0.25867769205655333, -40.369292999999971]
    [-0.0074591627611795249, 0.26939064258987833, 0.96300209691051852, 16.704431]
  #135 objects/buildingsets/human/colonialism/ruin/structure/col_a_ruin_struct_grate_4m_a.cgf
    [0.018305067956059112, 0.0092120807632105478, -0.5261347535802261, -3.037719999999922]
    [0.0016011895885532945, -0.52645152891567881, -0.0091619192331549304, -48.786865999999975]
    [-0.52621295836269055, -0.0012814601614688865, -0.018330225880468683, 15.712591]
  #136 objects/buildingsets/human/colonialism/ruin/structure/col_a_structural_addon_bar_2m_a.cgf
    [-0.055908178969703341, -0.10296220335755928, 0.40359080566790839, -3.2265219999999317]
    [0.081449581667651219, -0.40205126699679383, -0.09128648622912687, -40.38984099999999]
    [0.40847609402029805, 0.06607602894887496, 0.073441930992391588, 27.387236999999999]
  #137 objects/buildingsets/human/colonialism/ruin/structure/col_a_ruin_struct_addon_bar_4m_c.cgf
    [0.097123470939419407, 0.99525159951613296, 0.0063946834866541388, -4.0269210000000157]
    [-0.99518468612500921, 0.097198106182916383, -0.012632322840914537, -47.442708999999979]
    [-0.013193893230670368, -0.0051369970478139142, 0.99989956463956142, 14.33052]
  #138 objects/buildingsets/human/lowtech/alpha/int/stairs/util_stairs_structure_4m_d.cgf
    [0.010453086806695371, -0.13037017873867718, -0.56506107632091751, 0.84215500000004795]
    [0.0039020797735889266, -0.5651242612994134, 0.13045694142256134, -42.889864999999986]
    [-0.57989238419792077, -0.0061527463408156393, -0.009307897872954024, 21.627183000000002]
  #139 objects/buildingsets/human/lowtech/alpha/int/stairs/util_stairs_b_rail_straight_005x01_a.cgf
    [0.97424444218925355, 0.22477318964717866, -0.018022255833184442, 0.5584479999999985]
    [-0.22492277142906114, 0.97435338083844369, -0.0067273893523471569, -43.194327999999985]
    [0.016047908965145977, 0.01060773730166862, 0.99981496395749059, 21.684991]
  #140 objects/buildingsets/human/colonialism/ruin/structure/col_a_structural_addon_floor_1m_a.cgf
    [-0.065531563051517389, 0.99742683980317148, -0.028971588767214989, -3.3996059999999488]
    [0.99781078360615683, 0.065252423940454593, -0.010478585809899127, -48.826996000000008]
    [-0.0085611818521298243, -0.02959492999766683, -0.99952232879267944, 15.060312]
  #141 objects/buildingsets/human/colonialism/ruin/structure/col_a_ruin_struct_grate_4m_a.cgf
    [0.018305487437014767, -0.018393502276143503, 0.5258942336808039, -2.8556730000000243]
    [0.0016025386944116668, 0.52621184816049482, 0.018348829397495797, -48.670842999999991]
    [-0.52621335769289945, 0.00096267572058112132, 0.018350265829976283, 11.083546999999999]
  #142 objects/buildingsets/human/colonialism/ruin/structure/col_a_ruin_struct_grate_4m_a.cgf
    [0.018305487572171195, -0.01839277079510248, 0.52589425146857505, -4.8312329999999974]
    [0.0016032707442887862, 0.52621186455577607, 0.018348071945658229, -48.841676000000007]
    [-0.52621334767196326, 0.00096343327810914647, 0.018350290151739768, 13.296938000000001]
  #143 objects/buildingsets/human/colonialism/props/addons/addons_solar_1_small_d.cgf
    [0.5053449410072729, -0.38091949639355677, -0.011405259879903512, -4.5344549999999799]
    [0.38091146344955268, 0.50546175371793134, -0.0042573029498261554, -41.10321799999997]
    [0.011670462645891463, -0.00346480633882865, 0.63281517641880114, 16.537914999999998]
  #144 objects/buildingsets/human/lowtech/prop/light/lamp/lamp_lantern_1_a.cgf
    [0.37606758533723283, -0.91345452936049876, 0.15547756464447987, -2.0534930000000031]
    [0.83078542424369317, 0.40670827283068556, 0.37997794506217475, -42.392561999999998]
    [-0.41032673466545594, -0.013728898726263586, 0.91183483549210509, 24.435152000000002]
  #145 objects/buildingsets/human/colonialism/ruin/structure/col_a_ruin_struct_grate_4m_a.cgf
    [0.018305487572171195, -0.01839277079510248, 0.52589425146857505, -2.93171899999993]
    [0.0016032707442887862, 0.52621186455577607, 0.018348071945658229, -48.70886999999999]
    [-0.52621334767196326, 0.00096343327810914647, 0.018350290151739768, 13.363426]
  #146 objects/spaceships/derelicts/metal_plate/derelicts_metal_plate_02x01_a.cgf
    [-1.0066828586806378, 0.070346039025139431, 0.041649574932999298, -1.3147969999999987]
    [-0.072114017656651222, -1.0064991348386043, -0.043042888920283545, -46.868194000000017]
    [0.038507411702711949, -0.045875446838818196, 1.0082193476031607, 16.598776999999998]
  #147 objects/buildingsets/human/colonialism/col_a/ext/nongp/col_a_ext_adn_fluff_d.cgf
    [-0.99812416196509923, -0.054186451544587531, -0.02858422012339425, -3.8084010000000035]
    [0.051756923387385335, -0.99546869365761748, 0.07980208455082545, -43.033793000000003]
    [-0.032778804928320915, 0.078172759233577249, 0.99640335283000114, 25.399654000000002]
  #148 objects/buildingsets/human/colonialism/col_a/ext/addons/col_a_ext_adn_fluff_a.cgf
    [-0.40261205523396737, 0.014117334355436509, -0.0072621873840971098, -4.2883369999999559]
    [-0.014070488893463601, -0.40267006779897185, -0.0027098626707674554, -43.643392000000006]
    [-0.0073525395071257311, -0.0024541564930365537, 0.402850372710921, 27.408919999999998]
  #149 objects/spaceships/derelicts/metal_plate/derelicts_metal_plate_04x02_c.cgf
    [0.11556311042872636, 1.0031431567611933, -0.021187691291858497, -9.9928400000000011]
    [-1.0033668876432458, 0.11553733270265669, -0.0024407466306838291, -45.646470999999963]
    [-4.4449701205010131E-07, 0.021327810628302038, 1.0097747611248058, 15.783747]
  #150 objects/buildingsets/human/colonialism/col_a/ext/habitation/col_a_ext_hab_addon_canopy_legstand_b_mirror.cgf
    [-0.077438885231507729, -0.1288367655368006, -0.0027094896265150293, -3.934195999999929]
    [0.12886416840371973, -0.077434084986660837, -0.001011443431783117, -45.127898000000016]
    [-0.00052876236485270513, -0.002843371627734429, 0.15031523569508001, 17.114124]
  #151 objects/buildingsets/human/lowtech/prop/light/lamp/lamp_lantern_1_a.cgf
    [-0.45920113382443495, -0.85695378879656958, -0.23401360314144357, -3.4863040000000183]
    [0.77967251701618834, -0.51504404324921427, 0.35614357163484844, -40.582791999999984]
    [-0.42572635436120027, -0.018912463466962376, 0.90465310137179966, 19.387160999999999]
  #152 objects/buildingsets/human/colonialism/col_a/ext/addons/col_a_ext_adn_floorplate_metal_1x4m_a.cgf
    [0.13570725285004978, -0.58820323580848721, -0.010880867336822923, -2.7368880000000217]
    [0.58826901293937828, 0.13579755125541809, -0.0040610163808247699, -42.881862000000012]
    [0.0064037727087941547, -0.0096890052709744257, 0.60364146083386028, 27.146061]
  #153 objects/buildingsets/human/colonialism/ruin/structure/col_a_ruin_struct_grate_4m_a.cgf
    [0.018305327444029275, 0.52589430958316552, 0.01839226920594873, -3.7082560000000058]
    [0.0016028020738015714, 0.018347586692646405, -0.5262119178804292, -49.532802000000004]
    [-0.52621338964721398, 0.018350112858863971, -0.00096298774024719113, 11.051261999999999]
  #154 objects/buildingsets/human/colonialism/ruin/structure/col_a_ruin_struct_sheet_2m_a.cgf
    [0.034767266118081411, 0.9955876381712242, 0.087156211518372648, -4.0443070000000034]
    [0.0030410473784332746, 0.087103141376072238, -0.99619451317108709, -47.971464999999966]
    [-0.99939066561402001, 0.034900010916628671, 7.0891898324865779E-07, 14.15882]
  #155 objects/buildingsets/human/colonialism/ruin/structure/col_a_structural_addon_bar_2m_b.cgf
    [0.087156344244270045, 0.99619504004964965, 0, -3.7748729999999568]
    [-0.99619504004964965, 0.087156344244270045, -0, -49.653552999999988]
    [-0, 0, 1.0000003930806973, 10.53223]
  #156 objects/buildingsets/human/colonialism/ruin/structure/col_a_structural_addon_bar_2m_b.cgf
    [0.99756397987575185, -0.069757490040835396, 0, -3.3344379999999774]
    [0.069757490040835396, 0.99756397987575185, 0, -48.899968999999999]
    [0, 0, 1.0000000006811733, 14.847135999999999]
  #157 objects/buildingsets/human/colonialism/ruin/structure/col_a_ruin_struct_sheet_2m_a.cgf
    [0.034765860305228762, 0.99391535261824226, 0.10451698799532155, -3.9793339999999944]
    [0.0030445820216070865, 0.10447439226558726, -0.99452301425038525, -47.947048999999993]
    [-0.99939094426063957, 0.034893655341811207, 0.00060608525461041762, 12.154043999999999]
  #158 objects/buildingsets/human/colonialism/ruin/structure/col_a_ruin_struct_addon_bar_4m_b.cgf
    [0.99619547232463701, 1.875212389291536E-07, 0.087157015054719678, -5.0021950000000288]
    [0.087157015054829493, -3.5956160919691048E-06, -0.99619547231815586, -47.816029000000015]
    [1.2657524503613487E-07, 1.0000008821698239, -3.5982770881656668E-06, 11.84468]
  #159 objects/buildingsets/human/colonialism/ruin/structure/col_a_ruin_struct_sheet_2m_a.cgf
    [0.034766964585410398, -0.9969569773829221, -0.069767657200925898, -3.7683059999999386]
    [0.0030421525650688916, -0.06970396537811864, 0.99756282262753682, -49.553768999999988]
    [-0.9993905573155919, -0.034894484211049057, 0.00060950008793171986, 12.156499]
  #160 objects/buildingsets/human/colonialism/ruin/structure/col_a_ruin_struct_scaffold_2m_a.cgf
    [0.087156344244270045, 0.99619504004964965, 0, -2.922649999999976]
    [-0.99619504004964965, 0.087156344244270045, -0, -48.637911999999972]
    [-0, 0, 1.0000003930806973, 10.03218]
  #161 objects/buildingsets/human/colonialism/ruin/structure/col_a_ruin_struct_sheet_2m_a.cgf
    [0.034765711151530161, 0.069764503308387238, -0.99695765940673486, -2.9157229999999572]
    [0.0030420141155420516, -0.99756346051631994, -0.069700815176853434, -48.691810999999973]
    [-0.99939101793129104, -0.00060956076896836152, -0.034893222227528657, 12.188783000000001]
  #162 objects/buildingsets/human/colonialism/ruin/structure/col_a_ruin_struct_scaffold_2m_a.cgf
    [-0.99619405618137358, 0.087156973289826231, 8.7240026044475934E-08, -4.0060009999999693]
    [-0.087156973289826231, -0.99619405617937362, -1.9980949177189472E-06, -47.728872999999965]
    [-8.7239956398408119E-08, -1.9980949207598048E-06, 0.99999946777993309, 10.03218]
  #163 objects/buildingsets/human/colonialism/ruin/structure/col_a_ruin_struct_scaffold_2m_a.cgf
    [-0.99619405618137358, 0.087156973289826231, 8.7240026044475934E-08, -3.8316879999999855]
    [-0.087156973289826231, -0.99619405617937362, -1.9980949177189472E-06, -49.721262999999965]
    [-8.7239956398408119E-08, -1.9980949207598048E-06, 0.99999946777993309, 10.03218]
  #164 objects/buildingsets/human/colonialism/ruin/structure/col_a_ruin_struct_grate_4m_a.cgf
    [0.01830598965766941, -0.5249317659664644, -0.036735045074827062, -3.9937449999999899]
    [0.0016017968222790944, -0.036701509163265714, 0.52525076409915483, -47.986774999999966]
    [-0.52621312859359626, -0.018373133078900601, 0.00032092253203809318, 13.328672000000001]
  #165 objects/spaceships/derelicts/metal_plate/derelicts_metal_plate_corner_02x02_a.cgf
    [-1.0080168627549035, 0.063271493926934999, 0.00013688321636312135, -4.9975059999999303]
    [-0.063261329699482241, -1.0078107643324838, -0.020414792167133784, -46.461086999999964]
    [-0.0011422983036407962, -0.020383268403955438, 1.0097942928155004, 16.728715999999999]
  #166 objects/spaceships/derelicts/habs/ext/power_sources/drlct_hab_commtower_base_a.cgf
    [-0.97424478837557271, -0.22477099552321461, -0.018022248524131475, -2.7158699999999953]
    [0.22492057722510181, -0.97435372711341284, -0.0067274027867407797, -42.509769000000006]
    [-0.01604792232937147, -0.010607713185746834, 0.99981480793055211, 16.577748]
  #167 objects/buildingsets/human/colonialism/col_a/ext/habitation/col_a_ext_hab_addon_canopy_legstand_b_mirror.cgf
    [-0.13146088404617021, 0.072895158001192076, -0.0027095799356641331, -0.37903299999993578]
    [-0.07288940467719314, -0.13148810440063577, -0.0010114368882960382, -44.250291000000004]
    [-0.0028601694444358493, 0.00042925371969867098, 0.15031515256167741, 17.151606000000001]
  #168 objects/buildingsets/human/colonialism/ruin/structure/col_a_ruin_struct_grate_4m_a.cgf
    [0.018305327444029275, 0.52589430958316552, 0.01839226920594873, -3.8203389999999899]
    [0.0016028020738015714, 0.018347586692646405, -0.5262119178804292, -49.599892000000011]
    [-0.52621338964721398, 0.018350112858863971, -0.00096298774024719113, 14.392946999999999]
  #169 objects/buildingsets/human/universal/prop/junk/scrap/scrap_pile_2_large_a.cgf
    [0.2247728487517352, -0.97424484323758143, -0.018022976496944704, -4.5650650000000041]
    [0.97435385157668764, 0.22492235016737253, -0.0067219123513453409, -42.22501699999998]
    [0.010602555093132742, -0.016049847755217967, 0.99981531494838116, 16.638351]
  #170 objects/buildingsets/human/colonialism/ruin/structure/col_a_ruin_struct_addon_bar_4m_e.cgf
    [0.34090922224240494, -0.4704764027053211, -1.0499681166740746, -9.4004879999999957]
    [-0.85606893517433791, 0.6279364611673407, -0.55932277649911244, -46.228613999999993]
    [0.76871780892868469, 0.90793609058053271, -0.1572424084074806, 13.985856]
  #171 objects/buildingsets/human/colonialism/col_a/ext/garage/col_garage_sml_a_ext_addon_a.cgf
    [-0.10609007822508805, -0.09822770593249916, 0.0072272693516999284, 0.8312310000000025]
    [0.098207770377567824, -0.10630557756313169, -0.0032215445495538471, -38.036160999999993]
    [0.0074932951703817483, 0.0025421052409990391, 0.14454552418280572, 27.436209999999999]
  #172 objects/buildingsets/human/colonialism/col_a/ext/habitation/col_a_ext_hab_blade_addon_b.cgf
    [-0.16328984072825231, 0.53296010245439696, -0.00096650958908625032, -0.76760799999999563]
    [-0.53198605741745253, -0.16292975975260804, 0.033995663465175116, -39.135498999999982]
    [0.032221726558674869, 0.010881158614836213, 0.55637607583254511, 27.531217999999999]
  #173 objects/buildingsets/human/colonialism/ruin/structure/col_a_structural_addon_bar_2m_b.cgf
    [0.99756397987575185, -0.069757490040835396, 0, -3.4979329999999891]
    [0.069757490040835396, 0.99756397987575185, 0, -48.899968999999999]
    [0, 0, 1.0000000006811733, 14.847135999999999]
  #174 objects/buildingsets/human/colonialism/ruin/structure/col_a_ruin_struct_scaffold_2m_a.cgf
    [-0.99619405618137358, 0.087156973289826231, 8.7240026044475934E-08, -3.8872199999999566]
    [-0.087156973289826231, -0.99619405617937362, -1.9980949177189472E-06, -49.795228000000009]
    [-8.7239956398408119E-08, -1.9980949207598048E-06, 0.99999946777993309, 13.350549000000001]
  #175 objects/buildingsets/human/colonialism/ruin/structure/col_a_ruin_struct_sheet_2m_a.cgf
    [0.034765702919615109, 0.98420338051731804, 0.17359440626585021, -3.8611359999999877]
    [0.0030435732055860611, 0.17359433724873663, -0.98481252477073988, -49.629729999999995]
    [-0.99939083884667068, 0.034766047538653089, 0.0030396341708849735, 12.153036]
  #176 objects/buildingsets/human/lowtech/alpha/int/stairs/util_stairs_structure_4m_d.cgf
    [0.010453086806695371, -0.13037017873867718, -0.56506107632091751, 0.43641300000001593]
    [0.0039020797735889266, -0.5651242612994134, 0.13045694142256134, -44.648697999999968]
    [-0.57989238419792077, -0.0061527463408156393, -0.009307897872954024, 21.608035000000001]
  #177 objects/buildingsets/human/colonialism/ruin/structure/col_a_structural_addon_bar_2m_a.cgf
    [0.12140906381390619, 0.08715846301309392, 0.98876851233584429, -4.7710680000000139]
    [0.010622053957929239, -0.99619442467972519, 0.08650878362662881, -49.740708999999981]
    [0.99254568692396139, -1.9794186300156849E-07, -0.12187283867382066, 14.78223]
  #178 objects/buildingsets/human/colonialism/ruin/structure/col_a_ruin_struct_grate_4m_a.cgf
    [-0.52004430834176707, 0.082416993928927068, 0, -9.9337029999999231]
    [-0.082416993928927068, -0.52004430834176707, 0, -45.025015999999994]
    [0, 0, 0.52653456061966875, 15.722656000000001]
  #179 objects/buildingsets/human/lowtech/alpha/int/stairs/util_stairs_b_rail_straight_005x01_a.cgf
    [0.97424444218925355, 0.22477318964717866, -0.018022255833184442, -5.1312739999999621]
    [-0.22492277142906114, 0.97435338083844369, -0.0067273893523471569, -45.25765100000001]
    [0.016047908965145977, 0.01060773730166862, 0.99981496395749059, 26.613869999999999]
  #180 objects/spaceships/derelicts/metal_plate/derelicts_metal_plate_04x04_e.cgf
    [1.0024455435551423, -0.071152050224379801, -0.10069806464143287, -10.949488999999971]
    [0.11840736611990325, 0.78556886228155465, 0.6236674117904818, -44.093037999999979]
    [0.034386190865084883, -0.63080799822906375, 0.78803467024951313, 15.530536999999999]
  #181 objects/spaceships/derelicts/habs/ext/power_sources/drlct_hab_commtower_platform_a.cgf
    [-0.97424478837557271, -0.22477099552321461, -0.018022248524131475, -2.7158699999999953]
    [0.22492057722510181, -0.97435372711341284, -0.0067274027867407797, -42.509769000000006]
    [-0.01604792232937147, -0.010607713185746834, 0.99981480793055211, 16.577748]
  #182 objects/spaceships/derelicts/metal_plate/derelicts_metal_plate_01x01_b.cgf
    [-1.0000581518272851, -0.1405658238844317, -0.01501263899818227, -1.7047079999999823]
    [0.14054997420235954, -1.000170828591324, 0.0021108284781751981, -44.700639999999964]
    [-0.015160307573228364, 9.1604218432232465E-07, 1.0098864303889072, 16.825212000000001]
  #183 objects/spaceships/derelicts/metal_plate/derelicts_metal_plate_straight_08x04_a.cgf
    [0.41080404278334753, -0.92268120404493559, 0, -4.4980769999999666]
    [0.92268120404493559, 0.41080404278334753, 0, -40.550484999999981]
    [0, 0, 1.0100002801311267, 16.479799]
  #184 objects/buildingsets/human/colonialism/ruin/structure/col_a_ruin_struct_addon_bar_4m_b.cgf
    [0.9961961452734579, 1.8752174563321878E-07, 0.087157073930926393, -3.065339999999992]
    [0.087157073931036208, -3.5956112346882035E-06, -0.99619614526697697, -47.715689999999995]
    [1.2657431689795965E-07, 1.0000015576892711, -3.5982722935323933E-06, 14.444302]
  #185 objects/buildingsets/human/colonialism/ruin/structure/col_a_ruin_struct_addon_bar_4m_b.cgf
    [-0.087156524141535199, -9.1079255055551873E-07, 0.9961951862412779, -5.0021950000000288]
    [0.99619518623742975, -3.0057146862754009E-06, 0.087156524138450389, -47.816029000000015]
    [2.9148953725936117E-06, 1.0000005543906934, 1.169294150718841E-06, 11.84468]
  #186 objects/buildingsets/human/colonialism/ruin/structure/col_a_ruin_struct_addon_bar_4m_d.cgf
    [0.26605731262155602, 1.809451896302561, 0.57264973744451542, -3.3740699999999606]
    [-1.2037175745632216, -0.2861893682974207, 1.4635539028641098, -34.999201999999968]
    [1.4673472279988267, -0.56285865087799769, 1.0967737378527853, 13.770187]
  #187 objects/buildingsets/human/colonialism/col_a/int/garage/col_garage_sml_a_int_cylinder_generator_b.cgf
    [-0.28205182987895683, -0.34820358063115353, -0.0080776078431329442, -2.5607089999999744]
    [0.34828646492888021, -0.28204906250217693, -0.0030134266008530319, -44.69324499999999]
    [-0.0027421998774000925, -0.0081736667523553009, 0.44809584640179995, 21.623265]
  #188 objects/buildingsets/human/colonialism/ruin/structure/col_a_ruin_struct_addon_bar_4m_b.cgf
    [0.9961961452734579, 1.8752174563321878E-07, 0.087157073930926393, -2.8910280000000057]
    [0.087157073931036208, -3.5956112346882035E-06, -0.99619614526697697, -49.708079999999995]
    [1.2657431689795965E-07, 1.0000015576892711, -3.5982722935323933E-06, 14.444302]
  #189 objects/buildingsets/human/lowtech/alpha/int/stairs/util_addon_floorplate_01x02_a.cgf
    [0.26839966329898662, 0.9561926531612418, 0.11686711087794806, -3.9887129999999615]
    [0.89631909125867393, -0.29234086921287322, 0.33339105215435744, -42.930363999999997]
    [0.35295098556275256, 0.015268171201219805, -0.93551759767625686, 27.372624999999999]
  #190 objects/buildingsets/human/colonialism/col_a/ext/nongp/col_a_ext_adn_fluff_a.cgf
    [0.99847499996261158, 0.052181550655220628, -0.018021078289234164, -1.7661789999999655]
    [-0.052309891556304347, 0.99860825588166546, -0.0067249960723465285, -39.827107000000012]
    [0.01764507684476728, 0.0076574211077908398, 0.99981498998912155, 25.321508000000001]
  #191 objects/spaceships/derelicts/metal_plate/derelicts_metal_plate_02x005_a.cgf
    [-0.24426063727042768, 0.97997856921947768, -0.0088733058526349537, -0.81494799999995848]
    [-0.97972981757356725, -0.24395657755590563, 0.026733189679468746, -41.941556999999989]
    [0.023795298768320209, 0.015072582516584165, 1.0096071471710035, 16.754044]
  #192 objects/buildingsets/human/colonialism/ruin/structure/col_a_ruin_struct_addon_bar_4m_b.cgf
    [0.9961961452734579, 1.8752174563321878E-07, 0.087157073930926393, -4.8834170000000086]
    [0.087157073931036208, -3.5956112346882035E-06, -0.99619614526697697, -49.882391999999982]
    [1.2657431689795965E-07, 1.0000015576892711, -3.5982722935323933E-06, 14.444302]
  #193 objects/spaceships/derelicts/metal_plate/derelicts_metal_plate_corner_02x02_a.cgf
    [1.0026208281090083, -0.11556113943305575, -0.038692046601640877, -8.6364149999999427]
    [0.11547519026130158, 1.0033671309287544, -0.0044561621603159667, -48.317907999999989]
    [0.038947809327430728, -1.2915600110529331E-07, 1.0092487525500642, 15.823952999999999]
  #194 objects/buildingsets/human/colonialism/ruin/structure/col_a_ruin_struct_addon_bar_4m_b.cgf
    [0.9961961452734579, 1.8752174563321878E-07, 0.087157073930926393, -5.0577299999999923]
    [0.087157073931036208, -3.5956112346882035E-06, -0.99619614526697697, -47.890002999999979]
    [1.2657431689795965E-07, 1.0000015576892711, -3.5982722935323933E-06, 14.444302]
  #195 objects/buildingsets/human/lowtech/alpha/int/stairs/util_stairs_b_rail_cornerout_005x005_a.cgf
    [0.22477284944382719, -0.97424488281762323, -0.018020486457825998, -4.7565359999999828]
    [0.97435381799733722, 0.22492237468861631, -0.0067250423079577492, -45.857287999999983]
    [0.01060504514430438, -0.016046717536860242, 0.99981533262366895, 26.616589999999999]
  #196 objects/buildingsets/human/colonialism/ruin/structure/col_a_structural_addon_bar_2m_b.cgf
    [-0.0052606184842121772, -0.31006865139150525, 0.11739455078238872, -1.5038710000000037]
    [0.020023590936103699, -0.11749213665541051, -0.30942911444489518, -42.267078999999967]
    [0.33094275174895321, 0.0021800193534957115, 0.020588001759064258, 27.474485999999999]
  #197 objects/buildingsets/human/colonialism/col_a/ext/habitation/col_a_ext_hab_addon_fuel_tank_a.cgf
    [0.58979588044253861, 0.13607498852129227, -0.010910457156735678, -2.9860800000000154]
    [-0.13616554353492444, 0.58986183059193731, -0.004072680689079654, -38.519363999999996]
    [0.0097152112832082724, 0.0064217967179590598, 0.60527596710927145, 27.249995999999999]
  #198 objects/buildingsets/human/colonialism/ruin/structure/col_a_ruin_struct_scaffold_2m_a.cgf
    [-0.99619405618137358, 0.087156973289826231, 8.7240026044475934E-08, -4.0615329999999403]
    [-0.087156973289826231, -0.99619405617937362, -1.9980949177189472E-06, -47.802838000000008]
    [-8.7239956398408119E-08, -1.9980949207598048E-06, 0.99999946777993309, 13.350549000000001]
  #199 objects/buildingsets/human/colonialism/ruin/structure/col_a_ruin_struct_addon_bar_4m_e.cgf
    [0.99619412642697658, 6.2507121883893314E-08, 0.087156897302304734, -4.734489999999937]
    [0.087156897302327133, -7.3234235035622644E-07, -0.99619412642670746, -49.800248000000011]
    [1.5594600654345253E-09, 0.99999953113710771, -7.3500341937676943E-07, 13.68848]
  #200 objects/spaceships/derelicts/metal_plate/derelicts_metal_plate_02x01_b.cgf
    [-0.9985518891490478, 0.13651908925544551, -0.066019605563997205, -3.8691959999999881]
    [-0.13429540255351677, -1.0003367291515575, -0.037324235242624092, -50.586895999999967]
    [-0.070432910652272182, -0.028122801288661806, 1.0071495611466166, 15.856446]
  #201 objects/spaceships/derelicts/habs/ext/addon/ladders/derelict_ladder_1mx05m_a.cgf
    [0.52995779708076129, 0.83182260323821045, -0.16497259984899745, -1.1513899999999921]
    [-0.84801533159768283, 0.52071013667961918, -0.098645930377225494, -44.449681999999996]
    [0.0038469902784851041, 0.19217746732310503, 0.98135268398506881, 21.657623999999998]
  #202 objects/buildingsets/human/lowtech/alpha/int/stairs/util_stairs_b_rail_straight_005x01_a.cgf
    [0.22477284944382719, -0.97424488281762323, -0.018020486457825998, -2.4390959999999495]
    [0.97435381799733722, 0.22492237468861631, -0.0067250423079577492, -45.067908999999986]
    [0.01060504514430438, -0.016046717536860242, 0.99981533262366895, 21.618357]
  #203 objects/spaceships/derelicts/metal_plate/derelicts_metal_plate_04x01_a.cgf
    [0.13304134604415807, 0.038691290512462333, 1.000451968859088, -3.148682000000008]
    [-1.0011996276780266, 0.0044550967633242141, 0.13296847507209092, -45.268826999999987]
    [0.00068080314802201555, -1.0092493714955173, 0.038940985552037052, 16.405975999999999]
  #204 objects/buildingsets/human/colonialism/ruin/structure/col_a_ruin_struct_addon_bar_4m_d.cgf
    [-1.8542892353837805, 0.36683290680570174, 0.31602255821388348, -6.5971029999999473]
    [0.47214067195441872, 1.6471870751910058, 0.85830247144340899, -34.131928000000016]
    [-0.10733044629553179, 0.90831358301189868, -1.6841234567245427, 14.638835]
  #205 objects/buildingsets/human/colonialism/col_a/ext/garage/col_garage_sml_a_ext_addon_a.cgf
    [-0.15044294885240167, 0.0031606690414057643, 0.0075196847749968475, 0.82166700000004766]
    [-0.0033313518548721689, -0.1505897585562217, -0.0033530672687644685, -38.031896000000017]
    [0.0074456418610929697, -0.0035144183730055562, 0.15043878365663155, 27.244903000000001]
  #206 objects/buildingsets/human/colonialism/col_a/ext/habitation/col_a_ext_hab_addon_canopy_legstand_b_mirror.cgf
    [-0.077438885231507729, -0.1288367655368006, -0.0027094896265150293, -3.6437730000000101]
    [0.12886416840371973, -0.077434084986660837, -0.001011443431783117, -45.190428999999995]
    [-0.00052876236485270513, -0.002843371627734429, 0.15031523569508001, 17.118938]
  #207 objects/buildingsets/human/colonialism/ruin/structure/col_a_structural_addon_bar_4m_e.cgf
    [-0.034629081922160798, 0.99270733703277048, -0.11546832329426168, -8.934319999999957]
    [-0.0043324879529617203, 0.11538741845710787, 0.99331109789823469, -43.872176999999965]
    [0.99939082456825667, 0.034897717131126903, 0.00030513221746609641, 15.681749]
  #208 objects/buildingsets/human/colonialism/col_a/ext/garage/col_garage_sml_a_ext_addon_b.cgf
    [-0.10608198607710674, -0.0072259386228746073, -0.098226517710289743, 0.9218829999999798]
    [0.098206544041544719, 0.0032219439113242896, -0.10629743423706565, -37.938701999999978]
    [0.0074925081172831035, -0.14453876860201076, 0.002541148099131084, 27.437947999999999]
  #209 objects/buildingsets/human/colonialism/ruin/structure/col_a_ruin_struct_scaffold_2m_a.cgf
    [0.087156344244270045, 0.99619504004964965, 0, -2.978181999999947]
    [-0.99619504004964965, 0.087156344244270045, -0, -48.711877000000015]
    [-0, 0, 1.0000003930806973, 13.163049000000001]
  #210 objects/spaceships/derelicts/metal_plate/derelicts_metal_plate_08x04_b.cgf
    [0.30438063591387648, -0.92085627151841132, 0.28191223178530661, -9.0082639999999401]
    [-0.82910849415624177, -0.40098017447657763, -0.41459902959245004, -33.663235999999984]
    [0.48992844798289892, -0.1064752441943274, -0.87677333956680314, 10.065348]
  #211 objects/spaceships/derelicts/habs/ext/addon/plate/drlct_hab_plate_grp_d.cgf
    [0.24803368807367501, -1.0716729207444833, 0.0017992855135164952, -2.5056650000000218]
    [1.0683590115485866, 0.24741116254464085, 0.086043802775308528, -43.174645999999996]
    [-0.084232469560720891, -0.017654022094060296, 1.096631215806118, 27.280871999999999]
  #212 objects/buildingsets/human/colonialism/ruin/structure/col_a_structural_addon_bar_4m_e.cgf
    [0.0063131325000347445, -0.32234836353818974, 0.077481405071949228, -2.546921999999995]
    [-0.014106306368215424, 0.077164090268179275, 0.32217760093365544, -43.328305999999998]
    [-0.33122929781092508, -0.0094301085344102378, -0.01224404240217225, 27.504239999999999]
  #213 objects/buildingsets/human/colonialism/col_a/ext/nongp/col_a_ext_adn_fluff_a.cgf
    [-0.93959102913277959, -0.34182722765994217, -0.018018436617694381, -3.454193000000032]
    [0.34198889630789958, -0.93968089319578496, -0.0067255794917541242, -39.453192999999999]
    [-0.01463258110971794, -0.012481388052348146, 0.99981594415021113, 26.744465999999999]
  #214 objects/buildingsets/human/colonialism/ruin/structure/col_a_structural_addon_bar_2m_b.cgf
    [0.02849903761765404, -0.32148705016744467, -0.076063439183940512, -3.4342460000000301]
    [0.012007146094659981, 0.077303475030788521, -0.32222936945879455, -42.996780000000001]
    [0.33014451176494752, 0.024940222007547128, 0.018285295422421504, 27.497685000000001]
  #215 objects/buildingsets/human/colonialism/ruin/structure/col_a_ruin_struct_addon_bar_4m_d.cgf
    [-1.5480545887931383, 1.1286301954838136, 0.050517441916976706, -4.2041080000000193]
    [-0.55803339200360413, -0.68936927808011483, -1.6988819475841785, -32.59671800000001]
    [-0.98232217907599884, -1.3870093800189776, 0.88548249910086363, 13.477361999999999]
  #216 objects/buildingsets/human/colonialism/col_a/ext/habitation/col_a_ext_hab_addon_canopy_legstand_b_mirror.cgf
    [-0.1450867535986399, 0.080450712804718771, -0.0029904268431927786, -0.017967999999996209]
    [-0.080444363150922793, -0.14511679533226937, -0.0011162719287757402, -42.778233]
    [-0.0031566248960373708, 0.00047374570095959297, 0.16589525971998359, 17.094642999999998]
  #217 objects/spaceships/derelicts/metal_plate/derelicts_metal_plate_02x01_a.cgf
    [-1.0066828586806378, 0.070346039025139431, 0.041649574932999298, -3.1184580000000324]
    [-0.072114017656651222, -1.0064991348386043, -0.043042888920283545, -46.172361999999964]
    [0.038507411702711949, -0.045875446838818196, 1.0082193476031607, 16.702994]
  #218 objects/buildingsets/human/lowtech/alpha/int/stairs/util_addon_floorplate_01x02_a.cgf
    [-0.24319271183689811, 0.96936895698796943, -0.034339484749991919, -2.0507350000000315]
    [-0.96992905228673243, -0.24338024198489869, -0.0013271838441845771, -37.576668999999981]
    [-0.0096440922330480565, 0.032984134289862063, 0.99940837921520942, 27.224661999999999]
  #219 objects/spaceships/derelicts/metal_plate/derelicts_metal_plate_04x04_e.cgf
    [0.23519680305857349, -0.97965613025474696, -0.071100407887976891, -7.5376780000000281]
    [-0.98217010861014198, -0.23539124946655843, -0.0056369445473592582, -46.707393999999965]
    [-0.011103121195593554, 0.070453983885814794, -1.0074779871395947, 15.944457]
  #220 objects/buildingsets/human/universal/prop/junk/scrap/scrap_pile_3_medium_a.cgf
    [-0.99923244017851376, -0.034746078122740304, -0.018021018665711194, -3.4432949999999209]
    [0.034872108115624502, -0.99936790059897662, -0.0067269526335979168, -44.060362999999995]
    [-0.017775914441560486, -0.0073502293332182791, 0.99981373643208316, 21.556639000000001]
  #221 objects/buildingsets/human/colonialism/ruin/structure/col_a_structural_addon_bar_2m_b.cgf
    [0.99756397987575185, -0.069757490040835396, 0, -3.6653860000000122]
    [0.069757490040835396, 0.99756397987575185, 0, -48.899968999999999]
    [0, 0, 1.0000000006811733, 14.847135999999999]
  #222 objects/buildingsets/human/lowtech/bravo/int/prop/light/light_b.cgf
    [-0.51154898471559818, -0.85695446853100421, -0.062844037776850339, -0.16642400000000634]
    [0.85446137387362453, -0.51504767383949746, 0.068002589755349452, -45.302779999999984]
    [-0.090642676358062127, -0.0189111216002689, 0.99570526396388026, 21.671548000000001]
  #223 objects/spaceships/derelicts/metal_plate/derelicts_metal_plate_02x01_a.cgf
    [-1.0066828586806378, 0.070346039025139431, 0.041649574932999298, -3.0674579999999878]
    [-0.072114017656651222, -1.0064991348386043, -0.043042888920283545, -46.919892000000004]
    [0.038507411702711949, -0.045875446838818196, 1.0082193476031607, 16.636330000000001]
  #224 objects/buildingsets/human/colonialism/ruin/structure/col_a_ruin_struct_grate_4m_a.cgf
    [0.52452611555200124, -0.045939403847538161, 0, -4.3884140000000116]
    [0.045939403847538161, 0.52452611555200124, 0, -48.722338999999977]
    [0, 0, 0.52653402047915054, 16.526403000000002]
  #225 objects/buildingsets/human/colonialism/col_a/ext/habitation/col_a_ext_hab_addon_canopy_legstand_b_mirror.cgf
    [-0.13146088404617021, 0.072895158001192076, -0.0027095799356641331, 0.057839000000058149]
    [-0.07288940467719314, -0.13148810440063577, -0.0010114368882960382, -42.47996599999999]
    [-0.0028601694444358493, 0.00042925371969867098, 0.15031515256167741, 17.084932000000002]
  #226 objects/buildingsets/human/colonialism/props/light/col_light_beacon_a_tube_a.cgf
    [0.40653861064408586, -0.91345589099585112, -0.018020764216880526, -3.1197499999999536]
    [0.91353427036284274, 0.40670620616497588, -0.006727066368692608, -39.934502000000009]
    [0.013474034682047033, -0.013727773099676087, 0.99981500954802593, 32.144967999999999]
  #227 objects/buildingsets/human/colonialism/ruin/structure/col_a_ruin_struct_scaffold_2m_a.cgf
    [0.087156344244270045, 0.99619504004964965, 0, -4.9705709999999499]
    [-0.99619504004964965, 0.087156344244270045, -0, -48.886189000000002]
    [-0, 0, 1.0000003930806973, 13.163049000000001]
  #228 objects/spaceships/derelicts/metal_plate/derelicts_metal_plate_04x02_b.cgf
    [0.27098326352137431, -0.97219990053305716, 0.038692865694363816, -5.9500189999999975]
    [-0.97295048636932113, -0.27101515503109547, 0.0044553763023561033, -46.494220999999982]
    [0.0060938925023130705, -0.038468853736600014, -1.0092495852499446, 16.547785000000001]
  #229 objects/buildingsets/human/colonialism/col_a/ext/habitation/col_a_ext_hab_addon_canopy_legstand_b_mirror.cgf
    [-0.13146088404617021, 0.072895158001192076, -0.0027095799356641331, 0.058712000000014086]
    [-0.07288940467719314, -0.13148810440063577, -0.0010114368882960382, -42.479640000000018]
    [-0.0028601694444358493, 0.00042925371969867098, 0.15031515256167741, 17.036462999999998]
  #230 objects/spaceships/derelicts/metal_plate/derelicts_metal_plate_04x01_a.cgf
    [0.13304135234722392, -1.0004504803668279, 0.038691483819620155, -8.7028520000000071]
    [-1.0011981474409797, -0.13296849893645915, 0.0044546461244521635, -43.724398000000008]
    [0.0006812834440330681, -0.038941117666637555, -1.0092478987981597, 15.841688000000001]
  #231 objects/buildingsets/human/lowtech/prop/light/lamp/lamp_lantern_1_a.cgf
    [0.40653861064408586, -0.91345589099585112, -0.018020764216880526, -1.2197320000000218]
    [0.91353427036284274, 0.40670620616497588, -0.006727066368692608, -43.591678000000002]
    [0.013474034682047033, -0.013727773099676087, 0.99981500954802593, 27.284002000000001]
  #232 objects/buildingsets/human/colonialism/col_a/ext/addons/col_a_ext_adn_fluff_a.cgf
    [-0.65871980577374079, 0.38043948657484755, -0.013710092738962799, -0.46984099999997397]
    [-0.38041279857667992, -0.65885800437091135, -0.0051171146438015232, -39.261086999999975]
    [-0.014431641185358059, 0.0024247139802140412, 0.7606706255677621, 27.271391000000001]
  #233 objects/buildingsets/human/colonialism/props/addons/addons_solar_1_small_b.cgf
    [0.5053449410072729, -0.38091949639355677, -0.011405259879903512, -4.5344549999999799]
    [0.38091146344955268, 0.50546175371793134, -0.0042573029498261554, -41.10321799999997]
    [0.011670462645891463, -0.00346480633882865, 0.63281517641880114, 16.537914999999998]
  #234 objects/buildingsets/human/colonialism/ruin/structure/col_a_ruin_struct_addon_bar_4m_b.cgf
    [-0.087156524141535199, -9.1079255055551873E-07, 0.9961951862412779, -5.0577299999999923]
    [0.99619518623742975, -3.0057146862754009E-06, 0.087156524138450389, -47.890002999999979]
    [2.9148953725936117E-06, 1.0000005543906934, 1.169294150718841E-06, 14.444302]
  #235 objects/buildingsets/human/colonialism/ruin/structure/col_a_structural_addon_bar_2m_b.cgf
    [0.087496359183624597, 0.2995301193094343, 0.0092361935431897069, -1.1084190000000262]
    [0.29879990453232541, -0.086466412006528159, -0.026483752779234811, -40.649306999999965]
    [-0.022852061092261546, 0.016262832971977319, -0.31092204180894312, 27.372108000000001]
  #236 objects/buildingsets/human/colonialism/ruin/structure/col_a_structural_addon_bar_2m_a.cgf
    [-0.019856328092096739, -0.16798759470732239, 0.34147859136877923, -2.8040220000000318]
    [0.063680376143257014, -0.33858853868841032, -0.16286296468859479, -38.162164000000018]
    [0.37519630866122688, 0.048576780434211132, 0.045713898036528512, 27.196878000000002]
  #237 objects/buildingsets/human/colonialism/ruin/structure/col_a_structural_addon_bar_2m_a.cgf
    [0.0059732123323058151, 0.094584084104589905, 0.32375807645358129, -1.2975109999999859]
    [-0.01431498692048366, 0.32358817073501622, -0.094270341095311183, -40.225904000000014]
    [-0.33698742140366827, -0.012069262398995086, 0.0097432551667618883, 27.338836000000001]
  #238 objects/buildingsets/human/colonialism/ruin/structure/col_a_ruin_struct_grate_4m_a.cgf
    [-0.0038529716752092589, -0.17837050003917626, 0.16481020652974712, -1.1775559999999814]
    [0.014665577135167723, -0.16470101801493101, -0.17790947238264596, -43.145890000000009]
    [0.2424115515149724, 0.0071291115823249995, 0.013382836451376043, 27.009608]
  #239 objects/buildingsets/human/lowtech/alpha/int/universal/prop/cable_hanging_h.cgf
    [-0.53656064724832264, -0.39405724583504781, -0.73828540344767868, -1.9759970000000067]
    [0.435803978518437, -0.88026981030181739, 0.15311345954307293, -43.153131999999971]
    [-0.71443778052851237, -0.24101395434838058, 0.64786936158256003, 26.714901999999999]
  #240 objects/buildingsets/human/colonialism/ruin/structure/col_a_ruin_struct_grate_4m_a.cgf
    [0.52452611555200124, -0.045939403847538161, 0, -5.1825289999999313]
    [0.045939403847538161, 0.52452611555200124, 0, -48.805184999999994]
    [0, 0, 0.52653402047915054, 16.535577]
  #241 objects/buildingsets/human/colonialism/col_a/ext/habitation/col_a_ext_hab_addon_canopy_legstand_b_mirror.cgf
    [-0.13731417243181956, 0.061159893690499866, -0.0027094597331076163, -0.44185500000003231]
    [-0.061151786381896417, -0.13734078561375793, -0.0010116067480740436, -44.538052999999991]
    [-0.0028866573370395698, 0.00017812825883659961, 0.15031530593607553, 17.148536]
  #242 objects/buildingsets/human/colonialism/col_a/int/addons/col_a_int_addn_gen_a.cgf
    [-0.62932809238235288, -0.7769291738094759, -0.018023179243641385, -2.4152259999999615]
    [0.77711410967457828, -0.62932191790940206, -0.0067237007260592015, -44.265518999999983]
    [-0.006118549747333492, -0.018237502309566406, 0.99981377307298214, 21.568141000000001]
  #243 objects/spaceships/derelicts/metal_plate/derelicts_metal_plate_02x005_b.cgf
    [1.0085023566168847, 0.052850951084772453, 0.015157630946538525, -2.2796769999999924]
    [-0.052860856540656441, 1.0086157049865001, 0.00026383453181981286, -41.703140000000019]
    [-0.015123050362430623, -0.0010567555568957005, 1.0098862097898529, 16.731776]
  #244 objects/buildingsets/human/colonialism/col_a/ext/addons/col_a_ext_adn_pole_a.cgf
    [0.64749725760106791, 0.59951329610535775, 0.044105293093782319, 0.85060399999997571]
    [-0.59939142871734574, 0.64881230134080992, -0.019664193243652824, -38.032127000000003]
    [-0.045731654968716694, -0.015510419357142251, 0.88220304369917613, 27.695602000000001]
  #245 objects/buildingsets/human/colonialism/col_a/ext/habitation/col_a_ext_hab_addon_canopy_legstand_b_mirror.cgf
    [-0.0741020693713767, -0.12883679531718689, 0.022649674073868222, -3.6575849999999264]
    [0.12151413260431311, -0.077434091744605194, -0.042910619448861036, -45.256377999999984]
    [0.048438034029846623, -0.00284356404198137, 0.14229798048896569, 16.862307999999999]
  #246 objects/spaceships/derelicts/metal_plate/derelicts_metal_plate_04x02_c.cgf
    [-0.23450057721667497, 0.98217120834093641, -0.021187749324765942, -7.7138360000000148]
    [-0.98237263904892824, -0.23460129994465428, -0.0024396808439263212, -46.932011999999986]
    [-0.007293919617607547, 0.020041743953090024, 1.0097746536560663, 15.894195]
  #247 objects/buildingsets/human/colonialism/ruin/structure/col_a_structural_addon_floor_1m_a.cgf
    [-0.065531563051517389, 0.99742683980317148, -0.028971588767214989, -3.3996059999999488]
    [0.99781078360615683, 0.065252423940454593, -0.010478585809899127, -48.826996000000008]
    [-0.0085611818521298243, -0.02959492999766683, -0.99952232879267944, 14.673341000000001]
  #248 objects/buildingsets/human/colonialism/col_a/ext/nongp/col_a_ext_adn_fluff_c.cgf
    [0.65335060744660434, -0.036569577111048752, 0.032704352105708337, 0.96880499999997483]
    [0.037333792571394124, 0.6539628926097022, -0.014582451418373697, -38.089861999999982]
    [-0.031829177635798366, 0.016405059800322933, 0.65421074764295839, 30.090582000000001]
  #249 objects/buildingsets/human/colonialism/col_a/ext/addons/col_a_ext_adn_floorplate_metal_1x4m_a.cgf
    [0.13570725285004978, -0.58820323580848721, -0.010880867336822923, -2.6014639999999645]
    [0.58826901293937828, 0.13579755125541809, -0.0040610163808247699, -42.293707999999981]
    [0.0064037727087941547, -0.0096890052709744257, 0.60364146083386028, 27.168033999999999]
  #250 objects/spaceships/derelicts/metal_plate/derelicts_metal_plate_corner_02x02_a.cgf
    [0.9975301435015268, 0.15724332475541869, -0.017553508763066737, -7.2106559999999718]
    [-0.15488139911523291, 0.99335041302856597, 0.096781636627488121, -46.641501000000005]
    [0.032331734536536379, -0.092894939582569017, 1.0051990674418771, 16.753972000000001]
  #251 objects/spaceships/derelicts/metal_plate/derelicts_metal_plate_04x005_c.cgf
    [0.24458335843510665, -1.0716724517192051, -0.041298427450120634, -3.8665829999999914]
    [1.0670691203466298, 0.24741653060698218, -0.10078182322311158, -43.477763999999979]
    [0.10747509612172665, -0.017653320244447147, 1.0945985049802842, 26.704466]
  #252 objects/buildingsets/human/colonialism/col_a/int/addons/col_a_int_addn_gen_h.cgf
    [0.6333604030993123, 3.4573236833040895, 0.12430621375539429, -1.1355829999999969]
    [3.4574132143671283, -0.62811026121157298, -0.1464781588086527, -36.08662499999997]
    [-0.12179060322175786, 0.1485763600074218, -3.5118053192541163, 27.263597000000001]
  #253 objects/buildingsets/human/colonialism/col_a/int/garage/col_garage_sml_a_int_floor_cables_c.cgf
    [-0.36308339665556499, -0.33855488082530594, 0.0037669189948113554, -0.62285899999994854]
    [0.33786944090581655, -0.36194683600365324, 0.036081556857048606, -40.180463999999972]
    [-0.02185950391343628, 0.028952210841322042, 0.49512329930265953, 27.387138]
  #254 objects/buildingsets/human/colonialism/ruin/structure/col_a_structural_addon_bar_2m_b.cgf
    [0.087158955587473441, 0.996194024402969, 0, -0.43777699999998276]
    [-0.996194024402969, 0.087158955587473441, -0, -44.437973]
    [-0, 0, 0.99999960889756467, 14.26787]
  #255 objects/buildingsets/human/colonialism/col_a/ext/habitation/col_a_ext_hab_addon_canopy_legstand_b_mirror.cgf
    [-0.0741020693713767, -0.12883679531718689, 0.022649674073868222, -3.9435099999999466]
    [0.12151413260431311, -0.077434091744605194, -0.042910619448861036, -45.186547000000019]
    [0.048438034029846623, -0.00284356404198137, 0.14229798048896569, 16.857623]
  #256 objects/buildingsets/human/colonialism/ruin/structure/col_a_structural_addon_bar_2m_b.cgf
    [0.99756397987575185, -0.069757490040835396, 0, -3.1707549999999856]
    [0.069757490040835396, 0.99756397987575185, 0, -48.899968999999999]
    [0, 0, 1.0000000006811733, 14.847135999999999]
  #257 objects/buildingsets/human/colonialism/ruin/structure/col_a_ruin_struct_addon_bar_4m_c.cgf
    [2.0100000659678314, 0, 0, -1.7395599999999831]
    [0, 1.292003948654231, -1.5397487008770496, -48.324871999999971]
    [0, 1.5397487008770496, 1.292003948654231, 13.25]
  #258 objects/buildingsets/human/colonialism/col_a/ext/nongp/col_a_ext_adn_fluff_b.cgf
    [-0.71912103661935978, 0.6946503029460982, -0.018023780109372747, -4.3302760000000262]
    [-0.69466022689381923, -0.71930583850160967, -0.006726456003218766, -43.648110999999972]
    [-0.017637154089152628, 0.0076832711412356839, 0.99981441451963715, 29.823606999999999]
  #259 objects/buildingsets/human/colonialism/ruin/structure/col_a_ruin_struct_addon_bar_4m_d.cgf
    [1.0096942733698959, -0.060602168743891814, -0.5546759709682284, -8.9911200000000235]
    [0.55668775726399011, 0.18731498363112009, 0.99289094019516289, -46.850502000000006]
    [0.037905099108152387, -1.1366886360621287, 0.19319091441056715, 13.497353]
  #260 objects/spaceships/derelicts/metal_plate/derelicts_metal_plate_02x01_a.cgf
    [-1.0000347875813105, -0.14056459011810202, -0.016408245242644448, -0.95527099999992515]
    [0.14054568021418645, -1.0001693890959451, 0.0023055950176183882, -43.960125000000005]
    [-0.016569438136051419, -4.2848083935299368E-07, 1.0098626959143908, 16.817964]
  #261 objects/buildingsets/human/lowtech/alpha/int/universal/prop/cable_hanging_h.cgf
    [0.46560488946268136, 1.8048795598497822, -0.43515653599788201, 3.5851149999999734]
    [-1.1922422625057303, 0.63457262744492893, 1.3563241933511443, -48.925107999999966]
    [1.4232040696542565, -0.05887872630136582, 1.278578437635121, 34.684591999999995]
  #262 objects/buildingsets/human/colonialism/ruin/structure/col_a_ruin_struct_grate_4m_a.cgf
    [-0.0030920766456611478, 0.092269443433688439, -0.17163137850555735, -3.4488639999999577]
    [0.011767573238624296, 0.17142811851208672, 0.09194816812064685, -39.944285999999977]
    [0.19450579554181446, -0.0089045611405894724, -0.0082912911420678879, 26.857036999999998]
  #263 objects/buildingsets/human/lowtech/alpha/int/stairs/util_stairs_structure_1m_a.cgf
    [-0.54839662439895775, -0.12652203510720222, -0.010144606733397284, -3.6033439999999928]
    [0.12660623358835846, -0.54845794527506875, -0.0037868122259474991, -44.449731999999983]
    [-0.009033273493779621, -0.0059710101822433312, 0.56278978586414041, 19.236955000000002]
  #264 objects/spaceships/derelicts/metal_plate/derelicts_metal_plate_straight_08x04_a.cgf
    [-0.10557425856336304, -1.0044666533149829, 0, -2.9671129999999266]
    [1.0044666533149829, -0.10557425856336304, 0, -46.581683999999996]
    [0, 0, 1.0099995948974465, 16.527725]
  #265 objects/buildingsets/human/colonialism/col_a/ext/addons/col_a_ext_adn_anten_b.cgf
    [0.20357585420166077, -0.76090057012472057, -0.0080262041469223444, -1.3432859999999209]
    [0.76007768232107498, 0.20372916470003807, -0.035405794315571774, -43.425977999999986]
    [0.03627691285867625, 0.0014056377800337205, 0.78686672045457862, 27.550788000000001]
  #266 objects/buildingsets/human/colonialism/col_a/int/garage/col_garage_sml_a_int_cylinder_generator_b.cgf
    [0.43663590626309318, 0.10073862484111232, -0.0080771967155848206, -2.1013899999999239]
    [-0.10080566425551836, 0.436684730278665, -0.0030150746767885288, -44.398582999999974]
    [0.0071923358976298422, 0.0047541651658867274, 0.44809607730682538, 21.633527000000001]
  #267 objects/spaceships/derelicts/habs/ext/addon/antenna/drlct_hab_antenna_b.cgf
    [-1.0044683237998264, 0.10557381906487573, 0, -1.6508209999999508]
    [-0.10557381906487573, -1.0044683237998264, 0, -31.339912999999967]
    [0, 0, 1.0100012102909464, 16.549253]
  #268 objects/buildingsets/human/colonialism/ruin/structure/col_a_ruin_struct_addon_bar_4m_c.cgf
    [1.4448216713044955, -0.39702488321423252, -0.069724101763399382, -7.3599550000000136]
    [0.022173104339420678, -0.18078483234689552, 1.4889006239391407, -35.028890999999987]
    [-0.40249044920586752, -1.4351612998653265, -0.16826571782757496, 13.934004]
  #269 objects/buildingsets/human/colonialism/col_a/int/addons/col_a_int_addn_gen_h.cgf
    [0.6333604030993123, 3.4573236833040895, 0.12430621375539429, -3.071303999999941]
    [3.4574132143671283, -0.62811026121157298, -0.1464781588086527, -38.876251999999965]
    [-0.12179060322175786, 0.1485763600074218, -3.5118053192541163, 27.077542999999999]
  #270 objects/buildingsets/human/colonialism/col_a/ext/addons/col_a_ext_adn_anten_a.cgf
    [-1.8859602943240281, 0.066130025575513132, -0.034020853946606359, -4.2773499999999558]
    [-0.065910588522332447, -1.8862320946370934, -0.012692912756816528, -43.651273000000003]
    [-0.034444057637190773, -0.011495017659593092, 1.8870766550448193, 27.436661000000001]
  #271 objects/buildingsets/human/colonialism/ruin/structure/col_a_structural_addon_bar_2m_a.cgf
    [0.0037001118418897305, 0.090907001615246133, 0.37005900262820907, -3.1064759999999296]
    [-0.028648665678288349, 0.36909545203333266, -0.090383850546793765, -39.856712000000016]
    [-0.37998289740949243, -0.026942597167628864, 0.010417933127626931, 27.273828000000002]
  #272 objects/buildingsets/human/colonialism/ruin/structure/col_a_ruin_struct_grate_4m_a.cgf
    [-0.0021066144436929393, -0.11291084955230202, 0.069836558294042506, -0.33367899999996098]
    [0.008017528684867832, -0.069826067606059278, -0.11265204020280999, -38.858287000000018]
    [0.13252065520048978, 0.0024296052036527748, 0.0079256298917774991, 26.837039999999998]
  #273 objects/buildingsets/human/universal/prop/junk/scrap/scrap_pile_3_large_a.cgf
    [0.99012776606230213, 0.13900462625297405, -0.0180200468035897, -2.2741270000000213]
    [-0.13914413001188625, 0.99024928659600553, -0.0067277643682566966, -41.053089]
    [0.016909148108874842, 0.0091687300336787125, 0.99981499110278349, 16.609750999999999]
  #274 objects/buildingsets/human/colonialism/col_a/ext/nongp/col_a_ext_adn_fluff_c.cgf
    [-0.98149478085054498, -0.19063700952665302, -0.018024463883367717, -3.3082069999999248]
    [0.19078269328440847, -0.98160892628658136, -0.0067257203375947396, -41.766253000000006]
    [-0.016410808715457421, -0.010040018408699733, 0.99981460227587426, 23.595808999999999]
  #275 objects/buildingsets/human/colonialism/ruin/structure/col_a_ruin_struct_addon_bar_4m_c.cgf
    [0.95943086246576814, -0.99019283684851434, -0.12161832151911477, -2.4379490000000033]
    [0.33551522072649465, 0.47916535346886868, -1.2544363478562588, -35.002145999999982]
    [0.93952243556824477, 0.84005902174548952, 0.57217032706613469, 14.568069999999999]
  #276 objects/buildingsets/human/colonialism/col_a/ext/habitation/col_a_ext_hab_addon_fuel_tank_a.cgf
    [0.61974357046228146, 0.14331817354487866, -0.0076052394575876125, -1.034089999999992]
    [-0.14306878954367222, 0.61959834499520283, 0.017585334870226434, -41.13530099999997]
    [0.011369256526071871, -0.015421532859920942, 0.63585607490616824, 27.382614]
  #277 objects/buildingsets/human/colonialism/ruin/structure/col_a_ruin_struct_grate_4m_a.cgf
    [0.52452611555200124, -0.045939403847538161, 0, -7.8597509999999602]
    [0.045939403847538161, 0.52452611555200124, 0, -46.052510999999981]
    [0, 0, 0.52653402047915054, 15.764081000000001]
  #278 objects/buildingsets/human/universal/prop/junk/scrap/scrap_pile_1_large_a.cgf
    [0.22526554213631858, -0.97424418398879775, -0.010167369904791109, -1.6450919999999769]
    [0.97399429033743679, 0.22492301915861793, 0.027284203550657766, -43.076843999999994]
    [-0.024294605097679608, -0.016049153788358372, 0.99957584341888439, 16.906030000000001]
  #279 objects/buildingsets/human/lowtech/alpha/int/universal/prop/cable_hanging_h.cgf
    [0.69198211241410335, -1.792033868250152, -0.94306855336667805, 3.0389790000000403]
    [0.48273033841836271, 1.1138542146519075, -1.7623572662994533, -52.322354000000018]
    [1.9666558167801542, 0.35713628876436854, 0.76440924561271839, 35.100791999999998]
  #280 objects/buildingsets/human/colonialism/col_a/ext/addons/col_a_ext_adn_anten_d.cgf
    [-0.7629424371783996, -0.17643591005589462, -0.054151544884595726, -3.12380799999994]
    [0.17658780993550013, -0.76481644904793811, 0.0039657617481072879, -39.953573000000006]
    [-0.053654128944786786, -0.0083277564089813579, 0.78306772729996055, 27.100646999999999]
  #281 objects/spaceships/derelicts/metal_plate/derelicts_metal_plate_04x04_e.cgf
    [0.12096062622829205, 0.99883289115072504, -0.088327666182912712, -9.764919999999961]
    [-0.86879611327067052, 0.14881811534418068, 0.49309925599878901, -40.377583000000016]
    [0.50066179664880817, 0.016923896013234029, 0.87701296528357975, 13.585089]
  #282 objects/buildingsets/human/lowtech/alpha/int/stairs/util_stairs_b_rail_straight_005x01_a.cgf
    [-0.22477096622863804, 0.97424521597626423, -0.01802360381861657, -2.8080449999999928]
    [-0.9743541749974356, -0.2249205644128062, -0.0067275386208431398, -46.30713099999997]
    [-0.010608148392376934, 0.016049213631536486, 0.99981521709568821, 26.648686999999999]
  #283 objects/spaceships/derelicts/metal_plate/derelicts_metal_plate_04x01_c.cgf
    [-0.96706388627705575, 0.26889042997300999, -0.11218396262972999, -3.8658090000000129]
    [-0.29028458777053689, -0.92251881631726373, 0.29119367539001501, -49.564026000000013]
    [-0.02494319356594828, 0.31105760745107286, 0.96058360744143845, 15.494294]
  #284 objects/spaceships/derelicts/metal_plate/derelicts_metal_plate_04x02_c.cgf
    [0.11556311042872636, 1.0031431567611933, -0.021187691291858497, -2.8843590000000177]
    [-1.0033668876432458, 0.11553733270265669, -0.0024407466306838291, -47.688592999999969]
    [-4.4449701205010131E-07, 0.021327810628302038, 1.0097747611248058, 16.678190999999998]
  #285 objects/spaceships/derelicts/metal_plate/derelicts_metal_plate_02x005_b.cgf
    [-0.89027290740238396, -0.47675713841359124, -0.01476098495689313, -1.2001940000000104]
    [0.47676077632959357, -0.89038662446603389, 0.0034534744088638393, -44.847463000000005]
    [-0.01464301399360997, -0.0039236849482655045, 1.0098867719687774, 16.757866]
  #286 objects/spaceships/derelicts/metal_plate/derelicts_metal_plate_straight_16x04_a.cgf
    [-0.10557425856336304, -1.0044666533149829, 0, 1.1247839999999769]
    [1.0044666533149829, -0.10557425856336304, 0, -46.581683999999996]
    [0, 0, 1.0099995948974465, 16.527725]
  #287 objects/buildingsets/human/colonialism/ruin/structure/col_a_ruin_struct_grate_4m_a.cgf
    [-0.0030920766456611478, 0.092269443433688439, -0.17163137850555735, -3.9120399999999336]
    [0.011767573238624296, 0.17142811851208672, 0.09194816812064685, -42.100505999999996]
    [0.19450579554181446, -0.0089045611405894724, -0.0082912911420678879, 26.980124]
  #288 objects/buildingsets/human/colonialism/ruin/structure/col_a_ruin_struct_grate_4m_a.cgf
    [0.52452611555200124, -0.045939403847538161, 0, -3.0224379999999655]
    [0.045939403847538161, 0.52452611555200124, 0, -48.72097500000001]
    [0, 0, 0.52653402047915054, 16.526403000000002]
  #289 objects/buildingsets/human/colonialism/col_a/ext/addons/col_a_ext_adn_fluff_a.cgf
    [0.66536657471699956, 0.36890282435237276, 0.0056010492349649332, -3.9370999999999867]
    [-0.36882268530692325, 0.66477091685963208, 0.029711937313426268, -42.468079999999986]
    [0.0095127477986307486, -0.028699801406440417, 0.76020995346474718, 27.376328999999998]
  #290 objects/buildingsets/human/colonialism/ruin/structure/col_a_ruin_struct_grate_4m_a.cgf
    [-0.0038527624797508727, -0.030701894478883888, 0.24090626141557975, -0.99129399999992529]
    [0.014665633007634677, -0.24052626729657933, -0.030418922423540915, -42.570074999999974]
    [0.24241153504383725, 0.014063616474132923, 0.0056691500164043045, 27.05939]
  #291 objects/buildingsets/human/colonialism/ruin/structure/col_a_ruin_struct_sheet_4x1m_bare_a.cgf
    [-0.0040578271449465929, -0.046376825411361899, -0.53210952108250908, -0.99789999999995871]
    [0.04637681045549763, 0.53008464784291653, -0.04655401052817365, -45.551824000000011]
    [0.53210952238601028, -0.046553995629231591, -3.419155589957693E-07, 15.813094]
  #292 objects/buildingsets/human/colonialism/ruin/structure/col_a_ruin_struct_addon_bar_4m_c.cgf
    [2.0370310118074535, 0, 0, -6.8486599999999953]
    [0, 1.3093791166216178, -1.5604555975805561, -48.549746999999968]
    [0, 1.5604555975805561, 1.3093791166216178, 12.988134000000001]
  #293 objects/buildingsets/human/colonialism/col_a/ext/tradingpost/col_a_trdpst_tarp_pole_b.cgf
    [-0.016451789099275933, 0.20519221614959773, -0.88936661148418417, 1.0177029999999831]
    [-0.0061429227473799594, 0.88946603617334263, 0.20532878889725095, -38.08295499999997]
    [0.91270974558802798, 0.0096851164943376391, -0.01464907447378303, 27.291589999999999]
  #294 objects/buildingsets/human/lowtech/alpha/int/stairs/util_addon_floorplate_01x02_a.cgf
    [0.22016550481277039, -0.86262445018743505, -0.13193716624640528, -2.3036240000000134]
    [0.80726026046704824, 0.25300772358690027, -0.30711426388856716, -43.369504000000006]
    [0.33145019198814751, -0.043212928065201169, 0.83562827889368385, 27.331766999999999]
  #295 objects/buildingsets/human/universal/prop/junk/scrap/scrap_pile_2_small_a.cgf
    [0.40653861064408586, -0.91345589099585112, -0.018020764216880526, -3.5372260000000324]
    [0.91353427036284274, 0.40670620616497588, -0.006727066368692608, -40.434728000000007]
    [0.013474034682047033, -0.013727773099676087, 0.99981500954802593, 16.662224999999999]
  #296 objects/spaceships/derelicts/metal_plate/derelicts_metal_plate_04x01_b.cgf
    [-0.7086616659931213, -0.71933965243294984, -0.021186948209619177, -8.5303549999999859]
    [0.7195318129476499, -0.70877908548664115, -0.002440761751829861, -47.724242000000004]
    [-0.013129832179518217, -0.016806296418425109, 1.0097746952130333, 15.525511999999999]
  #297 objects/buildingsets/human/colonialism/ruin/structure/col_a_ruin_struct_addon_bar_4m_d.cgf
    [1.7732835427499063, 0.30792618852029363, 0.054295991464199334, -1.7219779999999218]
    [-0.13214227887247804, 1.0214175561261076, -1.4770056565311902, -32.872005000000001]
    [-0.28338138682719455, 1.4505822119804546, 1.0284976184411716, 13.647949000000001]
  #298 objects/spaceships/derelicts/habs/ext/power_sources/drlct_hab_comtower_plates_a_base_a.cgf
    [-0.97424478837557271, -0.22477099552321461, -0.018022248524131475, -2.7086520000000291]
    [0.22492057722510181, -0.97435372711341284, -0.0067274027867407797, -42.478482999999983]
    [-0.01604792232937147, -0.010607713185746834, 0.99981480793055211, 16.57809]
  #299 objects/buildingsets/human/colonialism/ruin/structure/col_a_structural_addon_bar_2m_b.cgf
    [0.32908972714884516, -0.089905648575033997, 0.016916240628111718, -1.4029329999999618]
    [-0.088662811351124637, -0.32900591640518217, -0.023732808752614565, -40.551907999999969]
    [0.022540867906994461, 0.018474703848121173, -0.34032312285431132, 27.354555999999999]
  #300 objects/buildingsets/human/colonialism/col_a/ext/habitation/col_a_ext_hab_addon_g.cgf
    [-0.21009955229915969, -0.1118860606508193, -0.0042737691256757747, -0.71480799999994815]
    [0.11139373618044915, -0.20978920564499248, 0.016078006139110951, -39.149261999999965]
    [-0.011322155724900184, 0.012189182650611932, 0.23749065279049794, 27.676563000000002]
  #301 objects/buildingsets/human/colonialism/ruin/structure/col_a_ruin_struct_addon_bar_4m_d.cgf
    [-1.8542926982475731, 0.33789360658408085, 0.34679110567921562, -1.7299040000000332]
    [0.47214015080275412, 1.5661166855331132, 0.99859890667755391, -33.578656999999964]
    [-0.10733050986817827, 1.0516387255361301, -1.5985536349234757, 14.638835]
  #302 objects/spaceships/derelicts/metal_plate/derelicts_metal_plate_04x04_e.cgf
    [0.14891935184117366, 0.99642705531856868, 0.071101096756710946, -8.3029539999999997]
    [-0.99894845833086787, 0.14889401710788397, 0.0056360581522719652, -47.037583999999981]
    [-0.004921395048495379, -0.071154135384246003, 1.0074780815343494, 16.015785999999999]
  #303 objects/spaceships/derelicts/habs/ext/addon/plate/drlct_hab_plate_grp_g.cgf
    [0.18369497738363277, 0.82810757444767247, 0.054705371909273562, -2.7265770000000202]
    [0.808913654851523, -0.1911817768415694, 0.17778330767471917, -42.809657000000016]
    [0.18550884498613618, 0.013640037954693976, -0.82939682606446974, 25.947220999999999]
  #304 objects/buildingsets/human/lowtech/alpha/int/stairs/util_stairs_b_rail_straight_02x01_a.cgf
    [-0.97424478837557271, -0.22477099552321461, -0.018022248524131475, 0.5584479999999985]
    [0.22492057722510181, -0.97435372711341284, -0.0067274027867407797, -43.194327999999985]
    [-0.01604792232937147, -0.010607713185746834, 0.99981480793055211, 21.684991]
  #305 objects/buildingsets/human/colonialism/ruin/structure/col_a_ruin_struct_grate_4m_a.cgf
    [-0.0021064174534175337, 0.093446092766989647, 0.094306969105889607, -0.21593699999993987]
    [0.0080169044511927898, -0.094057192745756607, 0.093377660099469961, -38.115036999999973]
    [0.13252058677192952, 0.0071753682285206543, -0.0041499207525870956, 26.829749]
  #306 objects/buildingsets/human/colonialism/ruin/structure/col_a_ruin_struct_grate_4m_a.cgf
    [-0.0021067162681957397, -0.019079864985213833, 0.13138477773381235, -0.069463999999925363]
    [0.0080173547308452827, -0.13117978755834656, -0.018921540125444346, -38.531140999999991]
    [0.13252065156471673, 0.0076329162018863375, 0.0032333914965356528, 26.821448]
  #307 objects/spaceships/derelicts/metal_plate/derelicts_metal_plate_04x02_b.cgf
    [1.00448468565305, 0.10104387777591027, 0.030000956067403235, -5.4361390000000256]
    [0.097945617340287866, -1.0010157523975136, 0.092051756139292631, -49.785617999999999]
    [0.038943274705412909, -0.08863974576060564, -1.005348607767063, 16.544986999999999]
  #308 objects/spaceships/derelicts/habs/ext/addon/cable/drlct_cable_support_a.cgf
    [0.4575991375158372, 0.097380928712421863, -0.082127312355278551, -0.1798390000000154]
    [-0.11910761805796198, 0.21845511892290251, -0.40461790334063641, -37.820740999999998]
    [-0.045180925534498824, 0.41038911670062611, 0.23487096080264869, 27.259036999999999]
  #309 objects/spaceships/derelicts/habs/ext/addon/plate/drlct_hab_plate_grp_d.cgf
    [-0.088026194138772079, -1.0061571150322972, 0, -5.2107280000000173]
    [1.0061571150322972, -0.088026194138772079, 0, -36.063601000000006]
    [0, 0, 1.0100003717745216, 16.134098999999999]
  #310 objects/spaceships/derelicts/metal_plate/derelicts_metal_plate_corner_02x02_a.cgf
    [0.11556136530979302, 1.0026205859364619, -0.038692318421270515, -8.8802789999999732]
    [-1.0033668994176921, 0.11547545421105472, -0.0044551799434362042, -43.847014999999999]
    [1.1464545366783563E-06, 0.038947966979381972, 1.0092485421676411, 15.834344999999999]
  #311 objects/buildingsets/human/lowtech/alpha/int/stairs/util_stairs_b_rail_straight_01x01_a.cgf
    [-0.22477096622863804, 0.97424521597626423, -0.01802360381861657, -3.7822909999999865]
    [-0.9743541749974356, -0.2249205644128062, -0.0067275386208431398, -46.082209999999975]
    [-0.010608148392376934, 0.016049213631536486, 0.99981521709568821, 26.632639999999999]
  #312 objects/buildingsets/human/colonialism/col_a/int/garage/col_garage_sml_a_int_machinery_h.cgf
    [-0.42792592940913093, -0.13897168571607543, -0.0081093878090846162, -3.6576939999999922]
    [0.13904299702287873, -0.4279688969105232, -0.0030267008705874157, -42.264620999999977]
    [-0.0067776530083440483, -0.0053839120067688409, 0.44991618060842875, 19.556162999999998]
  #313 objects/buildingsets/human/colonialism/col_a/ext/habitation/col_a_ext_hab_addon_canopy_legstand_b_mirror.cgf
    [-0.13146088404617021, 0.072895158001192076, -0.0027095799356641331, -0.37814700000001267]
    [-0.07288940467719314, -0.13148810440063577, -0.0010114368882960382, -44.24995899999999]
    [-0.0028601694444358493, 0.00042925371969867098, 0.15031515256167741, 17.102535]
  #314 objects/spaceships/derelicts/metal_plate/derelicts_metal_plate_02x005_a.cgf
    [-1.0024144236210915, -0.1230424707363648, -0.01116917616971873, -0.34575799999993251]
    [0.12272579701236407, -1.0021818949682888, 0.025859329656321834, -41.558437999999967]
    [-0.014233019669044639, 0.024307952971921086, 1.0096065676085115, 16.748023]
