# IncludedObjects
# Cgfs: 95, Materials: 3, Palettes: 8, Placements: 270

[CGFs]
      0: objects/buildingsets/human/lowtech/alpha/int/roomsm/addon/roomsm_addon_trim_cable_rack_4m_a.cgf
      1: objects/buildingsets/human/lowtech/alpha/int/roomsm/floor/roomsm_floor_straight_04x01x0025_a.cgf
      2: objects/buildingsets/human/lowtech/alpha/int/roomsm/floor/roomsm_floor_corner_01x01x0025_a.cgf
      3: objects/buildingsets/human/lowtech/alpha/int/roomsm/wall/roomsm_wall_cornerout_01x01x04_d.cgf
      4: objects/buildingsets/human/lowtech/alpha/int/roomsm/addon/roomsm_addon_trim_cable_rack_corner_1m_a.cgf
      5: objects/buildingsets/human/lowtech/alpha/int/roomsm/floor/roomsm_floor_straight_02x01x0025_a.cgf
      6: objects/buildingsets/human/brand/decal/ident/lowtech_a_int_decal_1m_a.cgf
      7: objects/buildingsets/human/lowtech/alpha/int/pipes/lowtech_pipe_1m_straight_long_a.cgf
      8: objects/buildingsets/human/lowtech/alpha/int/roomlg/addon/roomlg_addon_wall_component_a.cgf
      9: objects/buildingsets/human/lowtech/alpha/int/roomsm/addon/roomsm_addon_trim_cable_rack_2m_a.cgf
     10: objects/buildingsets/human/lowtech/bravo/int/cable/cable_straight_08x01x02_a.cgf
     11: objects/buildingsets/human/lowtech/bravo/int/pipe/pipe_straight_04x01x01_a.cgf
     12: objects/buildingsets/human/lowtech/alpha/int/roomsm/ceiling/roomsm_ceiling_straight_04x04x0025_a.cgf
     13: objects/buildingsets/human/lowtech/alpha/int/universal/prop/grate_1x4_a.cgf
     14: objects/buildingsets/human/lowtech/alpha/int/universal/prop/cable_hanging_f.cgf
     15: objects/buildingsets/human/lowtech/prop/sign/navigation/nav_sign_1_0225x0025x00625_a.cgf
     16: objects/buildingsets/human/lowtech/alpha/int/universal/prop/cable_hanging_b.cgf
     17: objects/buildingsets/human/lowtech/alpha/int/roomsm/ceiling/roomsm_ceiling_straight_04x04x0025_c.cgf
     18: objects/buildingsets/human/lowtech/bravo/int/cable/cable_straight_08x01x02_c.cgf
     19: objects/buildingsets/human/lowtech/alpha/int/pipes/lowtech_pipe_1m_tjunction_short_a.cgf
     20: objects/buildingsets/human/lowtech/alpha/int/roomsm/ceiling/roomsm_ceiling_straight_04x01x0025_b.cgf
     21: objects/buildingsets/human/lowtech/alpha/int/roomsm/floor/roomsm_floor_straight_04x04x0025_l.cgf
     22: objects/buildingsets/human/lowtech/prop/utility/aircon/aircon_interior_3_a.cgf
     23: objects/buildingsets/human/lowtech/alpha/int/roomsm/ceiling/roomsm_ceiling_straight_04x02x0025_a.cgf
     24: objects/buildingsets/human/lowtech/alpha/int/roomsm/floor/roomsm_floor_straight_02x02x0025_a.cgf
     25: objects/buildingsets/human/brand/rr/signs/rr_screen_do_not_block.cgf
     26: objects/buildingsets/human/lowtech/alpha/int/roomsm/lights/roomsm_light_celing_b_long.cgf
     27: objects/buildingsets/human/lowtech/alpha/int/roomsm/trim/roomsm_trim_straight_04x0025x01_a.cgf
     28: objects/buildingsets/human/brand/decal/ident/lowtech_a_int_decal_4m_a.cgf
     29: objects/buildingsets/human/station/alpha/location/crusader/2d/decal_set/lowtech_a_int_decal_maintenance.cgf
     30: objects/buildingsets/human/lowtech/alpha/int/stairs/stairs_06x02x01_a.cgf
     31: objects/buildingsets/human/lowtech/alpha/int/roomsm/floor/roomsm_floor_straight_04x02x0025_c.cgf
     32: objects/buildingsets/human/lowtech/alpha/int/roomsm/ceiling/roomsm_ceiling_straight_04x02x0025_d.cgf
     33: objects/buildingsets/human/lowtech/alpha/int/roomsm/ceiling/roomsm_ceiling_straight_02x01x0025_a.cgf
     34: objects/buildingsets/human/lowtech/alpha/int/roomsm/floor/roomsm_floor_straight_04x02x0025_h.cgf
     35: objects/buildingsets/human/lowtech/prop/light/light_ceiling_3_a.cgf
     36: objects/buildingsets/human/lowtech/bravo/int/cable/cable_straight_box_a.cgf
     37: objects/buildingsets/human/lowtech/prop/light/light_landing_1_a.cgf
     38: objects/buildingsets/human/lowtech/alpha/int/roomlg_b/addon/roomlg_b_addon_generator_01x305x105.cgf
     39: objects/buildingsets/human/lowtech/alpha/int/roomsm/trim/roomsm_trim_sml_straight_04x005_a.cgf
     40: objects/buildingsets/human/lowtech/bravo/int/prop/light/light_fluorescent_f.cgf
     41: objects/buildingsets/human/lowtech/alpha/int/roomsm/trim/roomsm_trim_sml_straight_02x005_a.cgf
     42: objects/buildingsets/human/lowtech/alpha/int/universal/prop/cable_hanging_g.cgf
     43: objects/buildingsets/human/brand/rr/signs/rr_screen_mind_the_step.cgf
     44: objects/buildingsets/human/lowtech/bravo/int/prop/grate/grate_04x0015x02_a.cgf
     45: objects/buildingsets/human/lowtech/alpha/int/roomsm/ceiling/roomsm_ceiling_slope_02x01x01_a.cgf
     46: objects/buildingsets/human/lowtech/alpha/int/universal/prop/grate_celing_4x4_a.cgf
     47: objects/buildingsets/human/lowtech/bravo/int/cable/cable_straight_02x01x02_a.cgf
     48: objects/buildingsets/human/lowtech/alpha/int/roomsm/ceiling/roomsm_ceiling_straight_04x02x0025_b.cgf
     49: objects/buildingsets/human/lowtech/alpha/int/roomsm/floor/roomsm_floor_straight_04x02x0025_a.cgf
     50: objects/buildingsets/human/lowtech/prop/light/light_hazard_1_a.cgf
     51: objects/buildingsets/human/lowtech/alpha/int/roomsm/wall/roomsm_wall_cornerin_01x01x04_a.cgf
     52: objects/buildingsets/human/lowtech/alpha/int/roomsm/wall/roomsm_wall_straight_02x01x04_a.cgf
     53: objects/buildingsets/human/lowtech/alpha/int/roomsm/ceiling/roomsm_ceiling_slope_cornerout_02x03x03_a.cgf
     54: objects/buildingsets/human/lowtech/alpha/int/roomsm/ceiling/roomsm_ceiling_slope_02x02x01_a.cgf
     55: objects/buildingsets/human/lowtech/alpha/int/roomsm/ceiling/roomsm_ceiling_straight_04x01x0025_a.cgf
     56: objects/buildingsets/human/lowtech/bravo/int/prop/grate/grate_04x0015x01_a.cgf
     57: objects/buildingsets/human/lowtech/alpha/int/roomsm/wall/roomsm_wall_straight_02x01x04_b.cgf
     58: objects/buildingsets/human/lowtech/alpha/int/roomsm/wall/roomsm_wall_straight_01x01x04_a.cgf
     59: objects/buildingsets/human/brand/decal/ident/lowtech_a_int_decal_2m_f.cgf
     60: objects/buildingsets/human/lowtech/alpha/int/roomsm/wall/roomsm_step_endr_04x01x01_a.cgf
     61: objects/buildingsets/human/lowtech/alpha/int/roomsm/floor/roomsm_floor_straight_04x02x0025_g.cgf
     62: objects/buildingsets/human/brand/decal/ident/lowtech_a_int_decal_corner_1m_c.cgf
     63: objects/buildingsets/human/lowtech/alpha/int/stairs/stairs_railing_l_0025x04x02_a.cgf
     64: objects/buildingsets/human/brand/decal/ident/lowtech_a_int_decal_05m_a.cgf
     65: objects/buildingsets/human/brand/decal/ident/lowtech_a_int_decal_corner_1m_b.cgf
     66: objects/buildingsets/human/lowtech/prop/utilitarian/cable/cable_bend_5_a.cgf
     67: objects/buildingsets/human/lowtech/prop/utilitarian/sign/sign_advert_2_16x9_b.cgf
     68: objects/buildingsets/human/lowtech/bravo/int/pipe/pipe_gas_straight_01x007x007_a.cgf
     69: objects/buildingsets/human/lowtech/alpha/int/universal/prop/grate_1x2_a.cgf
     70: objects/buildingsets/human/lowtech/alpha/int/roomsm/lights/roomsm_light_celing_b.cgf
     71: objects/buildingsets/human/lowtech/alpha/int/stairs/stairs_railing_r_0025x04x02_a.cgf
     72: objects/buildingsets/human/lowtech/alpha/int/railings/railings_open_straight_04x025x125_a.cgf
     73: objects/buildingsets/human/lowtech/alpha/int/hab/ceiling/hab_ceiling_fan_base_01x01x01_a.cgf
     74: objects/buildingsets/human/lowtech/bravo/int/pipe/pipe_straight_02x01x01_a.cgf
     75: objects/buildingsets/human/lowtech/alpha/int/roomsm/panel/roomsm_panel_04x04x0025_a.cgf
     76: objects/buildingsets/human/lowtech/alpha/int/roomsm/wall/roomsm_wall_straight_04x01x04_a.cgf
     77: objects/buildingsets/human/lowtech/bravo/int/pipe/pipe_gas_mount_04x007x007_a.cgf
     78: objects/buildingsets/human/lowtech/alpha/int/roomsm/floor/roomsm_floor_straight_04x04x0025_e.cgf
     79: objects/buildingsets/human/lowtech/alpha/int/roomsm/ceiling/roomsm_ceiling_straight_02x01x0025_b.cgf
     80: objects/buildingsets/human/lowtech/alpha/int/roomsm/wall/roomsm_wall_straight_engineering_04x01x04_f.cgf
     81: objects/buildingsets/human/lowtech/bravo/int/pipe/pipe_gas_bend_04x007x007_a.cgf
     82: objects/buildingsets/human/lowtech/alpha/int/railings/railings_open_straight_02x025x125_a.cgf
     83: objects/buildingsets/human/lowtech/alpha/int/roomsm/wall/roomsm_wall_45_mid_01x01x04_a.cgf
     84: objects/buildingsets/human/lowtech/alpha/int/roomgrav/wall/roomgrav_wall_straight_mid_04x01x08_d.cgf
     85: objects/buildingsets/human/brand/decal/ident/lowtech_a_int_decal_2m_a.cgf
     86: objects/buildingsets/human/brand/decal/ident/lowtech_a_int_decal_corner_out_1m_c.cgf
     87: objects/buildingsets/human/lowtech/prop/utilitarian/machine/machine_extractor_1_a.cgf
     88: objects/buildingsets/human/lowtech/alpha/int/railings/railings_open_cornerin_02x02x125_a.cgf
     89: objects/buildingsets/human/lowtech/alpha/int/roomlg/addon/roomlg_addon_pillar_top_01x04x04_a.cgf
     90: objects/buildingsets/human/lowtech/alpha/int/roomsm/wall/roomsm_wall_45_end_01x01x04_a.cgf
     91: objects/buildingsets/human/brand/decal/logo/tint_logo_big.cgf
     92: objects/buildingsets/human/brand/decal/logo/tint_ident_landscape.cgf
     93: objects/buildingsets/human/lowtech/alpha/int/roomsm/wall/roomsm_wall_45_cornrin_01x01x04_b.cgf
     94: objects/buildingsets/human/lowtech/alpha/int/roomsm/trim/roomsm_trim_straight_02x0025x01_a.cgf

[Materials]
      0: objects/buildingsets/human/brand/rr/rr_brand_a
      1: objects/buildingsets/human/lowtech/prop/sign/sign_billboard_1_b
      2: objects/buildingsets/human/brand/generic/material/brand_tintable_metal_lightwear

[Palettes]
      0: Libs/Foundry/Records/TintPalettes/Generic/gen_grey_darkgrey_orange_a
      1: Libs/Foundry/Records/TintPalettes/Generic/gen_glossy_dark_a
      2: Libs/Foundry/Records/TintPalettes/default
      3: Libs/Foundry/Records/TintPalettes/Generic/gen_matte_dark_a
      4: Libs/Foundry/Records/TintPalettes/Generic/gen_matte_dark_a<222>
      5: Libs/Foundry/Records/TintPalettes/default<222>
      6: Libs/Foundry/Records/TintPalettes/Brand/delta/hospital_prop
      7: Libs/Foundry/Records/TintPalettes/Brand/RestAndRelax/restandrelax_interior<231>

[Placements]
  #0 objects/buildingsets/human/lowtech/alpha/int/roomsm/addon/roomsm_addon_trim_cable_rack_4m_a.cgf
    [0.99999999999923872, -0.00000121571178717, -0.00000021151848932, 0.00000453644226961]
    [0.00000121571179441, 0.99999999999926048, 0.00000003422822136, -1.00000223841357183]
    [0.00000021151844771, -0.00000003422847850, 0.99999999999997713, 4.25000005960564664]
  #1 objects/buildingsets/human/lowtech/alpha/int/roomsm/floor/roomsm_floor_straight_04x01x0025_a.cgf
    [-0.99999999999933320, -0.00000199999999495, 0.00000000000000000, 3.00000000000000000]
    [0.00000199999999495, -0.99999999999933320, 0.00000000000000000, 0.00000000000000000]
    [0.00000000000000000, 0.00000000000000000, 1.00000000000133338, 0.00000000000000000]
  #2 objects/buildingsets/human/lowtech/alpha/int/roomsm/addon/roomsm_addon_trim_cable_rack_4m_a.cgf
    [0.99999999999923872, -0.00000121571178717, -0.00000021151848932, -3.99999552316046803]
    [0.00000121571179441, 0.99999999999926048, 0.00000003422822136, -1.00001119208786804]
    [0.00000021151844771, -0.00000003422847850, 0.99999999999997713, 4.25000005960564664]
  #3 objects/buildingsets/human/lowtech/alpha/int/roomsm/floor/roomsm_floor_corner_01x01x0025_a.cgf
    [0.00000222586401428, -0.99999947141765677, 0.00000000000000000, -5.00000000000000000]
    [0.99999947141765677, 0.00000222586401428, 0.00000000000000000, -1.00000000000000000]
    [0.00000000000000000, 0.00000000000000000, 0.99999947142013401, 0.00000000000000000]
  #4 objects/buildingsets/human/lowtech/alpha/int/roomsm/floor/roomsm_floor_straight_04x01x0025_a.cgf
    [1.00000000000000000, 0.00000000000000000, 0.00000000000000000, -5.00000000000000000]
    [0.00000000000000000, 1.00000000000000000, 0.00000000000000000, -1.00000000000000000]
    [0.00000000000000000, 0.00000000000000000, 1.00000000000000000, 0.00000000000000000]
  #5 objects/buildingsets/human/lowtech/alpha/int/roomsm/wall/roomsm_wall_cornerout_01x01x04_d.cgf
    [-0.00000064012130600, 0.99999947141841428, 0.00000000000000000, -6.00000000000000000]
    [-0.99999947141841428, -0.00000064012130600, -0.00000000000000000, 0.00000000000000000]
    [-0.00000000000000000, 0.00000000000000000, 0.99999947141861911, 0.00000000000000000]
  #6 objects/buildingsets/human/lowtech/alpha/int/roomsm/addon/roomsm_addon_trim_cable_rack_corner_1m_a.cgf
    [0.00000121433993032, 0.99999997718050426, -0.00000000000041632, -4.99999752315974710]
    [-0.99999997718047406, 0.00000121433993032, 0.00000024574805826, -0.00001354971777801]
    [0.00000024574805826, 0.00000000000011790, 0.99999997718121136, 4.25000005960564664]
  #7 objects/buildingsets/human/lowtech/alpha/int/roomsm/addon/roomsm_addon_trim_cable_rack_corner_1m_a.cgf
    [0.99999999999923872, -0.00000121571178717, -0.00000021151848932, 4.00000447683547922]
    [0.00000121571179441, 0.99999999999926048, 0.00000003422822136, -0.99999316552998607]
    [0.00000021151844771, -0.00000003422847850, 0.99999999999997713, 4.25000005960564664]
  #8 objects/buildingsets/human/lowtech/alpha/int/roomsm/wall/roomsm_wall_cornerout_01x01x04_d.cgf
    [-0.99999999999933320, -0.00000199999999495, 0.00000000000000000, 6.00000000000000000]
    [0.00000199999999495, -0.99999999999933320, 0.00000000000000000, 0.00000000000000000]
    [0.00000000000000000, 0.00000000000000000, 1.00000000000133338, 0.00000000000000000]
  #9 objects/buildingsets/human/lowtech/alpha/int/roomsm/floor/roomsm_floor_straight_02x01x0025_a.cgf
    [-0.99999999999933320, -0.00000199999999495, 0.00000000000000000, 5.00000000000000000]
    [0.00000199999999495, -0.99999999999933320, 0.00000000000000000, 0.00000000000000000]
    [0.00000000000000000, 0.00000000000000000, 1.00000000000133338, 0.00000000000000000]
  #10 objects/buildingsets/human/brand/decal/ident/lowtech_a_int_decal_1m_a.cgf
    [0.00000222586401428, -0.99999947141765677, 0.00000000000000000, 4.91647899999999982]
    [0.99999947141765677, 0.00000222586401428, 0.00000000000000000, -1.00365000000010696]
    [0.00000000000000000, 0.00000000000000000, 0.99999947142013401, 0.25000000000000000]
  #11 objects/buildingsets/human/lowtech/alpha/int/roomsm/floor/roomsm_floor_corner_01x01x0025_a.cgf
    [1.00000000000000000, 0.00000000000000000, 0.00000000000000000, 5.00000000000000000]
    [0.00000000000000000, 1.00000000000000000, 0.00000000000000000, -1.00000000000000000]
    [0.00000000000000000, 0.00000000000000000, 1.00000000000000000, 0.00000000000000000]
  #12 objects/buildingsets/human/lowtech/alpha/int/pipes/lowtech_pipe_1m_straight_long_a.cgf
    [-0.00000114588567293, -0.00000238123069722, 0.99999997717867739, -0.87499052316022397]
    [0.00000052756935440, 0.99999997717919475, 0.00000238123130176, 8.99999093870087563]
    [-0.99999997718137346, 0.00000052757208302, -0.00000114588441663, 4.28815982797747708]
  #13 objects/buildingsets/human/lowtech/alpha/int/roomlg/addon/roomlg_addon_wall_component_a.cgf
    [-0.00000018732038964, 0.00000009366008709, -0.78567785024634595, 1.02290996560657010]
    [0.78567785024634595, 0.00000009366019464, -0.00000018732037838, 18.37499982118606567]
    [0.00000009366017240, -0.78567785024636272, -0.00000009366010951, 4.20077908039093018]
  #14 objects/buildingsets/human/lowtech/alpha/int/roomsm/addon/roomsm_addon_trim_cable_rack_corner_1m_a.cgf
    [-0.99999999999977229, 0.00000115058697154, 0.00000021151837777, 0.00000252316452087]
    [-0.00000115058696430, -0.99999999999979405, 0.00000003422885176, 11.99999316552998607]
    [0.00000021151841716, 0.00000003422860839, 1.00000000000043365, 4.16315494039635325]
  #15 objects/buildingsets/human/lowtech/alpha/int/roomsm/addon/roomsm_addon_trim_cable_rack_2m_a.cgf
    [0.99999999999923872, -0.00000121571201455, -0.00000021151848932, 0.00001147683857905]
    [0.00000121571202179, 0.99999999999926048, 0.00000003422823557, 3.99999328474928006]
    [0.00000021151844771, -0.00000003422849272, 0.99999999999997713, 4.16315505960564280]
  #16 objects/buildingsets/human/lowtech/bravo/int/cable/cable_straight_08x01x02_a.cgf
    [0.99999997718062872, -0.00000001258790547, -0.00000109248352999, 6.67524032777178000]
    [0.00000109248353678, 0.00000053999035289, 0.99999997718048284, 5.42212762357871725]
    [-0.00000001258731554, -0.99999997718107947, 0.00000053999036665, 4.22120181778065628]
  #17 objects/buildingsets/human/lowtech/alpha/int/roomsm/addon/roomsm_addon_trim_cable_rack_corner_1m_a.cgf
    [0.00000121433993032, 0.99999997718050426, -0.00000000000041632, -0.99999076157928002]
    [-0.99999997718047406, 0.00000121433993032, 0.00000024574797787, 8.99999092711891535]
    [0.00000024574797787, 0.00000000000011790, 0.99999997718121136, 4.16315505960564280]
  #18 objects/buildingsets/human/lowtech/bravo/int/pipe/pipe_straight_04x01x01_a.cgf
    [0.99999997717925848, -0.00000004963637410, -0.00000227267012227, -1.02041039195155570]
    [0.00000227267013234, 0.00000020281457981, 0.99999997717923916, 1.99999548234404756]
    [-0.00000004963591317, -0.99999997718182043, 0.00000020281469262, 4.29845738411059486]
  #19 objects/buildingsets/human/lowtech/bravo/int/cable/cable_straight_08x01x02_a.cgf
    [0.99999997525399487, 0.00000063196167704, -0.00000089123611893, 4.74999672593546585]
    [0.00000109248292598, -0.58778485302931138, 0.80901725386873047, 2.39862119132612861]
    [-0.00000001258719098, -0.80901725386922119, -0.58778485302965089, 3.99999995529701735]
  #20 objects/buildingsets/human/lowtech/bravo/int/cable/cable_straight_08x01x02_a.cgf
    [0.99999997718062872, -0.00000001258790547, -0.00000109248352999, 6.67523833935314581]
    [0.00000109248353678, 0.00000053999035289, 0.99999997718048284, 10.29712765337876590]
    [-0.00000001258731554, -0.99999997718107947, 0.00000053999036665, 4.22120181778065628]
  #21 objects/buildingsets/human/lowtech/alpha/int/roomsm/ceiling/roomsm_ceiling_straight_04x04x0025_a.cgf
    [0.99999999999923872, -0.00000121571201455, -0.00000021151848932, -0.99998852316046793]
    [0.00000121571202179, 0.99999999999926048, 0.00000003422823557, 7.99999080791212691]
    [0.00000021151844771, -0.00000003422849272, 0.99999999999997713, 4.91315511921179038]
  #22 objects/buildingsets/human/lowtech/alpha/int/universal/prop/grate_1x4_a.cgf
    [0.00000020281565384, -0.00000216466816826, 0.99999997717960654, 1.25000998841952571]
    [-0.00000111729702493, 0.99999997717900291, 0.00000216466839486, 4.62499602316597702]
    [-0.99999997718132516, -0.00000111729746396, 0.00000020281323524, 3.66315647757577878]
  #23 objects/buildingsets/human/lowtech/alpha/int/universal/prop/cable_hanging_f.cgf
    [-0.78567785024634873, 0.00000020114135744, 0.00000000000000416, -4.64220719201660170]
    [-0.00000020114135744, -0.78567785024634829, -0.00000002689260712, 20.34825658798217773]
    [-0.00000000000000273, -0.00000002689260712, 0.78567785024637404, 3.45077919960021973]
  #24 objects/buildingsets/human/lowtech/alpha/int/roomsm/addon/roomsm_addon_trim_cable_rack_4m_a.cgf
    [-0.99999999999977229, 0.00000115058697154, 0.00000021151837777, 4.00000222513915116]
    [-0.00000115058696430, -0.99999999999979405, 0.00000003422885176, 12.00000223841311708]
    [0.00000021151841716, 0.00000003422860839, 1.00000000000043365, 4.16315494039635325]
  #25 objects/buildingsets/human/lowtech/prop/sign/navigation/nav_sign_1_0225x0025x00625_a.cgf
    [-1.00000000000000000, 0.00000000000000000, 0.00000000000000000, 0.00000000000000000]
    [0.00000000000000000, -1.00000000000000000, 0.00000000000000000, 10.87500000000000000]
    [0.00000000000000000, 0.00000000000000000, 1.00000000000000000, 2.75000000000000000]
  #26 objects/buildingsets/human/lowtech/alpha/int/universal/prop/cable_hanging_b.cgf
    [-0.78567785024634873, 0.00000020114135744, 0.00000000000000416, -2.71443872315979018]
    [-0.00000020114135744, -0.78567785024634829, -0.00000002689260712, 15.55535745620727539]
    [-0.00000000000000273, -0.00000002689260712, 0.78567785024637404, 3.45077902078628540]
  #27 objects/buildingsets/human/lowtech/alpha/int/roomsm/ceiling/roomsm_ceiling_straight_04x04x0025_c.cgf
    [-0.00000013435885842, 0.99999997718096456, -0.00000000000000037, -1.00000123841857924]
    [-0.99999997718096389, -0.00000013435885842, -0.00000003422854681, 19.99999952316284180]
    [-0.00000003422854681, -0.00000000000000423, 0.99999997718097278, 4.00000011920928955]
  #28 objects/buildingsets/human/lowtech/bravo/int/cable/cable_straight_08x01x02_a.cgf
    [0.99999997718062872, -0.00000001258790547, -0.00000109248352999, 6.67523833935314581]
    [0.00000109248353678, 0.00000053999035289, 0.99999997718048284, 6.29712765337876590]
    [-0.00000001258731554, -0.99999997718107947, 0.00000053999036665, 4.22120181778065628]
  #29 objects/buildingsets/human/lowtech/bravo/int/cable/cable_straight_08x01x02_c.cgf
    [1.00000001600100430, 0.00000242203647806, -0.00000072144273120, 4.24999783201778403]
    [0.00000224342277326, -0.71933939672706104, 0.69465881144610198, 1.96478832077173138]
    [0.00000116352678348, -0.69465881144550223, -0.71933939673019753, 4.21000587940308080]
  #30 objects/buildingsets/human/lowtech/alpha/int/pipes/lowtech_pipe_1m_straight_long_a.cgf
    [0.00000226497452261, -0.00000107288423124, 0.99999994039384232, -0.62499523841654714]
    [-0.99999994039424023, 0.00000059604531799, 0.00000226497516210, 6.99999173671858443]
    [-0.00000059604774805, -0.99999994039622975, -0.00000107288288121, 4.16315497019867564]
  #31 objects/buildingsets/human/lowtech/alpha/int/pipes/lowtech_pipe_1m_tjunction_short_a.cgf
    [-0.00000226497807177, -0.00000128150008294, -0.99999997019602160, 0.12500476158297591]
    [0.99999997019682096, 0.00000020861475392, -0.00000226497833911, 10.99999347513721659]
    [0.00000020861765648, -0.99999997019856490, 0.00000128149961043, 4.16315401652435924]
  #32 objects/buildingsets/human/lowtech/alpha/int/universal/prop/grate_1x4_a.cgf
    [0.00000020281565384, -0.00000216466816826, 0.99999997717960654, 1.25000998841952571]
    [-0.00000111729702493, 0.99999997717900291, 0.00000216466839486, 8.62499602316597702]
    [-0.99999997718132516, -0.00000111729746396, 0.00000020281323524, 3.66315647757577878]
  #33 objects/buildingsets/human/lowtech/bravo/int/cable/cable_straight_08x01x02_a.cgf
    [0.99999997718062872, -0.00000001258790547, -0.00000109248352999, 6.67524032777178000]
    [0.00000109248353678, 0.00000053999035289, 0.99999997718048284, 9.42212762357871725]
    [-0.00000001258731554, -0.99999997718107947, 0.00000053999036665, 4.22120181778065628]
  #34 objects/buildingsets/human/lowtech/alpha/int/pipes/lowtech_pipe_1m_straight_long_a.cgf
    [-0.00000114588567293, -0.00000238123069722, 0.99999997717867739, -0.87499226157891830]
    [0.00000052756935440, 0.99999997717919475, 0.00000238123130176, 5.74999099830347404]
    [-0.99999997718137346, 0.00000052757208302, -0.00000114588441663, 4.28816024520999051]
  #35 objects/buildingsets/human/lowtech/alpha/int/pipes/lowtech_pipe_1m_straight_long_a.cgf
    [-0.00000114588567293, -0.00000238123069722, 0.99999997717867739, -0.87499226157891830]
    [0.00000052756935440, 0.99999997717919475, 0.00000238123130176, 9.74999099830347404]
    [-0.99999997718137346, 0.00000052757208302, -0.00000114588441663, 4.28816024520999051]
  #36 objects/buildingsets/human/lowtech/alpha/int/roomsm/addon/roomsm_addon_trim_cable_rack_4m_a.cgf
    [0.99999999999994937, 0.00000031820906088, 0.00000000000000529, -2.00000028474426284]
    [-0.00000031820906088, 0.99999999999994882, -0.00000003422854178, 14.99999928474426270]
    [-0.00000000000001618, 0.00000003422854178, 0.99999999999999944, 3.24999991059303284]
  #37 objects/buildingsets/human/lowtech/alpha/int/roomsm/addon/roomsm_addon_trim_cable_rack_corner_1m_a.cgf
    [-0.99999999999977229, 0.00000115058697154, 0.00000021151837777, 0.00000252316452087]
    [-0.00000115058696430, -0.99999999999979405, 0.00000003422885176, 7.99999316552998607]
    [0.00000021151841716, 0.00000003422860839, 1.00000000000043365, 4.16315494039635325]
  #38 objects/buildingsets/human/lowtech/alpha/int/roomsm/ceiling/roomsm_ceiling_straight_04x01x0025_b.cgf
    [-0.00000013435885842, 0.99999997718096456, -0.00000000000000037, -1.00000052316284194]
    [-0.99999997718096389, -0.00000013435885842, -0.00000003422854681, 15.99999952316284180]
    [-0.00000003422854681, -0.00000000000000423, 0.99999997718097278, 3.99999988079071045]
  #39 objects/buildingsets/human/lowtech/alpha/int/pipes/lowtech_pipe_1m_straight_long_a.cgf
    [0.00000226497452261, -0.00000107288423124, 0.99999994039384232, -0.62499523841654714]
    [-0.99999994039424023, 0.00000059604531799, 0.00000226497516210, 10.99999173671858443]
    [-0.00000059604774805, -0.99999994039622975, -0.00000107288288121, 4.16315497019867564]
  #40 objects/buildingsets/human/lowtech/alpha/int/roomsm/addon/roomsm_addon_trim_cable_rack_corner_1m_a.cgf
    [0.00000121433993032, 0.99999997718050426, -0.00000000000041632, -0.99999076157928002]
    [-0.99999997718047406, 0.00000121433993032, 0.00000024574797787, 4.99999092711891535]
    [0.00000024574797787, 0.00000000000011790, 0.99999997718121136, 4.16315505960564280]
  #41 objects/buildingsets/human/lowtech/alpha/int/roomsm/addon/roomsm_addon_trim_cable_rack_4m_a.cgf
    [-0.99999999999977229, 0.00000115058697154, 0.00000021151837777, -0.00000447683667115]
    [-0.00000115058696430, -0.99999999999979405, 0.00000003422885176, 2.99999776157642373]
    [0.00000021151841716, 0.00000003422860839, 1.00000000000043365, 4.24999994039635354]
  #42 objects/buildingsets/human/lowtech/alpha/int/pipes/lowtech_pipe_1m_straight_long_a.cgf
    [-0.00000114588567293, -0.00000238123069722, 0.99999997717867739, -0.87499052316022397]
    [0.00000052756935440, 0.99999997717919475, 0.00000238123130176, 4.99999093870087563]
    [-0.99999997718137346, 0.00000052757208302, -0.00000114588441663, 4.28815982797747708]
  #43 objects/buildingsets/human/lowtech/alpha/int/roomsm/addon/roomsm_addon_trim_cable_rack_2m_a.cgf
    [0.99999999999923872, -0.00000121571201455, -0.00000021151848932, 0.00001147683857905]
    [0.00000121571202179, 0.99999999999926048, 0.00000003422823557, 7.99999328474928006]
    [0.00000021151844771, -0.00000003422849272, 0.99999999999997713, 4.16315505960564280]
  #44 objects/buildingsets/human/lowtech/alpha/int/roomsm/addon/roomsm_addon_trim_cable_rack_4m_a.cgf
    [-0.99999999999977229, 0.00000115058697154, 0.00000021151837777, 3.99999552316142104]
    [-0.00000115058696430, -0.99999999999979405, 0.00000003422885176, 3.00000671525071994]
    [0.00000021151841716, 0.00000003422860839, 1.00000000000043365, 4.24999994039635354]
  #45 objects/buildingsets/human/lowtech/alpha/int/roomsm/floor/roomsm_floor_straight_04x04x0025_l.cgf
    [0.00000222586401428, -0.99999947141765677, 0.00000000000000000, 2.99999899999999986]
    [0.99999947141765677, 0.00000222586401428, 0.00000000000000000, 16.00000000000000000]
    [0.00000000000000000, 0.00000000000000000, 0.99999947142013401, -1.00000000000000000]
  #46 objects/buildingsets/human/lowtech/alpha/int/roomsm/ceiling/roomsm_ceiling_straight_04x01x0025_b.cgf
    [-0.00000013435885842, 0.99999997718096456, -0.00000000000000037, -1.00000171525573744]
    [-0.99999997718096389, -0.00000013435885842, -0.00000003422854681, 20.99999952316284180]
    [-0.00000003422854681, -0.00000000000000423, 0.99999997718097278, 4.00000011920928955]
  #47 objects/buildingsets/human/lowtech/alpha/int/roomsm/floor/roomsm_floor_straight_04x01x0025_a.cgf
    [1.00000000000000000, 0.00000000000000000, 0.00000000000000000, -1.00000000000000000]
    [0.00000000000000000, 1.00000000000000000, 0.00000000000000000, 11.00000000000000000]
    [0.00000000000000000, 0.00000000000000000, 1.00000000000000000, -1.00000000000000000]
  #48 objects/buildingsets/human/lowtech/prop/utility/aircon/aircon_interior_3_a.cgf
    [-0.00000284301890347, 0.00000003740833356, -1.25520818137096590, 0.02461086375856136]
    [1.25520818137095258, -0.00000018704085168, -0.00000284301890911, 0.49999781080214234]
    [-0.00000018704093647, -1.25520818137417178, -0.00000003740790985, 4.50000000000149925]
  #49 objects/buildingsets/human/lowtech/alpha/int/universal/prop/grate_1x4_a.cgf
    [0.00000020281565384, -0.00000216466816826, 0.99999997717960654, 1.25000750000095229]
    [-0.00000111729702493, 0.99999997717900291, 0.00000216466839486, 5.74999602316324854]
    [-0.99999997718132516, -0.00000111729746396, 0.00000020281323524, 3.66315548539430935]
  #50 objects/buildingsets/human/lowtech/alpha/int/pipes/lowtech_pipe_1m_tjunction_short_a.cgf
    [-0.00000226497807177, -0.00000128150008294, -0.99999997019602160, 0.12500476158297591]
    [0.99999997019682096, 0.00000020861475392, -0.00000226497833911, 6.99999347513721659]
    [0.00000020861765648, -0.99999997019856490, 0.00000128149961043, 4.16315401652435924]
  #51 objects/buildingsets/human/lowtech/alpha/int/roomsm/ceiling/roomsm_ceiling_straight_04x02x0025_a.cgf
    [0.99999999999923872, -0.00000121571178717, -0.00000021151848932, -0.99999552316189844]
    [0.00000121571179441, 0.99999999999926048, 0.00000003422822136, -1.00000447683214588]
    [0.00000021151844771, -0.00000003422847850, 0.99999999999997713, 4.75000011921128973]
  #52 objects/buildingsets/human/lowtech/alpha/int/roomsm/ceiling/roomsm_ceiling_straight_04x01x0025_b.cgf
    [0.00000222586401428, -0.99999947141765677, 0.00000000000000000, 2.99999899999999986]
    [0.99999947141765677, 0.00000222586401428, 0.00000000000000000, 3.00000000000000000]
    [0.00000000000000000, 0.00000000000000000, 0.99999947142013401, 4.00000000000000000]
  #53 objects/buildingsets/human/lowtech/alpha/int/roomsm/floor/roomsm_floor_straight_02x02x0025_a.cgf
    [0.00000222586401428, -0.99999947141765677, 0.00000000000000000, 1.00000000000000000]
    [0.99999947141765677, 0.00000222586401428, 0.00000000000000000, 5.00000000000000000]
    [0.00000000000000000, 0.00000000000000000, 0.99999947142013401, -1.00000000000000000]
  #54 objects/buildingsets/human/brand/rr/signs/rr_screen_do_not_block.cgf
    [0.99999997718097122, -0.00000002980233700, -0.00000007425739175, 0.00000000000000000]
    [-0.00000007425739575, -0.00000013435885835, -0.99999997718096256, 10.87038862705230713]
    [0.00000002980232702, 0.99999997718096478, -0.00000013435886057, 2.75000000000000000]
  #55 objects/buildingsets/human/lowtech/alpha/int/universal/prop/grate_1x4_a.cgf
    [0.00000020281565384, -0.00000216466816826, 0.99999997717960654, 1.25000750000095229]
    [-0.00000111729702493, 0.99999997717900291, 0.00000216466839486, 9.74999602316324854]
    [-0.99999997718132516, -0.00000111729746396, 0.00000020281323524, 3.66315548539430935]
  #56 objects/buildingsets/human/lowtech/alpha/int/roomsm/addon/roomsm_addon_trim_cable_rack_4m_a.cgf
    [-0.99999999999977229, 0.00000115058697154, 0.00000021151837777, 4.00000222513915116]
    [-0.00000115058696430, -0.99999999999979405, 0.00000003422885176, 8.00000223841311708]
    [0.00000021151841716, 0.00000003422860839, 1.00000000000043365, 4.16315494039635325]
  #57 objects/buildingsets/human/lowtech/alpha/int/roomsm/lights/roomsm_light_celing_b_long.cgf
    [0.60000002384185791, 0.00000000000000000, 0.00000000000000000, 3.01798900000000003]
    [0.00000000000000000, 0.60000002384185791, 0.00000000000000000, 3.48243400000001202]
    [0.00000000000000000, 0.00000000000000000, 0.60000002384185791, 3.78951700000000002]
  #58 objects/buildingsets/human/lowtech/alpha/int/roomsm/addon/roomsm_addon_trim_cable_rack_4m_a.cgf
    [-0.99999999999999012, -0.00000024975207680, 0.00000000000000529, 1.99999828474426256]
    [0.00000024975207680, -0.99999999999998956, -0.00000003422854178, 21.00000000000000000]
    [0.00000000000001384, -0.00000003422854178, 1.00000000000002043, 3.25000011920928955]
  #59 objects/buildingsets/human/lowtech/alpha/int/roomsm/trim/roomsm_trim_straight_04x0025x01_a.cgf
    [-1.00000085349466716, 0.00000000000000000, 0.00000000000000000, 2.99999899999999986]
    [0.00000000000000000, 0.00000064012127265, -1.00000085349446199, 15.00000000000000000]
    [-0.00000000000000000, -1.00000085349446199, -0.00000064012127299, 3.75000000000000000]
  #60 objects/buildingsets/human/lowtech/alpha/int/roomsm/floor/roomsm_floor_straight_04x01x0025_a.cgf
    [1.00000000000000000, 0.00000000000000000, 0.00000000000000000, -1.00000000000000000]
    [0.00000000000000000, 1.00000000000000000, 0.00000000000000000, 0.00000000000000000]
    [0.00000000000000000, 0.00000000000000000, 1.00000000000000000, 0.00000000000000000]
  #61 objects/buildingsets/human/brand/decal/ident/lowtech_a_int_decal_4m_a.cgf
    [-0.99999999999933320, -0.00000199999999495, 0.00000000000000000, 2.99999899999999986]
    [0.00000199999999495, -0.99999999999933320, 0.00000000000000000, 20.99999800000000505]
    [0.00000000000000000, 0.00000000000000000, 1.00000000000133338, -0.75000000000000000]
  #62 objects/buildingsets/human/lowtech/alpha/int/roomsm/addon/roomsm_addon_trim_cable_rack_4m_a.cgf
    [-0.99999999999933320, -0.00000199999999495, 0.00000000000000000, 3.25000000000000000]
    [0.00000199999999495, -0.99999999999933320, 0.00000000000000000, 11.00000000000000000]
    [0.00000000000000000, 0.00000000000000000, 1.00000000000133338, 3.24496900000000110]
  #63 objects/buildingsets/human/lowtech/alpha/int/roomsm/ceiling/roomsm_ceiling_straight_04x04x0025_a.cgf
    [0.99999999999923872, -0.00000121571201455, -0.00000021151848932, -0.99998852316046793]
    [0.00000121571202179, 0.99999999999926048, 0.00000003422823557, 3.99999080791212691]
    [0.00000021151844771, -0.00000003422849272, 0.99999999999997713, 4.91315511921179038]
  #64 objects/buildingsets/human/station/alpha/location/crusader/2d/decal_set/lowtech_a_int_decal_maintenance.cgf
    [-0.99999999999933320, -0.00000199999999495, 0.00000000000000000, -0.00811200000000000]
    [0.00000199999999495, -0.99999999999933320, 0.00000000000000000, 7.44528599999989638]
    [0.00000000000000000, 0.00000000000000000, 1.00000000000133338, -0.75000000000000000]
  #65 objects/buildingsets/human/lowtech/alpha/int/stairs/stairs_06x02x01_a.cgf
    [-0.99999999999933320, -0.00000199999999495, 0.00000000000000000, 1.00002300000000011]
    [0.00000199999999495, -0.99999999999933320, 0.00000000000000000, 5.00000000000000000]
    [0.00000000000000000, 0.00000000000000000, 1.00000000000133338, -1.00000000000000000]
  #66 objects/buildingsets/human/lowtech/alpha/int/roomsm/trim/roomsm_trim_straight_04x0025x01_a.cgf
    [-1.00000085349466716, 0.00000000000000000, 0.00000000000000000, 3.00000000000000000]
    [0.00000000000000000, 0.00000064012127265, -1.00000085349446199, 12.00000000000000000]
    [-0.00000000000000000, -1.00000085349446199, -0.00000064012127299, 3.75000000000000000]
  #67 objects/buildingsets/human/lowtech/alpha/int/roomsm/floor/roomsm_floor_straight_04x01x0025_a.cgf
    [1.00000000000000000, 0.00000000000000000, 0.00000000000000000, -1.00000099999999992]
    [0.00000000000000000, 1.00000000000000000, 0.00000000000000000, 20.00000000000000000]
    [0.00000000000000000, 0.00000000000000000, 1.00000000000000000, -1.00000000000000000]
  #68 objects/buildingsets/human/lowtech/alpha/int/roomsm/floor/roomsm_floor_straight_04x02x0025_c.cgf
    [0.00000222586401428, -0.99999947141765677, 0.00000000000000000, 1.00000000000000000]
    [0.99999947141765677, 0.00000222586401428, 0.00000000000000000, 7.00000000000000000]
    [0.00000000000000000, 0.00000000000000000, 0.99999947142013401, -1.00000000000000000]
  #69 objects/buildingsets/human/lowtech/alpha/int/roomsm/ceiling/roomsm_ceiling_straight_04x02x0025_d.cgf
    [0.00000222586401428, -0.99999947141765677, 0.00000000000000000, 3.00000000000000000]
    [0.99999947141765677, 0.00000222586401428, 0.00000000000000000, 12.00000000000000000]
    [0.00000000000000000, 0.00000000000000000, 0.99999947142013401, 3.00000000000000000]
  #70 objects/buildingsets/human/lowtech/alpha/int/roomsm/ceiling/roomsm_ceiling_straight_02x01x0025_a.cgf
    [1.00000000000000000, 0.00000000000000000, 0.00000000000000000, -1.00000000000000000]
    [0.00000000000000000, 1.00000000000000000, 0.00000000000000000, 11.00000000000000000]
    [0.00000000000000000, 0.00000000000000000, 1.00000000000000000, 5.00000000000000000]
  #71 objects/buildingsets/human/lowtech/alpha/int/roomsm/floor/roomsm_floor_straight_04x02x0025_h.cgf
    [-1.00000000000000000, 0.00000000000000000, 0.00000000000000000, 3.00000000000000000]
    [0.00000000000000000, -1.00000000000000000, 0.00000000000000000, 3.00000000000000000]
    [0.00000000000000000, 0.00000000000000000, 1.00000000000000000, 0.00000000000000000]
  #72 objects/buildingsets/human/lowtech/alpha/int/roomsm/floor/roomsm_floor_straight_04x04x0025_l.cgf
    [1.00000000000000000, 0.00000000000000000, 0.00000000000000000, -1.00000000000000000]
    [0.00000000000000000, 1.00000000000000000, 0.00000000000000000, 12.00000000000000000]
    [0.00000000000000000, 0.00000000000000000, 1.00000000000000000, -1.00000000000000000]
  #73 objects/buildingsets/human/lowtech/prop/light/light_ceiling_3_a.cgf
    [-0.89999997615814198, 0.00000000000000000, 0.00000000000000000, -3.98552499999999998]
    [0.00000000000000000, -0.89999997615814198, 0.00000000000000000, 7.15760700000009820]
    [0.00000000000000000, 0.00000000000000000, 0.89999997615814198, 2.84884100000000018]
  #74 objects/buildingsets/human/lowtech/alpha/int/roomsm/addon/roomsm_addon_trim_cable_rack_2m_a.cgf
    [0.99999999999994937, 0.00000031820906088, 0.00000000000000529, -4.00000004632568373]
    [-0.00000031820906088, 0.99999999999994882, -0.00000003422854178, 14.99999904632568359]
    [-0.00000000000001618, 0.00000003422854178, 0.99999999999999944, 3.24999991059303284]
  #75 objects/buildingsets/human/lowtech/alpha/int/roomsm/ceiling/roomsm_ceiling_straight_04x01x0025_b.cgf
    [-0.00000013435885842, 0.99999997718096456, -0.00000000000000037, -5.00000052316284194]
    [-0.99999997718096389, -0.00000013435885842, -0.00000003422854681, 15.99999833106994629]
    [-0.00000003422854681, -0.00000000000000423, 0.99999997718097278, 3.99999988079071045]
  #76 objects/buildingsets/human/lowtech/bravo/int/cable/cable_straight_box_a.cgf
    [-0.00000013435902877, -0.00000120043346415, 0.99999995436174871, -2.50000056624412537]
    [0.00000036630594814, -0.99999995436169076, -0.00000120043341493, 10.99999988079071045]
    [0.99999995436240219, 0.00000036630578685, 0.00000013435946844, 3.02026889569187063]
  #77 objects/buildingsets/human/lowtech/prop/light/light_landing_1_a.cgf
    [-0.00000032006050013, -0.50000021337365530, 0.00000000000000000, -4.78380500000000008]
    [0.50000021337365530, -0.00000032006050013, 0.00000000000000000, 2.86449500000003354]
    [0.00000000000000000, 0.00000000000000000, 0.50000021337375766, 0.25888700000000142]
  #78 objects/buildingsets/human/lowtech/alpha/int/roomlg_b/addon/roomlg_b_addon_generator_01x305x105.cgf
    [-0.00000030294628072, -0.00000022055714743, -0.99999997718092160, -4.19323830468750014]
    [-0.00000003422862786, 0.99999997718096700, -0.00000022055713706, 17.95928056165575981]
    [0.99999997718094535, 0.00000003422856104, -0.00000030294628825, 3.60976028442382812]
  #79 objects/buildingsets/human/lowtech/alpha/int/roomsm/trim/roomsm_trim_sml_straight_04x005_a.cgf
    [-0.99999999999998090, -0.00000025601019615, 0.00000022178163306, -1.00000059604644775]
    [0.00000025601019615, -1.00000000000000555, -0.00000000000005678, 10.99999952316284180]
    [0.00000022178163306, -0.00000000000000000, 1.00000000000001354, 3.02026855296516317]
  #80 objects/buildingsets/human/lowtech/bravo/int/prop/light/light_fluorescent_f.cgf
    [0.00000000000000000, 0.00000000000000000, 0.50000000000000000, -4.65905699999999978]
    [0.50000000000000000, 0.00000000000000000, 0.00000000000000000, 3.64659200000005512]
    [0.00000000000000000, 0.50000000000000000, 0.00000000000000000, 0.05768899999999988]
  #81 objects/buildingsets/human/lowtech/alpha/int/roomsm/trim/roomsm_trim_sml_straight_02x005_a.cgf
    [0.00000070857798810, -0.99999997718079614, 0.00000022178170324, -5.00000047683715820]
    [0.99999997718082079, 0.00000070857798810, -0.00000000000008237, 11.00000047683715820]
    [-0.00000000000007478, 0.00000022178170324, 0.99999997718104705, 3.02026944703483480]
  #82 objects/buildingsets/human/lowtech/alpha/int/universal/prop/cable_hanging_g.cgf
    [-0.78567785024634873, 0.00000020114135744, 0.00000000000000416, -4.15363364083862319]
    [-0.00000020114135744, -0.78567785024634829, -0.00000002689260712, 15.66545796394348145]
    [-0.00000000000000273, -0.00000002689260712, 0.78567785024637404, 3.95077908039093018]
  #83 objects/buildingsets/human/brand/rr/signs/rr_screen_mind_the_step.cgf
    [0.99999997718097122, -0.00000002980233700, -0.00000007425739175, -3.00000000000000000]
    [-0.00000007425739575, -0.00000013435885835, -0.99999997718096256, 3.12366086873225868]
    [0.00000002980232702, 0.99999997718096478, -0.00000013435886057, 3.75000000000000000]
  #84 objects/buildingsets/human/lowtech/alpha/int/roomsm/floor/roomsm_floor_straight_04x04x0025_l.cgf
    [0.00000222586401428, -0.99999947141765677, 0.00000000000000000, -1.00000000000000000]
    [0.99999947141765677, 0.00000222586401428, 0.00000000000000000, 8.00000000000000000]
    [0.00000000000000000, 0.00000000000000000, 0.99999947142013401, -1.00000000000000000]
  #85 objects/buildingsets/human/lowtech/prop/utility/aircon/aircon_interior_3_a.cgf
    [-0.00000023841865016, -0.00000011920936061, 1.00000000000007105, -3.50000023841857910]
    [-0.99999999999990052, -0.00000059604643354, -0.00000023841872121, 12.00000011689758139]
    [0.00000059604646196, -0.99999999999992184, -0.00000011920921850, 3.27026911920928853]
  #86 objects/buildingsets/human/lowtech/prop/light/light_ceiling_3_a.cgf
    [0.99999999999999956, 0.00000002814135769, 0.00000000000000529, -2.00000100000000014]
    [-0.00000002814135769, 0.99999999999999900, -0.00000003422854178, 18.24999921023845673]
    [-0.00000000000000626, 0.00000003422854178, 0.99999999999999944, 3.50000000000000000]
  #87 objects/buildingsets/human/lowtech/bravo/int/prop/grate/grate_04x0015x02_a.cgf
    [-0.00000035762790418, -0.00000005960467320, -1.00000005960462168, -0.60209040505981448]
    [-1.00000005960460747, -0.00000017881390590, 0.00000035762791484, 19.99999940395355225]
    [-0.00000017881392722, 1.00000005960466964, -0.00000005960460925, 3.07577916979789734]
  #88 objects/buildingsets/human/lowtech/alpha/int/roomsm/addon/roomsm_addon_trim_cable_rack_2m_a.cgf
    [0.00000121433993032, 0.99999997718050426, -0.00000000000041632, -5.00000247683417243]
    [-0.99999997718047406, 0.00000121433993032, 0.00000024574805826, 1.99998650988095505]
    [0.00000024574805826, 0.00000000000011790, 0.99999997718121136, 4.24999997019867592]
  #89 objects/buildingsets/human/lowtech/bravo/int/prop/light/light_fluorescent_f.cgf
    [-0.01745034999817161, -0.40426184742978338, 0.29371390057898805, -4.64058800000000016]
    [0.49969540390157330, -0.01411729506101407, 0.01025751897524869, 4.65100099999995109]
    [-0.00000055554595771, 0.29389296025686401, 0.40450826852719896, -0.47286100000000175]
  #90 objects/buildingsets/human/lowtech/alpha/int/roomsm/trim/roomsm_trim_sml_straight_04x005_a.cgf
    [0.99999999999989253, 0.00000040686413172, 0.00000022178163306, -5.00000000000000000]
    [-0.00000040686413172, 0.99999999999991718, -0.00000000000005930, 13.00000047683715820]
    [-0.00000022178163306, -0.00000000000003094, 0.99999999999997535, 3.02026944703483480]
  #91 objects/buildingsets/human/lowtech/alpha/int/roomsm/addon/roomsm_addon_trim_cable_rack_4m_a.cgf
    [-0.00000030294627282, 0.99999997718093803, 0.00000000000000051, -5.00000147683715834]
    [-0.99999997718093736, -0.00000030294627282, -0.00000003422854053, 19.99999856948852539]
    [-0.00000003422854053, -0.00000000000001088, 0.99999997718098321, 3.25000005960464478]
  #92 objects/buildingsets/human/lowtech/alpha/int/roomsm/addon/roomsm_addon_trim_cable_rack_corner_1m_a.cgf
    [-0.99999999999999012, -0.00000024975207680, 0.00000000000000529, -4.00000147683715834]
    [0.00000024975207680, -0.99999999999998956, -0.00000003422854178, 20.99999880790710449]
    [0.00000000000001384, -0.00000003422854178, 1.00000000000002043, 3.25000011920928955]
  #93 objects/buildingsets/human/lowtech/prop/sign/navigation/nav_sign_1_0225x0025x00625_a.cgf
    [-1.00000000000000000, 0.00000000000000000, 0.00000000000000000, -3.00000000000000000]
    [0.00000000000000000, -1.00000000000000000, 0.00000000000000000, 3.12500000000000000]
    [0.00000000000000000, 0.00000000000000000, 1.00000000000000000, 3.75000000000000000]
  #94 objects/buildingsets/human/lowtech/alpha/int/roomsm/floor/roomsm_floor_straight_04x04x0025_l.cgf
    [0.00000222586401428, -0.99999947141765677, 0.00000000000000000, -1.00000000000000000]
    [0.99999947141765677, 0.00000222586401428, 0.00000000000000000, 12.00000000000000000]
    [0.00000000000000000, 0.00000000000000000, 0.99999947142013401, -1.00000000000000000]
  #95 objects/buildingsets/human/lowtech/alpha/int/roomsm/trim/roomsm_trim_sml_straight_02x005_a.cgf
    [-0.00000064012115602, 0.99999997718081146, 0.00000022178178363, -1.00000000000000000]
    [-0.99999997718083611, -0.00000064012115602, -0.00000000000000690, 12.99999946355819702]
    [0.00000000000013507, -0.00000022178178363, 0.99999997718101641, 3.02026855296516317]
  #96 objects/buildingsets/human/lowtech/alpha/int/roomsm/addon/roomsm_addon_trim_cable_rack_2m_a.cgf
    [0.00000121433993032, 0.99999997718050426, -0.00000000000041632, -0.99999547683488821]
    [-0.99999997718047406, 0.00000121433993032, 0.00000024574797787, 6.99999086750881361]
    [0.00000024574797787, 0.00000000000011790, 0.99999997718121136, 4.16315497019867564]
  #97 objects/buildingsets/human/lowtech/alpha/int/roomsm/ceiling/roomsm_ceiling_slope_02x01x01_a.cgf
    [-0.00000064012130600, 0.99999947141841428, 0.00000000000000000, -3.00000000000000000]
    [-0.99999947141841428, -0.00000064012130600, -0.00000000000000000, 10.25000000000000000]
    [-0.00000000000000000, 0.00000000000000000, 0.99999947141861911, 2.75000000000000000]
  #98 objects/buildingsets/human/lowtech/alpha/int/roomsm/ceiling/roomsm_ceiling_straight_04x04x0025_c.cgf
    [-0.00000013435885842, 0.99999997718096456, -0.00000000000000037, -5.00000147683715834]
    [-0.99999997718096389, -0.00000013435885842, -0.00000003422854681, 19.99999856948852539]
    [-0.00000003422854681, -0.00000000000000423, 0.99999997718097278, 4.00000011920928955]
  #99 objects/buildingsets/human/lowtech/alpha/int/roomsm/addon/roomsm_addon_trim_cable_rack_corner_1m_a.cgf
    [-0.99999999999977229, 0.00000115058697154, 0.00000021151837777, -4.00000447683452620]
    [-0.00000115058696430, -0.99999999999979405, 0.00000003422885176, 2.99998868869283797]
    [0.00000021151841716, 0.00000003422860839, 1.00000000000043365, 4.24999994039635354]
  #100 objects/buildingsets/human/lowtech/alpha/int/universal/prop/grate_celing_4x4_a.cgf
    [0.00000037140031587, 0.00000233888247826, 0.99999995436141265, -2.74999999999784439]
    [0.00000111096989183, -0.99999995436086475, 0.00000233888206564, 0.99999142206524994]
    [0.99999995436353073, 0.00000111096902316, -0.00000037140291477, 3.60037967562645633]
  #101 objects/buildingsets/human/lowtech/alpha/int/roomsm/ceiling/roomsm_ceiling_straight_04x01x0025_b.cgf
    [-0.00000013435885842, 0.99999997718096456, -0.00000000000000037, -5.00000195367431655]
    [-0.99999997718096389, -0.00000013435885842, -0.00000003422854681, 20.99999833106994629]
    [-0.00000003422854681, -0.00000000000000423, 0.99999997718097278, 4.00000011920928955]
  #102 objects/buildingsets/human/lowtech/prop/light/light_ceiling_3_a.cgf
    [-0.00000057610888497, 0.90000036023071139, 0.00000000000000000, -3.04222200000000020]
    [-0.90000036023071139, -0.00000057610888497, -0.00000000000000000, 13.95621099999993930]
    [-0.00000000000000000, 0.00000000000000000, 0.90000036023089580, 2.84884100000000018]
  #103 objects/buildingsets/human/lowtech/prop/light/light_landing_1_a.cgf
    [-0.00000032006050013, -0.50000021337365530, 0.00000000000000000, -4.78380600000000022]
    [0.50000021337365530, -0.00000032006050013, 0.00000000000000000, 5.40800399999989168]
    [0.00000000000000000, 0.00000000000000000, 0.50000021337375766, -0.74949200000000005]
  #104 objects/buildingsets/human/lowtech/bravo/int/cable/cable_straight_02x01x02_a.cgf
    [-0.00000011920932508, -0.00000083446505528, 0.99999999999987921, -2.50000005960464478]
    [1.00000000000011369, 0.00000047683710847, 0.00000011920972298, 12.99999988079071045]
    [-0.00000047683720794, 0.99999999999977263, 0.00000083446499843, 3.02026889569187063]
  #105 objects/buildingsets/human/lowtech/alpha/int/roomsm/addon/roomsm_addon_trim_cable_rack_2m_a.cgf
    [0.00000121433993032, 0.99999997718050426, -0.00000000000041632, -0.99999547683488821]
    [-0.99999997718047406, 0.00000121433993032, 0.00000024574797787, 10.99999086750881361]
    [0.00000024574797787, 0.00000000000011790, 0.99999997718121136, 4.16315497019867564]
  #106 objects/buildingsets/human/lowtech/alpha/int/roomsm/ceiling/roomsm_ceiling_straight_04x02x0025_b.cgf
    [0.00000222586401428, -0.99999947141765677, 0.00000000000000000, -1.00000000000000000]
    [0.99999947141765677, 0.00000222586401428, 0.00000000000000000, 13.00000000000000000]
    [0.00000000000000000, 0.00000000000000000, 0.99999947142013401, 3.00000000000000000]
  #107 objects/buildingsets/human/lowtech/alpha/int/roomsm/floor/roomsm_floor_straight_04x02x0025_a.cgf
    [-0.99999999999933320, -0.00000199999999495, 0.00000000000000000, -1.00000000000000000]
    [0.00000199999999495, -0.99999999999933320, 0.00000000000000000, 7.00000000000000000]
    [0.00000000000000000, 0.00000000000000000, 1.00000000000133338, -1.00000000000000000]
  #108 objects/buildingsets/human/lowtech/alpha/int/roomsm/addon/roomsm_addon_trim_cable_rack_corner_1m_a.cgf
    [-0.00000030294627282, 0.99999997718093803, 0.00000000000000051, -5.00000052316284194]
    [-0.99999997718093736, -0.00000030294627282, -0.00000003422854053, 15.99999856948852539]
    [-0.00000003422854053, -0.00000000000001088, 0.99999997718098321, 3.24999994039535522]
  #109 objects/buildingsets/human/lowtech/prop/light/light_hazard_1_a.cgf
    [0.00000001711422237, 0.50000003337679066, -0.00000011966168068, -3.05871016904711723]
    [0.50000003337676791, -0.00000001711426857, -0.00000019247345615, 12.34136733412742615]
    [-0.00000019247346025, -0.00000011966167409, -0.50000003337675392, 2.48666539139175313]
  #110 objects/buildingsets/human/lowtech/alpha/int/roomsm/floor/roomsm_floor_straight_04x01x0025_a.cgf
    [-0.99999999999933320, -0.00000199999999495, 0.00000000000000000, -1.00000099999999992]
    [0.00000199999999495, -0.99999999999933320, 0.00000000000000000, 21.00000000000000000]
    [0.00000000000000000, 0.00000000000000000, 1.00000000000133338, -1.00000000000000000]
  #111 objects/buildingsets/human/lowtech/alpha/int/roomsm/wall/roomsm_wall_cornerin_01x01x04_a.cgf
    [-0.00000064012130600, 0.99999947141841428, 0.00000000000000000, -5.99999299999999991]
    [-0.99999947141841428, -0.00000064012130600, -0.00000000000000000, 22.00000000000000000]
    [-0.00000000000000000, 0.00000000000000000, 0.99999947141861911, -1.00000000000000000]
  #112 objects/buildingsets/human/lowtech/alpha/int/roomsm/wall/roomsm_wall_straight_02x01x04_a.cgf
    [-0.00000064012130600, 0.99999947141841428, 0.00000000000000000, -6.00000000000000000]
    [-0.99999947141841428, -0.00000064012130600, -0.00000000000000000, 7.09592399999996815]
    [-0.00000000000000000, 0.00000000000000000, 0.99999947141861911, -1.00000000000000000]
  #113 objects/buildingsets/human/lowtech/bravo/int/cable/cable_straight_02x01x02_a.cgf
    [0.99999997525399487, 0.00000063196167704, -0.00000089123611893, -3.12500327406071854]
    [0.00000109248292598, -0.58778485302931138, 0.80901725386873047, 2.39860353397762083]
    [-0.00000001258719098, -0.80901725386922119, -0.58778485302965089, 3.99999995529701735]
  #114 objects/buildingsets/human/lowtech/alpha/int/roomsm/floor/roomsm_floor_straight_04x01x0025_a.cgf
    [1.00000000000000000, 0.00000000000000000, 0.00000000000000000, -5.00000000000000000]
    [0.00000000000000000, 1.00000000000000000, 0.00000000000000000, 0.00000000000000000]
    [0.00000000000000000, 0.00000000000000000, 1.00000000000000000, 0.00000000000000000]
  #115 objects/buildingsets/human/lowtech/alpha/int/roomsm/ceiling/roomsm_ceiling_slope_cornerout_02x03x03_a.cgf
    [-0.99999999999933320, -0.00000199999999495, 0.00000000000000000, -4.00000000000000000]
    [0.00000199999999495, -0.99999999999933320, 0.00000000000000000, 5.25000000000000000]
    [0.00000000000000000, 0.00000000000000000, 1.00000000000133338, 2.75000000000000000]
  #116 objects/buildingsets/human/lowtech/bravo/int/pipe/pipe_straight_04x01x01_a.cgf
    [0.99999997717925848, -0.00000004963637410, -0.00000227267012227, -4.64426240649127386]
    [0.00000227267013234, 0.00000020281457981, 0.99999997717923916, 1.99998728096579725]
    [-0.00000004963591317, -0.99999997718182043, 0.00000020281469262, 4.29845738411059486]
  #117 objects/buildingsets/human/lowtech/alpha/int/roomsm/ceiling/roomsm_ceiling_slope_02x02x01_a.cgf
    [-0.00000064012130600, 0.99999947141841428, 0.00000000000000000, -3.00000000000000000]
    [-0.99999947141841428, -0.00000064012130600, -0.00000000000000000, 8.25000000000000000]
    [-0.00000000000000000, 0.00000000000000000, 0.99999947141861911, 2.75000000000000000]
  #118 objects/buildingsets/human/lowtech/alpha/int/roomsm/ceiling/roomsm_ceiling_straight_04x01x0025_a.cgf
    [1.00000000000000000, 0.00000000000000000, 0.00000000000000000, -5.00000000000000000]
    [0.00000000000000000, 1.00000000000000000, 0.00000000000000000, 3.00000000000000000]
    [0.00000000000000000, 0.00000000000000000, 1.00000000000000000, 4.00000000000000000]
  #119 objects/buildingsets/human/lowtech/alpha/int/roomsm/floor/roomsm_floor_straight_04x04x0025_l.cgf
    [1.00000000000000000, 0.00000000000000000, 0.00000000000000000, -5.00000100000000014]
    [0.00000000000000000, 1.00000000000000000, 0.00000000000000000, 16.00000000000000000]
    [0.00000000000000000, 0.00000000000000000, 1.00000000000000000, -1.00000000000000000]
  #120 objects/buildingsets/human/brand/decal/ident/lowtech_a_int_decal_4m_a.cgf
    [-0.99999999999933320, -0.00000199999999495, 0.00000000000000000, -0.00001000000000000]
    [0.00000199999999495, -0.99999999999933320, 0.00000000000000000, 2.75000000000000000]
    [0.00000000000000000, 0.00000000000000000, 1.00000000000133338, 0.25000000000000000]
  #121 objects/buildingsets/human/brand/decal/ident/lowtech_a_int_decal_4m_a.cgf
    [-0.99999999999933320, -0.00000199999999495, 0.00000000000000000, -0.00000100000000000]
    [0.00000199999999495, -0.99999999999933320, 0.00000000000000000, 20.99999800000000505]
    [0.00000000000000000, 0.00000000000000000, 1.00000000000133338, -0.75000000000000000]
  #122 objects/buildingsets/human/lowtech/bravo/int/cable/cable_straight_box_a.cgf
    [-0.00000013435902877, -0.00000120043346415, 0.99999995436174871, -2.00000053644180298]
    [0.00000036630594814, -0.99999995436169076, -0.00000120043341493, 10.99999976158142090]
    [0.99999995436240219, 0.00000036630578685, 0.00000013435946844, 3.02026877648258107]
  #123 objects/buildingsets/human/lowtech/bravo/int/prop/grate/grate_04x0015x01_a.cgf
    [-0.00000035762790418, -0.00000005960467320, -1.00000005960462168, -2.72709040505981459]
    [-1.00000005960460747, -0.00000017881390590, 0.00000035762791484, 19.99999892711639404]
    [-0.00000017881392722, 1.00000005960466964, -0.00000005960460925, 3.07577916979789734]
  #124 objects/buildingsets/human/lowtech/alpha/int/roomsm/wall/roomsm_wall_straight_02x01x04_b.cgf
    [-0.00000064012130600, 0.99999947141841428, 0.00000000000000000, -6.00000000000000000]
    [-0.99999947141841428, -0.00000064012130600, -0.00000000000000000, 2.00000000000000000]
    [-0.00000000000000000, 0.00000000000000000, 0.99999947141861911, 0.00000000000000000]
  #125 objects/buildingsets/human/lowtech/alpha/int/roomsm/ceiling/roomsm_ceiling_straight_04x02x0025_d.cgf
    [-0.00000030294628436, 0.99999997718092126, 0.00000022178173338, -4.99998080730438232]
    [-0.99999997718094591, -0.00000030294628436, -0.00000000000005994, 12.99999666213989258]
    [0.00000000000000724, -0.00000022178173338, 0.99999997718096723, 3.52026941723251241]
  #126 objects/buildingsets/human/lowtech/alpha/int/roomsm/ceiling/roomsm_ceiling_straight_04x02x0025_b.cgf
    [1.00000000000000000, 0.00000000000000000, 0.00000000000000000, -4.99999299999999991]
    [0.00000000000000000, 1.00000000000000000, 0.00000000000000000, 5.25000700000009601]
    [0.00000000000000000, 0.00000000000000000, 1.00000000000000000, 3.00000000000000000]
  #127 objects/buildingsets/human/lowtech/alpha/int/roomsm/floor/roomsm_floor_straight_04x01x0025_a.cgf
    [-0.99999999999933320, -0.00000199999999495, 0.00000000000000000, -1.00000000000000000]
    [0.00000199999999495, -0.99999999999933320, 0.00000000000000000, 8.00000000000000000]
    [0.00000000000000000, 0.00000000000000000, 1.00000000000133338, -1.00000000000000000]
  #128 objects/buildingsets/human/brand/decal/ident/lowtech_a_int_decal_4m_a.cgf
    [-0.00000064012130600, 0.99999947141841428, 0.00000000000000000, -4.99999400000000005]
    [-0.99999947141841428, -0.00000064012130600, -0.00000000000000000, 8.75000100000011116]
    [-0.00000000000000000, 0.00000000000000000, 0.99999947141861911, -0.75000000000000000]
  #129 objects/buildingsets/human/lowtech/alpha/int/roomsm/wall/roomsm_wall_straight_01x01x04_a.cgf
    [-0.00000064012130600, 0.99999947141841428, 0.00000000000000000, -6.00000000000000000]
    [-0.99999947141841428, -0.00000064012130600, -0.00000000000000000, 3.00000000000000000]
    [-0.00000000000000000, 0.00000000000000000, 0.99999947141861911, 0.00000000000000000]
  #130 objects/buildingsets/human/brand/decal/ident/lowtech_a_int_decal_4m_a.cgf
    [-0.00000064012130600, 0.99999947141841428, 0.00000000000000000, -5.00000000000000000]
    [-0.99999947141841428, -0.00000064012130600, -0.00000000000000000, 11.00000100000011116]
    [-0.00000000000000000, 0.00000000000000000, 0.99999947141861911, -0.75000000000000000]
  #131 objects/buildingsets/human/brand/decal/ident/lowtech_a_int_decal_1m_a.cgf
    [-0.00000064012130600, 0.99999947141841428, 0.00000000000000000, -4.99999899999999986]
    [-0.99999947141841428, -0.00000064012130600, -0.00000000000000000, 20.00000000000000000]
    [-0.00000000000000000, 0.00000000000000000, 0.99999947141861911, -0.75000000000000000]
  #132 objects/buildingsets/human/lowtech/alpha/int/roomsm/addon/roomsm_addon_trim_cable_rack_2m_a.cgf
    [-0.99999999999999012, -0.00000024975207680, 0.00000000000000529, -2.00000171525573744]
    [0.00000024975207680, -0.99999999999998956, -0.00000003422854178, 20.99999928474426270]
    [0.00000000000001384, -0.00000003422854178, 1.00000000000002043, 3.25000011920928955]
  #133 objects/buildingsets/human/brand/decal/ident/lowtech_a_int_decal_2m_f.cgf
    [-0.00000064012130600, 0.99999947141841428, 0.00000000000000000, -4.99999799999999972]
    [-0.99999947141841428, -0.00000064012130600, -0.00000000000000000, 2.12500500000010106]
    [-0.00000000000000000, 0.00000000000000000, 0.99999947141861911, 0.25000000000000000]
  #134 objects/buildingsets/human/lowtech/alpha/int/roomsm/wall/roomsm_step_endr_04x01x01_a.cgf
    [0.00000222586401428, -0.99999947141765677, 0.00000000000000000, -5.50000000000000000]
    [0.99999947141765677, 0.00000222586401428, 0.00000000000000000, 3.00000000000000000]
    [0.00000000000000000, 0.00000000000000000, 0.99999947142013401, -0.91655700000000095]
  #135 objects/buildingsets/human/lowtech/alpha/int/roomsm/ceiling/roomsm_ceiling_slope_02x02x01_a.cgf
    [-0.00000064012130600, 0.99999947141841428, 0.00000000000000000, -3.00000000000000000]
    [-0.99999947141841428, -0.00000064012130600, -0.00000000000000000, 6.25000000000000000]
    [-0.00000000000000000, 0.00000000000000000, 0.99999947141861911, 2.75000000000000000]
  #136 objects/buildingsets/human/lowtech/bravo/int/cable/cable_straight_02x01x02_a.cgf
    [0.00000059604592906, 0.00000071525591494, -0.99999999999987210, -2.00000005960464478]
    [0.99999999999995026, 0.00000059604623459, 0.00000059604635538, 12.99999976158142090]
    [0.00000059604666092, -0.99999999999987210, -0.00000071525555967, 3.02026877648258107]
  #137 objects/buildingsets/human/lowtech/bravo/int/cable/cable_straight_box_a.cgf
    [0.00000053999010722, 0.00000117843343270, -0.99999997718043321, -2.50000005960464478]
    [-0.00000030565844020, 0.99999997718053246, 0.00000117843326764, 12.99999988079071045]
    [0.99999997718108091, 0.00000030565780386, 0.00000053999046745, 3.02026889569187063]
  #138 objects/buildingsets/human/lowtech/alpha/int/roomsm/wall/roomsm_wall_straight_02x01x04_b.cgf
    [-0.00000064012130600, 0.99999947141841428, 0.00000000000000000, -6.00000100000000014]
    [-0.99999947141841428, -0.00000064012130600, -0.00000000000000000, 21.00000000000000000]
    [-0.00000000000000000, 0.00000000000000000, 0.99999947141861911, -1.00000000000000000]
  #139 objects/buildingsets/human/lowtech/alpha/int/roomsm/ceiling/roomsm_ceiling_slope_02x01x01_a.cgf
    [-0.99999999999933320, -0.00000199999999495, 0.00000000000000000, -5.00000000000000000]
    [0.00000199999999495, -0.99999999999933320, 0.00000000000000000, 5.25000000000000000]
    [0.00000000000000000, 0.00000000000000000, 1.00000000000133338, 2.75000000000000000]
  #140 objects/buildingsets/human/lowtech/alpha/int/roomsm/addon/roomsm_addon_trim_cable_rack_2m_a.cgf
    [-0.99999999999933320, -0.00000199999999495, 0.00000000000000000, -0.75000000000000000]
    [0.00000199999999495, -0.99999999999933320, 0.00000000000000000, 11.00000000000000000]
    [0.00000000000000000, 0.00000000000000000, 1.00000000000133338, 3.24496900000000110]
  #141 objects/buildingsets/human/lowtech/alpha/int/roomsm/floor/roomsm_floor_straight_04x02x0025_a.cgf
    [-0.99999999999933320, -0.00000199999999495, 0.00000000000000000, -1.00000000000000000]
    [0.00000199999999495, -0.99999999999933320, 0.00000000000000000, 3.00000000000000000]
    [0.00000000000000000, 0.00000000000000000, 1.00000000000133338, 0.00000000000000000]
  #142 objects/buildingsets/human/lowtech/alpha/int/roomsm/ceiling/roomsm_ceiling_straight_04x04x0025_a.cgf
    [0.99999999999923872, -0.00000121571201455, -0.00000021151848932, -4.99999552315951412]
    [0.00000121571202179, 0.99999999999926048, 0.00000003422823557, -1.00001366892502119]
    [0.00000021151844771, -0.00000003422849272, 0.99999999999997713, 4.75000011921128973]
  #143 objects/buildingsets/human/lowtech/alpha/int/roomsm/floor/roomsm_floor_straight_04x02x0025_g.cgf
    [-0.00000064012096720, 0.99999894283798951, 0.00000000000000000, -5.00000000000000000]
    [0.99999894283798951, 0.00000064012096720, 0.00000000000000000, 7.00000000000000000]
    [0.00000000000000000, 0.00000000000000000, -0.99999894283819435, 3.12500000000000000]
  #144 objects/buildingsets/human/brand/decal/ident/lowtech_a_int_decal_4m_a.cgf
    [-0.00000064012130600, 0.99999947141841428, 0.00000000000000000, -4.99999500000000019]
    [-0.99999947141841428, -0.00000064012130600, -0.00000000000000000, 19.00000000000000000]
    [-0.00000000000000000, 0.00000000000000000, 0.99999947141861911, -0.75000000000000000]
  #145 objects/buildingsets/human/brand/decal/ident/lowtech_a_int_decal_corner_1m_c.cgf
    [-0.99999999999933320, -0.00000199999999495, 0.00000000000000000, -4.37499799999999972]
    [0.00000199999999495, -0.99999999999933320, 0.00000000000000000, 2.62500500000010106]
    [0.00000000000000000, 0.00000000000000000, 1.00000000000133338, 0.25000000000000000]
  #146 objects/buildingsets/human/brand/decal/ident/lowtech_a_int_decal_4m_a.cgf
    [-0.00000064012130600, 0.99999947141841428, 0.00000000000000000, -5.00000000000000000]
    [-0.99999947141841428, -0.00000064012130600, -0.00000000000000000, 15.00000100000011116]
    [-0.00000000000000000, 0.00000000000000000, 0.99999947141861911, -0.75000000000000000]
  #147 objects/buildingsets/human/lowtech/bravo/int/cable/cable_straight_box_a.cgf
    [0.00000053999010722, 0.00000117843343270, -0.99999997718043321, -2.00000005960464478]
    [-0.00000030565844020, 0.99999997718053246, 0.00000117843326764, 12.99999976158142090]
    [0.99999997718108091, 0.00000030565780386, 0.00000053999046745, 3.02026877648258107]
  #148 objects/buildingsets/human/lowtech/alpha/int/stairs/stairs_railing_l_0025x04x02_a.cgf
    [-0.99999999999933320, -0.00000199999999495, 0.00000000000000000, -4.99997700000000034]
    [0.00000199999999495, -0.99999999999933320, 0.00000000000000000, 5.00000000000000000]
    [0.00000000000000000, 0.00000000000000000, 1.00000000000133338, -1.00000000000000000]
  #149 objects/buildingsets/human/brand/decal/ident/lowtech_a_int_decal_05m_a.cgf
    [-0.99999999999933320, -0.00000199999999495, 0.00000000000000000, -4.00000999999999962]
    [0.00000199999999495, -0.99999999999933320, 0.00000000000000000, 2.74999899999988884]
    [0.00000000000000000, 0.00000000000000000, 1.00000000000133338, 0.25000000000000000]
  #150 objects/buildingsets/human/brand/decal/ident/lowtech_a_int_decal_corner_1m_b.cgf
    [-0.99999999999933320, -0.00000199999999495, 0.00000000000000000, -4.00000499999999981]
    [0.00000199999999495, -0.99999999999933320, 0.00000000000000000, 21.00000199999999495]
    [0.00000000000000000, 0.00000000000000000, 1.00000000000133338, -0.75000000000000000]
  #151 objects/buildingsets/human/lowtech/prop/utilitarian/cable/cable_bend_5_a.cgf
    [-0.00000064012100026, -0.00000000000000000, -1.00000042674731060, 7.43750000000000000]
    [0.00000000000000000, 1.00000042674751533, -0.00000000000000000, 10.81250000000000000]
    [1.00000042674731060, 0.00000000000000000, -0.00000064012100026, 2.43750000000000000]
  #152 objects/buildingsets/human/lowtech/alpha/int/roomsm/addon/roomsm_addon_trim_cable_rack_corner_1m_a.cgf
    [0.99999999999923872, -0.00000121571201455, -0.00000021151848932, 6.00001147683524128]
    [0.00000121571202179, 0.99999999999926048, 0.00000003422823557, 4.00000695367930348]
    [0.00000021151844771, -0.00000003422849272, 0.99999999999997713, 4.16315505960564280]
  #153 objects/buildingsets/human/lowtech/alpha/int/roomsm/addon/roomsm_addon_trim_cable_rack_4m_a.cgf
    [0.99999999999923872, -0.00000121571201455, -0.00000021151848932, 2.00001153644226992]
    [0.00000121571202179, 0.99999999999926048, 0.00000003422823557, 3.99999776158642817]
    [0.00000021151844771, -0.00000003422849272, 0.99999999999997713, 4.16315505960564280]
  #154 objects/buildingsets/human/lowtech/alpha/int/pipes/lowtech_pipe_1m_straight_long_a.cgf
    [0.00000226497452261, -0.00000107288423124, 0.99999994039384232, 3.37500476158118756]
    [-0.99999994039424023, 0.00000059604531799, 0.00000226497516210, 11.00000086920681497]
    [-0.00000059604774805, -0.99999994039622975, -0.00000107288288121, 4.16315497019867564]
  #155 objects/buildingsets/human/lowtech/prop/utilitarian/sign/sign_advert_2_16x9_b.cgf
    [-0.00000032006050013, -0.50000021337365530, 0.00000000000000000, 7.27772099999999966]
    [0.50000021337365530, -0.00000032006050013, 0.00000000000000000, 14.03082799999992858]
    [0.00000000000000000, 0.00000000000000000, 0.50000021337375766, 1.21875000000000000]
  #156 objects/buildingsets/human/lowtech/alpha/int/roomsm/addon/roomsm_addon_trim_cable_rack_2m_a.cgf
    [-0.00000114588356553, -0.99999997718052647, 0.00000000000022519, 7.00000947683465036]
    [0.99999997718051070, -0.00000114588356553, -0.00000017728994974, 9.00000925170047594]
    [0.00000017728994974, 0.00000000000002204, 0.99999997718116707, 4.16315505960564280]
  #157 objects/buildingsets/human/lowtech/alpha/int/roomsm/addon/roomsm_addon_trim_cable_rack_2m_a.cgf
    [-0.00000114588356553, -0.99999997718052647, 0.00000000000022519, 7.00000947683465036]
    [0.99999997718051070, -0.00000114588356553, -0.00000017728994974, 5.00000925170047594]
    [0.00000017728994974, 0.00000000000002204, 0.99999997718116707, 4.16315505960564280]
  #158 objects/buildingsets/human/lowtech/alpha/int/pipes/lowtech_pipe_1m_straight_long_a.cgf
    [0.00000226497452261, -0.00000107288423124, 0.99999994039384232, 3.37500476158118756]
    [-0.99999994039424023, 0.00000059604531799, 0.00000226497516210, 7.00000086920681497]
    [-0.00000059604774805, -0.99999994039622975, -0.00000107288288121, 4.16315497019867564]
  #159 objects/buildingsets/human/lowtech/alpha/int/roomsm/addon/roomsm_addon_trim_cable_rack_4m_a.cgf
    [0.99999999999923872, -0.00000121571201455, -0.00000021151848932, 2.00001153644226992]
    [0.00000121571202179, 0.99999999999926048, 0.00000003422823557, 7.99999776158642817]
    [0.00000021151844771, -0.00000003422849272, 0.99999999999997713, 4.16315505960564280]
  #160 objects/buildingsets/human/lowtech/alpha/int/roomsm/ceiling/roomsm_ceiling_straight_04x04x0025_a.cgf
    [0.99999999999923872, -0.00000121571201455, -0.00000021151848932, 1.00000451965705706]
    [0.00000121571202179, 0.99999999999926048, 0.00000003422823557, -0.99999988078570823]
    [0.00000021151844771, -0.00000003422849272, 0.99999999999997713, 4.75000011921128973]
  #161 objects/buildingsets/human/lowtech/bravo/int/prop/light/light_fluorescent_f.cgf
    [0.00000000000000000, 0.00000000000000000, -0.50000000000000000, 0.65936200000000000]
    [-0.50000000000000000, 0.00000000000000000, 0.00000000000000000, 3.62661299999990661]
    [0.00000000000000000, 0.50000000000000000, 0.00000000000000000, 0.07810200000000123]
  #162 objects/buildingsets/human/lowtech/alpha/int/roomsm/addon/roomsm_addon_trim_cable_rack_corner_1m_a.cgf
    [0.99999999999923872, -0.00000121571201455, -0.00000021151848932, 6.00001147683524128]
    [0.00000121571202179, 0.99999999999926048, 0.00000003422823557, 8.00000695367930348]
    [0.00000021151844771, -0.00000003422849272, 0.99999999999997713, 4.16315505960564280]
  #163 objects/buildingsets/human/lowtech/prop/light/light_landing_1_a.cgf
    [-0.00000032006050013, -0.50000021337365530, 0.00000000000000000, 0.76542600000000005]
    [0.50000021337365530, -0.00000032006050013, 0.00000000000000000, 2.84944599999994352]
    [0.00000000000000000, 0.00000000000000000, 0.50000021337375766, 0.26041800000000137]
  #164 objects/buildingsets/human/lowtech/alpha/int/pipes/lowtech_pipe_1m_straight_long_a.cgf
    [-0.00000114588567293, -0.00000238123069722, 0.99999997717867739, 2.87500775332033509]
    [0.00000052756935440, 0.99999997717919475, 0.00000238123130176, 5.74999945197782836]
    [-0.99999997718137346, 0.00000052757208302, -0.00000114588441663, 4.28816024520999051]
  #165 objects/buildingsets/human/lowtech/bravo/int/pipe/pipe_gas_straight_01x007x007_a.cgf
    [0.99999997717925848, -0.00000004963637410, -0.00000227267012227, 3.50000123841726563]
    [0.00000227267013234, 0.00000020281457981, 0.99999997717923916, 0.50000565565255783]
    [-0.00000004963591317, -0.99999997718182043, 0.00000020281469262, 4.25000000000100187]
  #166 objects/buildingsets/human/lowtech/alpha/int/universal/prop/grate_1x2_a.cgf
    [-0.00000202655997584, 0.99999999999794653, -0.00000202655792237, 7.12500000000000000]
    [0.00000000000000000, 0.00000202655792237, 1.00000000000000000, 9.30979900000011185]
    [1.00000000000000000, 0.00000202655997584, -0.00000000000410694, 3.75000000000000000]
  #167 objects/buildingsets/human/lowtech/alpha/int/roomsm/lights/roomsm_light_celing_b.cgf
    [0.60000002384185791, 0.00000000000000000, 0.00000000000000000, 1.39298900000000003]
    [0.00000000000000000, 0.60000002384185791, 0.00000000000000000, 6.98243400000001202]
    [0.00000000000000000, 0.00000000000000000, 0.60000002384185791, 3.78951700000000002]
  #168 objects/buildingsets/human/lowtech/bravo/int/prop/light/light_fluorescent_f.cgf
    [0.00000001114342398, 0.27959581689535828, -0.41451920354586291, 0.65391500000000002]
    [-0.49999999093367914, 0.00000000623130974, -0.00000000923832655, 4.65550899999993817]
    [0.00000000000000017, 0.41451920354586302, 0.27959581689535834, -0.47286100000000175]
  #169 objects/buildingsets/human/lowtech/alpha/int/stairs/stairs_railing_r_0025x04x02_a.cgf
    [-0.99999999999933320, -0.00000199999999495, 0.00000000000000000, 1.00002300000000011]
    [0.00000199999999495, -0.99999999999933320, 0.00000000000000000, 5.00000000000000000]
    [0.00000000000000000, 0.00000000000000000, 1.00000000000133338, -1.00000000000000000]
  #170 objects/buildingsets/human/lowtech/alpha/int/pipes/lowtech_pipe_1m_straight_long_a.cgf
    [-0.00000114588567293, -0.00000238123069722, 0.99999997717867739, 2.87500775332033509]
    [0.00000052756935440, 0.99999997717919475, 0.00000238123130176, 9.74999945197782836]
    [-0.99999997718137346, 0.00000052757208302, -0.00000114588441663, 4.28816024520999051]
  #171 objects/buildingsets/human/lowtech/alpha/int/roomsm/addon/roomsm_addon_trim_cable_rack_corner_1m_a.cgf
    [-0.00000114588356553, -0.99999997718052647, 0.00000000000022519, 7.00000499999762127]
    [0.99999997718051070, -0.00000114588356553, -0.00000017728994974, 7.00000919209082895]
    [0.00000017728994974, 0.00000000000002204, 0.99999997718116707, 4.16315497019867564]
  #172 objects/buildingsets/human/lowtech/alpha/int/roomsm/ceiling/roomsm_ceiling_straight_04x04x0025_a.cgf
    [0.99999999999923872, -0.00000121571201455, -0.00000021151848932, 3.00001153493020167]
    [0.00000121571202179, 0.99999999999926048, 0.00000003422823557, 4.00000011921429177]
    [0.00000021151844771, -0.00000003422849272, 0.99999999999997713, 4.91315511921179038]
  #173 objects/buildingsets/human/lowtech/alpha/int/railings/railings_open_straight_04x025x125_a.cgf
    [-0.99999999999933320, -0.00000199999999495, 0.00000000000000000, 7.00000000000000000]
    [0.00000199999999495, -0.99999999999933320, 0.00000000000000000, 11.02211200000010649]
    [0.00000000000000000, 0.00000000000000000, 1.00000000000133338, 0.00000000000000000]
  #174 objects/buildingsets/human/lowtech/alpha/int/universal/prop/grate_1x2_a.cgf
    [-0.00000202655997584, 0.99999999999794653, -0.00000202655792237, 7.12500000000000000]
    [0.00000000000000000, 0.00000202655792237, 1.00000000000000000, 11.18479900000011185]
    [1.00000000000000000, 0.00000202655997584, -0.00000000000410694, 3.75000000000000000]
  #175 objects/buildingsets/human/lowtech/prop/light/light_landing_1_a.cgf
    [-0.00000032006050013, -0.50000021337365530, 0.00000000000000000, 0.76542500000000002]
    [0.50000021337365530, -0.00000032006050013, 0.00000000000000000, 5.39295500000002903]
    [0.00000000000000000, 0.00000000000000000, 0.50000021337375766, -0.74796100000000010]
  #176 objects/buildingsets/human/lowtech/alpha/int/roomsm/floor/roomsm_floor_straight_04x02x0025_a.cgf
    [1.00000000000000000, 0.00000000000000000, 0.00000000000000000, 3.00000000000000000]
    [0.00000000000000000, 1.00000000000000000, 0.00000000000000000, 5.00000000000000000]
    [0.00000000000000000, 0.00000000000000000, 1.00000000000000000, 0.00000000000000000]
  #177 objects/buildingsets/human/lowtech/alpha/int/roomsm/trim/roomsm_trim_straight_04x0025x01_a.cgf
    [0.00000222586401428, -0.99999947141765677, 0.00000000000000000, 2.00000000000000000]
    [0.99999947141765677, 0.00000222586401428, 0.00000000000000000, 7.00000000000000000]
    [0.00000000000000000, 0.00000000000000000, 0.99999947142013401, -0.75503099999999890]
  #178 objects/buildingsets/human/lowtech/alpha/int/hab/ceiling/hab_ceiling_fan_base_01x01x01_a.cgf
    [-1.95233635107668713, 0.00000026708108288, 0.00000093094723779, 4.13944859640502916]
    [-0.00000026708166963, -1.95233635107652148, -0.00000123050741030, 18.12754531204700470]
    [0.00000093094706945, -0.00000123050753766, 1.95233635107631742, 3.13889396190643311]
  #179 objects/buildingsets/human/lowtech/alpha/int/roomsm/ceiling/roomsm_ceiling_straight_04x01x0025_b.cgf
    [-0.00000013435885842, 0.99999997718096456, -0.00000000000000037, 2.99999947683715806]
    [-0.99999997718096389, -0.00000013435885842, -0.00000003422854681, 16.00000047683715820]
    [-0.00000003422854681, -0.00000000000000423, 0.99999997718097278, 3.99999988079071045]
  #180 objects/buildingsets/human/lowtech/alpha/int/universal/prop/grate_celing_4x4_a.cgf
    [0.00000037140031587, 0.00000233888247826, 0.99999995436141265, 5.25000699999858167]
    [0.00000111096989183, -0.99999995436086475, 0.00000233888206564, 6.00000520930279890]
    [0.99999995436353073, 0.00000111096902316, -0.00000037140291477, 3.66315499999998906]
  #181 objects/buildingsets/human/lowtech/alpha/int/universal/prop/cable_hanging_g.cgf
    [0.78567785024627901, -0.00000035025703109, 0.00000000000000912, 2.25611717836761461]
    [0.00000035025703109, 0.78567785024627856, -0.00000002689260991, 20.48547744750976562]
    [0.00000000000000287, 0.00000002689260991, 0.78567785024635661, 3.63240063190460205]
  #182 objects/buildingsets/human/lowtech/alpha/int/roomsm/ceiling/roomsm_ceiling_straight_04x02x0025_d.cgf
    [0.00000222586401428, -0.99999947141765677, 0.00000000000000000, 7.00000000000000000]
    [0.99999947141765677, 0.00000222586401428, 0.00000000000000000, 12.00000000000000000]
    [0.00000000000000000, 0.00000000000000000, 0.99999947142013401, 3.00000000000000000]
  #183 objects/buildingsets/human/lowtech/alpha/int/roomsm/addon/roomsm_addon_trim_cable_rack_corner_1m_a.cgf
    [-0.00000114588356553, -0.99999997718052647, 0.00000000000022519, 4.99999776157928011]
    [0.99999997718051070, -0.00000114588356553, -0.00000017728994974, 2.00000907288108465]
    [0.00000017728994974, 0.00000000000002204, 0.99999997718116707, 4.24999997019867592]
  #184 objects/buildingsets/human/lowtech/alpha/int/roomsm/ceiling/roomsm_ceiling_straight_04x01x0025_b.cgf
    [-0.00000013435885842, 0.99999997718096456, -0.00000000000000037, 2.99999828474426256]
    [-0.99999997718096389, -0.00000013435885842, -0.00000003422854681, 21.00000047683715820]
    [-0.00000003422854681, -0.00000000000000423, 0.99999997718097278, 4.00000011920928955]
  #185 objects/buildingsets/human/lowtech/bravo/int/pipe/pipe_straight_02x01x01_a.cgf
    [0.99999997717925848, -0.00000004963637410, -0.00000227267012227, 2.64458766255093147]
    [0.00000227267013234, 0.00000020281457981, 0.99999997717923916, 2.00000376601451535]
    [-0.00000004963591317, -0.99999997718182043, 0.00000020281469262, 4.29845738411059486]
  #186 objects/buildingsets/human/lowtech/alpha/int/roomsm/addon/roomsm_addon_trim_cable_rack_corner_1m_a.cgf
    [-0.00000114588356553, -0.99999997718052647, 0.00000000000022519, 7.00000499999762127]
    [0.99999997718051070, -0.00000114588356553, -0.00000017728994974, 11.00000919209082895]
    [0.00000017728994974, 0.00000000000002204, 0.99999997718116707, 4.16315497019867564]
  #187 objects/buildingsets/human/lowtech/alpha/int/roomsm/panel/roomsm_panel_04x04x0025_a.cgf
    [-0.99999995436196509, -0.00000007939521128, 0.00000030579030129, 6.32996745245361314]
    [0.00000030579033078, -0.00000037140325419, 0.99999995436189937, 16.25000119209289551]
    [-0.00000007939509771, 0.99999995436194289, 0.00000037140327850, 3.07577905058860779]
  #188 objects/buildingsets/human/lowtech/alpha/int/roomsm/wall/roomsm_wall_straight_04x01x04_a.cgf
    [0.00000222586401428, -0.99999947141765677, 0.00000000000000000, 8.00000000000000000]
    [0.99999947141765677, 0.00000222586401428, 0.00000000000000000, 12.00000000000000000]
    [0.00000000000000000, 0.00000000000000000, 0.99999947142013401, -1.00000000000000000]
  #189 objects/buildingsets/human/lowtech/alpha/int/universal/prop/grate_celing_4x4_a.cgf
    [0.00000037140031587, 0.00000233888247826, 0.99999995436141265, 5.25000699999858167]
    [0.00000111096989183, -0.99999995436086475, 0.00000233888206564, 10.00000520930279890]
    [0.99999995436353073, 0.00000111096902316, -0.00000037140291477, 3.66315499999998906]
  #190 objects/buildingsets/human/lowtech/alpha/int/pipes/lowtech_pipe_1m_straight_long_a.cgf
    [-0.00000114588567293, -0.00000238123069722, 0.99999997717867739, 2.87500947683786867]
    [0.00000052756935440, 0.99999997717919475, 0.00000238123130176, 4.99999939237500257]
    [-0.99999997718137346, 0.00000052757208302, -0.00000114588441663, 4.28815982797747708]
  #191 objects/buildingsets/human/lowtech/alpha/int/roomsm/ceiling/roomsm_ceiling_straight_04x02x0025_a.cgf
    [1.00000000000000000, 0.00000000000000000, 0.00000000000000000, 5.00000000000000000]
    [0.00000000000000000, 1.00000000000000000, 0.00000000000000000, 0.00000000000000000]
    [0.00000000000000000, 0.00000000000000000, 1.00000000000000000, 4.00000000000000000]
  #192 objects/buildingsets/human/lowtech/alpha/int/roomsm/ceiling/roomsm_ceiling_straight_04x04x0025_a.cgf
    [0.99999999999923872, -0.00000121571201455, -0.00000021151848932, 3.00001153493020167]
    [0.00000121571202179, 0.99999999999926048, 0.00000003422823557, 8.00000011921429177]
    [0.00000021151844771, -0.00000003422849272, 0.99999999999997713, 4.91315511921179038]
  #193 objects/buildingsets/human/lowtech/bravo/int/pipe/pipe_gas_mount_04x007x007_a.cgf
    [0.99999997717925848, -0.00000004963637410, -0.00000227267012227, 3.50000123841726563]
    [0.00000227267013234, 0.00000020281457981, 0.99999997717923916, 0.50000565565255783]
    [-0.00000004963591317, -0.99999997718182043, 0.00000020281469262, 4.25000000000100187]
  #194 objects/buildingsets/human/lowtech/alpha/int/roomsm/floor/roomsm_floor_straight_04x04x0025_e.cgf
    [1.00000000000000000, 0.00000000000000000, 0.00000000000000000, 3.00000000000000000]
    [0.00000000000000000, 1.00000000000000000, 0.00000000000000000, 7.00000000000000000]
    [0.00000000000000000, 0.00000000000000000, 1.00000000000000000, 0.00000000000000000]
  #195 objects/buildingsets/human/lowtech/alpha/int/roomsm/addon/roomsm_addon_trim_cable_rack_corner_1m_a.cgf
    [0.00000037140329941, -0.99999997718093037, 0.00000000000005452, 6.99999852316284166]
    [0.99999997718092970, 0.00000037140329941, -0.00000003422866237, 20.00000119209289551]
    [0.00000003422866237, 0.00000000000006723, 0.99999997718099853, 3.25000005960464478]
  #196 objects/buildingsets/human/lowtech/alpha/int/roomsm/addon/roomsm_addon_trim_cable_rack_corner_1m_a.cgf
    [0.99999999999994937, 0.00000031820906088, 0.00000000000000529, 5.99999947683715806]
    [-0.00000031820906088, 0.99999999999994882, -0.00000003422854178, 15.00000119209289551]
    [-0.00000000000001618, 0.00000003422854178, 0.99999999999999944, 3.24999991059303284]
  #197 objects/buildingsets/human/lowtech/alpha/int/roomsm/floor/roomsm_floor_straight_04x04x0025_l.cgf
    [1.00000000000000000, 0.00000000000000000, 0.00000000000000000, 3.00000000000000000]
    [0.00000000000000000, 1.00000000000000000, 0.00000000000000000, 0.00000000000000000]
    [0.00000000000000000, 0.00000000000000000, 1.00000000000000000, 0.00000000000000000]
  #198 objects/buildingsets/human/lowtech/alpha/int/roomsm/ceiling/roomsm_ceiling_straight_02x01x0025_b.cgf
    [0.00000222586401428, -0.99999947141765677, 0.00000000000000000, 5.00000000000000000]
    [0.99999947141765677, 0.00000222586401428, 0.00000000000000000, 3.00000000000000000]
    [0.00000000000000000, 0.00000000000000000, 0.99999947142013401, 4.00000000000000000]
  #199 objects/buildingsets/human/lowtech/alpha/int/roomsm/wall/roomsm_wall_straight_engineering_04x01x04_f.cgf
    [0.00000222586401428, -0.99999947141765677, 0.00000000000000000, 8.00000000000000000]
    [0.99999947141765677, 0.00000222586401428, 0.00000000000000000, 4.00000000000000000]
    [0.00000000000000000, 0.00000000000000000, 0.99999947142013401, 0.00000000000000000]
  #200 objects/buildingsets/human/lowtech/alpha/int/roomsm/floor/roomsm_floor_straight_04x04x0025_l.cgf
    [-0.99999999999933320, -0.00000199999999495, 0.00000000000000000, 6.99999899999999986]
    [0.00000199999999495, -0.99999999999933320, 0.00000000000000000, 16.00000000000000000]
    [0.00000000000000000, 0.00000000000000000, 1.00000000000133338, -1.00000000000000000]
  #201 objects/buildingsets/human/lowtech/bravo/int/pipe/pipe_gas_bend_04x007x007_a.cgf
    [0.99999997717930089, -0.00000004963559183, 0.00000223935020760, 2.50000111920851209]
    [0.00000223935020093, -0.00000013436016772, -0.99999997717929290, 0.50000338743143402]
    [0.00000004963589271, 0.99999997718179912, -0.00000013436005657, 4.25000000000100187]
  #202 objects/buildingsets/human/lowtech/alpha/int/roomsm/ceiling/roomsm_ceiling_straight_04x04x0025_c.cgf
    [-0.00000013435885842, 0.99999997718096456, -0.00000000000000037, 2.99999876158142076]
    [-0.99999997718096389, -0.00000013435885842, -0.00000003422854681, 20.00000047683715820]
    [-0.00000003422854681, -0.00000000000000423, 0.99999997718097278, 4.00000011920928955]
  #203 objects/buildingsets/human/lowtech/alpha/int/roomsm/wall/roomsm_wall_straight_04x01x04_a.cgf
    [0.00000222586401428, -0.99999947141765677, 0.00000000000000000, 7.99999899999999986]
    [0.99999947141765677, 0.00000222586401428, 0.00000000000000000, 17.00000000000000000]
    [0.00000000000000000, 0.00000000000000000, 0.99999947142013401, -1.00000000000000000]
  #204 objects/buildingsets/human/lowtech/alpha/int/roomsm/addon/roomsm_addon_trim_cable_rack_4m_a.cgf
    [-0.99999999999999012, -0.00000024975207680, 0.00000000000000529, 5.99999804632568345]
    [0.00000024975207680, -0.99999999999998956, -0.00000003422854178, 21.00000095367431641]
    [0.00000000000001384, -0.00000003422854178, 1.00000000000002043, 3.25000011920928955]
  #205 objects/buildingsets/human/lowtech/alpha/int/railings/railings_open_straight_02x025x125_a.cgf
    [-0.00000064012130600, 0.99999947141841428, 0.00000000000000000, 1.00000000000000000]
    [-0.99999947141841428, -0.00000064012130600, -0.00000000000000000, 5.02211200000010649]
    [-0.00000000000000000, 0.00000000000000000, 0.99999947141861911, 0.00000000000000000]
  #206 objects/buildingsets/human/lowtech/alpha/int/roomsm/addon/roomsm_addon_trim_cable_rack_4m_a.cgf
    [0.99999999999994937, 0.00000031820906088, 0.00000000000000529, 1.99999959604644761]
    [-0.00000031820906088, 0.99999999999994882, -0.00000003422854178, 15.00000023841857910]
    [-0.00000000000001618, 0.00000003422854178, 0.99999999999999944, 3.24999991059303284]
  #207 objects/buildingsets/human/lowtech/alpha/int/roomsm/wall/roomsm_wall_45_mid_01x01x04_a.cgf
    [1.00000000000000000, 0.00000000000000000, 0.00000000000000000, 6.00000000000000000]
    [0.00000000000000000, 1.00000000000000000, 0.00000000000000000, 1.00000000000000000]
    [0.00000000000000000, 0.00000000000000000, 1.00000000000000000, 0.00000000000000000]
  #208 objects/buildingsets/human/lowtech/alpha/int/roomgrav/wall/roomgrav_wall_straight_mid_04x01x08_d.cgf
    [0.00000011920910481, 0.00000011920934639, -0.50000000000009948, 4.37438817160034166]
    [-0.49999999999988631, -0.00000047683714399, -0.00000011920921850, 20.12754535675048828]
    [-0.00000047683717241, 0.49999999999988631, 0.00000011920923271, 3.57794773578643799]
  #209 objects/buildingsets/human/brand/decal/ident/lowtech_a_int_decal_2m_a.cgf
    [-0.99999999999933320, -0.00000199999999495, 0.00000000000000000, 5.99999600000000033]
    [0.00000199999999495, -0.99999999999933320, 0.00000000000000000, 20.99999800000000505]
    [0.00000000000000000, 0.00000000000000000, 1.00000000000133338, -0.75000000000000000]
  #210 objects/buildingsets/human/lowtech/alpha/int/roomsm/trim/roomsm_trim_straight_04x0025x01_a.cgf
    [1.00000000000000000, 0.00000000000000000, 0.00000000000000000, 3.00000000000000000]
    [0.00000000000000000, 1.00000000000000000, 0.00000000000000000, 10.00000000000000000]
    [0.00000000000000000, 0.00000000000000000, 1.00000000000000000, -0.75503099999999890]
  #211 objects/buildingsets/human/lowtech/alpha/int/roomsm/floor/roomsm_floor_straight_04x01x0025_a.cgf
    [-0.99999999999933320, -0.00000199999999495, 0.00000000000000000, 7.00000000000000000]
    [0.00000199999999495, -0.99999999999933320, 0.00000000000000000, 12.00000000000000000]
    [0.00000000000000000, 0.00000000000000000, 1.00000000000133338, -1.00000000000000000]
  #212 objects/buildingsets/human/brand/decal/ident/lowtech_a_int_decal_corner_1m_b.cgf
    [0.00000222586401428, -0.99999947141765677, 0.00000000000000000, 6.99999000000000038]
    [0.99999947141765677, 0.00000222586401428, 0.00000000000000000, 20.00000199999999495]
    [0.00000000000000000, 0.00000000000000000, 0.99999947142013401, -0.75000000000000000]
  #213 objects/buildingsets/human/brand/decal/ident/lowtech_a_int_decal_1m_a.cgf
    [-0.00000064012130600, 0.99999947141841428, 0.00000000000000000, 0.99999199999999999]
    [-0.99999947141841428, -0.00000064012130600, -0.00000000000000000, 8.00000000000000000]
    [-0.00000000000000000, 0.00000000000000000, 0.99999947141861911, 0.25000000000000000]
  #214 objects/buildingsets/human/brand/decal/ident/lowtech_a_int_decal_2m_a.cgf
    [0.70710739454380356, -0.70710630719099521, 0.00000000000000000, 5.55331900000000012]
    [0.70710630719099521, 0.70710739454380356, 0.00000000000000000, 1.53510099999994054]
    [0.00000000000000000, 0.00000000000000000, 1.00000009854390126, 0.25000000000000000]
  #215 objects/buildingsets/human/brand/decal/ident/lowtech_a_int_decal_corner_1m_b.cgf
    [-0.99999999999933320, -0.00000199999999495, 0.00000000000000000, 2.00000100000000014]
    [0.00000199999999495, -0.99999999999933320, 0.00000000000000000, 10.99999800000000505]
    [0.00000000000000000, 0.00000000000000000, 1.00000000000133338, 0.25000000000000000]
  #216 objects/buildingsets/human/brand/decal/ident/lowtech_a_int_decal_4m_a.cgf
    [0.00000222586401428, -0.99999947141765677, 0.00000000000000000, 6.99999899999999986]
    [0.99999947141765677, 0.00000222586401428, 0.00000000000000000, 14.99999800000000505]
    [0.00000000000000000, 0.00000000000000000, 0.99999947142013401, -0.75000000000000000]
  #217 objects/buildingsets/human/brand/decal/ident/lowtech_a_int_decal_corner_out_1m_c.cgf
    [-0.99999999999933320, -0.00000199999999495, 0.00000000000000000, 1.00000200000000006]
    [0.00000199999999495, -0.99999999999933320, 0.00000000000000000, 2.74999899999988884]
    [0.00000000000000000, 0.00000000000000000, 1.00000000000133338, 0.25000000000000000]
  #218 objects/buildingsets/human/lowtech/prop/utilitarian/machine/machine_extractor_1_a.cgf
    [-0.00000014305119578, 0.00000007152555099, -0.60000002384186646, 1.77291042940521226]
    [0.60000002384183238, 0.00000021457673824, -0.00000014305117020, 16.50000000000000000]
    [0.00000021457672119, -0.60000002384184514, -0.00000007152560215, 4.07577908039093018]
  #219 objects/buildingsets/human/lowtech/prop/light/light_ceiling_3_a.cgf
    [0.99999999999999956, 0.00000002814135769, 0.00000000000000529, 4.99999876158142076]
    [-0.00000002814135769, 0.99999999999999900, -0.00000003422854178, 19.00000095367431641]
    [-0.00000000000000626, 0.00000003422854178, 0.99999999999999944, 3.50000005960464478]
  #220 objects/buildingsets/human/brand/decal/ident/lowtech_a_int_decal_1m_a.cgf
    [-0.00000064012130600, 0.99999947141841428, 0.00000000000000000, 0.99999199999999999]
    [-0.99999947141841428, -0.00000064012130600, -0.00000000000000000, 10.00000000000000000]
    [-0.00000000000000000, 0.00000000000000000, 0.99999947141861911, 0.25000000000000000]
  #221 objects/buildingsets/human/lowtech/alpha/int/pipes/lowtech_pipe_1m_straight_long_a.cgf
    [-0.00000114588567293, -0.00000238123069722, 0.99999997717867739, 2.87500947683786867]
    [0.00000052756935440, 0.99999997717919475, 0.00000238123130176, 8.99999939237500257]
    [-0.99999997718137346, 0.00000052757208302, -0.00000114588441663, 4.28815982797747708]
  #222 objects/buildingsets/human/lowtech/alpha/int/roomsm/addon/roomsm_addon_trim_cable_rack_2m_a.cgf
    [-0.00000114588356553, -0.99999997718052647, 0.00000000000022519, 5.00000247683512633]
    [0.99999997718051070, -0.00000114588356553, -0.00000017728994974, 0.00000901328189684]
    [0.00000017728994974, 0.00000000000002204, 0.99999997718116707, 4.25000005960564664]
  #223 objects/buildingsets/human/lowtech/alpha/int/railings/railings_open_cornerin_02x02x125_a.cgf
    [-0.99999999999933320, -0.00000199999999495, 0.00000000000000000, 3.00000000000000000]
    [0.00000199999999495, -0.99999999999933320, 0.00000000000000000, 11.00000000000000000]
    [0.00000000000000000, 0.00000000000000000, 1.00000000000133338, 0.00000000000000000]
  #224 objects/buildingsets/human/lowtech/alpha/int/roomlg/addon/roomlg_addon_pillar_top_01x04x04_a.cgf
    [0.00000222586401428, -0.99999947141765677, 0.00000000000000000, 7.25000000000000000]
    [0.99999947141765677, 0.00000222586401428, 0.00000000000000000, 11.50000000000000000]
    [0.00000000000000000, 0.00000000000000000, 0.99999947142013401, -1.00000000000000000]
  #225 objects/buildingsets/human/lowtech/alpha/int/roomsm/wall/roomsm_wall_45_end_01x01x04_a.cgf
    [0.00000222586401428, -0.99999947141765677, 0.00000000000000000, 6.00000000000000000]
    [0.99999947141765677, 0.00000222586401428, 0.00000000000000000, 0.00000000000000000]
    [0.00000000000000000, 0.00000000000000000, 0.99999947142013401, 0.00000000000000000]
  #226 objects/buildingsets/human/lowtech/alpha/int/railings/railings_open_straight_04x025x125_a.cgf
    [-0.00000064012130600, 0.99999947141841428, 0.00000000000000000, 1.00000000000000000]
    [-0.99999947141841428, -0.00000064012130600, -0.00000000000000000, 9.02211200000010649]
    [-0.00000000000000000, 0.00000000000000000, 0.99999947141861911, 0.00000000000000000]
  #227 objects/buildingsets/human/lowtech/prop/utilitarian/machine/machine_extractor_1_a.cgf
    [-0.00000014305119578, 0.00000007152555099, -0.60000002384186646, 1.77291013138198839]
    [0.60000002384183238, 0.00000021457673824, -0.00000014305117020, 17.75000001490116119]
    [0.00000021457672119, -0.60000002384184514, -0.00000007152560215, 4.07577908039093018]
  #228 objects/buildingsets/human/lowtech/alpha/int/universal/prop/grate_celing_4x4_a.cgf
    [0.00000037140031587, 0.00000233888247826, 0.99999995436141265, 2.74999988078959801]
    [0.00000111096989183, -0.99999995436086475, 0.00000233888206564, 1.00000405620153288]
    [0.99999995436353073, 0.00000111096902316, -0.00000037140291477, 3.61586116254302681]
  #229 objects/buildingsets/human/brand/decal/ident/lowtech_a_int_decal_4m_a.cgf
    [0.00000222586401428, -0.99999947141765677, 0.00000000000000000, 6.99999299999999991]
    [0.99999947141765677, 0.00000222586401428, 0.00000000000000000, 2.99998699999991914]
    [0.00000000000000000, 0.00000000000000000, 0.99999947142013401, 0.25000000000000000]
  #230 objects/buildingsets/human/lowtech/alpha/int/roomsm/addon/roomsm_addon_trim_cable_rack_2m_a.cgf
    [-0.99999999999977229, 0.00000115058697154, 0.00000021151837777, 6.00000276157952417]
    [-0.00000115058696430, -0.99999999999979405, 0.00000003422885176, 12.00000695366975378]
    [0.00000021151841716, 0.00000003422860839, 1.00000000000043365, 4.16315494039635325]
  #231 objects/buildingsets/human/brand/decal/ident/lowtech_a_int_decal_4m_a.cgf
    [0.00000222586401428, -0.99999947141765677, 0.00000000000000000, 0.99998900000000002]
    [0.99999947141765677, 0.00000222586401428, 0.00000000000000000, 6.00000000000000000]
    [0.00000000000000000, 0.00000000000000000, 0.99999947142013401, -0.75000000000000000]
  #232 objects/buildingsets/human/brand/decal/ident/lowtech_a_int_decal_1m_a.cgf
    [0.70710739454380356, -0.70710630719099521, 0.00000000000000000, 4.84621200000000041]
    [0.70710630719099521, 0.70710739454380356, 0.00000000000000000, 0.82799500000010084]
    [0.00000000000000000, 0.00000000000000000, 1.00000009854390126, 0.25000000000000000]
  #233 objects/buildingsets/human/brand/decal/ident/lowtech_a_int_decal_1m_a.cgf
    [-0.99999999999933320, -0.00000199999999495, 0.00000000000000000, 3.99999599999999988]
    [0.00000199999999495, -0.99999999999933320, 0.00000000000000000, 21.00000199999999495]
    [0.00000000000000000, 0.00000000000000000, 1.00000000000133338, -0.75000000000000000]
  #234 objects/buildingsets/human/brand/decal/ident/lowtech_a_int_decal_2m_a.cgf
    [-0.99999999999933320, -0.00000199999999495, 0.00000000000000000, 3.99999299999999991]
    [0.00000199999999495, -0.99999999999933320, 0.00000000000000000, 10.99998800000003030]
    [0.00000000000000000, 0.00000000000000000, 1.00000000000133338, 0.25000000000000000]
  #235 objects/buildingsets/human/brand/decal/logo/tint_logo_big.cgf
    [0.00000000000000000, 0.00000000000000000, -0.14286500215530396, 7.24999899999999986]
    [-0.14286500215530396, 0.00000000000000000, 0.00000000000000000, 20.25000000000000000]
    [0.00000000000000000, 0.14286500215530396, 0.00000000000000000, 1.14963799999999949]
  #236 objects/buildingsets/human/brand/decal/logo/tint_ident_landscape.cgf
    [0.00000000000000000, 0.00000000000000000, -0.75000000000000000, 7.24999899999999986]
    [-0.75000000000000000, 0.00000000000000000, 0.00000000000000000, 18.75000000000000000]
    [0.00000000000000000, 0.75000000000000000, 0.00000000000000000, 1.14963799999999949]
  #237 objects/buildingsets/human/brand/decal/ident/lowtech_a_int_decal_corner_out_1m_c.cgf
    [-0.99999999999933320, -0.00000199999999495, 0.00000000000000000, 6.68277799999999989]
    [0.00000199999999495, -0.99999999999933320, 0.00000000000000000, 11.31711199999995188]
    [0.00000000000000000, 0.00000000000000000, 1.00000000000133338, -0.75000000000000000]
  #238 objects/buildingsets/human/brand/decal/ident/lowtech_a_int_decal_corner_1m_b.cgf
    [0.00000222586401428, -0.99999947141765677, 0.00000000000000000, 6.99999899999999986]
    [0.99999947141765677, 0.00000222586401428, 0.00000000000000000, 9.99998699999991914]
    [0.00000000000000000, 0.00000000000000000, 0.99999947142013401, 0.25000000000000000]
  #239 objects/buildingsets/human/brand/decal/ident/lowtech_a_int_decal_2m_a.cgf
    [-0.99999999999933320, -0.00000199999999495, 0.00000000000000000, 5.99999299999999991]
    [0.00000199999999495, -0.99999999999933320, 0.00000000000000000, 10.99998800000003030]
    [0.00000000000000000, 0.00000000000000000, 1.00000000000133338, 0.25000000000000000]
  #240 objects/buildingsets/human/brand/decal/ident/lowtech_a_int_decal_1m_a.cgf
    [-0.00000064012130600, 0.99999947141841428, 0.00000000000000000, 0.99999000000000005]
    [-0.99999947141841428, -0.00000064012130600, -0.00000000000000000, 6.00000000000000000]
    [-0.00000000000000000, 0.00000000000000000, 0.99999947141861911, 0.25000000000000000]
  #241 objects/buildingsets/human/lowtech/alpha/int/roomsm/wall/roomsm_wall_45_cornrin_01x01x04_b.cgf
    [0.00000222586401428, -0.99999947141765677, 0.00000000000000000, 8.00000000000000000]
    [0.99999947141765677, 0.00000222586401428, 0.00000000000000000, 4.00000000000000000]
    [0.00000000000000000, 0.00000000000000000, 0.99999947142013401, 0.00000000000000000]
  #242 objects/buildingsets/human/lowtech/alpha/int/roomsm/floor/roomsm_floor_straight_04x02x0025_a.cgf
    [0.00000222586401428, -0.99999947141765677, 0.00000000000000000, 3.00000000000000000]
    [0.99999947141765677, 0.00000222586401428, 0.00000000000000000, 7.00000000000000000]
    [0.00000000000000000, 0.00000000000000000, 0.99999947142013401, 0.00000000000000000]
  #243 objects/buildingsets/human/lowtech/alpha/int/roomsm/wall/roomsm_wall_straight_01x01x04_a.cgf
    [0.00000222586401428, -0.99999947141765677, 0.00000000000000000, 7.99999899999999986]
    [0.99999947141765677, 0.00000222586401428, 0.00000000000000000, 16.00000000000000000]
    [0.00000000000000000, 0.00000000000000000, 0.99999947142013401, -1.00000000000000000]
  #244 objects/buildingsets/human/lowtech/alpha/int/roomsm/trim/roomsm_trim_straight_04x0025x01_a.cgf
    [0.00000222586401428, -0.99999947141765677, 0.00000000000000000, 2.00000000000000000]
    [0.99999947141765677, 0.00000222586401428, 0.00000000000000000, 3.00000000000000000]
    [0.00000000000000000, 0.00000000000000000, 0.99999947142013401, -0.75503099999999890]
  #245 objects/buildingsets/human/lowtech/alpha/int/roomsm/addon/roomsm_addon_trim_cable_rack_4m_a.cgf
    [0.00000037140329941, -0.99999997718093037, 0.00000000000005452, 6.99999899999999986]
    [0.99999997718092970, 0.00000037140329941, -0.00000003422866237, 16.00000131130218506]
    [0.00000003422866237, 0.00000000000006723, 0.99999997718099853, 3.24999994039535522]
  #246 objects/buildingsets/human/lowtech/bravo/int/pipe/pipe_gas_straight_01x007x007_a.cgf
    [0.99999997717925848, -0.00000004963637410, -0.00000227267012227, 4.50000123841672917]
    [0.00000227267013234, 0.00000020281457981, 0.99999997717923916, 0.50000792387345427]
    [-0.00000004963591317, -0.99999997718182043, 0.00000020281469262, 4.25000000000100187]
  #247 objects/buildingsets/human/lowtech/alpha/int/roomsm/floor/roomsm_floor_straight_04x04x0025_l.cgf
    [0.00000222586401428, -0.99999947141765677, 0.00000000000000000, 6.99999899999999986]
    [0.99999947141765677, 0.00000222586401428, 0.00000000000000000, 16.00000000000000000]
    [0.00000000000000000, 0.00000000000000000, 0.99999947142013401, -1.00000000000000000]
  #248 objects/buildingsets/human/lowtech/alpha/int/roomsm/addon/roomsm_addon_trim_cable_rack_2m_a.cgf
    [-0.99999999999977229, 0.00000115058697154, 0.00000021151837777, 6.00000276157952417]
    [-0.00000115058696430, -0.99999999999979405, 0.00000003422885176, 8.00000695366975378]
    [0.00000021151841716, 0.00000003422860839, 1.00000000000043365, 4.16315494039635325]
  #249 objects/buildingsets/human/brand/decal/ident/lowtech_a_int_decal_corner_out_1m_c.cgf
    [1.00000000000000000, 0.00000000000000000, 0.00000000000000000, 0.99999899999999997]
    [0.00000000000000000, 1.00000000000000000, 0.00000000000000000, 11.00000599999998485]
    [0.00000000000000000, 0.00000000000000000, 1.00000000000000000, -0.75000000000000000]
  #250 objects/buildingsets/human/lowtech/alpha/int/roomsm/wall/roomsm_wall_straight_01x01x04_a.cgf
    [0.00000222586401428, -0.99999947141765677, 0.00000000000000000, 8.00000000000000000]
    [0.99999947141765677, 0.00000222586401428, 0.00000000000000000, 10.00000000000000000]
    [0.00000000000000000, 0.00000000000000000, 0.99999947142013401, 0.00000000000000000]
  #251 objects/buildingsets/human/brand/decal/ident/lowtech_a_int_decal_4m_a.cgf
    [1.00000000000000000, 0.00000000000000000, 0.00000000000000000, 1.99998800000000010]
    [0.00000000000000000, 1.00000000000000000, 0.00000000000000000, 11.00000000000000000]
    [0.00000000000000000, 0.00000000000000000, 1.00000000000000000, -0.75000000000000000]
  #252 objects/buildingsets/human/brand/decal/ident/lowtech_a_int_decal_4m_a.cgf
    [0.00000222586401428, -0.99999947141765677, 0.00000000000000000, 0.99998900000000002]
    [0.99999947141765677, 0.00000222586401428, 0.00000000000000000, 2.00000000000000000]
    [0.00000000000000000, 0.00000000000000000, 0.99999947142013401, -0.75000000000000000]
  #253 objects/buildingsets/human/brand/decal/ident/lowtech_a_int_decal_1m_a.cgf
    [-0.00000064012130600, 0.99999947141841428, 0.00000000000000000, 0.99999199999999999]
    [-0.99999947141841428, -0.00000064012130600, -0.00000000000000000, 7.00000000000000000]
    [-0.00000000000000000, 0.00000000000000000, 0.99999947141861911, 0.25000000000000000]
  #254 objects/buildingsets/human/lowtech/alpha/int/roomsm/addon/roomsm_addon_trim_cable_rack_4m_a.cgf
    [-0.99999999999933320, -0.00000199999999495, 0.00000000000000000, 7.25000000000000000]
    [0.00000199999999495, -0.99999999999933320, 0.00000000000000000, 11.00000000000000000]
    [0.00000000000000000, 0.00000000000000000, 1.00000000000133338, 3.24496900000000110]
  #255 objects/buildingsets/human/lowtech/alpha/int/roomsm/floor/roomsm_floor_straight_04x01x0025_a.cgf
    [-0.99999999999933320, -0.00000199999999495, 0.00000000000000000, 6.99999899999999986]
    [0.00000199999999495, -0.99999999999933320, 0.00000000000000000, 21.00000000000000000]
    [0.00000000000000000, 0.00000000000000000, 1.00000000000133338, -1.00000000000000000]
  #256 objects/buildingsets/human/lowtech/alpha/int/roomsm/wall/roomsm_wall_straight_02x01x04_a.cgf
    [0.00000222586401428, -0.99999947141765677, 0.00000000000000000, 8.00000000000000000]
    [0.99999947141765677, 0.00000222586401428, 0.00000000000000000, 8.00000000000000000]
    [0.00000000000000000, 0.00000000000000000, 0.99999947142013401, 0.00000000000000000]
  #257 objects/buildingsets/human/lowtech/alpha/int/roomsm/trim/roomsm_trim_straight_02x0025x01_a.cgf
    [1.00000000000000000, 0.00000000000000000, 0.00000000000000000, 1.00000000000000000]
    [0.00000000000000000, 1.00000000000000000, 0.00000000000000000, 10.00000000000000000]
    [0.00000000000000000, 0.00000000000000000, 1.00000000000000000, -0.75503099999999890]
  #258 objects/buildingsets/human/lowtech/alpha/int/roomsm/floor/roomsm_floor_straight_04x02x0025_a.cgf
    [0.00000222586401428, -0.99999947141765677, 0.00000000000000000, 3.00000000000000000]
    [0.99999947141765677, 0.00000222586401428, 0.00000000000000000, 3.00000000000000000]
    [0.00000000000000000, 0.00000000000000000, 0.99999947142013401, 0.00000000000000000]
  #259 objects/buildingsets/human/lowtech/alpha/int/roomsm/trim/roomsm_trim_straight_04x0025x01_a.cgf
    [-1.00000085349466716, 0.00000000000000000, 0.00000000000000000, 6.99999899999999986]
    [0.00000000000000000, 0.00000064012127265, -1.00000085349446199, 15.00000000000000000]
    [-0.00000000000000000, -1.00000085349446199, -0.00000064012127299, 3.75000000000000000]
  #260 objects/buildingsets/human/lowtech/alpha/int/roomsm/trim/roomsm_trim_straight_04x0025x01_a.cgf
    [-1.00000085349466716, 0.00000000000000000, 0.00000000000000000, 7.00000000000000000]
    [0.00000000000000000, 0.00000064012127265, -1.00000085349446199, 12.00000000000000000]
    [-0.00000000000000000, -1.00000085349446199, -0.00000064012127299, 3.75000000000000000]
  #261 objects/buildingsets/human/lowtech/alpha/int/roomsm/wall/roomsm_wall_cornerin_01x01x04_a.cgf
    [-0.99999999999933320, -0.00000199999999495, 0.00000000000000000, 8.00000700000000009]
    [0.00000199999999495, -0.99999999999933320, 0.00000000000000000, 22.00000000000000000]
    [0.00000000000000000, 0.00000000000000000, 1.00000000000133338, -1.00000000000000000]
  #262 objects/buildingsets/human/brand/decal/ident/lowtech_a_int_decal_4m_a.cgf
    [0.00000222586401428, -0.99999947141765677, 0.00000000000000000, 6.99999400000000005]
    [0.99999947141765677, 0.00000222586401428, 0.00000000000000000, 11.49999800000000505]
    [0.00000000000000000, 0.00000000000000000, 0.99999947142013401, -0.75000000000000000]
  #263 objects/buildingsets/human/lowtech/alpha/int/roomsm/floor/roomsm_floor_straight_04x01x0025_a.cgf
    [1.00000000000000000, 0.00000000000000000, 0.00000000000000000, 3.00000000000000000]
    [0.00000000000000000, 1.00000000000000000, 0.00000000000000000, 4.00000000000000000]
    [0.00000000000000000, 0.00000000000000000, 1.00000000000000000, 0.00000000000000000]
  #264 objects/buildingsets/human/brand/decal/ident/lowtech_a_int_decal_4m_a.cgf
    [0.00000222586401428, -0.99999947141765677, 0.00000000000000000, 6.99999299999999991]
    [0.99999947141765677, 0.00000222586401428, 0.00000000000000000, 5.99998699999991914]
    [0.00000000000000000, 0.00000000000000000, 0.99999947142013401, 0.25000000000000000]
  #265 objects/buildingsets/human/brand/decal/ident/lowtech_a_int_decal_1m_a.cgf
    [0.00000222586401428, -0.99999947141765677, 0.00000000000000000, 4.91648100000000010]
    [0.99999947141765677, 0.00000222586401428, 0.00000000000000000, -0.01744000000007873]
    [0.00000000000000000, 0.00000000000000000, 0.99999947142013401, 0.25000000000000000]
  #266 objects/buildingsets/human/brand/decal/ident/lowtech_a_int_decal_1m_a.cgf
    [-0.00000064012130600, 0.99999947141841428, 0.00000000000000000, 0.99999199999999999]
    [-0.99999947141841428, -0.00000064012130600, -0.00000000000000000, 9.00000000000000000]
    [-0.00000000000000000, 0.00000000000000000, 0.99999947141861911, 0.25000000000000000]
  #267 objects/buildingsets/human/brand/decal/ident/lowtech_a_int_decal_05m_a.cgf
    [-0.00000064012130600, 0.99999947141841428, 0.00000000000000000, 0.99998900000000002]
    [-0.99999947141841428, -0.00000064012130600, -0.00000000000000000, 4.00000000000000000]
    [-0.00000000000000000, 0.00000000000000000, 0.99999947141861911, 0.25000000000000000]
  #268 objects/buildingsets/human/brand/decal/ident/lowtech_a_int_decal_1m_a.cgf
    [-0.00000064012130600, 0.99999947141841428, 0.00000000000000000, 0.99998900000000002]
    [-0.99999947141841428, -0.00000064012130600, -0.00000000000000000, 5.00000000000000000]
    [-0.00000000000000000, 0.00000000000000000, 0.99999947141861911, 0.25000000000000000]
  #269 objects/buildingsets/human/brand/decal/ident/lowtech_a_int_decal_1m_a.cgf
    [0.00000222586401428, -0.99999947141765677, 0.00000000000000000, 6.99999899999999986]
    [0.99999947141765677, 0.00000222586401428, 0.00000000000000000, 19.00000000000000000]
    [0.00000000000000000, 0.00000000000000000, 0.99999947142013401, -0.75000000000000000]
