# IncludedObjects
# Cgfs: 84, Materials: 6, Palettes: 4, Placements: 519

[CGFs]
      0: objects/buildingsets/human/lowtech/prop/storage/box/box_plastic_1_005x005x005_b.cgf
      1: objects/buildingsets/human/lowtech/prop/storage/box/box_plastic_1_005x005x005_a.cgf
      2: objects/buildingsets/human/lowtech/prop/storage/pallet/pallet_shipping_1_0125x0125x0025_a.cgf
      3: objects/buildingsets/human/universal/prop/storage/loot/loot_stack_1_a.cgf
      4: objects/buildingsets/human/lowtech/prop/storage/box/box_plastic_2_005x005x005_a.cgf
      5: objects/buildingsets/human/lowtech/prop/storage/box/box_fabric_1_005x005x005_b.cgf
      6: objects/buildingsets/human/universal/prop/medical/decon/decon_light_standing_1_a.cgf
      7: objects/buildingsets/human/lowtech/bravo/int/prop/light/light_cold_floor_b.cgf
      8: objects/planets/cave/acidic01/uni/uni_m_001/uni_m_001_water_01.cgf
      9: objects/planets/geology/acidic_flowstone_01/acidic_flowstone_01_pil_d.cgf
     10: objects/buildingsets/human/hightech/prop/storage/box/box_0025x004x0025_a.cgf
     11: objects/buildingsets/human/lowtech/prop/storage/crate/crate_dry_1_0125x0125x0125_a.cgf
     12: objects/buildingsets/human/lowtech/prop/storage/box/box_plastic_1_01x005x0025_a.cgf
     13: objects/buildingsets/human/lowtech/prop/storage/bottle/bottle_gas_3_a_100.cgf
     14: objects/buildingsets/human/hightech/prop/storage/box/box_0025x002x002_a.cgf
     15: objects/buildingsets/human/lowtech/prop/storage/box/box_plastic_1_005x0025x0025_a.cgf
     16: objects/buildingsets/human/lowtech/prop/storage/canister/canister_gas_3_a.cgf
     17: objects/buildingsets/human/hightech/prop/storage/crate/crate_dry_1_0125x0125x0125_a.cgf
     18: objects/buildingsets/human/lowtech/prop/storage/bottle/bottle_gas_3_b.cgf
     19: objects/buildingsets/human/lowtech/prop/storage/crate/crate_dry_1_0125x0125x00625_a.cgf
     20: objects/planets/geology/acidic_flowstone_01/acidic_flowstone_01_ldg_c.cgf
     21: objects/buildingsets/human/lowtech/bravo/int/prop/light/light_cold_generic_b.cgf
     22: objects/buildingsets/human/hightech/prop/storage/trolley/trolley_cargo_1_a.cgf
     23: objects/planets/geology/angular_layered_01/cave/bedrock_square_floor_4_a.cgf
     24: objects/buildingsets/human/hightech/prop/storage/crate/crate_dry_1_0125x0125x0125_stack_a.cgf
     25: objects/buildingsets/human/lowtech/charlie/int/prop/uee_lawless_prop_scaffold_mid_01.cgf
     26: data/objects/buildingsets/human/colonialism/props/furniture/table/table_workshop_2_a.cgf
     27: objects/planets/geology/acidic_flowstone_01/acidic_flowstone_01_stm_d.cgf
     28: objects/planets/geology/acidic_flowstone_01/acidic_flowstone_01_plr_a.cgf
     29: objects/planets/geology/acidic_flowstone_01/acidic_flowstone_01_stt_e.cgf
     30: objects/planets/geology/acidic_flowstone_01/acidic_flowstone_01_pil_a.cgf
     31: objects/planets/geology/acidic_flowstone_01/acidic_flowstone_01_pil_b.cgf
     32: data/objects/buildingsets/human/lowtech/prop/storage/drum/drum_dry_1_a.cgf
     33: objects/buildingsets/human/hightech/prop/storage/crate/crate_dry_1_0125x0125x0125_b.cgf
     34: data/objects/planets/geology/acidic_flowstone_01/acidic_flowstone_01_stt_d.cgf
     35: objects/planets/geology/acidic_flowstone_01/acidic_flowstone_01_stt_d.cgf
     36: objects/planets/geology/acidic_flowstone_01/acidic_flowstone_01_stt_f.cgf
     37: objects/planets/geology/acidic_flowstone_01/acidic_flowstone_01_stt_b.cgf
     38: objects/planets/geology/acidic_flowstone_01/acidic_flowstone_01_stm_b.cgf
     39: data/objects/planets/geology/acidic_flowstone_01/acidic_flowstone_01_stm_c.cgf
     40: objects/buildingsets/human/lowtech/prop/storage/pallet/pallet_shipping_1_025x0125x0025_a.cgf
     41: objects/planets/geology/acidic_flowstone_01/acidic_flowstone_01_stt_a.cgf
     42: objects/planets/geology/acidic_flowstone_01/acidic_flowstone_01_pil_c.cgf
     43: objects/planets/geology/acidic_flowstone_01/acidic_flowstone_01_stt_h.cgf
     44: objects/buildingsets/human/lowtech/alpha/ext/prop/shipping_container_1_025x025x025_a.cgf
     45: objects/planets/geology/acidic_flowstone_01/acidic_flowstone_01_plr_b.cgf
     46: data/objects/planets/geology/acidic_flowstone_01/acidic_flowstone_01_plr_a.cgf
     47: objects/buildingsets/human/lowtech/alpha/ext/prop/shipping_container_1_025x025x025_b.cgf
     48: objects/buildingsets/human/lowtech/prop/storage/cargo/cargo_multipurpose_1_025x0125x0125_a.cgf
     49: objects/planets/geology/acidic_flowstone_01/acidic_flowstone_01_stm_c.cgf
     50: data/objects/buildingsets/human/colonialism/col_a/ext/addons/col_a_greenhouse_cover_b.cgf
     51: objects/buildingsets/human/lowtech/prop/utilitarian/improvised/improvised_counter_1_h.cgf
     52: objects/planets/geology/acidic_flowstone_01/acidic_flowstone_01_plr_d.cgf
     53: data/objects/buildingsets/human/colonialism/ruin/structure/col_a_structural_addon_wall_2m_a.cgf
     54: objects/planets/geology/acidic_flowstone_01/acidic_flowstone_01_plr_c.cgf
     55: data/objects/planets/geology/acidic_flowstone_01/acidic_flowstone_01_pil_a.cgf
     56: objects/buildingsets/human/hightech/prop/maintenance/hose/hose_floor_1_a.cgf
     57: objects/planets/geology/acidic_flowstone_01/acidic_flowstone_01_stm_a.cgf
     58: data/objects/planets/geology/acidic_flowstone_01/acidic_flowstone_01_stm_b.cgf
     59: data/objects/planets/geology/acidic_flowstone_01/acidic_flowstone_01_plr_d.cgf
     60: objects/planets/geology/acidic_flowstone_01/acidic_flowstone_01_stt_g.cgf
     61: data/objects/buildingsets/human/colonialism/col_a/ext/habitation/col_a_ext_hab_addon_fuel_tank_a.cgf
     62: data/objects/planets/geology/acidic_flowstone_01/acidic_flowstone_01_stt_c.cgf
     63: objects/planets/geology/acidic_flowstone_01/acidic_flowstone_01_ldg_d.cgf
     64: objects/buildingsets/human/lowtech/alpha/ext/prop/shipping_container_1_025x025x025_c.cgf
     65: objects/buildingsets/human/lowtech/prop/utilitarian/tank/tank_liquid_1_0125x025x0125_a.cgf
     66: data/objects/buildingsets/human/lowtech/prop/tool/welder_a/tool_welder_a.cgf
     67: objects/spaceships/derelicts/dead_bodies/skull_1_a.cgf
     68: data/objects/planets/geology/acidic_flowstone_01/acidic_flowstone_01_plr_b.cgf
     69: objects/planets/geology/acidic_flowstone_01/acidic_flowstone_01_stt_c.cgf
     70: data/objects/buildingsets/human/colonialism/ruin/structure/col_a_structural_addon_floor_2m_c.cgf
     71: objects/buildingsets/human/lowtech/alpha/int/roomsm/partition/roomsm_partition_tarp_draped_a.cgf
     72: objects/planets/cave/acidic01/uni/uni_m_001/uni_m_001_water_06.cgf
     73: objects/buildingsets/human/lowtech/alpha/ext/prop/shipping_container_1_025x05x025_c.cgf
     74: objects/buildingsets/human/lowtech/prop/tech/laptop/laptop_rugged_1_pirate_a.cgf
     75: objects/buildingsets/human/lowtech/alpha/ext/prop/shipping_container_1_025x05x025_open_a.cgf
     76: data/objects/buildingsets/human/hightech/prop/camping/battery/battery_portable_1_005x0075x005_a.cgf
     77: data/objects/buildingsets/human/colonialism/ruin/structure/col_a_structural_addon_floor_2m_c_corner.cgf
     78: objects/planets/cave/acidic01/uni/uni_m_001/uni_m_001_water_02.cgf
     79: objects/planets/cave/acidic01/uni/uni_m_001/uni_m_001_water_03.cgf
     80: objects/planets/cave/acidic01/uni/uni_m_001/uni_m_001_water_05.cgf
     81: objects/planets/cave/acidic01/uni/uni_m_001/uni_m_001_water_04.cgf
     82: objects/buildingsets/human/hightech/prop/storage/canister/canister_portable_hosepipe_1_a.cgf
     83: objects/planets/cave/acidic01/uni/uni_m_001/uni_m_001_water_07.cgf

[Materials]
      0: objects/buildingsets/human/universal/prop/storage/loot/loot_stack_1_a
      1: objects/buildingsets/human/lowtech/prop/storage/box/box_fabric_1_c_medical_waste
      2: objects/buildingsets/human/lowtech/prop/storage/box/box_plastic_1_c
      3: objects/buildingsets/human/lowtech/prop/storage/box/box_plastic_1_b
      4: objects/buildingsets/human/lowtech/prop/storage/box/box_fabric_1_b_radioactive
      5: materials/decals/acidic/acidic_flowstone_streaks_02

[Palettes]
      0: Libs/Foundry/Records/TintPalettes/default
      1: Libs/Foundry/Records/TintPalettes/Generic/gen_darkgreen_grey_red_a
      2: Libs/Foundry/Records/TintPalettes/Generic/gen_darkgrey_white_orange_a
      3: Libs/Foundry/Records/TintPalettes/generic/gen_grey_darkgrey_red_a<222>

[Placements]
  #0 objects/buildingsets/human/lowtech/prop/storage/box/box_plastic_1_005x005x005_b.cgf
    [0.36567185245751055, 0.93074272695883964, 0.00000000000000000, 21.71862063545449928]
    [-0.93074272695883964, 0.36567185245751055, -0.00000000000000000, -8.72388179124345697]
    [-0.00000000000000000, 0.00000000000000000, 0.99999896373270536, -6.94775123885965940]
  #1 objects/buildingsets/human/lowtech/prop/storage/box/box_plastic_1_005x005x005_a.cgf
    [0.93074277262991645, -0.36567178631859304, 0.00000000000000000, 21.90055215553002199]
    [0.36567178631859304, 0.93074277262991645, 0.00000000000000000, -9.19120216798501133]
    [0.00000000000000000, 0.00000000000000000, 0.99999898205560944, -6.44291465466301361]
  #2 objects/buildingsets/human/lowtech/prop/storage/pallet/pallet_shipping_1_0125x0125x0025_a.cgf
    [-0.36567192919863739, -0.93074276469137684, 0.00000000000000000, 22.04694500000005064]
    [0.93074276469137684, -0.36567192919863739, 0.00000000000000000, -8.85650699999996505]
    [0.00000000000000000, 0.00000000000000000, 0.99999902691412712, -6.18555201327896498]
  #3 objects/buildingsets/human/universal/prop/storage/loot/loot_stack_1_a.cgf
    [-0.93074278302062696, 0.36567188779433996, 0.00000000000000000, 22.04694500000005064]
    [-0.36567188779433996, -0.93074278302062696, 0.00000000000000000, -8.85650699999996505]
    [0.00000000000000000, 0.00000000000000000, 0.99999902883355740, -7.18555100000000380]
  #4 objects/buildingsets/human/lowtech/prop/storage/box/box_plastic_1_005x005x005_b.cgf
    [0.36567198430266151, 0.93074268941311100, 0.00000000000000000, 22.20059966993540002]
    [-0.93074268941311100, 0.36567198430266151, -0.00000000000000000, -8.53452112178683819]
    [-0.00000000000000000, 0.00000000000000000, 0.99999897699937501, -6.93555125331974409]
  #5 objects/buildingsets/human/lowtech/prop/storage/box/box_plastic_2_005x005x005_a.cgf
    [-0.36567194037418516, -0.93074269462924963, 0.00000000000000000, 22.20114191788616154]
    [0.93074269462924963, -0.36567194037418516, 0.00000000000000000, -8.53590179138973326]
    [0.00000000000000000, 0.00000000000000000, 0.99999896579083447, -6.44291465466301361]
  #6 objects/buildingsets/human/lowtech/prop/storage/box/box_plastic_1_005x005x005_b.cgf
    [0.36567198430266151, 0.93074268941311100, 0.00000000000000000, 22.38343563820853888]
    [-0.93074268941311100, 0.36567198430266151, -0.00000000000000000, -8.99989246423092482]
    [-0.00000000000000000, 0.00000000000000000, 0.99999897699937501, -6.43555175995922468]
  #7 objects/buildingsets/human/lowtech/prop/storage/box/box_plastic_1_005x005x005_b.cgf
    [-0.93074278302062696, 0.36567188779433996, 0.00000000000000000, 21.90199883533205139]
    [-0.36567188779433996, -0.93074278302062696, 0.00000000000000000, -9.19063376168378454]
    [0.00000000000000000, 0.00000000000000000, 0.99999902883355740, -5.94775225213862058]
  #8 objects/buildingsets/human/lowtech/prop/storage/pallet/pallet_shipping_1_0125x0125x0025_a.cgf
    [-0.36567194037418516, -0.93074269462924963, 0.00000000000000000, 22.04694500000005064]
    [0.93074269462924963, -0.36567194037418516, 0.00000000000000000, -8.85650699999996505]
    [0.00000000000000000, 0.00000000000000000, 0.99999896579083447, -7.18555100000000380]
  #9 objects/buildingsets/human/lowtech/prop/storage/box/box_fabric_1_005x005x005_b.cgf
    [-0.36567173740651077, -0.93074280935529485, 0.00000000000000000, 21.71862065774348594]
    [0.93074280935529485, -0.36567173740651077, 0.00000000000000000, -8.72388176647655200]
    [0.00000000000000000, 0.00000000000000000, 0.99999899835173967, -5.44291560833738686]
  #10 objects/buildingsets/human/lowtech/prop/storage/box/box_plastic_1_005x005x005_a.cgf
    [-0.36567192919863739, -0.93074276469137684, 0.00000000000000000, 22.38397786387031374]
    [0.93074276469137684, -0.36567192919863739, 0.00000000000000000, -9.00127315860117960]
    [0.00000000000000000, 0.00000000000000000, 0.99999902691412712, -5.44291560833738686]
  #11 objects/buildingsets/human/lowtech/prop/storage/box/box_fabric_1_005x005x005_b.cgf
    [0.93074266921635529, -0.36567207062742652, 0.00000000000000000, 21.71862063545449928]
    [0.36567207062742652, 0.93074266921635529, 0.00000000000000000, -8.72388179124345697]
    [0.00000000000000000, 0.00000000000000000, 0.99999898976795742, -6.44291465466301361]
  #12 objects/buildingsets/human/lowtech/prop/storage/box/box_plastic_2_005x005x005_a.cgf
    [-0.36567192919863739, -0.93074276469137684, 0.00000000000000000, 22.38397786387031374]
    [0.93074276469137684, -0.36567192919863739, 0.00000000000000000, -9.00127315860117960]
    [0.00000000000000000, 0.00000000000000000, 0.99999902691412712, -5.94775225213862058]
  #13 objects/buildingsets/human/lowtech/prop/storage/box/box_plastic_2_005x005x005_a.cgf
    [-0.36567192919863739, -0.93074276469137684, 0.00000000000000000, 21.73577056999329216]
    [0.93074276469137684, -0.36567192919863739, 0.00000000000000000, -8.71873774579444216]
    [0.00000000000000000, 0.00000000000000000, 0.99999902691412712, -5.94775225213862058]
  #14 objects/buildingsets/human/lowtech/prop/storage/box/box_plastic_2_005x005x005_a.cgf
    [-0.36567194037418516, -0.93074269462924963, 0.00000000000000000, 22.38397789160899265]
    [0.93074269462924963, -0.36567194037418516, 0.00000000000000000, -9.00127314770361409]
    [0.00000000000000000, 0.00000000000000000, 0.99999896579083447, -6.94291414802353302]
  #15 objects/buildingsets/human/lowtech/prop/storage/box/box_plastic_1_005x005x005_a.cgf
    [-0.36567192919863739, -0.93074276469137684, 0.00000000000000000, 22.20114192333494429]
    [0.93074276469137684, -0.36567192919863739, 0.00000000000000000, -8.53590180525907272]
    [0.00000000000000000, 0.00000000000000000, 0.99999902691412712, -5.44291560833738686]
  #16 objects/buildingsets/human/lowtech/prop/storage/box/box_plastic_1_005x005x005_a.cgf
    [-0.36567194037418516, -0.93074269462924963, 0.00000000000000000, 21.90199887396829581]
    [0.93074269462924963, -0.36567194037418516, 0.00000000000000000, -9.19063377852398844]
    [0.00000000000000000, 0.00000000000000000, 0.99999896579083447, -6.94775123885965940]
  #17 objects/buildingsets/human/lowtech/prop/storage/box/box_plastic_1_005x005x005_b.cgf
    [-0.93074278302062696, 0.36567188779433996, 0.00000000000000000, 22.18453421495178191]
    [-0.36567188779433996, -0.93074278302062696, 0.00000000000000000, -8.54242646483453427]
    [0.00000000000000000, 0.00000000000000000, 0.99999902883355740, -5.94775225213862058]
  #18 objects/buildingsets/human/universal/prop/medical/decon/decon_light_standing_1_a.cgf
    [-0.60819927684539099, -0.79378391301672768, 0.00000000000000000, 21.30666000000019267]
    [0.79378391301672768, -0.60819927684539099, 0.00000000000000000, -2.30724499999996624]
    [0.00000000000000000, 0.00000000000000000, 0.99999963045963380, -7.12711600000000800]
  #19 objects/buildingsets/human/lowtech/bravo/int/prop/light/light_cold_floor_b.cgf
    [1.00000000000000000, 0.00000000000000000, 0.00000000000000000, 41.48954800000046816]
    [0.00000000000000000, 1.00000000000000000, 0.00000000000000000, -18.72716199999968012]
    [0.00000000000000000, 0.00000000000000000, 1.00000000000000000, -7.21759100000000586]
  #20 objects/buildingsets/human/lowtech/bravo/int/prop/light/light_cold_floor_b.cgf
    [-0.97964410772270749, -0.20074256018966408, 0.00000000000000000, 18.88784500000019762]
    [0.20074256018966408, -0.97964410772270749, 0.00000000000000000, -12.90853100000003906]
    [0.00000000000000000, 0.00000000000000000, 1.00000007663365786, -7.18274400000000668]
  #21 objects/planets/cave/acidic01/uni/uni_m_001/uni_m_001_water_01.cgf
    [1.00000000000000000, 0.00000000000000000, 0.00000000000000000, 14.25327300000026298]
    [0.00000000000000000, 1.00000000000000000, 0.00000000000000000, -13.59021299999994881]
    [0.00000000000000000, 0.00000000000000000, 1.00000000000000000, 9.80150799999999833]
  #22 objects/planets/geology/acidic_flowstone_01/acidic_flowstone_01_pil_d.cgf
    [-0.49999767494056840, 0.86602354053983854, 0.00000000000000000, 33.64546500000051310]
    [-0.86602354053983854, -0.49999767494056840, -0.00000000000000000, -23.03347200000007433]
    [-0.00000000000000000, 0.00000000000000000, 0.99999722385371226, -7.47353600000000284]
  #23 objects/buildingsets/human/hightech/prop/storage/box/box_0025x004x0025_a.cgf
    [0.74010372563299165, 0.67249290652912730, 0.00000000000000000, 14.23035708489442186]
    [-0.67249290652912730, 0.74010372563299165, -0.00000000000000000, 0.55194306358089307]
    [-0.00000000000000000, 0.00000000000000000, 1.00000011701390723, -5.39176900000000359]
  #24 objects/buildingsets/human/hightech/prop/storage/box/box_0025x004x0025_a.cgf
    [0.74010372563299165, 0.67249290652912730, 0.00000000000000000, 14.30601731495335116]
    [-0.67249290652912730, 0.74010372563299165, -0.00000000000000000, 0.79623045652351720]
    [-0.00000000000000000, 0.00000000000000000, 1.00000011701390723, -7.21821600000000529]
  #25 objects/buildingsets/human/lowtech/prop/storage/crate/crate_dry_1_0125x0125x0125_a.cgf
    [-0.74010209282154693, -0.67249412933817398, 0.00000000000000000, 14.23289890803516755]
    [0.67249412933817398, -0.74010209282154693, 0.00000000000000000, 0.00588820517577915]
    [0.00000000000000000, 0.00000000000000000, 0.99999973089653504, -7.21821600000000529]
  #26 objects/buildingsets/human/lowtech/prop/storage/box/box_plastic_1_01x005x0025_a.cgf
    [-0.67855581950777721, -0.73454976816852968, 0.00000000000000000, -20.69660665152969159]
    [0.73454976816852968, -0.67855581950777721, 0.00000000000000000, -7.22527562686218516]
    [0.00000000000000000, 0.00000000000000000, 1.00000068105192419, -2.42781028538132659]
  #27 objects/buildingsets/human/lowtech/prop/storage/box/box_plastic_1_01x005x0025_a.cgf
    [-0.24509719865157231, 0.96949874017760540, 0.00000000000000000, 15.83944019700902572]
    [-0.96949874017760540, -0.24509719865157231, -0.00000000000000000, -16.53664106822816393]
    [-0.00000000000000000, 0.00000000000000000, 1.00000022199638172, -6.18877028538132379]
  #28 objects/buildingsets/human/hightech/prop/storage/box/box_0025x004x0025_a.cgf
    [0.62188298248363438, -0.78311044116277462, 0.00000000000000000, -23.22549420202722104]
    [0.78311044116277462, 0.62188298248363438, 0.00000000000000000, -9.36901743759244710]
    [0.00000000000000000, 0.00000000000000000, 1.00000020348042717, -7.20123400000000657]
  #29 objects/buildingsets/human/lowtech/prop/storage/bottle/bottle_gas_3_a_100.cgf
    [0.97138701404596939, -0.23750215360859894, 0.00000000000000000, 15.65883902006044082]
    [0.23750215360859894, 0.97138701404596939, 0.00000000000000000, -1.85376543727898024]
    [0.00000000000000000, 0.00000000000000000, 1.00000000201293338, -6.60362800000000050]
  #30 objects/buildingsets/human/hightech/prop/storage/box/box_0025x002x002_a.cgf
    [0.74010372563299165, 0.67249290652912730, 0.00000000000000000, 14.76764197117427102]
    [-0.67249290652912730, 0.74010372563299165, -0.00000000000000000, 0.42859546289218997]
    [-0.00000000000000000, 0.00000000000000000, 1.00000011701390723, -5.39176900000000359]
  #31 objects/buildingsets/human/lowtech/prop/storage/box/box_plastic_1_005x0025x0025_a.cgf
    [0.74628013488280731, -0.66563216063953801, 0.00000000000000000, -20.27782406894039013]
    [0.66563216063953801, 0.74628013488280731, 0.00000000000000000, -7.74561432797281668]
    [0.00000000000000000, 0.00000000000000000, 1.00000010649917481, -2.42225400000000946]
  #32 objects/buildingsets/human/lowtech/prop/storage/crate/crate_dry_1_0125x0125x0125_a.cgf
    [-0.62188609801921968, 0.78310761957053721, 0.00000000000000000, -22.43204127661829261]
    [-0.78310761957053721, -0.62188609801921968, 0.00000000000000000, -9.38951378970705264]
    [0.00000000000000000, 0.00000000000000000, 0.99999993136949938, -7.20123400000000657]
  #33 objects/buildingsets/human/lowtech/prop/storage/box/box_plastic_1_005x0025x0025_a.cgf
    [-0.96507368488522394, -0.26198005142722758, 0.00000000000000000, 16.04684382244795415]
    [0.26198005142722758, -0.96507368488522394, 0.00000000000000000, -15.90172743580160386]
    [0.00000000000000000, 0.00000000000000000, 1.00000038230180555, -6.18321400000000665]
  #34 objects/buildingsets/human/lowtech/prop/storage/canister/canister_gas_3_a.cgf
    [-0.07842461533791063, 0.99669634916525540, -0.02111143439273596, -21.42879391843052872]
    [0.00387499166659809, 0.02148126283767352, 0.99976160417313964, -7.01637173606468423]
    [0.99691237806592192, 0.07832412335875120, -0.00554685058376479, -7.08185600000000193]
  #35 objects/buildingsets/human/hightech/prop/storage/crate/crate_dry_1_0125x0125x0125_a.cgf
    [-0.92227859073231455, 0.38652359793963137, 0.00000000000000000, -11.27164600000014616]
    [-0.38652359793963137, -0.92227859073231455, 0.00000000000000000, -17.53200900000001639]
    [0.00000000000000000, 0.00000000000000000, 0.99999914534332546, -7.16891900000000248]
  #36 objects/buildingsets/human/lowtech/prop/storage/bottle/bottle_gas_3_b.cgf
    [0.97138700579889847, -0.23750216070917268, -0.00011368177102762, 15.59592382237042330]
    [0.23750214647546761, 0.97138700778788822, -0.00012577940491294, -1.67276383928901851]
    [0.00014030187553643, 0.00009518081469071, 0.99999998777800803, -6.60362800000000050]
  #37 objects/buildingsets/human/hightech/prop/storage/crate/crate_dry_1_0125x0125x0125_a.cgf
    [-0.98690569538608908, 0.16129737936320224, 0.00000000000000000, -12.71990499999992608]
    [-0.16129737936320224, -0.98690569538608908, 0.00000000000000000, -17.80166899999994712]
    [0.00000000000000000, 0.00000000000000000, 0.99999984808745657, -7.24834800000000712]
  #38 objects/buildingsets/human/lowtech/prop/storage/crate/crate_dry_1_0125x0125x00625_a.cgf
    [0.63283859763350470, -0.77428349285906484, 0.00000000000000000, 15.46250646499083814]
    [0.77428349285906484, 0.63283859763350470, 0.00000000000000000, -1.12460412417385669]
    [0.00000000000000000, 0.00000000000000000, 0.99999980898436902, -5.34783500000000345]
  #39 objects/buildingsets/human/lowtech/prop/storage/crate/crate_dry_1_0125x0125x00625_a.cgf
    [0.76312200309736566, 0.64625475342215011, 0.00000000000000000, 14.50162933100182272]
    [-0.64625475342215011, 0.76312200309736566, -0.00000000000000000, -0.15666759410351005]
    [-0.00000000000000000, 0.00000000000000000, 1.00000019896601011, -4.73324800000000323]
  #40 objects/planets/geology/acidic_flowstone_01/acidic_flowstone_01_ldg_c.cgf
    [-0.81915210675699535, -0.57357677273668306, 0.00000000000000000, 1.76463537117979286]
    [0.57357677273668306, -0.81915210675699535, 0.00000000000000000, -26.47021238979868940]
    [0.00000000000000000, 0.00000000000000000, 1.00000024411369659, -7.41707400000000661]
  #41 objects/buildingsets/human/lowtech/bravo/int/prop/light/light_cold_generic_b.cgf
    [-0.90630771046624659, -0.00000000000000003, -0.42261881518281985, 4.35014215110459190]
    [-0.42261881518281708, 0.00000011449657640, 0.90630771046624092, 13.22549544761841389]
    [0.00000004838839939, 1.00000016449853013, -0.00000010376911261, -7.12143562461066892]
  #42 objects/buildingsets/human/lowtech/prop/storage/crate/crate_dry_1_0125x0125x00625_a.cgf
    [-0.74010284275218652, -0.67249481076301720, 0.00000000000000000, 15.98738387660068838]
    [0.67249481076301720, -0.74010284275218652, 0.00000000000000000, -1.81877568448953753]
    [0.00000000000000000, 0.00000000000000000, 1.00000074417625018, -7.21821600000000529]
  #43 objects/buildingsets/human/hightech/prop/storage/box/box_0025x004x0025_a.cgf
    [0.62188298248363438, -0.78311044116277462, 0.00000000000000000, -22.97672334554135887]
    [0.78311044116277462, 0.62188298248363438, 0.00000000000000000, -9.42829568382876460]
    [0.00000000000000000, 0.00000000000000000, 1.00000020348042717, -5.37478700000000487]
  #44 objects/planets/geology/acidic_flowstone_01/acidic_flowstone_01_ldg_c.cgf
    [-0.98480858431016194, -0.17364866315185978, 0.00000000000000000, -5.76103517632691364]
    [0.17364866315185978, -0.98480858431016194, 0.00000000000000000, -29.75231691487761054]
    [0.00000000000000000, 0.00000000000000000, 1.00000090297229938, -7.70842900000000242]
  #45 objects/buildingsets/human/hightech/prop/storage/trolley/trolley_cargo_1_a.cgf
    [0.74628013488280731, -0.66563216063953801, 0.00000000000000000, -20.63855899999998655]
    [0.66563216063953801, 0.74628013488280731, 0.00000000000000000, -7.35780199999999240]
    [0.00000000000000000, 0.00000000000000000, 1.00000010649917481, -3.42225400000000235]
  #46 objects/planets/geology/angular_layered_01/cave/bedrock_square_floor_4_a.cgf
    [-0.44869061728717768, -0.38259315441016334, 0.00000000000000000, -21.39228149938026036]
    [0.38259315441016334, -0.44869061728717768, 0.00000000000000000, -7.82093266626134209]
    [0.00000000000000000, 0.00000000000000000, 0.58966159095117243, -7.44450300000000453]
  #47 objects/buildingsets/human/lowtech/prop/storage/canister/canister_gas_3_a.cgf
    [-0.55124678142250860, -0.83434182672881785, 0.00000000000000000, -21.11466334511533205]
    [0.83434182672881785, -0.55124678142250860, 0.00000000000000000, -6.60359362554390827]
    [0.00000000000000000, 0.00000000000000000, 0.99999964892886628, -7.20123400000000657]
  #48 objects/buildingsets/human/hightech/prop/storage/trolley/trolley_cargo_1_a.cgf
    [-0.96507368488522394, -0.26198005142722758, 0.00000000000000000, 15.91879900000003545]
    [0.26198005142722758, -0.96507368488522394, 0.00000000000000000, -16.41566599999987375]
    [0.00000000000000000, 0.00000000000000000, 1.00000038230180555, -7.18321400000000665]
  #49 objects/buildingsets/human/lowtech/bravo/int/prop/light/light_cold_generic_b.cgf
    [-0.69470323686846325, 0.00000000000000000, 0.71929593772447864, -16.69422527234837617]
    [0.71929593772446188, -0.00000021622831819, 0.69470323686844693, -17.72546317081605594]
    [0.00000015553221044, 0.99999961667113169, 0.00000015021457004, -7.23903562461066485]
  #50 objects/buildingsets/human/hightech/prop/storage/crate/crate_dry_1_0125x0125x0125_a.cgf
    [0.12107440970218855, -0.99264527129908497, 0.00000000000000000, 15.42262100000061764]
    [0.99264527129908497, 0.12107440970218855, 0.00000000000000000, -11.29334699999981240]
    [0.00000000000000000, 0.00000000000000000, 1.00000182365692081, -5.93527200000000477]
  #51 objects/buildingsets/human/lowtech/bravo/int/prop/light/light_cold_generic_b.cgf
    [0.08583158036668641, -0.99619490186216253, 0.01513365048490358, -35.28000368565517419]
    [0.08618630480624094, 0.02255681424175097, 0.99602383558653584, -7.64621210496125059]
    [-0.99257505043044914, -0.08418597090077018, 0.08779442822805945, -7.15547111343200726]
  #52 objects/buildingsets/human/lowtech/bravo/int/prop/light/light_cold_generic_b.cgf
    [-0.08213742940184218, 0.16773102558488279, 0.98240478299728684, -26.74791588060725189]
    [0.99484950258647997, -0.04494344411451018, 0.09085133979752275, -12.24475105621604598]
    [0.05939126032621675, 0.98480749479063912, -0.16317563638452384, -7.18845892048150148]
  #53 objects/planets/geology/acidic_flowstone_01/acidic_flowstone_01_ldg_c.cgf
    [-0.93969341179083532, -0.34201978233938735, 0.00000000000000000, -3.71250962839530985]
    [0.34201978233938735, -0.93969341179083532, 0.00000000000000000, -10.42473962166468482]
    [0.00000000000000000, 0.00000000000000000, 1.00000061983709898, -5.05956700000000126]
  #54 objects/planets/geology/angular_layered_01/cave/bedrock_square_floor_4_a.cgf
    [-0.28820865263625162, 0.51442787945387292, 0.00000000000000000, 14.47678022049512947]
    [-0.51442787945387292, -0.28820865263625162, -0.00000000000000000, -0.18301275825251651]
    [-0.00000000000000000, 0.00000000000000000, 0.58966114897779398, -7.43937900000000241]
  #55 objects/buildingsets/human/hightech/prop/storage/crate/crate_dry_1_0125x0125x0125_stack_a.cgf
    [-0.92227859073231455, 0.38652359793963137, 0.00000000000000000, -11.27164600000014616]
    [-0.38652359793963137, -0.92227859073231455, 0.00000000000000000, -17.53200900000001639]
    [0.00000000000000000, 0.00000000000000000, 0.99999914534332546, -7.16010750659579287]
  #56 objects/buildingsets/human/lowtech/bravo/int/prop/light/light_cold_generic_b.cgf
    [-0.00812514451861661, -0.26654773196246789, 0.96378651121225656, -21.67257780839190673]
    [-0.03595511168707356, -0.96311721026933272, -0.26666574547373895, -9.55751425249718523]
    [0.99931944970194519, -0.03681978342086250, -0.00175828857674704, -3.38039242195056744]
  #57 objects/buildingsets/human/lowtech/prop/storage/box/box_plastic_1_01x005x0025_a.cgf
    [0.67855478911314548, 0.73454997040094439, 0.00000000000000000, -20.59846786583602807]
    [-0.73454997040094439, 0.67855478911314548, -0.00000000000000000, -7.30269515992449669]
    [-0.00000000000000000, 0.00000000000000000, 1.00000013042219815, -2.80281028538132659]
  #58 objects/buildingsets/human/lowtech/prop/storage/crate/crate_dry_1_0125x0125x00625_a.cgf
    [0.76312200309736566, 0.64625475342215011, 0.00000000000000000, 14.54743705885084637]
    [-0.64625475342215011, 0.76312200309736566, -0.00000000000000000, -0.13066361524670356]
    [-0.00000000000000000, 0.00000000000000000, 1.00000019896601011, -5.34783500000000345]
  #59 objects/buildingsets/human/lowtech/prop/storage/bottle/bottle_gas_3_b.cgf
    [-0.30145662112389399, -0.95348019885399227, 0.00013304789614533, -20.84756470353386248]
    [0.95348019781417814, -0.30145663545822959, -0.00010508218762796, -7.91806991441990249]
    [0.00014030191407052, 0.00009518078447632, 1.00000028649186801, -6.58664600000000178]
  #60 objects/buildingsets/human/hightech/prop/storage/crate/crate_dry_1_0125x0125x0125_stack_a.cgf
    [-0.98690569538608908, 0.16129737936320224, 0.00000000000000000, -12.71990499999992608]
    [-0.16129737936320224, -0.98690569538608908, 0.00000000000000000, -17.80166899999994712]
    [0.00000000000000000, 0.00000000000000000, 0.99999984808745657, -7.23953650659579750]
  #61 objects/planets/geology/acidic_flowstone_01/acidic_flowstone_01_ldg_c.cgf
    [-0.78800887677670184, 0.61566290245783584, 0.00000000000000000, 2.96184082468153065]
    [-0.61566290245783584, -0.78800887677670184, 0.00000000000000000, -17.88990321243772996]
    [0.00000000000000000, 0.00000000000000000, 0.99999939967066276, -5.79321800000000309]
  #62 objects/buildingsets/human/hightech/prop/storage/box/box_0025x002x002_a.cgf
    [0.72248054121261751, -0.69139136692442316, 0.00000000000000000, 14.35158441850489908]
    [0.69139136692442316, 0.72248054121261751, 0.00000000000000000, 0.81868333695274487]
    [0.00000000000000000, 0.00000000000000000, 1.00000007734424656, -6.96821600000000529]
  #63 objects/buildingsets/human/lowtech/bravo/int/prop/light/light_cold_floor_b.cgf
    [1.00000000000000000, 0.00000000000000000, 0.00000000000000000, -6.95036999999956606]
    [0.00000000000000000, 1.00000000000000000, 0.00000000000000000, 14.72551900000007663]
    [0.00000000000000000, 0.00000000000000000, 1.00000000000000000, -7.19513900000000461]
  #64 objects/buildingsets/human/lowtech/prop/storage/bottle/bottle_gas_3_a_100.cgf
    [-0.30145662204482782, -0.95348020130648337, 0.00000000000000000, -20.67113836462613108]
    [0.95348020130648337, -0.30145662204482782, 0.00000000000000000, -7.84327904007068355]
    [0.00000000000000000, 0.00000000000000000, 1.00000029462902185, -6.58664600000000178]
  #65 objects/buildingsets/human/lowtech/prop/storage/box/box_fabric_1_005x005x005_b.cgf
    [-0.54069378999621243, -0.84122028507896729, 0.00000000000000000, -20.80250310128667479]
    [0.84122028507896729, -0.54069378999621243, 0.00000000000000000, -7.13061676288361923]
    [0.00000000000000000, 0.00000000000000000, 1.00000067128417847, -3.29725400000000946]
  #66 objects/buildingsets/human/lowtech/prop/storage/crate/crate_dry_1_0125x0125x0125_a.cgf
    [0.69791268828980801, -0.71618303166321429, 0.00000000000000000, 15.19496070668901666]
    [0.71618303166321429, 0.69791268828980801, 0.00000000000000000, -0.81526040125118016]
    [0.00000000000000000, 0.00000000000000000, 1.00000012765910151, -7.21821600000000529]
  #67 objects/buildingsets/human/hightech/prop/storage/box/box_0025x002x002_a.cgf
    [0.62188298248363438, -0.78311044116277462, 0.00000000000000000, -22.88931127887008188]
    [0.78311044116277462, 0.62188298248363438, 0.00000000000000000, -8.88400804228240304]
    [0.00000000000000000, 0.00000000000000000, 1.00000020348042717, -5.37478700000000487]
  #68 objects/buildingsets/human/lowtech/prop/storage/crate/crate_dry_1_0125x0125x00625_a.cgf
    [-0.81458174133498584, -0.58004768454710187, 0.00000000000000000, -21.38565981642295810]
    [0.58004768454710187, -0.81458174133498584, 0.00000000000000000, -8.08757847248307371]
    [0.00000000000000000, 0.00000000000000000, 0.99999936483219443, -5.33085300000000473]
  #69 objects/buildingsets/human/lowtech/prop/storage/box/box_plastic_1_01x005x0025_a.cgf
    [0.24509667447294348, -0.96949878254460164, 0.00000000000000000, 15.85074221901686542]
    [0.96949878254460164, 0.24509667447294348, 0.00000000000000000, -16.41215298613315099]
    [0.00000000000000000, 0.00000000000000000, 1.00000013459657144, -6.56377028538132379]
  #70 objects/buildingsets/human/lowtech/prop/storage/box/box_fabric_1_005x005x005_b.cgf
    [-0.74628117880668854, 0.66563185718881135, 0.00000000000000000, -20.45095479835526930]
    [-0.66563185718881135, -0.74628117880668854, 0.00000000000000000, -7.52475864851203369]
    [0.00000000000000000, 0.00000000000000000, 1.00000068357262983, -3.29725400000000946]
  #71 objects/planets/geology/acidic_flowstone_01/acidic_flowstone_01_ldg_c.cgf
    [0.19080953838655057, 0.98162726231131170, 0.00000000000000000, -2.69060593615358812]
    [-0.98162726231131170, 0.19080953838655057, -0.00000000000000000, -16.12324066724204386]
    [-0.00000000000000000, 0.00000000000000000, 1.00000018102602839, -4.48084200000000266]
  #72 objects/buildingsets/human/lowtech/prop/storage/box/box_fabric_1_005x005x005_b.cgf
    [-0.40972543841630055, 0.91220920755465917, 0.00000000000000000, 15.81792782248612639]
    [-0.91220920755465917, -0.40972543841630055, -0.00000000000000000, -16.67703904911058999]
    [-0.00000000000000000, 0.00000000000000000, 1.00000028661642304, -7.05821400000000665]
  #73 objects/buildingsets/human/lowtech/prop/storage/box/box_fabric_1_005x005x005_b.cgf
    [0.96507324283121210, 0.26198024825959676, 0.00000000000000000, 15.95629051081141370]
    [-0.26198024825959676, 0.96507324283121210, -0.00000000000000000, -16.16734302933718936]
    [-0.00000000000000000, 0.00000000000000000, 1.00000000725345584, -7.05821400000000665]
  #74 objects/buildingsets/human/lowtech/bravo/int/prop/light/light_cold_floor_b.cgf
    [1.00000000000000000, 0.00000000000000000, 0.00000000000000000, 13.54470500000024913]
    [0.00000000000000000, 1.00000000000000000, 0.00000000000000000, 1.49755300000015268]
    [0.00000000000000000, 0.00000000000000000, 1.00000000000000000, -7.18749800000000505]
  #75 objects/buildingsets/human/lowtech/bravo/int/prop/light/light_cold_floor_b.cgf
    [-0.55387650399919863, 0.83259865537676880, 0.00000000000000000, -22.08029499999975087]
    [-0.83259865537676880, -0.55387650399919863, 0.00000000000000000, -21.09619699999984732]
    [0.00000000000000000, 0.00000000000000000, 0.99999985130877755, -7.18749800000000505]
  #76 objects/planets/geology/acidic_flowstone_01/acidic_flowstone_01_ldg_c.cgf
    [-0.06975438048335603, 0.99756409822742198, 0.00000000000000000, -4.29179932398801611]
    [-0.99756409822742198, -0.06975438048335603, -0.00000000000000000, -13.22820794565313918]
    [-0.00000000000000000, 0.00000000000000000, 0.99999990183444831, -5.05956700000000126]
  #77 objects/buildingsets/human/lowtech/bravo/int/prop/light/light_cold_floor_b.cgf
    [0.90630744181578127, 0.42261902736975804, 0.00000000000000000, -16.70881199999985256]
    [-0.42261902736975804, 0.90630744181578127, -0.00000000000000000, -5.47977700000001278]
    [-0.00000000000000000, 0.00000000000000000, 1.00000001069281286, -7.17623700000000753]
  #78 objects/buildingsets/human/hightech/prop/storage/crate/crate_dry_1_0125x0125x0125_stack_a.cgf
    [0.12107440970218855, -0.99264527129908497, 0.00000000000000000, 15.42262100000061764]
    [0.99264527129908497, 0.12107440970218855, 0.00000000000000000, -11.29334699999981240]
    [0.00000000000000000, 0.00000000000000000, 1.00000182365692081, -5.92646048873879039]
  #79 objects/buildingsets/human/lowtech/prop/storage/crate/crate_dry_1_0125x0125x00625_a.cgf
    [0.59417417674157846, -0.80433685638986496, 0.00000000000000000, -22.28768153253804485]
    [0.80433685638986496, 0.59417417674157846, 0.00000000000000000, -9.11058590310722138]
    [0.00000000000000000, 0.00000000000000000, 1.00000036542676463, -4.71626600000000451]
  #80 objects/planets/geology/acidic_flowstone_01/acidic_flowstone_01_ldg_c.cgf
    [-0.06975438048335603, 0.99756409822742198, 0.00000000000000000, -3.97853432398824225]
    [-0.99756409822742198, -0.06975438048335603, -0.00000000000000000, -11.67341294565312637]
    [-0.00000000000000000, 0.00000000000000000, 0.99999990183444831, -4.42505100000000340]
  #81 objects/buildingsets/human/lowtech/prop/storage/crate/crate_dry_1_0125x0125x00625_a.cgf
    [-0.62188672816395751, 0.78310841307781642, 0.00000000000000000, -20.72785890152681532]
    [-0.78310841307781642, -0.62188672816395751, 0.00000000000000000, -7.51778116354080339]
    [0.00000000000000000, 0.00000000000000000, 1.00000094464941780, -7.20123400000000657]
  #82 objects/buildingsets/human/lowtech/bravo/int/prop/light/light_cold_floor_b.cgf
    [-0.97964410772270749, -0.20074256018966408, 0.00000000000000000, 12.46615000000019791]
    [0.20074256018966408, -0.97964410772270749, 0.00000000000000000, -18.15895399999999427]
    [0.00000000000000000, 0.00000000000000000, 1.00000007663365786, -7.17822300000000268]
  #83 objects/planets/geology/acidic_flowstone_01/acidic_flowstone_01_ldg_c.cgf
    [-0.98480858431016194, -0.17364866315185978, 0.00000000000000000, -0.23246317632765567]
    [0.17364866315185978, -0.98480858431016194, 0.00000000000000000, -26.85670791487746101]
    [0.00000000000000000, 0.00000000000000000, 1.00000090297229938, -7.60455600000000231]
  #84 objects/buildingsets/human/lowtech/charlie/int/prop/uee_lawless_prop_scaffold_mid_01.cgf
    [-0.62188438878780472, 0.78311017908626313, 0.00000000000000000, -21.63329081692609179]
    [-0.78311017908626313, -0.62188438878780472, 0.00000000000000000, -8.37913851098801388]
    [0.00000000000000000, 0.00000000000000000, 1.00000087280286931, -7.20123400000000657]
  #85 objects/buildingsets/human/lowtech/bravo/int/prop/light/light_cold_floor_b.cgf
    [1.00000000000000000, 0.00000000000000000, 0.00000000000000000, -13.85661999999956606]
    [0.00000000000000000, 1.00000000000000000, 0.00000000000000000, 7.35051900000007663]
    [0.00000000000000000, 0.00000000000000000, 1.00000000000000000, -7.19513900000000461]
  #86 objects/buildingsets/human/lowtech/bravo/int/prop/light/light_cold_floor_b.cgf
    [1.00000000000000000, 0.00000000000000000, 0.00000000000000000, -1.60450499999933527]
    [0.00000000000000000, 1.00000000000000000, 0.00000000000000000, -17.09267299999964962]
    [0.00000000000000000, 0.00000000000000000, 1.00000000000000000, -3.61940900000000454]
  #87 objects/buildingsets/human/lowtech/bravo/int/prop/light/light_cold_generic_b.cgf
    [0.18699913885500880, 0.94503006274295431, -0.26823200234677030, -13.99246208886688692]
    [0.12034742971198673, -0.29303026815024663, -0.94849810891373831, -18.19316530354808492]
    [-0.97495985698521370, 0.14508737699492408, -0.16852843916540977, -7.19268829141661570]
  #88 objects/buildingsets/human/lowtech/bravo/int/prop/light/light_cold_floor_b.cgf
    [1.00000000000000000, 0.00000000000000000, 0.00000000000000000, 12.71209100000032777]
    [0.00000000000000000, 1.00000000000000000, 0.00000000000000000, 8.90904500000033295]
    [0.00000000000000000, 0.00000000000000000, 1.00000000000000000, -7.17510400000000459]
  #89 objects/planets/geology/angular_layered_01/cave/bedrock_square_floor_4_a.cgf
    [0.53242372369865132, 0.25342670593942818, 0.00000000000000000, -22.25974504222813266]
    [-0.25342670593942818, 0.53242372369865132, -0.00000000000000000, -9.13363149821316256]
    [-0.00000000000000000, 0.00000000000000000, 0.58966101858648179, -7.42239700000000369]
  #90 objects/buildingsets/human/lowtech/bravo/int/prop/light/light_cold_generic_b.cgf
    [0.11637203960767650, 0.11572263722087764, -0.98644059815329921, -30.60968799200509238]
    [-0.99107276242289499, -0.05151946982619739, -0.12296242460656048, -16.94743488521498875]
    [-0.06505045759905070, 0.99194417661293688, 0.10869416958917989, -7.12348396690872221]
  #91 objects/buildingsets/human/lowtech/prop/storage/crate/crate_dry_1_0125x0125x0125_a.cgf
    [-0.76092978108479259, -0.64883577684338944, 0.00000000000000000, -21.67656244656336639]
    [0.64883577684338944, -0.76092978108479259, 0.00000000000000000, -8.37506770038726245]
    [0.00000000000000000, 0.00000000000000000, 1.00000099852635915, -7.20123400000000657]
  #92 objects/buildingsets/human/hightech/prop/storage/box/box_0025x002x002_a.cgf
    [-0.73782326340612703, -0.67499486824238497, 0.00000000000000000, -23.25092219676480454]
    [0.67499486824238497, -0.73782326340612703, 0.00000000000000000, -9.32504117384996789]
    [0.00000000000000000, 0.00000000000000000, 1.00000062008821855, -6.95123400000000657]
  #93 objects/buildingsets/human/lowtech/prop/storage/crate/crate_dry_1_0125x0125x00625_a.cgf
    [0.59417417674157846, -0.80433685638986496, 0.00000000000000000, -22.31666876741110173]
    [0.80433685638986496, 0.59417417674157846, 0.00000000000000000, -9.06660525816414520]
    [0.00000000000000000, 0.00000000000000000, 1.00000036542676463, -5.33085300000000473]
  #94 objects/buildingsets/human/lowtech/bravo/int/prop/light/light_cold_floor_b.cgf
    [1.00000000000000000, 0.00000000000000000, 0.00000000000000000, -5.35430099999939557]
    [0.00000000000000000, 1.00000000000000000, 0.00000000000000000, -8.45869099999981700]
    [0.00000000000000000, 0.00000000000000000, 1.00000000000000000, -7.19199700000000774]
  #95 objects/planets/geology/angular_layered_01/cave/bedrock_square_floor_4_a.cgf
    [0.41153189519653272, -0.42230520417988676, 0.00000000000000000, 15.72900363905318954]
    [0.42230520417988676, 0.41153189519653272, 0.00000000000000000, -1.13569627664719519]
    [0.00000000000000000, 0.00000000000000000, 0.58966107743471241, -7.46148500000000325]
  #96 objects/buildingsets/human/lowtech/prop/storage/canister/canister_gas_3_a.cgf
    [0.00907255269129371, -0.04472397518635585, 0.99895772385832160, 16.53421348186475370]
    [0.07799460805564515, -0.99592376625988499, -0.04529649145327428, -1.15266898052686884]
    [0.99691203680511076, 0.07832430700146976, -0.00554734448448266, -7.09883800000000065]
  #97 objects/buildingsets/human/lowtech/prop/storage/canister/canister_gas_3_a.cgf
    [0.86909226360306280, -0.49464991778305739, 0.00000000000000000, 16.92522995502531558]
    [0.49464991778305739, 0.86909226360306280, 0.00000000000000000, -1.49350574904428868]
    [0.00000000000000000, 0.00000000000000000, 0.99999995190873936, -7.21821600000000529]
  #98 objects/buildingsets/human/lowtech/charlie/int/prop/uee_lawless_prop_scaffold_mid_01.cgf
    [-0.74010482971546065, -0.67249268244163762, 0.00000000000000000, 15.18802662132475234]
    [0.67249268244163762, -0.74010482971546065, 0.00000000000000000, -0.85816637382504268]
    [0.00000000000000000, 0.00000000000000000, 1.00000078345254351, -7.21821600000000529]
  #99 data/objects/buildingsets/human/colonialism/props/furniture/table/table_workshop_2_a.cgf
    [0.96292810322280420, -0.26975442000390443, 0.00000000000000000, 14.24808300000040617]
    [0.26975442000390443, 0.96292810322280420, 0.00000000000000000, -17.26138300000002346]
    [0.00000000000000000, 0.00000000000000000, 0.99999898954344468, -7.17657800000000634]
  #100 objects/planets/geology/acidic_flowstone_01/acidic_flowstone_01_stm_d.cgf
    [0.30901759415389191, -0.95105618736305075, 0.00000000000000000, 3.41020900000057736]
    [0.95105618736305075, 0.30901759415389191, 0.00000000000000000, -9.21285699999998542]
    [0.00000000000000000, 0.00000000000000000, 0.99999987250909284, -5.34354000000000440]
  #101 objects/planets/geology/acidic_flowstone_01/acidic_flowstone_01_plr_a.cgf
    [-0.27563570223041295, -0.96126249641126249, 0.00000000000000000, -34.47160999999960040]
    [0.96126249641126249, -0.27563570223041295, 0.00000000000000000, -8.91751899999962916]
    [0.00000000000000000, 0.00000000000000000, 1.00000031367538345, -1.17547500000000582]
  #102 objects/planets/geology/acidic_flowstone_01/acidic_flowstone_01_stt_e.cgf
    [-1.49908942776566190, -0.05235708797433523, 0.00000000000000000, -9.21398499999941123]
    [0.05235708797433523, -1.49908942776566190, 0.00000000000000000, -26.77532299999984389]
    [0.00000000000000000, 0.00000000000000000, 1.50000345902932186, 14.19047199999999975]
  #103 objects/planets/geology/acidic_flowstone_01/acidic_flowstone_01_pil_a.cgf
    [-0.35836724903317446, -0.93358126790787221, 0.00000000000000000, 12.45792900000014924]
    [0.93358126790787221, -0.35836724903317446, 0.00000000000000000, 48.18777799999998024]
    [0.00000000000000000, 0.00000000000000000, 1.00000053448389514, -7.48317600000000738]
  #104 objects/planets/geology/acidic_flowstone_01/acidic_flowstone_01_pil_b.cgf
    [-0.94552145900775364, 0.32556953724142756, 0.00000000000000000, 51.13645200000064506]
    [-0.32556953724142756, -0.94552145900775364, 0.00000000000000000, -15.29067499999973734]
    [0.00000000000000000, 0.00000000000000000, 1.00000317650682935, -7.23631300000000266]
  #105 data/objects/buildingsets/human/lowtech/prop/storage/drum/drum_dry_1_a.cgf
    [0.95985921869037394, 0.28048223932471689, 0.00000000000000000, -15.90173299999969458]
    [-0.28048223932471689, 0.95985921869037394, -0.00000000000000000, -1.39936299999999392]
    [-0.00000000000000000, 0.00000000000000000, 1.00000000314075144, -7.19303500000000184]
  #106 data/objects/buildingsets/human/lowtech/prop/storage/drum/drum_dry_1_a.cgf
    [0.95985921869037394, 0.28048223932471689, 0.00000000000000000, -11.38444699999945442]
    [-0.28048223932471689, 0.95985921869037394, -0.00000000000000000, 13.70045900000013717]
    [-0.00000000000000000, 0.00000000000000000, 1.00000000314075144, -7.22847500000000309]
  #107 objects/buildingsets/human/hightech/prop/storage/crate/crate_dry_1_0125x0125x0125_b.cgf
    [0.00377736984023532, 0.99999286077764304, 0.00000000000000000, -12.71583099999952537]
    [-0.99999286077764304, 0.00377736984023532, -0.00000000000000000, 7.08584700000028533]
    [-0.00000000000000000, 0.00000000000000000, 0.99999999506458226, -7.14686000000000377]
  #108 objects/planets/geology/acidic_flowstone_01/acidic_flowstone_01_pil_d.cgf
    [-0.99939169464701283, 0.03489668070320272, 0.00000000000000000, -13.90349699999933364]
    [-0.03489668070320272, -0.99939169464701283, 0.00000000000000000, -27.69130999999970300]
    [0.00000000000000000, 0.00000000000000000, 1.00000076882646893, -8.01286500000000501]
  #109 data/objects/planets/geology/acidic_flowstone_01/acidic_flowstone_01_stt_d.cgf
    [-0.34201990533557569, 0.93969323571824537, 0.00000000000000000, 13.98733700000047975]
    [-0.93969323571824537, -0.34201990533557569, -0.00000000000000000, 17.15347000000019762]
    [-0.00000000000000000, 0.00000000000000000, 1.00000049645006750, 0.80560899999998981]
  #110 data/objects/buildingsets/human/lowtech/prop/storage/drum/drum_dry_1_a.cgf
    [0.45478751843797971, -0.07587854254243456, -0.88736090151198432, -16.76974199999949633]
    [0.71103195175379263, -0.56903578266441135, 0.41307438955979203, -1.23086599999987811]
    [-0.53628396054302996, -0.81880359947098325, -0.20483844569598017, -6.92563900000000388]
  #111 objects/planets/geology/acidic_flowstone_01/acidic_flowstone_01_stt_d.cgf
    [-0.97437062200550739, 0.22494866997073187, 0.00000000000000000, 53.75245799999993324]
    [-0.22494866997073187, -0.97437062200550739, 0.00000000000000000, -14.29646299999967596]
    [0.00000000000000000, 0.00000000000000000, 1.00000000657450050, -1.34093100000001186]
  #112 objects/planets/geology/acidic_flowstone_01/acidic_flowstone_01_stt_f.cgf
    [0.75471168392433119, -0.65605953023891173, 0.00000000000000000, -14.92758199999934732]
    [0.65605953023891173, 0.75471168392433119, 0.00000000000000000, 4.42428999999992811]
    [0.00000000000000000, 0.00000000000000000, 1.00000191653276405, 3.81400999999999613]
  #113 objects/planets/geology/acidic_flowstone_01/acidic_flowstone_01_stt_b.cgf
    [0.61566282454646171, -0.78800864615411381, 0.00000000000000000, 3.36772300000029645]
    [0.78800864615411381, 0.61566282454646171, 0.00000000000000000, 14.89129000000002634]
    [0.00000000000000000, 0.00000000000000000, 0.99999916997073879, 2.67018999999999096]
  #114 objects/planets/geology/acidic_flowstone_01/acidic_flowstone_01_stm_b.cgf
    [-0.68404013684675091, -1.87938736759779523, 0.00000000000000000, -16.66593999999986409]
    [1.87938736759779523, -0.68404013684675091, 0.00000000000000000, -26.43449199999986376]
    [0.00000000000000000, 0.00000000000000000, 2.00000194657492525, -7.34246400000000676]
  #115 data/objects/planets/geology/acidic_flowstone_01/acidic_flowstone_01_stm_c.cgf
    [-1.86716249790323929, -0.71673812275908888, 0.00000000000000000, 15.16179400000055466]
    [0.71673812275908888, -1.86716249790323929, 0.00000000000000000, -19.86609999999973297]
    [0.00000000000000000, 0.00000000000000000, 2.00000233254676152, -7.81663300000000305]
  #116 objects/buildingsets/human/lowtech/prop/storage/pallet/pallet_shipping_1_025x0125x0025_a.cgf
    [0.21180472182099877, -0.97731178014441944, 0.00000000000000000, -2.69920699999966018]
    [0.97731178014441944, 0.21180472182099877, 0.00000000000000000, -12.22096499999997832]
    [0.00000000000000000, 0.00000000000000000, 0.99999977789733774, -3.87310400000000499]
  #117 objects/planets/geology/acidic_flowstone_01/acidic_flowstone_01_stt_a.cgf
    [-0.29237535513511947, 0.95630332392673145, 0.00000000000000000, 11.43946400000004360]
    [-0.95630332392673145, -0.29237535513511947, -0.00000000000000000, 39.52483500000016647]
    [-0.00000000000000000, 0.00000000000000000, 0.99999969782180553, 4.24765999999999622]
  #118 objects/planets/geology/acidic_flowstone_01/acidic_flowstone_01_pil_c.cgf
    [-0.99862762270632532, -0.05233401507610473, 0.00000000000000000, 36.33317900000020018]
    [0.05233401507610473, -0.99862762270632532, 0.00000000000000000, -13.80059899999969275]
    [0.00000000000000000, 0.00000000000000000, 0.99999798898101411, -7.31615300000000701]
  #119 objects/planets/geology/acidic_flowstone_01/acidic_flowstone_01_stt_f.cgf
    [0.27563015784309031, 0.96126354443908091, 0.00000000000000000, 20.63133400000060647]
    [-0.96126354443908091, 0.27563015784309031, -0.00000000000000000, -4.15492700000004334]
    [-0.00000000000000000, 0.00000000000000000, 0.99999979289007435, -4.34132000000000318]
  #120 data/objects/buildingsets/human/lowtech/prop/storage/drum/drum_dry_1_a.cgf
    [0.95985921869037394, 0.28048223932471689, 0.00000000000000000, -15.69998599999962607]
    [-0.28048223932471689, 0.95985921869037394, -0.00000000000000000, -0.87400099999968006]
    [-0.00000000000000000, 0.00000000000000000, 1.00000000314075144, -7.19303500000000184]
  #121 objects/planets/geology/acidic_flowstone_01/acidic_flowstone_01_pil_d.cgf
    [-0.49999742162188171, 0.86602485682388475, 0.00000000000000000, 28.41423000000031607]
    [-0.86602485682388475, -0.49999742162188171, -0.00000000000000000, -18.46949300000005678]
    [-0.00000000000000000, 0.00000000000000000, 0.99999823713112634, -7.51101400000000297]
  #122 objects/planets/geology/acidic_flowstone_01/acidic_flowstone_01_stm_d.cgf
    [-1.29903881850519709, 0.74999989632480579, 0.00000000000000000, 12.79405300000053103]
    [-0.74999989632480579, -1.29903881850519709, 0.00000000000000000, -19.98301700000001802]
    [0.00000000000000000, 0.00000000000000000, 1.50000056549009253, -7.71273600000000670]
  #123 objects/planets/geology/acidic_flowstone_01/acidic_flowstone_01_stt_h.cgf
    [0.37461308573962354, -0.92718156195439572, 0.00000000000000000, -33.01315699999940989]
    [0.92718156195439572, 0.37461308573962354, 0.00000000000000000, -14.84021399999983259]
    [0.00000000000000000, 0.00000000000000000, 1.00000030641773074, -0.70436800000000233]
  #124 objects/planets/geology/acidic_flowstone_01/acidic_flowstone_01_pil_d.cgf
    [0.87461967671072471, 0.48480979335232016, 0.00000000000000000, -45.00684300000011717]
    [-0.48480979335232016, 0.87461967671072471, -0.00000000000000000, -2.98636599999963437]
    [-0.00000000000000000, 0.00000000000000000, 1.00000005730994435, -7.36795600000000661]
  #125 objects/buildingsets/human/lowtech/alpha/ext/prop/shipping_container_1_025x025x025_a.cgf
    [0.86602542443567943, 0.50000001836480490, 0.00000000000000000, 8.27217300000029354]
    [-0.50000001836480490, 0.86602542443567943, -0.00000000000000000, 7.90192000000024564]
    [-0.00000000000000000, 0.00000000000000000, 1.00000002706690161, -7.18258300000000816]
  #126 objects/planets/geology/acidic_flowstone_01/acidic_flowstone_01_plr_b.cgf
    [0.57358127641005208, -0.81914854136459514, 0.00000000000000000, -44.88619500000004336]
    [0.81914854136459514, 0.57358127641005208, 0.00000000000000000, -5.08139499999970212]
    [0.00000000000000000, 0.00000000000000000, 0.99999990673395966, -4.13310000000000599]
  #127 objects/buildingsets/human/hightech/prop/storage/crate/crate_dry_1_0125x0125x0125_b.cgf
    [-0.93940570936420253, 0.34280975067764846, 0.00000000000000000, 19.21175899999980174]
    [-0.34280975067764846, -0.93940570936420253, 0.00000000000000000, -5.85580200000003970]
    [0.00000000000000000, 0.00000000000000000, 1.00000080597254093, -7.18526800000000776]
  #128 data/objects/planets/geology/acidic_flowstone_01/acidic_flowstone_01_plr_a.cgf
    [1.32442119627810628, -0.70420786516727729, 0.00000000000000000, 8.24358399999982794]
    [0.70420786516727729, 1.32442119627810628, 0.00000000000000000, 42.51368800000000192]
    [0.00000000000000000, 0.00000000000000000, 1.50000007417139303, -7.28140000000000498]
  #129 objects/planets/geology/acidic_flowstone_01/acidic_flowstone_01_pil_d.cgf
    [-0.78800887677670184, -0.61566290245783584, 0.00000000000000000, -30.30186899999989691]
    [0.61566290245783584, -0.78800887677670184, 0.00000000000000000, -9.91363899999987552]
    [0.00000000000000000, 0.00000000000000000, 0.99999939967066276, -7.37768600000000419]
  #130 objects/buildingsets/human/lowtech/alpha/ext/prop/shipping_container_1_025x025x025_b.cgf
    [0.81553363646174326, -0.61262136583331828, 0.00000000000000000, -7.79310900000018592]
    [0.61262136583331828, 0.81553363646174326, 0.00000000000000000, -14.32221699999990960]
    [0.00000000000000000, 0.00000000000000000, 1.02000002454705618, -7.29307700000000381]
  #131 objects/planets/geology/acidic_flowstone_01/acidic_flowstone_01_pil_b.cgf
    [0.74314616827502500, 0.66912921159441119, 0.00000000000000000, 25.58950900000036199]
    [-0.66912921159441119, 0.74314616827502500, -0.00000000000000000, -6.08979799999997340]
    [-0.00000000000000000, 0.00000000000000000, 1.00000006461540303, -7.31448900000000179]
  #132 objects/planets/geology/acidic_flowstone_01/acidic_flowstone_01_pil_b.cgf
    [0.97814821500703109, 0.20790879055490580, 0.00000000000000000, 48.27515700000003562]
    [-0.20790879055490580, 0.97814821500703109, -0.00000000000000000, -9.53212600000006205]
    [-0.00000000000000000, 0.00000000000000000, 0.99999999785572236, -7.31750500000000415]
  #133 objects/buildingsets/human/lowtech/prop/storage/cargo/cargo_multipurpose_1_025x0125x0125_a.cgf
    [0.59343962187554045, -0.80487873312526292, 0.00000000000000000, -4.91616199999953096]
    [0.80487873312526292, 0.59343962187554045, 0.00000000000000000, -3.85921199999984310]
    [0.00000000000000000, 0.00000000000000000, 1.00000017992454016, -7.18133900000000835]
  #134 objects/planets/geology/acidic_flowstone_01/acidic_flowstone_01_stm_c.cgf
    [-1.18201951673225802, -0.92349302912615139, 0.00000000000000000, 13.87193600000045990]
    [0.92349302912615139, -1.18201951673225802, 0.00000000000000000, 6.00983900000028370]
    [0.00000000000000000, 0.00000000000000000, 1.50000317092350000, -7.62373400000000601]
  #135 objects/planets/geology/acidic_flowstone_01/acidic_flowstone_01_stt_f.cgf
    [0.94551962760941510, -0.32556512456144832, 0.00000000000000000, -4.39059699999961595]
    [0.32556512456144832, 0.94551962760941510, 0.00000000000000000, 10.83617600000025050]
    [0.00000000000000000, 0.00000000000000000, 1.00000000826267921, 0.30290499999999554]
  #136 objects/buildingsets/human/lowtech/prop/storage/pallet/pallet_shipping_1_025x0125x0025_a.cgf
    [0.98737030633755418, -0.15842945268928960, 0.00000000000000000, -18.05830299999979616]
    [0.15842945268928960, 0.98737030633755418, 0.00000000000000000, -17.43948999999975058]
    [0.00000000000000000, 0.00000000000000000, 1.00000000665827171, -7.35759300000000849]
  #137 data/objects/buildingsets/human/colonialism/col_a/ext/addons/col_a_greenhouse_cover_b.cgf
    [0.70748236441710333, 0.70673092535731974, 0.00000000000000000, -1.64592799999991257]
    [-0.70673092535731974, 0.70748236441710333, -0.00000000000000000, -5.36455099999966478]
    [-0.00000000000000000, 0.00000000000000000, 0.99999994840881290, -7.19490200000000613]
  #138 objects/buildingsets/human/lowtech/prop/utilitarian/improvised/improvised_counter_1_h.cgf
    [0.01089851512845866, -0.99994104984257548, 0.00000000000000000, -14.36879299999964132]
    [0.99994104984257548, 0.01089851512845866, 0.00000000000000000, 9.02475100000037855]
    [0.00000000000000000, 0.00000000000000000, 1.00000044039604163, -7.14445600000000525]
  #139 objects/planets/geology/acidic_flowstone_01/acidic_flowstone_01_pil_d.cgf
    [-0.57357592069795593, 0.81914957066399863, 0.00000000000000000, 11.02663699999993696]
    [-0.81914957066399863, -0.57357592069795593, 0.00000000000000000, 51.38153200000033394]
    [0.00000000000000000, 0.00000000000000000, 0.99999767795906469, -7.58207500000000323]
  #140 data/objects/buildingsets/human/lowtech/prop/storage/drum/drum_dry_1_a.cgf
    [-0.09977504451805837, -0.99500977532102430, 0.00000000000000000, 17.30679800000052637]
    [0.99500977532102430, -0.09977504451805837, 0.00000000000000000, -17.96420999999963897]
    [0.00000000000000000, 0.00000000000000000, 0.99999975624645820, -7.17864100000000604]
  #141 objects/planets/geology/acidic_flowstone_01/acidic_flowstone_01_plr_d.cgf
    [-1.24355907538012911, 0.83879118982490575, 0.00000000000000000, -0.78245400000014342]
    [-0.83879118982490575, -1.24355907538012911, 0.00000000000000000, -18.28644600000006903]
    [0.00000000000000000, 0.00000000000000000, 1.50000327802580591, -5.24861600000000550]
  #142 objects/planets/geology/acidic_flowstone_01/acidic_flowstone_01_plr_a.cgf
    [0.38240382570562115, -0.92399565032516173, 0.00000000000000000, 11.92846499999996013]
    [0.92399565032516173, 0.38240382570562115, 0.00000000000000000, 38.63652500000034706]
    [0.00000000000000000, 0.00000000000000000, 1.00000032386700433, 2.54621799999999610]
  #143 objects/planets/geology/acidic_flowstone_01/acidic_flowstone_01_pil_b.cgf
    [0.51503724874380818, -0.85716751434818494, 0.00000000000000000, 34.24621999999999389]
    [0.85716751434818494, 0.51503724874380818, 0.00000000000000000, -12.83933699999988676]
    [0.00000000000000000, 0.00000000000000000, 0.99999975762368920, -7.29388200000000353]
  #144 objects/planets/geology/acidic_flowstone_01/acidic_flowstone_01_stm_d.cgf
    [-1.44889004299152258, -0.38823116061195767, 0.00000000000000000, -37.44681200000013632]
    [0.38823116061195767, -1.44889004299152258, 0.00000000000000000, -17.32670299999972485]
    [0.00000000000000000, 0.00000000000000000, 1.50000193024878592, -6.71090500000000389]
  #145 data/objects/buildingsets/human/colonialism/ruin/structure/col_a_structural_addon_wall_2m_a.cgf
    [0.17376628231826194, -0.00000092104422321, -0.98478693093534042, -2.04206199999953242]
    [0.98478693093534209, 0.00000109592733103, 0.17376628231723731, -12.24145799999996598]
    [0.00000091920847319, -1.00000001010527795, 0.00000109746752063, -3.63903700000000185]
  #146 objects/planets/geology/acidic_flowstone_01/acidic_flowstone_01_stt_b.cgf
    [-0.94397888630020832, 1.16571794899136738, 0.00000000000000000, -2.01038699999935488]
    [-1.16571794899136738, -0.94397888630020832, 0.00000000000000000, -12.47458899999992354]
    [0.00000000000000000, 0.00000000000000000, 1.49999815812594273, 6.68979699999999866]
  #147 objects/planets/geology/acidic_flowstone_01/acidic_flowstone_01_stm_c.cgf
    [0.99939092511806371, -0.03489669411385950, 0.00000000000000000, -5.21064099999966857]
    [0.03489669411385950, 0.99939092511806371, 0.00000000000000000, -13.38144699999975273]
    [0.00000000000000000, 0.00000000000000000, 1.00000000023420776, -7.55120700000000511]
  #148 objects/planets/geology/acidic_flowstone_01/acidic_flowstone_01_plr_c.cgf
    [0.86602649374253260, -0.49999807257162537, 0.00000000000000000, -36.26452900000003865]
    [0.49999807257162537, 0.86602649374253260, 0.00000000000000000, -18.69625099999984741]
    [0.00000000000000000, 0.00000000000000000, 0.99999998021966241, -5.67292200000000690]
  #149 data/objects/buildingsets/human/lowtech/prop/storage/drum/drum_dry_1_a.cgf
    [0.32796078767144249, -0.94469137528423364, 0.00000000000000000, -7.83963799999946787]
    [0.94469137528423364, 0.32796078767144249, 0.00000000000000000, 7.91911500000014712]
    [0.00000000000000000, 0.00000000000000000, 1.00000003639324420, -7.19303500000000184]
  #150 objects/planets/geology/acidic_flowstone_01/acidic_flowstone_01_pil_b.cgf
    [-0.94552145900775364, 0.32556953724142756, 0.00000000000000000, 52.93543300000055751]
    [-0.32556953724142756, -0.94552145900775364, 0.00000000000000000, -14.83645299999989220]
    [0.00000000000000000, 0.00000000000000000, 1.00000317650682935, -7.43958100000000400]
  #151 data/objects/planets/geology/acidic_flowstone_01/acidic_flowstone_01_pil_a.cgf
    [-0.13917438964104123, -0.99026839284463553, 0.00000000000000000, 8.40577600000051461]
    [0.99026839284463553, -0.13917438964104123, 0.00000000000000000, 18.80599600000005012]
    [0.00000000000000000, 0.00000000000000000, 1.00000050029940168, -7.34593600000000180]
  #152 objects/planets/geology/acidic_flowstone_01/acidic_flowstone_01_pil_d.cgf
    [-0.99939169464701283, 0.03489668070320272, 0.00000000000000000, -17.78976899999997840]
    [-0.03489668070320272, -0.99939169464701283, 0.00000000000000000, -25.87232799999992494]
    [0.00000000000000000, 0.00000000000000000, 1.00000076882646893, -8.01286500000000501]
  #153 data/objects/planets/geology/acidic_flowstone_01/acidic_flowstone_01_plr_a.cgf
    [0.35836777657587449, 0.93357806665228116, 0.00000000000000000, 10.98061800000050425]
    [-0.93357806665228116, 0.35836777657587449, -0.00000000000000000, 51.55863500000032218]
    [-0.00000000000000000, 0.00000000000000000, 0.99999773490850818, -6.77028100000000421]
  #154 objects/planets/geology/acidic_flowstone_01/acidic_flowstone_01_pil_c.cgf
    [-0.22495045995370155, -0.97437036323603787, 0.00000000000000000, -45.65605799999957526]
    [0.97437036323603787, -0.22495045995370155, 0.00000000000000000, -8.96391499999981534]
    [0.00000000000000000, 0.00000000000000000, 1.00000015709304257, -7.34745000000000203]
  #155 objects/planets/geology/acidic_flowstone_01/acidic_flowstone_01_stt_e.cgf
    [2.98356628131120249, -0.31357981098995252, 0.00000000000000000, -7.33311700000012934]
    [0.31357981098995252, 2.98356628131120249, 0.00000000000000000, -7.58765899999980320]
    [0.00000000000000000, 0.00000000000000000, 3.00000000880627526, 33.69489699999999743]
  #156 objects/planets/geology/acidic_flowstone_01/acidic_flowstone_01_stt_b.cgf
    [-1.16570945487703992, -0.94398710288271193, 0.00000000000000000, 4.20829099999991740]
    [0.94398710288271193, -1.16570945487703992, 0.00000000000000000, -28.81859899999972185]
    [0.00000000000000000, 0.00000000000000000, 1.49999672786263782, 7.79546999999999457]
  #157 objects/buildingsets/human/hightech/prop/maintenance/hose/hose_floor_1_a.cgf
    [0.98164665330311740, -0.04964531240284088, 0.18412928986475000, 7.30298099999981787]
    [-0.07200595177572539, -0.99053933741719802, 0.11681339096547701, -23.82358799999974508]
    [0.17658820837911202, -0.12792798113159534, -0.97593516212704046, -7.41949600000000231]
  #158 data/objects/planets/geology/acidic_flowstone_01/acidic_flowstone_01_plr_a.cgf
    [-0.32556911225902629, -0.94551580714140859, 0.00000000000000000, 18.51236100000005536]
    [0.94551580714140859, -0.32556911225902629, 0.00000000000000000, 31.75167700000019977]
    [0.00000000000000000, 0.00000000000000000, 0.99999769420304163, -5.12131600000000731]
  #159 objects/planets/geology/acidic_flowstone_01/acidic_flowstone_01_plr_d.cgf
    [0.72721554884061446, 1.31192858255603606, 0.00000000000000000, 4.58065200000055484]
    [-1.31192858255603606, 0.72721554884061446, -0.00000000000000000, 16.49956800000018120]
    [-0.00000000000000000, 0.00000000000000000, 1.49999968673431594, -5.27564100000000735]
  #160 objects/planets/geology/acidic_flowstone_01/acidic_flowstone_01_pil_b.cgf
    [-0.57357592069795593, 0.81914957066399863, 0.00000000000000000, 5.46560300000055577]
    [-0.81914957066399863, -0.57357592069795593, 0.00000000000000000, 52.99849200000016936]
    [0.00000000000000000, 0.00000000000000000, 0.99999767795906469, -7.47335800000000461]
  #161 objects/planets/geology/acidic_flowstone_01/acidic_flowstone_01_stm_a.cgf
    [-0.46947068168617168, 0.88294742968892082, 0.00000000000000000, 3.72740500000054453]
    [-0.88294742968892082, -0.46947068168617168, -0.00000000000000000, -8.46048799999971379]
    [-0.00000000000000000, 0.00000000000000000, 0.99999944227841964, -6.28493700000000644]
  #162 objects/planets/geology/acidic_flowstone_01/acidic_flowstone_01_stm_c.cgf
    [0.13917058905450025, 0.99026864235303358, 0.00000000000000000, -4.60366699999940465]
    [-0.99026864235303358, 0.13917058905450025, -0.00000000000000000, -14.96273999999993976]
    [-0.00000000000000000, 0.00000000000000000, 1.00000021844272480, -7.55120700000000511]
  #163 objects/planets/geology/acidic_flowstone_01/acidic_flowstone_01_pil_a.cgf
    [1.00000000000000000, 0.00000000000000000, 0.00000000000000000, 46.30668599999989965]
    [0.00000000000000000, 1.00000000000000000, 0.00000000000000000, -16.59282399999983681]
    [0.00000000000000000, 0.00000000000000000, 1.00000000000000000, -7.33978400000000164]
  #164 objects/planets/geology/acidic_flowstone_01/acidic_flowstone_01_stt_a.cgf
    [-0.99254565027198127, 0.12186814347983942, 0.00000000000000000, 18.68959600000016508]
    [-0.12186814347983942, -0.99254565027198127, 0.00000000000000000, -5.59895699999970020]
    [0.00000000000000000, 0.00000000000000000, 0.99999935613431945, 6.47556399999999144]
  #165 objects/planets/geology/acidic_flowstone_01/acidic_flowstone_01_stm_b.cgf
    [1.98053640200728842, -0.27834430753724293, 0.00000000000000000, -7.53509799999937968]
    [0.27834430753724293, 1.98053640200728842, 0.00000000000000000, -30.02559900000005655]
    [0.00000000000000000, 0.00000000000000000, 1.99999999830359076, -8.05132300000000356]
  #166 objects/planets/geology/acidic_flowstone_01/acidic_flowstone_01_plr_b.cgf
    [0.24192069051327572, 0.97029573193512220, 0.00000000000000000, -3.57092699999975594]
    [-0.97029573193512220, 0.24192069051327572, -0.00000000000000000, -14.61336499999970329]
    [-0.00000000000000000, 0.00000000000000000, 0.99999971395492648, -6.18722900000000209]
  #167 objects/planets/geology/acidic_flowstone_01/acidic_flowstone_01_plr_d.cgf
    [-0.43855913851840950, -1.43446047895111950, 0.00000000000000000, -0.38387899999997899]
    [1.43446047895111950, -0.43855913851840950, 0.00000000000000000, -11.53367200000002413]
    [0.00000000000000000, 0.00000000000000000, 1.50000366121242701, -1.68061800000000972]
  #168 objects/planets/geology/acidic_flowstone_01/acidic_flowstone_01_stt_f.cgf
    [-0.70710480546743992, -0.70710919269374384, 0.00000000000000000, 10.89876600000025064]
    [0.70710919269374384, -0.70710480546743992, 0.00000000000000000, 38.59362499999997453]
    [0.00000000000000000, 0.00000000000000000, 1.00000030815352470, -0.84349000000000274]
  #169 data/objects/planets/geology/acidic_flowstone_01/acidic_flowstone_01_stm_b.cgf
    [-0.82903826352404586, 0.55919337105809963, 0.00000000000000000, 6.07089799999994284]
    [-0.55919337105809963, -0.82903826352404586, 0.00000000000000000, -17.08182799999985946]
    [0.00000000000000000, 0.00000000000000000, 1.00000083431079512, -7.17564100000000593]
  #170 data/objects/planets/geology/acidic_flowstone_01/acidic_flowstone_01_plr_d.cgf
    [1.00000000000000000, 0.00000000000000000, 0.00000000000000000, 3.89398100000016711]
    [0.00000000000000000, 1.00000000000000000, 0.00000000000000000, -13.23690399999986766]
    [0.00000000000000000, 0.00000000000000000, 1.00000000000000000, -1.89662600000001191]
  #171 objects/planets/geology/acidic_flowstone_01/acidic_flowstone_01_stm_a.cgf
    [0.30901759415389191, -0.95105618736305075, 0.00000000000000000, 4.82818399999996473]
    [0.95105618736305075, 0.30901759415389191, 0.00000000000000000, -16.62739099999998871]
    [0.00000000000000000, 0.00000000000000000, 0.99999987250909284, -6.16170400000000740]
  #172 data/objects/buildingsets/human/colonialism/ruin/structure/col_a_structural_addon_wall_2m_a.cgf
    [0.01843322718560380, -0.11453883489294683, -0.99324753860956472, -11.56506300000000920]
    [-0.08998646932116668, 0.98919459525700926, -0.11574147731259062, -16.91419799999994211]
    [0.99577218930421196, 0.09151234634057012, 0.00792710493237571, -6.16884100000000757]
  #173 objects/planets/geology/acidic_flowstone_01/acidic_flowstone_01_stt_b.cgf
    [0.03490054482007133, -0.99938963789145474, 0.00000000000000000, -11.10990899999978865]
    [0.99938963789145474, 0.03490054482007133, 0.00000000000000000, 7.99421000000029380]
    [0.00000000000000000, 0.00000000000000000, 0.99999884817611218, 3.29698199999999986]
  #174 objects/planets/geology/acidic_flowstone_01/acidic_flowstone_01_stm_c.cgf
    [0.82903608714152000, 0.55919497089841419, 0.00000000000000000, -4.55549100000007456]
    [-0.55919497089841419, 0.82903608714152000, -0.00000000000000000, -10.00207099999988714]
    [-0.00000000000000000, 0.00000000000000000, 0.99999992463049725, -7.54326200000000568]
  #175 data/objects/buildingsets/human/lowtech/prop/storage/drum/drum_dry_1_a.cgf
    [0.66160535281864741, -0.74985234285275093, 0.00000000000000000, 17.13443000000006577]
    [0.74985234285275093, 0.66160535281864741, 0.00000000000000000, -17.37447299999985262]
    [0.00000000000000000, 0.00000000000000000, 1.00000008948001917, -7.17864100000000604]
  #176 objects/planets/geology/acidic_flowstone_01/acidic_flowstone_01_stt_b.cgf
    [0.03490054482007133, -0.99938963789145474, 0.00000000000000000, -1.49497900000005757]
    [0.99938963789145474, 0.03490054482007133, 0.00000000000000000, 10.58780300000034913]
    [0.00000000000000000, 0.00000000000000000, 0.99999884817611218, 3.19149299999999414]
  #177 objects/planets/geology/acidic_flowstone_01/acidic_flowstone_01_stt_a.cgf
    [0.99984771384856175, 0.01745133604841608, 0.00000000000000000, 3.78449499999987893]
    [-0.01745133604841608, 0.99984771384856175, -0.00000000000000000, 14.24250400000028094]
    [-0.00000000000000000, 0.00000000000000000, 1.00000000000903499, 5.65505199999999775]
  #178 objects/planets/geology/acidic_flowstone_01/acidic_flowstone_01_stm_a.cgf
    [-1.86716029464744837, 0.71672942373296977, 0.00000000000000000, -27.94811799999934010]
    [-0.71672942373296977, -1.86716029464744837, 0.00000000000000000, -20.20739800000001196]
    [0.00000000000000000, 0.00000000000000000, 1.99999715818611667, -7.54016100000000478]
  #179 objects/planets/geology/acidic_flowstone_01/acidic_flowstone_01_stt_f.cgf
    [0.38823752542026829, -1.44888606307312817, 0.00000000000000000, -13.24561600000015460]
    [1.44888606307312817, 0.38823752542026829, 0.00000000000000000, -9.34537899999986621]
    [0.00000000000000000, 0.00000000000000000, 1.49999973330397673, 13.26969899999998859]
  #180 objects/planets/geology/acidic_flowstone_01/acidic_flowstone_01_stm_b.cgf
    [-1.24355047207037539, -0.83879423366656247, 0.00000000000000000, 54.82163800000034826]
    [0.83879423366656247, -1.24355047207037539, 0.00000000000000000, -13.47356799999988652]
    [0.00000000000000000, 0.00000000000000000, 1.49999784767136535, -7.35681000000000296]
  #181 objects/planets/geology/acidic_flowstone_01/acidic_flowstone_01_stt_b.cgf
    [1.44189011408234169, 0.41346459934495772, 0.00000000000000000, -14.67361600000003818]
    [-0.41346459934495772, 1.44189011408234169, -0.00000000000000000, -17.46138199999995777]
    [-0.00000000000000000, 0.00000000000000000, 1.50000002533329124, 16.27071799999998802]
  #182 objects/planets/geology/acidic_flowstone_01/acidic_flowstone_01_pil_d.cgf
    [-0.10452875802760085, -0.99451943286099520, 0.00000000000000000, 17.06206100000053993]
    [0.99451943286099520, -0.10452875802760085, 0.00000000000000000, 21.65662300000030882]
    [0.00000000000000000, 0.00000000000000000, 0.99999758179355036, -7.42154500000000183]
  #183 objects/planets/geology/acidic_flowstone_01/acidic_flowstone_01_plr_c.cgf
    [-0.97437018607633741, -0.22495453589370984, 0.00000000000000000, -39.00439099999948667]
    [0.22495453589370984, -0.97437018607633741, 0.00000000000000000, -10.88756100000000515]
    [0.00000000000000000, 0.00000000000000000, 1.00000090136638975, -5.60390100000000757]
  #184 objects/planets/geology/acidic_flowstone_01/acidic_flowstone_01_stm_a.cgf
    [-0.39073175141290950, -0.92050493246196075, 0.00000000000000000, 0.49911900000006426]
    [0.92050493246196075, -0.39073175141290950, 0.00000000000000000, -19.79198799999994662]
    [0.00000000000000000, 0.00000000000000000, 1.00000031612444928, -7.35428700000000646]
  #185 objects/planets/geology/acidic_flowstone_01/acidic_flowstone_01_stm_d.cgf
    [1.79758820099769379, 0.87674202644977905, 0.00000000000000000, -1.66059499999937543]
    [-0.87674202644977905, 1.79758820099769379, -0.00000000000000000, -28.51857500000005530]
    [-0.00000000000000000, 0.00000000000000000, 1.99999998032734760, -6.00499900000000508]
  #186 objects/planets/geology/acidic_flowstone_01/acidic_flowstone_01_stt_a.cgf
    [0.75471150054818492, -0.65605694843860063, 0.00000000000000000, 18.26003800000034971]
    [0.65605694843860063, 0.75471150054818492, 0.00000000000000000, 29.99081100000012157]
    [0.00000000000000000, 0.00000000000000000, 1.00000008432712728, 3.66219399999999951]
  #187 data/objects/planets/geology/acidic_flowstone_01/acidic_flowstone_01_pil_a.cgf
    [1.49977157077284229, 0.02617700407262412, 0.00000000000000000, 9.48814300000049116]
    [-0.02617700407262412, 1.49977157077284229, -0.00000000000000000, 22.48577599999998711]
    [-0.00000000000000000, 0.00000000000000000, 1.50000000001355227, -7.34593600000000180]
  #188 objects/planets/geology/acidic_flowstone_01/acidic_flowstone_01_plr_d.cgf
    [1.00369509702171844, -1.11471773685679221, 0.00000000000000000, 35.05830599999990227]
    [1.11471773685679221, 1.00369509702171844, 0.00000000000000000, -13.96806999999989785]
    [0.00000000000000000, 0.00000000000000000, 1.49999982688284517, -5.54111000000000331]
  #189 objects/planets/geology/acidic_flowstone_01/acidic_flowstone_01_stt_e.cgf
    [-0.51302012608775138, -1.40954197418250415, 0.00000000000000000, 12.57340100000055827]
    [1.40954197418250415, -0.51302012608775138, 0.00000000000000000, 5.21619700000019293]
    [0.00000000000000000, 0.00000000000000000, 1.49999940891768468, 8.29050099999999190]
  #190 objects/buildingsets/human/hightech/prop/storage/crate/crate_dry_1_0125x0125x0125_b.cgf
    [0.89745710263163292, -0.44110174482129627, 0.00000000000000000, -20.22218299999985902]
    [0.44110174482129627, 0.89745710263163292, 0.00000000000000000, -16.16976999999997133]
    [0.00000000000000000, 0.00000000000000000, 1.00000000017417867, -7.18058300000000571]
  #191 objects/planets/geology/acidic_flowstone_01/acidic_flowstone_01_stm_d.cgf
    [-0.96418161340284281, 1.14906235391031331, 0.00000000000000000, -37.29220900000018446]
    [-1.14906235391031331, -0.96418161340284281, 0.00000000000000000, -12.10138099999994665]
    [0.00000000000000000, 0.00000000000000000, 1.49999682559598058, -6.02330600000000516]
  #192 objects/planets/geology/acidic_flowstone_01/acidic_flowstone_01_stm_b.cgf
    [0.61803518830778381, -1.90211237472610151, 0.00000000000000000, -3.02598299999954179]
    [1.90211237472610151, 0.61803518830778381, 0.00000000000000000, -28.21032399999967311]
    [0.00000000000000000, 0.00000000000000000, 1.99999974501818567, -8.34293500000000421]
  #193 objects/planets/geology/acidic_flowstone_01/acidic_flowstone_01_stt_f.cgf
    [-1.61804667195929319, 1.17556205855339746, 0.00000000000000000, 16.43915999999990163]
    [-1.17556205855339746, -1.61804667195929319, 0.00000000000000000, -19.16143599999986691]
    [0.00000000000000000, 0.00000000000000000, 2.00000529653019754, 2.50334300000000098]
  #194 data/objects/buildingsets/human/lowtech/prop/storage/drum/drum_dry_1_a.cgf
    [-0.09977504451805837, -0.99500977532102430, 0.00000000000000000, 16.70120800000040617]
    [0.99500977532102430, -0.09977504451805837, 0.00000000000000000, -17.68647199999986697]
    [0.00000000000000000, 0.00000000000000000, 0.99999975624645820, -7.17864100000000604]
  #195 objects/buildingsets/human/lowtech/alpha/ext/prop/shipping_container_1_025x025x025_b.cgf
    [-0.94948955862397999, 0.37265054253718771, 0.00000000000000000, -18.56736199999977543]
    [-0.37265054253718771, -0.94948955862397999, 0.00000000000000000, -5.03483899999991991]
    [0.00000000000000000, 0.00000000000000000, 1.01999943568083440, -7.16206100000000845]
  #196 objects/planets/geology/acidic_flowstone_01/acidic_flowstone_01_stt_a.cgf
    [-1.98509425856350519, 0.24373665015541687, 0.00000000000000000, 2.63921300000038173]
    [-0.24373665015541687, -1.98509425856350519, 0.00000000000000000, -16.98063799999999901]
    [0.00000000000000000, 0.00000000000000000, 2.00000169250197857, 19.62414299999998946]
  #197 objects/planets/geology/acidic_flowstone_01/acidic_flowstone_01_plr_d.cgf
    [0.72721554884061446, 1.31192858255603606, 0.00000000000000000, -15.83362299999953393]
    [-1.31192858255603606, 0.72721554884061446, -0.00000000000000000, 5.62816500000008091]
    [-0.00000000000000000, 0.00000000000000000, 1.49999968673431594, -5.41631900000000854]
  #198 objects/planets/geology/acidic_flowstone_01/acidic_flowstone_01_stt_b.cgf
    [-0.99254565027198127, 0.12186814347983942, 0.00000000000000000, -15.11416000000008353]
    [-0.12186814347983942, -0.99254565027198127, 0.00000000000000000, 3.53689100000019607]
    [0.00000000000000000, 0.00000000000000000, 0.99999935613431945, 4.07101999999999009]
  #199 objects/planets/geology/acidic_flowstone_01/acidic_flowstone_01_stt_g.cgf
    [-0.52992378044404254, 0.84804490071441496, 0.00000000000000000, -32.47494199999982811]
    [-0.84804490071441496, -0.52992378044404254, 0.00000000000000000, -11.31379100000003746]
    [0.00000000000000000, 0.00000000000000000, 0.99999968335386380, -5.19947100000000262]
  #200 data/objects/buildingsets/human/colonialism/ruin/structure/col_a_structural_addon_wall_2m_a.cgf
    [0.04012359401798440, -0.59290379805932192, 0.80427321146260178, -5.43675999999959458]
    [0.05260657747562354, -0.80255153605230689, -0.59425903040075023, -4.32088899999962450]
    [0.99780903004324284, 0.06615386196866636, -0.00101061231411789, -6.11332200000000370]
  #201 objects/planets/geology/acidic_flowstone_01/acidic_flowstone_01_stt_b.cgf
    [-0.75470798627539015, -0.65605938389992768, 0.00000000000000000, 13.81123200000001816]
    [0.65605938389992768, -0.75470798627539015, 0.00000000000000000, 15.68516500000032465]
    [0.00000000000000000, 0.00000000000000000, 0.99999902987503264, 1.40654599999999164]
  #202 objects/planets/geology/acidic_flowstone_01/acidic_flowstone_01_stt_f.cgf
    [-0.99026802499938316, 0.13917216578055047, 0.00000000000000000, 47.49356299999999464]
    [-0.13917216578055047, -0.99026802499938316, 0.00000000000000000, -17.37878599999976359]
    [0.00000000000000000, 0.00000000000000000, 0.99999982653209918, -1.81032799999999838]
  #203 objects/planets/geology/acidic_flowstone_01/acidic_flowstone_01_plr_b.cgf
    [0.96592539669059385, 0.25882069197974411, 0.00000000000000000, -4.73375299999952404]
    [-0.25882069197974411, 0.96592539669059385, -0.00000000000000000, -11.58475599999974293]
    [-0.00000000000000000, 0.00000000000000000, 1.00000001128437721, -6.70986900000000475]
  #204 data/objects/buildingsets/human/colonialism/col_a/ext/addons/col_a_greenhouse_cover_b.cgf
    [-0.99302515694725768, 0.11789380199135699, 0.00000000000000000, -9.79722700000002078]
    [-0.11789380199135699, -0.99302515694725768, 0.00000000000000000, 7.06780700000035722]
    [0.00000000000000000, 0.00000000000000000, 0.99999895543850625, -7.19490200000000613]
  #205 data/objects/buildingsets/human/colonialism/col_a/ext/habitation/col_a_ext_hab_addon_fuel_tank_a.cgf
    [-1.00929530210830687, 1.42962208652555600, 0.00000000000000000, -8.29247099999975035]
    [-1.42962208652555600, -1.00929530210830687, 0.00000000000000000, -6.16539899999997942]
    [0.00000000000000000, 0.00000000000000000, 1.74999894775384957, -7.18041400000000607]
  #206 data/objects/buildingsets/human/colonialism/ruin/structure/col_a_structural_addon_wall_2m_a.cgf
    [0.98046145353143932, 0.00504938009239874, 0.19664429765425875, -15.87669099999948230]
    [0.19667115164804028, -0.00552373744807832, -0.98045350952213717, -16.18071599999984755]
    [-0.00386447262738048, 0.99997156458847580, -0.00640888180769799, -7.17489000000000487]
  #207 data/objects/planets/geology/acidic_flowstone_01/acidic_flowstone_01_pil_a.cgf
    [-0.13917438964104123, -0.99026839284463553, 0.00000000000000000, 3.07825200000024779]
    [0.99026839284463553, -0.13917438964104123, 0.00000000000000000, 15.10795800000005329]
    [0.00000000000000000, 0.00000000000000000, 1.00000050029940168, -7.34593600000000180]
  #208 objects/planets/geology/acidic_flowstone_01/acidic_flowstone_01_stm_a.cgf
    [1.18201451331989005, -0.92349410935181409, 0.00000000000000000, 17.32539900000028865]
    [0.92349410935181409, 1.18201451331989005, 0.00000000000000000, -0.07466599999997925]
    [0.00000000000000000, 0.00000000000000000, 1.49999989323544836, -7.36527700000000607]
  #209 objects/planets/geology/acidic_flowstone_01/acidic_flowstone_01_pil_a.cgf
    [-1.46155725373212664, -0.33743225972396174, 0.00000000000000000, -1.06240399999933288]
    [0.33743225972396174, -1.46155725373212664, 0.00000000000000000, -18.54788999999982479]
    [0.00000000000000000, 0.00000000000000000, 1.50000337860933364, -7.81937500000000796]
  #210 data/objects/buildingsets/human/lowtech/prop/storage/drum/drum_dry_1_a.cgf
    [-0.39728057187649751, 0.91769670597223552, 0.00000000000000000, -11.20163899999988644]
    [-0.91769670597223552, -0.39728057187649751, -0.00000000000000000, -16.51318999999966763]
    [-0.00000000000000000, 0.00000000000000000, 0.99999954847130235, -7.24883300000000474]
  #211 objects/buildingsets/human/lowtech/charlie/int/prop/uee_lawless_prop_scaffold_mid_01.cgf
    [-0.61882671193820649, 0.78552709687825895, 0.00000000000000000, -21.64202999999997701]
    [-0.78552709687825895, -0.61882671193820649, 0.00000000000000000, -8.37732400000004418]
    [0.00000000000000000, 0.00000000000000000, 0.99999965966906101, -5.33159200000000766]
  #212 objects/planets/geology/acidic_flowstone_01/acidic_flowstone_01_plr_a.cgf
    [-1.49999999999899969, 0.00000299999999242, 0.00000000000000000, -14.80169999999998254]
    [-0.00000299999999242, -1.49999999999899969, 0.00000000000000000, 14.78646800000024086]
    [0.00000000000000000, 0.00000000000000000, 1.50000000000199996, -6.36112800000000789]
  #213 objects/planets/geology/acidic_flowstone_01/acidic_flowstone_01_pil_a.cgf
    [0.27563991629581180, 0.96126073470966589, 0.00000000000000000, 46.76555400000052032]
    [-0.96126073470966589, 0.27563991629581180, -0.00000000000000000, -12.18148799999971743]
    [-0.00000000000000000, 0.00000000000000000, 0.99999978177504045, -7.26425500000000568]
  #214 objects/planets/geology/acidic_flowstone_01/acidic_flowstone_01_stt_b.cgf
    [-0.24701496408085416, -0.96901088896576582, 0.00000000000000000, -8.89600199999949837]
    [0.96901088896576582, -0.24701496408085416, 0.00000000000000000, 8.36742000000003827]
    [0.00000000000000000, 0.00000000000000000, 0.99999924770676152, 4.52976699999999255]
  #215 objects/planets/geology/acidic_flowstone_01/acidic_flowstone_01_stm_c.cgf
    [-0.31186768484538940, 1.46722084027700461, 0.00000000000000000, -2.87907699999959732]
    [-1.46722084027700461, -0.31186768484538940, -0.00000000000000000, -7.76946499999985463]
    [-0.00000000000000000, 0.00000000000000000, 1.49999948233123814, -7.51550500000000454]
  #216 objects/planets/geology/acidic_flowstone_01/acidic_flowstone_01_plr_c.cgf
    [-0.88167470912829771, -1.21352564136644725, 0.00000000000000000, -17.73481699999956618]
    [1.21352564136644725, -0.88167470912829771, 0.00000000000000000, -0.99919999999974607]
    [0.00000000000000000, 0.00000000000000000, 1.49999825832242761, 3.07772299999999177]
  #217 objects/planets/geology/acidic_flowstone_01/acidic_flowstone_01_stt_a.cgf
    [-2.97764186112838480, 0.36560503334444333, 0.00000000000000000, 0.96034099999997125]
    [-0.36560503334444333, -2.97764186112838480, 0.00000000000000000, -1.48026600000002873]
    [0.00000000000000000, 0.00000000000000000, 3.00000301559030236, 28.93009999999999593]
  #218 objects/planets/geology/acidic_flowstone_01/acidic_flowstone_01_stm_b.cgf
    [-0.13950876096671205, -1.99512819645484374, 0.00000000000000000, 11.83565200000066397]
    [1.99512819645484374, -0.13950876096671205, 0.00000000000000000, 36.78107600000021193]
    [0.00000000000000000, 0.00000000000000000, 1.99999980366889640, -7.55896300000000565]
  #219 data/objects/planets/geology/acidic_flowstone_01/acidic_flowstone_01_stt_c.cgf
    [2.00000000000000000, 0.00000000000000000, 0.00000000000000000, 1.43146100000012666]
    [0.00000000000000000, 2.00000000000000000, 0.00000000000000000, -16.00955999999996493]
    [0.00000000000000000, 0.00000000000000000, 2.00000000000000000, 9.40027899999999761]
  #220 objects/planets/geology/acidic_flowstone_01/acidic_flowstone_01_ldg_d.cgf
    [-0.22495045995370155, -0.97437036323603787, 0.00000000000000000, 37.80907400000069174]
    [0.97437036323603787, -0.22495045995370155, 0.00000000000000000, -14.42663599999968937]
    [0.00000000000000000, 0.00000000000000000, 1.00000015709304257, -3.86359200000000413]
  #221 data/objects/planets/geology/acidic_flowstone_01/acidic_flowstone_01_plr_a.cgf
    [1.32442119627810628, -0.70420786516727729, 0.00000000000000000, 10.20496400000047288]
    [0.70420786516727729, 1.32442119627810628, 0.00000000000000000, 30.89630000000033760]
    [0.00000000000000000, 0.00000000000000000, 1.50000007417139303, -6.72083600000000558]
  #222 objects/planets/geology/acidic_flowstone_01/acidic_flowstone_01_plr_d.cgf
    [-1.42658295610777297, -0.46352992669395526, 0.00000000000000000, -40.24443999999948574]
    [0.46352992669395526, -1.42658295610777297, 0.00000000000000000, -3.50375099999973827]
    [0.00000000000000000, 0.00000000000000000, 1.49999964119932216, -4.45801700000000523]
  #223 objects/planets/geology/acidic_flowstone_01/acidic_flowstone_01_plr_d.cgf
    [0.98409156497256822, -1.13206188301233968, 0.00000000000000000, -24.68670699999984208]
    [1.13206188301233968, 0.98409156497256822, 0.00000000000000000, -11.29595699999981662]
    [0.00000000000000000, 0.00000000000000000, 1.50000010507319725, -3.74116000000000781]
  #224 objects/planets/geology/acidic_flowstone_01/acidic_flowstone_01_stm_c.cgf
    [0.20875601630516624, -1.48540390792332122, 0.00000000000000000, -0.48267399999986083]
    [1.48540390792332122, 0.20875601630516624, 0.00000000000000000, -12.65349900000001071]
    [0.00000000000000000, 0.00000000000000000, 1.50000128133861188, -4.65647100000000336]
  #225 objects/planets/geology/acidic_flowstone_01/acidic_flowstone_01_stm_b.cgf
    [0.58609336870020834, 1.38075853862916920, 0.00000000000000000, 44.85100400000010268]
    [-1.38075853862916920, 0.58609336870020834, -0.00000000000000000, -12.54953799999975672]
    [-0.00000000000000000, 0.00000000000000000, 1.49999985961056570, -7.40800000000000836]
  #226 objects/buildingsets/human/lowtech/alpha/ext/prop/shipping_container_1_025x025x025_c.cgf
    [0.59343962187554045, -0.80487873312526292, 0.00000000000000000, -7.22916100000020379]
    [0.80487873312526292, 0.59343962187554045, 0.00000000000000000, -4.48012999999991735]
    [0.00000000000000000, 0.00000000000000000, 1.00000017992454016, -7.18133900000000835]
  #227 objects/buildingsets/human/lowtech/alpha/ext/prop/shipping_container_1_025x025x025_b.cgf
    [-0.40206021943926601, -0.93741611874298303, 0.00000000000000000, 20.56743499999993219]
    [0.93741611874298303, -0.40206021943926601, 0.00000000000000000, -7.37411599999995815]
    [0.00000000000000000, 0.00000000000000000, 1.02000068614423411, -7.17959900000000317]
  #228 objects/planets/geology/acidic_flowstone_01/acidic_flowstone_01_pil_d.cgf
    [-0.78800887677670184, -0.61566290245783584, 0.00000000000000000, -37.17332299999998213]
    [0.61566290245783584, -0.78800887677670184, 0.00000000000000000, -2.22926999999981490]
    [0.00000000000000000, 0.00000000000000000, 0.99999939967066276, -7.36795600000000661]
  #229 data/objects/planets/geology/acidic_flowstone_01/acidic_flowstone_01_pil_a.cgf
    [-0.73135508184732068, -0.68199800934943633, 0.00000000000000000, 10.21954499999992549]
    [0.68199800934943633, -0.73135508184732068, 0.00000000000000000, 23.41263400000025285]
    [0.00000000000000000, 0.00000000000000000, 1.00000077024995093, -7.34593600000000180]
  #230 objects/planets/geology/acidic_flowstone_01/acidic_flowstone_01_stt_b.cgf
    [0.63391961110434658, 1.35946539158399093, 0.00000000000000000, -22.61164300000018557]
    [-1.35946539158399093, 0.63391961110434658, -0.00000000000000000, -19.45293099999980768]
    [-0.00000000000000000, 0.00000000000000000, 1.50000007475243136, 7.57586999999999477]
  #231 objects/planets/geology/acidic_flowstone_01/acidic_flowstone_01_stt_f.cgf
    [-1.40036492809338298, -0.53756150165230399, 0.00000000000000000, -6.36078600000018923]
    [0.53756150165230399, -1.40036492809338298, 0.00000000000000000, -30.14057599999978265]
    [0.00000000000000000, 0.00000000000000000, 1.49999809996301869, 2.74142899999999656]
  #232 objects/planets/geology/acidic_flowstone_01/acidic_flowstone_01_pil_b.cgf
    [-0.96418246385534401, 1.14906612246435946, 0.00000000000000000, -33.23585800000000745]
    [-1.14906612246435946, -0.96418246385534401, 0.00000000000000000, -19.33040799999980663]
    [0.00000000000000000, 0.00000000000000000, 1.50000025913379109, -7.49952600000000302]
  #233 data/objects/planets/geology/acidic_flowstone_01/acidic_flowstone_01_pil_a.cgf
    [0.57357569411955656, 0.81915278145266102, 0.00000000000000000, 5.96696500000052765]
    [-0.81915278145266102, 0.57357569411955656, -0.00000000000000000, -10.34263299999975061]
    [-0.00000000000000000, 0.00000000000000000, 1.00000017812316511, -6.77503900000000669]
  #234 data/objects/planets/geology/acidic_flowstone_01/acidic_flowstone_01_stm_b.cgf
    [-1.31193281995349542, -0.72721538179828760, 0.00000000000000000, -0.22053899999991700]
    [0.72721538179828760, -1.31193281995349542, 0.00000000000000000, -6.07155699999975695]
    [0.00000000000000000, 0.00000000000000000, 1.50000331186139713, -7.48075600000000662]
  #235 objects/planets/geology/acidic_flowstone_01/acidic_flowstone_01_stt_b.cgf
    [-0.66604235719008498, 0.74591478071284190, 0.00000000000000000, -8.08891700000003766]
    [-0.74591478071284190, -0.66604235719008498, 0.00000000000000000, 8.14178500000025451]
    [0.00000000000000000, 0.00000000000000000, 1.00000064082840034, 5.00193899999999303]
  #236 objects/planets/geology/acidic_flowstone_01/acidic_flowstone_01_pil_c.cgf
    [0.32557038168508662, 0.94551765844102176, 0.00000000000000000, 32.49615300000004936]
    [-0.94551765844102176, 0.32557038168508662, -0.00000000000000000, -12.08509999999978390]
    [-0.00000000000000000, 0.00000000000000000, 0.99999985792717283, -7.37632600000000593]
  #237 objects/planets/geology/acidic_flowstone_01/acidic_flowstone_01_stm_b.cgf
    [0.79487791441880540, 1.27207228030682140, 0.00000000000000000, 11.18222900000000664]
    [-1.27207228030682140, 0.79487791441880540, -0.00000000000000000, 40.95587999999997919]
    [-0.00000000000000000, 0.00000000000000000, 1.49999959505187386, -7.49886800000000164]
  #238 objects/planets/geology/acidic_flowstone_01/acidic_flowstone_01_pil_d.cgf
    [0.74314616827502500, 0.66912921159441119, 0.00000000000000000, 17.32873400000062247]
    [-0.66912921159441119, 0.74314616827502500, -0.00000000000000000, 2.67467500000020664]
    [-0.00000000000000000, 0.00000000000000000, 1.00000006461540303, -7.60190200000000260]
  #239 objects/planets/geology/acidic_flowstone_01/acidic_flowstone_01_stt_b.cgf
    [0.97814680182539238, -0.20791058020169240, 0.00000000000000000, 2.05914200000006531]
    [0.20791058020169240, 0.97814680182539238, 0.00000000000000000, 13.46900600000026316]
    [0.00000000000000000, 0.00000000000000000, 0.99999898764001149, 2.57241099999998823]
  #240 objects/buildingsets/human/lowtech/prop/utilitarian/tank/tank_liquid_1_0125x025x0125_a.cgf
    [0.93590689279855266, 0.35007132804437224, -0.03909532470951010, 8.71119600000020000]
    [-0.35191386528247870, 0.92441305333197454, -0.14702798839722797, -18.53015199999981633]
    [-0.01533005397374406, 0.15136268771212916, 0.98835945755299803, -7.31689400000000489]
  #241 objects/planets/geology/acidic_flowstone_01/acidic_flowstone_01_stt_b.cgf
    [-0.51302012608775138, -1.40954197418250415, 0.00000000000000000, -14.05145399999946676]
    [1.40954197418250415, -0.51302012608775138, 0.00000000000000000, -12.71654799999987517]
    [0.00000000000000000, 0.00000000000000000, 1.49999940891768468, 14.09816499999999451]
  #242 objects/planets/geology/acidic_flowstone_01/acidic_flowstone_01_pil_a.cgf
    [0.24192252296617081, 0.97029340660543362, 0.00000000000000000, 5.90238700000008976]
    [-0.97029340660543362, 0.24192252296617081, -0.00000000000000000, 50.57080399999995279]
    [-0.00000000000000000, 0.00000000000000000, 0.99999790100794439, -7.48357900000000598]
  #243 objects/planets/geology/acidic_flowstone_01/acidic_flowstone_01_pil_c.cgf
    [0.32557038168508662, 0.94551765844102176, 0.00000000000000000, 36.80172399999992194]
    [-0.94551765844102176, 0.32557038168508662, -0.00000000000000000, -20.55233799999996336]
    [-0.00000000000000000, 0.00000000000000000, 0.99999985792717283, -7.48269500000000676]
  #244 objects/planets/geology/acidic_flowstone_01/acidic_flowstone_01_stt_b.cgf
    [-0.51302012608775138, -1.40954197418250415, 0.00000000000000000, 12.47241000000030908]
    [1.40954197418250415, -0.51302012608775138, 0.00000000000000000, 2.08132999999997992]
    [0.00000000000000000, 0.00000000000000000, 1.49999940891768468, 13.69660899999999515]
  #245 data/objects/planets/geology/acidic_flowstone_01/acidic_flowstone_01_pil_a.cgf
    [1.49977157077284229, 0.02617700407262412, 0.00000000000000000, 4.49812000000019907]
    [-0.02617700407262412, 1.49977157077284229, -0.00000000000000000, 15.61338599999999133]
    [-0.00000000000000000, 0.00000000000000000, 1.50000000001355227, -7.34593600000000180]
  #246 objects/planets/geology/acidic_flowstone_01/acidic_flowstone_01_stm_a.cgf
    [-0.48384546435862352, 1.94059079078861219, 0.00000000000000000, -14.41025899999931426]
    [-1.94059079078861219, -0.48384546435862352, -0.00000000000000000, -25.05579499999976179]
    [-0.00000000000000000, 0.00000000000000000, 1.99999976266848178, -8.07473200000000446]
  #247 data/objects/buildingsets/human/lowtech/prop/tool/welder_a/tool_welder_a.cgf
    [0.05521817634038571, -0.99847426624884683, 0.00000000000000000, -13.88234199999988050]
    [0.99847426624884683, 0.05521817634038571, 0.00000000000000000, 9.94384200000013152]
    [0.00000000000000000, 0.00000000000000000, 0.99999995367976435, -7.17946000000000595]
  #248 objects/spaceships/derelicts/dead_bodies/skull_1_a.cgf
    [0.94210988585987565, 0.29613697439571635, -0.15726495922749942, 6.52906900000016321]
    [-0.27456521772280357, 0.41211385700628000, -0.86877875326242937, -19.75855799999999363]
    [-0.19246640283931546, 0.86166436232395183, 0.46956535489635098, -7.40603600000000739]
  #249 data/objects/planets/geology/acidic_flowstone_01/acidic_flowstone_01_plr_a.cgf
    [0.35836777657587449, 0.93357806665228116, 0.00000000000000000, 12.51315299999987474]
    [-0.93357806665228116, 0.35836777657587449, -0.00000000000000000, 36.04338300000017625]
    [-0.00000000000000000, 0.00000000000000000, 0.99999773490850818, -4.53024900000000486]
  #250 objects/planets/geology/acidic_flowstone_01/acidic_flowstone_01_stt_b.cgf
    [0.42261307406956439, 0.90631026105599399, 0.00000000000000000, -21.02703899999960413]
    [-0.90631026105599399, 0.42261307406956439, -0.00000000000000000, -22.11939299999994546]
    [-0.00000000000000000, 0.00000000000000000, 1.00000004983495416, -1.36474000000001183]
  #251 objects/planets/geology/acidic_flowstone_01/acidic_flowstone_01_stm_a.cgf
    [1.35946249722798074, 0.63392558195794657, 0.00000000000000000, -8.28319399999963935]
    [-0.63392558195794657, 1.35946249722798074, -0.00000000000000000, 16.77923700000019380]
    [-0.00000000000000000, 0.00000000000000000, 1.49999997494335280, -7.22809600000000785]
  #252 objects/planets/geology/acidic_flowstone_01/acidic_flowstone_01_stt_f.cgf
    [-0.08716065783367595, 0.99619389145312787, 0.00000000000000000, -34.45145999999931519]
    [-0.99619389145312787, -0.08716065783367595, -0.00000000000000000, -8.99241799999981595]
    [-0.00000000000000000, 0.00000000000000000, 0.99999962482119220, -3.60804800000000370]
  #253 objects/planets/geology/acidic_flowstone_01/acidic_flowstone_01_stm_c.cgf
    [1.28575151946648281, 0.77255638780910474, 0.00000000000000000, 14.25662400000055641]
    [-0.77255638780910474, 1.28575151946648281, -0.00000000000000000, 3.66330000000016298]
    [-0.00000000000000000, 0.00000000000000000, 1.50000011405166944, -7.71698300000000614]
  #254 data/objects/planets/geology/acidic_flowstone_01/acidic_flowstone_01_stm_b.cgf
    [-0.46947068168617168, 0.88294742968892082, 0.00000000000000000, 5.90757000000030530]
    [-0.88294742968892082, -0.46947068168617168, -0.00000000000000000, -9.12500899999986359]
    [-0.00000000000000000, 0.00000000000000000, 0.99999944227841964, -7.14328800000000541]
  #255 data/objects/planets/geology/acidic_flowstone_01/acidic_flowstone_01_plr_b.cgf
    [-0.17364688070604184, -0.98480780661588818, 0.00073186094450936, 3.67946699999993143]
    [0.98480769364780807, -0.17364742193205362, -0.00075508901034651, -11.19012900000006994]
    [0.00087070323525346, 0.00058962338128958, 0.99999954249545620, 3.38195499999999072]
  #256 objects/planets/geology/acidic_flowstone_01/acidic_flowstone_01_pil_d.cgf
    [-0.24192273217931179, 0.97029539539430620, 0.00000000000000000, -20.40647499999977299]
    [-0.97029539539430620, -0.24192273217931179, -0.00000000000000000, -27.53957899999977599]
    [-0.00000000000000000, 0.00000000000000000, 0.99999988133424100, -8.01286500000000501]
  #257 objects/planets/geology/acidic_flowstone_01/acidic_flowstone_01_plr_d.cgf
    [-0.78146271098529263, 1.84100799946735805, 0.00000000000000000, 1.15847399999984191]
    [-1.84100799946735805, -0.78146271098529263, -0.00000000000000000, -29.43357299999979659]
    [-0.00000000000000000, 0.00000000000000000, 1.99999860569033561, -4.70662400000000503]
  #258 objects/planets/geology/acidic_flowstone_01/acidic_flowstone_01_plr_c.cgf
    [1.50942300109636962, -1.31211389687720104, 0.00000000000000000, -1.01605000000017753]
    [1.31211389687720104, 1.50942300109636962, 0.00000000000000000, -12.63397699999995893]
    [0.00000000000000000, 0.00000000000000000, 2.00000016865425412, 7.64806600000000003]
  #259 objects/planets/geology/acidic_flowstone_01/acidic_flowstone_01_stm_a.cgf
    [-0.57357592069795593, 0.81914957066399863, 0.00000000000000000, 6.71230100000047969]
    [-0.81914957066399863, -0.57357592069795593, 0.00000000000000000, 49.64364900000009584]
    [0.00000000000000000, 0.00000000000000000, 0.99999767795906469, -7.30802400000000318]
  #260 objects/planets/geology/acidic_flowstone_01/acidic_flowstone_01_stt_a.cgf
    [-1.98509425856350519, 0.24373665015541687, 0.00000000000000000, -3.31787100000019564]
    [-0.24373665015541687, -1.98509425856350519, 0.00000000000000000, -10.90388799999982439]
    [0.00000000000000000, 0.00000000000000000, 2.00000169250197857, 21.76265699999999015]
  #261 objects/planets/geology/acidic_flowstone_01/acidic_flowstone_01_stm_c.cgf
    [1.49794398016647690, 0.07851006209304370, 0.00000000000000000, -39.36487699999997858]
    [-0.07851006209304370, 1.49794398016647690, -0.00000000000000000, -9.85384699999985969]
    [-0.00000000000000000, 0.00000000000000000, 1.49999999918894678, -7.05672700000000219]
  #262 objects/planets/geology/acidic_flowstone_01/acidic_flowstone_01_pil_d.cgf
    [0.74314616827502500, 0.66912921159441119, 0.00000000000000000, 19.53611900000032620]
    [-0.66912921159441119, 0.74314616827502500, -0.00000000000000000, -0.46072499999991123]
    [-0.00000000000000000, 0.00000000000000000, 1.00000006461540303, -7.60190200000000260]
  #263 objects/planets/geology/acidic_flowstone_01/acidic_flowstone_01_stt_b.cgf
    [-0.94397888630020832, 1.16571794899136738, 0.00000000000000000, -10.51489099999980681]
    [-1.16571794899136738, -0.94397888630020832, 0.00000000000000000, -25.87515499999972235]
    [0.00000000000000000, 0.00000000000000000, 1.49999815812594273, 13.98200099999999679]
  #264 objects/planets/geology/acidic_flowstone_01/acidic_flowstone_01_pil_d.cgf
    [-0.57357592069795593, 0.81914957066399863, 0.00000000000000000, 6.05434400000012829]
    [-0.81914957066399863, -0.57357592069795593, 0.00000000000000000, 47.94835800000009840]
    [0.00000000000000000, 0.00000000000000000, 0.99999767795906469, -7.75203000000000486]
  #265 data/objects/planets/geology/acidic_flowstone_01/acidic_flowstone_01_stm_c.cgf
    [1.57602186286235946, -1.23132278927683947, 0.00000000000000000, 3.77337500000066939]
    [1.23132278927683947, 1.57602186286235946, 0.00000000000000000, -28.36994299999969371]
    [0.00000000000000000, 0.00000000000000000, 2.00000018090315113, -7.36843000000000359]
  #266 objects/planets/geology/acidic_flowstone_01/acidic_flowstone_01_pil_b.cgf
    [0.68098428784675502, 1.33651062596342940, 0.00000000000000000, -36.28632899999956862]
    [-1.33651062596342940, 0.68098428784675502, -0.00000000000000000, -18.87233299999979863]
    [-0.00000000000000000, 0.00000000000000000, 1.50000008453576772, -7.49952600000000302]
  #267 objects/planets/geology/acidic_flowstone_01/acidic_flowstone_01_stt_e.cgf
    [-0.51302012608775138, -1.40954197418250415, 0.00000000000000000, -15.35728899999958230]
    [1.40954197418250415, -0.51302012608775138, 0.00000000000000000, -14.60936399999991409]
    [0.00000000000000000, 0.00000000000000000, 1.49999940891768468, 12.88074399999999287]
  #268 objects/planets/geology/acidic_flowstone_01/acidic_flowstone_01_pil_d.cgf
    [-0.57357592069795593, 0.81914957066399863, 0.00000000000000000, 9.61009800000010728]
    [-0.81914957066399863, -0.57357592069795593, 0.00000000000000000, 41.78105300000015632]
    [0.00000000000000000, 0.00000000000000000, 0.99999767795906469, -7.58207500000000323]
  #269 objects/planets/geology/acidic_flowstone_01/acidic_flowstone_01_pil_c.cgf
    [-0.22495045995370155, -0.97437036323603787, 0.00000000000000000, -43.64438699999936944]
    [0.97437036323603787, -0.22495045995370155, 0.00000000000000000, -8.60724200000004203]
    [0.00000000000000000, 0.00000000000000000, 1.00000015709304257, -7.31320700000000556]
  #270 data/objects/planets/geology/acidic_flowstone_01/acidic_flowstone_01_plr_a.cgf
    [0.07850624527475984, 1.49794431029908526, 0.00000000000000000, 14.92904499999986001]
    [-1.49794431029908526, 0.07850624527475984, -0.00000000000000000, 13.47945200000003751]
    [-0.00000000000000000, 0.00000000000000000, 1.50000012910150882, -5.67337700000000211]
  #271 objects/planets/geology/acidic_flowstone_01/acidic_flowstone_01_pil_d.cgf
    [-0.10452875802760085, -0.99451943286099520, 0.00000000000000000, 19.63296300000001793]
    [0.99451943286099520, -0.10452875802760085, 0.00000000000000000, 31.17067100000031132]
    [0.00000000000000000, 0.00000000000000000, 0.99999758179355036, -7.42154500000000183]
  #272 objects/planets/geology/acidic_flowstone_01/acidic_flowstone_01_stt_b.cgf
    [0.42261307406956439, 0.90631026105599399, 0.00000000000000000, -33.49488000000019383]
    [-0.90631026105599399, 0.42261307406956439, -0.00000000000000000, -17.86423299999978553]
    [-0.00000000000000000, 0.00000000000000000, 1.00000004983495416, 1.53788399999999115]
  #273 objects/planets/geology/acidic_flowstone_01/acidic_flowstone_01_stt_b.cgf
    [0.78800887707296774, 0.61566211572977492, 0.00000000000000000, 10.56627400000070338]
    [-0.61566211572977492, 0.78800887707296774, -0.00000000000000000, 15.42473599999993894]
    [-0.00000000000000000, 0.00000000000000000, 0.99999891554474318, 4.90874999999999773]
  #274 data/objects/buildingsets/human/colonialism/ruin/structure/col_a_structural_addon_wall_2m_a.cgf
    [-0.56825676749604348, -0.02394266346408935, -0.82250271643603379, -1.66771400000016001]
    [0.82285112242551306, -0.01653615993672094, -0.56801611704341848, -14.25227799999993294]
    [-0.00000121773499273, -0.99957642417388681, 0.02909803632076528, -3.81683500000000464]
  #275 objects/buildingsets/human/lowtech/prop/storage/cargo/cargo_multipurpose_1_025x0125x0125_a.cgf
    [-0.98938176390504717, 0.14534459523840407, 0.00000000000000000, -14.50725899999997637]
    [-0.14534459523840407, -0.98938176390504717, 0.00000000000000000, -13.32939099999975952]
    [0.00000000000000000, 0.00000000000000000, 1.00000066305621926, -7.21388500000000477]
  #276 data/objects/planets/geology/acidic_flowstone_01/acidic_flowstone_01_plr_a.cgf
    [0.99862750585249838, -0.05233593574649145, 0.00000000000000000, 13.71723999999994703]
    [0.05233593574649145, 0.99862750585249838, 0.00000000000000000, 8.42424400000027163]
    [0.00000000000000000, 0.00000000000000000, 0.99999797280576652, -5.79701400000000433]
  #277 objects/planets/geology/acidic_flowstone_01/acidic_flowstone_01_stm_b.cgf
    [1.49794429444962485, 0.07850406271276740, 0.00000000000000000, 11.06811199999992823]
    [-0.07850406271276740, 1.49794429444962485, -0.00000000000000000, -19.85693999999966763]
    [-0.00000000000000000, 0.00000000000000000, 1.49999999904553150, -7.51424400000000503]
  #278 objects/planets/geology/acidic_flowstone_01/acidic_flowstone_01_stm_b.cgf
    [-1.16571636213102714, 0.94398342350788966, 0.00000000000000000, 9.72020000000065920]
    [-0.94398342350788966, -1.16571636213102714, 0.00000000000000000, 20.44593800000029660]
    [0.00000000000000000, 0.00000000000000000, 1.49999978026587466, -7.38694000000000273]
  #279 objects/planets/geology/acidic_flowstone_01/acidic_flowstone_01_pil_d.cgf
    [-0.58778351312155863, 0.80901760860384142, 0.00000000000000000, -16.00719500000013795]
    [-0.80901760860384142, -0.58778351312155863, 0.00000000000000000, 12.24781400000028952]
    [0.00000000000000000, 0.00000000000000000, 0.99999947466416206, -7.67745200000000239]
  #280 objects/buildingsets/human/lowtech/prop/storage/cargo/cargo_multipurpose_1_025x0125x0125_a.cgf
    [0.70710739454380356, -0.70710630719099521, 0.00000000000000000, -14.13630800000009913]
    [0.70710630719099521, 0.70710739454380356, 0.00000000000000000, -1.28563099999973929]
    [0.00000000000000000, 0.00000000000000000, 1.00000009854390126, -7.10138800000000714]
  #281 objects/planets/geology/acidic_flowstone_01/acidic_flowstone_01_stt_d.cgf
    [2.98356628131120249, -0.31357981098995252, 0.00000000000000000, -0.03033700000014505]
    [0.31357981098995252, 2.98356628131120249, 0.00000000000000000, -0.30947799999967174]
    [0.00000000000000000, 0.00000000000000000, 3.00000000880627526, 29.17206399999999178]
  #282 objects/planets/geology/acidic_flowstone_01/acidic_flowstone_01_pil_d.cgf
    [-0.64278830923689623, 0.76604408164290649, 0.00000000000000000, -26.82807499999944412]
    [-0.76604408164290649, -0.64278830923689623, 0.00000000000000000, -21.95976100000007136]
    [0.00000000000000000, 0.00000000000000000, 1.00000017275586095, -7.36839700000000164]
  #283 objects/planets/geology/acidic_flowstone_01/acidic_flowstone_01_plr_d.cgf
    [-0.22495045995370155, -0.97437036323603787, 0.00000000000000000, 37.81486800000038784]
    [0.97437036323603787, -0.22495045995370155, 0.00000000000000000, -19.92277799999965282]
    [0.00000000000000000, 0.00000000000000000, 1.00000015709304257, -5.31384200000000817]
  #284 objects/planets/geology/acidic_flowstone_01/acidic_flowstone_01_plr_d.cgf
    [-0.56191220238696071, -1.39077446224308909, 0.00000000000000000, 17.78598700000020472]
    [1.39077446224308909, -0.56191220238696071, 0.00000000000000000, 0.83326400000032663]
    [0.00000000000000000, 0.00000000000000000, 1.49999964267293073, -2.87219300000000999]
  #285 objects/planets/geology/acidic_flowstone_01/acidic_flowstone_01_stt_b.cgf
    [-0.89879146434647550, 0.43836792412380976, 0.00000000000000000, 13.71790599999985716]
    [-0.43836792412380976, -0.89879146434647550, 0.00000000000000000, 11.37368900000001304]
    [0.00000000000000000, 0.00000000000000000, 0.99999626663438113, 1.98282499999999118]
  #286 objects/planets/geology/acidic_flowstone_01/acidic_flowstone_01_stt_e.cgf
    [-1.33651737265222947, 0.68097737089348453, 0.00000000000000000, -21.37703299999975570]
    [-0.68097737089348453, -1.33651737265222947, 0.00000000000000000, -23.02593600000000151]
    [0.00000000000000000, 0.00000000000000000, 1.50000295568716191, 0.31191699999999400]
  #287 data/objects/planets/geology/acidic_flowstone_01/acidic_flowstone_01_stt_d.cgf
    [1.00000000000000000, 0.00000000000000000, 0.00000000000000000, 4.18662899999981164]
    [0.00000000000000000, 1.00000000000000000, 0.00000000000000000, -13.25735699999995632]
    [0.00000000000000000, 0.00000000000000000, 1.00000000000000000, -2.44098400000000026]
  #288 data/objects/planets/geology/acidic_flowstone_01/acidic_flowstone_01_stm_c.cgf
    [-0.74314275047113054, -0.66913002740913385, 0.00000000000000000, 56.57427999999981694]
    [0.66913002740913385, -0.74314275047113054, 0.00000000000000000, -13.08958499999971536]
    [0.00000000000000000, 0.00000000000000000, 0.99999807057731160, -7.35475700000000643]
  #289 data/objects/buildingsets/human/colonialism/col_a/ext/addons/col_a_greenhouse_cover_b.cgf
    [-0.11951960731262962, 0.99283182339535125, 0.00000000000000000, -21.87439999999969586]
    [-0.99283182339535125, -0.11951960731262962, -0.00000000000000000, -12.60633099999995466]
    [-0.00000000000000000, 0.00000000000000000, 0.99999998303935156, -7.18521600000000404]
  #290 objects/planets/geology/acidic_flowstone_01/acidic_flowstone_01_pil_d.cgf
    [-0.78800887677670184, -0.61566290245783584, 0.00000000000000000, -39.20004100000005565]
    [0.61566290245783584, -0.78800887677670184, 0.00000000000000000, -9.73067300000002433]
    [0.00000000000000000, 0.00000000000000000, 0.99999939967066276, -7.69633400000000734]
  #291 objects/planets/geology/acidic_flowstone_01/acidic_flowstone_01_pil_c.cgf
    [0.32557038168508662, 0.94551765844102176, 0.00000000000000000, 37.83378400000037800]
    [-0.94551765844102176, 0.32557038168508662, -0.00000000000000000, -19.26494199999979173]
    [-0.00000000000000000, 0.00000000000000000, 0.99999985792717283, -7.50043400000000560]
  #292 data/objects/buildingsets/human/colonialism/ruin/structure/col_a_structural_addon_wall_2m_a.cgf
    [0.05539103127028033, -0.66707691155097570, 0.74292816246375915, -15.49163599999974394]
    [0.07327402199031842, -0.73934835893139406, -0.66932574184635063, -0.90982799999983399]
    [0.99577345727204858, 0.09151188486976425, 0.00792613218447909, -6.11026300000000333]
  #293 objects/planets/geology/acidic_flowstone_01/acidic_flowstone_01_stt_e.cgf
    [-1.33651641670180243, 0.68097688382117116, 0.00000000000000000, -14.65637900000001537]
    [-0.68097688382117116, -1.33651641670180243, 0.00000000000000000, -27.11724999999978536]
    [0.00000000000000000, 0.00000000000000000, 1.50000188280289160, 6.80118499999998960]
  #294 objects/planets/geology/acidic_flowstone_01/acidic_flowstone_01_plr_d.cgf
    [-1.45544140987558657, 0.36287844328981145, 0.00000000000000000, -0.65002899999944930]
    [-0.36287844328981145, -1.45544140987558657, 0.00000000000000000, -13.67276999999967302]
    [0.00000000000000000, 0.00000000000000000, 1.49999682072498808, 1.58022099999999455]
  #295 objects/planets/geology/acidic_flowstone_01/acidic_flowstone_01_ldg_d.cgf
    [-0.56993529533279597, -1.65520256834507240, 0.00000000000000000, 19.24023200000010547]
    [1.65520256834507240, -0.56993529533279597, 0.00000000000000000, 33.31336499999997613]
    [0.00000000000000000, 0.00000000000000000, 1.75057755701431494, 2.66852499999998827]
  #296 objects/planets/geology/acidic_flowstone_01/acidic_flowstone_01_stt_a.cgf
    [-0.29237535513511947, 0.95630332392673145, 0.00000000000000000, 17.28891300000032061]
    [-0.95630332392673145, -0.29237535513511947, -0.00000000000000000, 25.31887200000028315]
    [-0.00000000000000000, 0.00000000000000000, 0.99999969782180553, 3.47739099999999723]
  #297 objects/planets/geology/acidic_flowstone_01/acidic_flowstone_01_pil_c.cgf
    [0.83866976976237595, -0.54464043395750261, 0.00000000000000000, 55.71672200000011799]
    [0.54464043395750261, 0.83866976976237595, 0.00000000000000000, -9.05148499999995693]
    [0.00000000000000000, 0.00000000000000000, 1.00000009250734245, -7.45396700000000578]
  #298 objects/planets/geology/acidic_flowstone_01/acidic_flowstone_01_stt_f.cgf
    [-0.99026802499938316, 0.13917216578055047, 0.00000000000000000, 55.09063299999979790]
    [-0.13917216578055047, -0.99026802499938316, 0.00000000000000000, -8.68825100000003658]
    [0.00000000000000000, 0.00000000000000000, 0.99999982653209918, -3.65195400000000348]
  #299 objects/planets/geology/acidic_flowstone_01/acidic_flowstone_01_stt_b.cgf
    [0.25882501694684573, -0.96592404204875182, 0.00000000000000000, -16.58630600000014965]
    [0.96592404204875182, 0.25882501694684573, 0.00000000000000000, -6.88712399999985792]
    [0.00000000000000000, 0.00000000000000000, 0.99999982220265116, 3.36359299999999450]
  #300 objects/planets/geology/acidic_flowstone_01/acidic_flowstone_01_stm_a.cgf
    [-1.82709511551237269, 0.81347143661093868, 0.00000000000000000, -8.75928599999951985]
    [-0.81347143661093868, -1.82709511551237269, 0.00000000000000000, -28.13852099999985512]
    [0.00000000000000000, 0.00000000000000000, 2.00000308482538003, -8.07473200000000446]
  #301 data/objects/planets/geology/acidic_flowstone_01/acidic_flowstone_01_stm_b.cgf
    [-0.96418246385534401, 1.14906612246435946, 0.00000000000000000, -16.67009400000006281]
    [-1.14906612246435946, -0.96418246385534401, 0.00000000000000000, 8.72863499999994019]
    [0.00000000000000000, 0.00000000000000000, 1.50000025913379109, -7.43649100000000374]
  #302 objects/planets/geology/acidic_flowstone_01/acidic_flowstone_01_stm_b.cgf
    [-0.81915157942746963, 0.57357447073513701, 0.00000000000000000, 54.57181200000013632]
    [-0.57357447073513701, -0.81915157942746963, 0.00000000000000000, -9.29780699999992066]
    [0.00000000000000000, 0.00000000000000000, 0.99999849177766764, -7.32576300000000202]
  #303 objects/planets/geology/acidic_flowstone_01/acidic_flowstone_01_stm_a.cgf
    [0.96417967742426869, 1.14906772700322124, 0.00000000000000000, 57.07652000000052794]
    [-1.14906772700322124, 0.96417967742426869, -0.00000000000000000, -8.98875499999985550]
    [-0.00000000000000000, 0.00000000000000000, 1.49999969719940807, -7.23900600000000338]
  #304 objects/planets/geology/acidic_flowstone_01/acidic_flowstone_01_plr_b.cgf
    [0.47923185421982356, 0.87768569079444336, 0.00000000000000000, 19.49562900000000809]
    [-0.87768569079444336, 0.47923185421982356, -0.00000000000000000, 27.86139800000000832]
    [-0.00000000000000000, 0.00000000000000000, 0.99999767095943248, -5.91821200000000402]
  #305 objects/planets/geology/acidic_flowstone_01/acidic_flowstone_01_stt_b.cgf
    [0.42261307406956439, 0.90631026105599399, 0.00000000000000000, -19.62808899999981804]
    [-0.90631026105599399, 0.42261307406956439, -0.00000000000000000, -22.28598399999964386]
    [-0.00000000000000000, 0.00000000000000000, 1.00000004983495416, 5.43749199999999178]
  #306 objects/planets/geology/acidic_flowstone_01/acidic_flowstone_01_stt_b.cgf
    [1.16571270916641634, 0.94398803545939003, 0.00000000000000000, 4.95705300000008720]
    [-0.94398803545939003, 1.16571270916641634, -0.00000000000000000, 6.06792700000005425]
    [-0.00000000000000000, 0.00000000000000000, 1.49999984380085327, 10.36811999999999045]
  #307 objects/planets/geology/acidic_flowstone_01/acidic_flowstone_01_stm_a.cgf
    [1.45544458057244896, -0.36287879622284080, 0.00000000000000000, 46.90845500000068569]
    [0.36287879622284080, 1.45544458057244896, 0.00000000000000000, -11.17843899999979840]
    [0.00000000000000000, 0.00000000000000000, 1.49999998262194989, -6.82008100000000184]
  #308 objects/planets/geology/acidic_flowstone_01/acidic_flowstone_01_stt_f.cgf
    [1.07901337784034279, -1.04198336361897970, 0.00000000000000000, 45.51282100000025821]
    [1.04198336361897970, 1.07901337784034279, 0.00000000000000000, -12.85113699999965320]
    [0.00000000000000000, 0.00000000000000000, 1.49999973320569269, -0.09121600000000285]
  #309 data/objects/planets/geology/acidic_flowstone_01/acidic_flowstone_01_stm_c.cgf
    [1.05984089762597966, -1.69609468043078038, 0.00000000000000000, 11.06010800000058225]
    [1.69609468043078038, 1.05984089762597966, 0.00000000000000000, -22.06138299999975061]
    [0.00000000000000000, 0.00000000000000000, 1.99999997331655832, -7.53844400000000547]
  #310 objects/planets/geology/acidic_flowstone_01/acidic_flowstone_01_stm_a.cgf
    [1.46722043266825897, 0.31187214281361869, 0.00000000000000000, -49.78697499999998399]
    [-0.31187214281361869, 1.46722043266825897, -0.00000000000000000, -9.08399499999995896]
    [-0.00000000000000000, 0.00000000000000000, 1.50000001050079712, -7.31178900000000453]
  #311 objects/planets/geology/acidic_flowstone_01/acidic_flowstone_01_stt_e.cgf
    [-0.98162467844990753, -0.19080910082795660, 0.00000000000000000, 17.93972200000007433]
    [0.19080910082795660, -0.98162467844990753, 0.00000000000000000, 24.11468300000024101]
    [0.00000000000000000, 0.00000000000000000, 0.99999756114735472, 2.47838099999999883]
  #312 objects/planets/geology/acidic_flowstone_01/acidic_flowstone_01_stt_b.cgf
    [1.19795253971117943, -0.90272380445075762, 0.00000000000000000, -4.56045699999958742]
    [0.90272380445075762, 1.19795253971117943, 0.00000000000000000, -25.60372699999970791]
    [0.00000000000000000, 0.00000000000000000, 1.50000018484082664, 14.05282799999999099]
  #313 objects/planets/geology/acidic_flowstone_01/acidic_flowstone_01_stm_a.cgf
    [1.25800722012259958, 0.81695828097474288, 0.00000000000000000, -1.69796299999961775]
    [-0.81695828097474288, 1.25800722012259958, -0.00000000000000000, -9.97044099999993705]
    [-0.00000000000000000, 0.00000000000000000, 1.50000099957759958, -5.45089400000000524]
  #314 data/objects/planets/geology/acidic_flowstone_01/acidic_flowstone_01_stm_b.cgf
    [0.38823004084634416, 1.44888872817651770, 0.00000000000000000, -5.66288699999950040]
    [-1.44888872817651770, 0.38823004084634416, -0.00000000000000000, 17.07359100000030594]
    [-0.00000000000000000, 0.00000000000000000, 1.50000037041746137, -7.22809600000000785]
  #315 objects/planets/geology/acidic_flowstone_01/acidic_flowstone_01_plr_d.cgf
    [0.93357891477417587, 0.35836623864085004, 0.00000000000000000, 6.27138199999990320]
    [-0.35836623864085004, 0.93357891477417587, -0.00000000000000000, 47.94169000000010783]
    [-0.00000000000000000, 0.00000000000000000, 0.99999797555221004, -6.77028100000000421]
  #316 objects/planets/geology/acidic_flowstone_01/acidic_flowstone_01_stt_b.cgf
    [0.96126175378821965, -0.27563713722795219, 0.00000000000000000, -7.51966099999935977]
    [0.27563713722795219, 0.96126175378821965, 0.00000000000000000, -29.70186100000000806]
    [0.00000000000000000, 0.00000000000000000, 0.99999999535761241, -1.61091799999999807]
  #317 objects/planets/geology/acidic_flowstone_01/acidic_flowstone_01_stm_c.cgf
    [-0.89100485355240122, -0.45399072578491806, 0.00000000000000000, 11.16099399999984598]
    [0.45399072578491806, -0.89100485355240122, 0.00000000000000000, 29.76473400000031688]
    [0.00000000000000000, 0.00000000000000000, 0.99999861407536605, -7.37563100000000560]
  #318 objects/planets/geology/acidic_flowstone_01/acidic_flowstone_01_stt_a.cgf
    [-2.97764186112838480, 0.36560503334444333, 0.00000000000000000, -0.81835700000010547]
    [-0.36560503334444333, -2.97764186112838480, 0.00000000000000000, -23.86490099999991799]
    [0.00000000000000000, 0.00000000000000000, 3.00000301559030236, 29.37636700000000189]
  #319 objects/planets/geology/acidic_flowstone_01/acidic_flowstone_01_stm_d.cgf
    [0.66913095941770806, -0.74314329363390774, 0.00000000000000000, 55.33551100000022416]
    [0.74314329363390774, 0.66913095941770806, 0.00000000000000000, -9.03268299999990631]
    [0.00000000000000000, 0.00000000000000000, 0.99999909786175056, -6.69248800000000443]
  #320 objects/planets/geology/acidic_flowstone_01/acidic_flowstone_01_stt_b.cgf
    [0.22494522047035087, 0.97437117966340425, 0.00000000000000000, -36.05544699999973091]
    [-0.97437117966340425, 0.22494522047035087, -0.00000000000000000, -17.08441599999969185]
    [-0.00000000000000000, 0.00000000000000000, 0.99999977398552875, 1.30820199999999431]
  #321 objects/planets/geology/acidic_flowstone_01/acidic_flowstone_01_plr_b.cgf
    [0.27563991629581180, -0.96126073470966589, 0.00000000000000000, -38.30371500000001106]
    [0.96126073470966589, 0.27563991629581180, 0.00000000000000000, -15.93886499999962325]
    [0.00000000000000000, 0.00000000000000000, 0.99999978177504045, -4.15861300000000256]
  #322 objects/planets/geology/acidic_flowstone_01/acidic_flowstone_01_plr_d.cgf
    [0.98409156497256822, -1.13206188301233968, 0.00000000000000000, -9.04096599999957107]
    [1.13206188301233968, 0.98409156497256822, 0.00000000000000000, -29.51382699999976467]
    [0.00000000000000000, 0.00000000000000000, 1.50000010507319725, -3.93761400000000350]
  #323 data/objects/planets/geology/acidic_flowstone_01/acidic_flowstone_01_plr_a.cgf
    [0.88294567484122566, -0.46947095869949951, 0.00000000000000000, 12.41424100000040198]
    [0.46947095869949951, 0.88294567484122566, 0.00000000000000000, 33.79301699999996345]
    [0.00000000000000000, 0.00000000000000000, 0.99999802288957274, -6.02471000000000600]
  #324 objects/planets/geology/acidic_flowstone_01/acidic_flowstone_01_plr_d.cgf
    [0.81695507697282976, 1.25800770118092586, 0.00000000000000000, -30.12232200000016746]
    [-1.25800770118092586, 0.81695507697282976, -0.00000000000000000, -19.56554599999981292]
    [-0.00000000000000000, 0.00000000000000000, 1.49999965800736090, -5.03949200000000275]
  #325 data/objects/planets/geology/acidic_flowstone_01/acidic_flowstone_01_plr_b.cgf
    [0.10453002974183247, -0.99452141145477257, 0.00000000000000000, 2.83964600000035716]
    [0.99452141145477257, 0.10453002974183247, 0.00000000000000000, -13.99899999999979627]
    [0.00000000000000000, 0.00000000000000000, 0.99999968247986026, 4.79720700000000022]
  #326 objects/planets/geology/acidic_flowstone_01/acidic_flowstone_01_plr_c.cgf
    [1.94873849981197855, 0.44990927192156926, 0.00000000000000000, 2.93152000000009139]
    [-0.44990927192156926, 1.94873849981197855, -0.00000000000000000, -11.14468699999997625]
    [-0.00000000000000000, 0.00000000000000000, 2.00000002340260918, 7.64806600000000003]
  #327 data/objects/planets/geology/acidic_flowstone_01/acidic_flowstone_01_stm_b.cgf
    [-0.46947068168617168, 0.88294742968892082, 0.00000000000000000, 1.88968800000020565]
    [-0.88294742968892082, -0.46947068168617168, -0.00000000000000000, -6.74391999999988911]
    [-0.00000000000000000, 0.00000000000000000, 0.99999944227841964, -7.36391200000000623]
  #328 objects/planets/geology/acidic_flowstone_01/acidic_flowstone_01_stt_d.cgf
    [0.99999898672103882, 0.00000000000000000, 0.00000000000000000, 30.65637900000001537]
    [0.00000000000000000, 0.99999898672103882, 0.00000000000000000, -12.39981299999999464]
    [0.00000000000000000, 0.00000000000000000, 0.99999898672103882, 2.60999400000000037]
  #329 objects/planets/geology/acidic_flowstone_01/acidic_flowstone_01_stt_b.cgf
    [1.48153396303351137, -0.23464259878172225, 0.00000000000000000, -0.46167199999945296]
    [0.23464259878172225, 1.48153396303351137, 0.00000000000000000, -27.49044599999979255]
    [0.00000000000000000, 0.00000000000000000, 1.50000001092827406, 15.39447199999999327]
  #330 objects/planets/geology/acidic_flowstone_01/acidic_flowstone_01_stt_f.cgf
    [-1.93185400477462710, -0.51764171203632181, 0.00000000000000000, -5.03754500000013650]
    [0.51764171203632181, -1.93185400477462710, 0.00000000000000000, -26.49904299999980140]
    [0.00000000000000000, 0.00000000000000000, 2.00000320944833954, 13.59286199999999667]
  #331 data/objects/buildingsets/human/colonialism/ruin/structure/col_a_structural_addon_wall_2m_a.cgf
    [-0.08817292857387343, 0.97650376188942389, -0.19663621271464990, -13.64407599999958620]
    [-0.02573664358871024, 0.19510584921458887, 0.98044438661623901, -14.43980899999996836]
    [0.99577257559733257, 0.09150941528776481, 0.00792887572087626, -6.22276900000000666]
  #332 objects/planets/geology/acidic_flowstone_01/acidic_flowstone_01_stm_c.cgf
    [1.09703327890365676, -1.02299458659488707, 0.00000000000000000, -2.40980499999932363]
    [1.02299458659488707, 1.09703327890365676, 0.00000000000000000, -18.46071499999970911]
    [0.00000000000000000, 0.00000000000000000, 1.49999997974151733, -7.71548700000000309]
  #333 objects/planets/geology/acidic_flowstone_01/acidic_flowstone_01_stt_c.cgf
    [-0.48480875380797711, 0.87461834069192523, 0.00000000000000000, 20.47367300000041723]
    [-0.87461834069192523, -0.48480875380797711, -0.00000000000000000, -4.71783199999981662]
    [-0.00000000000000000, 0.00000000000000000, 0.99999838482046588, -2.59537100000000009]
  #334 objects/buildingsets/human/hightech/prop/storage/crate/crate_dry_1_0125x0125x0125_b.cgf
    [-0.93940570936420253, 0.34280975067764846, 0.00000000000000000, 18.77852900000016234]
    [-0.34280975067764846, -0.93940570936420253, 0.00000000000000000, -4.66861399999970672]
    [0.00000000000000000, 0.00000000000000000, 1.00000080597254093, -7.18526800000000776]
  #335 objects/planets/geology/acidic_flowstone_01/acidic_flowstone_01_stt_b.cgf
    [-0.92718844054674809, 0.37460354377693461, 0.00000000000000000, -35.11996099999942089]
    [-0.37460354377693461, -0.92718844054674809, 0.00000000000000000, -6.89715499999965687]
    [0.00000000000000000, 0.00000000000000000, 1.00000310964203920, 2.74679899999999577]
  #336 objects/planets/geology/acidic_flowstone_01/acidic_flowstone_01_stm_b.cgf
    [-0.56190701113484220, -1.39077742898977630, 0.00000000000000000, 49.61380800000006275]
    [1.39077742898977630, -0.56190701113484220, 0.00000000000000000, -15.42024399999991147]
    [0.00000000000000000, 0.00000000000000000, 1.50000044871656768, -7.36383900000000580]
  #337 objects/planets/geology/acidic_flowstone_01/acidic_flowstone_01_stm_b.cgf
    [-0.68404046302234878, -1.87938826375909840, 0.00000000000000000, 15.34514800000033574]
    [1.87938826375909840, -0.68404046302234878, 0.00000000000000000, 11.78221100000018851]
    [0.00000000000000000, 0.00000000000000000, 2.00000290024971461, -7.47405600000000447]
  #338 objects/planets/geology/acidic_flowstone_01/acidic_flowstone_01_plr_a.cgf
    [-0.41345855308150564, -1.44189122180029838, 0.00000000000000000, -0.68403299999954470]
    [1.44189122180029838, -0.41345855308150564, 0.00000000000000000, 16.57317499999999200]
    [0.00000000000000000, 0.00000000000000000, 1.49999942354022608, -6.36112800000000789]
  #339 objects/planets/geology/acidic_flowstone_01/acidic_flowstone_01_plr_b.cgf
    [-0.62931935944929440, -0.77714725432377452, 0.00000000000000000, -37.34940399999959482]
    [0.77714725432377452, -0.62931935944929440, 0.00000000000000000, -13.70785599999999249]
    [0.00000000000000000, 0.00000000000000000, 1.00000035554026279, -5.10989000000000715]
  #340 data/objects/planets/geology/acidic_flowstone_01/acidic_flowstone_01_stt_d.cgf
    [0.01745309304552951, 0.99984796727091496, 0.00000000000000000, 13.77424599999994825]
    [-0.99984796727091496, 0.01745309304552951, -0.00000000000000000, 10.54939100000001417]
    [-0.00000000000000000, 0.00000000000000000, 1.00000028405627805, 1.74744299999998987]
  #341 data/objects/buildingsets/human/colonialism/ruin/structure/col_a_structural_addon_wall_2m_a.cgf
    [0.10181168540147134, 0.00000096031287917, 0.99480454964593634, -15.12104599999929633]
    [-0.99480454964601883, 0.00000097343624319, 0.10181168540053998, -13.54077699999970719]
    [-0.00000087060698569, -1.00000085563943131, 0.00000105442990377, -7.29046400000000716]
  #342 objects/planets/geology/acidic_flowstone_01/acidic_flowstone_01_stm_a.cgf
    [-0.61010739102217182, 1.37031652316088759, 0.00000000000000000, 53.25936799999999494]
    [-1.37031652316088759, -0.61010739102217182, -0.00000000000000000, -13.64716299999963667]
    [-0.00000000000000000, 0.00000000000000000, 1.49999946740911350, -7.44449500000000342]
  #343 data/objects/buildingsets/human/colonialism/ruin/structure/col_a_structural_addon_wall_2m_a.cgf
    [-0.18461064654800952, 0.79555900678268920, 0.57706424045933202, -6.28540100000009261]
    [0.12098094731320377, -0.56429566136585263, 0.81665927941811434, 7.30318000000033862]
    [0.97533629137706368, 0.22057795673968639, 0.00792751109865365, -6.15986700000000553]
  #344 objects/planets/geology/acidic_flowstone_01/acidic_flowstone_01_stm_b.cgf
    [-0.71673518159763216, -1.86716431648069947, 0.00000000000000000, 18.03249000000050728]
    [1.86716431648069947, -0.71673518159763216, 0.00000000000000000, 36.89463400000022375]
    [0.00000000000000000, 0.00000000000000000, 2.00000297631744228, -7.81641400000000175]
  #345 objects/planets/geology/acidic_flowstone_01/acidic_flowstone_01_stt_e.cgf
    [-0.51302012608775138, -1.40954197418250415, 0.00000000000000000, -9.28873500000008789]
    [1.40954197418250415, -0.51302012608775138, 0.00000000000000000, -0.27239699999972800]
    [0.00000000000000000, 0.00000000000000000, 1.49999940891768468, 10.79606499999999869]
  #346 data/objects/planets/geology/acidic_flowstone_01/acidic_flowstone_01_stm_c.cgf
    [1.74923935342144943, -0.96961958670464032, 0.00000000000000000, -2.93811599999935424]
    [0.96961958670464032, 1.74923935342144943, 0.00000000000000000, -30.23074700000006487]
    [0.00000000000000000, 0.00000000000000000, 2.00000011461988869, -7.02370800000000628]
  #347 data/objects/planets/geology/acidic_flowstone_01/acidic_flowstone_01_stm_c.cgf
    [1.74923935342144943, -0.96961958670464032, 0.00000000000000000, -13.11487299999953393]
    [0.96961958670464032, 1.74923935342144943, 0.00000000000000000, -30.22173499999962587]
    [0.00000000000000000, 0.00000000000000000, 2.00000011461988869, -8.13498200000000793]
  #348 objects/planets/geology/acidic_flowstone_01/acidic_flowstone_01_stt_f.cgf
    [-0.97437062200550739, 0.22494866997073187, 0.00000000000000000, 51.03850000000056752]
    [-0.22494866997073187, -0.97437062200550739, 0.00000000000000000, -15.93620699999974022]
    [0.00000000000000000, 0.00000000000000000, 1.00000000657450050, -3.82615400000000250]
  #349 data/objects/buildingsets/human/colonialism/ruin/structure/col_a_structural_addon_floor_2m_c.cgf
    [0.81834431507725358, -0.62514061287688560, 0.00000000000000000, -7.73478199999954086]
    [0.62514061287688560, 0.81834431507725358, 0.00000000000000000, -14.42101899999988746]
    [0.00000000000000000, 0.00000000000000000, 1.02980007957241271, -7.06021200000000704]
  #350 objects/planets/geology/acidic_flowstone_01/acidic_flowstone_01_stm_b.cgf
    [1.63830608622832274, -1.14714984818786969, 0.00000000000000000, 18.16694199999983539]
    [1.14714984818786969, 1.63830608622832274, 0.00000000000000000, 24.29271900000003370]
    [0.00000000000000000, 0.00000000000000000, 1.99999990159255181, -7.81641400000000175]
  #351 objects/planets/geology/acidic_flowstone_01/acidic_flowstone_01_plr_a.cgf
    [-0.01745396026359163, 0.99984796222583483, 0.00000000000000000, -38.42143299999952433]
    [-0.99984796222583483, -0.01745396026359163, -0.00000000000000000, -3.45671099999981379]
    [-0.00000000000000000, 0.00000000000000000, 1.00000029414797553, -4.25086400000000708]
  #352 objects/buildingsets/human/lowtech/alpha/int/roomsm/partition/roomsm_partition_tarp_draped_a.cgf
    [0.73871073373992258, 0.67402245905534097, 0.00000000000000000, 14.43330000000059954]
    [-0.67402245905534097, 0.73871073373992258, -0.00000000000000000, -1.54975799999965602]
    [-0.00000000000000000, 0.00000000000000000, 0.99999991172678793, -5.32672400000000579]
  #353 objects/planets/geology/acidic_flowstone_01/acidic_flowstone_01_stt_f.cgf
    [1.22872226957379294, 0.86037295808813896, 0.00000000000000000, -17.39512800000011339]
    [-0.86037295808813896, 1.22872226957379294, -0.00000000000000000, -23.77730399999973088]
    [-0.00000000000000000, 0.00000000000000000, 1.50000001425196916, 4.68552099999999427]
  #354 data/objects/buildingsets/human/colonialism/col_a/ext/addons/col_a_greenhouse_cover_b.cgf
    [-0.87697663536283577, -0.48053215139051220, 0.00000000000000000, 4.51965100000052189]
    [0.48053215139051220, -0.87697663536283577, 0.00000000000000000, 8.88658900000018548]
    [0.00000000000000000, 0.00000000000000000, 0.99999958374607034, -7.19490200000000613]
  #355 objects/planets/geology/acidic_flowstone_01/acidic_flowstone_01_pil_d.cgf
    [0.74314616827502500, 0.66912921159441119, 0.00000000000000000, 23.88653500000054919]
    [-0.66912921159441119, 0.74314616827502500, -0.00000000000000000, -4.16184399999974630]
    [-0.00000000000000000, 0.00000000000000000, 1.00000006461540303, -7.60190200000000260]
  #356 objects/planets/geology/acidic_flowstone_01/acidic_flowstone_01_stm_a.cgf
    [-0.88167470912829771, 1.21352564136644725, 0.00000000000000000, -15.10269499999958498]
    [-1.21352564136644725, -0.88167470912829771, 0.00000000000000000, 6.74752100000023347]
    [0.00000000000000000, 0.00000000000000000, 1.49999825832242761, -7.43649100000000374]
  #357 data/objects/buildingsets/human/lowtech/prop/storage/drum/drum_dry_1_a.cgf
    [0.81102525304760731, -0.58501102821935336, 0.00000000000000000, 5.19154500000058761]
    [0.58501102821935336, 0.81102525304760731, 0.00000000000000000, 9.19646899999997913]
    [0.00000000000000000, 0.00000000000000000, 0.99999993210959792, -7.19303500000000184]
  #358 data/objects/planets/geology/acidic_flowstone_01/acidic_flowstone_01_pil_a.cgf
    [1.00369745615207817, 1.11471606996920269, 0.00000000000000000, 6.66525700000056531]
    [-1.11471606996920269, 1.00369745615207817, -0.00000000000000000, 18.30847399999993286]
    [-0.00000000000000000, 0.00000000000000000, 1.50000016671123637, -7.34593600000000180]
  #359 data/objects/buildingsets/human/lowtech/prop/storage/drum/drum_dry_1_a.cgf
    [-0.39728057187649751, 0.91769670597223552, 0.00000000000000000, -11.89418200000000070]
    [-0.91769670597223552, -0.39728057187649751, -0.00000000000000000, 13.41872600000033344]
    [-0.00000000000000000, 0.00000000000000000, 0.99999954847130235, -7.19303500000000184]
  #360 objects/planets/geology/acidic_flowstone_01/acidic_flowstone_01_plr_c.cgf
    [-0.78800857601854091, -0.61566452726831389, 0.00000000000000000, -49.53684199999952398]
    [0.61566452726831389, -0.78800857601854091, 0.00000000000000000, -5.31444599999986167]
    [0.00000000000000000, 0.00000000000000000, 1.00000016300762895, -7.73292200000000207]
  #361 objects/planets/geology/acidic_flowstone_01/acidic_flowstone_01_stt_e.cgf
    [-2.97764186112838480, 0.36560503334444333, 0.00000000000000000, 1.17932900000050722]
    [-0.36560503334444333, -2.97764186112838480, 0.00000000000000000, -17.58413199999995413]
    [0.00000000000000000, 0.00000000000000000, 3.00000301559030236, 33.06716799999999523]
  #362 objects/planets/geology/acidic_flowstone_01/acidic_flowstone_01_stt_e.cgf
    [0.22494772474748184, 0.97437077356224233, 0.00000000000000000, 15.80878900000061549]
    [-0.97437077356224233, 0.22494772474748184, -0.00000000000000000, 39.50162399999999252]
    [-0.00000000000000000, 0.00000000000000000, 0.99999994162067396, 0.96421199999998919]
  #363 objects/planets/geology/acidic_flowstone_01/acidic_flowstone_01_pil_d.cgf
    [-0.97437018607633741, -0.22495453589370984, 0.00000000000000000, 5.85319800000070245]
    [0.22495453589370984, -0.97437018607633741, 0.00000000000000000, -15.69483099999979459]
    [0.00000000000000000, 0.00000000000000000, 1.00000090136638975, -7.65210700000000799]
  #364 objects/planets/geology/acidic_flowstone_01/acidic_flowstone_01_stm_b.cgf
    [1.04199028428290008, -1.07900679361818486, 0.00000000000000000, -34.99003699999957462]
    [1.07900679361818486, 1.04199028428290008, 0.00000000000000000, -18.43958199999997305]
    [0.00000000000000000, 0.00000000000000000, 1.49999980440470559, -7.40986800000000301]
  #365 objects/planets/geology/acidic_flowstone_01/acidic_flowstone_01_stt_d.cgf
    [0.22494522047035087, 0.97437117966340425, 0.00000000000000000, -33.76122399999985646]
    [-0.97437117966340425, 0.22494522047035087, -0.00000000000000000, -9.65824099999963437]
    [-0.00000000000000000, 0.00000000000000000, 0.99999977398552875, -3.69216800000000234]
  #366 objects/planets/geology/acidic_flowstone_01/acidic_flowstone_01_stt_d.cgf
    [-0.98162467844990753, -0.19080910082795660, 0.00000000000000000, 20.18221200000061799]
    [0.19080910082795660, -0.98162467844990753, 0.00000000000000000, 25.04363800000010087]
    [0.00000000000000000, 0.00000000000000000, 0.99999756114735472, 3.22629799999999989]
  #367 objects/planets/geology/acidic_flowstone_01/acidic_flowstone_01_pil_a.cgf
    [0.97437061517716295, 0.22494867070059540, 0.00000000000000000, 40.05094199999984994]
    [-0.22494867070059540, 0.97437061517716295, -0.00000000000000000, -19.45821599999999307]
    [-0.00000000000000000, 0.00000000000000000, 1.00000000008534395, -7.52253100000000785]
  #368 objects/planets/geology/acidic_flowstone_01/acidic_flowstone_01_stt_b.cgf
    [0.03490054482007133, -0.99938963789145474, 0.00000000000000000, -17.05194599999958882]
    [0.99938963789145474, 0.03490054482007133, 0.00000000000000000, -1.77647999999999229]
    [0.00000000000000000, 0.00000000000000000, 0.99999884817611218, 2.41145699999999863]
  #369 objects/buildingsets/human/hightech/prop/storage/crate/crate_dry_1_0125x0125x0125_b.cgf
    [-0.98175634915271071, -0.19014911877065471, 0.00000000000000000, -5.39844999999968422]
    [0.19014911877065471, -0.98175634915271071, 0.00000000000000000, 11.84648100000003978]
    [0.00000000000000000, 0.00000000000000000, 1.00000110823484389, -7.16587100000000277]
  #370 objects/planets/geology/acidic_flowstone_01/acidic_flowstone_01_pil_c.cgf
    [-0.95630501027585324, -0.29237282011057542, 0.00000000000000000, -41.08590199999980541]
    [0.29237282011057542, -0.95630501027585324, 0.00000000000000000, -8.99842300000000250]
    [0.00000000000000000, 0.00000000000000000, 1.00000056930889314, -7.31470300000000151]
  #371 data/objects/buildingsets/human/colonialism/ruin/structure/col_a_structural_addon_wall_2m_a.cgf
    [-0.78749499015583135, -0.05390898638736470, -0.61395874666097294, -1.71361499999966327]
    [0.61432348443772111, 0.01147862273722882, -0.78897070834328964, -15.85211399999980131]
    [0.04958001495686444, -0.99847981619164539, 0.02407819989396633, -3.64220100000000713]
  #372 objects/planets/geology/acidic_flowstone_01/acidic_flowstone_01_stm_c.cgf
    [-1.33650851151336703, 0.68097797887744449, 0.00000000000000000, -35.36771099999987200]
    [-0.68097797887744449, -1.33650851151336703, 0.00000000000000000, -5.95386499999995067]
    [0.00000000000000000, 0.00000000000000000, 1.49999533634731219, -7.67653500000000832]
  #373 objects/planets/geology/acidic_flowstone_01/acidic_flowstone_01_pil_b.cgf
    [-0.94552145900775364, 0.32556953724142756, 0.00000000000000000, 46.98027600000023085]
    [-0.32556953724142756, -0.94552145900775364, 0.00000000000000000, -11.08059199999979683]
    [0.00000000000000000, 0.00000000000000000, 1.00000317650682935, -7.38386500000000723]
  #374 objects/planets/geology/acidic_flowstone_01/acidic_flowstone_01_plr_d.cgf
    [0.99451986912195511, 0.10452838583012386, 0.00000000000000000, 5.84032500000012078]
    [-0.10452838583012386, 0.99451986912195511, -0.00000000000000000, 51.78032600000005914]
    [-0.00000000000000000, 0.00000000000000000, 0.99999797675925428, -6.37094300000000402]
  #375 objects/planets/geology/acidic_flowstone_01/acidic_flowstone_01_stt_a.cgf
    [-0.32556977204502713, 0.94551772328784145, 0.00000000000000000, 21.53613899999982095]
    [-0.94551772328784145, -0.32556977204502713, -0.00000000000000000, -14.09994499999993423]
    [-0.00000000000000000, 0.00000000000000000, 0.99999972076039811, 6.61544999999999561]
  #376 objects/planets/geology/acidic_flowstone_01/acidic_flowstone_01_stt_b.cgf
    [-0.34201341739183427, -0.93969464945500258, 0.00000000000000000, -15.35728899999958230]
    [0.93969464945500258, -0.34201341739183427, 0.00000000000000000, -14.60936399999991409]
    [0.00000000000000000, 0.00000000000000000, 0.99999960594512305, 8.35282699999999068]
  #377 objects/planets/geology/acidic_flowstone_01/acidic_flowstone_01_stt_e.cgf
    [0.19078886108664692, 0.98162888638223267, 0.00000000000000000, 19.98606199999994715]
    [-0.98162888638223267, 0.19078886108664692, -0.00000000000000000, 30.31153500000027634]
    [-0.00000000000000000, 0.00000000000000000, 0.99999783004502674, -1.72020700000000204]
  #378 objects/planets/geology/acidic_flowstone_01/acidic_flowstone_01_plr_d.cgf
    [-1.33651641670180243, 0.68097688382117116, 0.00000000000000000, -16.06375099999968370]
    [-0.68097688382117116, -1.33651641670180243, 0.00000000000000000, -27.91654399999970337]
    [0.00000000000000000, 0.00000000000000000, 1.50000188280289160, -5.83380500000000524]
  #379 objects/planets/geology/acidic_flowstone_01/acidic_flowstone_01_stm_d.cgf
    [-1.07901054845992928, -1.04198620376758888, 0.00000000000000000, -1.95626999999967666]
    [1.04198620376758888, -1.07901054845992928, 0.00000000000000000, -6.33466799999996510]
    [0.00000000000000000, 0.00000000000000000, 1.49999967084322661, -7.21725900000000564]
  #380 objects/buildingsets/human/hightech/prop/storage/crate/crate_dry_1_0125x0125x0125_b.cgf
    [0.12107416433838161, -0.99264325965002309, 0.00000000000000000, 15.42262100000061764]
    [0.99264325965002309, 0.12107416433838161, 0.00000000000000000, -11.29334699999981240]
    [0.00000000000000000, 0.00000000000000000, 0.99999979709940967, -7.18527200000000477]
  #381 objects/planets/geology/acidic_flowstone_01/acidic_flowstone_01_stt_f.cgf
    [0.77714443892600360, 0.62932224202436093, 0.00000000000000000, 10.56627400000070338]
    [-0.62932224202436093, 0.77714443892600360, -0.00000000000000000, 15.42473599999993894]
    [-0.00000000000000000, 0.00000000000000000, 0.99999998163009041, 2.85431099999999560]
  #382 objects/planets/geology/acidic_flowstone_01/acidic_flowstone_01_stt_b.cgf
    [0.99756223710601477, -0.06975335760999767, 0.00000000000000000, 14.00428400000055262]
    [0.06975335760999767, 0.99756223710601477, 0.00000000000000000, 9.59709100000009130]
    [0.00000000000000000, 0.00000000000000000, 0.99999797389686007, 1.98282499999999118]
  #383 objects/planets/geology/acidic_flowstone_01/acidic_flowstone_01_stm_c.cgf
    [0.27563991629581180, 0.96126073470966589, 0.00000000000000000, 38.02590099999997619]
    [-0.96126073470966589, 0.27563991629581180, -0.00000000000000000, -13.37759699999969598]
    [-0.00000000000000000, 0.00000000000000000, 0.99999978177504045, -7.33327300000000548]
  #384 objects/planets/geology/acidic_flowstone_01/acidic_flowstone_01_plr_d.cgf
    [0.72721554884061446, 1.31192858255603606, 0.00000000000000000, -6.91581799999948998]
    [-1.31192858255603606, 0.72721554884061446, -0.00000000000000000, 17.45174600000018472]
    [-0.00000000000000000, 0.00000000000000000, 1.49999968673431594, -5.41631900000000854]
  #385 objects/planets/geology/acidic_flowstone_01/acidic_flowstone_01_stt_b.cgf
    [-1.33651641670180243, 0.68097688382117116, 0.00000000000000000, -14.65637900000001537]
    [-0.68097688382117116, -1.33651641670180243, 0.00000000000000000, -27.11724999999978536]
    [0.00000000000000000, 0.00000000000000000, 1.50000188280289160, 3.99444899999998881]
  #386 objects/planets/geology/acidic_flowstone_01/acidic_flowstone_01_plr_d.cgf
    [-0.03490788515572181, 1.99969389820186061, 0.00000000000000000, 13.47129600000062055]
    [-1.99969389820186061, -0.03490788515572181, -0.00000000000000000, -22.68940199999997276]
    [-0.00000000000000000, 0.00000000000000000, 1.99999856173743273, -3.97427600000000325]
  #387 objects/planets/geology/acidic_flowstone_01/acidic_flowstone_01_plr_c.cgf
    [0.46352639123083789, -1.42658428104457613, 0.00000000000000000, 15.13539700000001176]
    [1.42658428104457613, 0.46352639123083789, 0.00000000000000000, 4.58187200000020312]
    [0.00000000000000000, 0.00000000000000000, 1.49999980876363925, -4.49580200000000474]
  #388 objects/planets/geology/acidic_flowstone_01/acidic_flowstone_01_plr_b.cgf
    [-0.89100563893678963, 0.45398530121183789, 0.00000000000000000, -48.05396500000006199]
    [-0.45398530121183789, -0.89100563893678963, 0.00000000000000000, -8.96718799999962357]
    [0.00000000000000000, 0.00000000000000000, 0.99999685116182269, -4.09782500000000738]
  #389 objects/planets/geology/acidic_flowstone_01/acidic_flowstone_01_stt_b.cgf
    [-0.99984681939897113, 0.01745131733014064, 0.00000000000000000, 0.24960700000065117]
    [-0.01745131733014064, -0.99984681939897113, 0.00000000000000000, 11.02740900000026159]
    [0.00000000000000000, 0.00000000000000000, 0.99999910536899783, 2.52663199999999222]
  #390 objects/planets/geology/acidic_flowstone_01/acidic_flowstone_01_stt_f.cgf
    [0.33742158712122228, 1.46155616034336377, 0.00000000000000000, 13.85267500000009022]
    [-1.46155616034336377, 0.33742158712122228, -0.00000000000000000, 42.88202100000034989]
    [-0.00000000000000000, 0.00000000000000000, 1.49999991243101105, -1.00797000000000025]
  #391 data/objects/buildingsets/human/colonialism/col_a/ext/addons/col_a_greenhouse_cover_b.cgf
    [-0.01030837083677809, -0.99994707971798313, 0.00000000000000000, -14.66553699999985838]
    [0.99994707971798313, -0.01030837083677809, 0.00000000000000000, -9.63152199999967706]
    [0.00000000000000000, 0.00000000000000000, 1.00000021237289305, -7.25924200000000752]
  #392 objects/planets/geology/acidic_flowstone_01/acidic_flowstone_01_stt_e.cgf
    [2.98356628131120249, -0.31357981098995252, 0.00000000000000000, 0.73729199999979755]
    [0.31357981098995252, 2.98356628131120249, 0.00000000000000000, -26.07225199999993492]
    [0.00000000000000000, 0.00000000000000000, 3.00000000880627526, 29.33870899999999438]
  #393 data/objects/planets/geology/acidic_flowstone_01/acidic_flowstone_01_plr_b.cgf
    [-0.95105492581653239, 0.30901550400855254, 0.00073109630320121, 1.92090499999994790]
    [-0.30901602344800350, -0.95105473842535626, -0.00075492411163309, -9.30658700000003591]
    [0.00046203013675215, -0.00094389637758192, 0.99999774186101842, -4.21143000000000711]
  #394 objects/planets/geology/acidic_flowstone_01/acidic_flowstone_01_pil_a.cgf
    [-1.43445842741730667, -0.43855950899431245, 0.00000000000000000, -38.41815700000006473]
    [0.43855950899431245, -1.43445842741730667, 0.00000000000000000, -15.96924799999987954]
    [0.00000000000000000, 0.00000000000000000, 1.50000180763819890, -7.49952600000000302]
  #395 objects/planets/geology/acidic_flowstone_01/acidic_flowstone_01_ldg_c.cgf
    [-0.22495045995370155, -0.97437036323603787, 0.00000000000000000, 37.71671100000003207]
    [0.97437036323603787, -0.22495045995370155, 0.00000000000000000, -15.39141999999992549]
    [0.00000000000000000, 0.00000000000000000, 1.00000015709304257, -2.08599800000000357]
  #396 objects/planets/geology/acidic_flowstone_01/acidic_flowstone_01_stt_e.cgf
    [-0.51302012608775138, -1.40954197418250415, 0.00000000000000000, 11.43488000000070315]
    [1.40954197418250415, -0.51302012608775138, 0.00000000000000000, 3.03976600000032704]
    [0.00000000000000000, 0.00000000000000000, 1.49999940891768468, 14.19065299999999752]
  #397 data/objects/buildingsets/human/colonialism/col_a/ext/addons/col_a_greenhouse_cover_b.cgf
    [0.99576560695442484, -0.09192854751942006, 0.00000000000000000, 13.70141300000068441]
    [0.09192854751942006, 0.99576560695442484, 0.00000000000000000, -11.08610099999987142]
    [0.00000000000000000, 0.00000000000000000, 1.00000000092117225, -7.25007800000000202]
  #398 objects/buildingsets/human/hightech/prop/storage/crate/crate_dry_1_0125x0125x0125_b.cgf
    [-0.92227560951423559, 0.38652430608980437, 0.00000000000000000, -11.27164600000014616]
    [-0.38652430608980437, -0.92227560951423559, 0.00000000000000000, -17.53200900000001639]
    [0.00000000000000000, 0.00000000000000000, 0.99999666954598387, -5.91892100000000454]
  #399 objects/planets/geology/acidic_flowstone_01/acidic_flowstone_01_stt_c.cgf
    [-0.48480875380797711, 0.87461834069192523, 0.00000000000000000, 30.03694900000027701]
    [-0.87461834069192523, -0.48480875380797711, -0.00000000000000000, -12.82438400000000911]
    [-0.00000000000000000, 0.00000000000000000, 0.99999838482046588, 3.47298699999998917]
  #400 objects/planets/geology/acidic_flowstone_01/acidic_flowstone_01_stt_f.cgf
    [0.38823752542026829, -1.44888606307312817, 0.00000000000000000, -16.67846699999972770]
    [1.44888606307312817, 0.38823752542026829, 0.00000000000000000, -12.37262199999986478]
    [0.00000000000000000, 0.00000000000000000, 1.49999973330397673, 6.73611400000000060]
  #401 objects/buildingsets/human/hightech/prop/storage/crate/crate_dry_1_0125x0125x0125_b.cgf
    [0.89745710263163292, -0.44110174482129627, 0.00000000000000000, -22.60304699999960576]
    [0.44110174482129627, 0.89745710263163292, 0.00000000000000000, -19.94109399999979360]
    [0.00000000000000000, 0.00000000000000000, 1.00000000017417867, -7.18058300000000571]
  #402 data/objects/buildingsets/human/colonialism/ruin/structure/col_a_structural_addon_wall_2m_a.cgf
    [0.98048812029959087, 0.00000000000000001, -0.19657696700346972, -17.83821299999999610]
    [0.19657696700345442, 0.00000039471431835, 0.98048812029951460, -18.05902399999968111]
    [0.00000007759176461, -0.99999972900233958, 0.00000038701280493, -7.12352500000000788]
  #403 objects/planets/geology/acidic_flowstone_01/acidic_flowstone_01_stt_a.cgf
    [-0.29237535513511947, 0.95630332392673145, 0.00000000000000000, 10.53285500000038155]
    [-0.95630332392673145, -0.29237535513511947, -0.00000000000000000, 24.79423799999995026]
    [-0.00000000000000000, 0.00000000000000000, 0.99999969782180553, 3.69046000000000163]
  #404 objects/planets/geology/acidic_flowstone_01/acidic_flowstone_01_pil_a.cgf
    [0.43836958034034396, -0.89879503926825388, 0.00000000000000000, 25.43906100000003789]
    [0.89879503926825388, 0.43836958034034396, 0.00000000000000000, -7.85652099999970233]
    [0.00000000000000000, 0.00000000000000000, 1.00000020579047444, -7.44668400000000474]
  #405 objects/planets/geology/acidic_flowstone_01/acidic_flowstone_01_pil_a.cgf
    [-0.99939169464701283, -0.03489668070320272, 0.00000000000000000, 30.29140100000040547]
    [0.03489668070320272, -0.99939169464701283, 0.00000000000000000, -11.30200799999965966]
    [0.00000000000000000, 0.00000000000000000, 1.00000076882646893, -7.46081900000000786]
  #406 objects/planets/geology/acidic_flowstone_01/acidic_flowstone_01_plr_b.cgf
    [-0.32556911225902629, -0.94551580714140859, 0.00000000000000000, 19.41724900000008347]
    [0.94551580714140859, -0.32556911225902629, 0.00000000000000000, 31.63526700000011260]
    [0.00000000000000000, 0.00000000000000000, 0.99999769420304163, 1.89963399999999183]
  #407 objects/planets/geology/acidic_flowstone_01/acidic_flowstone_01_plr_a.cgf
    [2.92310774971796761, 0.67486390788235384, 0.00000000000000000, 0.72201800000038929]
    [-0.67486390788235384, 2.92310774971796761, -0.00000000000000000, -10.83351599999969039]
    [-0.00000000000000000, 0.00000000000000000, 3.00000003510391355, 15.56615699999998981]
  #408 objects/planets/geology/acidic_flowstone_01/acidic_flowstone_01_stt_b.cgf
    [-0.89879232150336574, 0.43836834218528614, 0.00000000000000000, 8.66407200000048761]
    [-0.43836834218528614, -0.89879232150336574, 0.00000000000000000, 17.17124300000023140]
    [0.00000000000000000, 0.00000000000000000, 0.99999722030797922, 0.64423199999998815]
  #409 objects/planets/geology/acidic_flowstone_01/acidic_flowstone_01_plr_d.cgf
    [0.48835209397757251, -1.41827734802052752, 0.00000000000000000, -0.64823199999955250]
    [1.41827734802052752, 0.48835209397757251, 0.00000000000000000, -7.72920699999986027]
    [0.00000000000000000, 0.00000000000000000, 1.49999946786671234, -6.09593300000000227]
  #410 data/objects/buildingsets/human/lowtech/prop/tool/welder_a/tool_welder_a.cgf
    [-0.97819174948595722, 0.20770423454096681, 0.00000000000000000, 13.13705800000025192]
    [-0.20770423454096681, -0.97819174948595722, 0.00000000000000000, -17.03502200000002631]
    [0.00000000000000000, 0.00000000000000000, 1.00000007390432066, -7.22921600000000808]
  #411 objects/planets/geology/acidic_flowstone_01/acidic_flowstone_01_pil_c.cgf
    [-0.99862762270632532, -0.05233401507610473, 0.00000000000000000, 44.82642200000009325]
    [0.05233401507610473, -0.99862762270632532, 0.00000000000000000, -11.94905799999969531]
    [0.00000000000000000, 0.00000000000000000, 0.99999798898101411, -7.44433500000000237]
  #412 objects/planets/geology/acidic_flowstone_01/acidic_flowstone_01_stt_f.cgf
    [1.99969542769712305, -0.03490267209683216, 0.00000000000000000, 1.28656899999987218]
    [0.03490267209683216, 1.99969542769712305, 0.00000000000000000, -28.46108299999968949]
    [0.00000000000000000, 0.00000000000000000, 2.00000000001806955, 10.58292099999999891]
  #413 objects/planets/geology/acidic_flowstone_01/acidic_flowstone_01_pil_c.cgf
    [0.32557038168508662, 0.94551765844102176, 0.00000000000000000, 31.63681400000041322]
    [-0.94551765844102176, 0.32557038168508662, -0.00000000000000000, -20.76404099999990649]
    [-0.00000000000000000, 0.00000000000000000, 0.99999985792717283, -7.53027800000000269]
  #414 objects/planets/geology/acidic_flowstone_01/acidic_flowstone_01_stm_c.cgf
    [-1.44889004299152258, -0.38823116061195767, 0.00000000000000000, -36.65334299999994982]
    [0.38823116061195767, -1.44889004299152258, 0.00000000000000000, -14.11792100000002392]
    [0.00000000000000000, 0.00000000000000000, 1.50000193024878592, -7.77410200000000629]
  #415 objects/planets/geology/acidic_flowstone_01/acidic_flowstone_01_plr_c.cgf
    [-1.44189160272921102, 0.41345259973335352, 0.00000000000000000, 1.67679000000043743]
    [-0.41345259973335352, -1.44189160272921102, 0.00000000000000000, -10.90634299999965151]
    [0.00000000000000000, 0.00000000000000000, 1.49999814874795145, -0.49018399999999929]
  #416 data/objects/planets/geology/acidic_flowstone_01/acidic_flowstone_01_stm_b.cgf
    [0.92050478747690434, 0.39073135982498064, 0.00000000000000000, 5.22441800000069634]
    [-0.39073135982498064, 0.92050478747690434, -0.00000000000000000, -11.36725299999989147]
    [-0.00000000000000000, 0.00000000000000000, 1.00000002965928925, -6.17590100000000319]
  #417 objects/planets/geology/acidic_flowstone_01/acidic_flowstone_01_stt_b.cgf
    [-0.51302012608775138, -1.40954197418250415, 0.00000000000000000, -7.72386000000005879]
    [1.40954197418250415, -0.51302012608775138, 0.00000000000000000, -0.24065399999972215]
    [0.00000000000000000, 0.00000000000000000, 1.49999940891768468, 11.89528599999999869]
  #418 objects/planets/geology/acidic_flowstone_01/acidic_flowstone_01_pil_d.cgf
    [-0.58778351312155863, 0.80901760860384142, 0.00000000000000000, -7.24744099999952596]
    [-0.80901760860384142, -0.58778351312155863, 0.00000000000000000, 16.37315300000000207]
    [0.00000000000000000, 0.00000000000000000, 0.99999947466416206, -7.67745200000000239]
  #419 data/objects/planets/geology/acidic_flowstone_01/acidic_flowstone_01_stm_b.cgf
    [1.50000000000000000, 0.00000000000000000, 0.00000000000000000, -15.46920099999988452]
    [0.00000000000000000, 1.50000000000000000, 0.00000000000000000, 4.37436800000023140]
    [0.00000000000000000, 0.00000000000000000, 1.50000000000000000, -7.43649100000000374]
  #420 data/objects/buildingsets/human/colonialism/col_a/ext/addons/col_a_greenhouse_cover_b.cgf
    [-0.99993966918668198, 0.01102983127326065, 0.00000000000000000, 7.82331800000065414]
    [-0.01102983127326065, -0.99993966918668198, 0.00000000000000000, 15.74595300000009956]
    [0.00000000000000000, 0.00000000000000000, 1.00000049959541881, -7.19490200000000613]
  #421 objects/buildingsets/human/hightech/prop/storage/crate/crate_dry_1_0125x0125x0125_b.cgf
    [-0.97184993916496365, -0.23560857255779830, 0.00000000000000000, -5.39844999999968422]
    [0.23560857255779830, -0.97184993916496365, 0.00000000000000000, 11.84648100000003978]
    [0.00000000000000000, 0.00000000000000000, 1.00000185185711898, -5.93590200000000578]
  #422 objects/buildingsets/human/hightech/prop/storage/crate/crate_dry_1_0125x0125x0125_b.cgf
    [0.12107416433838161, -0.99264325965002309, 0.00000000000000000, 14.18182299999989482]
    [0.99264325965002309, 0.12107416433838161, 0.00000000000000000, -11.14200399999981528]
    [0.00000000000000000, 0.00000000000000000, 0.99999979709940967, -7.18527200000000477]
  #423 objects/planets/geology/acidic_flowstone_01/acidic_flowstone_01_stt_h.cgf
    [1.49794429444962485, 0.07850406271276740, 0.00000000000000000, 13.29656800000066141]
    [-0.07850406271276740, 1.49794429444962485, -0.00000000000000000, 21.71956600000021353]
    [-0.00000000000000000, 0.00000000000000000, 1.49999999904553150, 1.47990699999999720]
  #424 objects/buildingsets/human/lowtech/prop/utilitarian/tank/tank_liquid_1_0125x025x0125_a.cgf
    [1.00000000000000000, 0.00000000000000000, 0.00000000000000000, 17.16716200000064418]
    [0.00000000000000000, 1.00000000000000000, 0.00000000000000000, -15.42898500000001150]
    [0.00000000000000000, 0.00000000000000000, 1.00000000000000000, -7.12262100000000231]
  #425 data/objects/planets/geology/acidic_flowstone_01/acidic_flowstone_01_plr_a.cgf
    [-0.98162467844990753, -0.19080910082795660, 0.00000000000000000, 18.64106799999990471]
    [0.19080910082795660, -0.98162467844990753, 0.00000000000000000, 23.88384700000005978]
    [0.00000000000000000, 0.00000000000000000, 0.99999756114735472, -4.60883500000000623]
  #426 objects/planets/cave/acidic01/uni/uni_m_001/uni_m_001_water_06.cgf
    [1.00000000000000000, 0.00000000000000000, 0.00000000000000000, 14.50179400000070018]
    [0.00000000000000000, 1.00000000000000000, 0.00000000000000000, 25.24311299999999392]
    [0.00000000000000000, 0.00000000000000000, 1.00000000000000000, -3.26663500000000795]
  #427 data/objects/planets/geology/acidic_flowstone_01/acidic_flowstone_01_plr_a.cgf
    [0.39073031235293482, -0.92050314876112549, 0.00000000000000000, 18.44665200000054028]
    [0.92050314876112549, 0.39073031235293482, 0.00000000000000000, 36.69549800000004325]
    [0.00000000000000000, 0.00000000000000000, 0.99999811193350197, -5.12131600000000731]
  #428 data/objects/buildingsets/human/colonialism/ruin/structure/col_a_structural_addon_floor_2m_c.cgf
    [0.93505879004755477, -0.35449274848305534, 0.00000000000000000, -3.81163000000015018]
    [0.35449274848305534, 0.93505879004755477, 0.00000000000000000, -9.72178499999972701]
    [0.00000000000000000, 0.00000000000000000, 1.00000002478613359, -3.65237000000000478]
  #429 objects/planets/geology/acidic_flowstone_01/acidic_flowstone_01_plr_c.cgf
    [-0.26047470767469794, 1.47721120375717030, 0.00000000000000000, 1.71940499999982421]
    [-1.47721120375717030, -0.26047470767469794, -0.00000000000000000, -14.17840999999998530]
    [-0.00000000000000000, 0.00000000000000000, 1.50000000461464245, -2.18805300000001068]
  #430 objects/planets/geology/acidic_flowstone_01/acidic_flowstone_01_pil_a.cgf
    [-0.95630501027585324, -0.29237282011057542, 0.00000000000000000, -36.87860599999930855]
    [0.29237282011057542, -0.95630501027585324, 0.00000000000000000, -12.12790199999972174]
    [0.00000000000000000, 0.00000000000000000, 1.00000056930889314, -7.44039200000000278]
  #431 objects/planets/geology/acidic_flowstone_01/acidic_flowstone_01_stt_a.cgf
    [-2.97764186112838480, 0.36560503334444333, 0.00000000000000000, 7.79198600000017905]
    [-0.36560503334444333, -2.97764186112838480, 0.00000000000000000, -14.13819899999998597]
    [0.00000000000000000, 0.00000000000000000, 3.00000301559030236, 36.41395699999999636]
  #432 objects/planets/geology/acidic_flowstone_01/acidic_flowstone_01_plr_a.cgf
    [0.81696080903904011, 1.25800391110534115, 0.00000000000000000, -17.75799199999983102]
    [-1.25800391110534115, 0.81696080903904011, -0.00000000000000000, 8.90381500000012238]
    [-0.00000000000000000, 0.00000000000000000, 1.49999960128729981, -6.36112800000000789]
  #433 objects/buildingsets/human/lowtech/alpha/ext/prop/shipping_container_1_025x05x025_c.cgf
    [-0.26399436363063533, 0.98524480291940819, 0.00000000000000000, -3.84477400000014313]
    [-0.98524480291940819, -0.26399436363063533, -0.00000000000000000, 13.47915000000011787]
    [-0.00000000000000000, 0.00000000000000000, 1.02000016946491123, -7.28234500000000651]
  #434 data/objects/buildingsets/human/lowtech/prop/storage/drum/drum_dry_1_a.cgf
    [0.81102525304760731, -0.58501102821935336, 0.00000000000000000, -16.19604799999979150]
    [0.58501102821935336, 0.81102525304760731, 0.00000000000000000, -1.05138099999976475]
    [0.00000000000000000, 0.00000000000000000, 0.99999993210959792, -7.19303500000000184]
  #435 data/objects/planets/geology/acidic_flowstone_01/acidic_flowstone_01_stm_b.cgf
    [-0.96418246385534401, 1.14906612246435946, 0.00000000000000000, -13.18809099999998580]
    [-1.14906612246435946, -0.96418246385534401, 0.00000000000000000, 14.68877800000018397]
    [0.00000000000000000, 0.00000000000000000, 1.50000025913379109, -7.43649100000000374]
  #436 objects/buildingsets/human/lowtech/prop/storage/pallet/pallet_shipping_1_025x0125x0025_a.cgf
    [0.70710739454380356, 0.70710630719099521, 0.00000000000000000, -14.13630800000009913]
    [-0.70710630719099521, 0.70710739454380356, -0.00000000000000000, -1.28563099999973929]
    [-0.00000000000000000, 0.00000000000000000, 1.00000009854390126, -7.27231300000000402]
  #437 objects/planets/geology/acidic_flowstone_01/acidic_flowstone_01_stm_b.cgf
    [-1.28575374666764763, 0.77255344355895128, 0.00000000000000000, -30.65288499999951455]
    [-0.77255344355895128, -1.28575374666764763, 0.00000000000000000, -18.85255000000006476]
    [0.00000000000000000, 0.00000000000000000, 1.50000050674147700, -7.38917800000000824]
  #438 objects/planets/geology/acidic_flowstone_01/acidic_flowstone_01_stm_a.cgf
    [0.71934212544421372, -0.69465621279484246, 0.00000000000000000, -51.03568600000016886]
    [0.69465621279484246, 0.71934212544421372, 0.00000000000000000, -5.36625999999978376]
    [0.00000000000000000, 0.00000000000000000, 1.00000017370652095, -7.26334100000000404]
  #439 objects/planets/geology/acidic_flowstone_01/acidic_flowstone_01_stm_b.cgf
    [0.31186895201448367, -1.46722075312023459, 0.00000000000000000, 10.91870300000027783]
    [1.46722075312023459, 0.31186895201448367, 0.00000000000000000, 49.52246300000024348]
    [0.00000000000000000, 0.00000000000000000, 1.49999966053906841, -7.55478500000000253]
  #440 data/objects/planets/geology/acidic_flowstone_01/acidic_flowstone_01_stt_c.cgf
    [-0.06980029938659400, -1.99878131112010649, 0.00000000000000000, 2.58685100000002421]
    [1.99878131112010649, -0.06980029938659400, 0.00000000000000000, -15.77148899999974674]
    [0.00000000000000000, 0.00000000000000000, 1.99999970286934547, 9.73473399999998890]
  #441 objects/planets/geology/acidic_flowstone_01/acidic_flowstone_01_stm_a.cgf
    [0.70420434372801122, -1.32442326972921309, 0.00000000000000000, -15.83692199999950390]
    [1.32442326972921309, 0.70420434372801122, 0.00000000000000000, 11.78418899999996938]
    [0.00000000000000000, 0.00000000000000000, 1.50000025170851869, -7.43649100000000374]
  #442 objects/planets/geology/acidic_flowstone_01/acidic_flowstone_01_stt_h.cgf
    [-0.36289330733411340, 1.45544157086231207, 0.00000000000000000, -28.17962399999942136]
    [-1.45544157086231207, -0.36289330733411340, -0.00000000000000000, -15.96183599999994840]
    [-0.00000000000000000, 0.00000000000000000, 1.50000057290057276, -0.46795800000001009]
  #443 objects/planets/geology/acidic_flowstone_01/acidic_flowstone_01_plr_b.cgf
    [-0.06975438048335603, -0.99756409822742198, 0.00000000000000000, -42.16896199999973760]
    [0.99756409822742198, -0.06975438048335603, 0.00000000000000000, -10.73655499999995300]
    [0.00000000000000000, 0.00000000000000000, 0.99999990183444831, -2.66647600000000295]
  #444 objects/planets/geology/acidic_flowstone_01/acidic_flowstone_01_stm_d.cgf
    [1.50000000000000000, 0.00000000000000000, 0.00000000000000000, -0.07187100000010105]
    [0.00000000000000000, 1.50000000000000000, 0.00000000000000000, -9.54677999999967142]
    [0.00000000000000000, 0.00000000000000000, 1.50000000000000000, -4.78641700000000725]
  #445 objects/planets/geology/acidic_flowstone_01/acidic_flowstone_01_pil_d.cgf
    [-0.58778351312155863, 0.80901760860384142, 0.00000000000000000, -17.16898599999967701]
    [-0.80901760860384142, -0.58778351312155863, 0.00000000000000000, 2.77664400000003297]
    [0.00000000000000000, 0.00000000000000000, 0.99999947466416206, -7.67745200000000239]
  #446 objects/planets/geology/acidic_flowstone_01/acidic_flowstone_01_stt_a.cgf
    [0.99984771384856175, 0.01745133604841608, 0.00000000000000000, 3.62609800000063842]
    [-0.01745133604841608, 0.99984771384856175, -0.00000000000000000, -11.11615899999969770]
    [-0.00000000000000000, 0.00000000000000000, 1.00000000000903499, 1.66022399999999948]
  #447 objects/planets/geology/acidic_flowstone_01/acidic_flowstone_01_stt_b.cgf
    [1.42658707229064863, -0.46351850945698309, 0.00000000000000000, -18.68957799999952840]
    [0.46351850945698309, 1.42658707229064863, 0.00000000000000000, -20.36837699999978213]
    [0.00000000000000000, 0.00000000000000000, 1.50000002781200892, 8.61965800000000115]
  #448 objects/planets/geology/acidic_flowstone_01/acidic_flowstone_01_stt_f.cgf
    [0.65605444725573225, 0.75471354161809545, 0.00000000000000000, -32.35868899999968562]
    [-0.75471354161809545, 0.65605444725573225, -0.00000000000000000, -13.02048899999999776]
    [-0.00000000000000000, 0.00000000000000000, 0.99999998383287636, -3.60742900000000333]
  #449 data/objects/buildingsets/human/colonialism/ruin/structure/col_a_structural_addon_wall_2m_a.cgf
    [-0.97354802095582105, -0.05390755092069068, 0.22203060506122943, -3.75029999999969732]
    [-0.22294348017058924, 0.01148014353389623, -0.97476344499113488, -11.05992399999968256]
    [0.04999818276246229, -0.99847961671497953, -0.02319481541804405, -3.52339300000000577]
  #450 objects/planets/geology/acidic_flowstone_01/acidic_flowstone_01_pil_a.cgf
    [-0.95630501027585324, -0.29237282011057542, 0.00000000000000000, -40.58887499999946158]
    [0.29237282011057542, -0.95630501027585324, 0.00000000000000000, -4.49246099999982107]
    [0.00000000000000000, 0.00000000000000000, 1.00000056930889314, -7.44039200000000278]
  #451 objects/planets/geology/acidic_flowstone_01/acidic_flowstone_01_stm_d.cgf
    [1.04199028428290008, -1.07900679361818486, 0.00000000000000000, -44.38151800000014191]
    [1.07900679361818486, 1.04199028428290008, 0.00000000000000000, -9.10535899999968024]
    [0.00000000000000000, 0.00000000000000000, 1.49999980440470559, -7.05672700000000219]
  #452 objects/planets/geology/acidic_flowstone_01/acidic_flowstone_01_stm_b.cgf
    [-1.14715471368429167, -1.63830673279275807, 0.00000000000000000, 0.08205499999985477]
    [1.63830673279275807, -1.14715471368429167, 0.00000000000000000, -26.50151099999993676]
    [0.00000000000000000, 0.00000000000000000, 2.00000322195794755, -8.34293500000000421]
  #453 data/objects/buildingsets/human/lowtech/prop/storage/drum/drum_dry_1_a.cgf
    [0.95985921869037394, 0.28048223932471689, 0.00000000000000000, -5.33184900000014750]
    [-0.28048223932471689, 0.95985921869037394, -0.00000000000000000, 9.54267000000027110]
    [-0.00000000000000000, 0.00000000000000000, 1.00000000314075144, -7.22847500000000309]
  #454 objects/buildingsets/human/lowtech/prop/tech/laptop/laptop_rugged_1_pirate_a.cgf
    [-0.03250750252379348, 0.99947176128805815, 0.00000000000000000, -14.28066200000012032]
    [-0.99947176128805815, -0.03250750252379348, -0.00000000000000000, 9.15659000000005108]
    [-0.00000000000000000, 0.00000000000000000, 1.00000026966625755, -6.14386300000000318]
  #455 objects/buildingsets/human/lowtech/prop/storage/cargo/cargo_multipurpose_1_025x0125x0125_a.cgf
    [-0.82124778909121410, -0.57056936944281034, 0.00000000000000000, -6.48850099999981467]
    [0.57056936944281034, -0.82124778909121410, 0.00000000000000000, 8.51024400000005699]
    [0.00000000000000000, 0.00000000000000000, 0.99999866821589989, -7.18057900000000160]
  #456 objects/planets/geology/acidic_flowstone_01/acidic_flowstone_01_plr_d.cgf
    [-2.31795509414510637, 0.93651034429467983, 0.00000000000000000, -23.50009700000009616]
    [-0.93651034429467983, -2.31795509414510637, 0.00000000000000000, -23.62350999999989654]
    [0.00000000000000000, 0.00000000000000000, 2.49999348868035876, -0.34610400000001107]
  #457 data/objects/buildingsets/human/colonialism/col_a/ext/addons/col_a_greenhouse_cover_b.cgf
    [0.80105203890131427, -0.59859451358134308, 0.00000000000000000, -9.01186799999959476]
    [0.59859451358134308, 0.80105203890131427, 0.00000000000000000, -14.94967299999962052]
    [0.00000000000000000, 0.00000000000000000, 0.99999988035881149, -7.25152200000000846]
  #458 objects/planets/geology/acidic_flowstone_01/acidic_flowstone_01_pil_d.cgf
    [-0.58778351312155863, 0.80901760860384142, 0.00000000000000000, 1.64348200000040379]
    [-0.80901760860384142, -0.58778351312155863, 0.00000000000000000, 15.09508300000015879]
    [0.00000000000000000, 0.00000000000000000, 0.99999947466416206, -7.50713800000000475]
  #459 objects/planets/geology/acidic_flowstone_01/acidic_flowstone_01_stm_c.cgf
    [-0.89879232150336574, 0.43836834218528614, 0.00000000000000000, 14.30766200000016397]
    [-0.43836834218528614, -0.89879232150336574, 0.00000000000000000, 17.40610500000002503]
    [0.00000000000000000, 0.00000000000000000, 0.99999722030797922, -7.34994000000000369]
  #460 objects/planets/geology/acidic_flowstone_01/acidic_flowstone_01_pil_a.cgf
    [0.94398090597508533, -1.16571842352384802, 0.00000000000000000, 1.93403800000032788]
    [1.16571842352384802, 0.94398090597508533, 0.00000000000000000, 15.09543000000030588]
    [0.00000000000000000, 0.00000000000000000, 1.49999979792947591, -7.16788900000000240]
  #461 objects/spaceships/derelicts/dead_bodies/skull_1_a.cgf
    [0.23911409096182260, -0.42724748458516082, 0.87194237605117730, -9.56556099999943399]
    [0.96770599079058817, 0.17866340441992321, -0.17783130220438675, -29.64406999999982872]
    [-0.07980623801512107, 0.88630606653195976, 0.45617100909323260, -7.65331900000000331]
  #462 objects/planets/geology/acidic_flowstone_01/acidic_flowstone_01_plr_d.cgf
    [-0.25882100444653178, 0.96592573548938299, 0.00000000000000000, -33.05538299999989249]
    [-0.96592573548938299, -0.25882100444653178, -0.00000000000000000, -18.45109099999990576]
    [-0.00000000000000000, 0.00000000000000000, 1.00000041941162077, -6.24725700000000472]
  #463 objects/planets/geology/acidic_flowstone_01/acidic_flowstone_01_pil_d.cgf
    [-0.97437018607633741, -0.22495453589370984, 0.00000000000000000, 0.30738900000051217]
    [0.22495453589370984, -0.97437018607633741, 0.00000000000000000, -18.55488900000000285]
    [0.00000000000000000, 0.00000000000000000, 1.00000090136638975, -7.89039500000000515]
  #464 data/objects/buildingsets/human/colonialism/ruin/structure/col_a_structural_addon_wall_2m_a.cgf
    [0.10181168540147134, 0.00000096031287917, 0.99480454964593634, -15.27968599999985599]
    [-0.99480454964601883, 0.00000097343624319, 0.10181168540053998, -11.99074299999983850]
    [-0.00000087060698569, -1.00000085563943131, 0.00000105442990377, -7.23072600000000421]
  #465 objects/planets/geology/acidic_flowstone_01/acidic_flowstone_01_stm_d.cgf
    [-0.82903826352404586, 0.55919337105809963, 0.00000000000000000, 4.30873400000018592]
    [-0.55919337105809963, -0.82903826352404586, 0.00000000000000000, -17.13015599999971528]
    [0.00000000000000000, 0.00000000000000000, 1.00000083431079512, -6.09005600000000413]
  #466 objects/buildingsets/human/lowtech/alpha/int/roomsm/partition/roomsm_partition_tarp_draped_a.cgf
    [0.62350498631005369, -0.78181934003097731, 0.00000000000000000, -20.89312799999970593]
    [0.78181934003097731, 0.62350498631005369, 0.00000000000000000, -9.08629500000006374]
    [0.00000000000000000, 0.00000000000000000, 0.99999997419998632, -3.45027900000000187]
  #467 objects/planets/geology/acidic_flowstone_01/acidic_flowstone_01_stt_a.cgf
    [-0.99254565027198127, 0.12186814347983942, 0.00000000000000000, -2.05030399999941437]
    [-0.12186814347983942, -0.99254565027198127, 0.00000000000000000, -9.26460499999984677]
    [0.00000000000000000, 0.00000000000000000, 0.99999935613431945, 16.99046099999999626]
  #468 objects/buildingsets/human/lowtech/prop/storage/cargo/cargo_multipurpose_1_025x0125x0125_a.cgf
    [-0.82124778909121410, -0.57056936944281034, 0.00000000000000000, -6.48850099999981467]
    [0.57056936944281034, -0.82124778909121410, 0.00000000000000000, 8.51024400000005699]
    [0.00000000000000000, 0.00000000000000000, 0.99999866821589989, -5.93058900000000477]
  #469 objects/planets/geology/acidic_flowstone_01/acidic_flowstone_01_stm_d.cgf
    [0.79487791441880540, 1.27207228030682140, 0.00000000000000000, 11.87607300000036048]
    [-1.27207228030682140, 0.79487791441880540, -0.00000000000000000, 38.96045200000025943]
    [-0.00000000000000000, 0.00000000000000000, 1.49999959505187386, -6.33475000000000676]
  #470 objects/buildingsets/human/hightech/prop/storage/crate/crate_dry_1_0125x0125x0125_b.cgf
    [-0.99652924197483783, -0.08324766101394307, 0.00000000000000000, -5.61625699999967765]
    [0.08324766101394307, -0.99652924197483783, 0.00000000000000000, 10.52858200000036959]
    [0.00000000000000000, 0.00000000000000000, 1.00000035158755685, -7.18058900000000477]
  #471 objects/buildingsets/human/lowtech/alpha/ext/prop/shipping_container_1_025x05x025_open_a.cgf
    [-0.88472557944640784, 0.46610496900396914, 0.00000000000000000, -21.70328299999982846]
    [-0.46610496900396914, -0.88472557944640784, 0.00000000000000000, -17.51281900000003589]
    [0.00000000000000000, 0.00000000000000000, 0.99999659652269457, -7.18597100000000211]
  #472 objects/planets/geology/acidic_flowstone_01/acidic_flowstone_01_stt_g.cgf
    [0.33742512256493862, -1.46155558701790089, 0.00000000000000000, 8.66771500000049855]
    [1.46155558701790089, 0.33742512256493862, 0.00000000000000000, 22.91921000000002095]
    [0.00000000000000000, 0.00000000000000000, 1.50000014909372736, 2.29571899999999118]
  #473 objects/planets/geology/acidic_flowstone_01/acidic_flowstone_01_plr_c.cgf
    [2.85317225589676804, -0.92704293071045640, 0.00000000000000000, 1.84668300000066665]
    [0.92704293071045640, 2.85317225589676804, 0.00000000000000000, -13.01881199999979799]
    [0.00000000000000000, 0.00000000000000000, 3.00000008619987968, 14.80054099999999551]
  #474 data/objects/planets/geology/acidic_flowstone_01/acidic_flowstone_01_plr_a.cgf
    [0.13917579279207040, 0.99026730169617272, 0.00000000000000000, 12.53446100000019214]
    [-0.99026730169617272, 0.13917579279207040, -0.00000000000000000, 48.54466500000035012]
    [-0.00000000000000000, 0.00000000000000000, 0.99999961505388590, -6.26551400000000314]
  #475 objects/planets/geology/acidic_flowstone_01/acidic_flowstone_01_stt_f.cgf
    [-0.02617660502956991, -1.49977190853604370, 0.00000000000000000, -17.43874299999970390]
    [1.49977190853604370, -0.02617660502956991, 0.00000000000000000, 1.28720700000030774]
    [0.00000000000000000, 0.00000000000000000, 1.50000033076153727, -1.03012800000000482]
  #476 data/objects/buildingsets/human/lowtech/prop/storage/drum/drum_dry_1_a.cgf
    [0.32796078767144249, -0.94469137528423364, 0.00000000000000000, -6.19574800000009418]
    [0.94469137528423364, 0.32796078767144249, 0.00000000000000000, 12.53839600000037535]
    [0.00000000000000000, 0.00000000000000000, 1.00000003639324420, -7.19303500000000184]
  #477 objects/planets/geology/acidic_flowstone_01/acidic_flowstone_01_stt_b.cgf
    [-0.99984681939897113, 0.01745131733014064, 0.00000000000000000, 0.80368200000066281]
    [-0.01745131733014064, -0.99984681939897113, 0.00000000000000000, 11.41919300000017756]
    [0.00000000000000000, 0.00000000000000000, 0.99999910536899783, 2.92672699999999963]
  #478 data/objects/buildingsets/human/lowtech/prop/storage/drum/drum_dry_1_a.cgf
    [0.81102525304760731, -0.58501102821935336, 0.00000000000000000, -6.30547899999965011]
    [0.58501102821935336, 0.81102525304760731, 0.00000000000000000, -3.14946099999997386]
    [0.00000000000000000, 0.00000000000000000, 0.99999993210959792, -7.11626800000000515]
  #479 objects/planets/geology/acidic_flowstone_01/acidic_flowstone_01_stt_h.cgf
    [-0.73135508184732068, 0.68199800934943633, 0.00000000000000000, -13.63998699999956443]
    [-0.68199800934943633, -0.73135508184732068, 0.00000000000000000, 6.83577500000001237]
    [0.00000000000000000, 0.00000000000000000, 1.00000077024995093, 0.83011099999998805]
  #480 objects/planets/geology/acidic_flowstone_01/acidic_flowstone_01_stm_a.cgf
    [-0.26047050608340122, 1.47721272414360882, 0.00000000000000000, -4.07296299999961775]
    [-1.47721272414360882, -0.26047050608340122, -0.00000000000000000, -13.46107299999994211]
    [-0.00000000000000000, 0.00000000000000000, 1.50000077230350937, -4.46714600000000672]
  #481 objects/planets/geology/acidic_flowstone_01/acidic_flowstone_01_stt_e.cgf
    [1.21351810509444769, 0.88168790542282216, 0.00000000000000000, -6.76901799999996001]
    [-0.88168790542282216, 1.21351810509444769, -0.00000000000000000, 0.38257999999996173]
    [-0.00000000000000000, 0.00000000000000000, 1.49999991798696519, 13.30373999999999057]
  #482 data/objects/buildingsets/human/lowtech/prop/storage/drum/drum_dry_1_a.cgf
    [-0.39728057187649751, 0.91769670597223552, 0.00000000000000000, -13.96560199999930774]
    [-0.91769670597223552, -0.39728057187649751, -0.00000000000000000, -17.25768100000004779]
    [-0.00000000000000000, 0.00000000000000000, 0.99999954847130235, -7.24883300000000474]
  #483 data/objects/buildingsets/human/hightech/prop/camping/battery/battery_portable_1_005x0075x005_a.cgf
    [0.92943828935123041, -0.36897754809463695, 0.00000000000000000, 14.70231100000000879]
    [0.36897754809463695, 0.92943828935123041, 0.00000000000000000, -17.21597099999962666]
    [0.00000000000000000, 0.00000000000000000, 0.99999998235503562, -7.17494800000000765]
  #484 data/objects/planets/geology/acidic_flowstone_01/acidic_flowstone_01_plr_b.cgf
    [-0.73135508184732068, 0.68199800934943633, 0.00000000000000000, 9.66817700000046898]
    [-0.68199800934943633, -0.73135508184732068, 0.00000000000000000, 17.44138000000020838]
    [0.00000000000000000, 0.00000000000000000, 1.00000077024995093, 1.21881299999999726]
  #485 objects/planets/geology/acidic_flowstone_01/acidic_flowstone_01_stm_a.cgf
    [1.49977157077284229, 0.02617700407262412, 0.00000000000000000, 3.54780300000038551]
    [-0.02617700407262412, 1.49977157077284229, -0.00000000000000000, 13.97766799999999421]
    [-0.00000000000000000, 0.00000000000000000, 1.50000000001355227, -7.36527700000000607]
  #486 objects/planets/geology/acidic_flowstone_01/acidic_flowstone_01_stm_d.cgf
    [-0.88168026081136774, -1.21352457790954738, 0.00000000000000000, 0.74458000000049651]
    [1.21352457790954738, -0.88168026081136774, 0.00000000000000000, -18.42421599999988757]
    [0.00000000000000000, 0.00000000000000000, 1.50000066116483599, -5.82884700000000322]
  #487 objects/planets/geology/acidic_flowstone_01/acidic_flowstone_01_plr_d.cgf
    [1.91510829942452343, 1.60697203732759064, 0.00000000000000000, -25.75567999999930180]
    [-1.60697203732759064, 1.91510829942452343, -0.00000000000000000, -21.92380899999989197]
    [-0.00000000000000000, 0.00000000000000000, 2.49999978545548629, -4.35334400000000699]
  #488 data/objects/buildingsets/human/lowtech/prop/storage/drum/drum_dry_1_a.cgf
    [0.95985921869037394, 0.28048223932471689, 0.00000000000000000, -20.96072899999944639]
    [-0.28048223932471689, 0.95985921869037394, -0.00000000000000000, -15.51629199999979392]
    [-0.00000000000000000, 0.00000000000000000, 1.00000000314075144, -7.30211700000000263]
  #489 data/objects/buildingsets/human/colonialism/ruin/structure/col_a_structural_addon_floor_2m_c_corner.cgf
    [-0.94163356360085770, 0.00000094256504556, -0.33664213511259466, -3.68404599999939819]
    [-0.33640612376938367, -0.03744139303240694, 0.94097330313455563, -9.40742599999975937]
    [-0.01260345288058045, 0.99929967343165382, 0.03525635954806729, -4.76741600000000432]
  #490 data/objects/planets/geology/acidic_flowstone_01/acidic_flowstone_01_pil_a.cgf
    [-0.13917438964104123, -0.99026839284463553, 0.00000000000000000, -0.39665999999942869]
    [0.99026839284463553, -0.13917438964104123, 0.00000000000000000, 15.35646799999994982]
    [0.00000000000000000, 0.00000000000000000, 1.00000050029940168, -7.34593600000000180]
  #491 data/objects/planets/geology/acidic_flowstone_01/acidic_flowstone_01_plr_a.cgf
    [-0.85716444776001821, 0.51503638940820218, 0.00000000000000000, 1.72923799999989569]
    [-0.51503638940820218, -0.85716444776001821, 0.00000000000000000, 15.03582000000005792]
    [0.00000000000000000, 0.00000000000000000, 0.99999668645369710, -4.81842300000000279]
  #492 objects/planets/geology/acidic_flowstone_01/acidic_flowstone_01_stt_b.cgf
    [0.42261307406956439, 0.90631026105599399, 0.00000000000000000, -26.97818399999960093]
    [-0.90631026105599399, 0.42261307406956439, -0.00000000000000000, -15.86052900000004229]
    [-0.00000000000000000, 0.00000000000000000, 1.00000004983495416, 1.10597399999998913]
  #493 objects/planets/geology/acidic_flowstone_01/acidic_flowstone_01_stt_b.cgf
    [-1.00369312349899587, -1.11471728831405814, 0.00000000000000000, -0.47683299999971496]
    [1.11471728831405814, -1.00369312349899587, 0.00000000000000000, -10.48391700000001947]
    [0.00000000000000000, 0.00000000000000000, 1.49999817300736016, 10.37007199999999330]
  #494 objects/planets/geology/acidic_flowstone_01/acidic_flowstone_01_pil_d.cgf
    [-0.57357592069795593, 0.81914957066399863, 0.00000000000000000, 11.50293400000009569]
    [-0.81914957066399863, -0.57357592069795593, 0.00000000000000000, 38.16081400000030044]
    [0.00000000000000000, 0.00000000000000000, 0.99999767795906469, -7.58207500000000323]
  #495 objects/planets/cave/acidic01/uni/uni_m_001/uni_m_001_water_02.cgf
    [1.00000000000000000, 0.00000000000000000, 0.00000000000000000, -5.42004300000007788]
    [0.00000000000000000, 1.00000000000000000, 0.00000000000000000, -25.76687099999981001]
    [0.00000000000000000, 0.00000000000000000, 1.00000000000000000, -0.58801200000000620]
  #496 objects/planets/cave/acidic01/uni/uni_m_001/uni_m_001_water_03.cgf
    [1.00000000000000000, 0.00000000000000000, 0.00000000000000000, -13.54266099999949802]
    [0.00000000000000000, 1.00000000000000000, 0.00000000000000000, -25.51406899999983580]
    [0.00000000000000000, 0.00000000000000000, 1.00000000000000000, -2.96634699999999896]
  #497 objects/planets/cave/acidic01/uni/uni_m_001/uni_m_001_water_05.cgf
    [1.00000000000000000, 0.00000000000000000, 0.00000000000000000, 1.44633000000067113]
    [0.00000000000000000, 1.00000000000000000, 0.00000000000000000, -7.99512999999979002]
    [0.00000000000000000, 0.00000000000000000, 1.00000000000000000, -0.44501400000000046]
  #498 objects/planets/geology/acidic_flowstone_01/acidic_flowstone_01_stt_e.cgf
    [0.38823752542026829, -1.44888606307312817, 0.00000000000000000, -16.58630600000014965]
    [1.44888606307312817, 0.38823752542026829, 0.00000000000000000, -6.88712399999985792]
    [0.00000000000000000, 0.00000000000000000, 1.49999973330397673, 7.89150999999999669]
  #499 objects/planets/cave/acidic01/uni/uni_m_001/uni_m_001_water_04.cgf
    [1.00000000000000000, 0.00000000000000000, 0.00000000000000000, 6.12330100000053790]
    [0.00000000000000000, 1.00000000000000000, 0.00000000000000000, -14.10906199999999444]
    [0.00000000000000000, 0.00000000000000000, 1.00000000000000000, 3.67568399999998974]
  #500 objects/planets/geology/acidic_flowstone_01/acidic_flowstone_01_stm_d.cgf
    [1.79758820099769379, 0.87674202644977905, 0.00000000000000000, -13.55776199999945675]
    [-0.87674202644977905, 1.79758820099769379, -0.00000000000000000, -27.18697699999984252]
    [-0.00000000000000000, 0.00000000000000000, 1.99999998032734760, -7.34720500000000243]
  #501 objects/buildingsets/human/hightech/prop/storage/canister/canister_portable_hosepipe_1_a.cgf
    [1.00000000000000000, 0.00000000000000000, 0.00000000000000000, -11.30542900000000373]
    [0.00000000000000000, 1.00000000000000000, 0.00000000000000000, -3.52347499999996217]
    [0.00000000000000000, 0.00000000000000000, 1.00000000000000000, -7.14991400000000255]
  #502 objects/planets/geology/acidic_flowstone_01/acidic_flowstone_01_plr_c.cgf
    [-0.97437018607633741, -0.22495453589370984, 0.00000000000000000, -34.52781400000003487]
    [0.22495453589370984, -0.97437018607633741, 0.00000000000000000, -5.33960699999988719]
    [0.00000000000000000, 0.00000000000000000, 1.00000090136638975, -5.48052900000000420]
  #503 objects/planets/geology/acidic_flowstone_01/acidic_flowstone_01_stt_f.cgf
    [0.06978427052284705, 1.99878169766574554, 0.00000000000000000, 19.60509700000056910]
    [-1.99878169766574554, 0.06978427052284705, -0.00000000000000000, -8.39875399999982619]
    [-0.00000000000000000, 0.00000000000000000, 1.99999952983393636, 5.38549799999999834]
  #504 objects/planets/geology/acidic_flowstone_01/acidic_flowstone_01_pil_c.cgf
    [0.83866976976237595, -0.54464043395750261, 0.00000000000000000, 42.89614500000061525]
    [0.54464043395750261, 0.83866976976237595, 0.00000000000000000, -13.23032399999965492]
    [0.00000000000000000, 0.00000000000000000, 1.00000009250734245, -7.36710900000000635]
  #505 objects/planets/geology/acidic_flowstone_01/acidic_flowstone_01_plr_d.cgf
    [-1.48629285935769584, 1.33825753487092558, 0.00000000000000000, 19.99012899999979709]
    [-1.33825753487092558, -1.48629285935769584, 0.00000000000000000, -16.92291399999976420]
    [0.00000000000000000, 0.00000000000000000, 1.99999992335411925, -5.35182000000000357]
  #506 objects/planets/geology/acidic_flowstone_01/acidic_flowstone_01_pil_b.cgf
    [0.99756397987575185, -0.06975749004083540, 0.00000000000000000, 26.70711699999992561]
    [0.06975749004083540, 0.99756397987575185, 0.00000000000000000, -8.38031999999975596]
    [0.00000000000000000, 0.00000000000000000, 1.00000000068117334, -7.44668400000000474]
  #507 objects/planets/geology/acidic_flowstone_01/acidic_flowstone_01_stt_f.cgf
    [0.72720631359566690, 1.31193445511305162, 0.00000000000000000, 22.87928900000042631]
    [-1.31193445511305162, 0.72720631359566690, -0.00000000000000000, -6.14767200000005687]
    [-0.00000000000000000, 0.00000000000000000, 1.50000034568201968, -0.41971300000000156]
  #508 objects/planets/geology/acidic_flowstone_01/acidic_flowstone_01_stm_c.cgf
    [-0.89879272118738329, -0.43837242827616241, 0.00000000000000000, 58.53637800000069547]
    [0.43837242827616241, -0.89879272118738329, 0.00000000000000000, -8.37727700000004916]
    [0.00000000000000000, 0.00000000000000000, 0.99999937076588186, -7.36219600000000440]
  #509 objects/planets/geology/acidic_flowstone_01/acidic_flowstone_01_pil_a.cgf
    [-0.99939169464701283, -0.03489668070320272, 0.00000000000000000, 27.91115500000069005]
    [0.03489668070320272, -0.99939169464701283, 0.00000000000000000, -10.21975999999995111]
    [0.00000000000000000, 0.00000000000000000, 1.00000076882646893, -7.37060300000000268]
  #510 objects/planets/geology/acidic_flowstone_01/acidic_flowstone_01_pil_b.cgf
    [-0.94552145900775364, 0.32556953724142756, 0.00000000000000000, 48.11788299999989249]
    [-0.32556953724142756, -0.94552145900775364, 0.00000000000000000, -16.62707499999987704]
    [0.00000000000000000, 0.00000000000000000, 1.00000317650682935, -7.25073600000000340]
  #511 data/objects/planets/geology/acidic_flowstone_01/acidic_flowstone_01_stm_c.cgf
    [-0.65113954409005426, 1.89103544657568290, 0.00000000000000000, 21.02214199999980337]
    [-1.89103544657568290, -0.65113954409005426, -0.00000000000000000, -14.43131499999981315]
    [-0.00000000000000000, 0.00000000000000000, 1.99999944152079623, -7.77567300000000472]
  #512 objects/planets/geology/acidic_flowstone_01/acidic_flowstone_01_stm_c.cgf
    [-0.17490343131460709, -0.98458535934907776, 0.00000000000000000, 37.70407000000068365]
    [0.98458535934907776, -0.17490343131460709, 0.00000000000000000, -14.17324899999994159]
    [0.00000000000000000, 0.00000000000000000, 0.99999977006506169, -7.33327300000000548]
  #513 objects/planets/geology/acidic_flowstone_01/acidic_flowstone_01_stt_e.cgf
    [1.33651170982978496, -0.68098187260642162, 0.00000000000000000, 47.55058400000052643]
    [0.68098187260642162, 1.33651170982978496, 0.00000000000000000, -11.06019699999978911]
    [0.00000000000000000, 0.00000000000000000, 1.49999995377689377, 2.39871399999999824]
  #514 objects/planets/geology/acidic_flowstone_01/acidic_flowstone_01_plr_b.cgf
    [-0.19704660851714920, -0.98039233517352553, 0.00000000000000000, 20.89353600000049482]
    [0.98039233517352553, -0.19704660851714920, 0.00000000000000000, 29.07692399999996269]
    [0.00000000000000000, 0.00000000000000000, 0.99999824839602047, -2.48660399999999981]
  #515 objects/planets/geology/acidic_flowstone_01/acidic_flowstone_01_pil_b.cgf
    [0.60181475303713294, -0.79863554908505185, 0.00000000000000000, 45.04326800000035291]
    [0.79863554908505185, 0.60181475303713294, 0.00000000000000000, -17.92735899999979665]
    [0.00000000000000000, 0.00000000000000000, 0.99999986861775525, -7.45122100000000387]
  #516 objects/planets/geology/acidic_flowstone_01/acidic_flowstone_01_pil_c.cgf
    [0.83866976976237595, -0.54464043395750261, 0.00000000000000000, 54.30713999999989028]
    [0.54464043395750261, 0.83866976976237595, 0.00000000000000000, -8.05048999999962689]
    [0.00000000000000000, 0.00000000000000000, 1.00000009250734245, -7.31931600000000770]
  #517 objects/planets/geology/acidic_flowstone_01/acidic_flowstone_01_stt_f.cgf
    [0.19078886108664692, 0.98162888638223267, 0.00000000000000000, 21.76607000000058179]
    [-0.98162888638223267, 0.19078886108664692, -0.00000000000000000, 29.04174899999998161]
    [-0.00000000000000000, 0.00000000000000000, 0.99999783004502674, -0.52615600000000029]
  #518 objects/planets/cave/acidic01/uni/uni_m_001/uni_m_001_water_07.cgf
    [1.00000000000000000, 0.00000000000000000, 0.00000000000000000, 34.66679199999998673]
    [0.00000000000000000, 1.00000000000000000, 0.00000000000000000, -18.46233399999982794]
    [0.00000000000000000, 0.00000000000000000, 1.00000000000000000, -4.01286400000000754]
